seed,regime,quantum,entries,history_bits,mode,measured_branches,mispredictions,error_percent,worst_thread_error_percent,per_thread_errors,per_thread_counts,counter_bits,history_storage_bits
0,opposing-bias,1,32,0,shared-global,8192,4046,49.3896484375,51.26953125,993;1050;984;1019,2048;2048;2048;2048,64,0
0,opposing-bias,1,32,0,shared-local,8192,4046,49.3896484375,51.26953125,993;1050;984;1019,2048;2048;2048;2048,64,0
0,opposing-bias,1,32,0,partitioned-local,8192,448,5.46875,6.4453125,111;96;109;132,2048;2048;2048;2048,64,0
0,opposing-bias,1,32,4,shared-global,8192,502,6.1279296875,7.03125,119;113;126;144,2048;2048;2048;2048,64,4
0,opposing-bias,1,32,4,shared-local,8192,507,6.18896484375,7.51953125,121;104;128;154,2048;2048;2048;2048,64,16
0,opposing-bias,1,32,4,partitioned-local,8192,448,5.46875,6.396484375,114;92;111;131,2048;2048;2048;2048,64,16
0,opposing-bias,1,32,8,shared-global,8192,454,5.5419921875,6.4453125,107;100;115;132,2048;2048;2048;2048,64,8
0,opposing-bias,1,32,8,shared-local,8192,453,5.52978515625,6.54296875,113;96;110;134,2048;2048;2048;2048,64,32
0,opposing-bias,1,32,8,partitioned-local,8192,448,5.46875,6.396484375,114;92;111;131,2048;2048;2048;2048,64,32
0,opposing-bias,1,128,0,shared-global,8192,4046,49.3896484375,51.26953125,993;1050;984;1019,2048;2048;2048;2048,256,0
0,opposing-bias,1,128,0,shared-local,8192,4046,49.3896484375,51.26953125,993;1050;984;1019,2048;2048;2048;2048,256,0
0,opposing-bias,1,128,0,partitioned-local,8192,448,5.46875,6.4453125,111;96;109;132,2048;2048;2048;2048,256,0
0,opposing-bias,1,128,4,shared-global,8192,502,6.1279296875,7.03125,119;113;126;144,2048;2048;2048;2048,256,4
0,opposing-bias,1,128,4,shared-local,8192,507,6.18896484375,7.51953125,121;104;128;154,2048;2048;2048;2048,256,16
0,opposing-bias,1,128,4,partitioned-local,8192,446,5.4443359375,6.396484375,111;96;108;131,2048;2048;2048;2048,256,16
0,opposing-bias,1,128,8,shared-global,8192,461,5.62744140625,6.34765625,113;98;120;130,2048;2048;2048;2048,256,8
0,opposing-bias,1,128,8,shared-local,8192,452,5.517578125,6.4453125,114;94;112;132,2048;2048;2048;2048,256,32
0,opposing-bias,1,128,8,partitioned-local,8192,447,5.45654296875,6.396484375,115;92;109;131,2048;2048;2048;2048,256,32
0,opposing-bias,1,512,0,shared-global,8192,4046,49.3896484375,51.26953125,993;1050;984;1019,2048;2048;2048;2048,1024,0
0,opposing-bias,1,512,0,shared-local,8192,4046,49.3896484375,51.26953125,993;1050;984;1019,2048;2048;2048;2048,1024,0
0,opposing-bias,1,512,0,partitioned-local,8192,448,5.46875,6.4453125,111;96;109;132,2048;2048;2048;2048,1024,0
0,opposing-bias,1,512,4,shared-global,8192,502,6.1279296875,7.03125,119;113;126;144,2048;2048;2048;2048,1024,4
0,opposing-bias,1,512,4,shared-local,8192,507,6.18896484375,7.51953125,121;104;128;154,2048;2048;2048;2048,1024,16
0,opposing-bias,1,512,4,partitioned-local,8192,446,5.4443359375,6.396484375,111;96;108;131,2048;2048;2048;2048,1024,16
0,opposing-bias,1,512,8,shared-global,8192,463,5.65185546875,6.25,119;96;120;128,2048;2048;2048;2048,1024,8
0,opposing-bias,1,512,8,shared-local,8192,463,5.65185546875,6.396484375,122;95;115;131,2048;2048;2048;2048,1024,32
0,opposing-bias,1,512,8,partitioned-local,8192,467,5.70068359375,6.396484375,123;96;117;131,2048;2048;2048;2048,1024,32
0,opposing-bias,16,32,0,shared-global,8192,1398,17.0654296875,18.017578125,334;369;349;346,2048;2048;2048;2048,64,0
0,opposing-bias,16,32,0,shared-local,8192,1398,17.0654296875,18.017578125,334;369;349;346,2048;2048;2048;2048,64,0
0,opposing-bias,16,32,0,partitioned-local,8192,405,4.94384765625,5.908203125,84;121;102;98,2048;2048;2048;2048,64,0
0,opposing-bias,16,32,4,shared-global,8192,1301,15.88134765625,17.3828125,304;356;316;325,2048;2048;2048;2048,64,4
0,opposing-bias,16,32,4,shared-local,8192,451,5.50537109375,6.34765625,95;130;114;112,2048;2048;2048;2048,64,16
0,opposing-bias,16,32,4,partitioned-local,8192,410,5.0048828125,6.005859375,86;123;103;98,2048;2048;2048;2048,64,16
0,opposing-bias,16,32,8,shared-global,8192,1275,15.56396484375,16.9921875,303;348;319;305,2048;2048;2048;2048,64,8
0,opposing-bias,16,32,8,shared-local,8192,408,4.98046875,5.908203125,88;121;101;98,2048;2048;2048;2048,64,32
0,opposing-bias,16,32,8,partitioned-local,8192,410,5.0048828125,6.005859375,86;123;103;98,2048;2048;2048;2048,64,32
0,opposing-bias,16,128,0,shared-global,8192,1398,17.0654296875,18.017578125,334;369;349;346,2048;2048;2048;2048,256,0
0,opposing-bias,16,128,0,shared-local,8192,1398,17.0654296875,18.017578125,334;369;349;346,2048;2048;2048;2048,256,0
0,opposing-bias,16,128,0,partitioned-local,8192,405,4.94384765625,5.908203125,84;121;102;98,2048;2048;2048;2048,256,0
0,opposing-bias,16,128,4,shared-global,8192,1301,15.88134765625,17.3828125,304;356;316;325,2048;2048;2048;2048,256,4
0,opposing-bias,16,128,4,shared-local,8192,451,5.50537109375,6.34765625,95;130;114;112,2048;2048;2048;2048,256,16
0,opposing-bias,16,128,4,partitioned-local,8192,413,5.04150390625,6.15234375,86;126;104;97,2048;2048;2048;2048,256,16
0,opposing-bias,16,128,8,shared-global,8192,1267,15.46630859375,16.259765625,305;333;317;312,2048;2048;2048;2048,256,8
0,opposing-bias,16,128,8,shared-local,8192,419,5.11474609375,5.908203125,89;121;107;102,2048;2048;2048;2048,256,32
0,opposing-bias,16,128,8,partitioned-local,8192,408,4.98046875,5.859375,87;120;105;96,2048;2048;2048;2048,256,32
0,opposing-bias,16,512,0,shared-global,8192,1398,17.0654296875,18.017578125,334;369;349;346,2048;2048;2048;2048,1024,0
0,opposing-bias,16,512,0,shared-local,8192,1398,17.0654296875,18.017578125,334;369;349;346,2048;2048;2048;2048,1024,0
0,opposing-bias,16,512,0,partitioned-local,8192,405,4.94384765625,5.908203125,84;121;102;98,2048;2048;2048;2048,1024,0
0,opposing-bias,16,512,4,shared-global,8192,1301,15.88134765625,17.3828125,304;356;316;325,2048;2048;2048;2048,1024,4
0,opposing-bias,16,512,4,shared-local,8192,451,5.50537109375,6.34765625,95;130;114;112,2048;2048;2048;2048,1024,16
0,opposing-bias,16,512,4,partitioned-local,8192,413,5.04150390625,6.15234375,86;126;104;97,2048;2048;2048;2048,1024,16
0,opposing-bias,16,512,8,shared-global,8192,1232,15.0390625,16.11328125,291;330;307;304,2048;2048;2048;2048,1024,8
0,opposing-bias,16,512,8,shared-local,8192,416,5.078125,5.810546875,92;119;105;100,2048;2048;2048;2048,1024,32
0,opposing-bias,16,512,8,partitioned-local,8192,425,5.18798828125,6.0546875,92;124;108;101,2048;2048;2048;2048,1024,32
0,opposing-bias,256,32,0,shared-global,8192,490,5.9814453125,6.4453125,114;131;132;113,2048;2048;2048;2048,64,0
0,opposing-bias,256,32,0,shared-local,8192,490,5.9814453125,6.4453125,114;131;132;113,2048;2048;2048;2048,64,0
0,opposing-bias,256,32,0,partitioned-local,8192,429,5.23681640625,5.712890625,99;116;117;97,2048;2048;2048;2048,64,0
0,opposing-bias,256,32,4,shared-global,8192,543,6.62841796875,7.12890625,124;146;145;128,2048;2048;2048;2048,64,4
0,opposing-bias,256,32,4,shared-local,8192,474,5.7861328125,6.298828125,106;128;129;111,2048;2048;2048;2048,64,16
0,opposing-bias,256,32,4,partitioned-local,8192,433,5.28564453125,5.908203125,97;120;121;95,2048;2048;2048;2048,64,16
0,opposing-bias,256,32,8,shared-global,8192,523,6.38427734375,6.73828125,124;138;138;123,2048;2048;2048;2048,64,8
0,opposing-bias,256,32,8,shared-local,8192,439,5.35888671875,5.908203125,101;117;121;100,2048;2048;2048;2048,64,32
0,opposing-bias,256,32,8,partitioned-local,8192,433,5.28564453125,5.908203125,97;120;121;95,2048;2048;2048;2048,64,32
0,opposing-bias,256,128,0,shared-global,8192,490,5.9814453125,6.4453125,114;131;132;113,2048;2048;2048;2048,256,0
0,opposing-bias,256,128,0,shared-local,8192,490,5.9814453125,6.4453125,114;131;132;113,2048;2048;2048;2048,256,0
0,opposing-bias,256,128,0,partitioned-local,8192,429,5.23681640625,5.712890625,99;116;117;97,2048;2048;2048;2048,256,0
0,opposing-bias,256,128,4,shared-global,8192,543,6.62841796875,7.12890625,124;146;145;128,2048;2048;2048;2048,256,4
0,opposing-bias,256,128,4,shared-local,8192,474,5.7861328125,6.298828125,106;128;129;111,2048;2048;2048;2048,256,16
0,opposing-bias,256,128,4,partitioned-local,8192,434,5.2978515625,6.15234375,97;115;126;96,2048;2048;2048;2048,256,16
0,opposing-bias,256,128,8,shared-global,8192,540,6.591796875,7.12890625,131;146;142;121,2048;2048;2048;2048,256,8
0,opposing-bias,256,128,8,shared-local,8192,451,5.50537109375,6.103515625,105;123;125;98,2048;2048;2048;2048,256,32
0,opposing-bias,256,128,8,partitioned-local,8192,437,5.33447265625,6.0546875,101;115;124;97,2048;2048;2048;2048,256,32
0,opposing-bias,256,512,0,shared-global,8192,490,5.9814453125,6.4453125,114;131;132;113,2048;2048;2048;2048,1024,0
0,opposing-bias,256,512,0,shared-local,8192,490,5.9814453125,6.4453125,114;131;132;113,2048;2048;2048;2048,1024,0
0,opposing-bias,256,512,0,partitioned-local,8192,429,5.23681640625,5.712890625,99;116;117;97,2048;2048;2048;2048,1024,0
0,opposing-bias,256,512,4,shared-global,8192,543,6.62841796875,7.12890625,124;146;145;128,2048;2048;2048;2048,1024,4
0,opposing-bias,256,512,4,shared-local,8192,474,5.7861328125,6.298828125,106;128;129;111,2048;2048;2048;2048,1024,16
0,opposing-bias,256,512,4,partitioned-local,8192,434,5.2978515625,6.15234375,97;115;126;96,2048;2048;2048;2048,1024,16
0,opposing-bias,256,512,8,shared-global,8192,544,6.640625,7.12890625,139;139;146;120,2048;2048;2048;2048,1024,8
0,opposing-bias,256,512,8,shared-local,8192,451,5.50537109375,6.201171875,111;115;127;98,2048;2048;2048;2048,1024,32
0,opposing-bias,256,512,8,partitioned-local,8192,459,5.60302734375,6.298828125,113;119;129;98,2048;2048;2048;2048,1024,32
0,shared-bias,1,32,0,shared-global,8192,415,5.06591796875,5.322265625,109;101;107;98,2048;2048;2048;2048,64,0
0,shared-bias,1,32,0,shared-local,8192,415,5.06591796875,5.322265625,109;101;107;98,2048;2048;2048;2048,64,0
0,shared-bias,1,32,0,partitioned-local,8192,419,5.11474609375,5.419921875,111;102;109;97,2048;2048;2048;2048,64,0
0,shared-bias,1,32,4,shared-global,8192,417,5.09033203125,5.419921875,111;102;111;93,2048;2048;2048;2048,64,4
0,shared-bias,1,32,4,shared-local,8192,420,5.126953125,5.37109375,110;102;107;101,2048;2048;2048;2048,64,16
0,shared-bias,1,32,4,partitioned-local,8192,420,5.126953125,5.56640625,114;102;111;93,2048;2048;2048;2048,64,16
0,shared-bias,1,32,8,shared-global,8192,419,5.11474609375,5.37109375,109;107;110;93,2048;2048;2048;2048,64,8
0,shared-bias,1,32,8,shared-local,8192,422,5.1513671875,5.46875,112;101;106;103,2048;2048;2048;2048,64,32
0,shared-bias,1,32,8,partitioned-local,8192,420,5.126953125,5.56640625,114;102;111;93,2048;2048;2048;2048,64,32
0,shared-bias,1,128,0,shared-global,8192,415,5.06591796875,5.322265625,109;101;107;98,2048;2048;2048;2048,256,0
0,shared-bias,1,128,0,shared-local,8192,415,5.06591796875,5.322265625,109;101;107;98,2048;2048;2048;2048,256,0
0,shared-bias,1,128,0,partitioned-local,8192,419,5.11474609375,5.419921875,111;102;109;97,2048;2048;2048;2048,256,0
0,shared-bias,1,128,4,shared-global,8192,417,5.09033203125,5.419921875,111;102;111;93,2048;2048;2048;2048,256,4
0,shared-bias,1,128,4,shared-local,8192,420,5.126953125,5.37109375,110;102;107;101,2048;2048;2048;2048,256,16
0,shared-bias,1,128,4,partitioned-local,8192,419,5.11474609375,5.419921875,111;104;108;96,2048;2048;2048;2048,256,16
0,shared-bias,1,128,8,shared-global,8192,438,5.3466796875,5.76171875,118;108;111;101,2048;2048;2048;2048,256,8
0,shared-bias,1,128,8,shared-local,8192,435,5.31005859375,5.810546875,119;101;109;106,2048;2048;2048;2048,256,32
0,shared-bias,1,128,8,partitioned-local,8192,426,5.2001953125,5.615234375,115;107;109;95,2048;2048;2048;2048,256,32
0,shared-bias,1,512,0,shared-global,8192,415,5.06591796875,5.322265625,109;101;107;98,2048;2048;2048;2048,1024,0
0,shared-bias,1,512,0,shared-local,8192,415,5.06591796875,5.322265625,109;101;107;98,2048;2048;2048;2048,1024,0
0,shared-bias,1,512,0,partitioned-local,8192,419,5.11474609375,5.419921875,111;102;109;97,2048;2048;2048;2048,1024,0
0,shared-bias,1,512,4,shared-global,8192,417,5.09033203125,5.419921875,111;102;111;93,2048;2048;2048;2048,1024,4
0,shared-bias,1,512,4,shared-local,8192,420,5.126953125,5.37109375,110;102;107;101,2048;2048;2048;2048,1024,16
0,shared-bias,1,512,4,partitioned-local,8192,419,5.11474609375,5.419921875,111;104;108;96,2048;2048;2048;2048,1024,16
0,shared-bias,1,512,8,shared-global,8192,454,5.5419921875,6.0546875,124;113;115;102,2048;2048;2048;2048,1024,8
0,shared-bias,1,512,8,shared-local,8192,450,5.4931640625,6.15234375,126;102;112;110,2048;2048;2048;2048,1024,32
0,shared-bias,1,512,8,partitioned-local,8192,458,5.5908203125,6.005859375,123;114;117;104,2048;2048;2048;2048,1024,32
0,shared-bias,16,32,0,shared-global,8192,415,5.06591796875,5.908203125,84;121;103;107,2048;2048;2048;2048,64,0
0,shared-bias,16,32,0,shared-local,8192,415,5.06591796875,5.908203125,84;121;103;107,2048;2048;2048;2048,64,0
0,shared-bias,16,32,0,partitioned-local,8192,415,5.06591796875,5.95703125,84;122;102;107,2048;2048;2048;2048,64,0
0,shared-bias,16,32,4,shared-global,8192,417,5.09033203125,6.15234375,87;126;102;102,2048;2048;2048;2048,64,4
0,shared-bias,16,32,4,shared-local,8192,417,5.09033203125,5.95703125,88;122;105;102,2048;2048;2048;2048,64,16
0,shared-bias,16,32,4,partitioned-local,8192,423,5.16357421875,6.103515625,86;125;103;109,2048;2048;2048;2048,64,16
0,shared-bias,16,32,8,shared-global,8192,419,5.11474609375,6.0546875,84;124;107;104,2048;2048;2048;2048,64,8
0,shared-bias,16,32,8,shared-local,8192,420,5.126953125,6.005859375,84;123;107;106,2048;2048;2048;2048,64,32
0,shared-bias,16,32,8,partitioned-local,8192,423,5.16357421875,6.103515625,86;125;103;109,2048;2048;2048;2048,64,32
0,shared-bias,16,128,0,shared-global,8192,415,5.06591796875,5.908203125,84;121;103;107,2048;2048;2048;2048,256,0
0,shared-bias,16,128,0,shared-local,8192,415,5.06591796875,5.908203125,84;121;103;107,2048;2048;2048;2048,256,0
0,shared-bias,16,128,0,partitioned-local,8192,415,5.06591796875,5.95703125,84;122;102;107,2048;2048;2048;2048,256,0
0,shared-bias,16,128,4,shared-global,8192,417,5.09033203125,6.15234375,87;126;102;102,2048;2048;2048;2048,256,4
0,shared-bias,16,128,4,shared-local,8192,417,5.09033203125,5.95703125,88;122;105;102,2048;2048;2048;2048,256,16
0,shared-bias,16,128,4,partitioned-local,8192,427,5.21240234375,6.298828125,86;129;104;108,2048;2048;2048;2048,256,16
0,shared-bias,16,128,8,shared-global,8192,438,5.3466796875,6.689453125,88;137;104;109,2048;2048;2048;2048,256,8
0,shared-bias,16,128,8,shared-local,8192,440,5.37109375,6.494140625,88;133;108;111,2048;2048;2048;2048,256,32
0,shared-bias,16,128,8,partitioned-local,8192,435,5.31005859375,6.4453125,87;132;105;111,2048;2048;2048;2048,256,32
0,shared-bias,16,512,0,shared-global,8192,415,5.06591796875,5.908203125,84;121;103;107,2048;2048;2048;2048,1024,0
0,shared-bias,16,512,0,shared-local,8192,415,5.06591796875,5.908203125,84;121;103;107,2048;2048;2048;2048,1024,0
0,shared-bias,16,512,0,partitioned-local,8192,415,5.06591796875,5.95703125,84;122;102;107,2048;2048;2048;2048,1024,0
0,shared-bias,16,512,4,shared-global,8192,417,5.09033203125,6.15234375,87;126;102;102,2048;2048;2048;2048,1024,4
0,shared-bias,16,512,4,shared-local,8192,417,5.09033203125,5.95703125,88;122;105;102,2048;2048;2048;2048,1024,16
0,shared-bias,16,512,4,partitioned-local,8192,427,5.21240234375,6.298828125,86;129;104;108,2048;2048;2048;2048,1024,16
0,shared-bias,16,512,8,shared-global,8192,454,5.5419921875,6.787109375,92;139;106;117,2048;2048;2048;2048,1024,8
0,shared-bias,16,512,8,shared-local,8192,449,5.48095703125,6.494140625,90;133;111;115,2048;2048;2048;2048,1024,32
0,shared-bias,16,512,8,partitioned-local,8192,465,5.67626953125,7.177734375,92;147;108;118,2048;2048;2048;2048,1024,32
0,shared-bias,256,32,0,shared-global,8192,415,5.06591796875,5.712890625,99;99;117;100,2048;2048;2048;2048,64,0
0,shared-bias,256,32,0,shared-local,8192,415,5.06591796875,5.712890625,99;99;117;100,2048;2048;2048;2048,64,0
0,shared-bias,256,32,0,partitioned-local,8192,415,5.06591796875,5.712890625,99;99;117;100,2048;2048;2048;2048,64,0
0,shared-bias,256,32,4,shared-global,8192,417,5.09033203125,6.005859375,96;101;123;97,2048;2048;2048;2048,64,4
0,shared-bias,256,32,4,shared-local,8192,417,5.09033203125,6.005859375,96;101;123;97,2048;2048;2048;2048,64,16
0,shared-bias,256,32,4,partitioned-local,8192,420,5.126953125,5.908203125,97;104;121;98,2048;2048;2048;2048,64,16
0,shared-bias,256,32,8,shared-global,8192,419,5.11474609375,5.859375,97;101;120;101,2048;2048;2048;2048,64,8
0,shared-bias,256,32,8,shared-local,8192,417,5.09033203125,5.859375,97;100;120;100,2048;2048;2048;2048,64,32
0,shared-bias,256,32,8,partitioned-local,8192,420,5.126953125,5.908203125,97;104;121;98,2048;2048;2048;2048,64,32
0,shared-bias,256,128,0,shared-global,8192,415,5.06591796875,5.712890625,99;99;117;100,2048;2048;2048;2048,256,0
0,shared-bias,256,128,0,shared-local,8192,415,5.06591796875,5.712890625,99;99;117;100,2048;2048;2048;2048,256,0
0,shared-bias,256,128,0,partitioned-local,8192,415,5.06591796875,5.712890625,99;99;117;100,2048;2048;2048;2048,256,0
0,shared-bias,256,128,4,shared-global,8192,417,5.09033203125,6.005859375,96;101;123;97,2048;2048;2048;2048,256,4
0,shared-bias,256,128,4,shared-local,8192,417,5.09033203125,6.005859375,96;101;123;97,2048;2048;2048;2048,256,16
0,shared-bias,256,128,4,partitioned-local,8192,427,5.21240234375,6.15234375,97;105;126;99,2048;2048;2048;2048,256,16
0,shared-bias,256,128,8,shared-global,8192,438,5.3466796875,6.103515625,102;103;125;108,2048;2048;2048;2048,256,8
0,shared-bias,256,128,8,shared-local,8192,436,5.322265625,6.0546875,103;102;124;107,2048;2048;2048;2048,256,32
0,shared-bias,256,128,8,partitioned-local,8192,435,5.31005859375,6.0546875,101;106;124;104,2048;2048;2048;2048,256,32
0,shared-bias,256,512,0,shared-global,8192,415,5.06591796875,5.712890625,99;99;117;100,2048;2048;2048;2048,1024,0
0,shared-bias,256,512,0,shared-local,8192,415,5.06591796875,5.712890625,99;99;117;100,2048;2048;2048;2048,1024,0
0,shared-bias,256,512,0,partitioned-local,8192,415,5.06591796875,5.712890625,99;99;117;100,2048;2048;2048;2048,1024,0
0,shared-bias,256,512,4,shared-global,8192,417,5.09033203125,6.005859375,96;101;123;97,2048;2048;2048;2048,1024,4
0,shared-bias,256,512,4,shared-local,8192,417,5.09033203125,6.005859375,96;101;123;97,2048;2048;2048;2048,1024,16
0,shared-bias,256,512,4,partitioned-local,8192,427,5.21240234375,6.15234375,97;105;126;99,2048;2048;2048;2048,1024,16
0,shared-bias,256,512,8,shared-global,8192,454,5.5419921875,6.15234375,104;110;126;114,2048;2048;2048;2048,1024,8
0,shared-bias,256,512,8,shared-local,8192,454,5.5419921875,6.103515625,107;108;125;114,2048;2048;2048;2048,1024,32
0,shared-bias,256,512,8,partitioned-local,8192,471,5.74951171875,6.298828125,113;113;129;116,2048;2048;2048;2048,1024,32
0,capacity-pressure,1,32,0,shared-global,8192,1214,14.8193359375,44.482421875,911;93;95;115,2048;2048;2048;2048,64,0
0,capacity-pressure,1,32,0,shared-local,8192,1214,14.8193359375,44.482421875,911;93;95;115,2048;2048;2048;2048,64,0
0,capacity-pressure,1,32,0,partitioned-local,8192,1289,15.73486328125,48.779296875,999;92;90;108,2048;2048;2048;2048,64,0
0,capacity-pressure,1,32,4,shared-global,8192,1423,17.37060546875,50.341796875,1031;129;119;144,2048;2048;2048;2048,64,4
0,capacity-pressure,1,32,4,shared-local,8192,1476,18.017578125,53.662109375,1099;130;117;130,2048;2048;2048;2048,64,16
0,capacity-pressure,1,32,4,partitioned-local,8192,1312,16.015625,49.8046875,1020;91;91;110,2048;2048;2048;2048,64,16
0,capacity-pressure,1,32,8,shared-global,8192,1476,18.017578125,49.90234375,1022;146;143;165,2048;2048;2048;2048,64,8
0,capacity-pressure,1,32,8,shared-local,8192,1460,17.822265625,51.611328125,1057;134;121;148,2048;2048;2048;2048,64,32
0,capacity-pressure,1,32,8,partitioned-local,8192,1312,16.015625,49.8046875,1020;91;91;110,2048;2048;2048;2048,64,32
0,capacity-pressure,1,128,0,shared-global,8192,882,10.7666015625,28.857421875,591;92;91;108,2048;2048;2048;2048,256,0
0,capacity-pressure,1,128,0,shared-local,8192,882,10.7666015625,28.857421875,591;92;91;108,2048;2048;2048;2048,256,0
0,capacity-pressure,1,128,0,partitioned-local,8192,1174,14.3310546875,43.1640625,884;92;90;108,2048;2048;2048;2048,256,0
0,capacity-pressure,1,128,4,shared-global,8192,1143,13.95263671875,40.72265625,834;97;93;119,2048;2048;2048;2048,256,4
0,capacity-pressure,1,128,4,shared-local,8192,1286,15.6982421875,47.900390625,981;98;95;112,2048;2048;2048;2048,256,16
0,capacity-pressure,1,128,4,partitioned-local,8192,1325,16.17431640625,50.09765625,1026;93;95;111,2048;2048;2048;2048,256,16
0,capacity-pressure,1,128,8,shared-global,8192,1285,15.68603515625,43.5546875,892;119;123;151,2048;2048;2048;2048,256,8
0,capacity-pressure,1,128,8,shared-local,8192,1370,16.7236328125,49.21875,1008;124;108;130,2048;2048;2048;2048,256,32
0,capacity-pressure,1,128,8,partitioned-local,8192,1326,16.1865234375,49.853515625,1021;95;95;115,2048;2048;2048;2048,256,32
0,capacity-pressure,1,512,0,shared-global,8192,431,5.26123046875,6.884765625,141;92;90;108,2048;2048;2048;2048,1024,0
0,capacity-pressure,1,512,0,shared-local,8192,431,5.26123046875,6.884765625,141;92;90;108,2048;2048;2048;2048,1024,0
0,capacity-pressure,1,512,0,partitioned-local,8192,866,10.5712890625,28.125,576;92;90;108,2048;2048;2048;2048,1024,0
0,capacity-pressure,1,512,4,shared-global,8192,959,11.70654296875,32.666015625,669;90;90;110,2048;2048;2048;2048,1024,4
0,capacity-pressure,1,512,4,shared-local,8192,1236,15.087890625,46.337890625,949;91;89;107,2048;2048;2048;2048,1024,16
0,capacity-pressure,1,512,4,partitioned-local,8192,1272,15.52734375,47.509765625,973;93;95;111,2048;2048;2048;2048,1024,16
0,capacity-pressure,1,512,8,shared-global,8192,1142,13.9404296875,39.94140625,818;102;99;123,2048;2048;2048;2048,1024,8
0,capacity-pressure,1,512,8,shared-local,8192,1338,16.3330078125,49.609375,1016;100;101;121,2048;2048;2048;2048,1024,32
0,capacity-pressure,1,512,8,partitioned-local,8192,1362,16.6259765625,49.755859375,1019;107;110;126,2048;2048;2048;2048,1024,32
0,capacity-pressure,16,32,0,shared-global,8192,1197,14.61181640625,44.189453125,905;89;109;94,2048;2048;2048;2048,64,0
0,capacity-pressure,16,32,0,shared-local,8192,1197,14.61181640625,44.189453125,905;89;109;94,2048;2048;2048;2048,64,0
0,capacity-pressure,16,32,0,partitioned-local,8192,1243,15.17333984375,47.16796875,966;85;101;91,2048;2048;2048;2048,64,0
0,capacity-pressure,16,32,4,shared-global,8192,1412,17.236328125,50.341796875,1031;150;132;99,2048;2048;2048;2048,64,4
0,capacity-pressure,16,32,4,shared-local,8192,1355,16.54052734375,49.0234375,1004;112;136;103,2048;2048;2048;2048,64,16
0,capacity-pressure,16,32,4,partitioned-local,8192,1301,15.88134765625,49.90234375,1022;87;102;90,2048;2048;2048;2048,64,16
0,capacity-pressure,16,32,8,shared-global,8192,1496,18.26171875,50.537109375,1035;197;154;110,2048;2048;2048;2048,64,8
0,capacity-pressure,16,32,8,shared-local,8192,1439,17.56591796875,51.025390625,1045;121;155;118,2048;2048;2048;2048,64,32
0,capacity-pressure,16,32,8,partitioned-local,8192,1301,15.88134765625,49.90234375,1022;87;102;90,2048;2048;2048;2048,64,32
0,capacity-pressure,16,128,0,shared-global,8192,861,10.51025390625,28.3203125,580;87;103;91,2048;2048;2048;2048,256,0
0,capacity-pressure,16,128,0,shared-local,8192,861,10.51025390625,28.3203125,580;87;103;91,2048;2048;2048;2048,256,0
0,capacity-pressure,16,128,0,partitioned-local,8192,1177,14.36767578125,43.9453125,900;85;101;91,2048;2048;2048;2048,256,0
0,capacity-pressure,16,128,4,shared-global,8192,1282,15.6494140625,47.55859375,974;111;105;92,2048;2048;2048;2048,256,4
0,capacity-pressure,16,128,4,shared-local,8192,1251,15.27099609375,46.58203125,954;91;111;95,2048;2048;2048;2048,256,16
0,capacity-pressure,16,128,4,partitioned-local,8192,1280,15.625,48.779296875,999;86;104;91,2048;2048;2048;2048,256,16
0,capacity-pressure,16,128,8,shared-global,8192,1440,17.578125,49.462890625,1013;203;122;102,2048;2048;2048;2048,256,8
0,capacity-pressure,16,128,8,shared-local,8192,1396,17.041015625,51.7578125,1060;105;123;108,2048;2048;2048;2048,256,32
0,capacity-pressure,16,128,8,partitioned-local,8192,1321,16.12548828125,50.439453125,1033;87;105;96,2048;2048;2048;2048,256,32
0,capacity-pressure,16,512,0,shared-global,8192,425,5.18798828125,7.2265625,148;85;101;91,2048;2048;2048;2048,1024,0
0,capacity-pressure,16,512,0,shared-local,8192,425,5.18798828125,7.2265625,148;85;101;91,2048;2048;2048;2048,1024,0
0,capacity-pressure,16,512,0,partitioned-local,8192,838,10.2294921875,27.392578125,561;85;101;91,2048;2048;2048;2048,1024,0
0,capacity-pressure,16,512,4,shared-global,8192,1222,14.9169921875,46.19140625,946;86;99;91,2048;2048;2048;2048,1024,4
0,capacity-pressure,16,512,4,shared-local,8192,1188,14.501953125,44.677734375,915;84;98;91,2048;2048;2048;2048,1024,16
0,capacity-pressure,16,512,4,partitioned-local,8192,1236,15.087890625,46.630859375,955;86;104;91,2048;2048;2048;2048,1024,16
0,capacity-pressure,16,512,8,shared-global,8192,1376,16.796875,48.291015625,989;186;107;94,2048;2048;2048;2048,1024,8
0,capacity-pressure,16,512,8,shared-local,8192,1334,16.2841796875,50.341796875,1031;91;116;96,2048;2048;2048;2048,1024,32
0,capacity-pressure,16,512,8,partitioned-local,8192,1343,16.39404296875,50.5859375,1036;93;116;98,2048;2048;2048;2048,1024,32
0,capacity-pressure,256,32,0,shared-global,8192,1243,15.17333984375,45.21484375,926;112;93;112,2048;2048;2048;2048,64,0
0,capacity-pressure,256,32,0,shared-local,8192,1243,15.17333984375,45.21484375,926;112;93;112,2048;2048;2048;2048,64,0
0,capacity-pressure,256,32,0,partitioned-local,8192,1289,15.73486328125,48.388671875,991;106;89;103,2048;2048;2048;2048,64,0
0,capacity-pressure,256,32,4,shared-global,8192,1403,17.12646484375,49.51171875,1014;158;126;105,2048;2048;2048;2048,64,4
0,capacity-pressure,256,32,4,shared-local,8192,1416,17.28515625,50.48828125,1034;152;125;105,2048;2048;2048;2048,64,16
0,capacity-pressure,256,32,4,partitioned-local,8192,1317,16.07666015625,50.0,1024;101;90;102,2048;2048;2048;2048,64,16
0,capacity-pressure,256,32,8,shared-global,8192,1472,17.96875,51.416015625,1053;175;123;121,2048;2048;2048;2048,64,8
0,capacity-pressure,256,32,8,shared-local,8192,1474,17.9931640625,52.001953125,1065;169;120;120,2048;2048;2048;2048,64,32
0,capacity-pressure,256,32,8,partitioned-local,8192,1317,16.07666015625,50.0,1024;101;90;102,2048;2048;2048;2048,64,32
0,capacity-pressure,256,128,0,shared-global,8192,896,10.9375,28.7109375,588;111;94;103,2048;2048;2048;2048,256,0
0,capacity-pressure,256,128,0,shared-local,8192,896,10.9375,28.7109375,588;111;94;103,2048;2048;2048;2048,256,0
0,capacity-pressure,256,128,0,partitioned-local,8192,1223,14.92919921875,45.166015625,925;106;89;103,2048;2048;2048;2048,256,0
0,capacity-pressure,256,128,4,shared-global,8192,1334,16.2841796875,48.876953125,1001;124;106;103,2048;2048;2048;2048,256,4
0,capacity-pressure,256,128,4,shared-local,8192,1342,16.3818359375,49.365234375,1011;120;108;103,2048;2048;2048;2048,256,16
0,capacity-pressure,256,128,4,partitioned-local,8192,1314,16.0400390625,49.0234375,1004;110;97;103,2048;2048;2048;2048,256,16
0,capacity-pressure,256,128,8,shared-global,8192,1408,17.1875,49.267578125,1009;159;116;124,2048;2048;2048;2048,256,8
0,capacity-pressure,256,128,8,shared-local,8192,1399,17.07763671875,49.462890625,1013;149;114;123,2048;2048;2048;2048,256,32
0,capacity-pressure,256,128,8,partitioned-local,8192,1368,16.69921875,51.5625,1056;110;91;111,2048;2048;2048;2048,256,32
0,capacity-pressure,256,512,0,shared-global,8192,439,5.35888671875,6.884765625,141;106;89;103,2048;2048;2048;2048,1024,0
0,capacity-pressure,256,512,0,shared-local,8192,439,5.35888671875,6.884765625,141;106;89;103,2048;2048;2048;2048,1024,0
0,capacity-pressure,256,512,0,partitioned-local,8192,878,10.7177734375,28.3203125,580;106;89;103,2048;2048;2048;2048,1024,0
0,capacity-pressure,256,512,4,shared-global,8192,1255,15.31982421875,46.19140625,946;110;96;103,2048;2048;2048;2048,1024,4
0,capacity-pressure,256,512,4,shared-local,8192,1259,15.36865234375,46.533203125,953;107;96;103,2048;2048;2048;2048,1024,16
0,capacity-pressure,256,512,4,partitioned-local,8192,1331,16.24755859375,49.853515625,1021;110;97;103,2048;2048;2048;2048,1024,16
0,capacity-pressure,256,512,8,shared-global,8192,1325,16.17431640625,47.65625,976;132;104;113,2048;2048;2048;2048,1024,8
0,capacity-pressure,256,512,8,shared-local,8192,1308,15.966796875,47.8515625,980;113;102;113,2048;2048;2048;2048,1024,32
0,capacity-pressure,256,512,8,partitioned-local,8192,1321,16.12548828125,48.046875,984;123;98;116,2048;2048;2048;2048,1024,32
0,thread-alternation,1,32,0,shared-global,8192,4096,50.0,100.0,2048;2048;0;0,2048;2048;2048;2048,64,0
0,thread-alternation,1,32,0,shared-local,8192,4096,50.0,100.0,2048;2048;0;0,2048;2048;2048;2048,64,0
0,thread-alternation,1,32,0,partitioned-local,8192,8192,100.0,100.0,2048;2048;2048;2048,2048;2048;2048;2048,64,0
0,thread-alternation,1,32,4,shared-global,8192,0,0.0,0.0,0;0;0;0,2048;2048;2048;2048,64,4
0,thread-alternation,1,32,4,shared-local,8192,0,0.0,0.0,0;0;0;0,2048;2048;2048;2048,64,16
0,thread-alternation,1,32,4,partitioned-local,8192,0,0.0,0.0,0;0;0;0,2048;2048;2048;2048,64,16
0,thread-alternation,1,32,8,shared-global,8192,0,0.0,0.0,0;0;0;0,2048;2048;2048;2048,64,8
0,thread-alternation,1,32,8,shared-local,8192,0,0.0,0.0,0;0;0;0,2048;2048;2048;2048,64,32
0,thread-alternation,1,32,8,partitioned-local,8192,0,0.0,0.0,0;0;0;0,2048;2048;2048;2048,64,32
0,thread-alternation,1,128,0,shared-global,8192,4096,50.0,100.0,2048;2048;0;0,2048;2048;2048;2048,256,0
0,thread-alternation,1,128,0,shared-local,8192,4096,50.0,100.0,2048;2048;0;0,2048;2048;2048;2048,256,0
0,thread-alternation,1,128,0,partitioned-local,8192,8192,100.0,100.0,2048;2048;2048;2048,2048;2048;2048;2048,256,0
0,thread-alternation,1,128,4,shared-global,8192,0,0.0,0.0,0;0;0;0,2048;2048;2048;2048,256,4
0,thread-alternation,1,128,4,shared-local,8192,0,0.0,0.0,0;0;0;0,2048;2048;2048;2048,256,16
0,thread-alternation,1,128,4,partitioned-local,8192,0,0.0,0.0,0;0;0;0,2048;2048;2048;2048,256,16
0,thread-alternation,1,128,8,shared-global,8192,0,0.0,0.0,0;0;0;0,2048;2048;2048;2048,256,8
0,thread-alternation,1,128,8,shared-local,8192,0,0.0,0.0,0;0;0;0,2048;2048;2048;2048,256,32
0,thread-alternation,1,128,8,partitioned-local,8192,0,0.0,0.0,0;0;0;0,2048;2048;2048;2048,256,32
0,thread-alternation,1,512,0,shared-global,8192,4096,50.0,100.0,2048;2048;0;0,2048;2048;2048;2048,1024,0
0,thread-alternation,1,512,0,shared-local,8192,4096,50.0,100.0,2048;2048;0;0,2048;2048;2048;2048,1024,0
0,thread-alternation,1,512,0,partitioned-local,8192,8192,100.0,100.0,2048;2048;2048;2048,2048;2048;2048;2048,1024,0
0,thread-alternation,1,512,4,shared-global,8192,0,0.0,0.0,0;0;0;0,2048;2048;2048;2048,1024,4
0,thread-alternation,1,512,4,shared-local,8192,0,0.0,0.0,0;0;0;0,2048;2048;2048;2048,1024,16
0,thread-alternation,1,512,4,partitioned-local,8192,0,0.0,0.0,0;0;0;0,2048;2048;2048;2048,1024,16
0,thread-alternation,1,512,8,shared-global,8192,0,0.0,0.0,0;0;0;0,2048;2048;2048;2048,1024,8
0,thread-alternation,1,512,8,shared-local,8192,0,0.0,0.0,0;0;0;0,2048;2048;2048;2048,1024,32
0,thread-alternation,1,512,8,partitioned-local,8192,0,0.0,0.0,0;0;0;0,2048;2048;2048;2048,1024,32
0,thread-alternation,16,32,0,shared-global,8192,8192,100.0,100.0,2048;2048;2048;2048,2048;2048;2048;2048,64,0
0,thread-alternation,16,32,0,shared-local,8192,8192,100.0,100.0,2048;2048;2048;2048,2048;2048;2048;2048,64,0
0,thread-alternation,16,32,0,partitioned-local,8192,8192,100.0,100.0,2048;2048;2048;2048,2048;2048;2048;2048,64,0
0,thread-alternation,16,32,4,shared-global,8192,0,0.0,0.0,0;0;0;0,2048;2048;2048;2048,64,4
0,thread-alternation,16,32,4,shared-local,8192,0,0.0,0.0,0;0;0;0,2048;2048;2048;2048,64,16
0,thread-alternation,16,32,4,partitioned-local,8192,0,0.0,0.0,0;0;0;0,2048;2048;2048;2048,64,16
0,thread-alternation,16,32,8,shared-global,8192,0,0.0,0.0,0;0;0;0,2048;2048;2048;2048,64,8
0,thread-alternation,16,32,8,shared-local,8192,0,0.0,0.0,0;0;0;0,2048;2048;2048;2048,64,32
0,thread-alternation,16,32,8,partitioned-local,8192,0,0.0,0.0,0;0;0;0,2048;2048;2048;2048,64,32
0,thread-alternation,16,128,0,shared-global,8192,8192,100.0,100.0,2048;2048;2048;2048,2048;2048;2048;2048,256,0
0,thread-alternation,16,128,0,shared-local,8192,8192,100.0,100.0,2048;2048;2048;2048,2048;2048;2048;2048,256,0
0,thread-alternation,16,128,0,partitioned-local,8192,8192,100.0,100.0,2048;2048;2048;2048,2048;2048;2048;2048,256,0
0,thread-alternation,16,128,4,shared-global,8192,0,0.0,0.0,0;0;0;0,2048;2048;2048;2048,256,4
0,thread-alternation,16,128,4,shared-local,8192,0,0.0,0.0,0;0;0;0,2048;2048;2048;2048,256,16
0,thread-alternation,16,128,4,partitioned-local,8192,0,0.0,0.0,0;0;0;0,2048;2048;2048;2048,256,16
0,thread-alternation,16,128,8,shared-global,8192,0,0.0,0.0,0;0;0;0,2048;2048;2048;2048,256,8
0,thread-alternation,16,128,8,shared-local,8192,0,0.0,0.0,0;0;0;0,2048;2048;2048;2048,256,32
0,thread-alternation,16,128,8,partitioned-local,8192,0,0.0,0.0,0;0;0;0,2048;2048;2048;2048,256,32
0,thread-alternation,16,512,0,shared-global,8192,8192,100.0,100.0,2048;2048;2048;2048,2048;2048;2048;2048,1024,0
0,thread-alternation,16,512,0,shared-local,8192,8192,100.0,100.0,2048;2048;2048;2048,2048;2048;2048;2048,1024,0
0,thread-alternation,16,512,0,partitioned-local,8192,8192,100.0,100.0,2048;2048;2048;2048,2048;2048;2048;2048,1024,0
0,thread-alternation,16,512,4,shared-global,8192,0,0.0,0.0,0;0;0;0,2048;2048;2048;2048,1024,4
0,thread-alternation,16,512,4,shared-local,8192,0,0.0,0.0,0;0;0;0,2048;2048;2048;2048,1024,16
0,thread-alternation,16,512,4,partitioned-local,8192,0,0.0,0.0,0;0;0;0,2048;2048;2048;2048,1024,16
0,thread-alternation,16,512,8,shared-global,8192,0,0.0,0.0,0;0;0;0,2048;2048;2048;2048,1024,8
0,thread-alternation,16,512,8,shared-local,8192,0,0.0,0.0,0;0;0;0,2048;2048;2048;2048,1024,32
0,thread-alternation,16,512,8,partitioned-local,8192,0,0.0,0.0,0;0;0;0,2048;2048;2048;2048,1024,32
0,thread-alternation,256,32,0,shared-global,8192,8192,100.0,100.0,2048;2048;2048;2048,2048;2048;2048;2048,64,0
0,thread-alternation,256,32,0,shared-local,8192,8192,100.0,100.0,2048;2048;2048;2048,2048;2048;2048;2048,64,0
0,thread-alternation,256,32,0,partitioned-local,8192,8192,100.0,100.0,2048;2048;2048;2048,2048;2048;2048;2048,64,0
0,thread-alternation,256,32,4,shared-global,8192,0,0.0,0.0,0;0;0;0,2048;2048;2048;2048,64,4
0,thread-alternation,256,32,4,shared-local,8192,0,0.0,0.0,0;0;0;0,2048;2048;2048;2048,64,16
0,thread-alternation,256,32,4,partitioned-local,8192,0,0.0,0.0,0;0;0;0,2048;2048;2048;2048,64,16
0,thread-alternation,256,32,8,shared-global,8192,0,0.0,0.0,0;0;0;0,2048;2048;2048;2048,64,8
0,thread-alternation,256,32,8,shared-local,8192,0,0.0,0.0,0;0;0;0,2048;2048;2048;2048,64,32
0,thread-alternation,256,32,8,partitioned-local,8192,0,0.0,0.0,0;0;0;0,2048;2048;2048;2048,64,32
0,thread-alternation,256,128,0,shared-global,8192,8192,100.0,100.0,2048;2048;2048;2048,2048;2048;2048;2048,256,0
0,thread-alternation,256,128,0,shared-local,8192,8192,100.0,100.0,2048;2048;2048;2048,2048;2048;2048;2048,256,0
0,thread-alternation,256,128,0,partitioned-local,8192,8192,100.0,100.0,2048;2048;2048;2048,2048;2048;2048;2048,256,0
0,thread-alternation,256,128,4,shared-global,8192,0,0.0,0.0,0;0;0;0,2048;2048;2048;2048,256,4
0,thread-alternation,256,128,4,shared-local,8192,0,0.0,0.0,0;0;0;0,2048;2048;2048;2048,256,16
0,thread-alternation,256,128,4,partitioned-local,8192,0,0.0,0.0,0;0;0;0,2048;2048;2048;2048,256,16
0,thread-alternation,256,128,8,shared-global,8192,0,0.0,0.0,0;0;0;0,2048;2048;2048;2048,256,8
0,thread-alternation,256,128,8,shared-local,8192,0,0.0,0.0,0;0;0;0,2048;2048;2048;2048,256,32
0,thread-alternation,256,128,8,partitioned-local,8192,0,0.0,0.0,0;0;0;0,2048;2048;2048;2048,256,32
0,thread-alternation,256,512,0,shared-global,8192,8192,100.0,100.0,2048;2048;2048;2048,2048;2048;2048;2048,1024,0
0,thread-alternation,256,512,0,shared-local,8192,8192,100.0,100.0,2048;2048;2048;2048,2048;2048;2048;2048,1024,0
0,thread-alternation,256,512,0,partitioned-local,8192,8192,100.0,100.0,2048;2048;2048;2048,2048;2048;2048;2048,1024,0
0,thread-alternation,256,512,4,shared-global,8192,0,0.0,0.0,0;0;0;0,2048;2048;2048;2048,1024,4
0,thread-alternation,256,512,4,shared-local,8192,0,0.0,0.0,0;0;0;0,2048;2048;2048;2048,1024,16
0,thread-alternation,256,512,4,partitioned-local,8192,0,0.0,0.0,0;0;0;0,2048;2048;2048;2048,1024,16
0,thread-alternation,256,512,8,shared-global,8192,0,0.0,0.0,0;0;0;0,2048;2048;2048;2048,1024,8
0,thread-alternation,256,512,8,shared-local,8192,0,0.0,0.0,0;0;0;0,2048;2048;2048;2048,1024,32
0,thread-alternation,256,512,8,partitioned-local,8192,0,0.0,0.0,0;0;0;0,2048;2048;2048;2048,1024,32
1,opposing-bias,1,32,0,shared-global,8192,4150,50.6591796875,52.9296875,1084;999;1069;998,2048;2048;2048;2048,64,0
1,opposing-bias,1,32,0,shared-local,8192,4150,50.6591796875,52.9296875,1084;999;1069;998,2048;2048;2048;2048,64,0
1,opposing-bias,1,32,0,partitioned-local,8192,493,6.01806640625,6.396484375,114;125;123;131,2048;2048;2048;2048,64,0
1,opposing-bias,1,32,4,shared-global,8192,549,6.70166015625,7.12890625,126;146;132;145,2048;2048;2048;2048,64,4
1,opposing-bias,1,32,4,shared-local,8192,556,6.787109375,7.51953125,133;133;136;154,2048;2048;2048;2048,64,16
1,opposing-bias,1,32,4,partitioned-local,8192,483,5.89599609375,6.4453125,110;120;121;132,2048;2048;2048;2048,64,16
1,opposing-bias,1,32,8,shared-global,8192,514,6.2744140625,6.54296875,121;134;126;133,2048;2048;2048;2048,64,8
1,opposing-bias,1,32,8,shared-local,8192,507,6.18896484375,6.689453125,116;129;125;137,2048;2048;2048;2048,64,32
1,opposing-bias,1,32,8,partitioned-local,8192,483,5.89599609375,6.4453125,110;120;121;132,2048;2048;2048;2048,64,32
1,opposing-bias,1,128,0,shared-global,8192,4150,50.6591796875,52.9296875,1084;999;1069;998,2048;2048;2048;2048,256,0
1,opposing-bias,1,128,0,shared-local,8192,4150,50.6591796875,52.9296875,1084;999;1069;998,2048;2048;2048;2048,256,0
1,opposing-bias,1,128,0,partitioned-local,8192,493,6.01806640625,6.396484375,114;125;123;131,2048;2048;2048;2048,256,0
1,opposing-bias,1,128,4,shared-global,8192,549,6.70166015625,7.12890625,126;146;132;145,2048;2048;2048;2048,256,4
1,opposing-bias,1,128,4,shared-local,8192,556,6.787109375,7.51953125,133;133;136;154,2048;2048;2048;2048,256,16
1,opposing-bias,1,128,4,partitioned-local,8192,480,5.859375,6.103515625,113;119;123;125,2048;2048;2048;2048,256,16
1,opposing-bias,1,128,8,shared-global,8192,505,6.16455078125,6.34765625,123;125;130;127,2048;2048;2048;2048,256,8
1,opposing-bias,1,128,8,shared-local,8192,502,6.1279296875,6.34765625,120;125;127;130,2048;2048;2048;2048,256,32
1,opposing-bias,1,128,8,partitioned-local,8192,489,5.96923828125,6.201171875,118;120;124;127,2048;2048;2048;2048,256,32
1,opposing-bias,1,512,0,shared-global,8192,4150,50.6591796875,52.9296875,1084;999;1069;998,2048;2048;2048;2048,1024,0
1,opposing-bias,1,512,0,shared-local,8192,4150,50.6591796875,52.9296875,1084;999;1069;998,2048;2048;2048;2048,1024,0
1,opposing-bias,1,512,0,partitioned-local,8192,493,6.01806640625,6.396484375,114;125;123;131,2048;2048;2048;2048,1024,0
1,opposing-bias,1,512,4,shared-global,8192,549,6.70166015625,7.12890625,126;146;132;145,2048;2048;2048;2048,1024,4
1,opposing-bias,1,512,4,shared-local,8192,556,6.787109375,7.51953125,133;133;136;154,2048;2048;2048;2048,1024,16
1,opposing-bias,1,512,4,partitioned-local,8192,480,5.859375,6.103515625,113;119;123;125,2048;2048;2048;2048,1024,16
1,opposing-bias,1,512,8,shared-global,8192,510,6.2255859375,6.494140625,133;122;127;128,2048;2048;2048;2048,1024,8
1,opposing-bias,1,512,8,shared-local,8192,510,6.2255859375,6.4453125,123;126;132;129,2048;2048;2048;2048,1024,32
1,opposing-bias,1,512,8,partitioned-local,8192,517,6.31103515625,6.8359375,125;119;140;133,2048;2048;2048;2048,1024,32
1,opposing-bias,16,32,0,shared-global,8192,1410,17.2119140625,17.724609375,339;348;360;363,2048;2048;2048;2048,64,0
1,opposing-bias,16,32,0,shared-local,8192,1410,17.2119140625,17.724609375,339;348;360;363,2048;2048;2048;2048,64,0
1,opposing-bias,16,32,0,partitioned-local,8192,424,5.17578125,5.56640625,92;104;114;114,2048;2048;2048;2048,64,0
1,opposing-bias,16,32,4,shared-global,8192,1359,16.58935546875,16.9921875,323;348;345;343,2048;2048;2048;2048,64,4
1,opposing-bias,16,32,4,shared-local,8192,487,5.94482421875,6.93359375,107;115;142;123,2048;2048;2048;2048,64,16
1,opposing-bias,16,32,4,partitioned-local,8192,434,5.2978515625,5.712890625,94;108;115;117,2048;2048;2048;2048,64,16
1,opposing-bias,16,32,8,shared-global,8192,1338,16.3330078125,16.748046875,310;343;342;343,2048;2048;2048;2048,64,8
1,opposing-bias,16,32,8,shared-local,8192,443,5.40771484375,6.005859375,99;105;123;116,2048;2048;2048;2048,64,32
1,opposing-bias,16,32,8,partitioned-local,8192,434,5.2978515625,5.712890625,94;108;115;117,2048;2048;2048;2048,64,32
1,opposing-bias,16,128,0,shared-global,8192,1410,17.2119140625,17.724609375,339;348;360;363,2048;2048;2048;2048,256,0
1,opposing-bias,16,128,0,shared-local,8192,1410,17.2119140625,17.724609375,339;348;360;363,2048;2048;2048;2048,256,0
1,opposing-bias,16,128,0,partitioned-local,8192,424,5.17578125,5.56640625,92;104;114;114,2048;2048;2048;2048,256,0
1,opposing-bias,16,128,4,shared-global,8192,1359,16.58935546875,16.9921875,323;348;345;343,2048;2048;2048;2048,256,4
1,opposing-bias,16,128,4,shared-local,8192,487,5.94482421875,6.93359375,107;115;142;123,2048;2048;2048;2048,256,16
1,opposing-bias,16,128,4,partitioned-local,8192,443,5.40771484375,5.908203125,101;106;121;115,2048;2048;2048;2048,256,16
1,opposing-bias,16,128,8,shared-global,8192,1301,15.88134765625,16.455078125,307;323;337;334,2048;2048;2048;2048,256,8
1,opposing-bias,16,128,8,shared-local,8192,455,5.55419921875,6.494140625,103;104;133;115,2048;2048;2048;2048,256,32
1,opposing-bias,16,128,8,partitioned-local,8192,447,5.45654296875,6.103515625,103;109;125;110,2048;2048;2048;2048,256,32
1,opposing-bias,16,512,0,shared-global,8192,1410,17.2119140625,17.724609375,339;348;360;363,2048;2048;2048;2048,1024,0
1,opposing-bias,16,512,0,shared-local,8192,1410,17.2119140625,17.724609375,339;348;360;363,2048;2048;2048;2048,1024,0
1,opposing-bias,16,512,0,partitioned-local,8192,424,5.17578125,5.56640625,92;104;114;114,2048;2048;2048;2048,1024,0
1,opposing-bias,16,512,4,shared-global,8192,1359,16.58935546875,16.9921875,323;348;345;343,2048;2048;2048;2048,1024,4
1,opposing-bias,16,512,4,shared-local,8192,487,5.94482421875,6.93359375,107;115;142;123,2048;2048;2048;2048,1024,16
1,opposing-bias,16,512,4,partitioned-local,8192,443,5.40771484375,5.908203125,101;106;121;115,2048;2048;2048;2048,1024,16
1,opposing-bias,16,512,8,shared-global,8192,1258,15.3564453125,16.2109375,303;312;332;311,2048;2048;2048;2048,1024,8
1,opposing-bias,16,512,8,shared-local,8192,462,5.6396484375,6.689453125,106;107;137;112,2048;2048;2048;2048,1024,32
1,opposing-bias,16,512,8,partitioned-local,8192,465,5.67626953125,6.54296875,110;108;134;113,2048;2048;2048;2048,1024,32
1,opposing-bias,256,32,0,shared-global,8192,502,6.1279296875,6.4453125,124;132;117;129,2048;2048;2048;2048,64,0
1,opposing-bias,256,32,0,shared-local,8192,502,6.1279296875,6.4453125,124;132;117;129,2048;2048;2048;2048,64,0
1,opposing-bias,256,32,0,partitioned-local,8192,446,5.4443359375,5.76171875,111;118;102;115,2048;2048;2048;2048,64,0
1,opposing-bias,256,32,4,shared-global,8192,582,7.1044921875,7.568359375,155;149;136;142,2048;2048;2048;2048,64,4
1,opposing-bias,256,32,4,shared-local,8192,511,6.23779296875,6.93359375,142;130;118;121,2048;2048;2048;2048,64,16
1,opposing-bias,256,32,4,partitioned-local,8192,457,5.57861328125,6.0546875,110;124;101;122,2048;2048;2048;2048,64,16
1,opposing-bias,256,32,8,shared-global,8192,551,6.72607421875,6.884765625,140;141;129;141,2048;2048;2048;2048,64,8
1,opposing-bias,256,32,8,shared-local,8192,463,5.65185546875,5.859375,117;120;107;119,2048;2048;2048;2048,64,32
1,opposing-bias,256,32,8,partitioned-local,8192,457,5.57861328125,6.0546875,110;124;101;122,2048;2048;2048;2048,64,32
1,opposing-bias,256,128,0,shared-global,8192,502,6.1279296875,6.4453125,124;132;117;129,2048;2048;2048;2048,256,0
1,opposing-bias,256,128,0,shared-local,8192,502,6.1279296875,6.4453125,124;132;117;129,2048;2048;2048;2048,256,0
1,opposing-bias,256,128,0,partitioned-local,8192,446,5.4443359375,5.76171875,111;118;102;115,2048;2048;2048;2048,256,0
1,opposing-bias,256,128,4,shared-global,8192,582,7.1044921875,7.568359375,155;149;136;142,2048;2048;2048;2048,256,4
1,opposing-bias,256,128,4,shared-local,8192,511,6.23779296875,6.93359375,142;130;118;121,2048;2048;2048;2048,256,16
1,opposing-bias,256,128,4,partitioned-local,8192,457,5.57861328125,5.859375,120;117;106;114,2048;2048;2048;2048,256,16
1,opposing-bias,256,128,8,shared-global,8192,555,6.77490234375,7.03125,144;143;132;136,2048;2048;2048;2048,256,8
1,opposing-bias,256,128,8,shared-local,8192,469,5.72509765625,6.103515625,122;125;109;113,2048;2048;2048;2048,256,32
1,opposing-bias,256,128,8,partitioned-local,8192,462,5.6396484375,5.810546875,115;118;110;119,2048;2048;2048;2048,256,32
1,opposing-bias,256,512,0,shared-global,8192,502,6.1279296875,6.4453125,124;132;117;129,2048;2048;2048;2048,1024,0
1,opposing-bias,256,512,0,shared-local,8192,502,6.1279296875,6.4453125,124;132;117;129,2048;2048;2048;2048,1024,0
1,opposing-bias,256,512,0,partitioned-local,8192,446,5.4443359375,5.76171875,111;118;102;115,2048;2048;2048;2048,1024,0
1,opposing-bias,256,512,4,shared-global,8192,582,7.1044921875,7.568359375,155;149;136;142,2048;2048;2048;2048,1024,4
1,opposing-bias,256,512,4,shared-local,8192,511,6.23779296875,6.93359375,142;130;118;121,2048;2048;2048;2048,1024,16
1,opposing-bias,256,512,4,partitioned-local,8192,457,5.57861328125,5.859375,120;117;106;114,2048;2048;2048;2048,1024,16
1,opposing-bias,256,512,8,shared-global,8192,564,6.884765625,7.275390625,149;143;139;133,2048;2048;2048;2048,1024,8
1,opposing-bias,256,512,8,shared-local,8192,475,5.79833984375,6.298828125,129;123;112;111,2048;2048;2048;2048,1024,32
1,opposing-bias,256,512,8,partitioned-local,8192,487,5.94482421875,6.25,128;124;120;115,2048;2048;2048;2048,1024,32
1,shared-bias,1,32,0,shared-global,8192,451,5.50537109375,5.908203125,112;109;121;109,2048;2048;2048;2048,64,0
1,shared-bias,1,32,0,shared-local,8192,451,5.50537109375,5.908203125,112;109;121;109,2048;2048;2048;2048,64,0
1,shared-bias,1,32,0,partitioned-local,8192,454,5.5419921875,6.005859375,114;109;123;108,2048;2048;2048;2048,64,0
1,shared-bias,1,32,4,shared-global,8192,463,5.65185546875,6.005859375,115;116;123;109,2048;2048;2048;2048,64,4
1,shared-bias,1,32,4,shared-local,8192,462,5.6396484375,6.103515625,114;111;125;112,2048;2048;2048;2048,64,16
1,shared-bias,1,32,4,partitioned-local,8192,449,5.48095703125,5.908203125,110;110;121;108,2048;2048;2048;2048,64,16
1,shared-bias,1,32,8,shared-global,8192,460,5.615234375,5.810546875,117;118;119;106,2048;2048;2048;2048,64,8
1,shared-bias,1,32,8,shared-local,8192,463,5.65185546875,6.0546875,117;111;124;111,2048;2048;2048;2048,64,32
1,shared-bias,1,32,8,partitioned-local,8192,449,5.48095703125,5.908203125,110;110;121;108,2048;2048;2048;2048,64,32
1,shared-bias,1,128,0,shared-global,8192,451,5.50537109375,5.908203125,112;109;121;109,2048;2048;2048;2048,256,0
1,shared-bias,1,128,0,shared-local,8192,451,5.50537109375,5.908203125,112;109;121;109,2048;2048;2048;2048,256,0
1,shared-bias,1,128,0,partitioned-local,8192,454,5.5419921875,6.005859375,114;109;123;108,2048;2048;2048;2048,256,0
1,shared-bias,1,128,4,shared-global,8192,463,5.65185546875,6.005859375,115;116;123;109,2048;2048;2048;2048,256,4
1,shared-bias,1,128,4,shared-local,8192,462,5.6396484375,6.103515625,114;111;125;112,2048;2048;2048;2048,256,16
1,shared-bias,1,128,4,partitioned-local,8192,461,5.62744140625,6.005859375,113;113;123;112,2048;2048;2048;2048,256,16
1,shared-bias,1,128,8,shared-global,8192,467,5.70068359375,6.103515625,116;117;125;109,2048;2048;2048;2048,256,8
1,shared-bias,1,128,8,shared-local,8192,471,5.74951171875,6.25,121;114;128;108,2048;2048;2048;2048,256,32
1,shared-bias,1,128,8,partitioned-local,8192,471,5.74951171875,6.0546875,118;117;124;112,2048;2048;2048;2048,256,32
1,shared-bias,1,512,0,shared-global,8192,451,5.50537109375,5.908203125,112;109;121;109,2048;2048;2048;2048,1024,0
1,shared-bias,1,512,0,shared-local,8192,451,5.50537109375,5.908203125,112;109;121;109,2048;2048;2048;2048,1024,0
1,shared-bias,1,512,0,partitioned-local,8192,454,5.5419921875,6.005859375,114;109;123;108,2048;2048;2048;2048,1024,0
1,shared-bias,1,512,4,shared-global,8192,463,5.65185546875,6.005859375,115;116;123;109,2048;2048;2048;2048,1024,4
1,shared-bias,1,512,4,shared-local,8192,462,5.6396484375,6.103515625,114;111;125;112,2048;2048;2048;2048,1024,16
1,shared-bias,1,512,4,partitioned-local,8192,461,5.62744140625,6.005859375,113;113;123;112,2048;2048;2048;2048,1024,16
1,shared-bias,1,512,8,shared-global,8192,477,5.82275390625,6.396484375,116;116;131;114,2048;2048;2048;2048,1024,8
1,shared-bias,1,512,8,shared-local,8192,482,5.8837890625,6.4453125,124;116;132;110,2048;2048;2048;2048,1024,32
1,shared-bias,1,512,8,partitioned-local,8192,510,6.2255859375,6.8359375,125;127;140;118,2048;2048;2048;2048,1024,32
1,shared-bias,16,32,0,shared-global,8192,451,5.50537109375,6.201171875,93;117;114;127,2048;2048;2048;2048,64,0
1,shared-bias,16,32,0,shared-local,8192,451,5.50537109375,6.201171875,93;117;114;127,2048;2048;2048;2048,64,0
1,shared-bias,16,32,0,partitioned-local,8192,450,5.4931640625,6.201171875,92;117;114;127,2048;2048;2048;2048,64,0
1,shared-bias,16,32,4,shared-global,8192,463,5.65185546875,5.908203125,106;117;119;121,2048;2048;2048;2048,64,4
1,shared-bias,16,32,4,shared-local,8192,460,5.615234375,5.810546875,106;117;118;119,2048;2048;2048;2048,64,16
1,shared-bias,16,32,4,partitioned-local,8192,449,5.48095703125,6.005859375,94;117;115;123,2048;2048;2048;2048,64,16
1,shared-bias,16,32,8,shared-global,8192,460,5.615234375,6.0546875,102;120;114;124,2048;2048;2048;2048,64,8
1,shared-bias,16,32,8,shared-local,8192,459,5.60302734375,6.005859375,101;121;114;123,2048;2048;2048;2048,64,32
1,shared-bias,16,32,8,partitioned-local,8192,449,5.48095703125,6.005859375,94;117;115;123,2048;2048;2048;2048,64,32
1,shared-bias,16,128,0,shared-global,8192,451,5.50537109375,6.201171875,93;117;114;127,2048;2048;2048;2048,256,0
1,shared-bias,16,128,0,shared-local,8192,451,5.50537109375,6.201171875,93;117;114;127,2048;2048;2048;2048,256,0
1,shared-bias,16,128,0,partitioned-local,8192,450,5.4931640625,6.201171875,92;117;114;127,2048;2048;2048;2048,256,0
1,shared-bias,16,128,4,shared-global,8192,463,5.65185546875,5.908203125,106;117;119;121,2048;2048;2048;2048,256,4
1,shared-bias,16,128,4,shared-local,8192,460,5.615234375,5.810546875,106;117;118;119,2048;2048;2048;2048,256,16
1,shared-bias,16,128,4,partitioned-local,8192,472,5.76171875,6.25,101;122;121;128,2048;2048;2048;2048,256,16
1,shared-bias,16,128,8,shared-global,8192,467,5.70068359375,6.201171875,100;126;114;127,2048;2048;2048;2048,256,8
1,shared-bias,16,128,8,shared-local,8192,464,5.6640625,6.15234375,98;125;115;126,2048;2048;2048;2048,256,32
1,shared-bias,16,128,8,partitioned-local,8192,478,5.8349609375,6.25,103;122;125;128,2048;2048;2048;2048,256,32
1,shared-bias,16,512,0,shared-global,8192,451,5.50537109375,6.201171875,93;117;114;127,2048;2048;2048;2048,1024,0
1,shared-bias,16,512,0,shared-local,8192,451,5.50537109375,6.201171875,93;117;114;127,2048;2048;2048;2048,1024,0
1,shared-bias,16,512,0,partitioned-local,8192,450,5.4931640625,6.201171875,92;117;114;127,2048;2048;2048;2048,1024,0
1,shared-bias,16,512,4,shared-global,8192,463,5.65185546875,5.908203125,106;117;119;121,2048;2048;2048;2048,1024,4
1,shared-bias,16,512,4,shared-local,8192,460,5.615234375,5.810546875,106;117;118;119,2048;2048;2048;2048,1024,16
1,shared-bias,16,512,4,partitioned-local,8192,472,5.76171875,6.25,101;122;121;128,2048;2048;2048;2048,1024,16
1,shared-bias,16,512,8,shared-global,8192,477,5.82275390625,6.396484375,101;126;119;131,2048;2048;2048;2048,1024,8
1,shared-bias,16,512,8,shared-local,8192,475,5.79833984375,6.25,99;128;120;128,2048;2048;2048;2048,1024,32
1,shared-bias,16,512,8,partitioned-local,8192,512,6.25,6.787109375,110;129;134;139,2048;2048;2048;2048,1024,32
1,shared-bias,256,32,0,shared-global,8192,451,5.50537109375,6.298828125,110;110;102;129,2048;2048;2048;2048,64,0
1,shared-bias,256,32,0,shared-local,8192,451,5.50537109375,6.298828125,110;110;102;129,2048;2048;2048;2048,64,0
1,shared-bias,256,32,0,partitioned-local,8192,452,5.517578125,6.298828125,111;110;102;129,2048;2048;2048;2048,64,0
1,shared-bias,256,32,4,shared-global,8192,463,5.65185546875,5.95703125,121;115;105;122,2048;2048;2048;2048,64,4
1,shared-bias,256,32,4,shared-local,8192,463,5.65185546875,5.95703125,122;114;105;122,2048;2048;2048;2048,64,16
1,shared-bias,256,32,4,partitioned-local,8192,450,5.4931640625,6.15234375,110;113;101;126,2048;2048;2048;2048,64,16
1,shared-bias,256,32,8,shared-global,8192,460,5.615234375,6.34765625,114;110;106;130,2048;2048;2048;2048,64,8
1,shared-bias,256,32,8,shared-local,8192,463,5.65185546875,6.34765625,117;110;106;130,2048;2048;2048;2048,64,32
1,shared-bias,256,32,8,partitioned-local,8192,450,5.4931640625,6.15234375,110;113;101;126,2048;2048;2048;2048,64,32
1,shared-bias,256,128,0,shared-global,8192,451,5.50537109375,6.298828125,110;110;102;129,2048;2048;2048;2048,256,0
1,shared-bias,256,128,0,shared-local,8192,451,5.50537109375,6.298828125,110;110;102;129,2048;2048;2048;2048,256,0
1,shared-bias,256,128,0,partitioned-local,8192,452,5.517578125,6.298828125,111;110;102;129,2048;2048;2048;2048,256,0
1,shared-bias,256,128,4,shared-global,8192,463,5.65185546875,5.95703125,121;115;105;122,2048;2048;2048;2048,256,4
1,shared-bias,256,128,4,shared-local,8192,463,5.65185546875,5.95703125,122;114;105;122,2048;2048;2048;2048,256,16
1,shared-bias,256,128,4,partitioned-local,8192,467,5.70068359375,6.103515625,120;116;106;125,2048;2048;2048;2048,256,16
1,shared-bias,256,128,8,shared-global,8192,467,5.70068359375,6.298828125,117;115;106;129,2048;2048;2048;2048,256,8
1,shared-bias,256,128,8,shared-local,8192,467,5.70068359375,6.298828125,118;115;105;129,2048;2048;2048;2048,256,32
1,shared-bias,256,128,8,partitioned-local,8192,471,5.74951171875,6.4453125,115;114;110;132,2048;2048;2048;2048,256,32
1,shared-bias,256,512,0,shared-global,8192,451,5.50537109375,6.298828125,110;110;102;129,2048;2048;2048;2048,1024,0
1,shared-bias,256,512,0,shared-local,8192,451,5.50537109375,6.298828125,110;110;102;129,2048;2048;2048;2048,1024,0
1,shared-bias,256,512,0,partitioned-local,8192,452,5.517578125,6.298828125,111;110;102;129,2048;2048;2048;2048,1024,0
1,shared-bias,256,512,4,shared-global,8192,463,5.65185546875,5.95703125,121;115;105;122,2048;2048;2048;2048,1024,4
1,shared-bias,256,512,4,shared-local,8192,463,5.65185546875,5.95703125,122;114;105;122,2048;2048;2048;2048,1024,16
1,shared-bias,256,512,4,partitioned-local,8192,467,5.70068359375,6.103515625,120;116;106;125,2048;2048;2048;2048,1024,16
1,shared-bias,256,512,8,shared-global,8192,477,5.82275390625,6.54296875,119;117;107;134,2048;2048;2048;2048,1024,8
1,shared-bias,256,512,8,shared-local,8192,475,5.79833984375,6.54296875,119;115;107;134,2048;2048;2048;2048,1024,32
1,shared-bias,256,512,8,partitioned-local,8192,514,6.2744140625,7.03125,128;122;120;144,2048;2048;2048;2048,1024,32
1,capacity-pressure,1,32,0,shared-global,8192,1239,15.12451171875,43.359375,888;115;122;114,2048;2048;2048;2048,64,0
1,capacity-pressure,1,32,0,shared-local,8192,1239,15.12451171875,43.359375,888;115;122;114,2048;2048;2048;2048,64,0
1,capacity-pressure,1,32,0,partitioned-local,8192,1325,16.17431640625,47.998046875,983;112;118;112,2048;2048;2048;2048,64,0
1,capacity-pressure,1,32,4,shared-global,8192,1426,17.4072265625,49.21875,1008;143;134;141,2048;2048;2048;2048,64,4
1,capacity-pressure,1,32,4,shared-local,8192,1427,17.41943359375,49.21875,1008;142;144;133,2048;2048;2048;2048,64,16
1,capacity-pressure,1,32,4,partitioned-local,8192,1382,16.8701171875,50.537109375,1035;113;119;115,2048;2048;2048;2048,64,16
1,capacity-pressure,1,32,8,shared-global,8192,1498,18.2861328125,49.755859375,1019;183;146;150,2048;2048;2048;2048,64,8
1,capacity-pressure,1,32,8,shared-local,8192,1402,17.1142578125,47.0703125,964;145;161;132,2048;2048;2048;2048,64,32
1,capacity-pressure,1,32,8,partitioned-local,8192,1382,16.8701171875,50.537109375,1035;113;119;115,2048;2048;2048;2048,64,32
1,capacity-pressure,1,128,0,shared-global,8192,988,12.060546875,31.298828125,641;116;118;113,2048;2048;2048;2048,256,0
1,capacity-pressure,1,128,0,shared-local,8192,988,12.060546875,31.298828125,641;116;118;113,2048;2048;2048;2048,256,0
1,capacity-pressure,1,128,0,partitioned-local,8192,1214,14.8193359375,42.578125,872;112;118;112,2048;2048;2048;2048,256,0
1,capacity-pressure,1,128,4,shared-global,8192,1191,14.53857421875,40.8203125,836;119;121;115,2048;2048;2048;2048,256,4
1,capacity-pressure,1,128,4,shared-local,8192,1355,16.54052734375,48.6328125,996;120;125;114,2048;2048;2048;2048,256,16
1,capacity-pressure,1,128,4,partitioned-local,8192,1369,16.71142578125,49.51171875,1014;121;120;114,2048;2048;2048;2048,256,16
1,capacity-pressure,1,128,8,shared-global,8192,1374,16.7724609375,44.970703125,921;153;145;155,2048;2048;2048;2048,256,8
1,capacity-pressure,1,128,8,shared-local,8192,1416,17.28515625,49.12109375,1006;138;148;124,2048;2048;2048;2048,256,32
1,capacity-pressure,1,128,8,partitioned-local,8192,1372,16.748046875,49.560546875,1015;120;120;117,2048;2048;2048;2048,256,32
1,capacity-pressure,1,512,0,shared-global,8192,476,5.810546875,6.54296875,134;112;118;112,2048;2048;2048;2048,1024,0
1,capacity-pressure,1,512,0,shared-local,8192,476,5.810546875,6.54296875,134;112;118;112,2048;2048;2048;2048,1024,0
1,capacity-pressure,1,512,0,partitioned-local,8192,968,11.81640625,30.56640625,626;112;118;112,2048;2048;2048;2048,1024,0
1,capacity-pressure,1,512,4,shared-global,8192,1048,12.79296875,34.47265625,706;116;115;111,2048;2048;2048;2048,1024,4
1,capacity-pressure,1,512,4,shared-local,8192,1321,16.12548828125,47.607421875,975;119;120;107,2048;2048;2048;2048,1024,16
1,capacity-pressure,1,512,4,partitioned-local,8192,1363,16.63818359375,49.21875,1008;121;120;114,2048;2048;2048;2048,1024,16
1,capacity-pressure,1,512,8,shared-global,8192,1272,15.52734375,43.212890625,885;127;133;127,2048;2048;2048;2048,1024,8
1,capacity-pressure,1,512,8,shared-local,8192,1385,16.90673828125,49.560546875,1015;130;121;119,2048;2048;2048;2048,1024,32
1,capacity-pressure,1,512,8,partitioned-local,8192,1410,17.2119140625,49.951171875,1023;136;122;129,2048;2048;2048;2048,1024,32
1,capacity-pressure,16,32,0,shared-global,8192,1222,14.9169921875,43.310546875,887;107;123;105,2048;2048;2048;2048,64,0
1,capacity-pressure,16,32,0,shared-local,8192,1222,14.9169921875,43.310546875,887;107;123;105,2048;2048;2048;2048,64,0
1,capacity-pressure,16,32,0,partitioned-local,8192,1305,15.93017578125,48.291015625,989;101;112;103,2048;2048;2048;2048,64,0
1,capacity-pressure,16,32,4,shared-global,8192,1519,18.54248046875,52.34375,1072;179;150;118,2048;2048;2048;2048,64,4
1,capacity-pressure,16,32,4,shared-local,8192,1455,17.76123046875,51.513671875,1055;139;144;117,2048;2048;2048;2048,64,16
1,capacity-pressure,16,32,4,partitioned-local,8192,1348,16.455078125,50.146484375,1027;104;113;104,2048;2048;2048;2048,64,16
1,capacity-pressure,16,32,8,shared-global,8192,1551,18.93310546875,51.318359375,1051;213;160;127,2048;2048;2048;2048,64,8
1,capacity-pressure,16,32,8,shared-local,8192,1457,17.78564453125,49.609375,1016;146;157;138,2048;2048;2048;2048,64,32
1,capacity-pressure,16,32,8,partitioned-local,8192,1348,16.455078125,50.146484375,1027;104;113;104,2048;2048;2048;2048,64,32
1,capacity-pressure,16,128,0,shared-global,8192,921,11.24267578125,29.443359375,603;102;112;104,2048;2048;2048;2048,256,0
1,capacity-pressure,16,128,0,shared-local,8192,921,11.24267578125,29.443359375,603;102;112;104,2048;2048;2048;2048,256,0
1,capacity-pressure,16,128,0,partitioned-local,8192,1179,14.39208984375,42.138671875,863;101;112;103,2048;2048;2048;2048,256,0
1,capacity-pressure,16,128,4,shared-global,8192,1344,16.40625,49.365234375,1011;117;111;105,2048;2048;2048;2048,256,4
1,capacity-pressure,16,128,4,shared-local,8192,1298,15.8447265625,47.412109375,971;111;112;104,2048;2048;2048;2048,256,16
1,capacity-pressure,16,128,4,partitioned-local,8192,1350,16.4794921875,49.951171875,1023;106;115;106,2048;2048;2048;2048,256,16
1,capacity-pressure,16,128,8,shared-global,8192,1536,18.75,50.927734375,1043;219;143;131,2048;2048;2048;2048,256,8
1,capacity-pressure,16,128,8,shared-local,8192,1450,17.7001953125,51.3671875,1052;128;144;126,2048;2048;2048;2048,256,32
1,capacity-pressure,16,128,8,partitioned-local,8192,1384,16.89453125,50.439453125,1033;118;120;113,2048;2048;2048;2048,256,32
1,capacity-pressure,16,512,0,shared-global,8192,447,5.45654296875,6.396484375,131;101;112;103,2048;2048;2048;2048,1024,0
1,capacity-pressure,16,512,0,shared-local,8192,447,5.45654296875,6.396484375,131;101;112;103,2048;2048;2048;2048,1024,0
1,capacity-pressure,16,512,0,partitioned-local,8192,907,11.07177734375,28.857421875,591;101;112;103,2048;2048;2048;2048,1024,0
1,capacity-pressure,16,512,4,shared-global,8192,1263,15.41748046875,46.142578125,945;106;108;104,2048;2048;2048;2048,1024,4
1,capacity-pressure,16,512,4,shared-local,8192,1251,15.27099609375,45.703125,936;105;108;102,2048;2048;2048;2048,1024,16
1,capacity-pressure,16,512,4,partitioned-local,8192,1298,15.8447265625,47.412109375,971;106;115;106,2048;2048;2048;2048,1024,16
1,capacity-pressure,16,512,8,shared-global,8192,1439,17.56591796875,49.51171875,1014;199;117;109,2048;2048;2048;2048,1024,8
1,capacity-pressure,16,512,8,shared-local,8192,1397,17.05322265625,50.87890625,1042;120;120;115,2048;2048;2048;2048,1024,32
1,capacity-pressure,16,512,8,partitioned-local,8192,1383,16.88232421875,49.755859375,1019;125;119;120,2048;2048;2048;2048,1024,32
1,capacity-pressure,256,32,0,shared-global,8192,1251,15.27099609375,42.724609375,875;121;124;131,2048;2048;2048;2048,64,0
1,capacity-pressure,256,32,0,shared-local,8192,1251,15.27099609375,42.724609375,875;121;124;131,2048;2048;2048;2048,64,0
1,capacity-pressure,256,32,0,partitioned-local,8192,1329,16.22314453125,47.75390625,978;111;115;125,2048;2048;2048;2048,64,0
1,capacity-pressure,256,32,4,shared-global,8192,1456,17.7734375,49.8046875,1020;171;136;129,2048;2048;2048;2048,64,4
1,capacity-pressure,256,32,4,shared-local,8192,1458,17.7978515625,49.951171875,1023;165;139;131,2048;2048;2048;2048,64,16
1,capacity-pressure,256,32,4,partitioned-local,8192,1392,16.9921875,50.634765625,1037;116;113;126,2048;2048;2048;2048,64,16
1,capacity-pressure,256,32,8,shared-global,8192,1462,17.8466796875,49.90234375,1022;161;148;131,2048;2048;2048;2048,64,8
1,capacity-pressure,256,32,8,shared-local,8192,1461,17.83447265625,50.146484375,1027;155;148;131,2048;2048;2048;2048,64,32
1,capacity-pressure,256,32,8,partitioned-local,8192,1392,16.9921875,50.634765625,1037;116;113;126,2048;2048;2048;2048,64,32
1,capacity-pressure,256,128,0,shared-global,8192,956,11.669921875,29.052734375,595;118;115;128,2048;2048;2048;2048,256,0
1,capacity-pressure,256,128,0,shared-local,8192,956,11.669921875,29.052734375,595;118;115;128,2048;2048;2048;2048,256,0
1,capacity-pressure,256,128,0,partitioned-local,8192,1226,14.9658203125,42.724609375,875;111;115;125,2048;2048;2048;2048,256,0
1,capacity-pressure,256,128,4,shared-global,8192,1396,17.041015625,50.439453125,1033;121;119;123,2048;2048;2048;2048,256,4
1,capacity-pressure,256,128,4,shared-local,8192,1388,16.943359375,49.951171875,1023;123;119;123,2048;2048;2048;2048,256,16
1,capacity-pressure,256,128,4,partitioned-local,8192,1378,16.8212890625,49.951171875,1023;116;115;124,2048;2048;2048;2048,256,16
1,capacity-pressure,256,128,8,shared-global,8192,1477,18.02978515625,49.8046875,1020;167;146;144,2048;2048;2048;2048,256,8
1,capacity-pressure,256,128,8,shared-local,8192,1470,17.9443359375,50.439453125,1033;152;143;142,2048;2048;2048;2048,256,32
1,capacity-pressure,256,128,8,partitioned-local,8192,1380,16.845703125,49.609375,1016;121;118;125,2048;2048;2048;2048,256,32
1,capacity-pressure,256,512,0,shared-global,8192,472,5.76171875,6.103515625,121;111;115;125,2048;2048;2048;2048,1024,0
1,capacity-pressure,256,512,0,shared-local,8192,472,5.76171875,6.103515625,121;111;115;125,2048;2048;2048;2048,1024,0
1,capacity-pressure,256,512,0,partitioned-local,8192,932,11.376953125,28.369140625,581;111;115;125,2048;2048;2048;2048,1024,0
1,capacity-pressure,256,512,4,shared-global,8192,1302,15.8935546875,46.77734375,958;110;111;123,2048;2048;2048;2048,1024,4
1,capacity-pressure,256,512,4,shared-local,8192,1301,15.88134765625,46.728515625,957;110;111;123,2048;2048;2048;2048,1024,16
1,capacity-pressure,256,512,4,partitioned-local,8192,1385,16.90673828125,50.29296875,1030;116;115;124,2048;2048;2048;2048,1024,16
1,capacity-pressure,256,512,8,shared-global,8192,1396,17.041015625,48.681640625,997;140;128;131,2048;2048;2048;2048,1024,8
1,capacity-pressure,256,512,8,shared-local,8192,1387,16.93115234375,48.779296875,999;132;126;130,2048;2048;2048;2048,1024,32
1,capacity-pressure,256,512,8,partitioned-local,8192,1434,17.5048828125,49.90234375,1022;142;136;134,2048;2048;2048;2048,1024,32
1,thread-alternation,1,32,0,shared-global,8192,4096,50.0,100.0,2048;2048;0;0,2048;2048;2048;2048,64,0
1,thread-alternation,1,32,0,shared-local,8192,4096,50.0,100.0,2048;2048;0;0,2048;2048;2048;2048,64,0
1,thread-alternation,1,32,0,partitioned-local,8192,8192,100.0,100.0,2048;2048;2048;2048,2048;2048;2048;2048,64,0
1,thread-alternation,1,32,4,shared-global,8192,0,0.0,0.0,0;0;0;0,2048;2048;2048;2048,64,4
1,thread-alternation,1,32,4,shared-local,8192,0,0.0,0.0,0;0;0;0,2048;2048;2048;2048,64,16
1,thread-alternation,1,32,4,partitioned-local,8192,0,0.0,0.0,0;0;0;0,2048;2048;2048;2048,64,16
1,thread-alternation,1,32,8,shared-global,8192,0,0.0,0.0,0;0;0;0,2048;2048;2048;2048,64,8
1,thread-alternation,1,32,8,shared-local,8192,0,0.0,0.0,0;0;0;0,2048;2048;2048;2048,64,32
1,thread-alternation,1,32,8,partitioned-local,8192,0,0.0,0.0,0;0;0;0,2048;2048;2048;2048,64,32
1,thread-alternation,1,128,0,shared-global,8192,4096,50.0,100.0,2048;2048;0;0,2048;2048;2048;2048,256,0
1,thread-alternation,1,128,0,shared-local,8192,4096,50.0,100.0,2048;2048;0;0,2048;2048;2048;2048,256,0
1,thread-alternation,1,128,0,partitioned-local,8192,8192,100.0,100.0,2048;2048;2048;2048,2048;2048;2048;2048,256,0
1,thread-alternation,1,128,4,shared-global,8192,0,0.0,0.0,0;0;0;0,2048;2048;2048;2048,256,4
1,thread-alternation,1,128,4,shared-local,8192,0,0.0,0.0,0;0;0;0,2048;2048;2048;2048,256,16
1,thread-alternation,1,128,4,partitioned-local,8192,0,0.0,0.0,0;0;0;0,2048;2048;2048;2048,256,16
1,thread-alternation,1,128,8,shared-global,8192,0,0.0,0.0,0;0;0;0,2048;2048;2048;2048,256,8
1,thread-alternation,1,128,8,shared-local,8192,0,0.0,0.0,0;0;0;0,2048;2048;2048;2048,256,32
1,thread-alternation,1,128,8,partitioned-local,8192,0,0.0,0.0,0;0;0;0,2048;2048;2048;2048,256,32
1,thread-alternation,1,512,0,shared-global,8192,4096,50.0,100.0,2048;2048;0;0,2048;2048;2048;2048,1024,0
1,thread-alternation,1,512,0,shared-local,8192,4096,50.0,100.0,2048;2048;0;0,2048;2048;2048;2048,1024,0
1,thread-alternation,1,512,0,partitioned-local,8192,8192,100.0,100.0,2048;2048;2048;2048,2048;2048;2048;2048,1024,0
1,thread-alternation,1,512,4,shared-global,8192,0,0.0,0.0,0;0;0;0,2048;2048;2048;2048,1024,4
1,thread-alternation,1,512,4,shared-local,8192,0,0.0,0.0,0;0;0;0,2048;2048;2048;2048,1024,16
1,thread-alternation,1,512,4,partitioned-local,8192,0,0.0,0.0,0;0;0;0,2048;2048;2048;2048,1024,16
1,thread-alternation,1,512,8,shared-global,8192,0,0.0,0.0,0;0;0;0,2048;2048;2048;2048,1024,8
1,thread-alternation,1,512,8,shared-local,8192,0,0.0,0.0,0;0;0;0,2048;2048;2048;2048,1024,32
1,thread-alternation,1,512,8,partitioned-local,8192,0,0.0,0.0,0;0;0;0,2048;2048;2048;2048,1024,32
1,thread-alternation,16,32,0,shared-global,8192,8192,100.0,100.0,2048;2048;2048;2048,2048;2048;2048;2048,64,0
1,thread-alternation,16,32,0,shared-local,8192,8192,100.0,100.0,2048;2048;2048;2048,2048;2048;2048;2048,64,0
1,thread-alternation,16,32,0,partitioned-local,8192,8192,100.0,100.0,2048;2048;2048;2048,2048;2048;2048;2048,64,0
1,thread-alternation,16,32,4,shared-global,8192,0,0.0,0.0,0;0;0;0,2048;2048;2048;2048,64,4
1,thread-alternation,16,32,4,shared-local,8192,0,0.0,0.0,0;0;0;0,2048;2048;2048;2048,64,16
1,thread-alternation,16,32,4,partitioned-local,8192,0,0.0,0.0,0;0;0;0,2048;2048;2048;2048,64,16
1,thread-alternation,16,32,8,shared-global,8192,0,0.0,0.0,0;0;0;0,2048;2048;2048;2048,64,8
1,thread-alternation,16,32,8,shared-local,8192,0,0.0,0.0,0;0;0;0,2048;2048;2048;2048,64,32
1,thread-alternation,16,32,8,partitioned-local,8192,0,0.0,0.0,0;0;0;0,2048;2048;2048;2048,64,32
1,thread-alternation,16,128,0,shared-global,8192,8192,100.0,100.0,2048;2048;2048;2048,2048;2048;2048;2048,256,0
1,thread-alternation,16,128,0,shared-local,8192,8192,100.0,100.0,2048;2048;2048;2048,2048;2048;2048;2048,256,0
1,thread-alternation,16,128,0,partitioned-local,8192,8192,100.0,100.0,2048;2048;2048;2048,2048;2048;2048;2048,256,0
1,thread-alternation,16,128,4,shared-global,8192,0,0.0,0.0,0;0;0;0,2048;2048;2048;2048,256,4
1,thread-alternation,16,128,4,shared-local,8192,0,0.0,0.0,0;0;0;0,2048;2048;2048;2048,256,16
1,thread-alternation,16,128,4,partitioned-local,8192,0,0.0,0.0,0;0;0;0,2048;2048;2048;2048,256,16
1,thread-alternation,16,128,8,shared-global,8192,0,0.0,0.0,0;0;0;0,2048;2048;2048;2048,256,8
1,thread-alternation,16,128,8,shared-local,8192,0,0.0,0.0,0;0;0;0,2048;2048;2048;2048,256,32
1,thread-alternation,16,128,8,partitioned-local,8192,0,0.0,0.0,0;0;0;0,2048;2048;2048;2048,256,32
1,thread-alternation,16,512,0,shared-global,8192,8192,100.0,100.0,2048;2048;2048;2048,2048;2048;2048;2048,1024,0
1,thread-alternation,16,512,0,shared-local,8192,8192,100.0,100.0,2048;2048;2048;2048,2048;2048;2048;2048,1024,0
1,thread-alternation,16,512,0,partitioned-local,8192,8192,100.0,100.0,2048;2048;2048;2048,2048;2048;2048;2048,1024,0
1,thread-alternation,16,512,4,shared-global,8192,0,0.0,0.0,0;0;0;0,2048;2048;2048;2048,1024,4
1,thread-alternation,16,512,4,shared-local,8192,0,0.0,0.0,0;0;0;0,2048;2048;2048;2048,1024,16
1,thread-alternation,16,512,4,partitioned-local,8192,0,0.0,0.0,0;0;0;0,2048;2048;2048;2048,1024,16
1,thread-alternation,16,512,8,shared-global,8192,0,0.0,0.0,0;0;0;0,2048;2048;2048;2048,1024,8
1,thread-alternation,16,512,8,shared-local,8192,0,0.0,0.0,0;0;0;0,2048;2048;2048;2048,1024,32
1,thread-alternation,16,512,8,partitioned-local,8192,0,0.0,0.0,0;0;0;0,2048;2048;2048;2048,1024,32
1,thread-alternation,256,32,0,shared-global,8192,8192,100.0,100.0,2048;2048;2048;2048,2048;2048;2048;2048,64,0
1,thread-alternation,256,32,0,shared-local,8192,8192,100.0,100.0,2048;2048;2048;2048,2048;2048;2048;2048,64,0
1,thread-alternation,256,32,0,partitioned-local,8192,8192,100.0,100.0,2048;2048;2048;2048,2048;2048;2048;2048,64,0
1,thread-alternation,256,32,4,shared-global,8192,0,0.0,0.0,0;0;0;0,2048;2048;2048;2048,64,4
1,thread-alternation,256,32,4,shared-local,8192,0,0.0,0.0,0;0;0;0,2048;2048;2048;2048,64,16
1,thread-alternation,256,32,4,partitioned-local,8192,0,0.0,0.0,0;0;0;0,2048;2048;2048;2048,64,16
1,thread-alternation,256,32,8,shared-global,8192,0,0.0,0.0,0;0;0;0,2048;2048;2048;2048,64,8
1,thread-alternation,256,32,8,shared-local,8192,0,0.0,0.0,0;0;0;0,2048;2048;2048;2048,64,32
1,thread-alternation,256,32,8,partitioned-local,8192,0,0.0,0.0,0;0;0;0,2048;2048;2048;2048,64,32
1,thread-alternation,256,128,0,shared-global,8192,8192,100.0,100.0,2048;2048;2048;2048,2048;2048;2048;2048,256,0
1,thread-alternation,256,128,0,shared-local,8192,8192,100.0,100.0,2048;2048;2048;2048,2048;2048;2048;2048,256,0
1,thread-alternation,256,128,0,partitioned-local,8192,8192,100.0,100.0,2048;2048;2048;2048,2048;2048;2048;2048,256,0
1,thread-alternation,256,128,4,shared-global,8192,0,0.0,0.0,0;0;0;0,2048;2048;2048;2048,256,4
1,thread-alternation,256,128,4,shared-local,8192,0,0.0,0.0,0;0;0;0,2048;2048;2048;2048,256,16
1,thread-alternation,256,128,4,partitioned-local,8192,0,0.0,0.0,0;0;0;0,2048;2048;2048;2048,256,16
1,thread-alternation,256,128,8,shared-global,8192,0,0.0,0.0,0;0;0;0,2048;2048;2048;2048,256,8
1,thread-alternation,256,128,8,shared-local,8192,0,0.0,0.0,0;0;0;0,2048;2048;2048;2048,256,32
1,thread-alternation,256,128,8,partitioned-local,8192,0,0.0,0.0,0;0;0;0,2048;2048;2048;2048,256,32
1,thread-alternation,256,512,0,shared-global,8192,8192,100.0,100.0,2048;2048;2048;2048,2048;2048;2048;2048,1024,0
1,thread-alternation,256,512,0,shared-local,8192,8192,100.0,100.0,2048;2048;2048;2048,2048;2048;2048;2048,1024,0
1,thread-alternation,256,512,0,partitioned-local,8192,8192,100.0,100.0,2048;2048;2048;2048,2048;2048;2048;2048,1024,0
1,thread-alternation,256,512,4,shared-global,8192,0,0.0,0.0,0;0;0;0,2048;2048;2048;2048,1024,4
1,thread-alternation,256,512,4,shared-local,8192,0,0.0,0.0,0;0;0;0,2048;2048;2048;2048,1024,16
1,thread-alternation,256,512,4,partitioned-local,8192,0,0.0,0.0,0;0;0;0,2048;2048;2048;2048,1024,16
1,thread-alternation,256,512,8,shared-global,8192,0,0.0,0.0,0;0;0;0,2048;2048;2048;2048,1024,8
1,thread-alternation,256,512,8,shared-local,8192,0,0.0,0.0,0;0;0;0,2048;2048;2048;2048,1024,32
1,thread-alternation,256,512,8,partitioned-local,8192,0,0.0,0.0,0;0;0;0,2048;2048;2048;2048,1024,32
2,opposing-bias,1,32,0,shared-global,8192,4099,50.03662109375,54.296875,957;1094;936;1112,2048;2048;2048;2048,64,0
2,opposing-bias,1,32,0,shared-local,8192,4099,50.03662109375,54.296875,957;1094;936;1112,2048;2048;2048;2048,64,0
2,opposing-bias,1,32,0,partitioned-local,8192,447,5.45654296875,5.908203125,101;117;108;121,2048;2048;2048;2048,64,0
2,opposing-bias,1,32,4,shared-global,8192,517,6.31103515625,6.787109375,113;137;128;139,2048;2048;2048;2048,64,4
2,opposing-bias,1,32,4,shared-local,8192,514,6.2744140625,6.8359375,113;132;140;129,2048;2048;2048;2048,64,16
2,opposing-bias,1,32,4,partitioned-local,8192,453,5.52978515625,5.95703125,108;113;110;122,2048;2048;2048;2048,64,16
2,opposing-bias,1,32,8,shared-global,8192,466,5.6884765625,6.298828125,105;122;110;129,2048;2048;2048;2048,64,8
2,opposing-bias,1,32,8,shared-local,8192,467,5.70068359375,6.0546875,108;124;115;120,2048;2048;2048;2048,64,32
2,opposing-bias,1,32,8,partitioned-local,8192,453,5.52978515625,5.95703125,108;113;110;122,2048;2048;2048;2048,64,32
2,opposing-bias,1,128,0,shared-global,8192,4099,50.03662109375,54.296875,957;1094;936;1112,2048;2048;2048;2048,256,0
2,opposing-bias,1,128,0,shared-local,8192,4099,50.03662109375,54.296875,957;1094;936;1112,2048;2048;2048;2048,256,0
2,opposing-bias,1,128,0,partitioned-local,8192,447,5.45654296875,5.908203125,101;117;108;121,2048;2048;2048;2048,256,0
2,opposing-bias,1,128,4,shared-global,8192,517,6.31103515625,6.787109375,113;137;128;139,2048;2048;2048;2048,256,4
2,opposing-bias,1,128,4,shared-local,8192,514,6.2744140625,6.8359375,113;132;140;129,2048;2048;2048;2048,256,16
2,opposing-bias,1,128,4,partitioned-local,8192,459,5.60302734375,6.005859375,106;118;112;123,2048;2048;2048;2048,256,16
2,opposing-bias,1,128,8,shared-global,8192,479,5.84716796875,6.201171875,113;117;122;127,2048;2048;2048;2048,256,8
2,opposing-bias,1,128,8,shared-local,8192,470,5.7373046875,5.908203125,111;120;118;121,2048;2048;2048;2048,256,32
2,opposing-bias,1,128,8,partitioned-local,8192,463,5.65185546875,5.95703125,106;120;115;122,2048;2048;2048;2048,256,32
2,opposing-bias,1,512,0,shared-global,8192,4099,50.03662109375,54.296875,957;1094;936;1112,2048;2048;2048;2048,1024,0
2,opposing-bias,1,512,0,shared-local,8192,4099,50.03662109375,54.296875,957;1094;936;1112,2048;2048;2048;2048,1024,0
2,opposing-bias,1,512,0,partitioned-local,8192,447,5.45654296875,5.908203125,101;117;108;121,2048;2048;2048;2048,1024,0
2,opposing-bias,1,512,4,shared-global,8192,517,6.31103515625,6.787109375,113;137;128;139,2048;2048;2048;2048,1024,4
2,opposing-bias,1,512,4,shared-local,8192,514,6.2744140625,6.8359375,113;132;140;129,2048;2048;2048;2048,1024,16
2,opposing-bias,1,512,4,partitioned-local,8192,459,5.60302734375,6.005859375,106;118;112;123,2048;2048;2048;2048,1024,16
2,opposing-bias,1,512,8,shared-global,8192,473,5.77392578125,6.005859375,114;115;121;123,2048;2048;2048;2048,1024,8
2,opposing-bias,1,512,8,shared-local,8192,479,5.84716796875,6.005859375,117;121;123;118,2048;2048;2048;2048,1024,32
2,opposing-bias,1,512,8,partitioned-local,8192,480,5.859375,6.15234375,114;120;126;120,2048;2048;2048;2048,1024,32
2,opposing-bias,16,32,0,shared-global,8192,1467,17.90771484375,18.65234375,367;366;352;382,2048;2048;2048;2048,64,0
2,opposing-bias,16,32,0,shared-local,8192,1467,17.90771484375,18.65234375,367;366;352;382,2048;2048;2048;2048,64,0
2,opposing-bias,16,32,0,partitioned-local,8192,473,5.77392578125,6.54296875,115;121;103;134,2048;2048;2048;2048,64,0
2,opposing-bias,16,32,4,shared-global,8192,1431,17.46826171875,18.26171875,357;365;335;374,2048;2048;2048;2048,64,4
2,opposing-bias,16,32,4,shared-local,8192,520,6.34765625,6.689453125,133;127;123;137,2048;2048;2048;2048,64,16
2,opposing-bias,16,32,4,partitioned-local,8192,465,5.67626953125,6.396484375,112;121;101;131,2048;2048;2048;2048,64,16
2,opposing-bias,16,32,8,shared-global,8192,1385,16.90673828125,17.626953125,345;357;322;361,2048;2048;2048;2048,64,8
2,opposing-bias,16,32,8,shared-local,8192,479,5.84716796875,6.591796875,114;126;104;135,2048;2048;2048;2048,64,32
2,opposing-bias,16,32,8,partitioned-local,8192,465,5.67626953125,6.396484375,112;121;101;131,2048;2048;2048;2048,64,32
2,opposing-bias,16,128,0,shared-global,8192,1467,17.90771484375,18.65234375,367;366;352;382,2048;2048;2048;2048,256,0
2,opposing-bias,16,128,0,shared-local,8192,1467,17.90771484375,18.65234375,367;366;352;382,2048;2048;2048;2048,256,0
2,opposing-bias,16,128,0,partitioned-local,8192,473,5.77392578125,6.54296875,115;121;103;134,2048;2048;2048;2048,256,0
2,opposing-bias,16,128,4,shared-global,8192,1431,17.46826171875,18.26171875,357;365;335;374,2048;2048;2048;2048,256,4
2,opposing-bias,16,128,4,shared-local,8192,520,6.34765625,6.689453125,133;127;123;137,2048;2048;2048;2048,256,16
2,opposing-bias,16,128,4,partitioned-local,8192,467,5.70068359375,6.25,114;120;105;128,2048;2048;2048;2048,256,16
2,opposing-bias,16,128,8,shared-global,8192,1400,17.08984375,17.919921875,358;343;332;367,2048;2048;2048;2048,256,8
2,opposing-bias,16,128,8,shared-local,8192,475,5.79833984375,6.396484375,111;121;112;131,2048;2048;2048;2048,256,32
2,opposing-bias,16,128,8,partitioned-local,8192,478,5.8349609375,6.640625,115;122;105;136,2048;2048;2048;2048,256,32
2,opposing-bias,16,512,0,shared-global,8192,1467,17.90771484375,18.65234375,367;366;352;382,2048;2048;2048;2048,1024,0
2,opposing-bias,16,512,0,shared-local,8192,1467,17.90771484375,18.65234375,367;366;352;382,2048;2048;2048;2048,1024,0
2,opposing-bias,16,512,0,partitioned-local,8192,473,5.77392578125,6.54296875,115;121;103;134,2048;2048;2048;2048,1024,0
2,opposing-bias,16,512,4,shared-global,8192,1431,17.46826171875,18.26171875,357;365;335;374,2048;2048;2048;2048,1024,4
2,opposing-bias,16,512,4,shared-local,8192,520,6.34765625,6.689453125,133;127;123;137,2048;2048;2048;2048,1024,16
2,opposing-bias,16,512,4,partitioned-local,8192,467,5.70068359375,6.25,114;120;105;128,2048;2048;2048;2048,1024,16
2,opposing-bias,16,512,8,shared-global,8192,1395,17.02880859375,18.115234375,371;350;326;348,2048;2048;2048;2048,1024,8
2,opposing-bias,16,512,8,shared-local,8192,476,5.810546875,6.25,113;121;114;128,2048;2048;2048;2048,1024,32
2,opposing-bias,16,512,8,partitioned-local,8192,496,6.0546875,6.396484375,124;125;116;131,2048;2048;2048;2048,1024,32
2,opposing-bias,256,32,0,shared-global,8192,500,6.103515625,7.2265625,100;118;148;134,2048;2048;2048;2048,64,0
2,opposing-bias,256,32,0,shared-local,8192,500,6.103515625,7.2265625,100;118;148;134,2048;2048;2048;2048,64,0
2,opposing-bias,256,32,0,partitioned-local,8192,436,5.322265625,6.4453125,85;100;132;119,2048;2048;2048;2048,64,0
2,opposing-bias,256,32,4,shared-global,8192,552,6.73828125,7.861328125,111;130;161;150,2048;2048;2048;2048,64,4
2,opposing-bias,256,32,4,shared-local,8192,488,5.95703125,7.177734375,101;109;147;131,2048;2048;2048;2048,64,16
2,opposing-bias,256,32,4,partitioned-local,8192,432,5.2734375,6.298828125,85;102;129;116,2048;2048;2048;2048,64,16
2,opposing-bias,256,32,8,shared-global,8192,534,6.5185546875,8.0078125,108;122;164;140,2048;2048;2048;2048,64,8
2,opposing-bias,256,32,8,shared-local,8192,441,5.38330078125,6.640625,87;102;136;116,2048;2048;2048;2048,64,32
2,opposing-bias,256,32,8,partitioned-local,8192,432,5.2734375,6.298828125,85;102;129;116,2048;2048;2048;2048,64,32
2,opposing-bias,256,128,0,shared-global,8192,500,6.103515625,7.2265625,100;118;148;134,2048;2048;2048;2048,256,0
2,opposing-bias,256,128,0,shared-local,8192,500,6.103515625,7.2265625,100;118;148;134,2048;2048;2048;2048,256,0
2,opposing-bias,256,128,0,partitioned-local,8192,436,5.322265625,6.4453125,85;100;132;119,2048;2048;2048;2048,256,0
2,opposing-bias,256,128,4,shared-global,8192,552,6.73828125,7.861328125,111;130;161;150,2048;2048;2048;2048,256,4
2,opposing-bias,256,128,4,shared-local,8192,488,5.95703125,7.177734375,101;109;147;131,2048;2048;2048;2048,256,16
2,opposing-bias,256,128,4,partitioned-local,8192,437,5.33447265625,6.396484375,89;101;131;116,2048;2048;2048;2048,256,16
2,opposing-bias,256,128,8,shared-global,8192,544,6.640625,8.154296875,117;123;167;137,2048;2048;2048;2048,256,8
2,opposing-bias,256,128,8,shared-local,8192,444,5.419921875,6.591796875,91;103;135;115,2048;2048;2048;2048,256,32
2,opposing-bias,256,128,8,partitioned-local,8192,445,5.43212890625,6.8359375,88;102;140;115,2048;2048;2048;2048,256,32
2,opposing-bias,256,512,0,shared-global,8192,500,6.103515625,7.2265625,100;118;148;134,2048;2048;2048;2048,1024,0
2,opposing-bias,256,512,0,shared-local,8192,500,6.103515625,7.2265625,100;118;148;134,2048;2048;2048;2048,1024,0
2,opposing-bias,256,512,0,partitioned-local,8192,436,5.322265625,6.4453125,85;100;132;119,2048;2048;2048;2048,1024,0
2,opposing-bias,256,512,4,shared-global,8192,552,6.73828125,7.861328125,111;130;161;150,2048;2048;2048;2048,1024,4
2,opposing-bias,256,512,4,shared-local,8192,488,5.95703125,7.177734375,101;109;147;131,2048;2048;2048;2048,1024,16
2,opposing-bias,256,512,4,partitioned-local,8192,437,5.33447265625,6.396484375,89;101;131;116,2048;2048;2048;2048,1024,16
2,opposing-bias,256,512,8,shared-global,8192,560,6.8359375,8.349609375,124;123;171;142,2048;2048;2048;2048,1024,8
2,opposing-bias,256,512,8,shared-local,8192,451,5.50537109375,6.73828125,95;102;138;116,2048;2048;2048;2048,1024,32
2,opposing-bias,256,512,8,partitioned-local,8192,460,5.615234375,7.275390625,92;103;149;116,2048;2048;2048;2048,1024,32
2,shared-bias,1,32,0,shared-global,8192,426,5.2001953125,5.517578125,107;98;113;108,2048;2048;2048;2048,64,0
2,shared-bias,1,32,0,shared-local,8192,426,5.2001953125,5.517578125,107;98;113;108,2048;2048;2048;2048,64,0
2,shared-bias,1,32,0,partitioned-local,8192,420,5.126953125,5.46875,101;99;108;112,2048;2048;2048;2048,64,0
2,shared-bias,1,32,4,shared-global,8192,430,5.2490234375,5.6640625,102;101;111;116,2048;2048;2048;2048,64,4
2,shared-bias,1,32,4,shared-local,8192,427,5.21240234375,5.46875,102;102;112;111,2048;2048;2048;2048,64,16
2,shared-bias,1,32,4,partitioned-local,8192,433,5.28564453125,5.56640625,108;101;110;114,2048;2048;2048;2048,64,16
2,shared-bias,1,32,8,shared-global,8192,427,5.21240234375,5.419921875,103;102;111;111,2048;2048;2048;2048,64,8
2,shared-bias,1,32,8,shared-local,8192,432,5.2734375,5.517578125,105;101;113;113,2048;2048;2048;2048,64,32
2,shared-bias,1,32,8,partitioned-local,8192,433,5.28564453125,5.56640625,108;101;110;114,2048;2048;2048;2048,64,32
2,shared-bias,1,128,0,shared-global,8192,426,5.2001953125,5.517578125,107;98;113;108,2048;2048;2048;2048,256,0
2,shared-bias,1,128,0,shared-local,8192,426,5.2001953125,5.517578125,107;98;113;108,2048;2048;2048;2048,256,0
2,shared-bias,1,128,0,partitioned-local,8192,420,5.126953125,5.46875,101;99;108;112,2048;2048;2048;2048,256,0
2,shared-bias,1,128,4,shared-global,8192,430,5.2490234375,5.6640625,102;101;111;116,2048;2048;2048;2048,256,4
2,shared-bias,1,128,4,shared-local,8192,427,5.21240234375,5.46875,102;102;112;111,2048;2048;2048;2048,256,16
2,shared-bias,1,128,4,partitioned-local,8192,438,5.3466796875,5.76171875,106;102;112;118,2048;2048;2048;2048,256,16
2,shared-bias,1,128,8,shared-global,8192,439,5.35888671875,5.615234375,106;104;114;115,2048;2048;2048;2048,256,8
2,shared-bias,1,128,8,shared-local,8192,433,5.28564453125,5.56640625,105;102;112;114,2048;2048;2048;2048,256,32
2,shared-bias,1,128,8,partitioned-local,8192,457,5.57861328125,6.25,106;108;115;128,2048;2048;2048;2048,256,32
2,shared-bias,1,512,0,shared-global,8192,426,5.2001953125,5.517578125,107;98;113;108,2048;2048;2048;2048,1024,0
2,shared-bias,1,512,0,shared-local,8192,426,5.2001953125,5.517578125,107;98;113;108,2048;2048;2048;2048,1024,0
2,shared-bias,1,512,0,partitioned-local,8192,420,5.126953125,5.46875,101;99;108;112,2048;2048;2048;2048,1024,0
2,shared-bias,1,512,4,shared-global,8192,430,5.2490234375,5.6640625,102;101;111;116,2048;2048;2048;2048,1024,4
2,shared-bias,1,512,4,shared-local,8192,427,5.21240234375,5.46875,102;102;112;111,2048;2048;2048;2048,1024,16
2,shared-bias,1,512,4,partitioned-local,8192,438,5.3466796875,5.76171875,106;102;112;118,2048;2048;2048;2048,1024,16
2,shared-bias,1,512,8,shared-global,8192,446,5.4443359375,5.810546875,103;106;118;119,2048;2048;2048;2048,1024,8
2,shared-bias,1,512,8,shared-local,8192,445,5.43212890625,5.6640625,108;105;116;116,2048;2048;2048;2048,1024,32
2,shared-bias,1,512,8,partitioned-local,8192,493,6.01806640625,6.396484375,114;122;126;131,2048;2048;2048;2048,1024,32
2,shared-bias,16,32,0,shared-global,8192,426,5.2001953125,5.56640625,114;97;101;114,2048;2048;2048;2048,64,0
2,shared-bias,16,32,0,shared-local,8192,426,5.2001953125,5.56640625,114;97;101;114,2048;2048;2048;2048,64,0
2,shared-bias,16,32,0,partitioned-local,8192,427,5.21240234375,5.615234375,115;96;103;113,2048;2048;2048;2048,64,0
2,shared-bias,16,32,4,shared-global,8192,430,5.2490234375,5.6640625,116;97;104;113,2048;2048;2048;2048,64,4
2,shared-bias,16,32,4,shared-local,8192,431,5.26123046875,5.517578125,112;98;108;113,2048;2048;2048;2048,64,16
2,shared-bias,16,32,4,partitioned-local,8192,423,5.16357421875,5.56640625,112;96;101;114,2048;2048;2048;2048,64,16
2,shared-bias,16,32,8,shared-global,8192,427,5.21240234375,5.56640625,114;95;104;114,2048;2048;2048;2048,64,8
2,shared-bias,16,32,8,shared-local,8192,427,5.21240234375,5.517578125,112;95;107;113,2048;2048;2048;2048,64,32
2,shared-bias,16,32,8,partitioned-local,8192,423,5.16357421875,5.56640625,112;96;101;114,2048;2048;2048;2048,64,32
2,shared-bias,16,128,0,shared-global,8192,426,5.2001953125,5.56640625,114;97;101;114,2048;2048;2048;2048,256,0
2,shared-bias,16,128,0,shared-local,8192,426,5.2001953125,5.56640625,114;97;101;114,2048;2048;2048;2048,256,0
2,shared-bias,16,128,0,partitioned-local,8192,427,5.21240234375,5.615234375,115;96;103;113,2048;2048;2048;2048,256,0
2,shared-bias,16,128,4,shared-global,8192,430,5.2490234375,5.6640625,116;97;104;113,2048;2048;2048;2048,256,4
2,shared-bias,16,128,4,shared-local,8192,431,5.26123046875,5.517578125,112;98;108;113,2048;2048;2048;2048,256,16
2,shared-bias,16,128,4,partitioned-local,8192,434,5.2978515625,5.6640625,114;99;105;116,2048;2048;2048;2048,256,16
2,shared-bias,16,128,8,shared-global,8192,439,5.35888671875,5.810546875,114;96;110;119,2048;2048;2048;2048,256,8
2,shared-bias,16,128,8,shared-local,8192,435,5.31005859375,5.615234375,112;98;110;115,2048;2048;2048;2048,256,32
2,shared-bias,16,128,8,partitioned-local,8192,442,5.3955078125,5.859375,115;102;105;120,2048;2048;2048;2048,256,32
2,shared-bias,16,512,0,shared-global,8192,426,5.2001953125,5.56640625,114;97;101;114,2048;2048;2048;2048,1024,0
2,shared-bias,16,512,0,shared-local,8192,426,5.2001953125,5.56640625,114;97;101;114,2048;2048;2048;2048,1024,0
2,shared-bias,16,512,0,partitioned-local,8192,427,5.21240234375,5.615234375,115;96;103;113,2048;2048;2048;2048,1024,0
2,shared-bias,16,512,4,shared-global,8192,430,5.2490234375,5.6640625,116;97;104;113,2048;2048;2048;2048,1024,4
2,shared-bias,16,512,4,shared-local,8192,431,5.26123046875,5.517578125,112;98;108;113,2048;2048;2048;2048,1024,16
2,shared-bias,16,512,4,partitioned-local,8192,434,5.2978515625,5.6640625,114;99;105;116,2048;2048;2048;2048,1024,16
2,shared-bias,16,512,8,shared-global,8192,446,5.4443359375,5.810546875,119;101;110;116,2048;2048;2048;2048,1024,8
2,shared-bias,16,512,8,shared-local,8192,439,5.35888671875,5.712890625,112;99;111;117,2048;2048;2048;2048,1024,32
2,shared-bias,16,512,8,partitioned-local,8192,476,5.810546875,6.15234375,124;110;116;126,2048;2048;2048;2048,1024,32
2,shared-bias,256,32,0,shared-global,8192,426,5.2001953125,6.4453125,85;98;132;111,2048;2048;2048;2048,64,0
2,shared-bias,256,32,0,shared-local,8192,426,5.2001953125,6.4453125,85;98;132;111,2048;2048;2048;2048,64,0
2,shared-bias,256,32,0,partitioned-local,8192,426,5.2001953125,6.4453125,85;98;132;111,2048;2048;2048;2048,64,0
2,shared-bias,256,32,4,shared-global,8192,430,5.2490234375,6.34765625,89;101;130;110,2048;2048;2048;2048,64,4
2,shared-bias,256,32,4,shared-local,8192,428,5.224609375,6.298828125,88;101;129;110,2048;2048;2048;2048,64,16
2,shared-bias,256,32,4,partitioned-local,8192,424,5.17578125,6.298828125,85;101;129;109,2048;2048;2048;2048,64,16
2,shared-bias,256,32,8,shared-global,8192,427,5.21240234375,6.591796875,85;101;135;106,2048;2048;2048;2048,64,8
2,shared-bias,256,32,8,shared-local,8192,426,5.2001953125,6.54296875,85;101;134;106,2048;2048;2048;2048,64,32
2,shared-bias,256,32,8,partitioned-local,8192,424,5.17578125,6.298828125,85;101;129;109,2048;2048;2048;2048,64,32
2,shared-bias,256,128,0,shared-global,8192,426,5.2001953125,6.4453125,85;98;132;111,2048;2048;2048;2048,256,0
2,shared-bias,256,128,0,shared-local,8192,426,5.2001953125,6.4453125,85;98;132;111,2048;2048;2048;2048,256,0
2,shared-bias,256,128,0,partitioned-local,8192,426,5.2001953125,6.4453125,85;98;132;111,2048;2048;2048;2048,256,0
2,shared-bias,256,128,4,shared-global,8192,430,5.2490234375,6.34765625,89;101;130;110,2048;2048;2048;2048,256,4
2,shared-bias,256,128,4,shared-local,8192,428,5.224609375,6.298828125,88;101;129;110,2048;2048;2048;2048,256,16
2,shared-bias,256,128,4,partitioned-local,8192,434,5.2978515625,6.396484375,89;101;131;113,2048;2048;2048;2048,256,16
2,shared-bias,256,128,8,shared-global,8192,439,5.35888671875,6.640625,87;101;136;115,2048;2048;2048;2048,256,8
2,shared-bias,256,128,8,shared-local,8192,438,5.3466796875,6.591796875,87;101;135;115,2048;2048;2048;2048,256,32
2,shared-bias,256,128,8,partitioned-local,8192,441,5.38330078125,6.8359375,88;102;140;111,2048;2048;2048;2048,256,32
2,shared-bias,256,512,0,shared-global,8192,426,5.2001953125,6.4453125,85;98;132;111,2048;2048;2048;2048,1024,0
2,shared-bias,256,512,0,shared-local,8192,426,5.2001953125,6.4453125,85;98;132;111,2048;2048;2048;2048,1024,0
2,shared-bias,256,512,0,partitioned-local,8192,426,5.2001953125,6.4453125,85;98;132;111,2048;2048;2048;2048,1024,0
2,shared-bias,256,512,4,shared-global,8192,430,5.2490234375,6.34765625,89;101;130;110,2048;2048;2048;2048,1024,4
2,shared-bias,256,512,4,shared-local,8192,428,5.224609375,6.298828125,88;101;129;110,2048;2048;2048;2048,1024,16
2,shared-bias,256,512,4,partitioned-local,8192,434,5.2978515625,6.396484375,89;101;131;113,2048;2048;2048;2048,1024,16
2,shared-bias,256,512,8,shared-global,8192,446,5.4443359375,6.689453125,87;104;137;118,2048;2048;2048;2048,1024,8
2,shared-bias,256,512,8,shared-local,8192,445,5.43212890625,6.640625,87;104;136;118,2048;2048;2048;2048,1024,32
2,shared-bias,256,512,8,partitioned-local,8192,476,5.810546875,7.275390625,92;109;149;126,2048;2048;2048;2048,1024,32
2,capacity-pressure,1,32,0,shared-global,8192,1236,15.087890625,42.724609375,875;123;118;120,2048;2048;2048;2048,64,0
2,capacity-pressure,1,32,0,shared-local,8192,1236,15.087890625,42.724609375,875;123;118;120,2048;2048;2048;2048,64,0
2,capacity-pressure,1,32,0,partitioned-local,8192,1293,15.78369140625,46.142578125,945;120;113;115,2048;2048;2048;2048,64,0
2,capacity-pressure,1,32,4,shared-global,8192,1463,17.85888671875,50.0,1024;156;135;148,2048;2048;2048;2048,64,4
2,capacity-pressure,1,32,4,shared-local,8192,1481,18.07861328125,51.46484375,1054;143;141;143,2048;2048;2048;2048,64,16
2,capacity-pressure,1,32,4,partitioned-local,8192,1330,16.2353515625,47.900390625,981;121;116;112,2048;2048;2048;2048,64,16
2,capacity-pressure,1,32,8,shared-global,8192,1501,18.32275390625,49.8046875,1020;175;147;159,2048;2048;2048;2048,64,8
2,capacity-pressure,1,32,8,shared-local,8192,1498,18.2861328125,50.48828125,1034;151;158;155,2048;2048;2048;2048,64,32
2,capacity-pressure,1,32,8,partitioned-local,8192,1330,16.2353515625,47.900390625,981;121;116;112,2048;2048;2048;2048,64,32
2,capacity-pressure,1,128,0,shared-global,8192,947,11.56005859375,29.1015625,596;121;115;115,2048;2048;2048;2048,256,0
2,capacity-pressure,1,128,0,shared-local,8192,947,11.56005859375,29.1015625,596;121;115;115,2048;2048;2048;2048,256,0
2,capacity-pressure,1,128,0,partitioned-local,8192,1224,14.94140625,42.7734375,876;120;113;115,2048;2048;2048;2048,256,0
2,capacity-pressure,1,128,4,shared-global,8192,1162,14.1845703125,38.671875,792;135;114;121,2048;2048;2048;2048,256,4
2,capacity-pressure,1,128,4,shared-local,8192,1361,16.61376953125,48.53515625,994;130;119;118,2048;2048;2048;2048,256,16
2,capacity-pressure,1,128,4,partitioned-local,8192,1360,16.6015625,49.4140625,1012;124;115;109,2048;2048;2048;2048,256,16
2,capacity-pressure,1,128,8,shared-global,8192,1393,17.00439453125,44.43359375,910;174;153;156,2048;2048;2048;2048,256,8
2,capacity-pressure,1,128,8,shared-local,8192,1441,17.59033203125,50.341796875,1031;141;127;142,2048;2048;2048;2048,256,32
2,capacity-pressure,1,128,8,partitioned-local,8192,1419,17.32177734375,51.66015625,1058;124;119;118,2048;2048;2048;2048,256,32
2,capacity-pressure,1,512,0,shared-global,8192,481,5.87158203125,6.494140625,133;120;113;115,2048;2048;2048;2048,1024,0
2,capacity-pressure,1,512,0,shared-local,8192,481,5.87158203125,6.494140625,133;120;113;115,2048;2048;2048;2048,1024,0
2,capacity-pressure,1,512,0,partitioned-local,8192,950,11.5966796875,29.39453125,602;120;113;115,2048;2048;2048;2048,1024,0
2,capacity-pressure,1,512,4,shared-global,8192,996,12.158203125,31.73828125,650;124;112;110,2048;2048;2048;2048,1024,4
2,capacity-pressure,1,512,4,shared-local,8192,1245,15.19775390625,43.798828125,897;122;114;112,2048;2048;2048;2048,1024,16
2,capacity-pressure,1,512,4,partitioned-local,8192,1329,16.22314453125,47.900390625,981;124;115;109,2048;2048;2048;2048,1024,16
2,capacity-pressure,1,512,8,shared-global,8192,1226,14.9658203125,40.673828125,833;131;127;135,2048;2048;2048;2048,1024,8
2,capacity-pressure,1,512,8,shared-local,8192,1403,17.12646484375,50.537109375,1035;129;117;122,2048;2048;2048;2048,1024,32
2,capacity-pressure,1,512,8,partitioned-local,8192,1414,17.2607421875,50.830078125,1041;125;123;125,2048;2048;2048;2048,1024,32
2,capacity-pressure,16,32,0,shared-global,8192,1143,13.95263671875,39.6484375,812;110;96;125,2048;2048;2048;2048,64,0
2,capacity-pressure,16,32,0,shared-local,8192,1143,13.95263671875,39.6484375,812;110;96;125,2048;2048;2048;2048,64,0
2,capacity-pressure,16,32,0,partitioned-local,8192,1231,15.02685546875,44.775390625,917;104;90;120,2048;2048;2048;2048,64,0
2,capacity-pressure,16,32,4,shared-global,8192,1484,18.115234375,51.220703125,1049;179;115;141,2048;2048;2048;2048,64,4
2,capacity-pressure,16,32,4,shared-local,8192,1456,17.7734375,50.78125,1040;147;118;151,2048;2048;2048;2048,64,16
2,capacity-pressure,16,32,4,partitioned-local,8192,1329,16.22314453125,49.8046875,1020;105;88;116,2048;2048;2048;2048,64,16
2,capacity-pressure,16,32,8,shared-global,8192,1584,19.3359375,52.392578125,1073;237;120;154,2048;2048;2048;2048,64,8
2,capacity-pressure,16,32,8,shared-local,8192,1492,18.212890625,51.123046875,1047;145;137;163,2048;2048;2048;2048,64,32
2,capacity-pressure,16,32,8,partitioned-local,8192,1329,16.22314453125,49.8046875,1020;105;88;116,2048;2048;2048;2048,64,32
2,capacity-pressure,16,128,0,shared-global,8192,937,11.43798828125,30.2734375,620;106;91;120,2048;2048;2048;2048,256,0
2,capacity-pressure,16,128,0,shared-local,8192,937,11.43798828125,30.2734375,620;106;91;120,2048;2048;2048;2048,256,0
2,capacity-pressure,16,128,0,partitioned-local,8192,1131,13.80615234375,39.892578125,817;104;90;120,2048;2048;2048;2048,256,0
2,capacity-pressure,16,128,4,shared-global,8192,1288,15.72265625,45.703125,936;130;93;129,2048;2048;2048;2048,256,4
2,capacity-pressure,16,128,4,shared-local,8192,1275,15.56396484375,45.703125,936;113;99;127,2048;2048;2048;2048,256,16
2,capacity-pressure,16,128,4,partitioned-local,8192,1324,16.162109375,48.779296875,999;111;92;122,2048;2048;2048;2048,256,16
2,capacity-pressure,16,128,8,shared-global,8192,1550,18.9208984375,50.9765625,1044;242;120;144,2048;2048;2048;2048,256,8
2,capacity-pressure,16,128,8,shared-local,8192,1416,17.28515625,49.853515625,1021;136;110;149,2048;2048;2048;2048,256,32
2,capacity-pressure,16,128,8,partitioned-local,8192,1343,16.39404296875,49.462890625,1013;112;94;124,2048;2048;2048;2048,256,32
2,capacity-pressure,16,512,0,shared-global,8192,461,5.62744140625,7.177734375,147;104;90;120,2048;2048;2048;2048,1024,0
2,capacity-pressure,16,512,0,shared-local,8192,461,5.62744140625,7.177734375,147;104;90;120,2048;2048;2048;2048,1024,0
2,capacity-pressure,16,512,0,partitioned-local,8192,937,11.43798828125,30.419921875,623;104;90;120,2048;2048;2048;2048,1024,0
2,capacity-pressure,16,512,4,shared-global,8192,1204,14.697265625,43.310546875,887;106;88;123,2048;2048;2048;2048,1024,4
2,capacity-pressure,16,512,4,shared-local,8192,1205,14.70947265625,43.45703125,890;105;89;121,2048;2048;2048;2048,1024,16
2,capacity-pressure,16,512,4,partitioned-local,8192,1251,15.27099609375,45.21484375,926;111;92;122,2048;2048;2048;2048,1024,16
2,capacity-pressure,16,512,8,shared-global,8192,1359,16.58935546875,46.630859375,955;175;99;130,2048;2048;2048;2048,1024,8
2,capacity-pressure,16,512,8,shared-local,8192,1373,16.76025390625,50.341796875,1031;116;98;128,2048;2048;2048;2048,1024,32
2,capacity-pressure,16,512,8,partitioned-local,8192,1374,16.7724609375,49.560546875,1015;122;104;133,2048;2048;2048;2048,1024,32
2,capacity-pressure,256,32,0,shared-global,8192,1126,13.7451171875,39.55078125,810;110;113;93,2048;2048;2048;2048,64,0
2,capacity-pressure,256,32,0,shared-local,8192,1126,13.7451171875,39.55078125,810;110;113;93,2048;2048;2048;2048,64,0
2,capacity-pressure,256,32,0,partitioned-local,8192,1281,15.63720703125,47.705078125,977;109;103;92,2048;2048;2048;2048,64,0
2,capacity-pressure,256,32,4,shared-global,8192,1433,17.49267578125,50.48828125,1034;168;129;102,2048;2048;2048;2048,64,4
2,capacity-pressure,256,32,4,shared-local,8192,1425,17.39501953125,50.5859375,1036;156;130;103,2048;2048;2048;2048,64,16
2,capacity-pressure,256,32,4,partitioned-local,8192,1349,16.46728515625,50.732421875,1039;109;107;94,2048;2048;2048;2048,64,16
2,capacity-pressure,256,32,8,shared-global,8192,1458,17.7978515625,50.5859375,1036;183;139;100,2048;2048;2048;2048,64,8
2,capacity-pressure,256,32,8,shared-local,8192,1454,17.7490234375,50.68359375,1038;170;143;103,2048;2048;2048;2048,64,32
2,capacity-pressure,256,32,8,partitioned-local,8192,1349,16.46728515625,50.732421875,1039;109;107;94,2048;2048;2048;2048,64,32
2,capacity-pressure,256,128,0,shared-global,8192,936,11.42578125,30.908203125,633;109;103;91,2048;2048;2048;2048,256,0
2,capacity-pressure,256,128,0,shared-local,8192,936,11.42578125,30.908203125,633;109;103;91,2048;2048;2048;2048,256,0
2,capacity-pressure,256,128,0,partitioned-local,8192,1120,13.671875,39.84375,816;109;103;92,2048;2048;2048;2048,256,0
2,capacity-pressure,256,128,4,shared-global,8192,1314,16.0400390625,47.119140625,965;141;110;98,2048;2048;2048;2048,256,4
2,capacity-pressure,256,128,4,shared-local,8192,1304,15.91796875,47.119140625,965;131;112;96,2048;2048;2048;2048,256,16
2,capacity-pressure,256,128,4,partitioned-local,8192,1334,16.2841796875,49.51171875,1014;115;107;98,2048;2048;2048;2048,256,16
2,capacity-pressure,256,128,8,shared-global,8192,1436,17.529296875,50.68359375,1038;162;131;105,2048;2048;2048;2048,256,8
2,capacity-pressure,256,128,8,shared-local,8192,1433,17.49267578125,51.123046875,1047;146;130;110,2048;2048;2048;2048,256,32
2,capacity-pressure,256,128,8,partitioned-local,8192,1371,16.73583984375,51.07421875,1046;117;112;96,2048;2048;2048;2048,256,32
2,capacity-pressure,256,512,0,shared-global,8192,441,5.38330078125,6.689453125,137;109;103;92,2048;2048;2048;2048,1024,0
2,capacity-pressure,256,512,0,shared-local,8192,441,5.38330078125,6.689453125,137;109;103;92,2048;2048;2048;2048,1024,0
2,capacity-pressure,256,512,0,partitioned-local,8192,939,11.46240234375,31.005859375,635;109;103;92,2048;2048;2048;2048,1024,0
2,capacity-pressure,256,512,4,shared-global,8192,1211,14.78271484375,43.84765625,898;117;101;95,2048;2048;2048;2048,1024,4
2,capacity-pressure,256,512,4,shared-local,8192,1205,14.70947265625,43.701171875,895;114;102;94,2048;2048;2048;2048,1024,16
2,capacity-pressure,256,512,4,partitioned-local,8192,1282,15.6494140625,46.97265625,962;115;107;98,2048;2048;2048;2048,1024,16
2,capacity-pressure,256,512,8,shared-global,8192,1396,17.041015625,50.29296875,1030;144;120;102,2048;2048;2048;2048,1024,8
2,capacity-pressure,256,512,8,shared-local,8192,1380,16.845703125,50.29296875,1030;123;123;104,2048;2048;2048;2048,1024,32
2,capacity-pressure,256,512,8,partitioned-local,8192,1407,17.17529296875,51.025390625,1045;127;126;109,2048;2048;2048;2048,1024,32
2,thread-alternation,1,32,0,shared-global,8192,4096,50.0,100.0,2048;2048;0;0,2048;2048;2048;2048,64,0
2,thread-alternation,1,32,0,shared-local,8192,4096,50.0,100.0,2048;2048;0;0,2048;2048;2048;2048,64,0
2,thread-alternation,1,32,0,partitioned-local,8192,8192,100.0,100.0,2048;2048;2048;2048,2048;2048;2048;2048,64,0
2,thread-alternation,1,32,4,shared-global,8192,0,0.0,0.0,0;0;0;0,2048;2048;2048;2048,64,4
2,thread-alternation,1,32,4,shared-local,8192,0,0.0,0.0,0;0;0;0,2048;2048;2048;2048,64,16
2,thread-alternation,1,32,4,partitioned-local,8192,0,0.0,0.0,0;0;0;0,2048;2048;2048;2048,64,16
2,thread-alternation,1,32,8,shared-global,8192,0,0.0,0.0,0;0;0;0,2048;2048;2048;2048,64,8
2,thread-alternation,1,32,8,shared-local,8192,0,0.0,0.0,0;0;0;0,2048;2048;2048;2048,64,32
2,thread-alternation,1,32,8,partitioned-local,8192,0,0.0,0.0,0;0;0;0,2048;2048;2048;2048,64,32
2,thread-alternation,1,128,0,shared-global,8192,4096,50.0,100.0,2048;2048;0;0,2048;2048;2048;2048,256,0
2,thread-alternation,1,128,0,shared-local,8192,4096,50.0,100.0,2048;2048;0;0,2048;2048;2048;2048,256,0
2,thread-alternation,1,128,0,partitioned-local,8192,8192,100.0,100.0,2048;2048;2048;2048,2048;2048;2048;2048,256,0
2,thread-alternation,1,128,4,shared-global,8192,0,0.0,0.0,0;0;0;0,2048;2048;2048;2048,256,4
2,thread-alternation,1,128,4,shared-local,8192,0,0.0,0.0,0;0;0;0,2048;2048;2048;2048,256,16
2,thread-alternation,1,128,4,partitioned-local,8192,0,0.0,0.0,0;0;0;0,2048;2048;2048;2048,256,16
2,thread-alternation,1,128,8,shared-global,8192,0,0.0,0.0,0;0;0;0,2048;2048;2048;2048,256,8
2,thread-alternation,1,128,8,shared-local,8192,0,0.0,0.0,0;0;0;0,2048;2048;2048;2048,256,32
2,thread-alternation,1,128,8,partitioned-local,8192,0,0.0,0.0,0;0;0;0,2048;2048;2048;2048,256,32
2,thread-alternation,1,512,0,shared-global,8192,4096,50.0,100.0,2048;2048;0;0,2048;2048;2048;2048,1024,0
2,thread-alternation,1,512,0,shared-local,8192,4096,50.0,100.0,2048;2048;0;0,2048;2048;2048;2048,1024,0
2,thread-alternation,1,512,0,partitioned-local,8192,8192,100.0,100.0,2048;2048;2048;2048,2048;2048;2048;2048,1024,0
2,thread-alternation,1,512,4,shared-global,8192,0,0.0,0.0,0;0;0;0,2048;2048;2048;2048,1024,4
2,thread-alternation,1,512,4,shared-local,8192,0,0.0,0.0,0;0;0;0,2048;2048;2048;2048,1024,16
2,thread-alternation,1,512,4,partitioned-local,8192,0,0.0,0.0,0;0;0;0,2048;2048;2048;2048,1024,16
2,thread-alternation,1,512,8,shared-global,8192,0,0.0,0.0,0;0;0;0,2048;2048;2048;2048,1024,8
2,thread-alternation,1,512,8,shared-local,8192,0,0.0,0.0,0;0;0;0,2048;2048;2048;2048,1024,32
2,thread-alternation,1,512,8,partitioned-local,8192,0,0.0,0.0,0;0;0;0,2048;2048;2048;2048,1024,32
2,thread-alternation,16,32,0,shared-global,8192,8192,100.0,100.0,2048;2048;2048;2048,2048;2048;2048;2048,64,0
2,thread-alternation,16,32,0,shared-local,8192,8192,100.0,100.0,2048;2048;2048;2048,2048;2048;2048;2048,64,0
2,thread-alternation,16,32,0,partitioned-local,8192,8192,100.0,100.0,2048;2048;2048;2048,2048;2048;2048;2048,64,0
2,thread-alternation,16,32,4,shared-global,8192,0,0.0,0.0,0;0;0;0,2048;2048;2048;2048,64,4
2,thread-alternation,16,32,4,shared-local,8192,0,0.0,0.0,0;0;0;0,2048;2048;2048;2048,64,16
2,thread-alternation,16,32,4,partitioned-local,8192,0,0.0,0.0,0;0;0;0,2048;2048;2048;2048,64,16
2,thread-alternation,16,32,8,shared-global,8192,0,0.0,0.0,0;0;0;0,2048;2048;2048;2048,64,8
2,thread-alternation,16,32,8,shared-local,8192,0,0.0,0.0,0;0;0;0,2048;2048;2048;2048,64,32
2,thread-alternation,16,32,8,partitioned-local,8192,0,0.0,0.0,0;0;0;0,2048;2048;2048;2048,64,32
2,thread-alternation,16,128,0,shared-global,8192,8192,100.0,100.0,2048;2048;2048;2048,2048;2048;2048;2048,256,0
2,thread-alternation,16,128,0,shared-local,8192,8192,100.0,100.0,2048;2048;2048;2048,2048;2048;2048;2048,256,0
2,thread-alternation,16,128,0,partitioned-local,8192,8192,100.0,100.0,2048;2048;2048;2048,2048;2048;2048;2048,256,0
2,thread-alternation,16,128,4,shared-global,8192,0,0.0,0.0,0;0;0;0,2048;2048;2048;2048,256,4
2,thread-alternation,16,128,4,shared-local,8192,0,0.0,0.0,0;0;0;0,2048;2048;2048;2048,256,16
2,thread-alternation,16,128,4,partitioned-local,8192,0,0.0,0.0,0;0;0;0,2048;2048;2048;2048,256,16
2,thread-alternation,16,128,8,shared-global,8192,0,0.0,0.0,0;0;0;0,2048;2048;2048;2048,256,8
2,thread-alternation,16,128,8,shared-local,8192,0,0.0,0.0,0;0;0;0,2048;2048;2048;2048,256,32
2,thread-alternation,16,128,8,partitioned-local,8192,0,0.0,0.0,0;0;0;0,2048;2048;2048;2048,256,32
2,thread-alternation,16,512,0,shared-global,8192,8192,100.0,100.0,2048;2048;2048;2048,2048;2048;2048;2048,1024,0
2,thread-alternation,16,512,0,shared-local,8192,8192,100.0,100.0,2048;2048;2048;2048,2048;2048;2048;2048,1024,0
2,thread-alternation,16,512,0,partitioned-local,8192,8192,100.0,100.0,2048;2048;2048;2048,2048;2048;2048;2048,1024,0
2,thread-alternation,16,512,4,shared-global,8192,0,0.0,0.0,0;0;0;0,2048;2048;2048;2048,1024,4
2,thread-alternation,16,512,4,shared-local,8192,0,0.0,0.0,0;0;0;0,2048;2048;2048;2048,1024,16
2,thread-alternation,16,512,4,partitioned-local,8192,0,0.0,0.0,0;0;0;0,2048;2048;2048;2048,1024,16
2,thread-alternation,16,512,8,shared-global,8192,0,0.0,0.0,0;0;0;0,2048;2048;2048;2048,1024,8
2,thread-alternation,16,512,8,shared-local,8192,0,0.0,0.0,0;0;0;0,2048;2048;2048;2048,1024,32
2,thread-alternation,16,512,8,partitioned-local,8192,0,0.0,0.0,0;0;0;0,2048;2048;2048;2048,1024,32
2,thread-alternation,256,32,0,shared-global,8192,8192,100.0,100.0,2048;2048;2048;2048,2048;2048;2048;2048,64,0
2,thread-alternation,256,32,0,shared-local,8192,8192,100.0,100.0,2048;2048;2048;2048,2048;2048;2048;2048,64,0
2,thread-alternation,256,32,0,partitioned-local,8192,8192,100.0,100.0,2048;2048;2048;2048,2048;2048;2048;2048,64,0
2,thread-alternation,256,32,4,shared-global,8192,0,0.0,0.0,0;0;0;0,2048;2048;2048;2048,64,4
2,thread-alternation,256,32,4,shared-local,8192,0,0.0,0.0,0;0;0;0,2048;2048;2048;2048,64,16
2,thread-alternation,256,32,4,partitioned-local,8192,0,0.0,0.0,0;0;0;0,2048;2048;2048;2048,64,16
2,thread-alternation,256,32,8,shared-global,8192,0,0.0,0.0,0;0;0;0,2048;2048;2048;2048,64,8
2,thread-alternation,256,32,8,shared-local,8192,0,0.0,0.0,0;0;0;0,2048;2048;2048;2048,64,32
2,thread-alternation,256,32,8,partitioned-local,8192,0,0.0,0.0,0;0;0;0,2048;2048;2048;2048,64,32
2,thread-alternation,256,128,0,shared-global,8192,8192,100.0,100.0,2048;2048;2048;2048,2048;2048;2048;2048,256,0
2,thread-alternation,256,128,0,shared-local,8192,8192,100.0,100.0,2048;2048;2048;2048,2048;2048;2048;2048,256,0
2,thread-alternation,256,128,0,partitioned-local,8192,8192,100.0,100.0,2048;2048;2048;2048,2048;2048;2048;2048,256,0
2,thread-alternation,256,128,4,shared-global,8192,0,0.0,0.0,0;0;0;0,2048;2048;2048;2048,256,4
2,thread-alternation,256,128,4,shared-local,8192,0,0.0,0.0,0;0;0;0,2048;2048;2048;2048,256,16
2,thread-alternation,256,128,4,partitioned-local,8192,0,0.0,0.0,0;0;0;0,2048;2048;2048;2048,256,16
2,thread-alternation,256,128,8,shared-global,8192,0,0.0,0.0,0;0;0;0,2048;2048;2048;2048,256,8
2,thread-alternation,256,128,8,shared-local,8192,0,0.0,0.0,0;0;0;0,2048;2048;2048;2048,256,32
2,thread-alternation,256,128,8,partitioned-local,8192,0,0.0,0.0,0;0;0;0,2048;2048;2048;2048,256,32
2,thread-alternation,256,512,0,shared-global,8192,8192,100.0,100.0,2048;2048;2048;2048,2048;2048;2048;2048,1024,0
2,thread-alternation,256,512,0,shared-local,8192,8192,100.0,100.0,2048;2048;2048;2048,2048;2048;2048;2048,1024,0
2,thread-alternation,256,512,0,partitioned-local,8192,8192,100.0,100.0,2048;2048;2048;2048,2048;2048;2048;2048,1024,0
2,thread-alternation,256,512,4,shared-global,8192,0,0.0,0.0,0;0;0;0,2048;2048;2048;2048,1024,4
2,thread-alternation,256,512,4,shared-local,8192,0,0.0,0.0,0;0;0;0,2048;2048;2048;2048,1024,16
2,thread-alternation,256,512,4,partitioned-local,8192,0,0.0,0.0,0;0;0;0,2048;2048;2048;2048,1024,16
2,thread-alternation,256,512,8,shared-global,8192,0,0.0,0.0,0;0;0;0,2048;2048;2048;2048,1024,8
2,thread-alternation,256,512,8,shared-local,8192,0,0.0,0.0,0;0;0;0,2048;2048;2048;2048,1024,32
2,thread-alternation,256,512,8,partitioned-local,8192,0,0.0,0.0,0;0;0;0,2048;2048;2048;2048,1024,32
3,opposing-bias,1,32,0,shared-global,8192,4048,49.4140625,53.3203125,1091;941;1092;924,2048;2048;2048;2048,64,0
3,opposing-bias,1,32,0,shared-local,8192,4048,49.4140625,53.3203125,1091;941;1092;924,2048;2048;2048;2048,64,0
3,opposing-bias,1,32,0,partitioned-local,8192,437,5.33447265625,5.56640625,112;114;113;98,2048;2048;2048;2048,64,0
3,opposing-bias,1,32,4,shared-global,8192,511,6.23779296875,6.73828125,122;130;138;121,2048;2048;2048;2048,64,4
3,opposing-bias,1,32,4,shared-local,8192,494,6.0302734375,6.494140625,127;133;122;112,2048;2048;2048;2048,64,16
3,opposing-bias,1,32,4,partitioned-local,8192,448,5.46875,5.810546875,113;119;115;101,2048;2048;2048;2048,64,16
3,opposing-bias,1,32,8,shared-global,8192,466,5.6884765625,6.005859375,123;119;119;105,2048;2048;2048;2048,64,8
3,opposing-bias,1,32,8,shared-local,8192,447,5.45654296875,5.76171875,118;116;111;102,2048;2048;2048;2048,64,32
3,opposing-bias,1,32,8,partitioned-local,8192,448,5.46875,5.810546875,113;119;115;101,2048;2048;2048;2048,64,32
3,opposing-bias,1,128,0,shared-global,8192,4048,49.4140625,53.3203125,1091;941;1092;924,2048;2048;2048;2048,256,0
3,opposing-bias,1,128,0,shared-local,8192,4048,49.4140625,53.3203125,1091;941;1092;924,2048;2048;2048;2048,256,0
3,opposing-bias,1,128,0,partitioned-local,8192,437,5.33447265625,5.56640625,112;114;113;98,2048;2048;2048;2048,256,0
3,opposing-bias,1,128,4,shared-global,8192,511,6.23779296875,6.73828125,122;130;138;121,2048;2048;2048;2048,256,4
3,opposing-bias,1,128,4,shared-local,8192,494,6.0302734375,6.494140625,127;133;122;112,2048;2048;2048;2048,256,16
3,opposing-bias,1,128,4,partitioned-local,8192,448,5.46875,5.712890625,115;117;113;103,2048;2048;2048;2048,256,16
3,opposing-bias,1,128,8,shared-global,8192,462,5.6396484375,6.15234375,126;117;123;96,2048;2048;2048;2048,256,8
3,opposing-bias,1,128,8,shared-local,8192,456,5.56640625,6.201171875,127;116;114;99,2048;2048;2048;2048,256,32
3,opposing-bias,1,128,8,partitioned-local,8192,458,5.5908203125,5.95703125,121;122;117;98,2048;2048;2048;2048,256,32
3,opposing-bias,1,512,0,shared-global,8192,4048,49.4140625,53.3203125,1091;941;1092;924,2048;2048;2048;2048,1024,0
3,opposing-bias,1,512,0,shared-local,8192,4048,49.4140625,53.3203125,1091;941;1092;924,2048;2048;2048;2048,1024,0
3,opposing-bias,1,512,0,partitioned-local,8192,437,5.33447265625,5.56640625,112;114;113;98,2048;2048;2048;2048,1024,0
3,opposing-bias,1,512,4,shared-global,8192,511,6.23779296875,6.73828125,122;130;138;121,2048;2048;2048;2048,1024,4
3,opposing-bias,1,512,4,shared-local,8192,494,6.0302734375,6.494140625,127;133;122;112,2048;2048;2048;2048,1024,16
3,opposing-bias,1,512,4,partitioned-local,8192,448,5.46875,5.712890625,115;117;113;103,2048;2048;2048;2048,1024,16
3,opposing-bias,1,512,8,shared-global,8192,477,5.82275390625,6.54296875,134;116;128;99,2048;2048;2048;2048,1024,8
3,opposing-bias,1,512,8,shared-local,8192,467,5.70068359375,6.54296875,134;116;115;102,2048;2048;2048;2048,1024,32
3,opposing-bias,1,512,8,partitioned-local,8192,471,5.74951171875,6.689453125,137;117;119;98,2048;2048;2048;2048,1024,32
3,opposing-bias,16,32,0,shared-global,8192,1445,17.63916015625,18.359375,360;349;360;376,2048;2048;2048;2048,64,0
3,opposing-bias,16,32,0,shared-local,8192,1445,17.63916015625,18.359375,360;349;360;376,2048;2048;2048;2048,64,0
3,opposing-bias,16,32,0,partitioned-local,8192,450,5.4931640625,5.908203125,118;104;107;121,2048;2048;2048;2048,64,0
3,opposing-bias,16,32,4,shared-global,8192,1370,16.7236328125,17.431640625,357;314;351;348,2048;2048;2048;2048,64,4
3,opposing-bias,16,32,4,shared-local,8192,518,6.3232421875,6.884765625,136;121;120;141,2048;2048;2048;2048,64,16
3,opposing-bias,16,32,4,partitioned-local,8192,441,5.38330078125,5.6640625,116;101;111;113,2048;2048;2048;2048,64,16
3,opposing-bias,16,32,8,shared-global,8192,1331,16.24755859375,16.796875,340;307;344;340,2048;2048;2048;2048,64,8
3,opposing-bias,16,32,8,shared-local,8192,459,5.60302734375,6.0546875,118;105;112;124,2048;2048;2048;2048,64,32
3,opposing-bias,16,32,8,partitioned-local,8192,441,5.38330078125,5.6640625,116;101;111;113,2048;2048;2048;2048,64,32
3,opposing-bias,16,128,0,shared-global,8192,1445,17.63916015625,18.359375,360;349;360;376,2048;2048;2048;2048,256,0
3,opposing-bias,16,128,0,shared-local,8192,1445,17.63916015625,18.359375,360;349;360;376,2048;2048;2048;2048,256,0
3,opposing-bias,16,128,0,partitioned-local,8192,450,5.4931640625,5.908203125,118;104;107;121,2048;2048;2048;2048,256,0
3,opposing-bias,16,128,4,shared-global,8192,1370,16.7236328125,17.431640625,357;314;351;348,2048;2048;2048;2048,256,4
3,opposing-bias,16,128,4,shared-local,8192,518,6.3232421875,6.884765625,136;121;120;141,2048;2048;2048;2048,256,16
3,opposing-bias,16,128,4,partitioned-local,8192,451,5.50537109375,5.6640625,116;108;111;116,2048;2048;2048;2048,256,16
3,opposing-bias,16,128,8,shared-global,8192,1302,15.8935546875,16.69921875,342;298;340;322,2048;2048;2048;2048,256,8
3,opposing-bias,16,128,8,shared-local,8192,456,5.56640625,6.0546875,124;99;112;121,2048;2048;2048;2048,256,32
3,opposing-bias,16,128,8,partitioned-local,8192,446,5.4443359375,5.810546875,119;102;110;115,2048;2048;2048;2048,256,32
3,opposing-bias,16,512,0,shared-global,8192,1445,17.63916015625,18.359375,360;349;360;376,2048;2048;2048;2048,1024,0
3,opposing-bias,16,512,0,shared-local,8192,1445,17.63916015625,18.359375,360;349;360;376,2048;2048;2048;2048,1024,0
3,opposing-bias,16,512,0,partitioned-local,8192,450,5.4931640625,5.908203125,118;104;107;121,2048;2048;2048;2048,1024,0
3,opposing-bias,16,512,4,shared-global,8192,1370,16.7236328125,17.431640625,357;314;351;348,2048;2048;2048;2048,1024,4
3,opposing-bias,16,512,4,shared-local,8192,518,6.3232421875,6.884765625,136;121;120;141,2048;2048;2048;2048,1024,16
3,opposing-bias,16,512,4,partitioned-local,8192,451,5.50537109375,5.6640625,116;108;111;116,2048;2048;2048;2048,1024,16
3,opposing-bias,16,512,8,shared-global,8192,1290,15.7470703125,16.69921875,342;293;329;326,2048;2048;2048;2048,1024,8
3,opposing-bias,16,512,8,shared-local,8192,472,5.76171875,6.54296875,134;104;116;118,2048;2048;2048;2048,1024,32
3,opposing-bias,16,512,8,partitioned-local,8192,470,5.7373046875,6.298828125,129;105;117;119,2048;2048;2048;2048,1024,32
3,opposing-bias,256,32,0,shared-global,8192,469,5.72509765625,6.103515625,125;121;106;117,2048;2048;2048;2048,64,0
3,opposing-bias,256,32,0,shared-local,8192,469,5.72509765625,6.103515625,125;121;106;117,2048;2048;2048;2048,64,0
3,opposing-bias,256,32,0,partitioned-local,8192,411,5.01708984375,5.419921875,111;105;92;103,2048;2048;2048;2048,64,0
3,opposing-bias,256,32,4,shared-global,8192,526,6.4208984375,6.787109375,138;132;117;139,2048;2048;2048;2048,64,4
3,opposing-bias,256,32,4,shared-local,8192,480,5.859375,6.25,128;116;112;124,2048;2048;2048;2048,64,16
3,opposing-bias,256,32,4,partitioned-local,8192,410,5.0048828125,5.322265625,109;106;91;104,2048;2048;2048;2048,64,16
3,opposing-bias,256,32,8,shared-global,8192,494,6.0302734375,6.4453125,132;125;113;124,2048;2048;2048;2048,64,8
3,opposing-bias,256,32,8,shared-local,8192,409,4.99267578125,5.419921875,111;107;93;98,2048;2048;2048;2048,64,32
3,opposing-bias,256,32,8,partitioned-local,8192,410,5.0048828125,5.322265625,109;106;91;104,2048;2048;2048;2048,64,32
3,opposing-bias,256,128,0,shared-global,8192,469,5.72509765625,6.103515625,125;121;106;117,2048;2048;2048;2048,256,0
3,opposing-bias,256,128,0,shared-local,8192,469,5.72509765625,6.103515625,125;121;106;117,2048;2048;2048;2048,256,0
3,opposing-bias,256,128,0,partitioned-local,8192,411,5.01708984375,5.419921875,111;105;92;103,2048;2048;2048;2048,256,0
3,opposing-bias,256,128,4,shared-global,8192,526,6.4208984375,6.787109375,138;132;117;139,2048;2048;2048;2048,256,4
3,opposing-bias,256,128,4,shared-local,8192,480,5.859375,6.25,128;116;112;124,2048;2048;2048;2048,256,16
3,opposing-bias,256,128,4,partitioned-local,8192,411,5.01708984375,5.2734375,108;105;95;103,2048;2048;2048;2048,256,16
3,opposing-bias,256,128,8,shared-global,8192,510,6.2255859375,6.787109375,139;123;122;126,2048;2048;2048;2048,256,8
3,opposing-bias,256,128,8,shared-local,8192,419,5.11474609375,5.517578125,113;106;97;103,2048;2048;2048;2048,256,32
3,opposing-bias,256,128,8,partitioned-local,8192,409,4.99267578125,5.46875,112;105;94;98,2048;2048;2048;2048,256,32
3,opposing-bias,256,512,0,shared-global,8192,469,5.72509765625,6.103515625,125;121;106;117,2048;2048;2048;2048,1024,0
3,opposing-bias,256,512,0,shared-local,8192,469,5.72509765625,6.103515625,125;121;106;117,2048;2048;2048;2048,1024,0
3,opposing-bias,256,512,0,partitioned-local,8192,411,5.01708984375,5.419921875,111;105;92;103,2048;2048;2048;2048,1024,0
3,opposing-bias,256,512,4,shared-global,8192,526,6.4208984375,6.787109375,138;132;117;139,2048;2048;2048;2048,1024,4
3,opposing-bias,256,512,4,shared-local,8192,480,5.859375,6.25,128;116;112;124,2048;2048;2048;2048,1024,16
3,opposing-bias,256,512,4,partitioned-local,8192,411,5.01708984375,5.2734375,108;105;95;103,2048;2048;2048;2048,1024,16
3,opposing-bias,256,512,8,shared-global,8192,522,6.3720703125,7.080078125,145;127;129;121,2048;2048;2048;2048,1024,8
3,opposing-bias,256,512,8,shared-local,8192,427,5.21240234375,5.810546875,119;109;97;102,2048;2048;2048;2048,1024,32
3,opposing-bias,256,512,8,partitioned-local,8192,431,5.26123046875,5.6640625,116;107;103;105,2048;2048;2048;2048,1024,32
3,shared-bias,1,32,0,shared-global,8192,445,5.43212890625,5.76171875,113;118;110;104,2048;2048;2048;2048,64,0
3,shared-bias,1,32,0,shared-local,8192,445,5.43212890625,5.76171875,113;118;110;104,2048;2048;2048;2048,64,0
3,shared-bias,1,32,0,partitioned-local,8192,445,5.43212890625,5.908203125,112;121;113;99,2048;2048;2048;2048,64,0
3,shared-bias,1,32,4,shared-global,8192,444,5.419921875,5.76171875,116;118;112;98,2048;2048;2048;2048,64,4
3,shared-bias,1,32,4,shared-local,8192,443,5.40771484375,5.859375,116;120;109;98,2048;2048;2048;2048,64,16
3,shared-bias,1,32,4,partitioned-local,8192,453,5.52978515625,6.0546875,113;124;115;101,2048;2048;2048;2048,64,16
3,shared-bias,1,32,8,shared-global,8192,449,5.48095703125,5.95703125,113;122;115;99,2048;2048;2048;2048,64,8
3,shared-bias,1,32,8,shared-local,8192,446,5.4443359375,5.810546875,119;119;109;99,2048;2048;2048;2048,64,32
3,shared-bias,1,32,8,partitioned-local,8192,453,5.52978515625,6.0546875,113;124;115;101,2048;2048;2048;2048,64,32
3,shared-bias,1,128,0,shared-global,8192,445,5.43212890625,5.76171875,113;118;110;104,2048;2048;2048;2048,256,0
3,shared-bias,1,128,0,shared-local,8192,445,5.43212890625,5.76171875,113;118;110;104,2048;2048;2048;2048,256,0
3,shared-bias,1,128,0,partitioned-local,8192,445,5.43212890625,5.908203125,112;121;113;99,2048;2048;2048;2048,256,0
3,shared-bias,1,128,4,shared-global,8192,444,5.419921875,5.76171875,116;118;112;98,2048;2048;2048;2048,256,4
3,shared-bias,1,128,4,shared-local,8192,443,5.40771484375,5.859375,116;120;109;98,2048;2048;2048;2048,256,16
3,shared-bias,1,128,4,partitioned-local,8192,456,5.56640625,6.25,115;128;113;100,2048;2048;2048;2048,256,16
3,shared-bias,1,128,8,shared-global,8192,467,5.70068359375,6.201171875,118;127;115;107,2048;2048;2048;2048,256,8
3,shared-bias,1,128,8,shared-local,8192,456,5.56640625,6.005859375,123;120;112;101,2048;2048;2048;2048,256,32
3,shared-bias,1,128,8,partitioned-local,8192,470,5.7373046875,6.396484375,121;131;117;101,2048;2048;2048;2048,256,32
3,shared-bias,1,512,0,shared-global,8192,445,5.43212890625,5.76171875,113;118;110;104,2048;2048;2048;2048,1024,0
3,shared-bias,1,512,0,shared-local,8192,445,5.43212890625,5.76171875,113;118;110;104,2048;2048;2048;2048,1024,0
3,shared-bias,1,512,0,partitioned-local,8192,445,5.43212890625,5.908203125,112;121;113;99,2048;2048;2048;2048,1024,0
3,shared-bias,1,512,4,shared-global,8192,444,5.419921875,5.76171875,116;118;112;98,2048;2048;2048;2048,1024,4
3,shared-bias,1,512,4,shared-local,8192,443,5.40771484375,5.859375,116;120;109;98,2048;2048;2048;2048,1024,16
3,shared-bias,1,512,4,partitioned-local,8192,456,5.56640625,6.25,115;128;113;100,2048;2048;2048;2048,1024,16
3,shared-bias,1,512,8,shared-global,8192,474,5.7861328125,6.15234375,121;126;117;110,2048;2048;2048;2048,1024,8
3,shared-bias,1,512,8,shared-local,8192,465,5.67626953125,6.34765625,130;122;112;101,2048;2048;2048;2048,1024,32
3,shared-bias,1,512,8,partitioned-local,8192,511,6.23779296875,7.03125,137;144;119;111,2048;2048;2048;2048,1024,32
3,shared-bias,16,32,0,shared-global,8192,445,5.43212890625,5.810546875,119;114;107;105,2048;2048;2048;2048,64,0
3,shared-bias,16,32,0,shared-local,8192,445,5.43212890625,5.810546875,119;114;107;105,2048;2048;2048;2048,64,0
3,shared-bias,16,32,0,partitioned-local,8192,445,5.43212890625,5.76171875,118;114;107;106,2048;2048;2048;2048,64,0
3,shared-bias,16,32,4,shared-global,8192,444,5.419921875,5.6640625,114;116;107;107,2048;2048;2048;2048,64,4
3,shared-bias,16,32,4,shared-local,8192,443,5.40771484375,5.6640625,116;114;107;106,2048;2048;2048;2048,64,16
3,shared-bias,16,32,4,partitioned-local,8192,447,5.45654296875,5.6640625,116;115;111;105,2048;2048;2048;2048,64,16
3,shared-bias,16,32,8,shared-global,8192,449,5.48095703125,5.859375,118;120;106;105,2048;2048;2048;2048,64,8
3,shared-bias,16,32,8,shared-local,8192,451,5.50537109375,5.95703125,119;122;107;103,2048;2048;2048;2048,64,32
3,shared-bias,16,32,8,partitioned-local,8192,447,5.45654296875,5.6640625,116;115;111;105,2048;2048;2048;2048,64,32
3,shared-bias,16,128,0,shared-global,8192,445,5.43212890625,5.810546875,119;114;107;105,2048;2048;2048;2048,256,0
3,shared-bias,16,128,0,shared-local,8192,445,5.43212890625,5.810546875,119;114;107;105,2048;2048;2048;2048,256,0
3,shared-bias,16,128,0,partitioned-local,8192,445,5.43212890625,5.76171875,118;114;107;106,2048;2048;2048;2048,256,0
3,shared-bias,16,128,4,shared-global,8192,444,5.419921875,5.6640625,114;116;107;107,2048;2048;2048;2048,256,4
3,shared-bias,16,128,4,shared-local,8192,443,5.40771484375,5.6640625,116;114;107;106,2048;2048;2048;2048,256,16
3,shared-bias,16,128,4,partitioned-local,8192,451,5.50537109375,5.859375,116;120;111;104,2048;2048;2048;2048,256,16
3,shared-bias,16,128,8,shared-global,8192,467,5.70068359375,6.103515625,125;124;111;107,2048;2048;2048;2048,256,8
3,shared-bias,16,128,8,shared-local,8192,468,5.712890625,6.25,128;125;108;107,2048;2048;2048;2048,256,32
3,shared-bias,16,128,8,partitioned-local,8192,460,5.615234375,6.15234375,119;126;110;105,2048;2048;2048;2048,256,32
3,shared-bias,16,512,0,shared-global,8192,445,5.43212890625,5.810546875,119;114;107;105,2048;2048;2048;2048,1024,0
3,shared-bias,16,512,0,shared-local,8192,445,5.43212890625,5.810546875,119;114;107;105,2048;2048;2048;2048,1024,0
3,shared-bias,16,512,0,partitioned-local,8192,445,5.43212890625,5.76171875,118;114;107;106,2048;2048;2048;2048,1024,0
3,shared-bias,16,512,4,shared-global,8192,444,5.419921875,5.6640625,114;116;107;107,2048;2048;2048;2048,1024,4
3,shared-bias,16,512,4,shared-local,8192,443,5.40771484375,5.6640625,116;114;107;106,2048;2048;2048;2048,1024,16
3,shared-bias,16,512,4,partitioned-local,8192,451,5.50537109375,5.859375,116;120;111;104,2048;2048;2048;2048,1024,16
3,shared-bias,16,512,8,shared-global,8192,474,5.7861328125,6.201171875,123;127;112;112,2048;2048;2048;2048,1024,8
3,shared-bias,16,512,8,shared-local,8192,486,5.9326171875,6.34765625,128;130;113;115,2048;2048;2048;2048,1024,32
3,shared-bias,16,512,8,partitioned-local,8192,495,6.04248046875,6.591796875,129;135;117;114,2048;2048;2048;2048,1024,32
3,shared-bias,256,32,0,shared-global,8192,445,5.43212890625,6.201171875,111;116;91;127,2048;2048;2048;2048,64,0
3,shared-bias,256,32,0,shared-local,8192,445,5.43212890625,6.201171875,111;116;91;127,2048;2048;2048;2048,64,0
3,shared-bias,256,32,0,partitioned-local,8192,445,5.43212890625,6.15234375,111;116;92;126,2048;2048;2048;2048,64,0
3,shared-bias,256,32,4,shared-global,8192,444,5.419921875,6.0546875,108;117;95;124,2048;2048;2048;2048,64,4
3,shared-bias,256,32,4,shared-local,8192,445,5.43212890625,6.0546875,109;117;95;124,2048;2048;2048;2048,64,16
3,shared-bias,256,32,4,partitioned-local,8192,446,5.4443359375,6.298828125,109;117;91;129,2048;2048;2048;2048,64,16
3,shared-bias,256,32,8,shared-global,8192,449,5.48095703125,6.0546875,111;119;95;124,2048;2048;2048;2048,64,8
3,shared-bias,256,32,8,shared-local,8192,449,5.48095703125,6.0546875,112;119;94;124,2048;2048;2048;2048,64,32
3,shared-bias,256,32,8,partitioned-local,8192,446,5.4443359375,6.298828125,109;117;91;129,2048;2048;2048;2048,64,32
3,shared-bias,256,128,0,shared-global,8192,445,5.43212890625,6.201171875,111;116;91;127,2048;2048;2048;2048,256,0
3,shared-bias,256,128,0,shared-local,8192,445,5.43212890625,6.201171875,111;116;91;127,2048;2048;2048;2048,256,0
3,shared-bias,256,128,0,partitioned-local,8192,445,5.43212890625,6.15234375,111;116;92;126,2048;2048;2048;2048,256,0
3,shared-bias,256,128,4,shared-global,8192,444,5.419921875,6.0546875,108;117;95;124,2048;2048;2048;2048,256,4
3,shared-bias,256,128,4,shared-local,8192,445,5.43212890625,6.0546875,109;117;95;124,2048;2048;2048;2048,256,16
3,shared-bias,256,128,4,partitioned-local,8192,447,5.45654296875,6.103515625,108;119;95;125,2048;2048;2048;2048,256,16
3,shared-bias,256,128,8,shared-global,8192,467,5.70068359375,6.34765625,114;122;101;130,2048;2048;2048;2048,256,8
3,shared-bias,256,128,8,shared-local,8192,466,5.6884765625,6.34765625,115;122;99;130,2048;2048;2048;2048,256,32
3,shared-bias,256,128,8,partitioned-local,8192,455,5.55419921875,6.103515625,112;124;94;125,2048;2048;2048;2048,256,32
3,shared-bias,256,512,0,shared-global,8192,445,5.43212890625,6.201171875,111;116;91;127,2048;2048;2048;2048,1024,0
3,shared-bias,256,512,0,shared-local,8192,445,5.43212890625,6.201171875,111;116;91;127,2048;2048;2048;2048,1024,0
3,shared-bias,256,512,0,partitioned-local,8192,445,5.43212890625,6.15234375,111;116;92;126,2048;2048;2048;2048,1024,0
3,shared-bias,256,512,4,shared-global,8192,444,5.419921875,6.0546875,108;117;95;124,2048;2048;2048;2048,1024,4
3,shared-bias,256,512,4,shared-local,8192,445,5.43212890625,6.0546875,109;117;95;124,2048;2048;2048;2048,1024,16
3,shared-bias,256,512,4,partitioned-local,8192,447,5.45654296875,6.103515625,108;119;95;125,2048;2048;2048;2048,1024,16
3,shared-bias,256,512,8,shared-global,8192,474,5.7861328125,6.640625,114;124;100;136,2048;2048;2048;2048,1024,8
3,shared-bias,256,512,8,shared-local,8192,472,5.76171875,6.591796875,115;123;99;135,2048;2048;2048;2048,1024,32
3,shared-bias,256,512,8,partitioned-local,8192,492,6.005859375,6.689453125,116;137;103;136,2048;2048;2048;2048,1024,32
3,capacity-pressure,1,32,0,shared-global,8192,1201,14.66064453125,41.259765625,845;105;125;126,2048;2048;2048;2048,64,0
3,capacity-pressure,1,32,0,shared-local,8192,1201,14.66064453125,41.259765625,845;105;125;126,2048;2048;2048;2048,64,0
3,capacity-pressure,1,32,0,partitioned-local,8192,1278,15.6005859375,45.556640625,933;101;124;120,2048;2048;2048;2048,64,0
3,capacity-pressure,1,32,4,shared-global,8192,1393,17.00439453125,47.55859375,974;127;137;155,2048;2048;2048;2048,64,4
3,capacity-pressure,1,32,4,shared-local,8192,1411,17.22412109375,48.681640625,997;127;153;134,2048;2048;2048;2048,64,16
3,capacity-pressure,1,32,4,partitioned-local,8192,1368,16.69921875,49.755859375,1019;102;122;125,2048;2048;2048;2048,64,16
3,capacity-pressure,1,32,8,shared-global,8192,1453,17.73681640625,48.193359375,987;155;145;166,2048;2048;2048;2048,64,8
3,capacity-pressure,1,32,8,shared-local,8192,1430,17.4560546875,47.55859375,974;140;166;150,2048;2048;2048;2048,64,32
3,capacity-pressure,1,32,8,partitioned-local,8192,1368,16.69921875,49.755859375,1019;102;122;125,2048;2048;2048;2048,64,32
3,capacity-pressure,1,128,0,shared-global,8192,854,10.4248046875,24.658203125,505;104;124;121,2048;2048;2048;2048,256,0
3,capacity-pressure,1,128,0,shared-local,8192,854,10.4248046875,24.658203125,505;104;124;121,2048;2048;2048;2048,256,0
3,capacity-pressure,1,128,0,partitioned-local,8192,1173,14.31884765625,40.4296875,828;101;124;120,2048;2048;2048;2048,256,0
3,capacity-pressure,1,128,4,shared-global,8192,1177,14.36767578125,39.74609375,814;114;122;127,2048;2048;2048;2048,256,4
3,capacity-pressure,1,128,4,shared-local,8192,1321,16.12548828125,46.728515625,957;110;130;124,2048;2048;2048;2048,256,16
3,capacity-pressure,1,128,4,partitioned-local,8192,1367,16.68701171875,49.853515625,1021;105;119;122,2048;2048;2048;2048,256,16
3,capacity-pressure,1,128,8,shared-global,8192,1405,17.15087890625,45.80078125,938;157;141;169,2048;2048;2048;2048,256,8
3,capacity-pressure,1,128,8,shared-local,8192,1417,17.29736328125,49.0234375,1004;127;148;138,2048;2048;2048;2048,256,32
3,capacity-pressure,1,128,8,partitioned-local,8192,1345,16.41845703125,48.486328125,993;104;121;127,2048;2048;2048;2048,256,32
3,capacity-pressure,1,512,0,shared-global,8192,475,5.79833984375,6.34765625,130;101;124;120,2048;2048;2048;2048,1024,0
3,capacity-pressure,1,512,0,shared-local,8192,475,5.79833984375,6.34765625,130;101;124;120,2048;2048;2048;2048,1024,0
3,capacity-pressure,1,512,0,partitioned-local,8192,850,10.3759765625,24.658203125,505;101;124;120,2048;2048;2048;2048,1024,0
3,capacity-pressure,1,512,4,shared-global,8192,1004,12.255859375,32.32421875,662;104;119;119,2048;2048;2048;2048,1024,4
3,capacity-pressure,1,512,4,shared-local,8192,1253,15.29541015625,44.482421875,911;103;118;121,2048;2048;2048;2048,1024,16
3,capacity-pressure,1,512,4,partitioned-local,8192,1299,15.85693359375,46.533203125,953;105;119;122,2048;2048;2048;2048,1024,16
3,capacity-pressure,1,512,8,shared-global,8192,1240,15.13671875,41.2109375,844;115;135;146,2048;2048;2048;2048,1024,8
3,capacity-pressure,1,512,8,shared-local,8192,1403,17.12646484375,49.951171875,1023;113;135;132,2048;2048;2048;2048,1024,32
3,capacity-pressure,1,512,8,partitioned-local,8192,1397,17.05322265625,49.560546875,1015;114;136;132,2048;2048;2048;2048,1024,32
3,capacity-pressure,16,32,0,shared-global,8192,1239,15.12451171875,43.603515625,893;107;126;113,2048;2048;2048;2048,64,0
3,capacity-pressure,16,32,0,shared-local,8192,1239,15.12451171875,43.603515625,893;107;126;113,2048;2048;2048;2048,64,0
3,capacity-pressure,16,32,0,partitioned-local,8192,1315,16.05224609375,48.14453125,986;103;125;101,2048;2048;2048;2048,64,0
3,capacity-pressure,16,32,4,shared-global,8192,1443,17.61474609375,49.169921875,1007;160;157;119,2048;2048;2048;2048,64,4
3,capacity-pressure,16,32,4,shared-local,8192,1399,17.07763671875,48.876953125,1001;133;151;114,2048;2048;2048;2048,64,16
3,capacity-pressure,16,32,4,partitioned-local,8192,1329,16.22314453125,48.779296875,999;103;126;101,2048;2048;2048;2048,64,16
3,capacity-pressure,16,32,8,shared-global,8192,1448,17.67578125,47.55859375,974;192;156;126,2048;2048;2048;2048,64,8
3,capacity-pressure,16,32,8,shared-local,8192,1415,17.27294921875,48.779296875,999;145;152;119,2048;2048;2048;2048,64,32
3,capacity-pressure,16,32,8,partitioned-local,8192,1329,16.22314453125,48.779296875,999;103;126;101,2048;2048;2048;2048,64,32
3,capacity-pressure,16,128,0,shared-global,8192,834,10.1806640625,24.560546875,503;104;125;102,2048;2048;2048;2048,256,0
3,capacity-pressure,16,128,0,shared-local,8192,834,10.1806640625,24.560546875,503;104;125;102,2048;2048;2048;2048,256,0
3,capacity-pressure,16,128,0,partitioned-local,8192,1223,14.92919921875,43.65234375,894;103;125;101,2048;2048;2048;2048,256,0
3,capacity-pressure,16,128,4,shared-global,8192,1299,15.85693359375,46.337890625,949;117;128;105,2048;2048;2048;2048,256,4
3,capacity-pressure,16,128,4,shared-local,8192,1335,16.29638671875,48.291015625,989;111;134;101,2048;2048;2048;2048,256,16
3,capacity-pressure,16,128,4,partitioned-local,8192,1339,16.34521484375,48.876953125,1001;108;127;103,2048;2048;2048;2048,256,16
3,capacity-pressure,16,128,8,shared-global,8192,1433,17.49267578125,48.046875,984;190;139;120,2048;2048;2048;2048,256,8
3,capacity-pressure,16,128,8,shared-local,8192,1350,16.4794921875,47.16796875,966;124;145;115,2048;2048;2048;2048,256,32
3,capacity-pressure,16,128,8,partitioned-local,8192,1365,16.66259765625,49.658203125,1017;109;133;106,2048;2048;2048;2048,256,32
3,capacity-pressure,16,512,0,shared-global,8192,470,5.7373046875,6.884765625,141;103;125;101,2048;2048;2048;2048,1024,0
3,capacity-pressure,16,512,0,shared-local,8192,470,5.7373046875,6.884765625,141;103;125;101,2048;2048;2048;2048,1024,0
3,capacity-pressure,16,512,0,partitioned-local,8192,835,10.19287109375,24.70703125,506;103;125;101,2048;2048;2048;2048,1024,0
3,capacity-pressure,16,512,4,shared-global,8192,1210,14.7705078125,43.26171875,886;100;121;103,2048;2048;2048;2048,1024,4
3,capacity-pressure,16,512,4,shared-local,8192,1239,15.12451171875,44.7265625,916;102;120;101,2048;2048;2048;2048,1024,16
3,capacity-pressure,16,512,4,partitioned-local,8192,1325,16.17431640625,48.193359375,987;108;127;103,2048;2048;2048;2048,1024,16
3,capacity-pressure,16,512,8,shared-global,8192,1414,17.2607421875,48.095703125,985;187;128;114,2048;2048;2048;2048,1024,8
3,capacity-pressure,16,512,8,shared-local,8192,1392,16.9921875,49.70703125,1018;113;149;112,2048;2048;2048;2048,1024,32
3,capacity-pressure,16,512,8,partitioned-local,8192,1368,16.69921875,47.36328125,970;118;158;122,2048;2048;2048;2048,1024,32
3,capacity-pressure,256,32,0,shared-global,8192,1181,14.41650390625,40.8203125,836;109;109;127,2048;2048;2048;2048,64,0
3,capacity-pressure,256,32,0,shared-local,8192,1181,14.41650390625,40.8203125,836;109;109;127,2048;2048;2048;2048,64,0
3,capacity-pressure,256,32,0,partitioned-local,8192,1266,15.4541015625,45.8984375,940;106;106;114,2048;2048;2048;2048,64,0
3,capacity-pressure,256,32,4,shared-global,8192,1428,17.431640625,49.853515625,1021;151;129;127,2048;2048;2048;2048,64,4
3,capacity-pressure,256,32,4,shared-local,8192,1437,17.54150390625,50.341796875,1031;149;130;127,2048;2048;2048;2048,64,16
3,capacity-pressure,256,32,4,partitioned-local,8192,1360,16.6015625,50.0,1024;109;110;117,2048;2048;2048;2048,64,16
3,capacity-pressure,256,32,8,shared-global,8192,1428,17.431640625,48.681640625,997;169;138;124,2048;2048;2048;2048,64,8
3,capacity-pressure,256,32,8,shared-local,8192,1426,17.4072265625,48.876953125,1001;163;137;125,2048;2048;2048;2048,64,32
3,capacity-pressure,256,32,8,partitioned-local,8192,1360,16.6015625,50.0,1024;109;110;117,2048;2048;2048;2048,64,32
3,capacity-pressure,256,128,0,shared-global,8192,792,9.66796875,22.55859375,462;108;106;116,2048;2048;2048;2048,256,0
3,capacity-pressure,256,128,0,shared-local,8192,792,9.66796875,22.55859375,462;108;106;116,2048;2048;2048;2048,256,0
3,capacity-pressure,256,128,0,partitioned-local,8192,1157,14.12353515625,40.576171875,831;106;106;114,2048;2048;2048;2048,256,0
3,capacity-pressure,256,128,4,shared-global,8192,1347,16.44287109375,47.998046875,983;125;120;119,2048;2048;2048;2048,256,4
3,capacity-pressure,256,128,4,shared-local,8192,1347,16.44287109375,48.14453125,986;121;120;120,2048;2048;2048;2048,256,16
3,capacity-pressure,256,128,4,partitioned-local,8192,1382,16.8701171875,50.87890625,1042;106;112;122,2048;2048;2048;2048,256,16
3,capacity-pressure,256,128,8,shared-global,8192,1469,17.93212890625,50.439453125,1033;163;136;137,2048;2048;2048;2048,256,8
3,capacity-pressure,256,128,8,shared-local,8192,1462,17.8466796875,50.390625,1032;152;139;139,2048;2048;2048;2048,256,32
3,capacity-pressure,256,128,8,partitioned-local,8192,1359,16.58935546875,49.31640625,1010;108;117;124,2048;2048;2048;2048,256,32
3,capacity-pressure,256,512,0,shared-global,8192,456,5.56640625,6.34765625,130;106;106;114,2048;2048;2048;2048,1024,0
3,capacity-pressure,256,512,0,shared-local,8192,456,5.56640625,6.34765625,130;106;106;114,2048;2048;2048;2048,1024,0
3,capacity-pressure,256,512,0,partitioned-local,8192,783,9.55810546875,22.314453125,457;106;106;114,2048;2048;2048;2048,1024,0
3,capacity-pressure,256,512,4,shared-global,8192,1235,15.07568359375,44.189453125,905;102;112;116,2048;2048;2048;2048,1024,4
3,capacity-pressure,256,512,4,shared-local,8192,1237,15.10009765625,44.384765625,909;102;110;116,2048;2048;2048;2048,1024,16
3,capacity-pressure,256,512,4,partitioned-local,8192,1307,15.95458984375,47.216796875,967;106;112;122,2048;2048;2048;2048,1024,16
3,capacity-pressure,256,512,8,shared-global,8192,1399,17.07763671875,50.0,1024;126;121;128,2048;2048;2048;2048,1024,8
3,capacity-pressure,256,512,8,shared-local,8192,1388,16.943359375,49.755859375,1019;115;122;132,2048;2048;2048;2048,1024,32
3,capacity-pressure,256,512,8,partitioned-local,8192,1423,17.37060546875,50.341796875,1031;123;124;145,2048;2048;2048;2048,1024,32
3,thread-alternation,1,32,0,shared-global,8192,4096,50.0,100.0,2048;2048;0;0,2048;2048;2048;2048,64,0
3,thread-alternation,1,32,0,shared-local,8192,4096,50.0,100.0,2048;2048;0;0,2048;2048;2048;2048,64,0
3,thread-alternation,1,32,0,partitioned-local,8192,8192,100.0,100.0,2048;2048;2048;2048,2048;2048;2048;2048,64,0
3,thread-alternation,1,32,4,shared-global,8192,0,0.0,0.0,0;0;0;0,2048;2048;2048;2048,64,4
3,thread-alternation,1,32,4,shared-local,8192,0,0.0,0.0,0;0;0;0,2048;2048;2048;2048,64,16
3,thread-alternation,1,32,4,partitioned-local,8192,0,0.0,0.0,0;0;0;0,2048;2048;2048;2048,64,16
3,thread-alternation,1,32,8,shared-global,8192,0,0.0,0.0,0;0;0;0,2048;2048;2048;2048,64,8
3,thread-alternation,1,32,8,shared-local,8192,0,0.0,0.0,0;0;0;0,2048;2048;2048;2048,64,32
3,thread-alternation,1,32,8,partitioned-local,8192,0,0.0,0.0,0;0;0;0,2048;2048;2048;2048,64,32
3,thread-alternation,1,128,0,shared-global,8192,4096,50.0,100.0,2048;2048;0;0,2048;2048;2048;2048,256,0
3,thread-alternation,1,128,0,shared-local,8192,4096,50.0,100.0,2048;2048;0;0,2048;2048;2048;2048,256,0
3,thread-alternation,1,128,0,partitioned-local,8192,8192,100.0,100.0,2048;2048;2048;2048,2048;2048;2048;2048,256,0
3,thread-alternation,1,128,4,shared-global,8192,0,0.0,0.0,0;0;0;0,2048;2048;2048;2048,256,4
3,thread-alternation,1,128,4,shared-local,8192,0,0.0,0.0,0;0;0;0,2048;2048;2048;2048,256,16
3,thread-alternation,1,128,4,partitioned-local,8192,0,0.0,0.0,0;0;0;0,2048;2048;2048;2048,256,16
3,thread-alternation,1,128,8,shared-global,8192,0,0.0,0.0,0;0;0;0,2048;2048;2048;2048,256,8
3,thread-alternation,1,128,8,shared-local,8192,0,0.0,0.0,0;0;0;0,2048;2048;2048;2048,256,32
3,thread-alternation,1,128,8,partitioned-local,8192,0,0.0,0.0,0;0;0;0,2048;2048;2048;2048,256,32
3,thread-alternation,1,512,0,shared-global,8192,4096,50.0,100.0,2048;2048;0;0,2048;2048;2048;2048,1024,0
3,thread-alternation,1,512,0,shared-local,8192,4096,50.0,100.0,2048;2048;0;0,2048;2048;2048;2048,1024,0
3,thread-alternation,1,512,0,partitioned-local,8192,8192,100.0,100.0,2048;2048;2048;2048,2048;2048;2048;2048,1024,0
3,thread-alternation,1,512,4,shared-global,8192,0,0.0,0.0,0;0;0;0,2048;2048;2048;2048,1024,4
3,thread-alternation,1,512,4,shared-local,8192,0,0.0,0.0,0;0;0;0,2048;2048;2048;2048,1024,16
3,thread-alternation,1,512,4,partitioned-local,8192,0,0.0,0.0,0;0;0;0,2048;2048;2048;2048,1024,16
3,thread-alternation,1,512,8,shared-global,8192,0,0.0,0.0,0;0;0;0,2048;2048;2048;2048,1024,8
3,thread-alternation,1,512,8,shared-local,8192,0,0.0,0.0,0;0;0;0,2048;2048;2048;2048,1024,32
3,thread-alternation,1,512,8,partitioned-local,8192,0,0.0,0.0,0;0;0;0,2048;2048;2048;2048,1024,32
3,thread-alternation,16,32,0,shared-global,8192,8192,100.0,100.0,2048;2048;2048;2048,2048;2048;2048;2048,64,0
3,thread-alternation,16,32,0,shared-local,8192,8192,100.0,100.0,2048;2048;2048;2048,2048;2048;2048;2048,64,0
3,thread-alternation,16,32,0,partitioned-local,8192,8192,100.0,100.0,2048;2048;2048;2048,2048;2048;2048;2048,64,0
3,thread-alternation,16,32,4,shared-global,8192,0,0.0,0.0,0;0;0;0,2048;2048;2048;2048,64,4
3,thread-alternation,16,32,4,shared-local,8192,0,0.0,0.0,0;0;0;0,2048;2048;2048;2048,64,16
3,thread-alternation,16,32,4,partitioned-local,8192,0,0.0,0.0,0;0;0;0,2048;2048;2048;2048,64,16
3,thread-alternation,16,32,8,shared-global,8192,0,0.0,0.0,0;0;0;0,2048;2048;2048;2048,64,8
3,thread-alternation,16,32,8,shared-local,8192,0,0.0,0.0,0;0;0;0,2048;2048;2048;2048,64,32
3,thread-alternation,16,32,8,partitioned-local,8192,0,0.0,0.0,0;0;0;0,2048;2048;2048;2048,64,32
3,thread-alternation,16,128,0,shared-global,8192,8192,100.0,100.0,2048;2048;2048;2048,2048;2048;2048;2048,256,0
3,thread-alternation,16,128,0,shared-local,8192,8192,100.0,100.0,2048;2048;2048;2048,2048;2048;2048;2048,256,0
3,thread-alternation,16,128,0,partitioned-local,8192,8192,100.0,100.0,2048;2048;2048;2048,2048;2048;2048;2048,256,0
3,thread-alternation,16,128,4,shared-global,8192,0,0.0,0.0,0;0;0;0,2048;2048;2048;2048,256,4
3,thread-alternation,16,128,4,shared-local,8192,0,0.0,0.0,0;0;0;0,2048;2048;2048;2048,256,16
3,thread-alternation,16,128,4,partitioned-local,8192,0,0.0,0.0,0;0;0;0,2048;2048;2048;2048,256,16
3,thread-alternation,16,128,8,shared-global,8192,0,0.0,0.0,0;0;0;0,2048;2048;2048;2048,256,8
3,thread-alternation,16,128,8,shared-local,8192,0,0.0,0.0,0;0;0;0,2048;2048;2048;2048,256,32
3,thread-alternation,16,128,8,partitioned-local,8192,0,0.0,0.0,0;0;0;0,2048;2048;2048;2048,256,32
3,thread-alternation,16,512,0,shared-global,8192,8192,100.0,100.0,2048;2048;2048;2048,2048;2048;2048;2048,1024,0
3,thread-alternation,16,512,0,shared-local,8192,8192,100.0,100.0,2048;2048;2048;2048,2048;2048;2048;2048,1024,0
3,thread-alternation,16,512,0,partitioned-local,8192,8192,100.0,100.0,2048;2048;2048;2048,2048;2048;2048;2048,1024,0
3,thread-alternation,16,512,4,shared-global,8192,0,0.0,0.0,0;0;0;0,2048;2048;2048;2048,1024,4
3,thread-alternation,16,512,4,shared-local,8192,0,0.0,0.0,0;0;0;0,2048;2048;2048;2048,1024,16
3,thread-alternation,16,512,4,partitioned-local,8192,0,0.0,0.0,0;0;0;0,2048;2048;2048;2048,1024,16
3,thread-alternation,16,512,8,shared-global,8192,0,0.0,0.0,0;0;0;0,2048;2048;2048;2048,1024,8
3,thread-alternation,16,512,8,shared-local,8192,0,0.0,0.0,0;0;0;0,2048;2048;2048;2048,1024,32
3,thread-alternation,16,512,8,partitioned-local,8192,0,0.0,0.0,0;0;0;0,2048;2048;2048;2048,1024,32
3,thread-alternation,256,32,0,shared-global,8192,8192,100.0,100.0,2048;2048;2048;2048,2048;2048;2048;2048,64,0
3,thread-alternation,256,32,0,shared-local,8192,8192,100.0,100.0,2048;2048;2048;2048,2048;2048;2048;2048,64,0
3,thread-alternation,256,32,0,partitioned-local,8192,8192,100.0,100.0,2048;2048;2048;2048,2048;2048;2048;2048,64,0
3,thread-alternation,256,32,4,shared-global,8192,0,0.0,0.0,0;0;0;0,2048;2048;2048;2048,64,4
3,thread-alternation,256,32,4,shared-local,8192,0,0.0,0.0,0;0;0;0,2048;2048;2048;2048,64,16
3,thread-alternation,256,32,4,partitioned-local,8192,0,0.0,0.0,0;0;0;0,2048;2048;2048;2048,64,16
3,thread-alternation,256,32,8,shared-global,8192,0,0.0,0.0,0;0;0;0,2048;2048;2048;2048,64,8
3,thread-alternation,256,32,8,shared-local,8192,0,0.0,0.0,0;0;0;0,2048;2048;2048;2048,64,32
3,thread-alternation,256,32,8,partitioned-local,8192,0,0.0,0.0,0;0;0;0,2048;2048;2048;2048,64,32
3,thread-alternation,256,128,0,shared-global,8192,8192,100.0,100.0,2048;2048;2048;2048,2048;2048;2048;2048,256,0
3,thread-alternation,256,128,0,shared-local,8192,8192,100.0,100.0,2048;2048;2048;2048,2048;2048;2048;2048,256,0
3,thread-alternation,256,128,0,partitioned-local,8192,8192,100.0,100.0,2048;2048;2048;2048,2048;2048;2048;2048,256,0
3,thread-alternation,256,128,4,shared-global,8192,0,0.0,0.0,0;0;0;0,2048;2048;2048;2048,256,4
3,thread-alternation,256,128,4,shared-local,8192,0,0.0,0.0,0;0;0;0,2048;2048;2048;2048,256,16
3,thread-alternation,256,128,4,partitioned-local,8192,0,0.0,0.0,0;0;0;0,2048;2048;2048;2048,256,16
3,thread-alternation,256,128,8,shared-global,8192,0,0.0,0.0,0;0;0;0,2048;2048;2048;2048,256,8
3,thread-alternation,256,128,8,shared-local,8192,0,0.0,0.0,0;0;0;0,2048;2048;2048;2048,256,32
3,thread-alternation,256,128,8,partitioned-local,8192,0,0.0,0.0,0;0;0;0,2048;2048;2048;2048,256,32
3,thread-alternation,256,512,0,shared-global,8192,8192,100.0,100.0,2048;2048;2048;2048,2048;2048;2048;2048,1024,0
3,thread-alternation,256,512,0,shared-local,8192,8192,100.0,100.0,2048;2048;2048;2048,2048;2048;2048;2048,1024,0
3,thread-alternation,256,512,0,partitioned-local,8192,8192,100.0,100.0,2048;2048;2048;2048,2048;2048;2048;2048,1024,0
3,thread-alternation,256,512,4,shared-global,8192,0,0.0,0.0,0;0;0;0,2048;2048;2048;2048,1024,4
3,thread-alternation,256,512,4,shared-local,8192,0,0.0,0.0,0;0;0;0,2048;2048;2048;2048,1024,16
3,thread-alternation,256,512,4,partitioned-local,8192,0,0.0,0.0,0;0;0;0,2048;2048;2048;2048,1024,16
3,thread-alternation,256,512,8,shared-global,8192,0,0.0,0.0,0;0;0;0,2048;2048;2048;2048,1024,8
3,thread-alternation,256,512,8,shared-local,8192,0,0.0,0.0,0;0;0;0,2048;2048;2048;2048,1024,32
3,thread-alternation,256,512,8,partitioned-local,8192,0,0.0,0.0,0;0;0;0,2048;2048;2048;2048,1024,32
4,opposing-bias,1,32,0,shared-global,8192,4035,49.25537109375,51.123046875,1047;971;1045;972,2048;2048;2048;2048,64,0
4,opposing-bias,1,32,0,shared-local,8192,4035,49.25537109375,51.123046875,1047;971;1045;972,2048;2048;2048;2048,64,0
4,opposing-bias,1,32,0,partitioned-local,8192,433,5.28564453125,6.4453125,108;132;106;87,2048;2048;2048;2048,64,0
4,opposing-bias,1,32,4,shared-global,8192,481,5.87158203125,6.93359375,122;142;118;99,2048;2048;2048;2048,64,4
4,opposing-bias,1,32,4,shared-local,8192,490,5.9814453125,7.421875,121;152;122;95,2048;2048;2048;2048,64,16
4,opposing-bias,1,32,4,partitioned-local,8192,437,5.33447265625,6.34765625,109;130;108;90,2048;2048;2048;2048,64,16
4,opposing-bias,1,32,8,shared-global,8192,446,5.4443359375,6.34765625,114;130;114;88,2048;2048;2048;2048,64,8
4,opposing-bias,1,32,8,shared-local,8192,448,5.46875,6.689453125,110;137;112;89,2048;2048;2048;2048,64,32
4,opposing-bias,1,32,8,partitioned-local,8192,437,5.33447265625,6.34765625,109;130;108;90,2048;2048;2048;2048,64,32
4,opposing-bias,1,128,0,shared-global,8192,4035,49.25537109375,51.123046875,1047;971;1045;972,2048;2048;2048;2048,256,0
4,opposing-bias,1,128,0,shared-local,8192,4035,49.25537109375,51.123046875,1047;971;1045;972,2048;2048;2048;2048,256,0
4,opposing-bias,1,128,0,partitioned-local,8192,433,5.28564453125,6.4453125,108;132;106;87,2048;2048;2048;2048,256,0
4,opposing-bias,1,128,4,shared-global,8192,481,5.87158203125,6.93359375,122;142;118;99,2048;2048;2048;2048,256,4
4,opposing-bias,1,128,4,shared-local,8192,490,5.9814453125,7.421875,121;152;122;95,2048;2048;2048;2048,256,16
4,opposing-bias,1,128,4,partitioned-local,8192,441,5.38330078125,6.25,111;128;115;87,2048;2048;2048;2048,256,16
4,opposing-bias,1,128,8,shared-global,8192,435,5.31005859375,6.25,111;128;109;87,2048;2048;2048;2048,256,8
4,opposing-bias,1,128,8,shared-local,8192,458,5.5908203125,6.34765625,115;130;123;90,2048;2048;2048;2048,256,32
4,opposing-bias,1,128,8,partitioned-local,8192,442,5.3955078125,6.103515625,116;125;117;84,2048;2048;2048;2048,256,32
4,opposing-bias,1,512,0,shared-global,8192,4035,49.25537109375,51.123046875,1047;971;1045;972,2048;2048;2048;2048,1024,0
4,opposing-bias,1,512,0,shared-local,8192,4035,49.25537109375,51.123046875,1047;971;1045;972,2048;2048;2048;2048,1024,0
4,opposing-bias,1,512,0,partitioned-local,8192,433,5.28564453125,6.4453125,108;132;106;87,2048;2048;2048;2048,1024,0
4,opposing-bias,1,512,4,shared-global,8192,481,5.87158203125,6.93359375,122;142;118;99,2048;2048;2048;2048,1024,4
4,opposing-bias,1,512,4,shared-local,8192,490,5.9814453125,7.421875,121;152;122;95,2048;2048;2048;2048,1024,16
4,opposing-bias,1,512,4,partitioned-local,8192,441,5.38330078125,6.25,111;128;115;87,2048;2048;2048;2048,1024,16
4,opposing-bias,1,512,8,shared-global,8192,449,5.48095703125,6.25,121;128;113;87,2048;2048;2048;2048,1024,8
4,opposing-bias,1,512,8,shared-local,8192,467,5.70068359375,6.4453125,116;132;128;91,2048;2048;2048;2048,1024,32
4,opposing-bias,1,512,8,partitioned-local,8192,470,5.7373046875,6.4453125,125;127;132;86,2048;2048;2048;2048,1024,32
4,opposing-bias,16,32,0,shared-global,8192,1415,17.27294921875,18.115234375,352;371;359;333,2048;2048;2048;2048,64,0
4,opposing-bias,16,32,0,shared-local,8192,1415,17.27294921875,18.115234375,352;371;359;333,2048;2048;2048;2048,64,0
4,opposing-bias,16,32,0,partitioned-local,8192,403,4.91943359375,5.95703125,100;122;101;80,2048;2048;2048;2048,64,0
4,opposing-bias,16,32,4,shared-global,8192,1302,15.8935546875,17.3828125,312;356;338;296,2048;2048;2048;2048,64,4
4,opposing-bias,16,32,4,shared-local,8192,440,5.37109375,6.396484375,103;131;113;93,2048;2048;2048;2048,64,16
4,opposing-bias,16,32,4,partitioned-local,8192,408,4.98046875,6.15234375,102;126;101;79,2048;2048;2048;2048,64,16
4,opposing-bias,16,32,8,shared-global,8192,1268,15.478515625,17.08984375,312;350;319;287,2048;2048;2048;2048,64,8
4,opposing-bias,16,32,8,shared-local,8192,404,4.931640625,5.95703125,101;122;100;81,2048;2048;2048;2048,64,32
4,opposing-bias,16,32,8,partitioned-local,8192,408,4.98046875,6.15234375,102;126;101;79,2048;2048;2048;2048,64,32
4,opposing-bias,16,128,0,shared-global,8192,1415,17.27294921875,18.115234375,352;371;359;333,2048;2048;2048;2048,256,0
4,opposing-bias,16,128,0,shared-local,8192,1415,17.27294921875,18.115234375,352;371;359;333,2048;2048;2048;2048,256,0
4,opposing-bias,16,128,0,partitioned-local,8192,403,4.91943359375,5.95703125,100;122;101;80,2048;2048;2048;2048,256,0
4,opposing-bias,16,128,4,shared-global,8192,1302,15.8935546875,17.3828125,312;356;338;296,2048;2048;2048;2048,256,4
4,opposing-bias,16,128,4,shared-local,8192,440,5.37109375,6.396484375,103;131;113;93,2048;2048;2048;2048,256,16
4,opposing-bias,16,128,4,partitioned-local,8192,407,4.96826171875,6.103515625,104;125;100;78,2048;2048;2048;2048,256,16
4,opposing-bias,16,128,8,shared-global,8192,1263,15.41748046875,16.9921875,307;348;326;282,2048;2048;2048;2048,256,8
4,opposing-bias,16,128,8,shared-local,8192,401,4.89501953125,5.908203125,103;121;95;82,2048;2048;2048;2048,256,32
4,opposing-bias,16,128,8,partitioned-local,8192,408,4.98046875,5.908203125,107;121;100;80,2048;2048;2048;2048,256,32
4,opposing-bias,16,512,0,shared-global,8192,1415,17.27294921875,18.115234375,352;371;359;333,2048;2048;2048;2048,1024,0
4,opposing-bias,16,512,0,shared-local,8192,1415,17.27294921875,18.115234375,352;371;359;333,2048;2048;2048;2048,1024,0
4,opposing-bias,16,512,0,partitioned-local,8192,403,4.91943359375,5.95703125,100;122;101;80,2048;2048;2048;2048,1024,0
4,opposing-bias,16,512,4,shared-global,8192,1302,15.8935546875,17.3828125,312;356;338;296,2048;2048;2048;2048,1024,4
4,opposing-bias,16,512,4,shared-local,8192,440,5.37109375,6.396484375,103;131;113;93,2048;2048;2048;2048,1024,16
4,opposing-bias,16,512,4,partitioned-local,8192,407,4.96826171875,6.103515625,104;125;100;78,2048;2048;2048;2048,1024,16
4,opposing-bias,16,512,8,shared-global,8192,1269,15.49072265625,16.796875,304;344;339;282,2048;2048;2048;2048,1024,8
4,opposing-bias,16,512,8,shared-local,8192,414,5.0537109375,5.95703125,110;122;99;83,2048;2048;2048;2048,1024,32
4,opposing-bias,16,512,8,partitioned-local,8192,420,5.126953125,6.15234375,113;126;103;78,2048;2048;2048;2048,1024,32
4,opposing-bias,256,32,0,shared-global,8192,499,6.09130859375,6.73828125,138;121;125;115,2048;2048;2048;2048,64,0
4,opposing-bias,256,32,0,shared-local,8192,499,6.09130859375,6.73828125,138;121;125;115,2048;2048;2048;2048,64,0
4,opposing-bias,256,32,0,partitioned-local,8192,434,5.2978515625,5.908203125,121;105;108;100,2048;2048;2048;2048,64,0
4,opposing-bias,256,32,4,shared-global,8192,566,6.9091796875,7.763671875,159;140;138;129,2048;2048;2048;2048,64,4
4,opposing-bias,256,32,4,shared-local,8192,493,6.01806640625,6.884765625,141;124;117;111,2048;2048;2048;2048,64,16
4,opposing-bias,256,32,4,partitioned-local,8192,433,5.28564453125,5.810546875,119;105;107;102,2048;2048;2048;2048,64,16
4,opposing-bias,256,32,8,shared-global,8192,534,6.5185546875,7.12890625,146;129;138;121,2048;2048;2048;2048,64,8
4,opposing-bias,256,32,8,shared-local,8192,446,5.4443359375,6.0546875,124;107;115;100,2048;2048;2048;2048,64,32
4,opposing-bias,256,32,8,partitioned-local,8192,433,5.28564453125,5.810546875,119;105;107;102,2048;2048;2048;2048,64,32
4,opposing-bias,256,128,0,shared-global,8192,499,6.09130859375,6.73828125,138;121;125;115,2048;2048;2048;2048,256,0
4,opposing-bias,256,128,0,shared-local,8192,499,6.09130859375,6.73828125,138;121;125;115,2048;2048;2048;2048,256,0
4,opposing-bias,256,128,0,partitioned-local,8192,434,5.2978515625,5.908203125,121;105;108;100,2048;2048;2048;2048,256,0
4,opposing-bias,256,128,4,shared-global,8192,566,6.9091796875,7.763671875,159;140;138;129,2048;2048;2048;2048,256,4
4,opposing-bias,256,128,4,shared-local,8192,493,6.01806640625,6.884765625,141;124;117;111,2048;2048;2048;2048,256,16
4,opposing-bias,256,128,4,partitioned-local,8192,441,5.38330078125,6.0546875,124;106;108;103,2048;2048;2048;2048,256,16
4,opposing-bias,256,128,8,shared-global,8192,556,6.787109375,7.71484375,158;128;149;121,2048;2048;2048;2048,256,8
4,opposing-bias,256,128,8,shared-local,8192,457,5.57861328125,6.396484375,131;106;120;100,2048;2048;2048;2048,256,32
4,opposing-bias,256,128,8,partitioned-local,8192,445,5.43212890625,6.15234375,126;105;113;101,2048;2048;2048;2048,256,32
4,opposing-bias,256,512,0,shared-global,8192,499,6.09130859375,6.73828125,138;121;125;115,2048;2048;2048;2048,1024,0
4,opposing-bias,256,512,0,shared-local,8192,499,6.09130859375,6.73828125,138;121;125;115,2048;2048;2048;2048,1024,0
4,opposing-bias,256,512,0,partitioned-local,8192,434,5.2978515625,5.908203125,121;105;108;100,2048;2048;2048;2048,1024,0
4,opposing-bias,256,512,4,shared-global,8192,566,6.9091796875,7.763671875,159;140;138;129,2048;2048;2048;2048,1024,4
4,opposing-bias,256,512,4,shared-local,8192,493,6.01806640625,6.884765625,141;124;117;111,2048;2048;2048;2048,1024,16
4,opposing-bias,256,512,4,partitioned-local,8192,441,5.38330078125,6.0546875,124;106;108;103,2048;2048;2048;2048,1024,16
4,opposing-bias,256,512,8,shared-global,8192,575,7.01904296875,8.203125,168;130;152;125,2048;2048;2048;2048,1024,8
4,opposing-bias,256,512,8,shared-local,8192,474,5.7861328125,6.787109375,139;108;122;105,2048;2048;2048;2048,1024,32
4,opposing-bias,256,512,8,partitioned-local,8192,470,5.7373046875,6.8359375,140;106;123;101,2048;2048;2048;2048,1024,32
4,shared-bias,1,32,0,shared-global,8192,437,5.33447265625,5.95703125,107;101;107;122,2048;2048;2048;2048,64,0
4,shared-bias,1,32,0,shared-local,8192,437,5.33447265625,5.95703125,107;101;107;122,2048;2048;2048;2048,64,0
4,shared-bias,1,32,0,partitioned-local,8192,437,5.33447265625,6.005859375,108;100;106;123,2048;2048;2048;2048,64,0
4,shared-bias,1,32,4,shared-global,8192,437,5.33447265625,6.103515625,106;104;102;125,2048;2048;2048;2048,64,4
4,shared-bias,1,32,4,shared-local,8192,442,5.3955078125,5.95703125,111;100;109;122,2048;2048;2048;2048,64,16
4,shared-bias,1,32,4,partitioned-local,8192,441,5.38330078125,6.15234375,109;98;108;126,2048;2048;2048;2048,64,16
4,shared-bias,1,32,8,shared-global,8192,452,5.517578125,6.005859375,112;103;114;123,2048;2048;2048;2048,64,8
4,shared-bias,1,32,8,shared-local,8192,440,5.37109375,5.95703125,109;99;110;122,2048;2048;2048;2048,64,32
4,shared-bias,1,32,8,partitioned-local,8192,441,5.38330078125,6.15234375,109;98;108;126,2048;2048;2048;2048,64,32
4,shared-bias,1,128,0,shared-global,8192,437,5.33447265625,5.95703125,107;101;107;122,2048;2048;2048;2048,256,0
4,shared-bias,1,128,0,shared-local,8192,437,5.33447265625,5.95703125,107;101;107;122,2048;2048;2048;2048,256,0
4,shared-bias,1,128,0,partitioned-local,8192,437,5.33447265625,6.005859375,108;100;106;123,2048;2048;2048;2048,256,0
4,shared-bias,1,128,4,shared-global,8192,437,5.33447265625,6.103515625,106;104;102;125,2048;2048;2048;2048,256,4
4,shared-bias,1,128,4,shared-local,8192,442,5.3955078125,5.95703125,111;100;109;122,2048;2048;2048;2048,256,16
4,shared-bias,1,128,4,partitioned-local,8192,456,5.56640625,6.298828125,111;101;115;129,2048;2048;2048;2048,256,16
4,shared-bias,1,128,8,shared-global,8192,459,5.60302734375,6.54296875,111;103;111;134,2048;2048;2048;2048,256,8
4,shared-bias,1,128,8,shared-local,8192,456,5.56640625,6.4453125,109;102;113;132,2048;2048;2048;2048,256,32
4,shared-bias,1,128,8,partitioned-local,8192,470,5.7373046875,6.298828125,116;108;117;129,2048;2048;2048;2048,256,32
4,shared-bias,1,512,0,shared-global,8192,437,5.33447265625,5.95703125,107;101;107;122,2048;2048;2048;2048,1024,0
4,shared-bias,1,512,0,shared-local,8192,437,5.33447265625,5.95703125,107;101;107;122,2048;2048;2048;2048,1024,0
4,shared-bias,1,512,0,partitioned-local,8192,437,5.33447265625,6.005859375,108;100;106;123,2048;2048;2048;2048,1024,0
4,shared-bias,1,512,4,shared-global,8192,437,5.33447265625,6.103515625,106;104;102;125,2048;2048;2048;2048,1024,4
4,shared-bias,1,512,4,shared-local,8192,442,5.3955078125,5.95703125,111;100;109;122,2048;2048;2048;2048,1024,16
4,shared-bias,1,512,4,partitioned-local,8192,456,5.56640625,6.298828125,111;101;115;129,2048;2048;2048;2048,1024,16
4,shared-bias,1,512,8,shared-global,8192,475,5.79833984375,6.54296875,115;111;115;134,2048;2048;2048;2048,1024,8
4,shared-bias,1,512,8,shared-local,8192,473,5.77392578125,6.787109375,108;107;119;139,2048;2048;2048;2048,1024,32
4,shared-bias,1,512,8,partitioned-local,8192,518,6.3232421875,7.03125,125;117;132;144,2048;2048;2048;2048,1024,32
4,shared-bias,16,32,0,shared-global,8192,437,5.33447265625,6.15234375,101;126;101;109,2048;2048;2048;2048,64,0
4,shared-bias,16,32,0,shared-local,8192,437,5.33447265625,6.15234375,101;126;101;109,2048;2048;2048;2048,64,0
4,shared-bias,16,32,0,partitioned-local,8192,436,5.322265625,6.15234375,100;126;101;109,2048;2048;2048;2048,64,0
4,shared-bias,16,32,4,shared-global,8192,437,5.33447265625,6.005859375,101;123;103;110,2048;2048;2048;2048,64,4
4,shared-bias,16,32,4,shared-local,8192,433,5.28564453125,6.005859375,102;123;100;108,2048;2048;2048;2048,64,16
4,shared-bias,16,32,4,partitioned-local,8192,442,5.3955078125,6.34765625,102;130;101;109,2048;2048;2048;2048,64,16
4,shared-bias,16,32,8,shared-global,8192,452,5.517578125,6.201171875,107;127;103;115,2048;2048;2048;2048,64,8
4,shared-bias,16,32,8,shared-local,8192,441,5.38330078125,6.0546875,104;124;100;113,2048;2048;2048;2048,64,32
4,shared-bias,16,32,8,partitioned-local,8192,442,5.3955078125,6.34765625,102;130;101;109,2048;2048;2048;2048,64,32
4,shared-bias,16,128,0,shared-global,8192,437,5.33447265625,6.15234375,101;126;101;109,2048;2048;2048;2048,256,0
4,shared-bias,16,128,0,shared-local,8192,437,5.33447265625,6.15234375,101;126;101;109,2048;2048;2048;2048,256,0
4,shared-bias,16,128,0,partitioned-local,8192,436,5.322265625,6.15234375,100;126;101;109,2048;2048;2048;2048,256,0
4,shared-bias,16,128,4,shared-global,8192,437,5.33447265625,6.005859375,101;123;103;110,2048;2048;2048;2048,256,4
4,shared-bias,16,128,4,shared-local,8192,433,5.28564453125,6.005859375,102;123;100;108,2048;2048;2048;2048,256,16
4,shared-bias,16,128,4,partitioned-local,8192,451,5.50537109375,6.4453125,104;132;100;115,2048;2048;2048;2048,256,16
4,shared-bias,16,128,8,shared-global,8192,459,5.60302734375,6.103515625,106;125;110;118,2048;2048;2048;2048,256,8
4,shared-bias,16,128,8,shared-local,8192,450,5.4931640625,6.396484375,105;131;101;113,2048;2048;2048;2048,256,32
4,shared-bias,16,128,8,partitioned-local,8192,460,5.615234375,6.54296875,107;134;100;119,2048;2048;2048;2048,256,32
4,shared-bias,16,512,0,shared-global,8192,437,5.33447265625,6.15234375,101;126;101;109,2048;2048;2048;2048,1024,0
4,shared-bias,16,512,0,shared-local,8192,437,5.33447265625,6.15234375,101;126;101;109,2048;2048;2048;2048,1024,0
4,shared-bias,16,512,0,partitioned-local,8192,436,5.322265625,6.15234375,100;126;101;109,2048;2048;2048;2048,1024,0
4,shared-bias,16,512,4,shared-global,8192,437,5.33447265625,6.005859375,101;123;103;110,2048;2048;2048;2048,1024,4
4,shared-bias,16,512,4,shared-local,8192,433,5.28564453125,6.005859375,102;123;100;108,2048;2048;2048;2048,1024,16
4,shared-bias,16,512,4,partitioned-local,8192,451,5.50537109375,6.4453125,104;132;100;115,2048;2048;2048;2048,1024,16
4,shared-bias,16,512,8,shared-global,8192,475,5.79833984375,6.396484375,107;131;116;121,2048;2048;2048;2048,1024,8
4,shared-bias,16,512,8,shared-local,8192,463,5.65185546875,6.640625,106;136;101;120,2048;2048;2048;2048,1024,32
4,shared-bias,16,512,8,partitioned-local,8192,504,6.15234375,7.470703125,113;153;103;135,2048;2048;2048;2048,1024,32
4,shared-bias,256,32,0,shared-global,8192,437,5.33447265625,5.908203125,121;99;108;109,2048;2048;2048;2048,64,0
4,shared-bias,256,32,0,shared-local,8192,437,5.33447265625,5.908203125,121;99;108;109,2048;2048;2048;2048,64,0
4,shared-bias,256,32,0,partitioned-local,8192,437,5.33447265625,5.908203125,121;99;108;109,2048;2048;2048;2048,64,0
4,shared-bias,256,32,4,shared-global,8192,437,5.33447265625,6.0546875,124;95;108;110,2048;2048;2048;2048,64,4
4,shared-bias,256,32,4,shared-local,8192,437,5.33447265625,6.0546875,124;95;108;110,2048;2048;2048;2048,64,16
4,shared-bias,256,32,4,partitioned-local,8192,436,5.322265625,5.810546875,119;98;107;112,2048;2048;2048;2048,64,16
4,shared-bias,256,32,8,shared-global,8192,452,5.517578125,6.15234375,126;102;112;112,2048;2048;2048;2048,64,8
4,shared-bias,256,32,8,shared-local,8192,450,5.4931640625,6.15234375,126;102;111;111,2048;2048;2048;2048,64,32
4,shared-bias,256,32,8,partitioned-local,8192,436,5.322265625,5.810546875,119;98;107;112,2048;2048;2048;2048,64,32
4,shared-bias,256,128,0,shared-global,8192,437,5.33447265625,5.908203125,121;99;108;109,2048;2048;2048;2048,256,0
4,shared-bias,256,128,0,shared-local,8192,437,5.33447265625,5.908203125,121;99;108;109,2048;2048;2048;2048,256,0
4,shared-bias,256,128,0,partitioned-local,8192,437,5.33447265625,5.908203125,121;99;108;109,2048;2048;2048;2048,256,0
4,shared-bias,256,128,4,shared-global,8192,437,5.33447265625,6.0546875,124;95;108;110,2048;2048;2048;2048,256,4
4,shared-bias,256,128,4,shared-local,8192,437,5.33447265625,6.0546875,124;95;108;110,2048;2048;2048;2048,256,16
4,shared-bias,256,128,4,partitioned-local,8192,443,5.40771484375,6.0546875,124;98;108;113,2048;2048;2048;2048,256,16
4,shared-bias,256,128,8,shared-global,8192,459,5.60302734375,6.34765625,130;104;113;112,2048;2048;2048;2048,256,8
4,shared-bias,256,128,8,shared-local,8192,459,5.60302734375,6.34765625,130;104;113;112,2048;2048;2048;2048,256,32
4,shared-bias,256,128,8,partitioned-local,8192,466,5.6884765625,6.15234375,126;109;113;118,2048;2048;2048;2048,256,32
4,shared-bias,256,512,0,shared-global,8192,437,5.33447265625,5.908203125,121;99;108;109,2048;2048;2048;2048,1024,0
4,shared-bias,256,512,0,shared-local,8192,437,5.33447265625,5.908203125,121;99;108;109,2048;2048;2048;2048,1024,0
4,shared-bias,256,512,0,partitioned-local,8192,437,5.33447265625,5.908203125,121;99;108;109,2048;2048;2048;2048,1024,0
4,shared-bias,256,512,4,shared-global,8192,437,5.33447265625,6.0546875,124;95;108;110,2048;2048;2048;2048,1024,4
4,shared-bias,256,512,4,shared-local,8192,437,5.33447265625,6.0546875,124;95;108;110,2048;2048;2048;2048,1024,16
4,shared-bias,256,512,4,partitioned-local,8192,443,5.40771484375,6.0546875,124;98;108;113,2048;2048;2048;2048,1024,16
4,shared-bias,256,512,8,shared-global,8192,475,5.79833984375,6.640625,136;110;115;114,2048;2048;2048;2048,1024,8
4,shared-bias,256,512,8,shared-local,8192,474,5.7861328125,6.591796875,135;110;115;114,2048;2048;2048;2048,1024,32
4,shared-bias,256,512,8,partitioned-local,8192,507,6.18896484375,6.8359375,140;114;123;130,2048;2048;2048;2048,1024,32
4,capacity-pressure,1,32,0,shared-global,8192,1267,15.46630859375,44.677734375,915;122;120;110,2048;2048;2048;2048,64,0
4,capacity-pressure,1,32,0,shared-local,8192,1267,15.46630859375,44.677734375,915;122;120;110,2048;2048;2048;2048,64,0
4,capacity-pressure,1,32,0,partitioned-local,8192,1371,16.73583984375,50.146484375,1027;121;116;107,2048;2048;2048;2048,64,0
4,capacity-pressure,1,32,4,shared-global,8192,1391,16.97998046875,48.2421875,988;142;132;129,2048;2048;2048;2048,64,4
4,capacity-pressure,1,32,4,shared-local,8192,1426,17.4072265625,49.365234375,1011;141;139;135,2048;2048;2048;2048,64,16
4,capacity-pressure,1,32,4,partitioned-local,8192,1369,16.71142578125,50.048828125,1025;120;112;112,2048;2048;2048;2048,64,16
4,capacity-pressure,1,32,8,shared-global,8192,1468,17.919921875,49.21875,1008;160;149;151,2048;2048;2048;2048,64,8
4,capacity-pressure,1,32,8,shared-local,8192,1452,17.724609375,48.73046875,998;157;152;145,2048;2048;2048;2048,64,32
4,capacity-pressure,1,32,8,partitioned-local,8192,1369,16.71142578125,50.048828125,1025;120;112;112,2048;2048;2048;2048,64,32
4,capacity-pressure,1,128,0,shared-global,8192,985,12.02392578125,31.298828125,641;121;116;107,2048;2048;2048;2048,256,0
4,capacity-pressure,1,128,0,shared-local,8192,985,12.02392578125,31.298828125,641;121;116;107,2048;2048;2048;2048,256,0
4,capacity-pressure,1,128,0,partitioned-local,8192,1266,15.4541015625,45.01953125,922;121;116;107,2048;2048;2048;2048,256,0
4,capacity-pressure,1,128,4,shared-global,8192,1205,14.70947265625,41.11328125,842;134;118;111,2048;2048;2048;2048,256,4
4,capacity-pressure,1,128,4,shared-local,8192,1356,16.552734375,48.681640625,997;124;121;114,2048;2048;2048;2048,256,16
4,capacity-pressure,1,128,4,partitioned-local,8192,1365,16.66259765625,49.21875,1008;126;118;113,2048;2048;2048;2048,256,16
4,capacity-pressure,1,128,8,shared-global,8192,1392,16.9921875,45.80078125,938;161;144;149,2048;2048;2048;2048,256,8
4,capacity-pressure,1,128,8,shared-local,8192,1465,17.88330078125,51.123046875,1047;153;142;123,2048;2048;2048;2048,256,32
4,capacity-pressure,1,128,8,partitioned-local,8192,1378,16.8212890625,49.853515625,1021;127;120;110,2048;2048;2048;2048,256,32
4,capacity-pressure,1,512,0,shared-global,8192,499,6.09130859375,7.568359375,155;121;116;107,2048;2048;2048;2048,1024,0
4,capacity-pressure,1,512,0,shared-local,8192,499,6.09130859375,7.568359375,155;121;116;107,2048;2048;2048;2048,1024,0
4,capacity-pressure,1,512,0,partitioned-local,8192,984,12.01171875,31.25,640;121;116;107,2048;2048;2048;2048,1024,0
4,capacity-pressure,1,512,4,shared-global,8192,1042,12.7197265625,34.1796875,700;126;112;104,2048;2048;2048;2048,1024,4
4,capacity-pressure,1,512,4,shared-local,8192,1313,16.02783203125,47.216796875,967;123;113;110,2048;2048;2048;2048,1024,16
4,capacity-pressure,1,512,4,partitioned-local,8192,1357,16.56494140625,48.828125,1000;126;118;113,2048;2048;2048;2048,1024,16
4,capacity-pressure,1,512,8,shared-global,8192,1295,15.80810546875,43.65234375,894;149;128;124,2048;2048;2048;2048,1024,8
4,capacity-pressure,1,512,8,shared-local,8192,1421,17.34619140625,51.171875,1048;131;125;117,2048;2048;2048;2048,1024,32
4,capacity-pressure,1,512,8,partitioned-local,8192,1441,17.59033203125,51.171875,1048;135;139;119,2048;2048;2048;2048,1024,32
4,capacity-pressure,16,32,0,shared-global,8192,1222,14.9169921875,43.359375,888;102;110;122,2048;2048;2048;2048,64,0
4,capacity-pressure,16,32,0,shared-local,8192,1222,14.9169921875,43.359375,888;102;110;122,2048;2048;2048;2048,64,0
4,capacity-pressure,16,32,0,partitioned-local,8192,1302,15.8935546875,47.8515625,980;99;102;121,2048;2048;2048;2048,64,0
4,capacity-pressure,16,32,4,shared-global,8192,1430,17.4560546875,50.146484375,1027;146;124;133,2048;2048;2048;2048,64,4
4,capacity-pressure,16,32,4,shared-local,8192,1409,17.19970703125,50.48828125,1034;115;123;137,2048;2048;2048;2048,64,16
4,capacity-pressure,16,32,4,partitioned-local,8192,1381,16.85791015625,51.611328125,1057;100;103;121,2048;2048;2048;2048,64,16
4,capacity-pressure,16,32,8,shared-global,8192,1491,18.20068359375,50.048828125,1025;188;134;144,2048;2048;2048;2048,64,8
4,capacity-pressure,16,32,8,shared-local,8192,1433,17.49267578125,49.12109375,1006;138;143;146,2048;2048;2048;2048,64,32
4,capacity-pressure,16,32,8,partitioned-local,8192,1381,16.85791015625,51.611328125,1057;100;103;121,2048;2048;2048;2048,64,32
4,capacity-pressure,16,128,0,shared-global,8192,938,11.4501953125,29.8828125,612;100;105;121,2048;2048;2048;2048,256,0
4,capacity-pressure,16,128,0,shared-local,8192,938,11.4501953125,29.8828125,612;100;105;121,2048;2048;2048;2048,256,0
4,capacity-pressure,16,128,0,partitioned-local,8192,1216,14.84375,43.65234375,894;99;102;121,2048;2048;2048;2048,256,0
4,capacity-pressure,16,128,4,shared-global,8192,1316,16.064453125,47.75390625,978;109;106;123,2048;2048;2048;2048,256,4
4,capacity-pressure,16,128,4,shared-local,8192,1319,16.10107421875,47.705078125,977;105;109;128,2048;2048;2048;2048,256,16
4,capacity-pressure,16,128,4,partitioned-local,8192,1392,16.9921875,51.5625,1056;104;104;128,2048;2048;2048;2048,256,16
4,capacity-pressure,16,128,8,shared-global,8192,1477,18.02978515625,50.0,1024;193;117;143,2048;2048;2048;2048,256,8
4,capacity-pressure,16,128,8,shared-local,8192,1419,17.32177734375,50.68359375,1038;116;127;138,2048;2048;2048;2048,256,32
4,capacity-pressure,16,128,8,partitioned-local,8192,1365,16.66259765625,49.951171875,1023;109;104;129,2048;2048;2048;2048,256,32
4,capacity-pressure,16,512,0,shared-global,8192,460,5.615234375,6.73828125,138;99;102;121,2048;2048;2048;2048,1024,0
4,capacity-pressure,16,512,0,shared-local,8192,460,5.615234375,6.73828125,138;99;102;121,2048;2048;2048;2048,1024,0
4,capacity-pressure,16,512,0,partitioned-local,8192,932,11.376953125,29.78515625,610;99;102;121,2048;2048;2048;2048,1024,0
4,capacity-pressure,16,512,4,shared-global,8192,1263,15.41748046875,45.80078125,938;99;103;123,2048;2048;2048;2048,1024,4
4,capacity-pressure,16,512,4,shared-local,8192,1311,16.00341796875,47.998046875,983;100;102;126,2048;2048;2048;2048,1024,16
4,capacity-pressure,16,512,4,partitioned-local,8192,1306,15.9423828125,47.36328125,970;104;104;128,2048;2048;2048;2048,1024,16
4,capacity-pressure,16,512,8,shared-global,8192,1444,17.626953125,50.0,1024;185;108;127,2048;2048;2048;2048,1024,8
4,capacity-pressure,16,512,8,shared-local,8192,1389,16.95556640625,50.439453125,1033;115;112;129,2048;2048;2048;2048,1024,32
4,capacity-pressure,16,512,8,partitioned-local,8192,1412,17.236328125,50.732421875,1039;117;115;141,2048;2048;2048;2048,1024,32
4,capacity-pressure,256,32,0,shared-global,8192,1211,14.78271484375,42.431640625,869;116;104;122,2048;2048;2048;2048,64,0
4,capacity-pressure,256,32,0,shared-local,8192,1211,14.78271484375,42.431640625,869;116;104;122,2048;2048;2048;2048,64,0
4,capacity-pressure,256,32,0,partitioned-local,8192,1310,15.9912109375,47.412109375,971;113;104;122,2048;2048;2048;2048,64,0
4,capacity-pressure,256,32,4,shared-global,8192,1385,16.90673828125,48.291015625,989;151;116;129,2048;2048;2048;2048,64,4
4,capacity-pressure,256,32,4,shared-local,8192,1390,16.9677734375,48.681640625,997;146;115;132,2048;2048;2048;2048,64,16
4,capacity-pressure,256,32,4,partitioned-local,8192,1364,16.650390625,50.048828125,1025;114;102;123,2048;2048;2048;2048,64,16
4,capacity-pressure,256,32,8,shared-global,8192,1476,18.017578125,50.5859375,1036;170;134;136,2048;2048;2048;2048,64,8
4,capacity-pressure,256,32,8,shared-local,8192,1483,18.10302734375,51.07421875,1046;165;134;138,2048;2048;2048;2048,64,32
4,capacity-pressure,256,32,8,partitioned-local,8192,1364,16.650390625,50.048828125,1025;114;102;123,2048;2048;2048;2048,64,32
4,capacity-pressure,256,128,0,shared-global,8192,986,12.0361328125,31.396484375,643;113;108;122,2048;2048;2048;2048,256,0
4,capacity-pressure,256,128,0,shared-local,8192,986,12.0361328125,31.396484375,643;113;108;122,2048;2048;2048;2048,256,0
4,capacity-pressure,256,128,0,partitioned-local,8192,1216,14.84375,42.822265625,877;113;104;122,2048;2048;2048;2048,256,0
4,capacity-pressure,256,128,4,shared-global,8192,1368,16.69921875,48.828125,1000;132;113;123,2048;2048;2048;2048,256,4
4,capacity-pressure,256,128,4,shared-local,8192,1363,16.63818359375,48.681640625,997;128;113;125,2048;2048;2048;2048,256,16
4,capacity-pressure,256,128,4,partitioned-local,8192,1343,16.39404296875,49.0234375,1004;115;103;121,2048;2048;2048;2048,256,16
4,capacity-pressure,256,128,8,shared-global,8192,1494,18.2373046875,51.46484375,1054;167;132;141,2048;2048;2048;2048,256,8
4,capacity-pressure,256,128,8,shared-local,8192,1481,18.07861328125,51.46484375,1054;154;132;141,2048;2048;2048;2048,256,32
4,capacity-pressure,256,128,8,partitioned-local,8192,1384,16.89453125,50.5859375,1036;117;106;125,2048;2048;2048;2048,256,32
4,capacity-pressure,256,512,0,shared-global,8192,475,5.79833984375,6.640625,136;113;104;122,2048;2048;2048;2048,1024,0
4,capacity-pressure,256,512,0,shared-local,8192,475,5.79833984375,6.640625,136;113;104;122,2048;2048;2048;2048,1024,0
4,capacity-pressure,256,512,0,partitioned-local,8192,981,11.97509765625,31.34765625,642;113;104;122,2048;2048;2048;2048,1024,0
4,capacity-pressure,256,512,4,shared-global,8192,1301,15.88134765625,47.0703125,964;115;103;119,2048;2048;2048;2048,1024,4
4,capacity-pressure,256,512,4,shared-local,8192,1298,15.8447265625,46.923828125,961;115;103;119,2048;2048;2048;2048,1024,16
4,capacity-pressure,256,512,4,partitioned-local,8192,1314,16.0400390625,47.607421875,975;115;103;121,2048;2048;2048;2048,1024,16
4,capacity-pressure,256,512,8,shared-global,8192,1408,17.1875,50.146484375,1027;142;110;129,2048;2048;2048;2048,1024,8
4,capacity-pressure,256,512,8,shared-local,8192,1385,16.90673828125,49.951171875,1023;123;110;129,2048;2048;2048;2048,1024,32
4,capacity-pressure,256,512,8,partitioned-local,8192,1408,17.1875,50.87890625,1042;121;111;134,2048;2048;2048;2048,1024,32
4,thread-alternation,1,32,0,shared-global,8192,4096,50.0,100.0,2048;2048;0;0,2048;2048;2048;2048,64,0
4,thread-alternation,1,32,0,shared-local,8192,4096,50.0,100.0,2048;2048;0;0,2048;2048;2048;2048,64,0
4,thread-alternation,1,32,0,partitioned-local,8192,8192,100.0,100.0,2048;2048;2048;2048,2048;2048;2048;2048,64,0
4,thread-alternation,1,32,4,shared-global,8192,0,0.0,0.0,0;0;0;0,2048;2048;2048;2048,64,4
4,thread-alternation,1,32,4,shared-local,8192,0,0.0,0.0,0;0;0;0,2048;2048;2048;2048,64,16
4,thread-alternation,1,32,4,partitioned-local,8192,0,0.0,0.0,0;0;0;0,2048;2048;2048;2048,64,16
4,thread-alternation,1,32,8,shared-global,8192,0,0.0,0.0,0;0;0;0,2048;2048;2048;2048,64,8
4,thread-alternation,1,32,8,shared-local,8192,0,0.0,0.0,0;0;0;0,2048;2048;2048;2048,64,32
4,thread-alternation,1,32,8,partitioned-local,8192,0,0.0,0.0,0;0;0;0,2048;2048;2048;2048,64,32
4,thread-alternation,1,128,0,shared-global,8192,4096,50.0,100.0,2048;2048;0;0,2048;2048;2048;2048,256,0
4,thread-alternation,1,128,0,shared-local,8192,4096,50.0,100.0,2048;2048;0;0,2048;2048;2048;2048,256,0
4,thread-alternation,1,128,0,partitioned-local,8192,8192,100.0,100.0,2048;2048;2048;2048,2048;2048;2048;2048,256,0
4,thread-alternation,1,128,4,shared-global,8192,0,0.0,0.0,0;0;0;0,2048;2048;2048;2048,256,4
4,thread-alternation,1,128,4,shared-local,8192,0,0.0,0.0,0;0;0;0,2048;2048;2048;2048,256,16
4,thread-alternation,1,128,4,partitioned-local,8192,0,0.0,0.0,0;0;0;0,2048;2048;2048;2048,256,16
4,thread-alternation,1,128,8,shared-global,8192,0,0.0,0.0,0;0;0;0,2048;2048;2048;2048,256,8
4,thread-alternation,1,128,8,shared-local,8192,0,0.0,0.0,0;0;0;0,2048;2048;2048;2048,256,32
4,thread-alternation,1,128,8,partitioned-local,8192,0,0.0,0.0,0;0;0;0,2048;2048;2048;2048,256,32
4,thread-alternation,1,512,0,shared-global,8192,4096,50.0,100.0,2048;2048;0;0,2048;2048;2048;2048,1024,0
4,thread-alternation,1,512,0,shared-local,8192,4096,50.0,100.0,2048;2048;0;0,2048;2048;2048;2048,1024,0
4,thread-alternation,1,512,0,partitioned-local,8192,8192,100.0,100.0,2048;2048;2048;2048,2048;2048;2048;2048,1024,0
4,thread-alternation,1,512,4,shared-global,8192,0,0.0,0.0,0;0;0;0,2048;2048;2048;2048,1024,4
4,thread-alternation,1,512,4,shared-local,8192,0,0.0,0.0,0;0;0;0,2048;2048;2048;2048,1024,16
4,thread-alternation,1,512,4,partitioned-local,8192,0,0.0,0.0,0;0;0;0,2048;2048;2048;2048,1024,16
4,thread-alternation,1,512,8,shared-global,8192,0,0.0,0.0,0;0;0;0,2048;2048;2048;2048,1024,8
4,thread-alternation,1,512,8,shared-local,8192,0,0.0,0.0,0;0;0;0,2048;2048;2048;2048,1024,32
4,thread-alternation,1,512,8,partitioned-local,8192,0,0.0,0.0,0;0;0;0,2048;2048;2048;2048,1024,32
4,thread-alternation,16,32,0,shared-global,8192,8192,100.0,100.0,2048;2048;2048;2048,2048;2048;2048;2048,64,0
4,thread-alternation,16,32,0,shared-local,8192,8192,100.0,100.0,2048;2048;2048;2048,2048;2048;2048;2048,64,0
4,thread-alternation,16,32,0,partitioned-local,8192,8192,100.0,100.0,2048;2048;2048;2048,2048;2048;2048;2048,64,0
4,thread-alternation,16,32,4,shared-global,8192,0,0.0,0.0,0;0;0;0,2048;2048;2048;2048,64,4
4,thread-alternation,16,32,4,shared-local,8192,0,0.0,0.0,0;0;0;0,2048;2048;2048;2048,64,16
4,thread-alternation,16,32,4,partitioned-local,8192,0,0.0,0.0,0;0;0;0,2048;2048;2048;2048,64,16
4,thread-alternation,16,32,8,shared-global,8192,0,0.0,0.0,0;0;0;0,2048;2048;2048;2048,64,8
4,thread-alternation,16,32,8,shared-local,8192,0,0.0,0.0,0;0;0;0,2048;2048;2048;2048,64,32
4,thread-alternation,16,32,8,partitioned-local,8192,0,0.0,0.0,0;0;0;0,2048;2048;2048;2048,64,32
4,thread-alternation,16,128,0,shared-global,8192,8192,100.0,100.0,2048;2048;2048;2048,2048;2048;2048;2048,256,0
4,thread-alternation,16,128,0,shared-local,8192,8192,100.0,100.0,2048;2048;2048;2048,2048;2048;2048;2048,256,0
4,thread-alternation,16,128,0,partitioned-local,8192,8192,100.0,100.0,2048;2048;2048;2048,2048;2048;2048;2048,256,0
4,thread-alternation,16,128,4,shared-global,8192,0,0.0,0.0,0;0;0;0,2048;2048;2048;2048,256,4
4,thread-alternation,16,128,4,shared-local,8192,0,0.0,0.0,0;0;0;0,2048;2048;2048;2048,256,16
4,thread-alternation,16,128,4,partitioned-local,8192,0,0.0,0.0,0;0;0;0,2048;2048;2048;2048,256,16
4,thread-alternation,16,128,8,shared-global,8192,0,0.0,0.0,0;0;0;0,2048;2048;2048;2048,256,8
4,thread-alternation,16,128,8,shared-local,8192,0,0.0,0.0,0;0;0;0,2048;2048;2048;2048,256,32
4,thread-alternation,16,128,8,partitioned-local,8192,0,0.0,0.0,0;0;0;0,2048;2048;2048;2048,256,32
4,thread-alternation,16,512,0,shared-global,8192,8192,100.0,100.0,2048;2048;2048;2048,2048;2048;2048;2048,1024,0
4,thread-alternation,16,512,0,shared-local,8192,8192,100.0,100.0,2048;2048;2048;2048,2048;2048;2048;2048,1024,0
4,thread-alternation,16,512,0,partitioned-local,8192,8192,100.0,100.0,2048;2048;2048;2048,2048;2048;2048;2048,1024,0
4,thread-alternation,16,512,4,shared-global,8192,0,0.0,0.0,0;0;0;0,2048;2048;2048;2048,1024,4
4,thread-alternation,16,512,4,shared-local,8192,0,0.0,0.0,0;0;0;0,2048;2048;2048;2048,1024,16
4,thread-alternation,16,512,4,partitioned-local,8192,0,0.0,0.0,0;0;0;0,2048;2048;2048;2048,1024,16
4,thread-alternation,16,512,8,shared-global,8192,0,0.0,0.0,0;0;0;0,2048;2048;2048;2048,1024,8
4,thread-alternation,16,512,8,shared-local,8192,0,0.0,0.0,0;0;0;0,2048;2048;2048;2048,1024,32
4,thread-alternation,16,512,8,partitioned-local,8192,0,0.0,0.0,0;0;0;0,2048;2048;2048;2048,1024,32
4,thread-alternation,256,32,0,shared-global,8192,8192,100.0,100.0,2048;2048;2048;2048,2048;2048;2048;2048,64,0
4,thread-alternation,256,32,0,shared-local,8192,8192,100.0,100.0,2048;2048;2048;2048,2048;2048;2048;2048,64,0
4,thread-alternation,256,32,0,partitioned-local,8192,8192,100.0,100.0,2048;2048;2048;2048,2048;2048;2048;2048,64,0
4,thread-alternation,256,32,4,shared-global,8192,0,0.0,0.0,0;0;0;0,2048;2048;2048;2048,64,4
4,thread-alternation,256,32,4,shared-local,8192,0,0.0,0.0,0;0;0;0,2048;2048;2048;2048,64,16
4,thread-alternation,256,32,4,partitioned-local,8192,0,0.0,0.0,0;0;0;0,2048;2048;2048;2048,64,16
4,thread-alternation,256,32,8,shared-global,8192,0,0.0,0.0,0;0;0;0,2048;2048;2048;2048,64,8
4,thread-alternation,256,32,8,shared-local,8192,0,0.0,0.0,0;0;0;0,2048;2048;2048;2048,64,32
4,thread-alternation,256,32,8,partitioned-local,8192,0,0.0,0.0,0;0;0;0,2048;2048;2048;2048,64,32
4,thread-alternation,256,128,0,shared-global,8192,8192,100.0,100.0,2048;2048;2048;2048,2048;2048;2048;2048,256,0
4,thread-alternation,256,128,0,shared-local,8192,8192,100.0,100.0,2048;2048;2048;2048,2048;2048;2048;2048,256,0
4,thread-alternation,256,128,0,partitioned-local,8192,8192,100.0,100.0,2048;2048;2048;2048,2048;2048;2048;2048,256,0
4,thread-alternation,256,128,4,shared-global,8192,0,0.0,0.0,0;0;0;0,2048;2048;2048;2048,256,4
4,thread-alternation,256,128,4,shared-local,8192,0,0.0,0.0,0;0;0;0,2048;2048;2048;2048,256,16
4,thread-alternation,256,128,4,partitioned-local,8192,0,0.0,0.0,0;0;0;0,2048;2048;2048;2048,256,16
4,thread-alternation,256,128,8,shared-global,8192,0,0.0,0.0,0;0;0;0,2048;2048;2048;2048,256,8
4,thread-alternation,256,128,8,shared-local,8192,0,0.0,0.0,0;0;0;0,2048;2048;2048;2048,256,32
4,thread-alternation,256,128,8,partitioned-local,8192,0,0.0,0.0,0;0;0;0,2048;2048;2048;2048,256,32
4,thread-alternation,256,512,0,shared-global,8192,8192,100.0,100.0,2048;2048;2048;2048,2048;2048;2048;2048,1024,0
4,thread-alternation,256,512,0,shared-local,8192,8192,100.0,100.0,2048;2048;2048;2048,2048;2048;2048;2048,1024,0
4,thread-alternation,256,512,0,partitioned-local,8192,8192,100.0,100.0,2048;2048;2048;2048,2048;2048;2048;2048,1024,0
4,thread-alternation,256,512,4,shared-global,8192,0,0.0,0.0,0;0;0;0,2048;2048;2048;2048,1024,4
4,thread-alternation,256,512,4,shared-local,8192,0,0.0,0.0,0;0;0;0,2048;2048;2048;2048,1024,16
4,thread-alternation,256,512,4,partitioned-local,8192,0,0.0,0.0,0;0;0;0,2048;2048;2048;2048,1024,16
4,thread-alternation,256,512,8,shared-global,8192,0,0.0,0.0,0;0;0;0,2048;2048;2048;2048,1024,8
4,thread-alternation,256,512,8,shared-local,8192,0,0.0,0.0,0;0;0;0,2048;2048;2048;2048,1024,32
4,thread-alternation,256,512,8,partitioned-local,8192,0,0.0,0.0,0;0;0;0,2048;2048;2048;2048,1024,32
