n,width,quota,fixed,scenario,seed,cycles,warmup,evaluation_cycles,fires,opportunities,sink_stalls,throughput,switches,switches_per_transfer,jain,queue_latency_p50,queue_latency_p99,serviced_wait_max,serviced_wait_p99,max_pending_age,reset_canceled,unserved_ports,total_fires,total_stalls,service_counts,flow,vector_sha256
1,16,1,1,protocol,7,128,0,128,5,5,18,0.0390625,0,0.0,1.0,6,7,0,0,9,4,0,5,18,[5],rtl,e5a9fbbafddb816cbecb9799d11abd8ee00cb1f21904d72fbf11b2bae0cbc387
1,16,1,1,saturated,11,4096,512,3584,3584,3584,0,1.0,0,0.0,1.0,0,0,0,0,0,0,0,4094,0,[3584],rtl,65529cd9e2841f77a95677708d0cc8fce184736577544386733209e4d316e6d6
1,16,1,1,saturated,29,4096,512,3584,3584,3584,0,1.0,0,0.0,1.0,0,0,0,0,0,0,0,4094,0,[3584],rtl,65529cd9e2841f77a95677708d0cc8fce184736577544386733209e4d316e6d6
1,16,1,1,saturated,47,4096,512,3584,3584,3584,0,1.0,0,0.0,1.0,0,0,0,0,0,0,0,4094,0,[3584],rtl,65529cd9e2841f77a95677708d0cc8fce184736577544386733209e4d316e6d6
1,16,1,1,saturated,101,4096,512,3584,3584,3584,0,1.0,0,0.0,1.0,0,0,0,0,0,0,0,4094,0,[3584],rtl,65529cd9e2841f77a95677708d0cc8fce184736577544386733209e4d316e6d6
1,16,1,1,saturated,211,4096,512,3584,3584,3584,0,1.0,0,0.0,1.0,0,0,0,0,0,0,0,4094,0,[3584],rtl,65529cd9e2841f77a95677708d0cc8fce184736577544386733209e4d316e6d6
1,16,1,1,sink_stalls,11,4096,512,3584,2354,2354,1230,0.6568080357142857,0,0.0,1.0,787,1402,0,0,1421,0,0,2673,1421,[2354],rtl,e4399a6ddbdbef12c865d0fc8f69bd6b6a1c7dce168675cf7fbf6cacd378c836
1,16,1,1,sink_stalls,29,4096,512,3584,2319,2319,1265,0.6470424107142857,0,0.0,1.0,810,1426,0,0,1450,0,0,2644,1450,[2319],rtl,d86556f7bee416538f15c4cf5a9bb92127401419f634125888a9729abc3a75d9
1,16,1,1,sink_stalls,47,4096,512,3584,2310,2310,1274,0.64453125,0,0.0,1.0,811,1437,0,0,1464,0,0,2629,1465,[2310],rtl,d55ecaa94f135518a194bcc661001190121757e67868ed28ebdd843c6fbb0ede
1,16,1,1,sink_stalls,101,4096,512,3584,2306,2306,1278,0.6434151785714286,0,0.0,1.0,846,1441,0,0,1465,0,0,2628,1466,[2306],rtl,af1b757aa4a116845ac3e787217d6ed7549d3f78c60a63751b506e06ececbd82
1,16,1,1,sink_stalls,211,4096,512,3584,2321,2321,1263,0.6476004464285714,0,0.0,1.0,830,1417,0,0,1438,0,0,2655,1439,[2321],rtl,2de8eccc2125765fc225472b7963681e8677d99bd4a6a1b0f46c85b6068678a8
1,16,1,1,asymmetric,11,4096,512,3584,3584,3584,0,1.0,0,0.0,1.0,0,0,0,0,0,0,0,4094,0,[3584],rtl,65529cd9e2841f77a95677708d0cc8fce184736577544386733209e4d316e6d6
1,16,1,1,asymmetric,29,4096,512,3584,3584,3584,0,1.0,0,0.0,1.0,0,0,0,0,0,0,0,4094,0,[3584],rtl,65529cd9e2841f77a95677708d0cc8fce184736577544386733209e4d316e6d6
1,16,1,1,asymmetric,47,4096,512,3584,3584,3584,0,1.0,0,0.0,1.0,0,0,0,0,0,0,0,4094,0,[3584],rtl,65529cd9e2841f77a95677708d0cc8fce184736577544386733209e4d316e6d6
1,16,1,1,asymmetric,101,4096,512,3584,3584,3584,0,1.0,0,0.0,1.0,0,0,0,0,0,0,0,4094,0,[3584],rtl,65529cd9e2841f77a95677708d0cc8fce184736577544386733209e4d316e6d6
1,16,1,1,asymmetric,211,4096,512,3584,3584,3584,0,1.0,0,0.0,1.0,0,0,0,0,0,0,0,4094,0,[3584],rtl,65529cd9e2841f77a95677708d0cc8fce184736577544386733209e4d316e6d6
1,16,1,1,bursty,11,4096,512,3584,296,296,0,0.08258928571428571,0,0.0,1.0,3,7,0,0,7,0,0,336,0,[296],rtl,f01d185a744cc9ad1e2e7677d3b6cce34df979d1390b47d358b5d14f140e5263
1,16,1,1,bursty,29,4096,512,3584,296,296,0,0.08258928571428571,0,0.0,1.0,3,7,0,0,7,0,0,336,0,[296],rtl,f01d185a744cc9ad1e2e7677d3b6cce34df979d1390b47d358b5d14f140e5263
1,16,1,1,bursty,47,4096,512,3584,296,296,0,0.08258928571428571,0,0.0,1.0,3,7,0,0,7,0,0,336,0,[296],rtl,f01d185a744cc9ad1e2e7677d3b6cce34df979d1390b47d358b5d14f140e5263
1,16,1,1,bursty,101,4096,512,3584,296,296,0,0.08258928571428571,0,0.0,1.0,3,7,0,0,7,0,0,336,0,[296],rtl,f01d185a744cc9ad1e2e7677d3b6cce34df979d1390b47d358b5d14f140e5263
1,16,1,1,bursty,211,4096,512,3584,296,296,0,0.08258928571428571,0,0.0,1.0,3,7,0,0,7,0,0,336,0,[296],rtl,f01d185a744cc9ad1e2e7677d3b6cce34df979d1390b47d358b5d14f140e5263
1,16,1,1,light,11,4096,512,3584,2188,2188,0,0.6104910714285714,0,0.0,1.0,0,0,0,0,0,0,0,2477,0,[2188],rtl,a0a9dff35ef99af512d299f5769d76a29b04a739ecf1f86f69c460dc4a273347
1,16,1,1,light,29,4096,512,3584,2136,2136,0,0.5959821428571429,0,0.0,1.0,0,0,0,0,0,0,0,2433,0,[2136],rtl,446d817dd747dc4a8939e61c27e4c56f9055aadcace1deee8e9a0613d853ac04
1,16,1,1,light,47,4096,512,3584,2148,2148,0,0.5993303571428571,0,0.0,1.0,0,0,0,0,0,0,0,2452,0,[2148],rtl,6a743f7d5c1eedcd9cc21b1b2faa4e985fc09fb158a7f0f68521684549102bac
1,16,1,1,light,101,4096,512,3584,2117,2117,0,0.5906808035714286,0,0.0,1.0,0,0,0,0,0,0,0,2413,0,[2117],rtl,6e4625c1a39020f4e688670c8cb993bc3343f09f1a3c185f6bb5826862ea9e75
1,16,1,1,light,211,4096,512,3584,2180,2180,0,0.6082589285714286,0,0.0,1.0,0,0,0,0,0,0,0,2475,0,[2180],rtl,e8659d92662b035bd6f5b8c9ec67f90acd6209a11e937336e9b76f2d3bf34607
1,16,1,1,phase_change,11,4096,512,3584,2893,2893,0,0.8071986607142857,0,0.0,1.0,0,0,0,0,0,0,0,3292,0,[2893],rtl,7eaa796e4760e48c11010e7ffa73654128e6b9daa772aaa6408c033fca21ca31
1,16,1,1,phase_change,29,4096,512,3584,2843,2843,0,0.7932477678571429,0,0.0,1.0,0,0,0,0,0,0,0,3256,0,[2843],rtl,4f96e5134020c7494624db7ef9729043c91ca8c64466d0612adce513c51a8996
1,16,1,1,phase_change,47,4096,512,3584,2876,2876,0,0.8024553571428571,0,0.0,1.0,0,0,0,0,0,0,0,3281,0,[2876],rtl,a390a99d07cac411d55d3348149250b75e5bdcc967cb807873620c1e5f63a350
1,16,1,1,phase_change,101,4096,512,3584,2879,2879,0,0.8032924107142857,0,0.0,1.0,0,0,0,0,0,0,0,3284,0,[2879],rtl,d79ce738fa08911b4323e86c0e1f130c21c0083b68204f3b17aeff886a1fe5e2
1,16,1,1,phase_change,211,4096,512,3584,2870,2870,0,0.80078125,0,0.0,1.0,0,0,0,0,0,0,0,3283,0,[2870],rtl,fc9a7a75c9972c45945478cfaba8e3b75912279435273c99460d3691c78040cb
1,16,1,1,reset_stress,11,4096,512,3584,2329,2329,1227,0.6498325892857143,0,0.0,1.0,41,93,0,0,104,1323,0,2648,1416,[2329],rtl,66caeabd8f593588aefb62d6f6a35185f1eb49cd0495761606087c7005f2703e
1,16,1,1,reset_stress,29,4096,512,3584,2296,2296,1260,0.640625,0,0.0,1.0,42,95,0,0,101,1354,0,2620,1444,[2296],rtl,3fced9cdced1244d09396925498c3455672a3dd52213fb26e31d1919dd251dd1
1,16,1,1,reset_stress,47,4096,512,3584,2289,2289,1267,0.638671875,0,0.0,1.0,44,93,0,0,110,1360,0,2606,1458,[2289],rtl,3fa64c76780c1ff28294703df573e50ac983bf9d19373594cce3071fa66f77b6
1,16,1,1,reset_stress,101,4096,512,3584,2285,2285,1271,0.6375558035714286,0,0.0,1.0,45,93,0,0,105,1366,0,2606,1458,[2285],rtl,6e3bfd034be416f452197e67846e1052422b090320bb825227b1ad359b96409f
1,16,1,1,reset_stress,211,4096,512,3584,2298,2298,1258,0.6411830357142857,0,0.0,1.0,42,98,0,0,105,1348,0,2630,1434,[2298],rtl,adb0f50e9df353116fba654938b08a0b4a69472d004b8c932c0a83ada341a98a
1,16,1,1,protocol,7,128,0,128,5,5,18,0.0390625,0,0.0,1.0,6,7,0,0,9,4,0,5,18,[5],generic-netlist,e5a9fbbafddb816cbecb9799d11abd8ee00cb1f21904d72fbf11b2bae0cbc387
1,16,1,1,sink_stalls,29,4096,512,3584,2319,2319,1265,0.6470424107142857,0,0.0,1.0,810,1426,0,0,1450,0,0,2644,1450,[2319],generic-netlist,d86556f7bee416538f15c4cf5a9bb92127401419f634125888a9729abc3a75d9
1,16,1,1,phase_change,29,4096,512,3584,2843,2843,0,0.7932477678571429,0,0.0,1.0,0,0,0,0,0,0,0,3256,0,[2843],generic-netlist,4f96e5134020c7494624db7ef9729043c91ca8c64466d0612adce513c51a8996
1,16,1,0,protocol,7,128,0,128,5,5,18,0.0390625,0,0.0,1.0,6,7,0,0,9,4,0,5,18,[5],rtl,e5a9fbbafddb816cbecb9799d11abd8ee00cb1f21904d72fbf11b2bae0cbc387
1,16,1,0,saturated,11,4096,512,3584,3584,3584,0,1.0,0,0.0,1.0,0,0,0,0,0,0,0,4094,0,[3584],rtl,65529cd9e2841f77a95677708d0cc8fce184736577544386733209e4d316e6d6
1,16,1,0,saturated,29,4096,512,3584,3584,3584,0,1.0,0,0.0,1.0,0,0,0,0,0,0,0,4094,0,[3584],rtl,65529cd9e2841f77a95677708d0cc8fce184736577544386733209e4d316e6d6
1,16,1,0,saturated,47,4096,512,3584,3584,3584,0,1.0,0,0.0,1.0,0,0,0,0,0,0,0,4094,0,[3584],rtl,65529cd9e2841f77a95677708d0cc8fce184736577544386733209e4d316e6d6
1,16,1,0,saturated,101,4096,512,3584,3584,3584,0,1.0,0,0.0,1.0,0,0,0,0,0,0,0,4094,0,[3584],rtl,65529cd9e2841f77a95677708d0cc8fce184736577544386733209e4d316e6d6
1,16,1,0,saturated,211,4096,512,3584,3584,3584,0,1.0,0,0.0,1.0,0,0,0,0,0,0,0,4094,0,[3584],rtl,65529cd9e2841f77a95677708d0cc8fce184736577544386733209e4d316e6d6
1,16,1,0,sink_stalls,11,4096,512,3584,2354,2354,1230,0.6568080357142857,0,0.0,1.0,787,1402,0,0,1421,0,0,2673,1421,[2354],rtl,e4399a6ddbdbef12c865d0fc8f69bd6b6a1c7dce168675cf7fbf6cacd378c836
1,16,1,0,sink_stalls,29,4096,512,3584,2319,2319,1265,0.6470424107142857,0,0.0,1.0,810,1426,0,0,1450,0,0,2644,1450,[2319],rtl,d86556f7bee416538f15c4cf5a9bb92127401419f634125888a9729abc3a75d9
1,16,1,0,sink_stalls,47,4096,512,3584,2310,2310,1274,0.64453125,0,0.0,1.0,811,1437,0,0,1464,0,0,2629,1465,[2310],rtl,d55ecaa94f135518a194bcc661001190121757e67868ed28ebdd843c6fbb0ede
1,16,1,0,sink_stalls,101,4096,512,3584,2306,2306,1278,0.6434151785714286,0,0.0,1.0,846,1441,0,0,1465,0,0,2628,1466,[2306],rtl,af1b757aa4a116845ac3e787217d6ed7549d3f78c60a63751b506e06ececbd82
1,16,1,0,sink_stalls,211,4096,512,3584,2321,2321,1263,0.6476004464285714,0,0.0,1.0,830,1417,0,0,1438,0,0,2655,1439,[2321],rtl,2de8eccc2125765fc225472b7963681e8677d99bd4a6a1b0f46c85b6068678a8
1,16,1,0,asymmetric,11,4096,512,3584,3584,3584,0,1.0,0,0.0,1.0,0,0,0,0,0,0,0,4094,0,[3584],rtl,65529cd9e2841f77a95677708d0cc8fce184736577544386733209e4d316e6d6
1,16,1,0,asymmetric,29,4096,512,3584,3584,3584,0,1.0,0,0.0,1.0,0,0,0,0,0,0,0,4094,0,[3584],rtl,65529cd9e2841f77a95677708d0cc8fce184736577544386733209e4d316e6d6
1,16,1,0,asymmetric,47,4096,512,3584,3584,3584,0,1.0,0,0.0,1.0,0,0,0,0,0,0,0,4094,0,[3584],rtl,65529cd9e2841f77a95677708d0cc8fce184736577544386733209e4d316e6d6
1,16,1,0,asymmetric,101,4096,512,3584,3584,3584,0,1.0,0,0.0,1.0,0,0,0,0,0,0,0,4094,0,[3584],rtl,65529cd9e2841f77a95677708d0cc8fce184736577544386733209e4d316e6d6
1,16,1,0,asymmetric,211,4096,512,3584,3584,3584,0,1.0,0,0.0,1.0,0,0,0,0,0,0,0,4094,0,[3584],rtl,65529cd9e2841f77a95677708d0cc8fce184736577544386733209e4d316e6d6
1,16,1,0,bursty,11,4096,512,3584,296,296,0,0.08258928571428571,0,0.0,1.0,3,7,0,0,7,0,0,336,0,[296],rtl,f01d185a744cc9ad1e2e7677d3b6cce34df979d1390b47d358b5d14f140e5263
1,16,1,0,bursty,29,4096,512,3584,296,296,0,0.08258928571428571,0,0.0,1.0,3,7,0,0,7,0,0,336,0,[296],rtl,f01d185a744cc9ad1e2e7677d3b6cce34df979d1390b47d358b5d14f140e5263
1,16,1,0,bursty,47,4096,512,3584,296,296,0,0.08258928571428571,0,0.0,1.0,3,7,0,0,7,0,0,336,0,[296],rtl,f01d185a744cc9ad1e2e7677d3b6cce34df979d1390b47d358b5d14f140e5263
1,16,1,0,bursty,101,4096,512,3584,296,296,0,0.08258928571428571,0,0.0,1.0,3,7,0,0,7,0,0,336,0,[296],rtl,f01d185a744cc9ad1e2e7677d3b6cce34df979d1390b47d358b5d14f140e5263
1,16,1,0,bursty,211,4096,512,3584,296,296,0,0.08258928571428571,0,0.0,1.0,3,7,0,0,7,0,0,336,0,[296],rtl,f01d185a744cc9ad1e2e7677d3b6cce34df979d1390b47d358b5d14f140e5263
1,16,1,0,light,11,4096,512,3584,2188,2188,0,0.6104910714285714,0,0.0,1.0,0,0,0,0,0,0,0,2477,0,[2188],rtl,a0a9dff35ef99af512d299f5769d76a29b04a739ecf1f86f69c460dc4a273347
1,16,1,0,light,29,4096,512,3584,2136,2136,0,0.5959821428571429,0,0.0,1.0,0,0,0,0,0,0,0,2433,0,[2136],rtl,446d817dd747dc4a8939e61c27e4c56f9055aadcace1deee8e9a0613d853ac04
1,16,1,0,light,47,4096,512,3584,2148,2148,0,0.5993303571428571,0,0.0,1.0,0,0,0,0,0,0,0,2452,0,[2148],rtl,6a743f7d5c1eedcd9cc21b1b2faa4e985fc09fb158a7f0f68521684549102bac
1,16,1,0,light,101,4096,512,3584,2117,2117,0,0.5906808035714286,0,0.0,1.0,0,0,0,0,0,0,0,2413,0,[2117],rtl,6e4625c1a39020f4e688670c8cb993bc3343f09f1a3c185f6bb5826862ea9e75
1,16,1,0,light,211,4096,512,3584,2180,2180,0,0.6082589285714286,0,0.0,1.0,0,0,0,0,0,0,0,2475,0,[2180],rtl,e8659d92662b035bd6f5b8c9ec67f90acd6209a11e937336e9b76f2d3bf34607
1,16,1,0,phase_change,11,4096,512,3584,2893,2893,0,0.8071986607142857,0,0.0,1.0,0,0,0,0,0,0,0,3292,0,[2893],rtl,7eaa796e4760e48c11010e7ffa73654128e6b9daa772aaa6408c033fca21ca31
1,16,1,0,phase_change,29,4096,512,3584,2843,2843,0,0.7932477678571429,0,0.0,1.0,0,0,0,0,0,0,0,3256,0,[2843],rtl,4f96e5134020c7494624db7ef9729043c91ca8c64466d0612adce513c51a8996
1,16,1,0,phase_change,47,4096,512,3584,2876,2876,0,0.8024553571428571,0,0.0,1.0,0,0,0,0,0,0,0,3281,0,[2876],rtl,a390a99d07cac411d55d3348149250b75e5bdcc967cb807873620c1e5f63a350
1,16,1,0,phase_change,101,4096,512,3584,2879,2879,0,0.8032924107142857,0,0.0,1.0,0,0,0,0,0,0,0,3284,0,[2879],rtl,d79ce738fa08911b4323e86c0e1f130c21c0083b68204f3b17aeff886a1fe5e2
1,16,1,0,phase_change,211,4096,512,3584,2870,2870,0,0.80078125,0,0.0,1.0,0,0,0,0,0,0,0,3283,0,[2870],rtl,fc9a7a75c9972c45945478cfaba8e3b75912279435273c99460d3691c78040cb
1,16,1,0,reset_stress,11,4096,512,3584,2329,2329,1227,0.6498325892857143,0,0.0,1.0,41,93,0,0,104,1323,0,2648,1416,[2329],rtl,66caeabd8f593588aefb62d6f6a35185f1eb49cd0495761606087c7005f2703e
1,16,1,0,reset_stress,29,4096,512,3584,2296,2296,1260,0.640625,0,0.0,1.0,42,95,0,0,101,1354,0,2620,1444,[2296],rtl,3fced9cdced1244d09396925498c3455672a3dd52213fb26e31d1919dd251dd1
1,16,1,0,reset_stress,47,4096,512,3584,2289,2289,1267,0.638671875,0,0.0,1.0,44,93,0,0,110,1360,0,2606,1458,[2289],rtl,3fa64c76780c1ff28294703df573e50ac983bf9d19373594cce3071fa66f77b6
1,16,1,0,reset_stress,101,4096,512,3584,2285,2285,1271,0.6375558035714286,0,0.0,1.0,45,93,0,0,105,1366,0,2606,1458,[2285],rtl,6e3bfd034be416f452197e67846e1052422b090320bb825227b1ad359b96409f
1,16,1,0,reset_stress,211,4096,512,3584,2298,2298,1258,0.6411830357142857,0,0.0,1.0,42,98,0,0,105,1348,0,2630,1434,[2298],rtl,adb0f50e9df353116fba654938b08a0b4a69472d004b8c932c0a83ada341a98a
1,16,1,0,protocol,7,128,0,128,5,5,18,0.0390625,0,0.0,1.0,6,7,0,0,9,4,0,5,18,[5],generic-netlist,e5a9fbbafddb816cbecb9799d11abd8ee00cb1f21904d72fbf11b2bae0cbc387
1,16,1,0,sink_stalls,29,4096,512,3584,2319,2319,1265,0.6470424107142857,0,0.0,1.0,810,1426,0,0,1450,0,0,2644,1450,[2319],generic-netlist,d86556f7bee416538f15c4cf5a9bb92127401419f634125888a9729abc3a75d9
1,16,1,0,phase_change,29,4096,512,3584,2843,2843,0,0.7932477678571429,0,0.0,1.0,0,0,0,0,0,0,0,3256,0,[2843],generic-netlist,4f96e5134020c7494624db7ef9729043c91ca8c64466d0612adce513c51a8996
1,16,4,0,protocol,7,128,0,128,5,5,18,0.0390625,0,0.0,1.0,6,7,0,0,9,4,0,5,18,[5],rtl,e5a9fbbafddb816cbecb9799d11abd8ee00cb1f21904d72fbf11b2bae0cbc387
1,16,4,0,saturated,11,4096,512,3584,3584,3584,0,1.0,0,0.0,1.0,0,0,0,0,0,0,0,4094,0,[3584],rtl,65529cd9e2841f77a95677708d0cc8fce184736577544386733209e4d316e6d6
1,16,4,0,saturated,29,4096,512,3584,3584,3584,0,1.0,0,0.0,1.0,0,0,0,0,0,0,0,4094,0,[3584],rtl,65529cd9e2841f77a95677708d0cc8fce184736577544386733209e4d316e6d6
1,16,4,0,saturated,47,4096,512,3584,3584,3584,0,1.0,0,0.0,1.0,0,0,0,0,0,0,0,4094,0,[3584],rtl,65529cd9e2841f77a95677708d0cc8fce184736577544386733209e4d316e6d6
1,16,4,0,saturated,101,4096,512,3584,3584,3584,0,1.0,0,0.0,1.0,0,0,0,0,0,0,0,4094,0,[3584],rtl,65529cd9e2841f77a95677708d0cc8fce184736577544386733209e4d316e6d6
1,16,4,0,saturated,211,4096,512,3584,3584,3584,0,1.0,0,0.0,1.0,0,0,0,0,0,0,0,4094,0,[3584],rtl,65529cd9e2841f77a95677708d0cc8fce184736577544386733209e4d316e6d6
1,16,4,0,sink_stalls,11,4096,512,3584,2354,2354,1230,0.6568080357142857,0,0.0,1.0,787,1402,0,0,1421,0,0,2673,1421,[2354],rtl,e4399a6ddbdbef12c865d0fc8f69bd6b6a1c7dce168675cf7fbf6cacd378c836
1,16,4,0,sink_stalls,29,4096,512,3584,2319,2319,1265,0.6470424107142857,0,0.0,1.0,810,1426,0,0,1450,0,0,2644,1450,[2319],rtl,d86556f7bee416538f15c4cf5a9bb92127401419f634125888a9729abc3a75d9
1,16,4,0,sink_stalls,47,4096,512,3584,2310,2310,1274,0.64453125,0,0.0,1.0,811,1437,0,0,1464,0,0,2629,1465,[2310],rtl,d55ecaa94f135518a194bcc661001190121757e67868ed28ebdd843c6fbb0ede
1,16,4,0,sink_stalls,101,4096,512,3584,2306,2306,1278,0.6434151785714286,0,0.0,1.0,846,1441,0,0,1465,0,0,2628,1466,[2306],rtl,af1b757aa4a116845ac3e787217d6ed7549d3f78c60a63751b506e06ececbd82
1,16,4,0,sink_stalls,211,4096,512,3584,2321,2321,1263,0.6476004464285714,0,0.0,1.0,830,1417,0,0,1438,0,0,2655,1439,[2321],rtl,2de8eccc2125765fc225472b7963681e8677d99bd4a6a1b0f46c85b6068678a8
1,16,4,0,asymmetric,11,4096,512,3584,3584,3584,0,1.0,0,0.0,1.0,0,0,0,0,0,0,0,4094,0,[3584],rtl,65529cd9e2841f77a95677708d0cc8fce184736577544386733209e4d316e6d6
1,16,4,0,asymmetric,29,4096,512,3584,3584,3584,0,1.0,0,0.0,1.0,0,0,0,0,0,0,0,4094,0,[3584],rtl,65529cd9e2841f77a95677708d0cc8fce184736577544386733209e4d316e6d6
1,16,4,0,asymmetric,47,4096,512,3584,3584,3584,0,1.0,0,0.0,1.0,0,0,0,0,0,0,0,4094,0,[3584],rtl,65529cd9e2841f77a95677708d0cc8fce184736577544386733209e4d316e6d6
1,16,4,0,asymmetric,101,4096,512,3584,3584,3584,0,1.0,0,0.0,1.0,0,0,0,0,0,0,0,4094,0,[3584],rtl,65529cd9e2841f77a95677708d0cc8fce184736577544386733209e4d316e6d6
1,16,4,0,asymmetric,211,4096,512,3584,3584,3584,0,1.0,0,0.0,1.0,0,0,0,0,0,0,0,4094,0,[3584],rtl,65529cd9e2841f77a95677708d0cc8fce184736577544386733209e4d316e6d6
1,16,4,0,bursty,11,4096,512,3584,296,296,0,0.08258928571428571,0,0.0,1.0,3,7,0,0,7,0,0,336,0,[296],rtl,f01d185a744cc9ad1e2e7677d3b6cce34df979d1390b47d358b5d14f140e5263
1,16,4,0,bursty,29,4096,512,3584,296,296,0,0.08258928571428571,0,0.0,1.0,3,7,0,0,7,0,0,336,0,[296],rtl,f01d185a744cc9ad1e2e7677d3b6cce34df979d1390b47d358b5d14f140e5263
1,16,4,0,bursty,47,4096,512,3584,296,296,0,0.08258928571428571,0,0.0,1.0,3,7,0,0,7,0,0,336,0,[296],rtl,f01d185a744cc9ad1e2e7677d3b6cce34df979d1390b47d358b5d14f140e5263
1,16,4,0,bursty,101,4096,512,3584,296,296,0,0.08258928571428571,0,0.0,1.0,3,7,0,0,7,0,0,336,0,[296],rtl,f01d185a744cc9ad1e2e7677d3b6cce34df979d1390b47d358b5d14f140e5263
1,16,4,0,bursty,211,4096,512,3584,296,296,0,0.08258928571428571,0,0.0,1.0,3,7,0,0,7,0,0,336,0,[296],rtl,f01d185a744cc9ad1e2e7677d3b6cce34df979d1390b47d358b5d14f140e5263
1,16,4,0,light,11,4096,512,3584,2188,2188,0,0.6104910714285714,0,0.0,1.0,0,0,0,0,0,0,0,2477,0,[2188],rtl,a0a9dff35ef99af512d299f5769d76a29b04a739ecf1f86f69c460dc4a273347
1,16,4,0,light,29,4096,512,3584,2136,2136,0,0.5959821428571429,0,0.0,1.0,0,0,0,0,0,0,0,2433,0,[2136],rtl,446d817dd747dc4a8939e61c27e4c56f9055aadcace1deee8e9a0613d853ac04
1,16,4,0,light,47,4096,512,3584,2148,2148,0,0.5993303571428571,0,0.0,1.0,0,0,0,0,0,0,0,2452,0,[2148],rtl,6a743f7d5c1eedcd9cc21b1b2faa4e985fc09fb158a7f0f68521684549102bac
1,16,4,0,light,101,4096,512,3584,2117,2117,0,0.5906808035714286,0,0.0,1.0,0,0,0,0,0,0,0,2413,0,[2117],rtl,6e4625c1a39020f4e688670c8cb993bc3343f09f1a3c185f6bb5826862ea9e75
1,16,4,0,light,211,4096,512,3584,2180,2180,0,0.6082589285714286,0,0.0,1.0,0,0,0,0,0,0,0,2475,0,[2180],rtl,e8659d92662b035bd6f5b8c9ec67f90acd6209a11e937336e9b76f2d3bf34607
1,16,4,0,phase_change,11,4096,512,3584,2893,2893,0,0.8071986607142857,0,0.0,1.0,0,0,0,0,0,0,0,3292,0,[2893],rtl,7eaa796e4760e48c11010e7ffa73654128e6b9daa772aaa6408c033fca21ca31
1,16,4,0,phase_change,29,4096,512,3584,2843,2843,0,0.7932477678571429,0,0.0,1.0,0,0,0,0,0,0,0,3256,0,[2843],rtl,4f96e5134020c7494624db7ef9729043c91ca8c64466d0612adce513c51a8996
1,16,4,0,phase_change,47,4096,512,3584,2876,2876,0,0.8024553571428571,0,0.0,1.0,0,0,0,0,0,0,0,3281,0,[2876],rtl,a390a99d07cac411d55d3348149250b75e5bdcc967cb807873620c1e5f63a350
1,16,4,0,phase_change,101,4096,512,3584,2879,2879,0,0.8032924107142857,0,0.0,1.0,0,0,0,0,0,0,0,3284,0,[2879],rtl,d79ce738fa08911b4323e86c0e1f130c21c0083b68204f3b17aeff886a1fe5e2
1,16,4,0,phase_change,211,4096,512,3584,2870,2870,0,0.80078125,0,0.0,1.0,0,0,0,0,0,0,0,3283,0,[2870],rtl,fc9a7a75c9972c45945478cfaba8e3b75912279435273c99460d3691c78040cb
1,16,4,0,reset_stress,11,4096,512,3584,2329,2329,1227,0.6498325892857143,0,0.0,1.0,41,93,0,0,104,1323,0,2648,1416,[2329],rtl,66caeabd8f593588aefb62d6f6a35185f1eb49cd0495761606087c7005f2703e
1,16,4,0,reset_stress,29,4096,512,3584,2296,2296,1260,0.640625,0,0.0,1.0,42,95,0,0,101,1354,0,2620,1444,[2296],rtl,3fced9cdced1244d09396925498c3455672a3dd52213fb26e31d1919dd251dd1
1,16,4,0,reset_stress,47,4096,512,3584,2289,2289,1267,0.638671875,0,0.0,1.0,44,93,0,0,110,1360,0,2606,1458,[2289],rtl,3fa64c76780c1ff28294703df573e50ac983bf9d19373594cce3071fa66f77b6
1,16,4,0,reset_stress,101,4096,512,3584,2285,2285,1271,0.6375558035714286,0,0.0,1.0,45,93,0,0,105,1366,0,2606,1458,[2285],rtl,6e3bfd034be416f452197e67846e1052422b090320bb825227b1ad359b96409f
1,16,4,0,reset_stress,211,4096,512,3584,2298,2298,1258,0.6411830357142857,0,0.0,1.0,42,98,0,0,105,1348,0,2630,1434,[2298],rtl,adb0f50e9df353116fba654938b08a0b4a69472d004b8c932c0a83ada341a98a
1,16,4,0,protocol,7,128,0,128,5,5,18,0.0390625,0,0.0,1.0,6,7,0,0,9,4,0,5,18,[5],generic-netlist,e5a9fbbafddb816cbecb9799d11abd8ee00cb1f21904d72fbf11b2bae0cbc387
1,16,4,0,sink_stalls,29,4096,512,3584,2319,2319,1265,0.6470424107142857,0,0.0,1.0,810,1426,0,0,1450,0,0,2644,1450,[2319],generic-netlist,d86556f7bee416538f15c4cf5a9bb92127401419f634125888a9729abc3a75d9
1,16,4,0,phase_change,29,4096,512,3584,2843,2843,0,0.7932477678571429,0,0.0,1.0,0,0,0,0,0,0,0,3256,0,[2843],generic-netlist,4f96e5134020c7494624db7ef9729043c91ca8c64466d0612adce513c51a8996
1,16,8,0,protocol,7,128,0,128,5,5,18,0.0390625,0,0.0,1.0,6,7,0,0,9,4,0,5,18,[5],rtl,e5a9fbbafddb816cbecb9799d11abd8ee00cb1f21904d72fbf11b2bae0cbc387
1,16,8,0,saturated,11,4096,512,3584,3584,3584,0,1.0,0,0.0,1.0,0,0,0,0,0,0,0,4094,0,[3584],rtl,65529cd9e2841f77a95677708d0cc8fce184736577544386733209e4d316e6d6
1,16,8,0,saturated,29,4096,512,3584,3584,3584,0,1.0,0,0.0,1.0,0,0,0,0,0,0,0,4094,0,[3584],rtl,65529cd9e2841f77a95677708d0cc8fce184736577544386733209e4d316e6d6
1,16,8,0,saturated,47,4096,512,3584,3584,3584,0,1.0,0,0.0,1.0,0,0,0,0,0,0,0,4094,0,[3584],rtl,65529cd9e2841f77a95677708d0cc8fce184736577544386733209e4d316e6d6
1,16,8,0,saturated,101,4096,512,3584,3584,3584,0,1.0,0,0.0,1.0,0,0,0,0,0,0,0,4094,0,[3584],rtl,65529cd9e2841f77a95677708d0cc8fce184736577544386733209e4d316e6d6
1,16,8,0,saturated,211,4096,512,3584,3584,3584,0,1.0,0,0.0,1.0,0,0,0,0,0,0,0,4094,0,[3584],rtl,65529cd9e2841f77a95677708d0cc8fce184736577544386733209e4d316e6d6
1,16,8,0,sink_stalls,11,4096,512,3584,2354,2354,1230,0.6568080357142857,0,0.0,1.0,787,1402,0,0,1421,0,0,2673,1421,[2354],rtl,e4399a6ddbdbef12c865d0fc8f69bd6b6a1c7dce168675cf7fbf6cacd378c836
1,16,8,0,sink_stalls,29,4096,512,3584,2319,2319,1265,0.6470424107142857,0,0.0,1.0,810,1426,0,0,1450,0,0,2644,1450,[2319],rtl,d86556f7bee416538f15c4cf5a9bb92127401419f634125888a9729abc3a75d9
1,16,8,0,sink_stalls,47,4096,512,3584,2310,2310,1274,0.64453125,0,0.0,1.0,811,1437,0,0,1464,0,0,2629,1465,[2310],rtl,d55ecaa94f135518a194bcc661001190121757e67868ed28ebdd843c6fbb0ede
1,16,8,0,sink_stalls,101,4096,512,3584,2306,2306,1278,0.6434151785714286,0,0.0,1.0,846,1441,0,0,1465,0,0,2628,1466,[2306],rtl,af1b757aa4a116845ac3e787217d6ed7549d3f78c60a63751b506e06ececbd82
1,16,8,0,sink_stalls,211,4096,512,3584,2321,2321,1263,0.6476004464285714,0,0.0,1.0,830,1417,0,0,1438,0,0,2655,1439,[2321],rtl,2de8eccc2125765fc225472b7963681e8677d99bd4a6a1b0f46c85b6068678a8
1,16,8,0,asymmetric,11,4096,512,3584,3584,3584,0,1.0,0,0.0,1.0,0,0,0,0,0,0,0,4094,0,[3584],rtl,65529cd9e2841f77a95677708d0cc8fce184736577544386733209e4d316e6d6
1,16,8,0,asymmetric,29,4096,512,3584,3584,3584,0,1.0,0,0.0,1.0,0,0,0,0,0,0,0,4094,0,[3584],rtl,65529cd9e2841f77a95677708d0cc8fce184736577544386733209e4d316e6d6
1,16,8,0,asymmetric,47,4096,512,3584,3584,3584,0,1.0,0,0.0,1.0,0,0,0,0,0,0,0,4094,0,[3584],rtl,65529cd9e2841f77a95677708d0cc8fce184736577544386733209e4d316e6d6
1,16,8,0,asymmetric,101,4096,512,3584,3584,3584,0,1.0,0,0.0,1.0,0,0,0,0,0,0,0,4094,0,[3584],rtl,65529cd9e2841f77a95677708d0cc8fce184736577544386733209e4d316e6d6
1,16,8,0,asymmetric,211,4096,512,3584,3584,3584,0,1.0,0,0.0,1.0,0,0,0,0,0,0,0,4094,0,[3584],rtl,65529cd9e2841f77a95677708d0cc8fce184736577544386733209e4d316e6d6
1,16,8,0,bursty,11,4096,512,3584,296,296,0,0.08258928571428571,0,0.0,1.0,3,7,0,0,7,0,0,336,0,[296],rtl,f01d185a744cc9ad1e2e7677d3b6cce34df979d1390b47d358b5d14f140e5263
1,16,8,0,bursty,29,4096,512,3584,296,296,0,0.08258928571428571,0,0.0,1.0,3,7,0,0,7,0,0,336,0,[296],rtl,f01d185a744cc9ad1e2e7677d3b6cce34df979d1390b47d358b5d14f140e5263
1,16,8,0,bursty,47,4096,512,3584,296,296,0,0.08258928571428571,0,0.0,1.0,3,7,0,0,7,0,0,336,0,[296],rtl,f01d185a744cc9ad1e2e7677d3b6cce34df979d1390b47d358b5d14f140e5263
1,16,8,0,bursty,101,4096,512,3584,296,296,0,0.08258928571428571,0,0.0,1.0,3,7,0,0,7,0,0,336,0,[296],rtl,f01d185a744cc9ad1e2e7677d3b6cce34df979d1390b47d358b5d14f140e5263
1,16,8,0,bursty,211,4096,512,3584,296,296,0,0.08258928571428571,0,0.0,1.0,3,7,0,0,7,0,0,336,0,[296],rtl,f01d185a744cc9ad1e2e7677d3b6cce34df979d1390b47d358b5d14f140e5263
1,16,8,0,light,11,4096,512,3584,2188,2188,0,0.6104910714285714,0,0.0,1.0,0,0,0,0,0,0,0,2477,0,[2188],rtl,a0a9dff35ef99af512d299f5769d76a29b04a739ecf1f86f69c460dc4a273347
1,16,8,0,light,29,4096,512,3584,2136,2136,0,0.5959821428571429,0,0.0,1.0,0,0,0,0,0,0,0,2433,0,[2136],rtl,446d817dd747dc4a8939e61c27e4c56f9055aadcace1deee8e9a0613d853ac04
1,16,8,0,light,47,4096,512,3584,2148,2148,0,0.5993303571428571,0,0.0,1.0,0,0,0,0,0,0,0,2452,0,[2148],rtl,6a743f7d5c1eedcd9cc21b1b2faa4e985fc09fb158a7f0f68521684549102bac
1,16,8,0,light,101,4096,512,3584,2117,2117,0,0.5906808035714286,0,0.0,1.0,0,0,0,0,0,0,0,2413,0,[2117],rtl,6e4625c1a39020f4e688670c8cb993bc3343f09f1a3c185f6bb5826862ea9e75
1,16,8,0,light,211,4096,512,3584,2180,2180,0,0.6082589285714286,0,0.0,1.0,0,0,0,0,0,0,0,2475,0,[2180],rtl,e8659d92662b035bd6f5b8c9ec67f90acd6209a11e937336e9b76f2d3bf34607
1,16,8,0,phase_change,11,4096,512,3584,2893,2893,0,0.8071986607142857,0,0.0,1.0,0,0,0,0,0,0,0,3292,0,[2893],rtl,7eaa796e4760e48c11010e7ffa73654128e6b9daa772aaa6408c033fca21ca31
1,16,8,0,phase_change,29,4096,512,3584,2843,2843,0,0.7932477678571429,0,0.0,1.0,0,0,0,0,0,0,0,3256,0,[2843],rtl,4f96e5134020c7494624db7ef9729043c91ca8c64466d0612adce513c51a8996
1,16,8,0,phase_change,47,4096,512,3584,2876,2876,0,0.8024553571428571,0,0.0,1.0,0,0,0,0,0,0,0,3281,0,[2876],rtl,a390a99d07cac411d55d3348149250b75e5bdcc967cb807873620c1e5f63a350
1,16,8,0,phase_change,101,4096,512,3584,2879,2879,0,0.8032924107142857,0,0.0,1.0,0,0,0,0,0,0,0,3284,0,[2879],rtl,d79ce738fa08911b4323e86c0e1f130c21c0083b68204f3b17aeff886a1fe5e2
1,16,8,0,phase_change,211,4096,512,3584,2870,2870,0,0.80078125,0,0.0,1.0,0,0,0,0,0,0,0,3283,0,[2870],rtl,fc9a7a75c9972c45945478cfaba8e3b75912279435273c99460d3691c78040cb
1,16,8,0,reset_stress,11,4096,512,3584,2329,2329,1227,0.6498325892857143,0,0.0,1.0,41,93,0,0,104,1323,0,2648,1416,[2329],rtl,66caeabd8f593588aefb62d6f6a35185f1eb49cd0495761606087c7005f2703e
1,16,8,0,reset_stress,29,4096,512,3584,2296,2296,1260,0.640625,0,0.0,1.0,42,95,0,0,101,1354,0,2620,1444,[2296],rtl,3fced9cdced1244d09396925498c3455672a3dd52213fb26e31d1919dd251dd1
1,16,8,0,reset_stress,47,4096,512,3584,2289,2289,1267,0.638671875,0,0.0,1.0,44,93,0,0,110,1360,0,2606,1458,[2289],rtl,3fa64c76780c1ff28294703df573e50ac983bf9d19373594cce3071fa66f77b6
1,16,8,0,reset_stress,101,4096,512,3584,2285,2285,1271,0.6375558035714286,0,0.0,1.0,45,93,0,0,105,1366,0,2606,1458,[2285],rtl,6e3bfd034be416f452197e67846e1052422b090320bb825227b1ad359b96409f
1,16,8,0,reset_stress,211,4096,512,3584,2298,2298,1258,0.6411830357142857,0,0.0,1.0,42,98,0,0,105,1348,0,2630,1434,[2298],rtl,adb0f50e9df353116fba654938b08a0b4a69472d004b8c932c0a83ada341a98a
1,16,8,0,protocol,7,128,0,128,5,5,18,0.0390625,0,0.0,1.0,6,7,0,0,9,4,0,5,18,[5],generic-netlist,e5a9fbbafddb816cbecb9799d11abd8ee00cb1f21904d72fbf11b2bae0cbc387
1,16,8,0,sink_stalls,29,4096,512,3584,2319,2319,1265,0.6470424107142857,0,0.0,1.0,810,1426,0,0,1450,0,0,2644,1450,[2319],generic-netlist,d86556f7bee416538f15c4cf5a9bb92127401419f634125888a9729abc3a75d9
1,16,8,0,phase_change,29,4096,512,3584,2843,2843,0,0.7932477678571429,0,0.0,1.0,0,0,0,0,0,0,0,3256,0,[2843],generic-netlist,4f96e5134020c7494624db7ef9729043c91ca8c64466d0612adce513c51a8996
3,16,1,1,protocol,7,128,0,128,11,11,18,0.0859375,5,0.45454545454545453,0.983739837398374,5,8,4,3,9,12,0,11,18,"[4, 3, 4]",rtl,97780266460376e6fa8bb2254e50afbbafdeb00e2d13b7333aa0a24d6b11ab7e
3,16,1,1,saturated,11,4096,512,3584,3584,3584,0,1.0,0,0.0,0.3333333333333333,0,0,0,0,4093,0,2,4094,0,"[3584, 0, 0]",rtl,3ed7dff0d8f51ad7dd38733c777ca41b0278a6195e3e8441ba3b852d1cea9518
3,16,1,1,saturated,29,4096,512,3584,3584,3584,0,1.0,0,0.0,0.3333333333333333,0,0,0,0,4093,0,2,4094,0,"[3584, 0, 0]",rtl,3ed7dff0d8f51ad7dd38733c777ca41b0278a6195e3e8441ba3b852d1cea9518
3,16,1,1,saturated,47,4096,512,3584,3584,3584,0,1.0,0,0.0,0.3333333333333333,0,0,0,0,4093,0,2,4094,0,"[3584, 0, 0]",rtl,3ed7dff0d8f51ad7dd38733c777ca41b0278a6195e3e8441ba3b852d1cea9518
3,16,1,1,saturated,101,4096,512,3584,3584,3584,0,1.0,0,0.0,0.3333333333333333,0,0,0,0,4093,0,2,4094,0,"[3584, 0, 0]",rtl,3ed7dff0d8f51ad7dd38733c777ca41b0278a6195e3e8441ba3b852d1cea9518
3,16,1,1,saturated,211,4096,512,3584,3584,3584,0,1.0,0,0.0,0.3333333333333333,0,0,0,0,4093,0,2,4094,0,"[3584, 0, 0]",rtl,3ed7dff0d8f51ad7dd38733c777ca41b0278a6195e3e8441ba3b852d1cea9518
3,16,1,1,sink_stalls,11,4096,512,3584,2354,2354,1230,0.6568080357142857,0,0.0,0.3333333333333333,787,1402,0,0,4093,0,2,2673,1421,"[2354, 0, 0]",rtl,ff1f156a4e3e13620ffe212e3b4d83c9158648aa084113c655467df98978cb73
3,16,1,1,sink_stalls,29,4096,512,3584,2319,2319,1265,0.6470424107142857,0,0.0,0.3333333333333333,810,1426,0,0,4093,0,2,2644,1450,"[2319, 0, 0]",rtl,53da39191eca142f4bb21458b14b4748f5b0ede987607f8eaa7aedfa3efa3dc8
3,16,1,1,sink_stalls,47,4096,512,3584,2310,2310,1274,0.64453125,0,0.0,0.3333333333333333,811,1437,0,0,4093,0,2,2629,1465,"[2310, 0, 0]",rtl,4b1c860079629d0750b4ef8deb8999877131a189c9959de2008ed4599e3e4a00
3,16,1,1,sink_stalls,101,4096,512,3584,2306,2306,1278,0.6434151785714286,0,0.0,0.3333333333333333,846,1441,0,0,4093,0,2,2628,1466,"[2306, 0, 0]",rtl,be626ebd3d489fde7452526cb5b87c564392b5e9846da3bb529ba7134a5cd39e
3,16,1,1,sink_stalls,211,4096,512,3584,2321,2321,1263,0.6476004464285714,0,0.0,0.3333333333333333,830,1417,0,0,4093,0,2,2655,1439,"[2321, 0, 0]",rtl,980999e3634424d7d537f1d9d0cb5e753f44c8d9a7953123dc16843c3d1db7b7
3,16,1,1,asymmetric,11,4096,512,3584,3584,3584,0,1.0,0,0.0,0.3333333333333333,0,0,0,0,4085,0,2,4094,0,"[3584, 0, 0]",rtl,90aed88615a6669de9837473c0b64c8b32f371713054b59c6483132954c58606
3,16,1,1,asymmetric,29,4096,512,3584,3584,3584,0,1.0,0,0.0,0.3333333333333333,0,0,0,0,4065,0,2,4094,0,"[3584, 0, 0]",rtl,4ac964c9971a051188ea9df3af47cbfea7f11b427f6e0a3f361f52e64af333fb
3,16,1,1,asymmetric,47,4096,512,3584,3584,3584,0,1.0,0,0.0,0.3333333333333333,0,0,0,0,4091,0,2,4094,0,"[3584, 0, 0]",rtl,68d5eb01c682778b1b560256cab5b2329bc16024cee35c0d0ec40c1bff38e30f
3,16,1,1,asymmetric,101,4096,512,3584,3584,3584,0,1.0,0,0.0,0.3333333333333333,0,0,0,0,4078,0,2,4094,0,"[3584, 0, 0]",rtl,e4052b6b704a4ec5919531dec296ac7b3e06eb67424736e0faf2ef0cc0bb9d31
3,16,1,1,asymmetric,211,4096,512,3584,3584,3584,0,1.0,0,0.0,0.3333333333333333,0,0,0,0,4075,0,2,4094,0,"[3584, 0, 0]",rtl,4c9bb0315a78642020c2164aee2d2fe8d92e8a6bcb91161d37368c7af1499c5d
3,16,1,1,bursty,11,4096,512,3584,888,888,0,0.24776785714285715,110,0.12387387387387387,1.0,3,7,0,0,7,0,0,1008,0,"[296, 296, 296]",rtl,09e41d667404d0cd407b2d23fb870dbc859dc6bdd889025ed96e2dfcddb3c961
3,16,1,1,bursty,29,4096,512,3584,888,888,0,0.24776785714285715,110,0.12387387387387387,1.0,3,7,0,0,7,0,0,1008,0,"[296, 296, 296]",rtl,09e41d667404d0cd407b2d23fb870dbc859dc6bdd889025ed96e2dfcddb3c961
3,16,1,1,bursty,47,4096,512,3584,888,888,0,0.24776785714285715,110,0.12387387387387387,1.0,3,7,0,0,7,0,0,1008,0,"[296, 296, 296]",rtl,09e41d667404d0cd407b2d23fb870dbc859dc6bdd889025ed96e2dfcddb3c961
3,16,1,1,bursty,101,4096,512,3584,888,888,0,0.24776785714285715,110,0.12387387387387387,1.0,3,7,0,0,7,0,0,1008,0,"[296, 296, 296]",rtl,09e41d667404d0cd407b2d23fb870dbc859dc6bdd889025ed96e2dfcddb3c961
3,16,1,1,bursty,211,4096,512,3584,888,888,0,0.24776785714285715,110,0.12387387387387387,1.0,3,7,0,0,7,0,0,1008,0,"[296, 296, 296]",rtl,09e41d667404d0cd407b2d23fb870dbc859dc6bdd889025ed96e2dfcddb3c961
3,16,1,1,light,11,4096,512,3584,2171,2171,0,0.6057477678571429,1475,0.6794104099493321,0.9996407161498515,0,6,11,4,11,0,0,2475,0,"[720, 742, 709]",rtl,d66fe98d2362cf0a2d50b5dbfa57ab995dcf1dad006952b4840a4a5df6891f65
3,16,1,1,light,29,4096,512,3584,2161,2161,0,0.6029575892857143,1473,0.6816288755205924,0.9992344065977119,0,6,11,4,17,0,0,2469,0,"[693, 740, 728]",rtl,063339995215c4d62070ee0b71f57bce2c6103185757498c1d1746b0c19e432d
3,16,1,1,light,47,4096,512,3584,2120,2120,0,0.5915178571428571,1470,0.6933962264150944,0.9994258371503377,0,5,13,4,15,0,0,2425,0,"[703, 688, 729]",rtl,55acb8ff4f06e40542485ebcb4c8313a2f21c3c7dd64f349bfe8c3e110a4ef00
3,16,1,1,light,101,4096,512,3584,2158,2158,0,0.6021205357142857,1488,0.6895273401297498,0.9993120422645526,0,5,11,4,11,0,0,2468,0,"[746, 707, 705]",rtl,68c151a3785766f453963b16147a2a4b8cbb5e5fc17b21f79dfc95ebfcdf00b6
3,16,1,1,light,211,4096,512,3584,2150,2150,0,0.5998883928571429,1468,0.6827906976744186,0.9996440423810148,0,6,8,4,10,0,0,2459,0,"[715, 701, 734]",rtl,4c6d48b4e203d2911fac88367c54f564ae0a717b712b8e90d095c83922809144
3,16,1,1,phase_change,11,4096,512,3584,3145,3145,0,0.8775111607142857,489,0.15548489666136725,0.9677242140697215,0,6,28,6,29,0,0,3592,0,"[907, 1319, 919]",rtl,50c2debdb35407462ffeb2766bcc0a2713629fce73407f25ad965ce97685fe5c
3,16,1,1,phase_change,29,4096,512,3584,3108,3108,0,0.8671875,466,0.14993564993564992,0.9647616057067934,0,11,50,8,57,0,0,3554,0,"[898, 1316, 894]",rtl,ae3da5cba277400d96301ed0632ff28ed1a0ca773eca34a7727da11225ef5371
3,16,1,1,phase_change,47,4096,512,3584,3124,3124,0,0.8716517857142857,498,0.15941101152368758,0.9720542432980244,0,9,28,6,30,0,0,3572,0,"[913, 1291, 920]",rtl,fbc020e2a8e9e41bf4aa3f2409dae3549ba037999c48c6e835294f749160e917
3,16,1,1,phase_change,101,4096,512,3584,3085,3085,0,0.8607700892857143,480,0.15559157212317667,0.9730737822372275,0,8,37,6,37,0,0,3515,0,"[917, 1270, 898]",rtl,43be7e98c6be0570a29a3c22dc066117c12622230a2b13672c680d8e7f3057b2
3,16,1,1,phase_change,211,4096,512,3584,3121,3121,0,0.8708147321428571,495,0.1586030118551746,0.9646404311639166,0,9,94,7,94,0,0,3559,0,"[902, 1322, 897]",rtl,3d46e393c3e4b2187f1fe65a3c74caf2950b912ad1ee2d00b7d8a502520161d0
3,16,1,1,reset_stress,11,4096,512,3584,2329,2329,1227,0.6498325892857143,0,0.0,0.3333333333333333,41,93,0,0,254,8973,2,2648,1416,"[2329, 0, 0]",rtl,e0786c6916170bbe2fe060dfd69a40b97590f5cae798e6e9717bfd101a240acf
3,16,1,1,reset_stress,29,4096,512,3584,2296,2296,1260,0.640625,0,0.0,0.3333333333333333,42,95,0,0,254,9004,2,2620,1444,"[2296, 0, 0]",rtl,e8904f8ef54f22f1f16b93fc5a275c64c3380b72eb4b67a14d7a349c0430d34a
3,16,1,1,reset_stress,47,4096,512,3584,2289,2289,1267,0.638671875,0,0.0,0.3333333333333333,44,93,0,0,254,9010,2,2606,1458,"[2289, 0, 0]",rtl,640477466e4b77b59d55242decea2c71b1d6d10d777fcd4b33efd3807ef9d7f7
3,16,1,1,reset_stress,101,4096,512,3584,2285,2285,1271,0.6375558035714286,0,0.0,0.3333333333333333,45,93,0,0,254,9016,2,2606,1458,"[2285, 0, 0]",rtl,688f1ee0ad78439b5ed39d7cc5aca9d5ec6f3d56bacfdcf02b5d5e01b8427267
3,16,1,1,reset_stress,211,4096,512,3584,2298,2298,1258,0.6411830357142857,0,0.0,0.3333333333333333,42,98,0,0,254,8998,2,2630,1434,"[2298, 0, 0]",rtl,ab4593355253145f211c2651302e0dd9551e1d3436b4469ea6be5efae591349e
3,16,1,1,protocol,7,128,0,128,11,11,18,0.0859375,5,0.45454545454545453,0.983739837398374,5,8,4,3,9,12,0,11,18,"[4, 3, 4]",generic-netlist,97780266460376e6fa8bb2254e50afbbafdeb00e2d13b7333aa0a24d6b11ab7e
3,16,1,1,sink_stalls,29,4096,512,3584,2319,2319,1265,0.6470424107142857,0,0.0,0.3333333333333333,810,1426,0,0,4093,0,2,2644,1450,"[2319, 0, 0]",generic-netlist,53da39191eca142f4bb21458b14b4748f5b0ede987607f8eaa7aedfa3efa3dc8
3,16,1,1,phase_change,29,4096,512,3584,3108,3108,0,0.8671875,466,0.14993564993564992,0.9647616057067934,0,11,50,8,57,0,0,3554,0,"[898, 1316, 894]",generic-netlist,ae3da5cba277400d96301ed0632ff28ed1a0ca773eca34a7727da11225ef5371
3,16,1,0,protocol,7,128,0,128,11,11,18,0.0859375,9,0.8181818181818182,0.983739837398374,5,8,2,2,9,12,0,11,18,"[4, 3, 4]",rtl,86ff5fe16b024156516d9ecf45a822cfa42f12982f0dd98eabf097a10f3e38f0
3,16,1,0,saturated,11,4096,512,3584,3584,3584,0,1.0,3583,0.9997209821428571,0.9999998442980951,1534,2705,2,2,2729,0,0,4094,0,"[1195, 1195, 1194]",rtl,3aabd01559896de8796c1faf76261f7a9bb38b3180a6a96297bf9234bf6454ed
3,16,1,0,saturated,29,4096,512,3584,3584,3584,0,1.0,3583,0.9997209821428571,0.9999998442980951,1534,2705,2,2,2729,0,0,4094,0,"[1195, 1195, 1194]",rtl,3aabd01559896de8796c1faf76261f7a9bb38b3180a6a96297bf9234bf6454ed
3,16,1,0,saturated,47,4096,512,3584,3584,3584,0,1.0,3583,0.9997209821428571,0.9999998442980951,1534,2705,2,2,2729,0,0,4094,0,"[1195, 1195, 1194]",rtl,3aabd01559896de8796c1faf76261f7a9bb38b3180a6a96297bf9234bf6454ed
3,16,1,0,saturated,101,4096,512,3584,3584,3584,0,1.0,3583,0.9997209821428571,0.9999998442980951,1534,2705,2,2,2729,0,0,4094,0,"[1195, 1195, 1194]",rtl,3aabd01559896de8796c1faf76261f7a9bb38b3180a6a96297bf9234bf6454ed
3,16,1,0,saturated,211,4096,512,3584,3584,3584,0,1.0,3583,0.9997209821428571,0.9999998442980951,1534,2705,2,2,2729,0,0,4094,0,"[1195, 1195, 1194]",rtl,3aabd01559896de8796c1faf76261f7a9bb38b3180a6a96297bf9234bf6454ed
3,16,1,0,sink_stalls,11,4096,512,3584,2354,2354,1230,0.6568080357142857,2353,0.9995751911639762,0.999999639075036,1784,3168,2,2,3203,0,0,2673,1421,"[784, 785, 785]",rtl,731e8a06495efdd5d991cd4c9f195cbee918bf819dcd3705fad325181981432c
3,16,1,0,sink_stalls,29,4096,512,3584,2319,2319,1265,0.6470424107142857,2318,0.9995687796463993,1.0,1800,3172,2,2,3212,0,0,2644,1450,"[773, 773, 773]",rtl,936caf5298947f02c6b96a098769722dd7eb39d4dbdf6bc734a7a246a6f11123
3,16,1,0,sink_stalls,47,4096,512,3584,2310,2310,1274,0.64453125,2309,0.9995670995670995,1.0,1793,3173,2,2,3217,0,0,2629,1465,"[770, 770, 770]",rtl,fb8b8be078dbedb4095702b5a6e6ad6cdb897fde37200c7cd76b5d553ab1dd13
3,16,1,0,sink_stalls,101,4096,512,3584,2306,2306,1278,0.6434151785714286,2305,0.9995663486556808,0.9999996238931645,1829,3177,2,2,3217,0,0,2628,1466,"[768, 769, 769]",rtl,caf8cc8cd79b24a75912112e6932ccdef677411694260fc52e8cf75d226893f8
3,16,1,0,sink_stalls,211,4096,512,3584,2321,2321,1263,0.6476004464285714,2320,0.999569151227919,0.999999628738809,1826,3171,2,2,3208,0,0,2655,1439,"[773, 774, 774]",rtl,5344abd84179d9aa1a5ca2c36ae0301da64a4eba2a217297eb0c9d949f7bdde4
3,16,1,0,asymmetric,11,4096,512,3584,3584,3584,0,1.0,494,0.13783482142857142,0.3841176865671954,147,277,2,1,279,0,0,4094,0,"[3334, 125, 125]",rtl,d1dd5f3b77e1b5c51ca34e0622cc1bdde83c363fa3673a6e7fdb2296cdde11f1
3,16,1,0,asymmetric,29,4096,512,3584,3584,3584,0,1.0,503,0.14034598214285715,0.3863343910638613,157,298,2,1,300,0,0,4094,0,"[3324, 124, 136]",rtl,8e22a35c6e466bdd91ae1c75088ff014c0a75a007f235fea035cb03d05e45bfc
3,16,1,0,asymmetric,47,4096,512,3584,3584,3584,0,1.0,521,0.14536830357142858,0.38789797418788047,149,294,2,1,303,0,0,4094,0,"[3317, 129, 138]",rtl,a0ed3e1c2315518e4866ea04fac9db730b8922589f9ad5e8c542faa4dbcea2bc
3,16,1,0,asymmetric,101,4096,512,3584,3584,3584,0,1.0,521,0.14536830357142858,0.3885678718177504,156,300,2,1,304,0,0,4094,0,"[3314, 128, 142]",rtl,fe16a95b09d72cfa0884b1ec7ba26441a9fb5481032f01e6a52d56fa6d100665
3,16,1,0,asymmetric,211,4096,512,3584,3584,3584,0,1.0,512,0.14285714285714285,0.38631675333417426,159,293,2,1,298,0,0,4094,0,"[3324, 147, 113]",rtl,bc22bc498f1337996f026b6c4d74d8756f994d3535d7b93cd10266c7cc1307ab
3,16,1,0,bursty,11,4096,512,3584,888,888,0,0.24776785714285715,110,0.12387387387387387,1.0,3,7,0,0,7,0,0,1008,0,"[296, 296, 296]",rtl,09e41d667404d0cd407b2d23fb870dbc859dc6bdd889025ed96e2dfcddb3c961
3,16,1,0,bursty,29,4096,512,3584,888,888,0,0.24776785714285715,110,0.12387387387387387,1.0,3,7,0,0,7,0,0,1008,0,"[296, 296, 296]",rtl,09e41d667404d0cd407b2d23fb870dbc859dc6bdd889025ed96e2dfcddb3c961
3,16,1,0,bursty,47,4096,512,3584,888,888,0,0.24776785714285715,110,0.12387387387387387,1.0,3,7,0,0,7,0,0,1008,0,"[296, 296, 296]",rtl,09e41d667404d0cd407b2d23fb870dbc859dc6bdd889025ed96e2dfcddb3c961
3,16,1,0,bursty,101,4096,512,3584,888,888,0,0.24776785714285715,110,0.12387387387387387,1.0,3,7,0,0,7,0,0,1008,0,"[296, 296, 296]",rtl,09e41d667404d0cd407b2d23fb870dbc859dc6bdd889025ed96e2dfcddb3c961
3,16,1,0,bursty,211,4096,512,3584,888,888,0,0.24776785714285715,110,0.12387387387387387,1.0,3,7,0,0,7,0,0,1008,0,"[296, 296, 296]",rtl,09e41d667404d0cd407b2d23fb870dbc859dc6bdd889025ed96e2dfcddb3c961
3,16,1,0,light,11,4096,512,3584,2171,2171,0,0.6057477678571429,1717,0.790879778903731,0.9996407161498515,0,4,2,2,8,0,0,2475,0,"[720, 742, 709]",rtl,39560007f5d348c1513d859bd6951eb7d840f7c75d954d0f31bd868efdf441c6
3,16,1,0,light,29,4096,512,3584,2161,2161,0,0.6029575892857143,1725,0.7982415548357242,0.9992344065977119,0,4,2,2,7,0,0,2469,0,"[693, 740, 728]",rtl,564a9170f804eb20fd3d715dc2e1aa1d02c854533babe5cde2e8a064de7ea20b
3,16,1,0,light,47,4096,512,3584,2120,2120,0,0.5915178571428571,1659,0.7825471698113208,0.9994258371503377,0,3,2,2,7,0,0,2425,0,"[703, 688, 729]",rtl,76ece0f31ca4a234affc5d8f97a2f45f9e576929e3c055b4e3ee557dc76a40cd
3,16,1,0,light,101,4096,512,3584,2158,2158,0,0.6021205357142857,1723,0.7984244670991659,0.9993120422645526,0,3,2,2,5,0,0,2468,0,"[746, 707, 705]",rtl,d75e96bdc18a5a201df86d5e443826e5003ab91cb57f723d46d6d81172ff0b59
3,16,1,0,light,211,4096,512,3584,2150,2150,0,0.5998883928571429,1710,0.7953488372093023,0.9996440423810148,0,4,2,2,7,0,0,2459,0,"[715, 701, 734]",rtl,07985a571864068e40e36ff636f548b330e54bf1b1aad4e6dbdc12f16c70a219
3,16,1,0,phase_change,11,4096,512,3584,3145,3145,0,0.8775111607142857,515,0.16375198728139906,0.968176620967397,0,3,2,1,4,0,0,3592,0,"[907, 1317, 921]",rtl,6614e756a2b02b88ecf412ea251506c760fa888e2d8406d4366fde61b84097b8
3,16,1,0,phase_change,29,4096,512,3584,3108,3108,0,0.8671875,505,0.16248391248391247,0.9650050619572782,0,5,2,1,7,0,0,3554,0,"[898, 1315, 895]",rtl,455f5fe1f808b2135fc5f050e71e06a7191c127e9f1f1fbff087fad808f4005a
3,16,1,0,phase_change,47,4096,512,3584,3124,3124,0,0.8716517857142857,521,0.16677336747759283,0.9720542432980244,0,4,2,1,6,0,0,3572,0,"[913, 1291, 920]",rtl,6d6bd1a50eece5514edbd19116a464e397c2bce995cc9ccec79215f5c85b2418
3,16,1,0,phase_change,101,4096,512,3584,3085,3085,0,0.8607700892857143,495,0.16045380875202594,0.9730737822372275,0,3,2,1,4,0,0,3515,0,"[917, 1270, 898]",rtl,4cd06936a127cc99e2a8c6c9d7305eb26ccc8315b5bca046e39f624095b0ba72
3,16,1,0,phase_change,211,4096,512,3584,3121,3121,0,0.8708147321428571,514,0.16469080422941365,0.9646404311639166,0,4,2,1,6,0,0,3559,0,"[902, 1322, 897]",rtl,a7d1131e634294914f7e80f1183ec4e5eadf1e2db3f54303b66b62f456f410d7
3,16,1,0,reset_stress,11,4096,512,3584,2329,2329,1227,0.6498325892857143,2314,0.9935594675826535,0.9999775088798445,99,197,2,2,204,8973,0,2648,1416,"[781, 776, 772]",rtl,8a89118b53038096b77be2802ad1985e87f35148b748617fe0a1edf027114158
3,16,1,0,reset_stress,29,4096,512,3584,2296,2296,1260,0.640625,2281,0.9934668989547039,0.9999654766741821,98,198,2,2,203,9004,0,2620,1444,"[771, 765, 760]",rtl,f5013c08e332e0a81a5e1f68491dd86caec135daa05a1060e1d018ad46ad069a
3,16,1,0,reset_stress,47,4096,512,3584,2289,2289,1267,0.638671875,2274,0.9934469200524246,0.9999645018318772,99,198,2,2,206,9010,0,2606,1458,"[768, 764, 757]",rtl,d42a404def8907f667794e87eeab5b730a70fe661078c0df502055f6721c0422
3,16,1,0,reset_stress,101,4096,512,3584,2285,2285,1271,0.6375558035714286,2270,0.9934354485776805,0.9999892746626737,99,198,2,2,205,9016,0,2606,1458,"[765, 761, 759]",rtl,2c0f375fef73df69941aa626fb4121cad3d24829f0ab1aa2b19f4063aa6821e3
3,16,1,0,reset_stress,211,4096,512,3584,2298,2298,1258,0.6411830357142857,2283,0.9934725848563969,0.9999897743889345,100,199,2,2,205,8998,0,2630,1434,"[769, 766, 763]",rtl,56c7b4400a74898fcc483850f4b4122b4cb53b2cd1fac8b3ff5df3106a1f47fc
3,16,1,0,protocol,7,128,0,128,11,11,18,0.0859375,9,0.8181818181818182,0.983739837398374,5,8,2,2,9,12,0,11,18,"[4, 3, 4]",generic-netlist,86ff5fe16b024156516d9ecf45a822cfa42f12982f0dd98eabf097a10f3e38f0
3,16,1,0,sink_stalls,29,4096,512,3584,2319,2319,1265,0.6470424107142857,2318,0.9995687796463993,1.0,1800,3172,2,2,3212,0,0,2644,1450,"[773, 773, 773]",generic-netlist,936caf5298947f02c6b96a098769722dd7eb39d4dbdf6bc734a7a246a6f11123
3,16,1,0,phase_change,29,4096,512,3584,3108,3108,0,0.8671875,505,0.16248391248391247,0.9650050619572782,0,5,2,1,7,0,0,3554,0,"[898, 1315, 895]",generic-netlist,455f5fe1f808b2135fc5f050e71e06a7191c127e9f1f1fbff087fad808f4005a
3,16,4,0,protocol,7,128,0,128,11,11,18,0.0859375,4,0.36363636363636365,0.983739837398374,5,8,4,4,9,12,0,11,18,"[4, 3, 4]",rtl,e8f19c64b77979683ff660d24ca9184e2f97880956654524c4762b189ee9f2de
3,16,4,0,saturated,11,4096,512,3584,3584,3584,0,1.0,896,0.25,0.9999993771926711,1536,2704,8,8,2729,0,0,4094,0,"[1194, 1194, 1196]",rtl,c80158e4e4794e2c9421fd53c70b95e23ecec3b6698766e60576ad4024c2f4c9
3,16,4,0,saturated,29,4096,512,3584,3584,3584,0,1.0,896,0.25,0.9999993771926711,1536,2704,8,8,2729,0,0,4094,0,"[1194, 1194, 1196]",rtl,c80158e4e4794e2c9421fd53c70b95e23ecec3b6698766e60576ad4024c2f4c9
3,16,4,0,saturated,47,4096,512,3584,3584,3584,0,1.0,896,0.25,0.9999993771926711,1536,2704,8,8,2729,0,0,4094,0,"[1194, 1194, 1196]",rtl,c80158e4e4794e2c9421fd53c70b95e23ecec3b6698766e60576ad4024c2f4c9
3,16,4,0,saturated,101,4096,512,3584,3584,3584,0,1.0,896,0.25,0.9999993771926711,1536,2704,8,8,2729,0,0,4094,0,"[1194, 1194, 1196]",rtl,c80158e4e4794e2c9421fd53c70b95e23ecec3b6698766e60576ad4024c2f4c9
3,16,4,0,saturated,211,4096,512,3584,3584,3584,0,1.0,896,0.25,0.9999993771926711,1536,2704,8,8,2729,0,0,4094,0,"[1194, 1194, 1196]",rtl,c80158e4e4794e2c9421fd53c70b95e23ecec3b6698766e60576ad4024c2f4c9
3,16,4,0,sink_stalls,11,4096,512,3584,2354,2354,1230,0.6568080357142857,589,0.2502124044180119,0.999999639075036,1783,3170,8,8,3205,0,0,2673,1421,"[784, 785, 785]",rtl,c4b08478c169ff3ef3fd2f5f566e7859e042446718e294809dcf6314c344d09c
3,16,4,0,sink_stalls,29,4096,512,3584,2319,2319,1265,0.6470424107142857,579,0.24967658473479948,0.9999966528933227,1802,3170,8,8,3213,0,0,2644,1450,"[775, 772, 772]",rtl,841cf6fe53ea40efe4ba866e584705198e664b9cf825b7dcc34003ad73f441e4
3,16,4,0,sink_stalls,47,4096,512,3584,2310,2310,1274,0.64453125,578,0.2502164502164502,0.9999966267612522,1795,3173,8,8,3217,0,0,2629,1465,"[769, 769, 772]",rtl,156b2ae91aa23344730ab0ddfa5602ee0759a715df206ae77848494c07cdca65
3,16,4,0,sink_stalls,101,4096,512,3584,2306,2306,1278,0.6434151785714286,576,0.24978317432784042,0.9999984955743558,1830,3177,8,8,3217,0,0,2628,1466,"[768, 768, 770]",rtl,0845ccd3df66abc4a3ad1e37e3ed75086d2ce75e327a12e8cd80d8162cdfd25d
3,16,4,0,sink_stalls,211,4096,512,3584,2321,2321,1263,0.6476004464285714,580,0.24989228780697975,0.9999974011774523,1826,3169,8,8,3209,0,0,2655,1439,"[775, 772, 774]",rtl,cee8b03ab19f3a4fbbf160370a0fe10a4ae280d62c1f0fa5eb44f838c9ccbe22
3,16,4,0,asymmetric,11,4096,512,3584,3584,3584,0,1.0,442,0.12332589285714286,0.38389658143153677,147,277,5,3,279,0,0,4094,0,"[3335, 124, 125]",rtl,9bd2574563b1ac23ab339938258eaaec6efddc951e96adadcfde93addc9faefb
3,16,4,0,asymmetric,29,4096,512,3584,3584,3584,0,1.0,425,0.11858258928571429,0.3863343910638613,157,298,5,3,300,0,0,4094,0,"[3324, 124, 136]",rtl,66e8b50c1db11f9c426944a648246dc457b2b3107c039d9fd183bd5a1b10990f
3,16,4,0,asymmetric,47,4096,512,3584,3584,3584,0,1.0,447,0.12472098214285714,0.38789797418788047,147,294,5,3,303,0,0,4094,0,"[3317, 129, 138]",rtl,d8bf22f62b8eea340b7c49d9e3dc9c5410711acbc0d990f4300a74c5402a745a
3,16,4,0,asymmetric,101,4096,512,3584,3584,3584,0,1.0,466,0.13002232142857142,0.38834422173829314,156,300,5,3,303,0,0,4094,0,"[3315, 128, 141]",rtl,58b0fbf1fdf0a5fd515431186b7938e6f36fe111949912dabf299ea244317afd
3,16,4,0,asymmetric,211,4096,512,3584,3584,3584,0,1.0,445,0.12416294642857142,0.38631675333417426,159,293,4,3,298,0,0,4094,0,"[3324, 147, 113]",rtl,77e836a64ba43e4473c90ed26a6e84ebf906ee12d10ded1a311bed181660a8c4
3,16,4,0,bursty,11,4096,512,3584,888,888,0,0.24776785714285715,110,0.12387387387387387,1.0,3,7,0,0,7,0,0,1008,0,"[296, 296, 296]",rtl,09e41d667404d0cd407b2d23fb870dbc859dc6bdd889025ed96e2dfcddb3c961
3,16,4,0,bursty,29,4096,512,3584,888,888,0,0.24776785714285715,110,0.12387387387387387,1.0,3,7,0,0,7,0,0,1008,0,"[296, 296, 296]",rtl,09e41d667404d0cd407b2d23fb870dbc859dc6bdd889025ed96e2dfcddb3c961
3,16,4,0,bursty,47,4096,512,3584,888,888,0,0.24776785714285715,110,0.12387387387387387,1.0,3,7,0,0,7,0,0,1008,0,"[296, 296, 296]",rtl,09e41d667404d0cd407b2d23fb870dbc859dc6bdd889025ed96e2dfcddb3c961
3,16,4,0,bursty,101,4096,512,3584,888,888,0,0.24776785714285715,110,0.12387387387387387,1.0,3,7,0,0,7,0,0,1008,0,"[296, 296, 296]",rtl,09e41d667404d0cd407b2d23fb870dbc859dc6bdd889025ed96e2dfcddb3c961
3,16,4,0,bursty,211,4096,512,3584,888,888,0,0.24776785714285715,110,0.12387387387387387,1.0,3,7,0,0,7,0,0,1008,0,"[296, 296, 296]",rtl,09e41d667404d0cd407b2d23fb870dbc859dc6bdd889025ed96e2dfcddb3c961
3,16,4,0,light,11,4096,512,3584,2171,2171,0,0.6057477678571429,1374,0.6328880700138185,0.9996407161498515,0,5,7,4,7,0,0,2475,0,"[720, 742, 709]",rtl,df604774507b22f9ad35d53b5bf7e2400b81c9f8f724cd916bffaa5d1bde4888
3,16,4,0,light,29,4096,512,3584,2161,2161,0,0.6029575892857143,1390,0.6432207311429894,0.9992344065977119,0,4,6,4,6,0,0,2469,0,"[693, 740, 728]",rtl,1f077d3b51ad6cce435428b76dc695a864bbf0151348469d43d36d31122510ee
3,16,4,0,light,47,4096,512,3584,2120,2120,0,0.5915178571428571,1395,0.6580188679245284,0.9994258371503377,0,3,5,3,5,0,0,2425,0,"[703, 688, 729]",rtl,d6bf450e40441ef4e9902da421fd0f4f27a62dabca0b93ee377e55b229cdb3c5
3,16,4,0,light,101,4096,512,3584,2158,2158,0,0.6021205357142857,1380,0.6394810009267841,0.9993120422645526,0,4,6,3,6,0,0,2468,0,"[746, 707, 705]",rtl,3bb4e32252f47720fc8f3ae87f647a048804ba4c60f94528ac046f47a592ac77
3,16,4,0,light,211,4096,512,3584,2150,2150,0,0.5998883928571429,1389,0.6460465116279069,0.9996440423810148,0,5,7,4,7,0,0,2459,0,"[715, 701, 734]",rtl,9ffd0d4fa64dab4175b34712237b0b017d83d770580f4181d083afd073d417ed
3,16,4,0,phase_change,11,4096,512,3584,3145,3145,0,0.8775111607142857,469,0.1491255961844197,0.968176620967397,0,3,5,3,7,0,0,3592,0,"[907, 1317, 921]",rtl,36ed7e613f09bedf9c2348beac78295b3233fba5c154d90a9dc7bae82ad7bda7
3,16,4,0,phase_change,29,4096,512,3584,3108,3108,0,0.8671875,446,0.1435006435006435,0.9650050619572782,0,5,5,3,9,0,0,3554,0,"[898, 1315, 895]",rtl,cf15b498a3ca85e35edca8ae14dc1173817dd0362347fc703aa580cf455e5650
3,16,4,0,phase_change,47,4096,512,3584,3124,3124,0,0.8716517857142857,461,0.14756722151088347,0.9720542432980244,0,4,4,3,6,0,0,3572,0,"[913, 1291, 920]",rtl,e1c872dc5cce8b4a1f8a52db50d8053aef84b92576ba730a1fc325d5673c4ce6
3,16,4,0,phase_change,101,4096,512,3584,3085,3085,0,0.8607700892857143,449,0.14554294975688817,0.9730737822372275,0,3,4,3,4,0,0,3515,0,"[917, 1270, 898]",rtl,f93d6ec1c9b02436e20844fa61b351af9fffd15354e800c5b561ad5c086562d8
3,16,4,0,phase_change,211,4096,512,3584,3121,3121,0,0.8708147321428571,468,0.14995193848125601,0.9646404311639166,0,4,6,3,6,0,0,3559,0,"[902, 1322, 897]",rtl,474ee0e5b2e52c15d8ef74964be16e751d589b91143ca69ffd8b844a0b81ea11
3,16,4,0,reset_stress,11,4096,512,3584,2329,2329,1227,0.6498325892857143,571,0.24516960068699012,0.9993916215864158,98,198,8,8,206,8973,0,2648,1416,"[802, 771, 756]",rtl,8195ecfa9191ed49e9fd99e8ee57bfb06b23187c10b36a4cf522a1563b073c39
3,16,4,0,reset_stress,29,4096,512,3584,2296,2296,1260,0.640625,565,0.2460801393728223,0.9994877062778543,98,198,8,8,205,9004,0,2620,1444,"[789, 759, 748]",rtl,df27a1fc2aa2c930b10cef6b1638fb7ab451f05e2141a2c97e1192a6ae2a1406
3,16,4,0,reset_stress,47,4096,512,3584,2289,2289,1267,0.638671875,564,0.24639580602883354,0.999738975582196,99,199,8,8,206,9010,0,2606,1458,"[777, 765, 747]",rtl,66cdeb1a99ef73bc1d05e018770bfc3d5b4d83581ca2802da9d4fb24e3c311ef
3,16,4,0,reset_stress,101,4096,512,3584,2285,2285,1271,0.6375558035714286,563,0.24638949671772428,0.9993381416633316,99,198,8,8,206,9016,0,2606,1458,"[786, 761, 738]",rtl,2edb1d307389901c9d42fe520b3b3a9da26ed1049a36140c020c780340e149b4
3,16,4,0,reset_stress,211,4096,512,3584,2298,2298,1258,0.6411830357142857,567,0.24673629242819844,0.9997773562186907,100,200,8,8,206,8998,0,2630,1434,"[780, 766, 752]",rtl,2786aea2dc0e09b34dc705767d6c07444295ac589e19ba72d2b79fc445d3017e
3,16,4,0,protocol,7,128,0,128,11,11,18,0.0859375,4,0.36363636363636365,0.983739837398374,5,8,4,4,9,12,0,11,18,"[4, 3, 4]",generic-netlist,e8f19c64b77979683ff660d24ca9184e2f97880956654524c4762b189ee9f2de
3,16,4,0,sink_stalls,29,4096,512,3584,2319,2319,1265,0.6470424107142857,579,0.24967658473479948,0.9999966528933227,1802,3170,8,8,3213,0,0,2644,1450,"[775, 772, 772]",generic-netlist,841cf6fe53ea40efe4ba866e584705198e664b9cf825b7dcc34003ad73f441e4
3,16,4,0,phase_change,29,4096,512,3584,3108,3108,0,0.8671875,446,0.1435006435006435,0.9650050619572782,0,5,5,3,9,0,0,3554,0,"[898, 1315, 895]",generic-netlist,cf15b498a3ca85e35edca8ae14dc1173817dd0362347fc703aa580cf455e5650
3,16,8,0,protocol,7,128,0,128,11,11,18,0.0859375,4,0.36363636363636365,0.983739837398374,5,8,4,4,9,12,0,11,18,"[4, 3, 4]",rtl,e8f19c64b77979683ff660d24ca9184e2f97880956654524c4762b189ee9f2de
3,16,8,0,saturated,11,4096,512,3584,3584,3584,0,1.0,448,0.125,0.9999956403649887,1536,2704,16,16,2733,0,0,4094,0,"[1194, 1198, 1192]",rtl,266f7a176b0b314c643142fa680b524a22389dece7eb21c0f38d47d875371d0a
3,16,8,0,saturated,29,4096,512,3584,3584,3584,0,1.0,448,0.125,0.9999956403649887,1536,2704,16,16,2733,0,0,4094,0,"[1194, 1198, 1192]",rtl,266f7a176b0b314c643142fa680b524a22389dece7eb21c0f38d47d875371d0a
3,16,8,0,saturated,47,4096,512,3584,3584,3584,0,1.0,448,0.125,0.9999956403649887,1536,2704,16,16,2733,0,0,4094,0,"[1194, 1198, 1192]",rtl,266f7a176b0b314c643142fa680b524a22389dece7eb21c0f38d47d875371d0a
3,16,8,0,saturated,101,4096,512,3584,3584,3584,0,1.0,448,0.125,0.9999956403649887,1536,2704,16,16,2733,0,0,4094,0,"[1194, 1198, 1192]",rtl,266f7a176b0b314c643142fa680b524a22389dece7eb21c0f38d47d875371d0a
3,16,8,0,saturated,211,4096,512,3584,3584,3584,0,1.0,448,0.125,0.9999956403649887,1536,2704,16,16,2733,0,0,4094,0,"[1194, 1198, 1192]",rtl,266f7a176b0b314c643142fa680b524a22389dece7eb21c0f38d47d875371d0a
3,16,8,0,sink_stalls,11,4096,512,3584,2354,2354,1230,0.6568080357142857,295,0.12531860662701785,0.999999639075036,1779,3170,16,16,3205,0,0,2673,1421,"[785, 785, 784]",rtl,d29b56e99cb1f9bcac50f20b425239552f1aca1b0b452a37bd782319af924824
3,16,8,0,sink_stalls,29,4096,512,3584,2319,2319,1265,0.6470424107142857,290,0.1250539025442001,0.9999921901192736,1802,3170,16,16,3213,0,0,2644,1450,"[772, 771, 776]",rtl,5a15449f9563e769496915fc5aa803ceb2c7a5af2f86dd292e1bc509ef0c2027
3,16,8,0,sink_stalls,47,4096,512,3584,2310,2310,1274,0.64453125,289,0.1251082251082251,0.999992129144989,1795,3173,16,16,3221,0,0,2629,1465,"[769, 773, 768]",rtl,7b0b606874bde055ccf2645a5b2d6c1949208a84090494ce9d7dd8b16ef906b4
3,16,8,0,sink_stalls,101,4096,512,3584,2306,2306,1278,0.6434151785714286,288,0.12489158716392021,0.9999984955743558,1830,3177,16,16,3221,0,0,2628,1466,"[768, 770, 768]",rtl,b229a375e94dbd2f4d561d2e1ecc207b3311f99d5298b71906ad902ecec180af
3,16,8,0,sink_stalls,211,4096,512,3584,2321,2321,1263,0.6476004464285714,290,0.12494614390348988,0.9999884910312649,1822,3169,16,16,3213,0,0,2655,1439,"[776, 775, 770]",rtl,caef5c0f03e6c353b50a7c18b2c2dfa92d0e27a996a586839598f8912a94b7cf
3,16,8,0,asymmetric,11,4096,512,3584,3584,3584,0,1.0,394,0.10993303571428571,0.38389658143153677,146,277,10,7,279,0,0,4094,0,"[3335, 124, 125]",rtl,3c218691b35a00b1c9c0a3ed2f972d5e942578a3048773753f4eb99205e6148b
3,16,8,0,asymmetric,29,4096,512,3584,3584,3584,0,1.0,377,0.10518973214285714,0.3863343910638613,157,296,9,7,300,0,0,4094,0,"[3324, 124, 136]",rtl,0a3125cd44a5f5c1afdd2d38617340ca07381476e12f2d18d65bd9986ca9f9b8
3,16,8,0,asymmetric,47,4096,512,3584,3584,3584,0,1.0,406,0.11328125,0.3876746029604629,147,294,9,7,301,0,0,4094,0,"[3318, 129, 137]",rtl,2a30d60c90381d607e9a4399e58706d525dba745233a31b8f2710af6fbd32df9
3,16,8,0,asymmetric,101,4096,512,3584,3584,3584,0,1.0,437,0.12193080357142858,0.3885687886574346,154,300,11,7,303,0,0,4094,0,"[3314, 129, 141]",rtl,03c06894e4f0d868ac563e2920e863c48dcc53d07457e56a24e83e8500bb0386
3,16,8,0,asymmetric,211,4096,512,3584,3584,3584,0,1.0,396,0.11049107142857142,0.38631675333417426,159,293,9,7,298,0,0,4094,0,"[3324, 147, 113]",rtl,5d87f3ed8c699a1c6d52ff9a2b4277c01426fdcc1745226bc911f6e80be908ec
3,16,8,0,bursty,11,4096,512,3584,888,888,0,0.24776785714285715,110,0.12387387387387387,1.0,3,7,0,0,7,0,0,1008,0,"[296, 296, 296]",rtl,09e41d667404d0cd407b2d23fb870dbc859dc6bdd889025ed96e2dfcddb3c961
3,16,8,0,bursty,29,4096,512,3584,888,888,0,0.24776785714285715,110,0.12387387387387387,1.0,3,7,0,0,7,0,0,1008,0,"[296, 296, 296]",rtl,09e41d667404d0cd407b2d23fb870dbc859dc6bdd889025ed96e2dfcddb3c961
3,16,8,0,bursty,47,4096,512,3584,888,888,0,0.24776785714285715,110,0.12387387387387387,1.0,3,7,0,0,7,0,0,1008,0,"[296, 296, 296]",rtl,09e41d667404d0cd407b2d23fb870dbc859dc6bdd889025ed96e2dfcddb3c961
3,16,8,0,bursty,101,4096,512,3584,888,888,0,0.24776785714285715,110,0.12387387387387387,1.0,3,7,0,0,7,0,0,1008,0,"[296, 296, 296]",rtl,09e41d667404d0cd407b2d23fb870dbc859dc6bdd889025ed96e2dfcddb3c961
3,16,8,0,bursty,211,4096,512,3584,888,888,0,0.24776785714285715,110,0.12387387387387387,1.0,3,7,0,0,7,0,0,1008,0,"[296, 296, 296]",rtl,09e41d667404d0cd407b2d23fb870dbc859dc6bdd889025ed96e2dfcddb3c961
3,16,8,0,light,11,4096,512,3584,2171,2171,0,0.6057477678571429,1369,0.630584983878397,0.9996407161498515,0,5,9,4,9,0,0,2475,0,"[720, 742, 709]",rtl,ed84966af3fbf4ccc2a8f056e62972980b90a0bfcb0f06396a539e30b9c40ad8
3,16,8,0,light,29,4096,512,3584,2161,2161,0,0.6029575892857143,1382,0.6395187413234613,0.9992344065977119,0,5,7,4,7,0,0,2469,0,"[693, 740, 728]",rtl,214ab4539a4f248acd513ead905abe5909cd3a5311a5da2b0ca323b67b7e8a40
3,16,8,0,light,47,4096,512,3584,2120,2120,0,0.5915178571428571,1387,0.654245283018868,0.9994258371503377,0,4,7,3,7,0,0,2425,0,"[703, 688, 729]",rtl,bb30e6e87e838742a9a678c2c2f71a42373cf175ef1182af1f2c59a6868fb6ff
3,16,8,0,light,101,4096,512,3584,2158,2158,0,0.6021205357142857,1377,0.6380908248378128,0.9993120422645526,0,4,6,4,6,0,0,2468,0,"[746, 707, 705]",rtl,4d3a16be589b4965e0133e5f421bd74e1ae75498eedaaf082684ca711c80eae1
3,16,8,0,light,211,4096,512,3584,2150,2150,0,0.5998883928571429,1379,0.6413953488372093,0.9996440423810148,0,5,8,4,8,0,0,2459,0,"[715, 701, 734]",rtl,a3282ec6ba38727921d12271f5fd154140781a92d561fa4afa8bffe0fe072fc9
3,16,8,0,phase_change,11,4096,512,3584,3145,3145,0,0.8775111607142857,437,0.13895071542130366,0.968176620967397,0,5,10,5,12,0,0,3592,0,"[907, 1317, 921]",rtl,c91628f88d22bed8ff7073740141b3e730ff9039487342d1c1b422568ba03384
3,16,8,0,phase_change,29,4096,512,3584,3108,3108,0,0.8671875,409,0.1315958815958816,0.9647616057067934,0,6,9,6,13,0,0,3554,0,"[898, 1316, 894]",rtl,624c78923438ebd80395effb61d70b3040c192422b6bc598ba6a4ff9e047039a
3,16,8,0,phase_change,47,4096,512,3584,3124,3124,0,0.8716517857142857,429,0.13732394366197184,0.9720542432980244,0,6,9,6,9,0,0,3572,0,"[913, 1291, 920]",rtl,b8d78f8021c0a8c1532e12405b75fa5ef547ab3c3e1069f48de442d0cf5f8246
3,16,8,0,phase_change,101,4096,512,3584,3085,3085,0,0.8607700892857143,428,0.13873581847649918,0.9730737822372275,0,5,11,5,11,0,0,3515,0,"[917, 1270, 898]",rtl,b688d45f8a453932d6d825db72d8c669f28ea5da134d3d90cd6688b449491f6c
3,16,8,0,phase_change,211,4096,512,3584,3121,3121,0,0.8708147321428571,450,0.14418455623197693,0.9646404311639166,0,6,8,5,8,0,0,3559,0,"[902, 1322, 897]",rtl,62722dea5a52deb44b3596201fa0f06bd68016f8e7026489745c2b127fef3cc4
3,16,8,0,reset_stress,11,4096,512,3584,2329,2329,1227,0.6498325892857143,281,0.12065264061829112,0.9982726087013334,98,198,16,16,206,8973,0,2648,1416,"[817, 774, 738]",rtl,a8d9caabda37f7dc48c8233e8bd09cb964c60838327f64da967e65e1f3dbdee1
3,16,8,0,reset_stress,29,4096,512,3584,2296,2296,1260,0.640625,280,0.12195121951219512,0.9980809398093663,98,198,16,16,206,9004,0,2620,1444,"[808, 762, 726]",rtl,f365cae2911e19067a2ee7d3d8ebe28e10ab62930082e0c32295168c86ad708f
3,16,8,0,reset_stress,47,4096,512,3584,2289,2289,1267,0.638671875,279,0.1218872870249017,0.9992550673443151,99,199,16,16,206,9010,0,2606,1458,"[789, 762, 738]",rtl,f67865c3990ad272c09f1f784362a77f343ca43a3a868757617fc04c22c38fdf
3,16,8,0,reset_stress,101,4096,512,3584,2285,2285,1271,0.6375558035714286,278,0.12166301969365427,0.9984689909472348,99,199,16,16,206,9016,0,2606,1458,"[799, 760, 726]",rtl,621704ef24dac90c2c2d5d9c40cf06b5994560c344424d4618864bb121a5bf9f
3,16,8,0,reset_stress,211,4096,512,3584,2298,2298,1258,0.6411830357142857,281,0.12228024369016537,0.9982442649390597,100,200,16,16,206,8998,0,2630,1434,"[808, 760, 730]",rtl,08942ed753ddd5f9261dbad232568ef1cced56af702f3e1b724de5bf13ff67db
3,16,8,0,protocol,7,128,0,128,11,11,18,0.0859375,4,0.36363636363636365,0.983739837398374,5,8,4,4,9,12,0,11,18,"[4, 3, 4]",generic-netlist,e8f19c64b77979683ff660d24ca9184e2f97880956654524c4762b189ee9f2de
3,16,8,0,sink_stalls,29,4096,512,3584,2319,2319,1265,0.6470424107142857,290,0.1250539025442001,0.9999921901192736,1802,3170,16,16,3213,0,0,2644,1450,"[772, 771, 776]",generic-netlist,5a15449f9563e769496915fc5aa803ceb2c7a5af2f86dd292e1bc509ef0c2027
3,16,8,0,phase_change,29,4096,512,3584,3108,3108,0,0.8671875,409,0.1315958815958816,0.9647616057067934,0,6,9,6,13,0,0,3554,0,"[898, 1316, 894]",generic-netlist,624c78923438ebd80395effb61d70b3040c192422b6bc598ba6a4ff9e047039a
4,16,1,1,protocol,7,128,0,128,14,14,18,0.109375,7,0.5,0.98,6,8,6,4,9,16,0,14,18,"[4, 3, 3, 4]",rtl,5de6406a1c12f3695168b04ab38d6d2be542ac4192a133eb82da1c21b1bd9e21
4,16,1,1,saturated,11,4096,512,3584,3584,3584,0,1.0,0,0.0,0.25,0,0,0,0,4093,0,3,4094,0,"[3584, 0, 0, 0]",rtl,40ee33f429ccb1b19b6eb5f1ea730f11b1064ba866a1f4cf945d83103cc5bd8e
4,16,1,1,saturated,29,4096,512,3584,3584,3584,0,1.0,0,0.0,0.25,0,0,0,0,4093,0,3,4094,0,"[3584, 0, 0, 0]",rtl,40ee33f429ccb1b19b6eb5f1ea730f11b1064ba866a1f4cf945d83103cc5bd8e
4,16,1,1,saturated,47,4096,512,3584,3584,3584,0,1.0,0,0.0,0.25,0,0,0,0,4093,0,3,4094,0,"[3584, 0, 0, 0]",rtl,40ee33f429ccb1b19b6eb5f1ea730f11b1064ba866a1f4cf945d83103cc5bd8e
4,16,1,1,saturated,101,4096,512,3584,3584,3584,0,1.0,0,0.0,0.25,0,0,0,0,4093,0,3,4094,0,"[3584, 0, 0, 0]",rtl,40ee33f429ccb1b19b6eb5f1ea730f11b1064ba866a1f4cf945d83103cc5bd8e
4,16,1,1,saturated,211,4096,512,3584,3584,3584,0,1.0,0,0.0,0.25,0,0,0,0,4093,0,3,4094,0,"[3584, 0, 0, 0]",rtl,40ee33f429ccb1b19b6eb5f1ea730f11b1064ba866a1f4cf945d83103cc5bd8e
4,16,1,1,sink_stalls,11,4096,512,3584,2354,2354,1230,0.6568080357142857,0,0.0,0.25,787,1402,0,0,4093,0,3,2673,1421,"[2354, 0, 0, 0]",rtl,46c8cbf67c7a4f6dc0fe6da55bede3508810cdf12f7808800ade88ecbf908aa5
4,16,1,1,sink_stalls,29,4096,512,3584,2319,2319,1265,0.6470424107142857,0,0.0,0.25,810,1426,0,0,4093,0,3,2644,1450,"[2319, 0, 0, 0]",rtl,dc3c2c7e424a8a92c69a072267198fcc822895646f624d6fe25d87c5abed4e22
4,16,1,1,sink_stalls,47,4096,512,3584,2310,2310,1274,0.64453125,0,0.0,0.25,811,1437,0,0,4093,0,3,2629,1465,"[2310, 0, 0, 0]",rtl,d3c678089a7ef5fddad75af7fc6a8d1d63e34b07583a22d768260888358faf3f
4,16,1,1,sink_stalls,101,4096,512,3584,2306,2306,1278,0.6434151785714286,0,0.0,0.25,846,1441,0,0,4093,0,3,2628,1466,"[2306, 0, 0, 0]",rtl,aaed96d91c198b4f272cd3303a97cfeca9202b35ea39b180a511c189dc600412
4,16,1,1,sink_stalls,211,4096,512,3584,2321,2321,1263,0.6476004464285714,0,0.0,0.25,830,1417,0,0,4093,0,3,2655,1439,"[2321, 0, 0, 0]",rtl,9b9cc50002d54611044ed467e3ebb7245bbbf99e43ccf23ba3b5ecc778086a83
4,16,1,1,asymmetric,11,4096,512,3584,3584,3584,0,1.0,0,0.0,0.25,0,0,0,0,4088,0,3,4094,0,"[3584, 0, 0, 0]",rtl,1933349f29285ea8a511f9ed5e351b661ab93e1cd7d8a5cba343e49de696abbf
4,16,1,1,asymmetric,29,4096,512,3584,3584,3584,0,1.0,0,0.0,0.25,0,0,0,0,4075,0,3,4094,0,"[3584, 0, 0, 0]",rtl,450c64085817035d4e4dcb6ac4b9555faa79eba47b624541edc97733ec20470b
4,16,1,1,asymmetric,47,4096,512,3584,3584,3584,0,1.0,0,0.0,0.25,0,0,0,0,4093,0,3,4094,0,"[3584, 0, 0, 0]",rtl,a38d4c574edde91ee430a05d9e61b6be4d5e4957362ca30497ab57309165c90c
4,16,1,1,asymmetric,101,4096,512,3584,3584,3584,0,1.0,0,0.0,0.25,0,0,0,0,4084,0,3,4094,0,"[3584, 0, 0, 0]",rtl,517e0d716ac783e3c36c1f7f427b4a2452041e881c9fe194494c0a876cabc1e0
4,16,1,1,asymmetric,211,4096,512,3584,3584,3584,0,1.0,0,0.0,0.25,0,0,0,0,4082,0,3,4094,0,"[3584, 0, 0, 0]",rtl,a63ceeeb44ccdd5a2457fe9f28668432968d0e90490be5d8ea62f83883a4f78d
4,16,1,1,bursty,11,4096,512,3584,1184,1184,0,0.33035714285714285,147,0.1241554054054054,1.0,3,7,0,0,7,0,0,1344,0,"[296, 296, 296, 296]",rtl,2a33e2174299bb6078ece59972943714bb6d28ee00adcab1471435d1b0a8b5d1
4,16,1,1,bursty,29,4096,512,3584,1184,1184,0,0.33035714285714285,147,0.1241554054054054,1.0,3,7,0,0,7,0,0,1344,0,"[296, 296, 296, 296]",rtl,2a33e2174299bb6078ece59972943714bb6d28ee00adcab1471435d1b0a8b5d1
4,16,1,1,bursty,47,4096,512,3584,1184,1184,0,0.33035714285714285,147,0.1241554054054054,1.0,3,7,0,0,7,0,0,1344,0,"[296, 296, 296, 296]",rtl,2a33e2174299bb6078ece59972943714bb6d28ee00adcab1471435d1b0a8b5d1
4,16,1,1,bursty,101,4096,512,3584,1184,1184,0,0.33035714285714285,147,0.1241554054054054,1.0,3,7,0,0,7,0,0,1344,0,"[296, 296, 296, 296]",rtl,2a33e2174299bb6078ece59972943714bb6d28ee00adcab1471435d1b0a8b5d1
4,16,1,1,bursty,211,4096,512,3584,1184,1184,0,0.33035714285714285,147,0.1241554054054054,1.0,3,7,0,0,7,0,0,1344,0,"[296, 296, 296, 296]",rtl,2a33e2174299bb6078ece59972943714bb6d28ee00adcab1471435d1b0a8b5d1
4,16,1,1,light,11,4096,512,3584,2207,2207,0,0.6157924107142857,1716,0.7775260534662438,0.997790289976557,0,6,12,5,12,0,0,2503,0,"[538, 516, 575, 578]",rtl,d56f01d9bd0d913d0d4f25651227c47ce642e05e2503155f9b210a8a334b7a3b
4,16,1,1,light,29,4096,512,3584,2177,2177,0,0.607421875,1648,0.7570050528249885,0.9992622545030097,0,7,12,4,12,0,0,2485,0,"[564, 553, 529, 531]",rtl,2c658182f15f7344c6e1735441bae12daef33ecbdb8a00367744d6869ddd25fa
4,16,1,1,light,47,4096,512,3584,2127,2127,0,0.5934709821428571,1647,0.7743300423131171,0.9991406840075795,0,6,10,5,15,0,0,2419,0,"[524, 537, 512, 554]",rtl,9fdc8166432a0955907381237547174b51de9305d3c4f7d365d8edc81f650c39
4,16,1,1,light,101,4096,512,3584,2170,2170,0,0.60546875,1682,0.7751152073732719,0.9992725463932052,0,7,10,5,12,0,0,2481,0,"[520, 544, 561, 545]",rtl,e69158167726c8bbe89037f4d84c7a38ea6168fb9e994c885be14a508c1adf82
4,16,1,1,light,211,4096,512,3584,2109,2109,0,0.5884486607142857,1585,0.7515410146989094,0.9999112015531411,0,6,14,4,14,0,0,2416,0,"[524, 535, 528, 522]",rtl,cfbfe0b0304c9caad95b660980add1bf8aeca866e99a58470ea8bd5fef9fb8a3
4,16,1,1,phase_change,11,4096,512,3584,3158,3158,0,0.8811383928571429,512,0.16212792906903103,0.947724351006513,0,10,55,8,55,0,0,3605,0,"[469, 900, 911, 878]",rtl,d4af7613eab656909126682445ff4205c2cfe01fa56325c0098f9496cf68c17e
4,16,1,1,phase_change,29,4096,512,3584,3149,3149,0,0.8786272321428571,546,0.17338837726262304,0.9523728162426408,0,16,42,11,50,0,0,3589,0,"[484, 917, 882, 866]",rtl,1bc73f87e837a9d73d785591b32bf294b9464371c9f8e18da4eca02a70aea3be
4,16,1,1,phase_change,47,4096,512,3584,3175,3175,0,0.8858816964285714,529,0.16661417322834646,0.9565369171891552,0,14,34,9,43,0,0,3607,0,"[501, 885, 904, 885]",rtl,6cf5e9230ca6c2dc7b8d1b02cf906d6a077f10bf461592c94221d1efb98f0220
4,16,1,1,phase_change,101,4096,512,3584,3160,3160,0,0.8816964285714286,529,0.16740506329113924,0.9543791183500451,0,13,36,9,39,0,0,3604,0,"[491, 891, 897, 881]",rtl,f6086315ec3221d82ab3359fdd0c28fcfb43c78f5058e37ae7d2a2ffd0bd2d97
4,16,1,1,phase_change,211,4096,512,3584,3119,3119,0,0.8702566964285714,533,0.17088810516191086,0.9568162191828248,0,9,37,8,44,0,0,3558,0,"[493, 880, 880, 866]",rtl,ebf9e8b6ce9cd038f352d8f32e95c2c8ef23f08d00d5e02b3ef61497e561deb6
4,16,1,1,reset_stress,11,4096,512,3584,2329,2329,1227,0.6498325892857143,0,0.0,0.25,41,93,0,0,254,12798,3,2648,1416,"[2329, 0, 0, 0]",rtl,48a1f71027881b6e17f09b754ac9fdc4e5eba3057fa679cd77d531d6890b5056
4,16,1,1,reset_stress,29,4096,512,3584,2296,2296,1260,0.640625,0,0.0,0.25,42,95,0,0,254,12829,3,2620,1444,"[2296, 0, 0, 0]",rtl,d69761210646aae2a8799c03a7c422cdfa27f3105cfa399a65d999582f776487
4,16,1,1,reset_stress,47,4096,512,3584,2289,2289,1267,0.638671875,0,0.0,0.25,44,93,0,0,254,12835,3,2606,1458,"[2289, 0, 0, 0]",rtl,2009f8ad7923e03836d77a7f1d8310efffdbc3a85b5797278d9decb2cee8161a
4,16,1,1,reset_stress,101,4096,512,3584,2285,2285,1271,0.6375558035714286,0,0.0,0.25,45,93,0,0,254,12841,3,2606,1458,"[2285, 0, 0, 0]",rtl,381310178d65fff017321d48947a052fc9a1c2fef0c25761ae03ede37a337312
4,16,1,1,reset_stress,211,4096,512,3584,2298,2298,1258,0.6411830357142857,0,0.0,0.25,42,98,0,0,254,12823,3,2630,1434,"[2298, 0, 0, 0]",rtl,5d53c89988ffa425388ab4070e47087d9bc62a48cdae4fee4259c3e1c044f100
4,16,1,1,protocol,7,128,0,128,14,14,18,0.109375,7,0.5,0.98,6,8,6,4,9,16,0,14,18,"[4, 3, 3, 4]",generic-netlist,5de6406a1c12f3695168b04ab38d6d2be542ac4192a133eb82da1c21b1bd9e21
4,16,1,1,sink_stalls,29,4096,512,3584,2319,2319,1265,0.6470424107142857,0,0.0,0.25,810,1426,0,0,4093,0,3,2644,1450,"[2319, 0, 0, 0]",generic-netlist,dc3c2c7e424a8a92c69a072267198fcc822895646f624d6fe25d87c5abed4e22
4,16,1,1,phase_change,29,4096,512,3584,3149,3149,0,0.8786272321428571,546,0.17338837726262304,0.9523728162426408,0,16,42,11,50,0,0,3589,0,"[484, 917, 882, 866]",generic-netlist,1bc73f87e837a9d73d785591b32bf294b9464371c9f8e18da4eca02a70aea3be
4,16,1,0,protocol,7,128,0,128,14,14,18,0.109375,12,0.8571428571428571,0.98,6,8,3,3,9,16,0,14,18,"[4, 3, 3, 4]",rtl,b3f295a1e6902d18a8358d6568b607b7b1b655873c87adf09d165d910cd85083
4,16,1,0,saturated,11,4096,512,3584,3584,3584,0,1.0,3583,0.9997209821428571,1.0,1726,3043,3,3,3070,0,0,4094,0,"[896, 896, 896, 896]",rtl,82a3a9a388a3bbbb1a53ad6920b4b10046dde52e0b0bbeeacb224939ef552c90
4,16,1,0,saturated,29,4096,512,3584,3584,3584,0,1.0,3583,0.9997209821428571,1.0,1726,3043,3,3,3070,0,0,4094,0,"[896, 896, 896, 896]",rtl,82a3a9a388a3bbbb1a53ad6920b4b10046dde52e0b0bbeeacb224939ef552c90
4,16,1,0,saturated,47,4096,512,3584,3584,3584,0,1.0,3583,0.9997209821428571,1.0,1726,3043,3,3,3070,0,0,4094,0,"[896, 896, 896, 896]",rtl,82a3a9a388a3bbbb1a53ad6920b4b10046dde52e0b0bbeeacb224939ef552c90
4,16,1,0,saturated,101,4096,512,3584,3584,3584,0,1.0,3583,0.9997209821428571,1.0,1726,3043,3,3,3070,0,0,4094,0,"[896, 896, 896, 896]",rtl,82a3a9a388a3bbbb1a53ad6920b4b10046dde52e0b0bbeeacb224939ef552c90
4,16,1,0,saturated,211,4096,512,3584,3584,3584,0,1.0,3583,0.9997209821428571,1.0,1726,3043,3,3,3070,0,0,4094,0,"[896, 896, 896, 896]",rtl,82a3a9a388a3bbbb1a53ad6920b4b10046dde52e0b0bbeeacb224939ef552c90
4,16,1,0,sink_stalls,11,4096,512,3584,2354,2354,1230,0.6568080357142857,2353,0.9995751911639762,0.9999992781503324,1909,3388,3,3,3425,0,0,2673,1421,"[589, 588, 588, 589]",rtl,1956b519da08e7a66f0dbc834830d5fb318ae0f19560424d26bde2f89467c709
4,16,1,0,sink_stalls,29,4096,512,3584,2319,2319,1265,0.6470424107142857,2318,0.9995687796463993,0.9999994421473312,1923,3391,3,3,3433,0,0,2644,1450,"[579, 580, 580, 580]",rtl,6ad3a526dedac5784e3dc7677f337cd40ca64068685ccde2adaba3c3cc1c947b
4,16,1,0,sink_stalls,47,4096,512,3584,2310,2310,1274,0.64453125,2309,0.9995670995670995,0.9999992503894227,1916,3390,3,3,3436,0,0,2629,1465,"[578, 577, 577, 578]",rtl,9a108bc1b76ddda100929cecb9bae8736d40be4d9a2f862a6b3df623d7e7dde4
4,16,1,0,sink_stalls,101,4096,512,3584,2306,2306,1278,0.6434151785714286,2305,0.9995663486556808,0.9999992477866121,1952,3394,3,3,3436,0,0,2628,1466,"[576, 576, 577, 577]",rtl,11b67fab8140199c35576c1ac757ce225d88bd9ab1f9a0f068fc19495285c72e
4,16,1,0,sink_stalls,211,4096,512,3584,2321,2321,1263,0.6476004464285714,2320,0.999569151227919,0.9999994431083169,1951,3390,3,3,3430,0,0,2655,1439,"[580, 580, 581, 580]",rtl,2748897ad085bc212e4adf0fe481949a88eefb11a2b1b0ee357e1812be21687f
4,16,1,0,asymmetric,11,4096,512,3584,3584,3584,0,1.0,749,0.208984375,0.3135946713405456,214,426,3,1,437,0,0,4094,0,"[3192, 138, 129, 125]",rtl,6a1c97012be84c89e57260a7ecca101a0099d52588577645e50a39f2245277ff
4,16,1,0,asymmetric,29,4096,512,3584,3584,3584,0,1.0,765,0.21344866071428573,0.31509318475423675,243,451,3,2,457,0,0,4094,0,"[3184, 120, 143, 137]",rtl,e59d149dac111d11e24f70b92fd194f046684e1e00b4f98852a13d373ba1ec55
4,16,1,0,asymmetric,47,4096,512,3584,3584,3584,0,1.0,777,0.216796875,0.31660970921034703,230,452,2,2,456,0,0,4094,0,"[3176, 139, 125, 144]",rtl,8edd87f0dccab8809694ddf0f0faf2167c9482768a00fa50368b70d188c78369
4,16,1,0,asymmetric,101,4096,512,3584,3584,3584,0,1.0,780,0.21763392857142858,0.31547876229317995,232,443,2,1,450,0,0,4094,0,"[3182, 137, 135, 130]",rtl,31ee2fd010a0a17f504212c8774e47a9816a7fe83028c4b9fd027d11733ec82e
4,16,1,0,asymmetric,211,4096,512,3584,3584,3584,0,1.0,757,0.21121651785714285,0.3139689748675348,233,442,3,1,443,0,0,4094,0,"[3190, 129, 140, 125]",rtl,96de6dc6c75fe7b0d2f31b87d12ea5926df17a0eda9cdf3c7134c2c522e42bcf
4,16,1,0,bursty,11,4096,512,3584,1184,1184,0,0.33035714285714285,147,0.1241554054054054,1.0,3,7,0,0,7,0,0,1344,0,"[296, 296, 296, 296]",rtl,2a33e2174299bb6078ece59972943714bb6d28ee00adcab1471435d1b0a8b5d1
4,16,1,0,bursty,29,4096,512,3584,1184,1184,0,0.33035714285714285,147,0.1241554054054054,1.0,3,7,0,0,7,0,0,1344,0,"[296, 296, 296, 296]",rtl,2a33e2174299bb6078ece59972943714bb6d28ee00adcab1471435d1b0a8b5d1
4,16,1,0,bursty,47,4096,512,3584,1184,1184,0,0.33035714285714285,147,0.1241554054054054,1.0,3,7,0,0,7,0,0,1344,0,"[296, 296, 296, 296]",rtl,2a33e2174299bb6078ece59972943714bb6d28ee00adcab1471435d1b0a8b5d1
4,16,1,0,bursty,101,4096,512,3584,1184,1184,0,0.33035714285714285,147,0.1241554054054054,1.0,3,7,0,0,7,0,0,1344,0,"[296, 296, 296, 296]",rtl,2a33e2174299bb6078ece59972943714bb6d28ee00adcab1471435d1b0a8b5d1
4,16,1,0,bursty,211,4096,512,3584,1184,1184,0,0.33035714285714285,147,0.1241554054054054,1.0,3,7,0,0,7,0,0,1344,0,"[296, 296, 296, 296]",rtl,2a33e2174299bb6078ece59972943714bb6d28ee00adcab1471435d1b0a8b5d1
4,16,1,0,light,11,4096,512,3584,2207,2207,0,0.6157924107142857,1938,0.8781150883552333,0.997790289976557,0,4,3,3,7,0,0,2503,0,"[538, 516, 575, 578]",rtl,e9f0ab764b25557eb6512013f064c04ca2947209818e955ed9bd81b0d7fed458
4,16,1,0,light,29,4096,512,3584,2177,2177,0,0.607421875,1881,0.8640330730362885,0.9993667672360349,0,5,3,3,8,0,0,2485,0,"[562, 553, 529, 533]",rtl,ca0f9fa57542528f99092e8026c6e9ced8b42d16d2a995ae92d40ff64c50b042
4,16,1,0,light,47,4096,512,3584,2127,2127,0,0.5934709821428571,1857,0.8730606488011283,0.9991406840075795,0,4,3,3,10,0,0,2419,0,"[524, 537, 512, 554]",rtl,d0b148562160299a4a305598fa69fdb3695e90defb5975464c4b5d4292f6c918
4,16,1,0,light,101,4096,512,3584,2170,2170,0,0.60546875,1868,0.8608294930875576,0.9992725463932052,0,4,3,3,7,0,0,2481,0,"[520, 544, 561, 545]",rtl,c0faeadd7495b8306561ff4bc7154d40775fcc2983c2a3d24352cfe529bffb72
4,16,1,0,light,211,4096,512,3584,2109,2109,0,0.5884486607142857,1776,0.8421052631578947,0.9999165964518197,0,4,3,3,10,0,0,2416,0,"[525, 535, 527, 522]",rtl,ac5dc2b2f76df4b01bb4f105c97708ed7c2d12f9fb7f3efab02cb47d41c5772f
4,16,1,0,phase_change,11,4096,512,3584,3158,3158,0,0.8811383928571429,534,0.16909436352121596,0.947724351006513,0,3,3,1,7,0,0,3605,0,"[469, 900, 911, 878]",rtl,c0ae669b353f7519802e8a2d51f1301bbf61d5ada1f447348b794c5b4d8d59cb
4,16,1,0,phase_change,29,4096,512,3584,3149,3149,0,0.8786272321428571,568,0.1803747221340108,0.9523728162426408,0,5,3,1,9,0,0,3589,0,"[484, 917, 882, 866]",rtl,b5d746af0e69a42d5e6cc80968200eb777e82874e91c7ddea31c6fb1ba25e498
4,16,1,0,phase_change,47,4096,512,3584,3175,3175,0,0.8858816964285714,559,0.17606299212598425,0.9568151004916282,0,4,2,1,9,0,0,3607,0,"[502, 884, 904, 885]",rtl,f68d9cbe5a3b9f7a569fd1f71ed5e963f5cdd5d782a33efd5e332d771000c1c7
4,16,1,0,phase_change,101,4096,512,3584,3160,3160,0,0.8816964285714286,562,0.1778481012658228,0.9543791183500451,0,5,3,1,10,0,0,3604,0,"[491, 891, 897, 881]",rtl,33d7ede3c354218d995af3fdacab2d32d8c360a1e01a01a0a28f410a0836ef50
4,16,1,0,phase_change,211,4096,512,3584,3119,3119,0,0.8702566964285714,552,0.1769798012183392,0.9576760084472556,0,4,2,1,6,0,0,3558,0,"[496, 879, 879, 865]",rtl,3de11c7b746c66901b286d721dce7ecfc1436d8176edaf617e4f7f52fb6e6187
4,16,1,0,reset_stress,11,4096,512,3584,2329,2329,1227,0.6498325892857143,2314,0.9935594675826535,0.9999581525782805,106,211,3,3,217,12798,0,2648,1416,"[586, 586, 579, 578]",rtl,b036fbe8842ced8fbaef90958bf881b01070f83a5f22509e75228935dbebe923
4,16,1,0,reset_stress,29,4096,512,3584,2296,2296,1260,0.640625,2281,0.9934668989547039,0.9999650973102167,105,211,3,3,216,12829,0,2620,1444,"[579, 575, 572, 570]",rtl,7996cf978017ec4345779d3e1ed7b93cf67fdeb0c478c7ea2ddb56d153a16b70
4,16,1,0,reset_stress,47,4096,512,3584,2289,2289,1267,0.638671875,2274,0.9934469200524246,0.9999475170407398,106,211,3,3,218,12835,0,2606,1458,"[578, 574, 570, 567]",rtl,e02cfaa5bfad029baa11c6234c24f3c2aa625d9d807216efb1390ead0d388796
4,16,1,0,reset_stress,101,4096,512,3584,2285,2285,1271,0.6375558035714286,2270,0.9934354485776805,0.9999212890366161,106,211,3,3,217,12841,0,2606,1458,"[578, 574, 568, 565]",rtl,c6a14141283eabbfb82f7dde5626e2a5a668e65f7f724053860b4d23cf11797a
4,16,1,0,reset_stress,211,4096,512,3584,2298,2298,1258,0.6411830357142857,2283,0.9934725848563969,0.9999144142984169,107,212,3,3,217,12823,0,2630,1434,"[582, 577, 570, 569]",rtl,e0e35a6357b88280e89f88893e38877e6c24ba481aa3554a32a6e61f420aa845
4,16,1,0,protocol,7,128,0,128,14,14,18,0.109375,12,0.8571428571428571,0.98,6,8,3,3,9,16,0,14,18,"[4, 3, 3, 4]",generic-netlist,b3f295a1e6902d18a8358d6568b607b7b1b655873c87adf09d165d910cd85083
4,16,1,0,sink_stalls,29,4096,512,3584,2319,2319,1265,0.6470424107142857,2318,0.9995687796463993,0.9999994421473312,1923,3391,3,3,3433,0,0,2644,1450,"[579, 580, 580, 580]",generic-netlist,6ad3a526dedac5784e3dc7677f337cd40ca64068685ccde2adaba3c3cc1c947b
4,16,1,0,phase_change,29,4096,512,3584,3149,3149,0,0.8786272321428571,568,0.1803747221340108,0.9523728162426408,0,5,3,1,9,0,0,3589,0,"[484, 917, 882, 866]",generic-netlist,b5d746af0e69a42d5e6cc80968200eb777e82874e91c7ddea31c6fb1ba25e498
4,16,4,0,protocol,7,128,0,128,14,14,18,0.109375,6,0.42857142857142855,0.98,5,8,6,5,9,16,0,14,18,"[4, 3, 3, 4]",rtl,fa25b6b6224eb5ade48e81eb7539fb183d3ed213f09d0712b7f217e7504e19dc
4,16,4,0,saturated,11,4096,512,3584,3584,3584,0,1.0,896,0.25,1.0,1728,3044,12,12,3072,0,0,4094,0,"[896, 896, 896, 896]",rtl,5826bb6fc4bf8056896a0fc09024004375dc4912884315493efc9832b5377bf8
4,16,4,0,saturated,29,4096,512,3584,3584,3584,0,1.0,896,0.25,1.0,1728,3044,12,12,3072,0,0,4094,0,"[896, 896, 896, 896]",rtl,5826bb6fc4bf8056896a0fc09024004375dc4912884315493efc9832b5377bf8
4,16,4,0,saturated,47,4096,512,3584,3584,3584,0,1.0,896,0.25,1.0,1728,3044,12,12,3072,0,0,4094,0,"[896, 896, 896, 896]",rtl,5826bb6fc4bf8056896a0fc09024004375dc4912884315493efc9832b5377bf8
4,16,4,0,saturated,101,4096,512,3584,3584,3584,0,1.0,896,0.25,1.0,1728,3044,12,12,3072,0,0,4094,0,"[896, 896, 896, 896]",rtl,5826bb6fc4bf8056896a0fc09024004375dc4912884315493efc9832b5377bf8
4,16,4,0,saturated,211,4096,512,3584,3584,3584,0,1.0,896,0.25,1.0,1728,3044,12,12,3072,0,0,4094,0,"[896, 896, 896, 896]",rtl,5826bb6fc4bf8056896a0fc09024004375dc4912884315493efc9832b5377bf8
4,16,4,0,sink_stalls,11,4096,512,3584,2354,2354,1230,0.6568080357142857,589,0.2502124044180119,0.9999992781503324,1907,3390,12,12,3425,0,0,2673,1421,"[589, 588, 588, 589]",rtl,d5167511bbe677dc9589aff573bfe318b5b535347b96ef100b8cabe4b5a3222b
4,16,4,0,sink_stalls,29,4096,512,3584,2319,2319,1265,0.6470424107142857,579,0.24967658473479948,0.9999994421473312,1926,3390,12,12,3433,0,0,2644,1450,"[580, 579, 580, 580]",rtl,03ac954d98d3f36da60015b92969bb7342da21a765e567738ee8414f95939ad4
4,16,4,0,sink_stalls,47,4096,512,3584,2310,2310,1274,0.64453125,578,0.2502164502164502,0.9999932535452619,1915,3393,12,12,3437,0,0,2629,1465,"[580, 577, 576, 577]",rtl,060f999a6245d696cceb573bd6426ee6a41e285b37278b8585cf3a9b23cd07a4
4,16,4,0,sink_stalls,101,4096,512,3584,2306,2306,1278,0.6434151785714286,576,0.24978317432784042,0.9999977433632312,1950,3393,12,12,3437,0,0,2628,1466,"[578, 576, 576, 576]",rtl,8ac1fb0bbfc59f66f29d3e41a92548de2f27bb4e71864d289cfed3483c1ad0a9
4,16,4,0,sink_stalls,211,4096,512,3584,2321,2321,1263,0.6476004464285714,580,0.24989228780697975,0.9999994431083169,1950,3389,12,12,3430,0,0,2655,1439,"[580, 580, 580, 581]",rtl,a0a93c5e89fe2e262deae1bd5c3272228c1eb6d6bea2cdceb242283421dd20f8
4,16,4,0,asymmetric,11,4096,512,3584,3584,3584,0,1.0,658,0.18359375,0.3135946713405456,213,426,6,4,437,0,0,4094,0,"[3192, 138, 129, 125]",rtl,2bf2aa46eb3ab439d07c5b42fdccb6824cd843ec41f843e99d0e9902292061f6
4,16,4,0,asymmetric,29,4096,512,3584,3584,3584,0,1.0,622,0.17354910714285715,0.31509318475423675,243,451,6,3,457,0,0,4094,0,"[3184, 120, 143, 137]",rtl,a911bd74b203ae8d860c085833183a6e1dcd923b7bb62e1890d6477165704bd3
4,16,4,0,asymmetric,47,4096,512,3584,3584,3584,0,1.0,653,0.18219866071428573,0.31660970921034703,230,452,5,3,456,0,0,4094,0,"[3176, 139, 125, 144]",rtl,bafade509133ea07a4516cceb5d447b0809a5bcc880dc774da3559e80b32ce4b
4,16,4,0,asymmetric,101,4096,512,3584,3584,3584,0,1.0,690,0.19252232142857142,0.31547876229317995,232,443,6,3,450,0,0,4094,0,"[3182, 137, 135, 130]",rtl,00582533128e7d73a84cdc4519f89d15b47057ea336752779041602bc0d2c2be
4,16,4,0,asymmetric,211,4096,512,3584,3584,3584,0,1.0,638,0.17801339285714285,0.3139689748675348,232,442,5,3,443,0,0,4094,0,"[3190, 129, 140, 125]",rtl,e14e087766f7026276ff5e48958e8b041ed5f9dc767ba58e149e4fb70b08306f
4,16,4,0,bursty,11,4096,512,3584,1184,1184,0,0.33035714285714285,147,0.1241554054054054,1.0,3,7,0,0,7,0,0,1344,0,"[296, 296, 296, 296]",rtl,2a33e2174299bb6078ece59972943714bb6d28ee00adcab1471435d1b0a8b5d1
4,16,4,0,bursty,29,4096,512,3584,1184,1184,0,0.33035714285714285,147,0.1241554054054054,1.0,3,7,0,0,7,0,0,1344,0,"[296, 296, 296, 296]",rtl,2a33e2174299bb6078ece59972943714bb6d28ee00adcab1471435d1b0a8b5d1
4,16,4,0,bursty,47,4096,512,3584,1184,1184,0,0.33035714285714285,147,0.1241554054054054,1.0,3,7,0,0,7,0,0,1344,0,"[296, 296, 296, 296]",rtl,2a33e2174299bb6078ece59972943714bb6d28ee00adcab1471435d1b0a8b5d1
4,16,4,0,bursty,101,4096,512,3584,1184,1184,0,0.33035714285714285,147,0.1241554054054054,1.0,3,7,0,0,7,0,0,1344,0,"[296, 296, 296, 296]",rtl,2a33e2174299bb6078ece59972943714bb6d28ee00adcab1471435d1b0a8b5d1
4,16,4,0,bursty,211,4096,512,3584,1184,1184,0,0.33035714285714285,147,0.1241554054054054,1.0,3,7,0,0,7,0,0,1344,0,"[296, 296, 296, 296]",rtl,2a33e2174299bb6078ece59972943714bb6d28ee00adcab1471435d1b0a8b5d1
4,16,4,0,light,11,4096,512,3584,2207,2207,0,0.6157924107142857,1630,0.7385591300407793,0.997790289976557,0,4,7,4,7,0,0,2503,0,"[538, 516, 575, 578]",rtl,0c5f3dbeffccc937d6d99f82909cc2f4277c472c51f53adf5cd0d0e7c7ac0489
4,16,4,0,light,29,4096,512,3584,2177,2177,0,0.607421875,1593,0.731740927882407,0.9992571979897328,0,5,9,5,9,0,0,2485,0,"[564, 553, 528, 532]",rtl,a23532ec7b962b1ba4e2d9386e81391e9de1fe547911393759ae7d7d108c6380
4,16,4,0,light,47,4096,512,3584,2127,2127,0,0.5934709821428571,1570,0.7381288199341796,0.9991406840075795,0,4,8,4,8,0,0,2419,0,"[524, 537, 512, 554]",rtl,6153f0dedfd1eaa8827a158ea2ae00f298676456c1b18e9a679c44503ddf73c3
4,16,4,0,light,101,4096,512,3584,2170,2170,0,0.60546875,1575,0.7258064516129032,0.9992725463932052,0,4,7,4,7,0,0,2481,0,"[520, 544, 561, 545]",rtl,d9228250b015d82171a67c735ac4677a47115225446eb684f5dfa6188d90f38c
4,16,4,0,light,211,4096,512,3584,2109,2109,0,0.5884486607142857,1512,0.716927453769559,0.999918394764316,0,4,10,4,10,0,0,2416,0,"[526, 535, 526, 522]",rtl,8564415058e04964b2a5bdf13b479b5e052479dc6715790df13fb2d98360ab23
4,16,4,0,phase_change,11,4096,512,3584,3158,3158,0,0.8811383928571429,487,0.15421152628245724,0.947724351006513,0,3,5,3,8,0,0,3605,0,"[469, 900, 911, 878]",rtl,429818bf2430acb5a55bcf2b49c21da6ad8576e5cbf68eac8b229e950825c87c
4,16,4,0,phase_change,29,4096,512,3584,3149,3149,0,0.8786272321428571,501,0.15909812638932994,0.9520926410760311,0,5,5,3,9,0,0,3589,0,"[483, 917, 882, 867]",rtl,6163ce9b68b3ec499b0ba750559ca7d25cf5c53bf7fff608859474503a2a486d
4,16,4,0,phase_change,47,4096,512,3584,3175,3175,0,0.8858816964285714,511,0.16094488188976377,0.9568151004916282,0,4,8,3,8,0,0,3607,0,"[502, 884, 904, 885]",rtl,f9718488240c46078fc36812759d797cbb32ae310fc0381c7f1a8de21d9c4046
4,16,4,0,phase_change,101,4096,512,3584,3160,3160,0,0.8816964285714286,506,0.160126582278481,0.9543791183500451,0,5,8,3,9,0,0,3604,0,"[491, 891, 897, 881]",rtl,e7ab492684d8227b911a0a2ebc6a1af14bde8d5e4f16592e0bc8d77725c054f0
4,16,4,0,phase_change,211,4096,512,3584,3119,3119,0,0.8702566964285714,499,0.1599871753767233,0.9570963664390584,0,4,8,3,8,0,0,3558,0,"[494, 880, 880, 865]",rtl,a19dc44c71fc9c15d69bcd5d55fb223374c8d0a2e04b3892b83265828de4a3b6
4,16,4,0,reset_stress,11,4096,512,3584,2329,2329,1227,0.6498325892857143,571,0.24516960068699012,0.9996809788181731,105,212,12,12,218,12798,0,2648,1416,"[596, 587, 578, 568]",rtl,dbc95f9db561d5b32180cdab78de86b74d3e54bbbade62cf7c3195e6d43a944f
4,16,4,0,reset_stress,29,4096,512,3584,2296,2296,1260,0.640625,565,0.2460801393728223,0.9991933087080203,105,211,12,12,218,12829,0,2620,1444,"[592, 582, 574, 548]",rtl,ec19ed4f9643512ea9c1287b2d1ff7f22e402260b016a82f08deb349a700dbd4
4,16,4,0,reset_stress,47,4096,512,3584,2289,2289,1267,0.638671875,564,0.24639580602883354,0.9991024417702663,105,211,12,12,218,12835,0,2606,1458,"[594, 582, 564, 549]",rtl,1232c6cdccc0572f736f8c9008d4cbc945871795372dcb29b3672554cdbb7554
4,16,4,0,reset_stress,101,4096,512,3584,2285,2285,1271,0.6375558035714286,563,0.24638949671772428,0.9993394805725753,106,211,12,12,218,12841,0,2606,1458,"[592, 576, 565, 552]",rtl,b2d32f82539ce129f86bec17734985fe28d4a5f275a0bc357f0ed20fabe77528
4,16,4,0,reset_stress,211,4096,512,3584,2298,2298,1258,0.6411830357142857,567,0.24673629242819844,0.9989701580402585,106,212,12,12,218,12823,0,2630,1434,"[595, 588, 567, 548]",rtl,3d78141c0e3127c185edd67156e5312e39832fbf5c7327c3fe40ab6480f74a33
4,16,4,0,protocol,7,128,0,128,14,14,18,0.109375,6,0.42857142857142855,0.98,5,8,6,5,9,16,0,14,18,"[4, 3, 3, 4]",generic-netlist,fa25b6b6224eb5ade48e81eb7539fb183d3ed213f09d0712b7f217e7504e19dc
4,16,4,0,sink_stalls,29,4096,512,3584,2319,2319,1265,0.6470424107142857,579,0.24967658473479948,0.9999994421473312,1926,3390,12,12,3433,0,0,2644,1450,"[580, 579, 580, 580]",generic-netlist,03ac954d98d3f36da60015b92969bb7342da21a765e567738ee8414f95939ad4
4,16,4,0,phase_change,29,4096,512,3584,3149,3149,0,0.8786272321428571,501,0.15909812638932994,0.9520926410760311,0,5,5,3,9,0,0,3589,0,"[483, 917, 882, 867]",generic-netlist,6163ce9b68b3ec499b0ba750559ca7d25cf5c53bf7fff608859474503a2a486d
4,16,8,0,protocol,7,128,0,128,14,14,18,0.109375,6,0.42857142857142855,0.98,5,8,6,5,9,16,0,14,18,"[4, 3, 3, 4]",rtl,fa25b6b6224eb5ade48e81eb7539fb183d3ed213f09d0712b7f217e7504e19dc
4,16,8,0,saturated,11,4096,512,3584,3584,3584,0,1.0,448,0.125,1.0,1728,3048,24,24,3072,0,0,4094,0,"[896, 896, 896, 896]",rtl,dce0de34b3b83d39bf0240d16c2b0a678e81be2654151fb0c9e43ee3973bae83
4,16,8,0,saturated,29,4096,512,3584,3584,3584,0,1.0,448,0.125,1.0,1728,3048,24,24,3072,0,0,4094,0,"[896, 896, 896, 896]",rtl,dce0de34b3b83d39bf0240d16c2b0a678e81be2654151fb0c9e43ee3973bae83
4,16,8,0,saturated,47,4096,512,3584,3584,3584,0,1.0,448,0.125,1.0,1728,3048,24,24,3072,0,0,4094,0,"[896, 896, 896, 896]",rtl,dce0de34b3b83d39bf0240d16c2b0a678e81be2654151fb0c9e43ee3973bae83
4,16,8,0,saturated,101,4096,512,3584,3584,3584,0,1.0,448,0.125,1.0,1728,3048,24,24,3072,0,0,4094,0,"[896, 896, 896, 896]",rtl,dce0de34b3b83d39bf0240d16c2b0a678e81be2654151fb0c9e43ee3973bae83
4,16,8,0,saturated,211,4096,512,3584,3584,3584,0,1.0,448,0.125,1.0,1728,3048,24,24,3072,0,0,4094,0,"[896, 896, 896, 896]",rtl,dce0de34b3b83d39bf0240d16c2b0a678e81be2654151fb0c9e43ee3973bae83
4,16,8,0,sink_stalls,11,4096,512,3584,2354,2354,1230,0.6568080357142857,295,0.12531860662701785,0.9999646305917952,1907,3394,24,24,3429,0,0,2673,1421,"[592, 592, 585, 585]",rtl,2aa9b32a1bf786cfbad58eb98a525d41edb7fee808dbeff9533fac480c6013f4
4,16,8,0,sink_stalls,29,4096,512,3584,2319,2319,1265,0.6470424107142857,290,0.1250539025442001,0.9999756410132445,1922,3394,24,24,3437,0,0,2644,1450,"[579, 584, 580, 576]",rtl,7c1edc6f83e6fe7cf3f259035505fc7edcec8639ddfe9d437c680e5e08207b53
4,16,8,0,sink_stalls,47,4096,512,3584,2310,2310,1274,0.64453125,289,0.1251082251082251,0.9999872567730251,1915,3389,24,24,3437,0,0,2629,1465,"[581, 576, 576, 577]",rtl,8200fdeba0a8d637a1299606e016ad67cc7563a29bb4470032ff992734e00129
4,16,8,0,sink_stalls,101,4096,512,3584,2306,2306,1278,0.6434151785714286,288,0.12489158716392021,0.9999977433632312,1950,3393,24,24,3437,0,0,2628,1466,"[578, 576, 576, 576]",rtl,6720105ed1809e65581031bfdca2ae611de88e31357eb8e82d0b2f0f5a3b7eb0
4,16,8,0,sink_stalls,211,4096,512,3584,2321,2321,1263,0.6476004464285714,290,0.12494614390348988,0.9999667732151276,1950,3385,24,24,3430,0,0,2655,1439,"[576, 578, 584, 583]",rtl,a1077309b00f046c339653a422d5e60e9e99ea45a3d7edf8010ef6bdb078b941
4,16,8,0,asymmetric,11,4096,512,3584,3584,3584,0,1.0,582,0.16238839285714285,0.3135946713405456,213,426,11,7,437,0,0,4094,0,"[3192, 138, 129, 125]",rtl,a9315adb53399ba5ed1dbea2e19c54ae5c3b57a4fb499dfbf4f73e37aa641f19
4,16,8,0,asymmetric,29,4096,512,3584,3584,3584,0,1.0,548,0.15290178571428573,0.31528226488169986,243,451,11,8,456,0,0,4094,0,"[3183, 121, 144, 136]",rtl,8d34eff45452b6b879fba9d47024e25f13a113a4947cf306ddf3929f3c6b883a
4,16,8,0,asymmetric,47,4096,512,3584,3584,3584,0,1.0,580,0.16183035714285715,0.31660970921034703,228,452,9,7,456,0,0,4094,0,"[3176, 139, 125, 144]",rtl,2eafbecab9faff6e5ca075cbc9c82e876c6f844a544dfcda9c71df89de9f1ff5
4,16,8,0,asymmetric,101,4096,512,3584,3584,3584,0,1.0,594,0.16573660714285715,0.3158564612860271,232,442,10,7,450,0,0,4094,0,"[3180, 139, 135, 130]",rtl,85ce7029d14c2dee475c072d6381224ef5601b494b8f419eb1a83b54161218f3
4,16,8,0,asymmetric,211,4096,512,3584,3584,3584,0,1.0,569,0.15876116071428573,0.3139689748675348,232,442,10,7,443,0,0,4094,0,"[3190, 129, 140, 125]",rtl,abc30a1f15594df44d0cc97627daf4b9a2886e1e2293a08f98d2f792e0ff403f
4,16,8,0,bursty,11,4096,512,3584,1184,1184,0,0.33035714285714285,147,0.1241554054054054,1.0,3,7,0,0,7,0,0,1344,0,"[296, 296, 296, 296]",rtl,2a33e2174299bb6078ece59972943714bb6d28ee00adcab1471435d1b0a8b5d1
4,16,8,0,bursty,29,4096,512,3584,1184,1184,0,0.33035714285714285,147,0.1241554054054054,1.0,3,7,0,0,7,0,0,1344,0,"[296, 296, 296, 296]",rtl,2a33e2174299bb6078ece59972943714bb6d28ee00adcab1471435d1b0a8b5d1
4,16,8,0,bursty,47,4096,512,3584,1184,1184,0,0.33035714285714285,147,0.1241554054054054,1.0,3,7,0,0,7,0,0,1344,0,"[296, 296, 296, 296]",rtl,2a33e2174299bb6078ece59972943714bb6d28ee00adcab1471435d1b0a8b5d1
4,16,8,0,bursty,101,4096,512,3584,1184,1184,0,0.33035714285714285,147,0.1241554054054054,1.0,3,7,0,0,7,0,0,1344,0,"[296, 296, 296, 296]",rtl,2a33e2174299bb6078ece59972943714bb6d28ee00adcab1471435d1b0a8b5d1
4,16,8,0,bursty,211,4096,512,3584,1184,1184,0,0.33035714285714285,147,0.1241554054054054,1.0,3,7,0,0,7,0,0,1344,0,"[296, 296, 296, 296]",rtl,2a33e2174299bb6078ece59972943714bb6d28ee00adcab1471435d1b0a8b5d1
4,16,8,0,light,11,4096,512,3584,2207,2207,0,0.6157924107142857,1624,0.7358405074762121,0.997790289976557,0,4,12,4,12,0,0,2503,0,"[538, 516, 575, 578]",rtl,a4f358452b4fae56dee7ea6af5883646e69a5c5fe2b75d72f143204389493cf7
4,16,8,0,light,29,4096,512,3584,2177,2177,0,0.607421875,1589,0.729903536977492,0.9992571979897328,0,5,10,5,10,0,0,2485,0,"[564, 553, 528, 532]",rtl,f1b8bd043cfa459b130705229c773b133de2684b3078579c67eacc5692c66e5a
4,16,8,0,light,47,4096,512,3584,2127,2127,0,0.5934709821428571,1562,0.7343676539727315,0.9991406840075795,0,4,11,4,11,0,0,2419,0,"[524, 537, 512, 554]",rtl,091802833dcdda2a7238038c3dced471b308cadee4a7b405f10be87be437c1a6
4,16,8,0,light,101,4096,512,3584,2170,2170,0,0.60546875,1573,0.7248847926267281,0.9992725463932052,0,4,8,4,8,0,0,2481,0,"[520, 544, 561, 545]",rtl,8bd41ccbdfdf97a1c1c0d8b5b598420a2c11ff2dc7a20ab88b1d4b27ccea8ecd
4,16,8,0,light,211,4096,512,3584,2109,2109,0,0.5884486607142857,1510,0.7159791370317686,0.999918394764316,0,4,9,4,9,0,0,2416,0,"[526, 535, 526, 522]",rtl,9c1a30caaafc265b2481d3d7609fec309726a3ca96a44155d1d5bdb286414cd3
4,16,8,0,phase_change,11,4096,512,3584,3158,3158,0,0.8811383928571429,459,0.14534515516149463,0.947724351006513,0,6,9,5,9,0,0,3605,0,"[469, 900, 911, 878]",rtl,9eb6648138e63752c863134117bccca4cbe6eb9882f897aef9b25dfcbe450f40
4,16,8,0,phase_change,29,4096,512,3584,3149,3149,0,0.8786272321428571,468,0.14861860908224833,0.9520926410760311,0,6,9,6,9,0,0,3589,0,"[483, 917, 882, 867]",rtl,3e2f4a9e11cdb18556d9d531f31cee21bfdda8a3600e5fc256f9a88210730dfc
4,16,8,0,phase_change,47,4096,512,3584,3175,3175,0,0.8858816964285714,478,0.1505511811023622,0.9562574442113395,0,6,15,6,15,0,0,3607,0,"[500, 885, 904, 886]",rtl,b6d264b60436005a6c8b6b4021e6a04636e81dd34b33d0a8b16d49982d177ef2
4,16,8,0,phase_change,101,4096,512,3584,3160,3160,0,0.8816964285714286,471,0.1490506329113924,0.9543791183500451,0,6,12,6,12,0,0,3604,0,"[491, 891, 897, 881]",rtl,eb84b2451ab8b74b10a1dbd5ed7dcc9927103fc1634f5126ccb3033df0acd7ee
4,16,8,0,phase_change,211,4096,512,3584,3119,3119,0,0.8702566964285714,470,0.15068932350112216,0.9576760084472556,0,5,9,5,9,0,0,3558,0,"[496, 879, 879, 865]",rtl,daa9df450b09dd9e2d4873264b7f9b854158a29cbd4b5db2c86ee1d7107f8dcf
4,16,8,0,reset_stress,11,4096,512,3584,2329,2329,1227,0.6498325892857143,281,0.12065264061829112,0.9969264637663473,106,213,24,24,222,12798,0,2648,1416,"[626, 600, 557, 546]",rtl,208ac6a978b1eb0afba80f326e27340d4c3aa29eb262d743595594308a92d608
4,16,8,0,reset_stress,29,4096,512,3584,2296,2296,1260,0.640625,280,0.12195121951219512,0.9973618689410394,105,213,24,24,221,12829,0,2620,1444,"[614, 587, 560, 535]",rtl,0221555b81c3c41ac6ce2b5120b768318ac48df3ff83bdaa63e69522d2b1a8d7
4,16,8,0,reset_stress,47,4096,512,3584,2289,2289,1267,0.638671875,279,0.1218872870249017,0.9960498450658708,107,211,24,24,222,12835,0,2606,1458,"[629, 577, 547, 536]",rtl,f15a6709020c41a072ceb85147954f0d9aa27b3107acce2c93939e4be72d8fed
4,16,8,0,reset_stress,101,4096,512,3584,2285,2285,1271,0.6375558035714286,278,0.12166301969365427,0.9973541931387434,107,212,24,24,222,12841,0,2606,1458,"[614, 581, 554, 536]",rtl,11c5003535d83813c1a34a33a75fa1e3e8221f245f45e237d0e9b5dcfce3a939
4,16,8,0,reset_stress,211,4096,512,3584,2298,2298,1258,0.6411830357142857,281,0.12228024369016537,0.9974093968858366,107,213,24,24,222,12823,0,2630,1434,"[611, 585, 572, 530]",rtl,412c7d3921248dfaabed6c15921dd18458b795920e46a38d57b72a0583184a54
4,16,8,0,protocol,7,128,0,128,14,14,18,0.109375,6,0.42857142857142855,0.98,5,8,6,5,9,16,0,14,18,"[4, 3, 3, 4]",generic-netlist,fa25b6b6224eb5ade48e81eb7539fb183d3ed213f09d0712b7f217e7504e19dc
4,16,8,0,sink_stalls,29,4096,512,3584,2319,2319,1265,0.6470424107142857,290,0.1250539025442001,0.9999756410132445,1922,3394,24,24,3437,0,0,2644,1450,"[579, 584, 580, 576]",generic-netlist,7c1edc6f83e6fe7cf3f259035505fc7edcec8639ddfe9d437c680e5e08207b53
4,16,8,0,phase_change,29,4096,512,3584,3149,3149,0,0.8786272321428571,468,0.14861860908224833,0.9520926410760311,0,6,9,6,9,0,0,3589,0,"[483, 917, 882, 867]",generic-netlist,3e2f4a9e11cdb18556d9d531f31cee21bfdda8a3600e5fc256f9a88210730dfc
8,16,1,1,protocol,7,128,0,128,26,26,18,0.203125,15,0.5769230769230769,0.9825581395348837,8,14,14,12,15,32,0,26,18,"[4, 3, 3, 3, 3, 3, 3, 4]",rtl,2aede1c9c65ecff037b5ed29d0861dd1ed439d6e82d0451b4811e8070ee2c22c
8,16,1,1,saturated,11,4096,512,3584,3584,3584,0,1.0,0,0.0,0.125,0,0,0,0,4093,0,7,4094,0,"[3584, 0, 0, 0, 0, 0, 0, 0]",rtl,cc875f6f419c4990ed12f250186ba242abcba3d109e74710d6a28cd90cd95d12
8,16,1,1,saturated,29,4096,512,3584,3584,3584,0,1.0,0,0.0,0.125,0,0,0,0,4093,0,7,4094,0,"[3584, 0, 0, 0, 0, 0, 0, 0]",rtl,cc875f6f419c4990ed12f250186ba242abcba3d109e74710d6a28cd90cd95d12
8,16,1,1,saturated,47,4096,512,3584,3584,3584,0,1.0,0,0.0,0.125,0,0,0,0,4093,0,7,4094,0,"[3584, 0, 0, 0, 0, 0, 0, 0]",rtl,cc875f6f419c4990ed12f250186ba242abcba3d109e74710d6a28cd90cd95d12
8,16,1,1,saturated,101,4096,512,3584,3584,3584,0,1.0,0,0.0,0.125,0,0,0,0,4093,0,7,4094,0,"[3584, 0, 0, 0, 0, 0, 0, 0]",rtl,cc875f6f419c4990ed12f250186ba242abcba3d109e74710d6a28cd90cd95d12
8,16,1,1,saturated,211,4096,512,3584,3584,3584,0,1.0,0,0.0,0.125,0,0,0,0,4093,0,7,4094,0,"[3584, 0, 0, 0, 0, 0, 0, 0]",rtl,cc875f6f419c4990ed12f250186ba242abcba3d109e74710d6a28cd90cd95d12
8,16,1,1,sink_stalls,11,4096,512,3584,2354,2354,1230,0.6568080357142857,0,0.0,0.125,787,1402,0,0,4093,0,7,2673,1421,"[2354, 0, 0, 0, 0, 0, 0, 0]",rtl,4ab70dd29359439a042d650c69d1bb393aeb57de5307a1a7225b65641a8ffcaf
8,16,1,1,sink_stalls,29,4096,512,3584,2319,2319,1265,0.6470424107142857,0,0.0,0.125,810,1426,0,0,4093,0,7,2644,1450,"[2319, 0, 0, 0, 0, 0, 0, 0]",rtl,922d209a4f4e40fb9c8da0cc35dfb21debaf2172f122ba4d051e39ad28e65f7c
8,16,1,1,sink_stalls,47,4096,512,3584,2310,2310,1274,0.64453125,0,0.0,0.125,811,1437,0,0,4093,0,7,2629,1465,"[2310, 0, 0, 0, 0, 0, 0, 0]",rtl,f98b36dcb28d27a41b14cf0b10ab75c7a669d0abddf1730caf1cd9b0b1ce9f03
8,16,1,1,sink_stalls,101,4096,512,3584,2306,2306,1278,0.6434151785714286,0,0.0,0.125,846,1441,0,0,4093,0,7,2628,1466,"[2306, 0, 0, 0, 0, 0, 0, 0]",rtl,481af4a8e7d1fef19355243de2390d04b270dd1b26a44bb1ab49bcb716773065
8,16,1,1,sink_stalls,211,4096,512,3584,2321,2321,1263,0.6476004464285714,0,0.0,0.125,830,1417,0,0,4093,0,7,2655,1439,"[2321, 0, 0, 0, 0, 0, 0, 0]",rtl,7c7753c7cbd624acca19c6e70c4fbf1fff6e4b0053784832fb90335e7a387748
8,16,1,1,asymmetric,11,4096,512,3584,3584,3584,0,1.0,0,0.0,0.125,0,0,0,0,4092,0,7,4094,0,"[3584, 0, 0, 0, 0, 0, 0, 0]",rtl,0421c40151e9be623d0843d4cd51a01f6046ba6af8182419e5d38867bfdee150
8,16,1,1,asymmetric,29,4096,512,3584,3584,3584,0,1.0,0,0.0,0.125,0,0,0,0,4087,0,7,4094,0,"[3584, 0, 0, 0, 0, 0, 0, 0]",rtl,28c404ca41502f2e7cc2d980f33c7525b4b8bb56a5f960d1da581b243fabfee7
8,16,1,1,asymmetric,47,4096,512,3584,3584,3584,0,1.0,0,0.0,0.125,0,0,0,0,4092,0,7,4094,0,"[3584, 0, 0, 0, 0, 0, 0, 0]",rtl,ca9043f3853d0afe00adcb052b028fe17ae4fdde6a2185d30e4b9632582b788b
8,16,1,1,asymmetric,101,4096,512,3584,3584,3584,0,1.0,0,0.0,0.125,0,0,0,0,4091,0,7,4094,0,"[3584, 0, 0, 0, 0, 0, 0, 0]",rtl,83eb64c45304760a9a09db1b70dc71ee3dce7a2a65b2616017d76b51e4157582
8,16,1,1,asymmetric,211,4096,512,3584,3584,3584,0,1.0,0,0.0,0.125,0,0,0,0,4090,0,7,4094,0,"[3584, 0, 0, 0, 0, 0, 0, 0]",rtl,e79ee64968d20dd5f458d55a410628619cbe078c99baf2efb25e5aa5b565d924
8,16,1,1,bursty,11,4096,512,3584,2368,2368,0,0.6607142857142857,369,0.15582770270270271,1.0,3,15,8,8,15,0,0,2696,0,"[296, 296, 296, 296, 296, 296, 296, 296]",rtl,5a8c21fa6ab2b66821a1260a75b1d80968585bb559565cae5e2aedf921f2f1ef
8,16,1,1,bursty,29,4096,512,3584,2368,2368,0,0.6607142857142857,369,0.15582770270270271,1.0,3,15,8,8,15,0,0,2696,0,"[296, 296, 296, 296, 296, 296, 296, 296]",rtl,5a8c21fa6ab2b66821a1260a75b1d80968585bb559565cae5e2aedf921f2f1ef
8,16,1,1,bursty,47,4096,512,3584,2368,2368,0,0.6607142857142857,369,0.15582770270270271,1.0,3,15,8,8,15,0,0,2696,0,"[296, 296, 296, 296, 296, 296, 296, 296]",rtl,5a8c21fa6ab2b66821a1260a75b1d80968585bb559565cae5e2aedf921f2f1ef
8,16,1,1,bursty,101,4096,512,3584,2368,2368,0,0.6607142857142857,369,0.15582770270270271,1.0,3,15,8,8,15,0,0,2696,0,"[296, 296, 296, 296, 296, 296, 296, 296]",rtl,5a8c21fa6ab2b66821a1260a75b1d80968585bb559565cae5e2aedf921f2f1ef
8,16,1,1,bursty,211,4096,512,3584,2368,2368,0,0.6607142857142857,369,0.15582770270270271,1.0,3,15,8,8,15,0,0,2696,0,"[296, 296, 296, 296, 296, 296, 296, 296]",rtl,5a8c21fa6ab2b66821a1260a75b1d80968585bb559565cae5e2aedf921f2f1ef
8,16,1,1,light,11,4096,512,3584,2183,2183,0,0.6090959821428571,1902,0.8712780577187357,0.9965289220942818,0,8,16,6,22,0,0,2503,0,"[267, 253, 302, 290, 261, 255, 278, 277]",rtl,b38c9b0148143edb9b028ea68045f6374b620ee2f9626778646fd6a1668bb00c
8,16,1,1,light,29,4096,512,3584,2193,2193,0,0.6118861607142857,1933,0.8814409484724122,0.9981157364131292,0,9,35,7,37,0,0,2511,0,"[264, 263, 291, 272, 264, 296, 268, 275]",rtl,181699c357fcc284630b3f741fc8f5458aa00c6b30f0ca6e867dfa11bdb33634
8,16,1,1,light,47,4096,512,3584,2146,2146,0,0.5987723214285714,1883,0.8774464119291705,0.9991504007609077,0,8,17,7,21,0,0,2457,0,"[269, 281, 259, 258, 269, 279, 267, 264]",rtl,0c18f86c460e20720d88b3456680ad348cb7b3d7804da6c8eab91d06006b7b2a
8,16,1,1,light,101,4096,512,3584,2130,2130,0,0.5943080357142857,1861,0.8737089201877934,0.9967248179185062,0,9,26,8,26,0,0,2440,0,"[270, 266, 297, 261, 265, 277, 250, 244]",rtl,01a255774906332fe9afebd83bd2270e81ef7f3d673cca8626defe541e70b6b9
8,16,1,1,light,211,4096,512,3584,2161,2161,0,0.6029575892857143,1898,0.8782970846830171,0.9996902406318663,0,9,17,8,24,0,0,2483,0,"[279, 275, 271, 268, 263, 271, 268, 266]",rtl,264868ad9752dc123210e06162aa4756875a843c7d89b94363dea44042c91235
8,16,1,1,phase_change,11,4096,512,3584,3189,3189,0,0.8897879464285714,618,0.19379115710253997,0.8931017457851818,0,16,64,12,64,0,0,3630,0,"[35, 445, 453, 462, 439, 469, 431, 455]",rtl,bb5d38dd7d344e405f6138fbf09df63319866900a7ff43feaf3aa76c02d72baa
8,16,1,1,phase_change,29,4096,512,3584,3204,3204,0,0.8939732142857143,585,0.18258426966292135,0.8984561310153126,0,14,143,12,143,0,0,3652,0,"[45, 468, 461, 446, 448, 440, 452, 444]",rtl,33523d26312f46e9be434a72cce03f5d8c27a575391e33175db83a726600277c
8,16,1,1,phase_change,47,4096,512,3584,3191,3191,0,0.8903459821428571,590,0.18489501723597618,0.8975353408780798,0,13,41,12,41,0,0,3624,0,"[43, 450, 445, 462, 455, 452, 453, 431]",rtl,7f456cc6ee635b2eb0a8af6297e76c8de27d6f4af20dfcd1b3a27f82fa095e12
8,16,1,1,phase_change,101,4096,512,3584,3192,3192,0,0.890625,616,0.19298245614035087,0.8998257728943319,0,16,82,13,82,0,0,3636,0,"[47, 450, 446, 452, 441, 452, 446, 458]",rtl,aab2a0a85dd6aa5924204bf4c166488f37fe205b826b851ba0e950716dd96a81
8,16,1,1,phase_change,211,4096,512,3584,3177,3177,0,0.8864397321428571,580,0.18256216556499844,0.9000900506595154,0,10,58,8,58,0,0,3645,0,"[48, 466, 445, 442, 436, 459, 442, 439]",rtl,c59b988657c47c21518895ce59b5a0da0f40b44337573db18a50b339fea29cb7
8,16,1,1,reset_stress,11,4096,512,3584,2329,2329,1227,0.6498325892857143,0,0.0,0.125,41,93,0,0,254,28098,7,2648,1416,"[2329, 0, 0, 0, 0, 0, 0, 0]",rtl,333649731540b697a383c84f3b01c0fbda3df39eea2a12fc6f4f396ec901a498
8,16,1,1,reset_stress,29,4096,512,3584,2296,2296,1260,0.640625,0,0.0,0.125,42,95,0,0,254,28129,7,2620,1444,"[2296, 0, 0, 0, 0, 0, 0, 0]",rtl,7d3ea320787d66ed5e88da5e8a57021d665567f9547f545c4fd4a2801c4f83e4
8,16,1,1,reset_stress,47,4096,512,3584,2289,2289,1267,0.638671875,0,0.0,0.125,44,93,0,0,254,28135,7,2606,1458,"[2289, 0, 0, 0, 0, 0, 0, 0]",rtl,13220e28630a920b9e0f5eb029219e940960632fc688c1b804a752bf7e3241e8
8,16,1,1,reset_stress,101,4096,512,3584,2285,2285,1271,0.6375558035714286,0,0.0,0.125,45,93,0,0,254,28141,7,2606,1458,"[2285, 0, 0, 0, 0, 0, 0, 0]",rtl,f55f1872ee5385a0da1d0026b6e56e95fb58c6d1fcd8e8623eb1699f1311b763
8,16,1,1,reset_stress,211,4096,512,3584,2298,2298,1258,0.6411830357142857,0,0.0,0.125,42,98,0,0,254,28123,7,2630,1434,"[2298, 0, 0, 0, 0, 0, 0, 0]",rtl,0ff1581706dc4519ba90f37aac855ee88b6759d360d22f9a5a2387f68dd9ba72
8,16,1,1,protocol,7,128,0,128,26,26,18,0.203125,15,0.5769230769230769,0.9825581395348837,8,14,14,12,15,32,0,26,18,"[4, 3, 3, 3, 3, 3, 3, 4]",generic-netlist,2aede1c9c65ecff037b5ed29d0861dd1ed439d6e82d0451b4811e8070ee2c22c
8,16,1,1,sink_stalls,29,4096,512,3584,2319,2319,1265,0.6470424107142857,0,0.0,0.125,810,1426,0,0,4093,0,7,2644,1450,"[2319, 0, 0, 0, 0, 0, 0, 0]",generic-netlist,922d209a4f4e40fb9c8da0cc35dfb21debaf2172f122ba4d051e39ad28e65f7c
8,16,1,1,phase_change,29,4096,512,3584,3204,3204,0,0.8939732142857143,585,0.18258426966292135,0.8984561310153126,0,14,143,12,143,0,0,3652,0,"[45, 468, 461, 446, 448, 440, 452, 444]",generic-netlist,33523d26312f46e9be434a72cce03f5d8c27a575391e33175db83a726600277c
8,16,1,0,protocol,7,128,0,128,26,26,18,0.203125,24,0.9230769230769231,0.9825581395348837,8,14,7,7,15,32,0,26,18,"[4, 3, 3, 3, 3, 3, 3, 4]",rtl,055aa4ad47af51fe066ccc6d43b3edcec5a10614821c267401260e8f1f21846b
8,16,1,0,saturated,11,4096,512,3584,3584,3584,0,1.0,3583,0.9997209821428571,1.0,2014,3550,7,7,3582,0,0,4094,0,"[448, 448, 448, 448, 448, 448, 448, 448]",rtl,58bb3aa2aefc9d4e102388194eeb0fd060e33e7106eeecfca0c468c5c244ed1c
8,16,1,0,saturated,29,4096,512,3584,3584,3584,0,1.0,3583,0.9997209821428571,1.0,2014,3550,7,7,3582,0,0,4094,0,"[448, 448, 448, 448, 448, 448, 448, 448]",rtl,58bb3aa2aefc9d4e102388194eeb0fd060e33e7106eeecfca0c468c5c244ed1c
8,16,1,0,saturated,47,4096,512,3584,3584,3584,0,1.0,3583,0.9997209821428571,1.0,2014,3550,7,7,3582,0,0,4094,0,"[448, 448, 448, 448, 448, 448, 448, 448]",rtl,58bb3aa2aefc9d4e102388194eeb0fd060e33e7106eeecfca0c468c5c244ed1c
8,16,1,0,saturated,101,4096,512,3584,3584,3584,0,1.0,3583,0.9997209821428571,1.0,2014,3550,7,7,3582,0,0,4094,0,"[448, 448, 448, 448, 448, 448, 448, 448]",rtl,58bb3aa2aefc9d4e102388194eeb0fd060e33e7106eeecfca0c468c5c244ed1c
8,16,1,0,saturated,211,4096,512,3584,3584,3584,0,1.0,3583,0.9997209821428571,1.0,2014,3550,7,7,3582,0,0,4094,0,"[448, 448, 448, 448, 448, 448, 448, 448]",rtl,58bb3aa2aefc9d4e102388194eeb0fd060e33e7106eeecfca0c468c5c244ed1c
8,16,1,0,sink_stalls,11,4096,512,3584,2354,2354,1230,0.6568080357142857,2353,0.9995751911639762,0.9999978344541236,2096,3719,7,7,3759,0,0,2673,1421,"[295, 294, 294, 294, 294, 294, 294, 295]",rtl,2339575fe2e6f90f6d769434e81af45614c8f4188ec2a874cba8ac0c0cc548dd
8,16,1,0,sink_stalls,29,4096,512,3584,2319,2319,1265,0.6470424107142857,2318,0.9995687796463993,0.9999986983447408,2109,3718,7,7,3763,0,0,2644,1450,"[290, 290, 290, 290, 289, 290, 290, 290]",rtl,908857434a7a03fe05b54079fc761283abe6a6324cf00d08a2d2fc60b2cfff77
8,16,1,0,sink_stalls,47,4096,512,3584,2310,2310,1274,0.64453125,2309,0.9995670995670995,0.9999977511716396,2100,3716,7,7,3765,0,0,2629,1465,"[289, 289, 289, 289, 289, 288, 288, 289]",rtl,92fed84f466762e0e1add9a5aff16344afa061c0eb31438fcde470a0de8ee6a5
8,16,1,0,sink_stalls,101,4096,512,3584,2306,2306,1278,0.6434151785714286,2305,0.9995663486556808,0.9999977433632312,2136,3719,7,7,3765,0,0,2628,1466,"[288, 288, 289, 289, 288, 288, 288, 288]",rtl,7f1f9657b801b89268d398b425ef652f5b0d3efb3cf4293f54ff62c52396717a
8,16,1,0,sink_stalls,211,4096,512,3584,2321,2321,1263,0.6476004464285714,2320,0.999569151227919,0.9999987005870377,2138,3719,7,7,3762,0,0,2655,1439,"[290, 290, 290, 290, 290, 290, 291, 290]",rtl,fb51291da3d731c48bc1f58e589faf48231eba770d2207b560acd4c304d2bf5b
8,16,1,0,asymmetric,11,4096,512,3584,3584,3584,0,1.0,1603,0.447265625,0.21995983374568132,421,1012,5,3,1024,0,0,4094,0,"[2680, 112, 134, 138, 137, 127, 123, 133]",rtl,e4dc18b140b8dc59aecef8b4033112507f436b27481e728f4fcfaa77356fe562
8,16,1,0,asymmetric,29,4096,512,3584,3584,3584,0,1.0,1579,0.44056919642857145,0.21888538628356488,451,1012,4,3,1024,0,0,4094,0,"[2687, 128, 144, 122, 122, 139, 117, 125]",rtl,2d1d05509ff9149f5833ff2e79ef37c6d0b52e6663025eb0880c8a959bb3b787
8,16,1,0,asymmetric,47,4096,512,3584,3584,3584,0,1.0,1598,0.4458705357142857,0.21886784222636613,454,995,4,3,1010,0,0,4094,0,"[2687, 121, 139, 107, 118, 144, 142, 126]",rtl,dafbd3618fc6cce496dd115cf82122e3255825d6f78ee7b87663b6dcf127a604
8,16,1,0,asymmetric,101,4096,512,3584,3584,3584,0,1.0,1596,0.4453125,0.21873176249931206,442,1013,5,3,1022,0,0,4094,0,"[2688, 127, 133, 142, 133, 112, 131, 118]",rtl,4250ef6e61e748b6ca03d928b2351364bfc4ee92f692d335b4ae7873cb0bf2cc
8,16,1,0,asymmetric,211,4096,512,3584,3584,3584,0,1.0,1459,0.40708705357142855,0.20767776751366707,453,943,4,3,956,0,0,4094,0,"[2763, 113, 138, 109, 101, 115, 128, 117]",rtl,d4ca7e246c6300172387240a2816c9c669e3d06d8b33ce79d6b2b3ebe200874b
8,16,1,0,bursty,11,4096,512,3584,2368,2368,0,0.6607142857142857,739,0.3120777027027027,1.0,4,10,1,1,10,0,0,2696,0,"[296, 296, 296, 296, 296, 296, 296, 296]",rtl,f5bad72bc0f6d645a92740d2b311f0374e2ac5f79d66aef12af309cd41aa06cf
8,16,1,0,bursty,29,4096,512,3584,2368,2368,0,0.6607142857142857,739,0.3120777027027027,1.0,4,10,1,1,10,0,0,2696,0,"[296, 296, 296, 296, 296, 296, 296, 296]",rtl,f5bad72bc0f6d645a92740d2b311f0374e2ac5f79d66aef12af309cd41aa06cf
8,16,1,0,bursty,47,4096,512,3584,2368,2368,0,0.6607142857142857,739,0.3120777027027027,1.0,4,10,1,1,10,0,0,2696,0,"[296, 296, 296, 296, 296, 296, 296, 296]",rtl,f5bad72bc0f6d645a92740d2b311f0374e2ac5f79d66aef12af309cd41aa06cf
8,16,1,0,bursty,101,4096,512,3584,2368,2368,0,0.6607142857142857,739,0.3120777027027027,1.0,4,10,1,1,10,0,0,2696,0,"[296, 296, 296, 296, 296, 296, 296, 296]",rtl,f5bad72bc0f6d645a92740d2b311f0374e2ac5f79d66aef12af309cd41aa06cf
8,16,1,0,bursty,211,4096,512,3584,2368,2368,0,0.6607142857142857,739,0.3120777027027027,1.0,4,10,1,1,10,0,0,2696,0,"[296, 296, 296, 296, 296, 296, 296, 296]",rtl,f5bad72bc0f6d645a92740d2b311f0374e2ac5f79d66aef12af309cd41aa06cf
8,16,1,0,light,11,4096,512,3584,2183,2183,0,0.6090959821428571,2032,0.9308291342189647,0.9964022384027753,0,5,6,4,11,0,0,2503,0,"[267, 252, 302, 291, 261, 255, 278, 277]",rtl,372360c3758a6d9ebcb544e05f3a60c1f9ddc214310824e86c0079a5eed288e4
8,16,1,0,light,29,4096,512,3584,2193,2193,0,0.6118861607142857,2059,0.9388964888280894,0.998132308673194,0,7,7,5,22,0,0,2511,0,"[266, 263, 291, 271, 263, 296, 268, 275]",rtl,a6f44520d48bf9f4c913a792a40172fa2111af3d3ca3cc67bf4fb94ec8413e5c
8,16,1,0,light,47,4096,512,3584,2146,2146,0,0.5987723214285714,2004,0.9338303821062441,0.9991954912797156,0,5,5,4,9,0,0,2457,0,"[269, 280, 259, 258, 269, 279, 268, 264]",rtl,8eb4e6d7e68d9b87f2e025490050106c4c068794d9b938eddb70b8f8869d4c0b
8,16,1,0,light,101,4096,512,3584,2130,2130,0,0.5943080357142857,1985,0.931924882629108,0.9967248179185062,0,6,6,4,12,0,0,2440,0,"[270, 266, 297, 261, 265, 277, 250, 244]",rtl,908b36189ab120e458f00bdc58f2903d8a8b1f51818d98796c85495c2d5e72d7
8,16,1,0,light,211,4096,512,3584,2161,2161,0,0.6029575892857143,2028,0.9384544192503471,0.9996936647034949,0,6,6,4,11,0,0,2483,0,"[279, 275, 271, 268, 263, 271, 267, 267]",rtl,e577cafb18177eee04e7f65e8d3444b482b90cd459c9d65e900612e9c8d7ba57
8,16,1,0,phase_change,11,4096,512,3584,3189,3189,0,0.8897879464285714,648,0.20319849482596425,0.8931017457851818,0,5,3,1,6,0,0,3630,0,"[35, 445, 453, 462, 439, 469, 431, 455]",rtl,5dfb5fa71e298e33b3975ed623af8a5b36e1291ba8eab84d109c90c1981c1dab
8,16,1,0,phase_change,29,4096,512,3584,3204,3204,0,0.8939732142857143,604,0.18851435705368288,0.8994524227419798,0,5,3,1,7,0,0,3652,0,"[47, 468, 461, 446, 448, 439, 452, 443]",rtl,73fa1db370fb3e9f70d764ba822f0dd0558e133bcaa6e46dbd11ba352695ad34
8,16,1,0,phase_change,47,4096,512,3584,3191,3191,0,0.8903459821428571,609,0.1908492635537449,0.8975353408780798,0,4,3,1,6,0,0,3624,0,"[43, 450, 445, 462, 455, 452, 453, 431]",rtl,092be771d7c23103753759ac82d55f3886a8b6354dd35c1e86f39f3161114fbb
8,16,1,0,phase_change,101,4096,512,3584,3192,3192,0,0.890625,632,0.19799498746867167,0.9013796627491057,0,5,3,1,8,0,0,3636,0,"[50, 450, 446, 452, 441, 451, 446, 456]",rtl,c54a081de3d204b1c4212b9bf754e4c138c19fa183bc004b2be76e198f1c03bc
8,16,1,0,phase_change,211,4096,512,3584,3177,3177,0,0.8864397321428571,596,0.18759836323575702,0.9000900506595154,0,5,3,1,6,0,0,3645,0,"[48, 466, 445, 442, 436, 459, 442, 439]",rtl,caffc4d3fd44de6cb75ea7590665a263d2e7084e72c243ca6c414b8ab3814993
8,16,1,0,reset_stress,11,4096,512,3584,2329,2329,1227,0.6498325892857143,2314,0.9935594675826535,0.9998895819968884,116,232,7,7,236,28098,0,2648,1416,"[295, 295, 292, 292, 291, 291, 287, 286]",rtl,ac70dfe44654c44435278ff629c17ccafc6f009a133839323ffb7d92854410a9
8,16,1,0,reset_stress,29,4096,512,3584,2296,2296,1260,0.640625,2281,0.9934668989547039,0.9997147798646722,116,231,7,7,235,28129,0,2620,1444,"[294, 293, 290, 289, 285, 282, 282, 281]",rtl,69f4740222b93fd0e2842302e724de5f373c49b9e6dc26bb56a17e326f7810a4
8,16,1,0,reset_stress,47,4096,512,3584,2289,2289,1267,0.638671875,2274,0.9934469200524246,0.9998063175217191,116,232,7,7,236,28135,0,2606,1458,"[293, 290, 288, 287, 285, 284, 282, 280]",rtl,2f59d713c7933eca7fab176e80125dadf395f1c990ce81ac64009b862fdcc7ca
8,16,1,0,reset_stress,101,4096,512,3584,2285,2285,1271,0.6375558035714286,2270,0.9934354485776805,0.9997550983206523,116,232,7,7,236,28141,0,2606,1458,"[292, 290, 288, 287, 286, 284, 280, 278]",rtl,cbb1e014f08b342f66f2c7d11f037ccca8256192be79a492ac35c43802f2d220
8,16,1,0,reset_stress,211,4096,512,3584,2298,2298,1258,0.6411830357142857,2283,0.9934725848563969,0.9997826561089537,117,232,7,7,236,28123,0,2630,1434,"[295, 291, 288, 288, 287, 286, 282, 281]",rtl,559db1ea9658bb39eec55827a80131dfe6a46fd6fbb54096a53e9fab27fec6a3
8,16,1,0,protocol,7,128,0,128,26,26,18,0.203125,24,0.9230769230769231,0.9825581395348837,8,14,7,7,15,32,0,26,18,"[4, 3, 3, 3, 3, 3, 3, 4]",generic-netlist,055aa4ad47af51fe066ccc6d43b3edcec5a10614821c267401260e8f1f21846b
8,16,1,0,sink_stalls,29,4096,512,3584,2319,2319,1265,0.6470424107142857,2318,0.9995687796463993,0.9999986983447408,2109,3718,7,7,3763,0,0,2644,1450,"[290, 290, 290, 290, 289, 290, 290, 290]",generic-netlist,908857434a7a03fe05b54079fc761283abe6a6324cf00d08a2d2fc60b2cfff77
8,16,1,0,phase_change,29,4096,512,3584,3204,3204,0,0.8939732142857143,604,0.18851435705368288,0.8994524227419798,0,5,3,1,7,0,0,3652,0,"[47, 468, 461, 446, 448, 439, 452, 443]",generic-netlist,73fa1db370fb3e9f70d764ba822f0dd0558e133bcaa6e46dbd11ba352695ad34
8,16,4,0,protocol,7,128,0,128,26,26,18,0.203125,14,0.5384615384615384,0.9825581395348837,8,14,14,12,15,32,0,26,18,"[4, 3, 3, 3, 3, 3, 3, 4]",rtl,115f00a4c1fd101e53997cd0e794ad5ba6d2e0751418d36eaf7c0c29f13c2d1f
8,16,4,0,saturated,11,4096,512,3584,3584,3584,0,1.0,896,0.25,1.0,2016,3552,28,28,3584,0,0,4094,0,"[448, 448, 448, 448, 448, 448, 448, 448]",rtl,a7d28431eb38658eea6108d4c74ec74f47061611dcdc7abda46a7c8ebbd33ba8
8,16,4,0,saturated,29,4096,512,3584,3584,3584,0,1.0,896,0.25,1.0,2016,3552,28,28,3584,0,0,4094,0,"[448, 448, 448, 448, 448, 448, 448, 448]",rtl,a7d28431eb38658eea6108d4c74ec74f47061611dcdc7abda46a7c8ebbd33ba8
8,16,4,0,saturated,47,4096,512,3584,3584,3584,0,1.0,896,0.25,1.0,2016,3552,28,28,3584,0,0,4094,0,"[448, 448, 448, 448, 448, 448, 448, 448]",rtl,a7d28431eb38658eea6108d4c74ec74f47061611dcdc7abda46a7c8ebbd33ba8
8,16,4,0,saturated,101,4096,512,3584,3584,3584,0,1.0,896,0.25,1.0,2016,3552,28,28,3584,0,0,4094,0,"[448, 448, 448, 448, 448, 448, 448, 448]",rtl,a7d28431eb38658eea6108d4c74ec74f47061611dcdc7abda46a7c8ebbd33ba8
8,16,4,0,saturated,211,4096,512,3584,3584,3584,0,1.0,896,0.25,1.0,2016,3552,28,28,3584,0,0,4094,0,"[448, 448, 448, 448, 448, 448, 448, 448]",rtl,a7d28431eb38658eea6108d4c74ec74f47061611dcdc7abda46a7c8ebbd33ba8
8,16,4,0,sink_stalls,11,4096,512,3584,2354,2354,1230,0.6568080357142857,589,0.2502124044180119,0.9999631869956257,2095,3722,28,28,3761,0,0,2673,1421,"[296, 296, 296, 296, 293, 292, 292, 293]",rtl,2a9e56a6982431bc1877bf7f62d07d5e60188be3c5983d35f36edcb6ac753dcb
8,16,4,0,sink_stalls,29,4096,512,3584,2319,2319,1265,0.6470424107142857,579,0.24967658473479948,0.9999570471655592,2110,3718,28,28,3765,0,0,2644,1450,"[288, 291, 292, 292, 292, 288, 288, 288]",rtl,805463078801ec3597dfe0ea8729372822b6433e38803a0f6b1a907bb2ca3609
8,16,4,0,sink_stalls,47,4096,512,3584,2310,2310,1274,0.64453125,578,0.2502164502164502,0.9999797609088701,2099,3717,28,28,3765,0,0,2629,1465,"[292, 289, 288, 288, 288, 288, 288, 289]",rtl,3086ce0948633ab949d51df274ad256ead88b0ca89dce035112b420a0609f2bb
8,16,4,0,sink_stalls,101,4096,512,3584,2306,2306,1278,0.6434151785714286,576,0.24978317432784042,0.9999947345300493,2134,3717,28,28,3765,0,0,2628,1466,"[290, 288, 288, 288, 288, 288, 288, 288]",rtl,667c0638f251d18a08b248a0392a0cb841acc4548a629dfbe192f54eebff67fc
8,16,4,0,sink_stalls,211,4096,512,3584,2321,2321,1263,0.6476004464285714,580,0.24989228780697975,0.999963060862334,2138,3717,28,28,3762,0,0,2655,1439,"[288, 288, 288, 290, 292, 292, 292, 291]",rtl,e63160e16c76665c01702bcd69114d0a11fe6359475ac8cccf73fe5dca5a8380
8,16,4,0,asymmetric,11,4096,512,3584,3584,3584,0,1.0,1269,0.3540736607142857,0.22026683362859878,420,1011,9,6,1024,0,0,4094,0,"[2678, 112, 134, 138, 138, 127, 123, 134]",rtl,3480e7bd018c9352435d0191eca35acad5d7e3a4af01af42c1d11fec4ee16444
8,16,4,0,asymmetric,29,4096,512,3584,3584,3584,0,1.0,1245,0.34737723214285715,0.21888538628356488,451,1012,11,6,1024,0,0,4094,0,"[2687, 128, 144, 122, 122, 139, 117, 125]",rtl,4df4f04724a40090457fa5f6499e46c74c171e9caf19b4d5b870a411e69b2b02
8,16,4,0,asymmetric,47,4096,512,3584,3584,3584,0,1.0,1241,0.3462611607142857,0.21886784222636613,453,995,11,6,1010,0,0,4094,0,"[2687, 121, 139, 107, 118, 144, 142, 126]",rtl,d1714fd492f444971f686fcc83b3be5c1fb12f2e4c55202c58a8bba007a09b6a
8,16,4,0,asymmetric,101,4096,512,3584,3584,3584,0,1.0,1277,0.35630580357142855,0.21857942541003245,441,1013,11,6,1022,0,0,4094,0,"[2689, 127, 133, 142, 133, 112, 130, 118]",rtl,13258ac47996967e066a8cf01513cc5d3e933e69700eae3711f94f08dd17d7e1
8,16,4,0,asymmetric,211,4096,512,3584,3584,3584,0,1.0,1179,0.32896205357142855,0.20782007095976893,453,942,9,6,956,0,0,4094,0,"[2762, 113, 138, 109, 101, 116, 128, 117]",rtl,71661290176985f5392cb5d4b42c8e4a84504a9106521fb73f75dde36cee623e
8,16,4,0,bursty,11,4096,512,3584,2368,2368,0,0.6607142857142857,295,0.1245777027027027,1.0,4,10,3,3,10,0,0,2696,0,"[296, 296, 296, 296, 296, 296, 296, 296]",rtl,a226cc300e0274edb7ec69aa79eb72a3d4696a17d5cb0a0f16112395c5d1b3b4
8,16,4,0,bursty,29,4096,512,3584,2368,2368,0,0.6607142857142857,295,0.1245777027027027,1.0,4,10,3,3,10,0,0,2696,0,"[296, 296, 296, 296, 296, 296, 296, 296]",rtl,a226cc300e0274edb7ec69aa79eb72a3d4696a17d5cb0a0f16112395c5d1b3b4
8,16,4,0,bursty,47,4096,512,3584,2368,2368,0,0.6607142857142857,295,0.1245777027027027,1.0,4,10,3,3,10,0,0,2696,0,"[296, 296, 296, 296, 296, 296, 296, 296]",rtl,a226cc300e0274edb7ec69aa79eb72a3d4696a17d5cb0a0f16112395c5d1b3b4
8,16,4,0,bursty,101,4096,512,3584,2368,2368,0,0.6607142857142857,295,0.1245777027027027,1.0,4,10,3,3,10,0,0,2696,0,"[296, 296, 296, 296, 296, 296, 296, 296]",rtl,a226cc300e0274edb7ec69aa79eb72a3d4696a17d5cb0a0f16112395c5d1b3b4
8,16,4,0,bursty,211,4096,512,3584,2368,2368,0,0.6607142857142857,295,0.1245777027027027,1.0,4,10,3,3,10,0,0,2696,0,"[296, 296, 296, 296, 296, 296, 296, 296]",rtl,a226cc300e0274edb7ec69aa79eb72a3d4696a17d5cb0a0f16112395c5d1b3b4
8,16,4,0,light,11,4096,512,3584,2183,2183,0,0.6090959821428571,1859,0.8515803939532753,0.9964022384027753,0,5,9,5,9,0,0,2503,0,"[267, 252, 302, 291, 261, 255, 278, 277]",rtl,3018cb626f4302f9e9692ac2835c1a67b59852f96419b6ea2e7d45b7cb5b184d
8,16,4,0,light,29,4096,512,3584,2193,2193,0,0.6118861607142857,1861,0.8486092111263109,0.998132308673194,0,9,19,6,26,0,0,2511,0,"[266, 263, 291, 271, 263, 296, 268, 275]",rtl,3d8438bc09a04d5c1712f86170937107ece70bba822b253b20f8a0a385443108
8,16,4,0,light,47,4096,512,3584,2146,2146,0,0.5987723214285714,1824,0.8499534016775396,0.9991504007609077,0,5,12,5,12,0,0,2457,0,"[269, 281, 259, 258, 269, 279, 267, 264]",rtl,d55a90fc9e1ef51de5529a916b2dafa7a3469a0f9cf0b2608a229ce02abdc943
8,16,4,0,light,101,4096,512,3584,2130,2130,0,0.5943080357142857,1803,0.8464788732394366,0.9967248179185062,0,7,9,6,9,0,0,2440,0,"[270, 266, 297, 261, 265, 277, 250, 244]",rtl,ef9ea09d8532373751240e11f98e96863e7c4896b0bb175a5cf9481ea2dfbaa5
8,16,4,0,light,211,4096,512,3584,2161,2161,0,0.6029575892857143,1815,0.8398889403054142,0.9997176338616727,0,6,10,6,10,0,0,2483,0,"[279, 274, 271, 268, 263, 271, 268, 267]",rtl,65777b061932ae81e5664134454f845cb9f312af5ee1ca6cac5065804324ee27
8,16,4,0,phase_change,11,4096,512,3584,3189,3189,0,0.8897879464285714,592,0.18563813107557228,0.8931017457851818,0,5,6,3,7,0,0,3630,0,"[35, 445, 453, 462, 439, 469, 431, 455]",rtl,2bf735a0a38256b7527cc47775c9545ef76366b9a14511a366051f7861910304
8,16,4,0,phase_change,29,4096,512,3584,3204,3204,0,0.8939732142857143,562,0.17540574282147317,0.898952111539383,0,4,5,3,6,0,0,3652,0,"[46, 468, 461, 446, 448, 439, 452, 444]",rtl,c0b860413d167d65aebf833b69d3cc54b01a82c1d8702ae9a1e95e44c6f4cb3e
8,16,4,0,phase_change,47,4096,512,3584,3191,3191,0,0.8903459821428571,568,0.1780006267627703,0.8975581260872968,0,3,5,3,6,0,0,3624,0,"[43, 449, 445, 462, 455, 452, 453, 432]",rtl,917b84a1e59b1d5f0f132b4f1282a0b7fd2081b2781ff01d1a29337c36a7687b
8,16,4,0,phase_change,101,4096,512,3584,3192,3192,0,0.890625,574,0.17982456140350878,0.9013796627491057,0,5,6,3,7,0,0,3636,0,"[50, 450, 446, 452, 441, 451, 446, 456]",rtl,8abccffd23eeaebc6e53cb5c9e919878bdaf759d60470f887b44cff86142851a
8,16,4,0,phase_change,211,4096,512,3584,3177,3177,0,0.8864397321428571,555,0.17469310670443816,0.9000900506595154,0,5,6,3,6,0,0,3645,0,"[48, 466, 445, 442, 436, 459, 442, 439]",rtl,3886936a997fbda6c9934fc82c848c59c0bb34096eb01852cade7ef802f44fd1
8,16,4,0,reset_stress,11,4096,512,3584,2329,2329,1227,0.6498325892857143,571,0.24516960068699012,0.996779171769175,117,232,28,28,238,28098,0,2648,1416,"[314, 312, 306, 294, 282, 275, 272, 274]",rtl,5236fdce3083fce93785dffbaf49402d741a3309b531b2f06f0ad01a66c3df4f
8,16,4,0,reset_stress,29,4096,512,3584,2296,2296,1260,0.640625,565,0.2460801393728223,0.9970434524728177,116,232,28,28,238,28129,0,2620,1444,"[309, 305, 302, 285, 283, 277, 272, 263]",rtl,e905cdc6a01a7a31c2ac82eddae55153744f77883e05f48ef881be891fbf3ff6
8,16,4,0,reset_stress,47,4096,512,3584,2289,2289,1267,0.638671875,564,0.24639580602883354,0.9958779428602709,116,231,28,28,238,28135,0,2606,1458,"[319, 310, 294, 283, 275, 272, 270, 266]",rtl,f0d96dd288e83be986c76696cc8f436ce0dec05cf49aa2ae928832c1251c1f20
8,16,4,0,reset_stress,101,4096,512,3584,2285,2285,1271,0.6375558035714286,563,0.24638949671772428,0.9971370546975143,117,231,28,28,238,28141,0,2606,1458,"[313, 301, 296, 285, 279, 275, 269, 267]",rtl,f2cdf226ba86ed758b4aeec79f2a98aaa02b606f40e52aae4523e0c47789bf6f
8,16,4,0,reset_stress,211,4096,512,3584,2298,2298,1258,0.6411830357142857,567,0.24673629242819844,0.9972240602594201,117,232,28,28,238,28123,0,2630,1434,"[307, 304, 295, 290, 288, 284, 272, 258]",rtl,f331b2c5a6c1761849c4488ccc69be2c516dd217eb12d9ba15d337c35e913684
8,16,4,0,protocol,7,128,0,128,26,26,18,0.203125,14,0.5384615384615384,0.9825581395348837,8,14,14,12,15,32,0,26,18,"[4, 3, 3, 3, 3, 3, 3, 4]",generic-netlist,115f00a4c1fd101e53997cd0e794ad5ba6d2e0751418d36eaf7c0c29f13c2d1f
8,16,4,0,sink_stalls,29,4096,512,3584,2319,2319,1265,0.6470424107142857,579,0.24967658473479948,0.9999570471655592,2110,3718,28,28,3765,0,0,2644,1450,"[288, 291, 292, 292, 292, 288, 288, 288]",generic-netlist,805463078801ec3597dfe0ea8729372822b6433e38803a0f6b1a907bb2ca3609
8,16,4,0,phase_change,29,4096,512,3584,3204,3204,0,0.8939732142857143,562,0.17540574282147317,0.898952111539383,0,4,5,3,6,0,0,3652,0,"[46, 468, 461, 446, 448, 439, 452, 444]",generic-netlist,c0b860413d167d65aebf833b69d3cc54b01a82c1d8702ae9a1e95e44c6f4cb3e
8,16,8,0,protocol,7,128,0,128,26,26,18,0.203125,14,0.5384615384615384,0.9825581395348837,8,14,14,12,15,32,0,26,18,"[4, 3, 3, 3, 3, 3, 3, 4]",rtl,115f00a4c1fd101e53997cd0e794ad5ba6d2e0751418d36eaf7c0c29f13c2d1f
8,16,8,0,saturated,11,4096,512,3584,3584,3584,0,1.0,448,0.125,1.0,2016,3552,56,56,3584,0,0,4094,0,"[448, 448, 448, 448, 448, 448, 448, 448]",rtl,09eedbe6ca8223f367ae20042fc84deb70a2bae2504d05437a3072b8292d4abd
8,16,8,0,saturated,29,4096,512,3584,3584,3584,0,1.0,448,0.125,1.0,2016,3552,56,56,3584,0,0,4094,0,"[448, 448, 448, 448, 448, 448, 448, 448]",rtl,09eedbe6ca8223f367ae20042fc84deb70a2bae2504d05437a3072b8292d4abd
8,16,8,0,saturated,47,4096,512,3584,3584,3584,0,1.0,448,0.125,1.0,2016,3552,56,56,3584,0,0,4094,0,"[448, 448, 448, 448, 448, 448, 448, 448]",rtl,09eedbe6ca8223f367ae20042fc84deb70a2bae2504d05437a3072b8292d4abd
8,16,8,0,saturated,101,4096,512,3584,3584,3584,0,1.0,448,0.125,1.0,2016,3552,56,56,3584,0,0,4094,0,"[448, 448, 448, 448, 448, 448, 448, 448]",rtl,09eedbe6ca8223f367ae20042fc84deb70a2bae2504d05437a3072b8292d4abd
8,16,8,0,saturated,211,4096,512,3584,3584,3584,0,1.0,448,0.125,1.0,2016,3552,56,56,3584,0,0,4094,0,"[448, 448, 448, 448, 448, 448, 448, 448]",rtl,09eedbe6ca8223f367ae20042fc84deb70a2bae2504d05437a3072b8292d4abd
8,16,8,0,sink_stalls,11,4096,512,3584,2354,2354,1230,0.6568080357142857,295,0.12531860662701785,0.9998938992808248,2091,3722,56,56,3765,0,0,2673,1421,"[296, 296, 296, 296, 296, 296, 289, 289]",rtl,36040966e913bfc30176cb25af744ec29654acbb1f725e061a75f7aa7b779570
8,16,8,0,sink_stalls,29,4096,512,3584,2319,2319,1265,0.6470424107142857,290,0.1250539025442001,0.999909450066267,2106,3722,56,56,3765,0,0,2644,1450,"[291, 296, 292, 288, 288, 288, 288, 288]",rtl,61fe7b36ffcbac47e5553defb8172a7cd27ca55f8e98cc5570ef81cb79a34a26
8,16,8,0,sink_stalls,47,4096,512,3584,2310,2310,1274,0.64453125,289,0.1251082251082251,0.9999677677599642,2099,3717,56,56,3765,0,0,2629,1465,"[293, 288, 288, 288, 288, 288, 288, 289]",rtl,9cb85f5ddfdaaf874918abd17c6343af41c782683fea4d8efdd152fc1f3ea41a
8,16,8,0,sink_stalls,101,4096,512,3584,2306,2306,1278,0.6434151785714286,288,0.12489158716392021,0.9999947345300493,2134,3721,56,56,3765,0,0,2628,1466,"[290, 288, 288, 288, 288, 288, 288, 288]",rtl,89e9601cf20d6d30cc0b6d26a4093eda757711dc0cc3a06534ea488d54f86b38
8,16,8,0,sink_stalls,211,4096,512,3584,2321,2321,1263,0.6476004464285714,290,0.12494614390348988,0.9998799113831387,2134,3713,56,56,3765,0,0,2655,1439,"[288, 290, 296, 295, 288, 288, 288, 288]",rtl,d05c16cb23f19dc27aabc355818047b3a30695942eea73906d2cb4a7998125e5
8,16,8,0,asymmetric,11,4096,512,3584,3584,3584,0,1.0,1038,0.2896205357142857,0.22011416206802292,418,1011,13,10,1023,0,0,4094,0,"[2679, 112, 134, 138, 136, 127, 124, 134]",rtl,56cf2143cc4cd294dcb30ad782b9bdcd3e42b229de23ff3ce83ed1e7a9c1a857
8,16,8,0,asymmetric,29,4096,512,3584,3584,3584,0,1.0,1019,0.28431919642857145,0.21888538628356488,451,1012,17,11,1023,0,0,4094,0,"[2687, 128, 144, 122, 122, 139, 117, 125]",rtl,4a88fd35029dd477aef571f4fff9e70b3847e1c73a305534be850e41120e0b01
8,16,8,0,asymmetric,47,4096,512,3584,3584,3584,0,1.0,1040,0.29017857142857145,0.2190210000068204,453,994,14,11,1010,0,0,4094,0,"[2686, 122, 139, 107, 118, 144, 142, 126]",rtl,d1c894cd61a864b7fab481201107367e38f3aaea14fbfa9a6b48e52fabe4846a
8,16,8,0,asymmetric,101,4096,512,3584,3584,3584,0,1.0,1032,0.28794642857142855,0.21857942541003245,438,1013,16,10,1021,0,0,4094,0,"[2689, 127, 133, 142, 133, 112, 130, 118]",rtl,3c2726629ceea49290b9b5e5d141ed2bfd07446ed2a8acf2408210f83d3236ef
8,16,8,0,asymmetric,211,4096,512,3584,3584,3584,0,1.0,988,0.27566964285714285,0.20782007095976893,453,941,13,10,956,0,0,4094,0,"[2762, 113, 138, 109, 101, 116, 128, 117]",rtl,64f48cdb9108c77e080181700a177c1ae0c4d155e8d8351679262bfd94b9db48
8,16,8,0,bursty,11,4096,512,3584,2368,2368,0,0.6607142857142857,295,0.1245777027027027,1.0,4,10,3,3,10,0,0,2696,0,"[296, 296, 296, 296, 296, 296, 296, 296]",rtl,a226cc300e0274edb7ec69aa79eb72a3d4696a17d5cb0a0f16112395c5d1b3b4
8,16,8,0,bursty,29,4096,512,3584,2368,2368,0,0.6607142857142857,295,0.1245777027027027,1.0,4,10,3,3,10,0,0,2696,0,"[296, 296, 296, 296, 296, 296, 296, 296]",rtl,a226cc300e0274edb7ec69aa79eb72a3d4696a17d5cb0a0f16112395c5d1b3b4
8,16,8,0,bursty,47,4096,512,3584,2368,2368,0,0.6607142857142857,295,0.1245777027027027,1.0,4,10,3,3,10,0,0,2696,0,"[296, 296, 296, 296, 296, 296, 296, 296]",rtl,a226cc300e0274edb7ec69aa79eb72a3d4696a17d5cb0a0f16112395c5d1b3b4
8,16,8,0,bursty,101,4096,512,3584,2368,2368,0,0.6607142857142857,295,0.1245777027027027,1.0,4,10,3,3,10,0,0,2696,0,"[296, 296, 296, 296, 296, 296, 296, 296]",rtl,a226cc300e0274edb7ec69aa79eb72a3d4696a17d5cb0a0f16112395c5d1b3b4
8,16,8,0,bursty,211,4096,512,3584,2368,2368,0,0.6607142857142857,295,0.1245777027027027,1.0,4,10,3,3,10,0,0,2696,0,"[296, 296, 296, 296, 296, 296, 296, 296]",rtl,a226cc300e0274edb7ec69aa79eb72a3d4696a17d5cb0a0f16112395c5d1b3b4
8,16,8,0,light,11,4096,512,3584,2183,2183,0,0.6090959821428571,1859,0.8515803939532753,0.9964022384027753,0,5,9,5,9,0,0,2503,0,"[267, 252, 302, 291, 261, 255, 278, 277]",rtl,188f5a6364b1492fc1eda70e2294cb53663f170a6b97a02c9c25030f83f22d9a
8,16,8,0,light,29,4096,512,3584,2193,2193,0,0.6118861607142857,1855,0.8458732330141359,0.998132308673194,0,10,20,6,20,0,0,2511,0,"[266, 263, 291, 271, 263, 296, 268, 275]",rtl,29b641a76310f9046d72d02edd0b8aea0da47b30e750dc808a96bfb63899b598
8,16,8,0,light,47,4096,512,3584,2146,2146,0,0.5987723214285714,1824,0.8499534016775396,0.9991504007609077,0,5,12,5,12,0,0,2457,0,"[269, 281, 259, 258, 269, 279, 267, 264]",rtl,d55a90fc9e1ef51de5529a916b2dafa7a3469a0f9cf0b2608a229ce02abdc943
8,16,8,0,light,101,4096,512,3584,2130,2130,0,0.5943080357142857,1802,0.8460093896713615,0.9967248179185062,0,7,9,6,9,0,0,2440,0,"[270, 266, 297, 261, 265, 277, 250, 244]",rtl,e1787b4332cc34f222b3bebf502f6f489a5e1a1e95143e6031ad4cfa29cbc7ee
8,16,8,0,light,211,4096,512,3584,2161,2161,0,0.6029575892857143,1812,0.8385006941230911,0.9997176338616727,0,6,10,6,10,0,0,2483,0,"[279, 274, 271, 268, 263, 271, 268, 267]",rtl,69c7d088ae582f712018644733dfbf7dbc33b221aee1b2005fffa56fdffa6a50
8,16,8,0,phase_change,11,4096,512,3584,3189,3189,0,0.8897879464285714,556,0.17434932580746315,0.8931017457851818,0,6,12,6,12,0,0,3630,0,"[35, 445, 453, 462, 439, 469, 431, 455]",rtl,2e22d5b5d1764fa051a2dc7be4818f52a6375989a8d1728e67079c9e9f18759b
8,16,8,0,phase_change,29,4096,512,3584,3204,3204,0,0.8939732142857143,530,0.16541822721598,0.898952111539383,0,6,9,6,9,0,0,3652,0,"[46, 468, 461, 446, 448, 439, 452, 444]",rtl,03a931ba1903e269c9f1640302c1a0b7081e29e6bdde8e27d2db5d0964b641d3
8,16,8,0,phase_change,47,4096,512,3584,3191,3191,0,0.8903459821428571,543,0.17016609213412723,0.8975581260872968,0,6,12,6,12,0,0,3624,0,"[43, 449, 445, 462, 455, 452, 453, 432]",rtl,4a41054c1538b1aae75d23d41398beaf71a0ae86dfe08d08b25d9ff0046b7386
8,16,8,0,phase_change,101,4096,512,3584,3192,3192,0,0.890625,538,0.16854636591478697,0.8998512033032019,0,7,16,7,16,0,0,3636,0,"[47, 450, 446, 453, 442, 452, 446, 456]",rtl,66e81ea77df0bb73957ccac79102cce2252042ffb12ca903737700dfdd9cdf43
8,16,8,0,phase_change,211,4096,512,3584,3177,3177,0,0.8864397321428571,522,0.1643059490084986,0.9001234430057524,0,6,10,6,10,0,0,3645,0,"[48, 465, 445, 442, 436, 459, 442, 440]",rtl,ec1db754a3a4c784d726ddb4233150b8d7600e784a9c0836fe5afcb93f07e852
8,16,8,0,reset_stress,11,4096,512,3584,2329,2329,1227,0.6498325892857143,281,0.12065264061829112,0.9774492087770462,114,232,56,56,238,28098,0,2648,1416,"[336, 336, 329, 322, 290, 264, 228, 224]",rtl,5ec05842fcbd1dacc2065737f5ddc6ee603726d0066af6cf7147e4236005ee71
8,16,8,0,reset_stress,29,4096,512,3584,2296,2296,1260,0.640625,280,0.12195121951219512,0.9756585804984365,114,232,56,56,238,28129,0,2620,1444,"[336, 336, 333, 311, 278, 251, 227, 224]",rtl,2b7684debf9ae3b11e3cf667057f31c2d6d87eb412a983a9aa16f0438f058c0c
8,16,8,0,reset_stress,47,4096,512,3584,2289,2289,1267,0.638671875,279,0.1218872870249017,0.9763465870213042,115,232,56,56,238,28135,0,2606,1458,"[336, 333, 321, 312, 293, 244, 226, 224]",rtl,1562a448622fcd761ac4b76b49caa1c472a3847cd81c6bae96470c45c6d9bf6b
8,16,8,0,reset_stress,101,4096,512,3584,2285,2285,1271,0.6375558035714286,278,0.12166301969365427,0.9745498710610918,115,233,56,56,238,28141,0,2606,1458,"[336, 336, 330, 312, 278, 245, 224, 224]",rtl,3d771ddfce45d1cf5fbc55b95e3c6ee7902f68ac2ccef12fabd2daa17000728d
8,16,8,0,reset_stress,211,4096,512,3584,2298,2298,1258,0.6411830357142857,281,0.12228024369016537,0.9788402509008408,116,233,56,56,238,28123,0,2630,1434,"[337, 336, 334, 298, 274, 249, 238, 232]",rtl,31d14eb5a28e9b36ead508e270fbfe67b5286c10bd324cf583529f6b61bb3988
8,16,8,0,protocol,7,128,0,128,26,26,18,0.203125,14,0.5384615384615384,0.9825581395348837,8,14,14,12,15,32,0,26,18,"[4, 3, 3, 3, 3, 3, 3, 4]",generic-netlist,115f00a4c1fd101e53997cd0e794ad5ba6d2e0751418d36eaf7c0c29f13c2d1f
8,16,8,0,sink_stalls,29,4096,512,3584,2319,2319,1265,0.6470424107142857,290,0.1250539025442001,0.999909450066267,2106,3722,56,56,3765,0,0,2644,1450,"[291, 296, 292, 288, 288, 288, 288, 288]",generic-netlist,61fe7b36ffcbac47e5553defb8172a7cd27ca55f8e98cc5570ef81cb79a34a26
8,16,8,0,phase_change,29,4096,512,3584,3204,3204,0,0.8939732142857143,530,0.16541822721598,0.898952111539383,0,6,9,6,9,0,0,3652,0,"[46, 468, 461, 446, 448, 439, 452, 444]",generic-netlist,03a931ba1903e269c9f1640302c1a0b7081e29e6bdde8e27d2db5d0964b641d3
4,1,1,0,protocol,7,128,0,128,14,14,18,0.109375,12,0.8571428571428571,0.98,6,8,3,3,9,16,0,14,18,"[4, 3, 3, 4]",rtl,a21e9a1808ebcc473c054b4c402e900a53e7b0375c0ffd984955b32419e89d32
4,1,1,0,saturated,11,4096,512,3584,3584,3584,0,1.0,3583,0.9997209821428571,1.0,1726,3043,3,3,3070,0,0,4094,0,"[896, 896, 896, 896]",rtl,cf5765a7743f02b705ba93cd2e53da035b04c3aa13369b83e99806d8f224f186
4,1,1,0,saturated,29,4096,512,3584,3584,3584,0,1.0,3583,0.9997209821428571,1.0,1726,3043,3,3,3070,0,0,4094,0,"[896, 896, 896, 896]",rtl,cf5765a7743f02b705ba93cd2e53da035b04c3aa13369b83e99806d8f224f186
4,1,1,0,saturated,47,4096,512,3584,3584,3584,0,1.0,3583,0.9997209821428571,1.0,1726,3043,3,3,3070,0,0,4094,0,"[896, 896, 896, 896]",rtl,cf5765a7743f02b705ba93cd2e53da035b04c3aa13369b83e99806d8f224f186
4,1,1,0,saturated,101,4096,512,3584,3584,3584,0,1.0,3583,0.9997209821428571,1.0,1726,3043,3,3,3070,0,0,4094,0,"[896, 896, 896, 896]",rtl,cf5765a7743f02b705ba93cd2e53da035b04c3aa13369b83e99806d8f224f186
4,1,1,0,saturated,211,4096,512,3584,3584,3584,0,1.0,3583,0.9997209821428571,1.0,1726,3043,3,3,3070,0,0,4094,0,"[896, 896, 896, 896]",rtl,cf5765a7743f02b705ba93cd2e53da035b04c3aa13369b83e99806d8f224f186
4,1,1,0,sink_stalls,11,4096,512,3584,2354,2354,1230,0.6568080357142857,2353,0.9995751911639762,0.9999992781503324,1909,3388,3,3,3425,0,0,2673,1421,"[589, 588, 588, 589]",rtl,0ee7bfeb3b5573d29603b1ff9a9bfefa848e180d17339d4c6538171e3b9509f8
4,1,1,0,sink_stalls,29,4096,512,3584,2319,2319,1265,0.6470424107142857,2318,0.9995687796463993,0.9999994421473312,1923,3391,3,3,3433,0,0,2644,1450,"[579, 580, 580, 580]",rtl,6f3687ef460b44c27c4d51c6be445e91265cef71a1bbe555a5b3f6616be3e0db
4,1,1,0,sink_stalls,47,4096,512,3584,2310,2310,1274,0.64453125,2309,0.9995670995670995,0.9999992503894227,1916,3390,3,3,3436,0,0,2629,1465,"[578, 577, 577, 578]",rtl,e2977e013e969c6b061421d7e4f8ef9fc1ea842b165bdb17be509afe1539b75f
4,1,1,0,sink_stalls,101,4096,512,3584,2306,2306,1278,0.6434151785714286,2305,0.9995663486556808,0.9999992477866121,1952,3394,3,3,3436,0,0,2628,1466,"[576, 576, 577, 577]",rtl,e2c4d039a2b97afb5de596b7701c679bdceea8c1e2b0ba95ecab5d008932dbf9
4,1,1,0,sink_stalls,211,4096,512,3584,2321,2321,1263,0.6476004464285714,2320,0.999569151227919,0.9999994431083169,1951,3390,3,3,3430,0,0,2655,1439,"[580, 580, 581, 580]",rtl,336049ab1be0131f3dd76145ba7a27e68facc98b37760e8f4509ef3adcc9f4a8
4,1,1,0,asymmetric,11,4096,512,3584,3584,3584,0,1.0,749,0.208984375,0.3135946713405456,214,426,3,1,437,0,0,4094,0,"[3192, 138, 129, 125]",rtl,de0fea593253355f25cfa9afab9f2a17c5f789df03a91e65a5099b9ce080f63b
4,1,1,0,asymmetric,29,4096,512,3584,3584,3584,0,1.0,765,0.21344866071428573,0.31509318475423675,243,451,3,2,457,0,0,4094,0,"[3184, 120, 143, 137]",rtl,b6585e831651c5befc330f592156d05f7520f014fa79ce3dceaa9f964e077c66
4,1,1,0,asymmetric,47,4096,512,3584,3584,3584,0,1.0,777,0.216796875,0.31660970921034703,230,452,2,2,456,0,0,4094,0,"[3176, 139, 125, 144]",rtl,f9c89e7e053ce7d0d89555c2064676d7d010fef7c9264eb393e36864482cb14a
4,1,1,0,asymmetric,101,4096,512,3584,3584,3584,0,1.0,780,0.21763392857142858,0.31547876229317995,232,443,2,1,450,0,0,4094,0,"[3182, 137, 135, 130]",rtl,40dd137ad9fcd4c9a23e5edaeeff95b117afc054e384694c14646d6ca88d5f50
4,1,1,0,asymmetric,211,4096,512,3584,3584,3584,0,1.0,757,0.21121651785714285,0.3139689748675348,233,442,3,1,443,0,0,4094,0,"[3190, 129, 140, 125]",rtl,1f9aec1d1c7364c7e6fc9abfcd5de82917928a1eefa4549cb03026963c739e22
4,1,1,0,bursty,11,4096,512,3584,1184,1184,0,0.33035714285714285,147,0.1241554054054054,1.0,3,7,0,0,7,0,0,1344,0,"[296, 296, 296, 296]",rtl,baab7f6fb51346f3635b97a660f6e5c2feecbbbbe017593dd62b7887a837fc56
4,1,1,0,bursty,29,4096,512,3584,1184,1184,0,0.33035714285714285,147,0.1241554054054054,1.0,3,7,0,0,7,0,0,1344,0,"[296, 296, 296, 296]",rtl,baab7f6fb51346f3635b97a660f6e5c2feecbbbbe017593dd62b7887a837fc56
4,1,1,0,bursty,47,4096,512,3584,1184,1184,0,0.33035714285714285,147,0.1241554054054054,1.0,3,7,0,0,7,0,0,1344,0,"[296, 296, 296, 296]",rtl,baab7f6fb51346f3635b97a660f6e5c2feecbbbbe017593dd62b7887a837fc56
4,1,1,0,bursty,101,4096,512,3584,1184,1184,0,0.33035714285714285,147,0.1241554054054054,1.0,3,7,0,0,7,0,0,1344,0,"[296, 296, 296, 296]",rtl,baab7f6fb51346f3635b97a660f6e5c2feecbbbbe017593dd62b7887a837fc56
4,1,1,0,bursty,211,4096,512,3584,1184,1184,0,0.33035714285714285,147,0.1241554054054054,1.0,3,7,0,0,7,0,0,1344,0,"[296, 296, 296, 296]",rtl,baab7f6fb51346f3635b97a660f6e5c2feecbbbbe017593dd62b7887a837fc56
4,1,1,0,light,11,4096,512,3584,2207,2207,0,0.6157924107142857,1938,0.8781150883552333,0.997790289976557,0,4,3,3,7,0,0,2503,0,"[538, 516, 575, 578]",rtl,ce841365d439626ba60f2aaf2bdc2a0b455db6c0747b940e778a179b65ebcae0
4,1,1,0,light,29,4096,512,3584,2177,2177,0,0.607421875,1881,0.8640330730362885,0.9993667672360349,0,5,3,3,8,0,0,2485,0,"[562, 553, 529, 533]",rtl,90f9205b24ea7ca89adf8ba860fc9d4f1c9c3288bce4db37b295bbd237ecdc45
4,1,1,0,light,47,4096,512,3584,2127,2127,0,0.5934709821428571,1857,0.8730606488011283,0.9991406840075795,0,4,3,3,10,0,0,2419,0,"[524, 537, 512, 554]",rtl,3f024ac69ef232b9df5641946df448c048710892f41a3e9becad90bcbbc47a7d
4,1,1,0,light,101,4096,512,3584,2170,2170,0,0.60546875,1868,0.8608294930875576,0.9992725463932052,0,4,3,3,7,0,0,2481,0,"[520, 544, 561, 545]",rtl,24fc0f9253adc881b8c62f318c65339fb9db9d7facefa5f819ebcfc12799a714
4,1,1,0,light,211,4096,512,3584,2109,2109,0,0.5884486607142857,1776,0.8421052631578947,0.9999165964518197,0,4,3,3,10,0,0,2416,0,"[525, 535, 527, 522]",rtl,3fd51436338d6a49cf3157aac93500bbb9544cf60b40d9633a6a1b191148c27c
4,1,1,0,phase_change,11,4096,512,3584,3158,3158,0,0.8811383928571429,534,0.16909436352121596,0.947724351006513,0,3,3,1,7,0,0,3605,0,"[469, 900, 911, 878]",rtl,9a73d5de3ba2a7c380eb41f0238290a24e357a997ef5653d0e259b50b7cb3642
4,1,1,0,phase_change,29,4096,512,3584,3149,3149,0,0.8786272321428571,568,0.1803747221340108,0.9523728162426408,0,5,3,1,9,0,0,3589,0,"[484, 917, 882, 866]",rtl,bf7aa7074b81a24359d446cddd12666f5f8cc6bb1ff19c2235325af8bdc5581e
4,1,1,0,phase_change,47,4096,512,3584,3175,3175,0,0.8858816964285714,559,0.17606299212598425,0.9568151004916282,0,4,2,1,9,0,0,3607,0,"[502, 884, 904, 885]",rtl,7f94873d06a70c9ac5b08953fd5085c4086fa0af03b91e5005c1693851dc2d84
4,1,1,0,phase_change,101,4096,512,3584,3160,3160,0,0.8816964285714286,562,0.1778481012658228,0.9543791183500451,0,5,3,1,10,0,0,3604,0,"[491, 891, 897, 881]",rtl,dc6bcbfb6216f06d77902cfacc00340c38b820d4b8cbac223c4ce29d655f21d0
4,1,1,0,phase_change,211,4096,512,3584,3119,3119,0,0.8702566964285714,552,0.1769798012183392,0.9576760084472556,0,4,2,1,6,0,0,3558,0,"[496, 879, 879, 865]",rtl,43c73b9955d893a9c4ac7161741bd264c6aac079d84bb2c9383bc5ef8466a715
4,1,1,0,reset_stress,11,4096,512,3584,2329,2329,1227,0.6498325892857143,2314,0.9935594675826535,0.9999581525782805,106,211,3,3,217,12798,0,2648,1416,"[586, 586, 579, 578]",rtl,daf8e9375cf706a21369f0afd2fb72d1d3d334cf92771076a24bc9636b8b25ce
4,1,1,0,reset_stress,29,4096,512,3584,2296,2296,1260,0.640625,2281,0.9934668989547039,0.9999650973102167,105,211,3,3,216,12829,0,2620,1444,"[579, 575, 572, 570]",rtl,8aba3edc169581a65c7feaf31e8a43622558185902af90eb92f53813aba57dad
4,1,1,0,reset_stress,47,4096,512,3584,2289,2289,1267,0.638671875,2274,0.9934469200524246,0.9999475170407398,106,211,3,3,218,12835,0,2606,1458,"[578, 574, 570, 567]",rtl,451f4c65f692853b59c1074e2bf3b0463da0cb691ea0f1ef274888335a2a8265
4,1,1,0,reset_stress,101,4096,512,3584,2285,2285,1271,0.6375558035714286,2270,0.9934354485776805,0.9999212890366161,106,211,3,3,217,12841,0,2606,1458,"[578, 574, 568, 565]",rtl,622d674aebc7cb82c2cd7539d926cdc03ecf595e05b7e3040c6dbc79c7dba416
4,1,1,0,reset_stress,211,4096,512,3584,2298,2298,1258,0.6411830357142857,2283,0.9934725848563969,0.9999144142984169,107,212,3,3,217,12823,0,2630,1434,"[582, 577, 570, 569]",rtl,f11f3c3c89a3bc98c96d29624fd6a828961b6cc29e91ce95eb17c1e34f209ce4
4,1,1,0,protocol,7,128,0,128,14,14,18,0.109375,12,0.8571428571428571,0.98,6,8,3,3,9,16,0,14,18,"[4, 3, 3, 4]",generic-netlist,a21e9a1808ebcc473c054b4c402e900a53e7b0375c0ffd984955b32419e89d32
4,1,1,0,sink_stalls,29,4096,512,3584,2319,2319,1265,0.6470424107142857,2318,0.9995687796463993,0.9999994421473312,1923,3391,3,3,3433,0,0,2644,1450,"[579, 580, 580, 580]",generic-netlist,6f3687ef460b44c27c4d51c6be445e91265cef71a1bbe555a5b3f6616be3e0db
4,1,1,0,phase_change,29,4096,512,3584,3149,3149,0,0.8786272321428571,568,0.1803747221340108,0.9523728162426408,0,5,3,1,9,0,0,3589,0,"[484, 917, 882, 866]",generic-netlist,bf7aa7074b81a24359d446cddd12666f5f8cc6bb1ff19c2235325af8bdc5581e
4,1,4,0,protocol,7,128,0,128,14,14,18,0.109375,6,0.42857142857142855,0.98,5,8,6,5,9,16,0,14,18,"[4, 3, 3, 4]",rtl,b46d1727b8aa699394a6b5321a089b821db9c863c3260517579f41482669fb69
4,1,4,0,saturated,11,4096,512,3584,3584,3584,0,1.0,896,0.25,1.0,1728,3044,12,12,3072,0,0,4094,0,"[896, 896, 896, 896]",rtl,b38fdc644fd0b87c9414f36d7f3429c7d6f4bc07e60aae690d52962d95f598e9
4,1,4,0,saturated,29,4096,512,3584,3584,3584,0,1.0,896,0.25,1.0,1728,3044,12,12,3072,0,0,4094,0,"[896, 896, 896, 896]",rtl,b38fdc644fd0b87c9414f36d7f3429c7d6f4bc07e60aae690d52962d95f598e9
4,1,4,0,saturated,47,4096,512,3584,3584,3584,0,1.0,896,0.25,1.0,1728,3044,12,12,3072,0,0,4094,0,"[896, 896, 896, 896]",rtl,b38fdc644fd0b87c9414f36d7f3429c7d6f4bc07e60aae690d52962d95f598e9
4,1,4,0,saturated,101,4096,512,3584,3584,3584,0,1.0,896,0.25,1.0,1728,3044,12,12,3072,0,0,4094,0,"[896, 896, 896, 896]",rtl,b38fdc644fd0b87c9414f36d7f3429c7d6f4bc07e60aae690d52962d95f598e9
4,1,4,0,saturated,211,4096,512,3584,3584,3584,0,1.0,896,0.25,1.0,1728,3044,12,12,3072,0,0,4094,0,"[896, 896, 896, 896]",rtl,b38fdc644fd0b87c9414f36d7f3429c7d6f4bc07e60aae690d52962d95f598e9
4,1,4,0,sink_stalls,11,4096,512,3584,2354,2354,1230,0.6568080357142857,589,0.2502124044180119,0.9999992781503324,1907,3390,12,12,3425,0,0,2673,1421,"[589, 588, 588, 589]",rtl,20f1871a0e2445b4c17f3e3d0d558270e47f804d0ea6347c8edcd7b548c47a73
4,1,4,0,sink_stalls,29,4096,512,3584,2319,2319,1265,0.6470424107142857,579,0.24967658473479948,0.9999994421473312,1926,3390,12,12,3433,0,0,2644,1450,"[580, 579, 580, 580]",rtl,eadce4a4a5d0ec92ed71ff1d4b476e1db6da184cfe2b7eda10262267793bf31a
4,1,4,0,sink_stalls,47,4096,512,3584,2310,2310,1274,0.64453125,578,0.2502164502164502,0.9999932535452619,1915,3393,12,12,3437,0,0,2629,1465,"[580, 577, 576, 577]",rtl,b22b9a80cd8c9d22eebe7e7ba7ad5cc36b4c49f2a70f3165fd5914e871a5986b
4,1,4,0,sink_stalls,101,4096,512,3584,2306,2306,1278,0.6434151785714286,576,0.24978317432784042,0.9999977433632312,1950,3393,12,12,3437,0,0,2628,1466,"[578, 576, 576, 576]",rtl,0235848b0861ae3b9aeee0019c5d9c1486be45be0d06299248c435bdfe0f8eba
4,1,4,0,sink_stalls,211,4096,512,3584,2321,2321,1263,0.6476004464285714,580,0.24989228780697975,0.9999994431083169,1950,3389,12,12,3430,0,0,2655,1439,"[580, 580, 580, 581]",rtl,d5f70af4e1de9c1d64ac1ebbde90b902e9e97ee9e9c4318fddc3e27a1446bf1f
4,1,4,0,asymmetric,11,4096,512,3584,3584,3584,0,1.0,658,0.18359375,0.3135946713405456,213,426,6,4,437,0,0,4094,0,"[3192, 138, 129, 125]",rtl,ed5d3634d183a6b9307a253b1d93a0e6e66fdda65a3f33d63e41c53be446c465
4,1,4,0,asymmetric,29,4096,512,3584,3584,3584,0,1.0,622,0.17354910714285715,0.31509318475423675,243,451,6,3,457,0,0,4094,0,"[3184, 120, 143, 137]",rtl,78b2b84fc7fcb9d9c03b2b7ea7f1d280f88e05d5671ca26aaddddb3158b32f45
4,1,4,0,asymmetric,47,4096,512,3584,3584,3584,0,1.0,653,0.18219866071428573,0.31660970921034703,230,452,5,3,456,0,0,4094,0,"[3176, 139, 125, 144]",rtl,e54d5a9921cd94bce29049ab2d29f5a65986a69b0065526eb4cb910e61c5c4a8
4,1,4,0,asymmetric,101,4096,512,3584,3584,3584,0,1.0,690,0.19252232142857142,0.31547876229317995,232,443,6,3,450,0,0,4094,0,"[3182, 137, 135, 130]",rtl,057c359192e40ee8e2cdec5638150adc1e3ecb7f0bd4e99d4661ed21b5ce3a30
4,1,4,0,asymmetric,211,4096,512,3584,3584,3584,0,1.0,638,0.17801339285714285,0.3139689748675348,232,442,5,3,443,0,0,4094,0,"[3190, 129, 140, 125]",rtl,fdb48a8148b7e1ace24f799fef8d0aeda6bb39e04da08b8d5a02a78a97fbd0aa
4,1,4,0,bursty,11,4096,512,3584,1184,1184,0,0.33035714285714285,147,0.1241554054054054,1.0,3,7,0,0,7,0,0,1344,0,"[296, 296, 296, 296]",rtl,baab7f6fb51346f3635b97a660f6e5c2feecbbbbe017593dd62b7887a837fc56
4,1,4,0,bursty,29,4096,512,3584,1184,1184,0,0.33035714285714285,147,0.1241554054054054,1.0,3,7,0,0,7,0,0,1344,0,"[296, 296, 296, 296]",rtl,baab7f6fb51346f3635b97a660f6e5c2feecbbbbe017593dd62b7887a837fc56
4,1,4,0,bursty,47,4096,512,3584,1184,1184,0,0.33035714285714285,147,0.1241554054054054,1.0,3,7,0,0,7,0,0,1344,0,"[296, 296, 296, 296]",rtl,baab7f6fb51346f3635b97a660f6e5c2feecbbbbe017593dd62b7887a837fc56
4,1,4,0,bursty,101,4096,512,3584,1184,1184,0,0.33035714285714285,147,0.1241554054054054,1.0,3,7,0,0,7,0,0,1344,0,"[296, 296, 296, 296]",rtl,baab7f6fb51346f3635b97a660f6e5c2feecbbbbe017593dd62b7887a837fc56
4,1,4,0,bursty,211,4096,512,3584,1184,1184,0,0.33035714285714285,147,0.1241554054054054,1.0,3,7,0,0,7,0,0,1344,0,"[296, 296, 296, 296]",rtl,baab7f6fb51346f3635b97a660f6e5c2feecbbbbe017593dd62b7887a837fc56
4,1,4,0,light,11,4096,512,3584,2207,2207,0,0.6157924107142857,1630,0.7385591300407793,0.997790289976557,0,4,7,4,7,0,0,2503,0,"[538, 516, 575, 578]",rtl,cca9cbe80e3acad08a1e86070b8d54cac5c6c8a2d76179ba2519e48e280c9453
4,1,4,0,light,29,4096,512,3584,2177,2177,0,0.607421875,1593,0.731740927882407,0.9992571979897328,0,5,9,5,9,0,0,2485,0,"[564, 553, 528, 532]",rtl,a475c96862a111174e25dc1ba164d951a1c6e8c13e4a10e6f4a0b578c2a6d222
4,1,4,0,light,47,4096,512,3584,2127,2127,0,0.5934709821428571,1570,0.7381288199341796,0.9991406840075795,0,4,8,4,8,0,0,2419,0,"[524, 537, 512, 554]",rtl,a9bb4f17b8fd14acf760454cafa2c2b37998bf42d40072d861ca92e34a1f06d3
4,1,4,0,light,101,4096,512,3584,2170,2170,0,0.60546875,1575,0.7258064516129032,0.9992725463932052,0,4,7,4,7,0,0,2481,0,"[520, 544, 561, 545]",rtl,b0eaddf25cbb60613f9ae4b69d9299c5c80293e876977483efdef772c7c268eb
4,1,4,0,light,211,4096,512,3584,2109,2109,0,0.5884486607142857,1512,0.716927453769559,0.999918394764316,0,4,10,4,10,0,0,2416,0,"[526, 535, 526, 522]",rtl,536c3c22d6b718ff007a58a3cc6b26fcf072f4f673dd4c897e482778b1d18aca
4,1,4,0,phase_change,11,4096,512,3584,3158,3158,0,0.8811383928571429,487,0.15421152628245724,0.947724351006513,0,3,5,3,8,0,0,3605,0,"[469, 900, 911, 878]",rtl,543a70ec196ed324013d26fa66dd7cb095d2cd29eb0d15c52948011a2c7ff89d
4,1,4,0,phase_change,29,4096,512,3584,3149,3149,0,0.8786272321428571,501,0.15909812638932994,0.9520926410760311,0,5,5,3,9,0,0,3589,0,"[483, 917, 882, 867]",rtl,0a90476622a238b72e5966d23d648b3727313f1803fcc46e6fe2745403e9c013
4,1,4,0,phase_change,47,4096,512,3584,3175,3175,0,0.8858816964285714,511,0.16094488188976377,0.9568151004916282,0,4,8,3,8,0,0,3607,0,"[502, 884, 904, 885]",rtl,8d9d008753b43a88e80a98f82f2d3b756f7256f655db431dc8965fab27e0984c
4,1,4,0,phase_change,101,4096,512,3584,3160,3160,0,0.8816964285714286,506,0.160126582278481,0.9543791183500451,0,5,8,3,9,0,0,3604,0,"[491, 891, 897, 881]",rtl,b3753dd57bf3893b372d37b90d709bede7dd745001a020c19ed650ebe33bbcf7
4,1,4,0,phase_change,211,4096,512,3584,3119,3119,0,0.8702566964285714,499,0.1599871753767233,0.9570963664390584,0,4,8,3,8,0,0,3558,0,"[494, 880, 880, 865]",rtl,3a9573ab972d156a6242cab8a5d2dda1afa7d0e78cec8eb5e11f0db2bffdd171
4,1,4,0,reset_stress,11,4096,512,3584,2329,2329,1227,0.6498325892857143,571,0.24516960068699012,0.9996809788181731,105,212,12,12,218,12798,0,2648,1416,"[596, 587, 578, 568]",rtl,c6a9c84f2f5834df74b7af3ab0aa911d0eef23b9e00b1fb59c3299c9885580e5
4,1,4,0,reset_stress,29,4096,512,3584,2296,2296,1260,0.640625,565,0.2460801393728223,0.9991933087080203,105,211,12,12,218,12829,0,2620,1444,"[592, 582, 574, 548]",rtl,f00293e1c86392abb91a801d52eb9c9a7694b6803d78e6edd45d957d774c7864
4,1,4,0,reset_stress,47,4096,512,3584,2289,2289,1267,0.638671875,564,0.24639580602883354,0.9991024417702663,105,211,12,12,218,12835,0,2606,1458,"[594, 582, 564, 549]",rtl,3afd2999dbc5f9e8c2c0377b356caeb882a676f633dcc77bba7b6e2dd00f04cb
4,1,4,0,reset_stress,101,4096,512,3584,2285,2285,1271,0.6375558035714286,563,0.24638949671772428,0.9993394805725753,106,211,12,12,218,12841,0,2606,1458,"[592, 576, 565, 552]",rtl,df849b14d40e11ae07272e2381051d0e13a460c3e91394aa00667d033445fd69
4,1,4,0,reset_stress,211,4096,512,3584,2298,2298,1258,0.6411830357142857,567,0.24673629242819844,0.9989701580402585,106,212,12,12,218,12823,0,2630,1434,"[595, 588, 567, 548]",rtl,168e1862680eea7be5fcb56f96e6a25b22ac08a1059f0186b41c25cde1d301a6
4,1,4,0,protocol,7,128,0,128,14,14,18,0.109375,6,0.42857142857142855,0.98,5,8,6,5,9,16,0,14,18,"[4, 3, 3, 4]",generic-netlist,b46d1727b8aa699394a6b5321a089b821db9c863c3260517579f41482669fb69
4,1,4,0,sink_stalls,29,4096,512,3584,2319,2319,1265,0.6470424107142857,579,0.24967658473479948,0.9999994421473312,1926,3390,12,12,3433,0,0,2644,1450,"[580, 579, 580, 580]",generic-netlist,eadce4a4a5d0ec92ed71ff1d4b476e1db6da184cfe2b7eda10262267793bf31a
4,1,4,0,phase_change,29,4096,512,3584,3149,3149,0,0.8786272321428571,501,0.15909812638932994,0.9520926410760311,0,5,5,3,9,0,0,3589,0,"[483, 917, 882, 867]",generic-netlist,0a90476622a238b72e5966d23d648b3727313f1803fcc46e6fe2745403e9c013
4,8,1,0,protocol,7,128,0,128,14,14,18,0.109375,12,0.8571428571428571,0.98,6,8,3,3,9,16,0,14,18,"[4, 3, 3, 4]",rtl,984e5588f4f3b10ec7c4a78c6d7b23a01df4d756319e013c568fb5d646af5864
4,8,1,0,saturated,11,4096,512,3584,3584,3584,0,1.0,3583,0.9997209821428571,1.0,1726,3043,3,3,3070,0,0,4094,0,"[896, 896, 896, 896]",rtl,612f5ff750305044d148bb8abbb5a789f52ef58843f42b59e4c5cd2ceabdb47a
4,8,1,0,saturated,29,4096,512,3584,3584,3584,0,1.0,3583,0.9997209821428571,1.0,1726,3043,3,3,3070,0,0,4094,0,"[896, 896, 896, 896]",rtl,612f5ff750305044d148bb8abbb5a789f52ef58843f42b59e4c5cd2ceabdb47a
4,8,1,0,saturated,47,4096,512,3584,3584,3584,0,1.0,3583,0.9997209821428571,1.0,1726,3043,3,3,3070,0,0,4094,0,"[896, 896, 896, 896]",rtl,612f5ff750305044d148bb8abbb5a789f52ef58843f42b59e4c5cd2ceabdb47a
4,8,1,0,saturated,101,4096,512,3584,3584,3584,0,1.0,3583,0.9997209821428571,1.0,1726,3043,3,3,3070,0,0,4094,0,"[896, 896, 896, 896]",rtl,612f5ff750305044d148bb8abbb5a789f52ef58843f42b59e4c5cd2ceabdb47a
4,8,1,0,saturated,211,4096,512,3584,3584,3584,0,1.0,3583,0.9997209821428571,1.0,1726,3043,3,3,3070,0,0,4094,0,"[896, 896, 896, 896]",rtl,612f5ff750305044d148bb8abbb5a789f52ef58843f42b59e4c5cd2ceabdb47a
4,8,1,0,sink_stalls,11,4096,512,3584,2354,2354,1230,0.6568080357142857,2353,0.9995751911639762,0.9999992781503324,1909,3388,3,3,3425,0,0,2673,1421,"[589, 588, 588, 589]",rtl,9262432cef85d04f9fa7906847067c891243d6a1044c69d5770f3bdf537d01b7
4,8,1,0,sink_stalls,29,4096,512,3584,2319,2319,1265,0.6470424107142857,2318,0.9995687796463993,0.9999994421473312,1923,3391,3,3,3433,0,0,2644,1450,"[579, 580, 580, 580]",rtl,185d21a21406b68c8640fe2751f4b189984ae654199d2193670ff0154469330a
4,8,1,0,sink_stalls,47,4096,512,3584,2310,2310,1274,0.64453125,2309,0.9995670995670995,0.9999992503894227,1916,3390,3,3,3436,0,0,2629,1465,"[578, 577, 577, 578]",rtl,e505ee4ca4181059a1c381ccafc1164a312656c9a362095caa7ef14f2d6448ac
4,8,1,0,sink_stalls,101,4096,512,3584,2306,2306,1278,0.6434151785714286,2305,0.9995663486556808,0.9999992477866121,1952,3394,3,3,3436,0,0,2628,1466,"[576, 576, 577, 577]",rtl,6d98b7d680c0b8a0b03b02381e5556c9795947d378e3ced73d5916aa37bc0a3f
4,8,1,0,sink_stalls,211,4096,512,3584,2321,2321,1263,0.6476004464285714,2320,0.999569151227919,0.9999994431083169,1951,3390,3,3,3430,0,0,2655,1439,"[580, 580, 581, 580]",rtl,e055c3f9e4403bd27c6a201ca55d1d29e18c29405b21f80629a7cd54df0498bf
4,8,1,0,asymmetric,11,4096,512,3584,3584,3584,0,1.0,749,0.208984375,0.3135946713405456,214,426,3,1,437,0,0,4094,0,"[3192, 138, 129, 125]",rtl,e86e74f69981529bb4c022eed199584f719e12a570c1da0858d818ec55594122
4,8,1,0,asymmetric,29,4096,512,3584,3584,3584,0,1.0,765,0.21344866071428573,0.31509318475423675,243,451,3,2,457,0,0,4094,0,"[3184, 120, 143, 137]",rtl,44a01c621c7fc72fbb4ba115dcda752564ec5376ecc4f684e16f8ffaaf8a8e00
4,8,1,0,asymmetric,47,4096,512,3584,3584,3584,0,1.0,777,0.216796875,0.31660970921034703,230,452,2,2,456,0,0,4094,0,"[3176, 139, 125, 144]",rtl,90d20fe553d004c321fc79c9e75c115a290d8e49d76f2558574f52193220098f
4,8,1,0,asymmetric,101,4096,512,3584,3584,3584,0,1.0,780,0.21763392857142858,0.31547876229317995,232,443,2,1,450,0,0,4094,0,"[3182, 137, 135, 130]",rtl,322d576e82fb2edd564ff30f5836ef4ecf8ca7f185e682c631a226d96b466d01
4,8,1,0,asymmetric,211,4096,512,3584,3584,3584,0,1.0,757,0.21121651785714285,0.3139689748675348,233,442,3,1,443,0,0,4094,0,"[3190, 129, 140, 125]",rtl,8c65263f8422630b9228eca53263f9bc31d675eccba1fd557c42fafebfa0a581
4,8,1,0,bursty,11,4096,512,3584,1184,1184,0,0.33035714285714285,147,0.1241554054054054,1.0,3,7,0,0,7,0,0,1344,0,"[296, 296, 296, 296]",rtl,d2226690e2821498279a46b4617fa702902f985d129da0da684edd91b75222e2
4,8,1,0,bursty,29,4096,512,3584,1184,1184,0,0.33035714285714285,147,0.1241554054054054,1.0,3,7,0,0,7,0,0,1344,0,"[296, 296, 296, 296]",rtl,d2226690e2821498279a46b4617fa702902f985d129da0da684edd91b75222e2
4,8,1,0,bursty,47,4096,512,3584,1184,1184,0,0.33035714285714285,147,0.1241554054054054,1.0,3,7,0,0,7,0,0,1344,0,"[296, 296, 296, 296]",rtl,d2226690e2821498279a46b4617fa702902f985d129da0da684edd91b75222e2
4,8,1,0,bursty,101,4096,512,3584,1184,1184,0,0.33035714285714285,147,0.1241554054054054,1.0,3,7,0,0,7,0,0,1344,0,"[296, 296, 296, 296]",rtl,d2226690e2821498279a46b4617fa702902f985d129da0da684edd91b75222e2
4,8,1,0,bursty,211,4096,512,3584,1184,1184,0,0.33035714285714285,147,0.1241554054054054,1.0,3,7,0,0,7,0,0,1344,0,"[296, 296, 296, 296]",rtl,d2226690e2821498279a46b4617fa702902f985d129da0da684edd91b75222e2
4,8,1,0,light,11,4096,512,3584,2207,2207,0,0.6157924107142857,1938,0.8781150883552333,0.997790289976557,0,4,3,3,7,0,0,2503,0,"[538, 516, 575, 578]",rtl,8f937e388ab2467954987103b7706fc6943a3c4d819292a25a29e8c2c7f902cb
4,8,1,0,light,29,4096,512,3584,2177,2177,0,0.607421875,1881,0.8640330730362885,0.9993667672360349,0,5,3,3,8,0,0,2485,0,"[562, 553, 529, 533]",rtl,9c7ce81269bdb273f8db4379df0b5d021f75133d7dcdb41b3fb2ec9f43ef3716
4,8,1,0,light,47,4096,512,3584,2127,2127,0,0.5934709821428571,1857,0.8730606488011283,0.9991406840075795,0,4,3,3,10,0,0,2419,0,"[524, 537, 512, 554]",rtl,67128d3a04eda66520f8fe57785a1c954243f05b1194191cf1ba3b05be4ab8f0
4,8,1,0,light,101,4096,512,3584,2170,2170,0,0.60546875,1868,0.8608294930875576,0.9992725463932052,0,4,3,3,7,0,0,2481,0,"[520, 544, 561, 545]",rtl,084cafe34e3f2f7e07cbc89c2295ca12184e2c7d5a66bb8bb0210af39806460e
4,8,1,0,light,211,4096,512,3584,2109,2109,0,0.5884486607142857,1776,0.8421052631578947,0.9999165964518197,0,4,3,3,10,0,0,2416,0,"[525, 535, 527, 522]",rtl,c5d6090ebfcd393423f82e6c0db7037d1daaf2654317b4d89447bf3d3cff4f5a
4,8,1,0,phase_change,11,4096,512,3584,3158,3158,0,0.8811383928571429,534,0.16909436352121596,0.947724351006513,0,3,3,1,7,0,0,3605,0,"[469, 900, 911, 878]",rtl,e8d6ccd33e267f1a53e5016229d1d29dda25b70f2a56df3fba9ff3ea63fcd1f7
4,8,1,0,phase_change,29,4096,512,3584,3149,3149,0,0.8786272321428571,568,0.1803747221340108,0.9523728162426408,0,5,3,1,9,0,0,3589,0,"[484, 917, 882, 866]",rtl,db3dba5a0c8e8955154a322b3098772cf8a4aa84b701231db62880f7aeaf9258
4,8,1,0,phase_change,47,4096,512,3584,3175,3175,0,0.8858816964285714,559,0.17606299212598425,0.9568151004916282,0,4,2,1,9,0,0,3607,0,"[502, 884, 904, 885]",rtl,5ff0baec41aa77bbd12926c272a102fdacc64e065794a35e243650e0be9b6f8a
4,8,1,0,phase_change,101,4096,512,3584,3160,3160,0,0.8816964285714286,562,0.1778481012658228,0.9543791183500451,0,5,3,1,10,0,0,3604,0,"[491, 891, 897, 881]",rtl,9b386a236252af2c1948ba749cc679072232e1b27c8c038a4dcb8ff617f0f30f
4,8,1,0,phase_change,211,4096,512,3584,3119,3119,0,0.8702566964285714,552,0.1769798012183392,0.9576760084472556,0,4,2,1,6,0,0,3558,0,"[496, 879, 879, 865]",rtl,889075ef1ef5d64ef2d4d676f6fb3e395166a659934622278b72b9c7fb3e0a23
4,8,1,0,reset_stress,11,4096,512,3584,2329,2329,1227,0.6498325892857143,2314,0.9935594675826535,0.9999581525782805,106,211,3,3,217,12798,0,2648,1416,"[586, 586, 579, 578]",rtl,3c0b98ceb5ff8a588927d15af384efe6746261c6565f0cebb6490981d411894f
4,8,1,0,reset_stress,29,4096,512,3584,2296,2296,1260,0.640625,2281,0.9934668989547039,0.9999650973102167,105,211,3,3,216,12829,0,2620,1444,"[579, 575, 572, 570]",rtl,3321e5b668004b1afd1642d1db8f393151e75600b10e7e807d69a5cb85c6540d
4,8,1,0,reset_stress,47,4096,512,3584,2289,2289,1267,0.638671875,2274,0.9934469200524246,0.9999475170407398,106,211,3,3,218,12835,0,2606,1458,"[578, 574, 570, 567]",rtl,84816fcd23ffa22b8c0362121064b30c19f26836803df1ee3c29c0d45fc68c2a
4,8,1,0,reset_stress,101,4096,512,3584,2285,2285,1271,0.6375558035714286,2270,0.9934354485776805,0.9999212890366161,106,211,3,3,217,12841,0,2606,1458,"[578, 574, 568, 565]",rtl,d0ff15cc2f680649ca02983d7d4b1a180618fa9b53c1deb4a217ec3bbd5341ad
4,8,1,0,reset_stress,211,4096,512,3584,2298,2298,1258,0.6411830357142857,2283,0.9934725848563969,0.9999144142984169,107,212,3,3,217,12823,0,2630,1434,"[582, 577, 570, 569]",rtl,1d6b4c2ad8b0b926a6b8f6ac19fd5b4ea62b217bf60dc325dccdcd411898a802
4,8,1,0,protocol,7,128,0,128,14,14,18,0.109375,12,0.8571428571428571,0.98,6,8,3,3,9,16,0,14,18,"[4, 3, 3, 4]",generic-netlist,984e5588f4f3b10ec7c4a78c6d7b23a01df4d756319e013c568fb5d646af5864
4,8,1,0,sink_stalls,29,4096,512,3584,2319,2319,1265,0.6470424107142857,2318,0.9995687796463993,0.9999994421473312,1923,3391,3,3,3433,0,0,2644,1450,"[579, 580, 580, 580]",generic-netlist,185d21a21406b68c8640fe2751f4b189984ae654199d2193670ff0154469330a
4,8,1,0,phase_change,29,4096,512,3584,3149,3149,0,0.8786272321428571,568,0.1803747221340108,0.9523728162426408,0,5,3,1,9,0,0,3589,0,"[484, 917, 882, 866]",generic-netlist,db3dba5a0c8e8955154a322b3098772cf8a4aa84b701231db62880f7aeaf9258
4,8,4,0,protocol,7,128,0,128,14,14,18,0.109375,6,0.42857142857142855,0.98,5,8,6,5,9,16,0,14,18,"[4, 3, 3, 4]",rtl,46a337ca2e243c2cf74f6fc9a92eb82060082d48edc3e257e3a3ec044376760e
4,8,4,0,saturated,11,4096,512,3584,3584,3584,0,1.0,896,0.25,1.0,1728,3044,12,12,3072,0,0,4094,0,"[896, 896, 896, 896]",rtl,4f9316aaebb85380d222b9cac87b2d824ce934368a0cb58ce20d351b84cdf499
4,8,4,0,saturated,29,4096,512,3584,3584,3584,0,1.0,896,0.25,1.0,1728,3044,12,12,3072,0,0,4094,0,"[896, 896, 896, 896]",rtl,4f9316aaebb85380d222b9cac87b2d824ce934368a0cb58ce20d351b84cdf499
4,8,4,0,saturated,47,4096,512,3584,3584,3584,0,1.0,896,0.25,1.0,1728,3044,12,12,3072,0,0,4094,0,"[896, 896, 896, 896]",rtl,4f9316aaebb85380d222b9cac87b2d824ce934368a0cb58ce20d351b84cdf499
4,8,4,0,saturated,101,4096,512,3584,3584,3584,0,1.0,896,0.25,1.0,1728,3044,12,12,3072,0,0,4094,0,"[896, 896, 896, 896]",rtl,4f9316aaebb85380d222b9cac87b2d824ce934368a0cb58ce20d351b84cdf499
4,8,4,0,saturated,211,4096,512,3584,3584,3584,0,1.0,896,0.25,1.0,1728,3044,12,12,3072,0,0,4094,0,"[896, 896, 896, 896]",rtl,4f9316aaebb85380d222b9cac87b2d824ce934368a0cb58ce20d351b84cdf499
4,8,4,0,sink_stalls,11,4096,512,3584,2354,2354,1230,0.6568080357142857,589,0.2502124044180119,0.9999992781503324,1907,3390,12,12,3425,0,0,2673,1421,"[589, 588, 588, 589]",rtl,3ceda4ed84e6374e92ee8970f412e4f46102bcb5ddb63519334c2a5c5c88e0c3
4,8,4,0,sink_stalls,29,4096,512,3584,2319,2319,1265,0.6470424107142857,579,0.24967658473479948,0.9999994421473312,1926,3390,12,12,3433,0,0,2644,1450,"[580, 579, 580, 580]",rtl,5193d240b54e9c5466f91963545640b06d0f25c45b752c1cbe0376be21e3603f
4,8,4,0,sink_stalls,47,4096,512,3584,2310,2310,1274,0.64453125,578,0.2502164502164502,0.9999932535452619,1915,3393,12,12,3437,0,0,2629,1465,"[580, 577, 576, 577]",rtl,26976e67c91cd937cec28367661372784fcfbcb7fd6bc326b895d5fa10a695ba
4,8,4,0,sink_stalls,101,4096,512,3584,2306,2306,1278,0.6434151785714286,576,0.24978317432784042,0.9999977433632312,1950,3393,12,12,3437,0,0,2628,1466,"[578, 576, 576, 576]",rtl,05f2cf77bfa217e7e41ce7c40b3d0ce6c4f868570b09eeb2720057d735704d06
4,8,4,0,sink_stalls,211,4096,512,3584,2321,2321,1263,0.6476004464285714,580,0.24989228780697975,0.9999994431083169,1950,3389,12,12,3430,0,0,2655,1439,"[580, 580, 580, 581]",rtl,bb45de6b01be7683dbb903dd44c185ca6c9bfdf64c775ff377d8fdb08155091c
4,8,4,0,asymmetric,11,4096,512,3584,3584,3584,0,1.0,658,0.18359375,0.3135946713405456,213,426,6,4,437,0,0,4094,0,"[3192, 138, 129, 125]",rtl,f0484dac26cd37930c02f124863262a2636b5bcf63a1a99800c506a54e63bf23
4,8,4,0,asymmetric,29,4096,512,3584,3584,3584,0,1.0,622,0.17354910714285715,0.31509318475423675,243,451,6,3,457,0,0,4094,0,"[3184, 120, 143, 137]",rtl,3e5453c3ac7ad9567015e71d1128c04f74b2d90f7c87206d43beab67ce3034aa
4,8,4,0,asymmetric,47,4096,512,3584,3584,3584,0,1.0,653,0.18219866071428573,0.31660970921034703,230,452,5,3,456,0,0,4094,0,"[3176, 139, 125, 144]",rtl,1eb54ab6c811c7c084b72da30d85fa1bec8fd7ac9b483ef2d9ef7288233895b2
4,8,4,0,asymmetric,101,4096,512,3584,3584,3584,0,1.0,690,0.19252232142857142,0.31547876229317995,232,443,6,3,450,0,0,4094,0,"[3182, 137, 135, 130]",rtl,35bdc69843a1badde1503c1d4c882c0eb7b7f8f711cebc88f914a2d81a5f620a
4,8,4,0,asymmetric,211,4096,512,3584,3584,3584,0,1.0,638,0.17801339285714285,0.3139689748675348,232,442,5,3,443,0,0,4094,0,"[3190, 129, 140, 125]",rtl,6a258c93d030ccc87649b61f736ab399e60402a55011134c456937489cba67ed
4,8,4,0,bursty,11,4096,512,3584,1184,1184,0,0.33035714285714285,147,0.1241554054054054,1.0,3,7,0,0,7,0,0,1344,0,"[296, 296, 296, 296]",rtl,d2226690e2821498279a46b4617fa702902f985d129da0da684edd91b75222e2
4,8,4,0,bursty,29,4096,512,3584,1184,1184,0,0.33035714285714285,147,0.1241554054054054,1.0,3,7,0,0,7,0,0,1344,0,"[296, 296, 296, 296]",rtl,d2226690e2821498279a46b4617fa702902f985d129da0da684edd91b75222e2
4,8,4,0,bursty,47,4096,512,3584,1184,1184,0,0.33035714285714285,147,0.1241554054054054,1.0,3,7,0,0,7,0,0,1344,0,"[296, 296, 296, 296]",rtl,d2226690e2821498279a46b4617fa702902f985d129da0da684edd91b75222e2
4,8,4,0,bursty,101,4096,512,3584,1184,1184,0,0.33035714285714285,147,0.1241554054054054,1.0,3,7,0,0,7,0,0,1344,0,"[296, 296, 296, 296]",rtl,d2226690e2821498279a46b4617fa702902f985d129da0da684edd91b75222e2
4,8,4,0,bursty,211,4096,512,3584,1184,1184,0,0.33035714285714285,147,0.1241554054054054,1.0,3,7,0,0,7,0,0,1344,0,"[296, 296, 296, 296]",rtl,d2226690e2821498279a46b4617fa702902f985d129da0da684edd91b75222e2
4,8,4,0,light,11,4096,512,3584,2207,2207,0,0.6157924107142857,1630,0.7385591300407793,0.997790289976557,0,4,7,4,7,0,0,2503,0,"[538, 516, 575, 578]",rtl,fef681494dfd971a5c243fa4cdf4a95bd342b21805d0399fc87b560d4ed5c0fd
4,8,4,0,light,29,4096,512,3584,2177,2177,0,0.607421875,1593,0.731740927882407,0.9992571979897328,0,5,9,5,9,0,0,2485,0,"[564, 553, 528, 532]",rtl,857ae236853f932edfd8bcfc2689fd76c45587535da158bf0d208921a7d5bcb7
4,8,4,0,light,47,4096,512,3584,2127,2127,0,0.5934709821428571,1570,0.7381288199341796,0.9991406840075795,0,4,8,4,8,0,0,2419,0,"[524, 537, 512, 554]",rtl,90af37b4be20d5b53f860d39b5e5a22cc7caf3accd76eca3332d2f029ff74e03
4,8,4,0,light,101,4096,512,3584,2170,2170,0,0.60546875,1575,0.7258064516129032,0.9992725463932052,0,4,7,4,7,0,0,2481,0,"[520, 544, 561, 545]",rtl,b460dc037e840a021cedf0d5c27c083f0e698e83e67eba2fc2599d13947bf5fd
4,8,4,0,light,211,4096,512,3584,2109,2109,0,0.5884486607142857,1512,0.716927453769559,0.999918394764316,0,4,10,4,10,0,0,2416,0,"[526, 535, 526, 522]",rtl,bad280e5e328dd695817a858b54aa639a42c2a76e50391c10ec5defe0cb678b2
4,8,4,0,phase_change,11,4096,512,3584,3158,3158,0,0.8811383928571429,487,0.15421152628245724,0.947724351006513,0,3,5,3,8,0,0,3605,0,"[469, 900, 911, 878]",rtl,d452728180eb6debd8402ce5fd00467c01f10a48b9536d6ba75fb91e80193ebc
4,8,4,0,phase_change,29,4096,512,3584,3149,3149,0,0.8786272321428571,501,0.15909812638932994,0.9520926410760311,0,5,5,3,9,0,0,3589,0,"[483, 917, 882, 867]",rtl,7c68772629cac61e63fc6ea2095f7305a2426f2d3db74f44ba34541edc35621e
4,8,4,0,phase_change,47,4096,512,3584,3175,3175,0,0.8858816964285714,511,0.16094488188976377,0.9568151004916282,0,4,8,3,8,0,0,3607,0,"[502, 884, 904, 885]",rtl,ed1acfe9ade81c1face4319390a5327e96b025f698a30286175a9375cb139001
4,8,4,0,phase_change,101,4096,512,3584,3160,3160,0,0.8816964285714286,506,0.160126582278481,0.9543791183500451,0,5,8,3,9,0,0,3604,0,"[491, 891, 897, 881]",rtl,e3c6b31679e1d3c3c15b4ebce4363d9bcf289b3a7722fa00b7188fea374fc57f
4,8,4,0,phase_change,211,4096,512,3584,3119,3119,0,0.8702566964285714,499,0.1599871753767233,0.9570963664390584,0,4,8,3,8,0,0,3558,0,"[494, 880, 880, 865]",rtl,0f76179335986e781dad3491770f7e8ed3186c98e6dc7e631936c5eac02f4cab
4,8,4,0,reset_stress,11,4096,512,3584,2329,2329,1227,0.6498325892857143,571,0.24516960068699012,0.9996809788181731,105,212,12,12,218,12798,0,2648,1416,"[596, 587, 578, 568]",rtl,cd99c3d8c3a91c80ef49aca16d44b6f4b64e4b365cea4812995729a55a390595
4,8,4,0,reset_stress,29,4096,512,3584,2296,2296,1260,0.640625,565,0.2460801393728223,0.9991933087080203,105,211,12,12,218,12829,0,2620,1444,"[592, 582, 574, 548]",rtl,481dbe8418e0b54bb00e38b4dee7e314832a73d497834b0db1800cc0f53bef01
4,8,4,0,reset_stress,47,4096,512,3584,2289,2289,1267,0.638671875,564,0.24639580602883354,0.9991024417702663,105,211,12,12,218,12835,0,2606,1458,"[594, 582, 564, 549]",rtl,9b625f6d1e930269083c7d5bdc386e9730357922cc062a2929aba23b328cd6d8
4,8,4,0,reset_stress,101,4096,512,3584,2285,2285,1271,0.6375558035714286,563,0.24638949671772428,0.9993394805725753,106,211,12,12,218,12841,0,2606,1458,"[592, 576, 565, 552]",rtl,4dfc22cf86c7e26f13cff6bb4cbd0718f1f741141ecdde2224541215df6f6f93
4,8,4,0,reset_stress,211,4096,512,3584,2298,2298,1258,0.6411830357142857,567,0.24673629242819844,0.9989701580402585,106,212,12,12,218,12823,0,2630,1434,"[595, 588, 567, 548]",rtl,f0e80d2e389f465c32e5fe0762634f6defe10d0948420f4a1a0297d386a8467e
4,8,4,0,protocol,7,128,0,128,14,14,18,0.109375,6,0.42857142857142855,0.98,5,8,6,5,9,16,0,14,18,"[4, 3, 3, 4]",generic-netlist,46a337ca2e243c2cf74f6fc9a92eb82060082d48edc3e257e3a3ec044376760e
4,8,4,0,sink_stalls,29,4096,512,3584,2319,2319,1265,0.6470424107142857,579,0.24967658473479948,0.9999994421473312,1926,3390,12,12,3433,0,0,2644,1450,"[580, 579, 580, 580]",generic-netlist,5193d240b54e9c5466f91963545640b06d0f25c45b752c1cbe0376be21e3603f
4,8,4,0,phase_change,29,4096,512,3584,3149,3149,0,0.8786272321428571,501,0.15909812638932994,0.9520926410760311,0,5,5,3,9,0,0,3589,0,"[483, 917, 882, 867]",generic-netlist,7c68772629cac61e63fc6ea2095f7305a2426f2d3db74f44ba34541edc35621e
4,32,1,0,protocol,7,128,0,128,14,14,18,0.109375,12,0.8571428571428571,0.98,6,8,3,3,9,16,0,14,18,"[4, 3, 3, 4]",rtl,3239340f7957333b5b3a4988dcb27bfd71192ebeec0302d9f57bec4717cc62f5
4,32,1,0,saturated,11,4096,512,3584,3584,3584,0,1.0,3583,0.9997209821428571,1.0,1726,3043,3,3,3070,0,0,4094,0,"[896, 896, 896, 896]",rtl,72d48d2e8502e360d275430eb2d0ff222cdd71c3b4ca55e67949bc6de030cf55
4,32,1,0,saturated,29,4096,512,3584,3584,3584,0,1.0,3583,0.9997209821428571,1.0,1726,3043,3,3,3070,0,0,4094,0,"[896, 896, 896, 896]",rtl,72d48d2e8502e360d275430eb2d0ff222cdd71c3b4ca55e67949bc6de030cf55
4,32,1,0,saturated,47,4096,512,3584,3584,3584,0,1.0,3583,0.9997209821428571,1.0,1726,3043,3,3,3070,0,0,4094,0,"[896, 896, 896, 896]",rtl,72d48d2e8502e360d275430eb2d0ff222cdd71c3b4ca55e67949bc6de030cf55
4,32,1,0,saturated,101,4096,512,3584,3584,3584,0,1.0,3583,0.9997209821428571,1.0,1726,3043,3,3,3070,0,0,4094,0,"[896, 896, 896, 896]",rtl,72d48d2e8502e360d275430eb2d0ff222cdd71c3b4ca55e67949bc6de030cf55
4,32,1,0,saturated,211,4096,512,3584,3584,3584,0,1.0,3583,0.9997209821428571,1.0,1726,3043,3,3,3070,0,0,4094,0,"[896, 896, 896, 896]",rtl,72d48d2e8502e360d275430eb2d0ff222cdd71c3b4ca55e67949bc6de030cf55
4,32,1,0,sink_stalls,11,4096,512,3584,2354,2354,1230,0.6568080357142857,2353,0.9995751911639762,0.9999992781503324,1909,3388,3,3,3425,0,0,2673,1421,"[589, 588, 588, 589]",rtl,9796cdbcd71f333e6e4b8fbc289cbbf5c9b50c80c43a0f3e5a037c67279ba2fc
4,32,1,0,sink_stalls,29,4096,512,3584,2319,2319,1265,0.6470424107142857,2318,0.9995687796463993,0.9999994421473312,1923,3391,3,3,3433,0,0,2644,1450,"[579, 580, 580, 580]",rtl,1c63e766e9165f483ce0d0d2c6c5a145e98ce79c19d75d9178a23bbc87c57df1
4,32,1,0,sink_stalls,47,4096,512,3584,2310,2310,1274,0.64453125,2309,0.9995670995670995,0.9999992503894227,1916,3390,3,3,3436,0,0,2629,1465,"[578, 577, 577, 578]",rtl,fa8f7e10126d29d451c80934a0c5766e86d059efb30daa8a1dbef09f31265f57
4,32,1,0,sink_stalls,101,4096,512,3584,2306,2306,1278,0.6434151785714286,2305,0.9995663486556808,0.9999992477866121,1952,3394,3,3,3436,0,0,2628,1466,"[576, 576, 577, 577]",rtl,0ac9bd2502e6b560d979c74bad21fbea794ba7c80a7cfc2f36cd3409238c9570
4,32,1,0,sink_stalls,211,4096,512,3584,2321,2321,1263,0.6476004464285714,2320,0.999569151227919,0.9999994431083169,1951,3390,3,3,3430,0,0,2655,1439,"[580, 580, 581, 580]",rtl,c4dd385c4def585a672e009917946ffb5edb7eb8b06e99afb377b710f1c97f13
4,32,1,0,asymmetric,11,4096,512,3584,3584,3584,0,1.0,749,0.208984375,0.3135946713405456,214,426,3,1,437,0,0,4094,0,"[3192, 138, 129, 125]",rtl,fc89bb006248fb30ac9652431c929012206428ecd1800a1b27bf354dc3c9b38f
4,32,1,0,asymmetric,29,4096,512,3584,3584,3584,0,1.0,765,0.21344866071428573,0.31509318475423675,243,451,3,2,457,0,0,4094,0,"[3184, 120, 143, 137]",rtl,5f9086089c7e431b5e883d8cef83b12be1167ee35a3b38b6f0aa300d7ec63575
4,32,1,0,asymmetric,47,4096,512,3584,3584,3584,0,1.0,777,0.216796875,0.31660970921034703,230,452,2,2,456,0,0,4094,0,"[3176, 139, 125, 144]",rtl,bfd0740cdeaa6f14e166afe8086e420a7b39e499e3b65bbe7b2fa563bc740196
4,32,1,0,asymmetric,101,4096,512,3584,3584,3584,0,1.0,780,0.21763392857142858,0.31547876229317995,232,443,2,1,450,0,0,4094,0,"[3182, 137, 135, 130]",rtl,6b4467053e42167913f61c63480b4e897113a438b2e012e84759af631ea42953
4,32,1,0,asymmetric,211,4096,512,3584,3584,3584,0,1.0,757,0.21121651785714285,0.3139689748675348,233,442,3,1,443,0,0,4094,0,"[3190, 129, 140, 125]",rtl,54746be61d6bdc676e12d576122aa5fc9449974ebeeaecd43685442bb2d785d4
4,32,1,0,bursty,11,4096,512,3584,1184,1184,0,0.33035714285714285,147,0.1241554054054054,1.0,3,7,0,0,7,0,0,1344,0,"[296, 296, 296, 296]",rtl,03fa990684a18a921c6c1f959e954506a47fd07aba13ccbb2c0d303bda7257c1
4,32,1,0,bursty,29,4096,512,3584,1184,1184,0,0.33035714285714285,147,0.1241554054054054,1.0,3,7,0,0,7,0,0,1344,0,"[296, 296, 296, 296]",rtl,03fa990684a18a921c6c1f959e954506a47fd07aba13ccbb2c0d303bda7257c1
4,32,1,0,bursty,47,4096,512,3584,1184,1184,0,0.33035714285714285,147,0.1241554054054054,1.0,3,7,0,0,7,0,0,1344,0,"[296, 296, 296, 296]",rtl,03fa990684a18a921c6c1f959e954506a47fd07aba13ccbb2c0d303bda7257c1
4,32,1,0,bursty,101,4096,512,3584,1184,1184,0,0.33035714285714285,147,0.1241554054054054,1.0,3,7,0,0,7,0,0,1344,0,"[296, 296, 296, 296]",rtl,03fa990684a18a921c6c1f959e954506a47fd07aba13ccbb2c0d303bda7257c1
4,32,1,0,bursty,211,4096,512,3584,1184,1184,0,0.33035714285714285,147,0.1241554054054054,1.0,3,7,0,0,7,0,0,1344,0,"[296, 296, 296, 296]",rtl,03fa990684a18a921c6c1f959e954506a47fd07aba13ccbb2c0d303bda7257c1
4,32,1,0,light,11,4096,512,3584,2207,2207,0,0.6157924107142857,1938,0.8781150883552333,0.997790289976557,0,4,3,3,7,0,0,2503,0,"[538, 516, 575, 578]",rtl,aadfc6d0d1112246d6ea402eb347971916cbe2c2e8047ee238b660f37aa5b0e4
4,32,1,0,light,29,4096,512,3584,2177,2177,0,0.607421875,1881,0.8640330730362885,0.9993667672360349,0,5,3,3,8,0,0,2485,0,"[562, 553, 529, 533]",rtl,e7f28e6e46984ea408cb743819d416cb8a5770d92690596530c41b5f2f819a9a
4,32,1,0,light,47,4096,512,3584,2127,2127,0,0.5934709821428571,1857,0.8730606488011283,0.9991406840075795,0,4,3,3,10,0,0,2419,0,"[524, 537, 512, 554]",rtl,c9cb89f92673ae4216a82097dfcebbf12baf19682e438f5847e8fae1cf4cb77f
4,32,1,0,light,101,4096,512,3584,2170,2170,0,0.60546875,1868,0.8608294930875576,0.9992725463932052,0,4,3,3,7,0,0,2481,0,"[520, 544, 561, 545]",rtl,711c061d5f0e1a8c7b1cbef472d74f3007d42d143f2861cf572f287b8e954c8b
4,32,1,0,light,211,4096,512,3584,2109,2109,0,0.5884486607142857,1776,0.8421052631578947,0.9999165964518197,0,4,3,3,10,0,0,2416,0,"[525, 535, 527, 522]",rtl,46ae9b57845a8ccfef51d140c0faf8e7a94a577c9bcc07b58abb89a018724222
4,32,1,0,phase_change,11,4096,512,3584,3158,3158,0,0.8811383928571429,534,0.16909436352121596,0.947724351006513,0,3,3,1,7,0,0,3605,0,"[469, 900, 911, 878]",rtl,31e73e6cce7f955f634c9f34970a1e003a781da0160be340c94a209a281284d9
4,32,1,0,phase_change,29,4096,512,3584,3149,3149,0,0.8786272321428571,568,0.1803747221340108,0.9523728162426408,0,5,3,1,9,0,0,3589,0,"[484, 917, 882, 866]",rtl,3de0668ebf9626e244c33f911f77ae600fd0654f998fb064b88fee9564341aba
4,32,1,0,phase_change,47,4096,512,3584,3175,3175,0,0.8858816964285714,559,0.17606299212598425,0.9568151004916282,0,4,2,1,9,0,0,3607,0,"[502, 884, 904, 885]",rtl,3222a2865485a980bfbd7a6eeb8043b10fc23673f0325aabd53328ab1d648c68
4,32,1,0,phase_change,101,4096,512,3584,3160,3160,0,0.8816964285714286,562,0.1778481012658228,0.9543791183500451,0,5,3,1,10,0,0,3604,0,"[491, 891, 897, 881]",rtl,c01307af1995e6abc2655d5638b0f8ba2cbfe68745a07ace21b627f229d9299d
4,32,1,0,phase_change,211,4096,512,3584,3119,3119,0,0.8702566964285714,552,0.1769798012183392,0.9576760084472556,0,4,2,1,6,0,0,3558,0,"[496, 879, 879, 865]",rtl,5b29be2477d76929f23be90cfe250f3914c2a0ba42a2a2781c8bece2ccf4e100
4,32,1,0,reset_stress,11,4096,512,3584,2329,2329,1227,0.6498325892857143,2314,0.9935594675826535,0.9999581525782805,106,211,3,3,217,12798,0,2648,1416,"[586, 586, 579, 578]",rtl,68b5ce9ab0067588e329ae9ab2f06778025b00ecbbc524ccec1e20fcac0cd96a
4,32,1,0,reset_stress,29,4096,512,3584,2296,2296,1260,0.640625,2281,0.9934668989547039,0.9999650973102167,105,211,3,3,216,12829,0,2620,1444,"[579, 575, 572, 570]",rtl,fedf6bf30bb59f076e09d30e70d9fd188cfaa473dac5cbf22b5d26d355122ddf
4,32,1,0,reset_stress,47,4096,512,3584,2289,2289,1267,0.638671875,2274,0.9934469200524246,0.9999475170407398,106,211,3,3,218,12835,0,2606,1458,"[578, 574, 570, 567]",rtl,5c72b6c33201f35df03bdb5896f413b3a5f0ef15b8917ff20ff74f3c8abdd8d1
4,32,1,0,reset_stress,101,4096,512,3584,2285,2285,1271,0.6375558035714286,2270,0.9934354485776805,0.9999212890366161,106,211,3,3,217,12841,0,2606,1458,"[578, 574, 568, 565]",rtl,1076fa5134ea01b5d5387e30ca479695a5bc4c9999d0cd09eca8d042dd5cbb1a
4,32,1,0,reset_stress,211,4096,512,3584,2298,2298,1258,0.6411830357142857,2283,0.9934725848563969,0.9999144142984169,107,212,3,3,217,12823,0,2630,1434,"[582, 577, 570, 569]",rtl,adff78471457f923ecf301d53bf867e9b8d2c980528675085af8d822084e7e7b
4,32,1,0,protocol,7,128,0,128,14,14,18,0.109375,12,0.8571428571428571,0.98,6,8,3,3,9,16,0,14,18,"[4, 3, 3, 4]",generic-netlist,3239340f7957333b5b3a4988dcb27bfd71192ebeec0302d9f57bec4717cc62f5
4,32,1,0,sink_stalls,29,4096,512,3584,2319,2319,1265,0.6470424107142857,2318,0.9995687796463993,0.9999994421473312,1923,3391,3,3,3433,0,0,2644,1450,"[579, 580, 580, 580]",generic-netlist,1c63e766e9165f483ce0d0d2c6c5a145e98ce79c19d75d9178a23bbc87c57df1
4,32,1,0,phase_change,29,4096,512,3584,3149,3149,0,0.8786272321428571,568,0.1803747221340108,0.9523728162426408,0,5,3,1,9,0,0,3589,0,"[484, 917, 882, 866]",generic-netlist,3de0668ebf9626e244c33f911f77ae600fd0654f998fb064b88fee9564341aba
4,32,4,0,protocol,7,128,0,128,14,14,18,0.109375,6,0.42857142857142855,0.98,5,8,6,5,9,16,0,14,18,"[4, 3, 3, 4]",rtl,a8549acf9221b1060351d9ccace81ee577fc7ec33286c39108bc9e19a0e98cb0
4,32,4,0,saturated,11,4096,512,3584,3584,3584,0,1.0,896,0.25,1.0,1728,3044,12,12,3072,0,0,4094,0,"[896, 896, 896, 896]",rtl,489a7b0e1cb64a3c76f31223dc758fe34d13a5aff65939a5f1535df5a46d0f7a
4,32,4,0,saturated,29,4096,512,3584,3584,3584,0,1.0,896,0.25,1.0,1728,3044,12,12,3072,0,0,4094,0,"[896, 896, 896, 896]",rtl,489a7b0e1cb64a3c76f31223dc758fe34d13a5aff65939a5f1535df5a46d0f7a
4,32,4,0,saturated,47,4096,512,3584,3584,3584,0,1.0,896,0.25,1.0,1728,3044,12,12,3072,0,0,4094,0,"[896, 896, 896, 896]",rtl,489a7b0e1cb64a3c76f31223dc758fe34d13a5aff65939a5f1535df5a46d0f7a
4,32,4,0,saturated,101,4096,512,3584,3584,3584,0,1.0,896,0.25,1.0,1728,3044,12,12,3072,0,0,4094,0,"[896, 896, 896, 896]",rtl,489a7b0e1cb64a3c76f31223dc758fe34d13a5aff65939a5f1535df5a46d0f7a
4,32,4,0,saturated,211,4096,512,3584,3584,3584,0,1.0,896,0.25,1.0,1728,3044,12,12,3072,0,0,4094,0,"[896, 896, 896, 896]",rtl,489a7b0e1cb64a3c76f31223dc758fe34d13a5aff65939a5f1535df5a46d0f7a
4,32,4,0,sink_stalls,11,4096,512,3584,2354,2354,1230,0.6568080357142857,589,0.2502124044180119,0.9999992781503324,1907,3390,12,12,3425,0,0,2673,1421,"[589, 588, 588, 589]",rtl,52f45072f9ab2987a895aa6b3e243a48cf93a591a16934734fb138cbe7b7230c
4,32,4,0,sink_stalls,29,4096,512,3584,2319,2319,1265,0.6470424107142857,579,0.24967658473479948,0.9999994421473312,1926,3390,12,12,3433,0,0,2644,1450,"[580, 579, 580, 580]",rtl,8b3c3b3b55c6127a26db80d60c9f6da2580e6ab70cea6b50302ba14db81386a4
4,32,4,0,sink_stalls,47,4096,512,3584,2310,2310,1274,0.64453125,578,0.2502164502164502,0.9999932535452619,1915,3393,12,12,3437,0,0,2629,1465,"[580, 577, 576, 577]",rtl,fb7ae69103f2fe40e8b69360e3102d79e7324ad7c435e90d14884fa894eb0082
4,32,4,0,sink_stalls,101,4096,512,3584,2306,2306,1278,0.6434151785714286,576,0.24978317432784042,0.9999977433632312,1950,3393,12,12,3437,0,0,2628,1466,"[578, 576, 576, 576]",rtl,74b916ce3132dbc519f0a7f548a42e2d2464599c04476c3bc29e35ca226d1349
4,32,4,0,sink_stalls,211,4096,512,3584,2321,2321,1263,0.6476004464285714,580,0.24989228780697975,0.9999994431083169,1950,3389,12,12,3430,0,0,2655,1439,"[580, 580, 580, 581]",rtl,30f588d9625825969c48a9990a3ac515b9b14b5908b86cd7282546c2179e9b3c
4,32,4,0,asymmetric,11,4096,512,3584,3584,3584,0,1.0,658,0.18359375,0.3135946713405456,213,426,6,4,437,0,0,4094,0,"[3192, 138, 129, 125]",rtl,cf9ae5e72099869d14c86aab19da961035c0e1b69a9b2afc999fb6db63dd9311
4,32,4,0,asymmetric,29,4096,512,3584,3584,3584,0,1.0,622,0.17354910714285715,0.31509318475423675,243,451,6,3,457,0,0,4094,0,"[3184, 120, 143, 137]",rtl,c8586e1039e1640bf76c8113efabe70840bc3e40380c71678d54d72b5c165d96
4,32,4,0,asymmetric,47,4096,512,3584,3584,3584,0,1.0,653,0.18219866071428573,0.31660970921034703,230,452,5,3,456,0,0,4094,0,"[3176, 139, 125, 144]",rtl,f742f3cae2c217fc7b80c2b0097eac8a683eeee563f3604858e80904ba3d9d6f
4,32,4,0,asymmetric,101,4096,512,3584,3584,3584,0,1.0,690,0.19252232142857142,0.31547876229317995,232,443,6,3,450,0,0,4094,0,"[3182, 137, 135, 130]",rtl,bd8a3c2d311219a138d5e1174ce834ad839be4bfb3a81676a5e502a35e30548e
4,32,4,0,asymmetric,211,4096,512,3584,3584,3584,0,1.0,638,0.17801339285714285,0.3139689748675348,232,442,5,3,443,0,0,4094,0,"[3190, 129, 140, 125]",rtl,f277f4caa9624c69d05a4a954eacc14335b6d909e0283eb543867b9c330364c5
4,32,4,0,bursty,11,4096,512,3584,1184,1184,0,0.33035714285714285,147,0.1241554054054054,1.0,3,7,0,0,7,0,0,1344,0,"[296, 296, 296, 296]",rtl,03fa990684a18a921c6c1f959e954506a47fd07aba13ccbb2c0d303bda7257c1
4,32,4,0,bursty,29,4096,512,3584,1184,1184,0,0.33035714285714285,147,0.1241554054054054,1.0,3,7,0,0,7,0,0,1344,0,"[296, 296, 296, 296]",rtl,03fa990684a18a921c6c1f959e954506a47fd07aba13ccbb2c0d303bda7257c1
4,32,4,0,bursty,47,4096,512,3584,1184,1184,0,0.33035714285714285,147,0.1241554054054054,1.0,3,7,0,0,7,0,0,1344,0,"[296, 296, 296, 296]",rtl,03fa990684a18a921c6c1f959e954506a47fd07aba13ccbb2c0d303bda7257c1
4,32,4,0,bursty,101,4096,512,3584,1184,1184,0,0.33035714285714285,147,0.1241554054054054,1.0,3,7,0,0,7,0,0,1344,0,"[296, 296, 296, 296]",rtl,03fa990684a18a921c6c1f959e954506a47fd07aba13ccbb2c0d303bda7257c1
4,32,4,0,bursty,211,4096,512,3584,1184,1184,0,0.33035714285714285,147,0.1241554054054054,1.0,3,7,0,0,7,0,0,1344,0,"[296, 296, 296, 296]",rtl,03fa990684a18a921c6c1f959e954506a47fd07aba13ccbb2c0d303bda7257c1
4,32,4,0,light,11,4096,512,3584,2207,2207,0,0.6157924107142857,1630,0.7385591300407793,0.997790289976557,0,4,7,4,7,0,0,2503,0,"[538, 516, 575, 578]",rtl,34c40c5660786e9392efc1af283ae1355bccb95c85e0c836e17dce7453df813e
4,32,4,0,light,29,4096,512,3584,2177,2177,0,0.607421875,1593,0.731740927882407,0.9992571979897328,0,5,9,5,9,0,0,2485,0,"[564, 553, 528, 532]",rtl,77f76347d1fae648bd6a55bc618e1ed7c9e0a4f5caacd4c5ed47b5100e3e805b
4,32,4,0,light,47,4096,512,3584,2127,2127,0,0.5934709821428571,1570,0.7381288199341796,0.9991406840075795,0,4,8,4,8,0,0,2419,0,"[524, 537, 512, 554]",rtl,d96167decca14c306e2a5addf110e235334d77713b2c4e63a3d1b69151058241
4,32,4,0,light,101,4096,512,3584,2170,2170,0,0.60546875,1575,0.7258064516129032,0.9992725463932052,0,4,7,4,7,0,0,2481,0,"[520, 544, 561, 545]",rtl,f8628aa8ff346905951878826eeec78644435f8b70ce3d594932e8cd62e04b32
4,32,4,0,light,211,4096,512,3584,2109,2109,0,0.5884486607142857,1512,0.716927453769559,0.999918394764316,0,4,10,4,10,0,0,2416,0,"[526, 535, 526, 522]",rtl,7560740a05ef0694b0dba5c7a6bb255a6ee4ee66b65062443c61c313f195df3a
4,32,4,0,phase_change,11,4096,512,3584,3158,3158,0,0.8811383928571429,487,0.15421152628245724,0.947724351006513,0,3,5,3,8,0,0,3605,0,"[469, 900, 911, 878]",rtl,3c0ed513d76d6e9d81ca9138214f2349129e82bf9ce8fdf2ea695522173d494c
4,32,4,0,phase_change,29,4096,512,3584,3149,3149,0,0.8786272321428571,501,0.15909812638932994,0.9520926410760311,0,5,5,3,9,0,0,3589,0,"[483, 917, 882, 867]",rtl,46a3685dcc107660ad77819566f210fea004d8a2e80bcf4543c634e8d357a3fa
4,32,4,0,phase_change,47,4096,512,3584,3175,3175,0,0.8858816964285714,511,0.16094488188976377,0.9568151004916282,0,4,8,3,8,0,0,3607,0,"[502, 884, 904, 885]",rtl,1c860a9618ee4277a84ed28a5e2fff925a78449304da3d76f307ad1f70895c42
4,32,4,0,phase_change,101,4096,512,3584,3160,3160,0,0.8816964285714286,506,0.160126582278481,0.9543791183500451,0,5,8,3,9,0,0,3604,0,"[491, 891, 897, 881]",rtl,a94c25a5a59ef266a3f9e39370717eb030a63269a041c228a89d211a484221a8
4,32,4,0,phase_change,211,4096,512,3584,3119,3119,0,0.8702566964285714,499,0.1599871753767233,0.9570963664390584,0,4,8,3,8,0,0,3558,0,"[494, 880, 880, 865]",rtl,e7b7ec29d0624e68c98898a4bd3a57064f7771823a0a636eb80d3dc2c17fbd26
4,32,4,0,reset_stress,11,4096,512,3584,2329,2329,1227,0.6498325892857143,571,0.24516960068699012,0.9996809788181731,105,212,12,12,218,12798,0,2648,1416,"[596, 587, 578, 568]",rtl,f7231a23ce5cf47b39355cbc7c009eded15963f47611fa526006529fef01fd8f
4,32,4,0,reset_stress,29,4096,512,3584,2296,2296,1260,0.640625,565,0.2460801393728223,0.9991933087080203,105,211,12,12,218,12829,0,2620,1444,"[592, 582, 574, 548]",rtl,16ddce8282bdd34f4c6490cc89b10912be4dd0d578faddc7674ac2264a491e48
4,32,4,0,reset_stress,47,4096,512,3584,2289,2289,1267,0.638671875,564,0.24639580602883354,0.9991024417702663,105,211,12,12,218,12835,0,2606,1458,"[594, 582, 564, 549]",rtl,e43a854edaf43b632eaa50e65b4ce110eef8e47893832d80e6329f5da5c1dcc2
4,32,4,0,reset_stress,101,4096,512,3584,2285,2285,1271,0.6375558035714286,563,0.24638949671772428,0.9993394805725753,106,211,12,12,218,12841,0,2606,1458,"[592, 576, 565, 552]",rtl,894bc7d4af0895e9b59df498d6787e57634b8e6dac24b8ddb90114851eef289e
4,32,4,0,reset_stress,211,4096,512,3584,2298,2298,1258,0.6411830357142857,567,0.24673629242819844,0.9989701580402585,106,212,12,12,218,12823,0,2630,1434,"[595, 588, 567, 548]",rtl,222ff8ff8db73d3c4107db4c0f20a272ad3ec5e73c3ef4980e48de33669e17e7
4,32,4,0,protocol,7,128,0,128,14,14,18,0.109375,6,0.42857142857142855,0.98,5,8,6,5,9,16,0,14,18,"[4, 3, 3, 4]",generic-netlist,a8549acf9221b1060351d9ccace81ee577fc7ec33286c39108bc9e19a0e98cb0
4,32,4,0,sink_stalls,29,4096,512,3584,2319,2319,1265,0.6470424107142857,579,0.24967658473479948,0.9999994421473312,1926,3390,12,12,3433,0,0,2644,1450,"[580, 579, 580, 580]",generic-netlist,8b3c3b3b55c6127a26db80d60c9f6da2580e6ab70cea6b50302ba14db81386a4
4,32,4,0,phase_change,29,4096,512,3584,3149,3149,0,0.8786272321428571,501,0.15909812638932994,0.9520926410760311,0,5,5,3,9,0,0,3589,0,"[483, 917, 882, 867]",generic-netlist,46a3685dcc107660ad77819566f210fea004d8a2e80bcf4543c634e8d357a3fa
4,16,2,0,protocol,7,128,0,128,14,14,18,0.109375,6,0.42857142857142855,0.98,5,8,6,5,9,16,0,14,18,"[4, 3, 3, 4]",rtl,fa25b6b6224eb5ade48e81eb7539fb183d3ed213f09d0712b7f217e7504e19dc
4,16,2,0,saturated,11,4096,512,3584,3584,3584,0,1.0,1791,0.49972098214285715,1.0,1726,3042,6,6,3071,0,0,4094,0,"[896, 896, 896, 896]",rtl,df152fdb940bdf083ce47fa7a3276b458b95bb48f566d86bed617ca2c16608b1
4,16,2,0,saturated,29,4096,512,3584,3584,3584,0,1.0,1791,0.49972098214285715,1.0,1726,3042,6,6,3071,0,0,4094,0,"[896, 896, 896, 896]",rtl,df152fdb940bdf083ce47fa7a3276b458b95bb48f566d86bed617ca2c16608b1
4,16,2,0,saturated,47,4096,512,3584,3584,3584,0,1.0,1791,0.49972098214285715,1.0,1726,3042,6,6,3071,0,0,4094,0,"[896, 896, 896, 896]",rtl,df152fdb940bdf083ce47fa7a3276b458b95bb48f566d86bed617ca2c16608b1
4,16,2,0,saturated,101,4096,512,3584,3584,3584,0,1.0,1791,0.49972098214285715,1.0,1726,3042,6,6,3071,0,0,4094,0,"[896, 896, 896, 896]",rtl,df152fdb940bdf083ce47fa7a3276b458b95bb48f566d86bed617ca2c16608b1
4,16,2,0,saturated,211,4096,512,3584,3584,3584,0,1.0,1791,0.49972098214285715,1.0,1726,3042,6,6,3071,0,0,4094,0,"[896, 896, 896, 896]",rtl,df152fdb940bdf083ce47fa7a3276b458b95bb48f566d86bed617ca2c16608b1
4,16,2,0,sink_stalls,11,4096,512,3584,2354,2354,1230,0.6568080357142857,1177,0.5,0.9999992781503324,1909,3388,6,6,3425,0,0,2673,1421,"[589, 588, 588, 589]",rtl,46c01872e4da5d761bdc8186a2e5a3184f2378bbafb3bcaa9e19dcf5bc671b79
4,16,2,0,sink_stalls,29,4096,512,3584,2319,2319,1265,0.6470424107142857,1159,0.49978438982319967,0.9999994421473312,1924,3390,6,6,3433,0,0,2644,1450,"[580, 580, 579, 580]",rtl,c6d14d542a7dc1965e47bad1607462da841a12788a86dbb5acbf9f74ba9f176f
4,16,2,0,sink_stalls,47,4096,512,3584,2310,2310,1274,0.64453125,1155,0.5,0.9999992503894227,1915,3391,6,6,3437,0,0,2629,1465,"[578, 578, 577, 577]",rtl,a3698d4b43add284290fff915c4b73a38e53a75d62dfeb434a0f1d2bceb66f4e
4,16,2,0,sink_stalls,101,4096,512,3584,2306,2306,1278,0.6434151785714286,1152,0.49956634865568084,0.9999977433632312,1952,3393,6,6,3437,0,0,2628,1466,"[576, 578, 576, 576]",rtl,ec1bb294b6bcc30e50c1ec2e8aad886fcea796a8ee8a1fd109c414aa508358a9
4,16,2,0,sink_stalls,211,4096,512,3584,2321,2321,1263,0.6476004464285714,1160,0.4997845756139595,0.9999994431083169,1952,3391,6,6,3430,0,0,2655,1439,"[580, 580, 580, 581]",rtl,468f951c96d48aad051e4fb3e097ba8383fd02d69c131a3742c77236423d4698
4,16,2,0,asymmetric,11,4096,512,3584,3584,3584,0,1.0,703,0.19614955357142858,0.3135946713405456,214,426,4,2,437,0,0,4094,0,"[3192, 138, 129, 125]",rtl,f13f731e4bc440f5e0fb2e8247db8fceef22a2eb2ed2f6ab71a0131a2074ec71
4,16,2,0,asymmetric,29,4096,512,3584,3584,3584,0,1.0,692,0.19308035714285715,0.31509318475423675,243,451,5,2,457,0,0,4094,0,"[3184, 120, 143, 137]",rtl,6bf967cc3f4bc726ed110ffa7cdad69aff2279de4c01f5d6dbca764e3a6fc457
4,16,2,0,asymmetric,47,4096,512,3584,3584,3584,0,1.0,696,0.19419642857142858,0.31660970921034703,230,452,4,2,456,0,0,4094,0,"[3176, 139, 125, 144]",rtl,6f70fe8bbddc6e67a5e01b963c598a8a826790d0cf2e298dff443abbcb0e1418
4,16,2,0,asymmetric,101,4096,512,3584,3584,3584,0,1.0,727,0.20284598214285715,0.31547876229317995,232,443,4,2,450,0,0,4094,0,"[3182, 137, 135, 130]",rtl,67af7f559d8aa6892a0af8c1bc2ccb2bfc586b8f2410b4b3621e6ff7e1e1e688
4,16,2,0,asymmetric,211,4096,512,3584,3584,3584,0,1.0,709,0.19782366071428573,0.3139689748675348,233,442,4,2,443,0,0,4094,0,"[3190, 129, 140, 125]",rtl,79c23b0bef0a1be4d0c43910e9a8794715fb5046483a5f6f47ced41e56191ff4
4,16,2,0,bursty,11,4096,512,3584,1184,1184,0,0.33035714285714285,147,0.1241554054054054,1.0,3,7,0,0,7,0,0,1344,0,"[296, 296, 296, 296]",rtl,2a33e2174299bb6078ece59972943714bb6d28ee00adcab1471435d1b0a8b5d1
4,16,2,0,bursty,29,4096,512,3584,1184,1184,0,0.33035714285714285,147,0.1241554054054054,1.0,3,7,0,0,7,0,0,1344,0,"[296, 296, 296, 296]",rtl,2a33e2174299bb6078ece59972943714bb6d28ee00adcab1471435d1b0a8b5d1
4,16,2,0,bursty,47,4096,512,3584,1184,1184,0,0.33035714285714285,147,0.1241554054054054,1.0,3,7,0,0,7,0,0,1344,0,"[296, 296, 296, 296]",rtl,2a33e2174299bb6078ece59972943714bb6d28ee00adcab1471435d1b0a8b5d1
4,16,2,0,bursty,101,4096,512,3584,1184,1184,0,0.33035714285714285,147,0.1241554054054054,1.0,3,7,0,0,7,0,0,1344,0,"[296, 296, 296, 296]",rtl,2a33e2174299bb6078ece59972943714bb6d28ee00adcab1471435d1b0a8b5d1
4,16,2,0,bursty,211,4096,512,3584,1184,1184,0,0.33035714285714285,147,0.1241554054054054,1.0,3,7,0,0,7,0,0,1344,0,"[296, 296, 296, 296]",rtl,2a33e2174299bb6078ece59972943714bb6d28ee00adcab1471435d1b0a8b5d1
4,16,2,0,light,11,4096,512,3584,2207,2207,0,0.6157924107142857,1690,0.7657453556864522,0.997790289976557,0,4,4,4,7,0,0,2503,0,"[538, 516, 575, 578]",rtl,f39981fee0bca4fc18b3e062e1551107f503934ca1aa777df1b0c880cde4c7dd
4,16,2,0,light,29,4096,512,3584,2177,2177,0,0.607421875,1645,0.7556270096463023,0.9993161938290025,0,5,6,4,8,0,0,2485,0,"[563, 553, 529, 532]",rtl,eb14f51d63f937ffdb59059924e80cbc4166f82a98c220270162995fb43da4a2
4,16,2,0,light,47,4096,512,3584,2127,2127,0,0.5934709821428571,1621,0.7621062529384109,0.9991406840075795,0,4,6,4,10,0,0,2419,0,"[524, 537, 512, 554]",rtl,eeaff0d5b06188a133731d316f49ecbcc773edbdf292a7bcc53ded86ba668829
4,16,2,0,light,101,4096,512,3584,2170,2170,0,0.60546875,1637,0.7543778801843318,0.9992725463932052,0,4,5,4,7,0,0,2481,0,"[520, 544, 561, 545]",rtl,07f84f7463abfb3156d706281b74da62da607f6667cb09d308b09f064a9ebe02
4,16,2,0,light,211,4096,512,3584,2109,2109,0,0.5884486607142857,1561,0.7401612138454243,0.999918394764316,0,4,6,4,12,0,0,2416,0,"[526, 535, 526, 522]",rtl,64e9da8ec894658f3ac7c57eb4b9937bb5b22d3973e4ad9c66a7feb93f16767a
4,16,2,0,phase_change,11,4096,512,3584,3158,3158,0,0.8811383928571429,505,0.15991133628879037,0.947724351006513,0,3,3,1,8,0,0,3605,0,"[469, 900, 911, 878]",rtl,4fb00a9c6236469a78bb9acb2a15b7ab9aa968f924471d7654d8e3a070f84c1d
4,16,2,0,phase_change,29,4096,512,3584,3149,3149,0,0.8786272321428571,536,0.1702127659574468,0.9523728162426408,0,5,3,2,9,0,0,3589,0,"[484, 917, 882, 866]",rtl,420333c80e584176738daba60f1b28f7c5854c6047fb9f075e23b3f9be9cffdd
4,16,2,0,phase_change,47,4096,512,3584,3175,3175,0,0.8858816964285714,531,0.16724409448818897,0.9568151004916282,0,4,3,2,9,0,0,3607,0,"[502, 884, 904, 885]",rtl,41e4838eb10d0ca985d1ff9a44637124af92a50554964c0a5322a2cd5092d781
4,16,2,0,phase_change,101,4096,512,3584,3160,3160,0,0.8816964285714286,533,0.16867088607594938,0.9543791183500451,0,5,5,2,9,0,0,3604,0,"[491, 891, 897, 881]",rtl,6af7fd78c678c51962e643f449692d37b7fb3b80a10c635d24456db25ad5d692
4,16,2,0,phase_change,211,4096,512,3584,3119,3119,0,0.8702566964285714,522,0.16736133376082077,0.9576760084472556,0,4,3,2,7,0,0,3558,0,"[496, 879, 879, 865]",rtl,d18d19687c6487ce96af62e6dbb30e67ea5ebdf706ef0e315354c63de777aac9
4,16,2,0,reset_stress,11,4096,512,3584,2329,2329,1227,0.6498325892857143,1150,0.49377415199656505,0.9998903192649511,106,211,6,6,218,12798,0,2648,1416,"[590, 584, 582, 573]",rtl,b70517b2965199b6d6444e5d551bf52c2d4ba1243cdee658944080d96312bd8d
4,16,2,0,reset_stress,29,4096,512,3584,2296,2296,1260,0.640625,1137,0.4952090592334495,0.9997238801214927,105,210,6,6,216,12829,0,2620,1444,"[587, 579, 567, 563]",rtl,bf4eaf2c0abe2162249adcae49da94e08e8fe433e451cb51813b40abbd3e7076
4,16,2,0,reset_stress,47,4096,512,3584,2289,2289,1267,0.638671875,1133,0.4949759720401922,0.999817764645807,106,211,6,6,218,12835,0,2606,1458,"[583, 575, 569, 562]",rtl,e11ade292a1b731a3fcedbd5336e43e11a1a1d4f578a714c32f719f9b304076a
4,16,2,0,reset_stress,101,4096,512,3584,2285,2285,1271,0.6375558035714286,1131,0.4949671772428884,0.9997650528908643,106,211,6,6,218,12841,0,2606,1458,"[582, 575, 570, 558]",rtl,4da3efce904ac6117eb36ee88ea1a032322840292db956659f01f0a59ea890c0
4,16,2,0,reset_stress,211,4096,512,3584,2298,2298,1258,0.6411830357142857,1137,0.49477806788511747,0.999796284656221,106,212,6,6,218,12823,0,2630,1434,"[586, 576, 573, 563]",rtl,383408027b20c1e997b4e659ca4da709cb21ad97babd5b1eeaf2381c9e6986ee
4,16,2,0,protocol,7,128,0,128,14,14,18,0.109375,6,0.42857142857142855,0.98,5,8,6,5,9,16,0,14,18,"[4, 3, 3, 4]",generic-netlist,fa25b6b6224eb5ade48e81eb7539fb183d3ed213f09d0712b7f217e7504e19dc
4,16,2,0,sink_stalls,29,4096,512,3584,2319,2319,1265,0.6470424107142857,1159,0.49978438982319967,0.9999994421473312,1924,3390,6,6,3433,0,0,2644,1450,"[580, 580, 579, 580]",generic-netlist,c6d14d542a7dc1965e47bad1607462da841a12788a86dbb5acbf9f74ba9f176f
4,16,2,0,phase_change,29,4096,512,3584,3149,3149,0,0.8786272321428571,536,0.1702127659574468,0.9523728162426408,0,5,3,2,9,0,0,3589,0,"[484, 917, 882, 866]",generic-netlist,420333c80e584176738daba60f1b28f7c5854c6047fb9f075e23b3f9be9cffdd
