=== n1_w16_fixed protocol seed=7 flow=rtl cycles=128 warmup=0 ===
PASS cycles=128 fires=5 stalls=18 eval_fires=5 switches=0 wait_max=0
SERVICE 5
tb/check_vectors.sv:91: $finish called at 1285 (1s)

=== n1_w16_fixed saturated seed=11 flow=rtl cycles=4096 warmup=512 ===
PASS cycles=4096 fires=4094 stalls=0 eval_fires=3584 switches=0 wait_max=0
SERVICE 3584
tb/check_vectors.sv:91: $finish called at 40965 (1s)

=== n1_w16_fixed saturated seed=29 flow=rtl cycles=4096 warmup=512 ===
PASS cycles=4096 fires=4094 stalls=0 eval_fires=3584 switches=0 wait_max=0
SERVICE 3584
tb/check_vectors.sv:91: $finish called at 40965 (1s)

=== n1_w16_fixed saturated seed=47 flow=rtl cycles=4096 warmup=512 ===
PASS cycles=4096 fires=4094 stalls=0 eval_fires=3584 switches=0 wait_max=0
SERVICE 3584
tb/check_vectors.sv:91: $finish called at 40965 (1s)

=== n1_w16_fixed saturated seed=101 flow=rtl cycles=4096 warmup=512 ===
PASS cycles=4096 fires=4094 stalls=0 eval_fires=3584 switches=0 wait_max=0
SERVICE 3584
tb/check_vectors.sv:91: $finish called at 40965 (1s)

=== n1_w16_fixed saturated seed=211 flow=rtl cycles=4096 warmup=512 ===
PASS cycles=4096 fires=4094 stalls=0 eval_fires=3584 switches=0 wait_max=0
SERVICE 3584
tb/check_vectors.sv:91: $finish called at 40965 (1s)

=== n1_w16_fixed sink_stalls seed=11 flow=rtl cycles=4096 warmup=512 ===
PASS cycles=4096 fires=2673 stalls=1421 eval_fires=2354 switches=0 wait_max=0
SERVICE 2354
tb/check_vectors.sv:91: $finish called at 40965 (1s)

=== n1_w16_fixed sink_stalls seed=29 flow=rtl cycles=4096 warmup=512 ===
PASS cycles=4096 fires=2644 stalls=1450 eval_fires=2319 switches=0 wait_max=0
SERVICE 2319
tb/check_vectors.sv:91: $finish called at 40965 (1s)

=== n1_w16_fixed sink_stalls seed=47 flow=rtl cycles=4096 warmup=512 ===
PASS cycles=4096 fires=2629 stalls=1465 eval_fires=2310 switches=0 wait_max=0
SERVICE 2310
tb/check_vectors.sv:91: $finish called at 40965 (1s)

=== n1_w16_fixed sink_stalls seed=101 flow=rtl cycles=4096 warmup=512 ===
PASS cycles=4096 fires=2628 stalls=1466 eval_fires=2306 switches=0 wait_max=0
SERVICE 2306
tb/check_vectors.sv:91: $finish called at 40965 (1s)

=== n1_w16_fixed sink_stalls seed=211 flow=rtl cycles=4096 warmup=512 ===
PASS cycles=4096 fires=2655 stalls=1439 eval_fires=2321 switches=0 wait_max=0
SERVICE 2321
tb/check_vectors.sv:91: $finish called at 40965 (1s)

=== n1_w16_fixed asymmetric seed=11 flow=rtl cycles=4096 warmup=512 ===
PASS cycles=4096 fires=4094 stalls=0 eval_fires=3584 switches=0 wait_max=0
SERVICE 3584
tb/check_vectors.sv:91: $finish called at 40965 (1s)

=== n1_w16_fixed asymmetric seed=29 flow=rtl cycles=4096 warmup=512 ===
PASS cycles=4096 fires=4094 stalls=0 eval_fires=3584 switches=0 wait_max=0
SERVICE 3584
tb/check_vectors.sv:91: $finish called at 40965 (1s)

=== n1_w16_fixed asymmetric seed=47 flow=rtl cycles=4096 warmup=512 ===
PASS cycles=4096 fires=4094 stalls=0 eval_fires=3584 switches=0 wait_max=0
SERVICE 3584
tb/check_vectors.sv:91: $finish called at 40965 (1s)

=== n1_w16_fixed asymmetric seed=101 flow=rtl cycles=4096 warmup=512 ===
PASS cycles=4096 fires=4094 stalls=0 eval_fires=3584 switches=0 wait_max=0
SERVICE 3584
tb/check_vectors.sv:91: $finish called at 40965 (1s)

=== n1_w16_fixed asymmetric seed=211 flow=rtl cycles=4096 warmup=512 ===
PASS cycles=4096 fires=4094 stalls=0 eval_fires=3584 switches=0 wait_max=0
SERVICE 3584
tb/check_vectors.sv:91: $finish called at 40965 (1s)

=== n1_w16_fixed bursty seed=11 flow=rtl cycles=4096 warmup=512 ===
PASS cycles=4096 fires=336 stalls=0 eval_fires=296 switches=0 wait_max=0
SERVICE 296
tb/check_vectors.sv:91: $finish called at 40965 (1s)

=== n1_w16_fixed bursty seed=29 flow=rtl cycles=4096 warmup=512 ===
PASS cycles=4096 fires=336 stalls=0 eval_fires=296 switches=0 wait_max=0
SERVICE 296
tb/check_vectors.sv:91: $finish called at 40965 (1s)

=== n1_w16_fixed bursty seed=47 flow=rtl cycles=4096 warmup=512 ===
PASS cycles=4096 fires=336 stalls=0 eval_fires=296 switches=0 wait_max=0
SERVICE 296
tb/check_vectors.sv:91: $finish called at 40965 (1s)

=== n1_w16_fixed bursty seed=101 flow=rtl cycles=4096 warmup=512 ===
PASS cycles=4096 fires=336 stalls=0 eval_fires=296 switches=0 wait_max=0
SERVICE 296
tb/check_vectors.sv:91: $finish called at 40965 (1s)

=== n1_w16_fixed bursty seed=211 flow=rtl cycles=4096 warmup=512 ===
PASS cycles=4096 fires=336 stalls=0 eval_fires=296 switches=0 wait_max=0
SERVICE 296
tb/check_vectors.sv:91: $finish called at 40965 (1s)

=== n1_w16_fixed light seed=11 flow=rtl cycles=4096 warmup=512 ===
PASS cycles=4096 fires=2477 stalls=0 eval_fires=2188 switches=0 wait_max=0
SERVICE 2188
tb/check_vectors.sv:91: $finish called at 40965 (1s)

=== n1_w16_fixed light seed=29 flow=rtl cycles=4096 warmup=512 ===
PASS cycles=4096 fires=2433 stalls=0 eval_fires=2136 switches=0 wait_max=0
SERVICE 2136
tb/check_vectors.sv:91: $finish called at 40965 (1s)

=== n1_w16_fixed light seed=47 flow=rtl cycles=4096 warmup=512 ===
PASS cycles=4096 fires=2452 stalls=0 eval_fires=2148 switches=0 wait_max=0
SERVICE 2148
tb/check_vectors.sv:91: $finish called at 40965 (1s)

=== n1_w16_fixed light seed=101 flow=rtl cycles=4096 warmup=512 ===
PASS cycles=4096 fires=2413 stalls=0 eval_fires=2117 switches=0 wait_max=0
SERVICE 2117
tb/check_vectors.sv:91: $finish called at 40965 (1s)

=== n1_w16_fixed light seed=211 flow=rtl cycles=4096 warmup=512 ===
PASS cycles=4096 fires=2475 stalls=0 eval_fires=2180 switches=0 wait_max=0
SERVICE 2180
tb/check_vectors.sv:91: $finish called at 40965 (1s)

=== n1_w16_fixed phase_change seed=11 flow=rtl cycles=4096 warmup=512 ===
PASS cycles=4096 fires=3292 stalls=0 eval_fires=2893 switches=0 wait_max=0
SERVICE 2893
tb/check_vectors.sv:91: $finish called at 40965 (1s)

=== n1_w16_fixed phase_change seed=29 flow=rtl cycles=4096 warmup=512 ===
PASS cycles=4096 fires=3256 stalls=0 eval_fires=2843 switches=0 wait_max=0
SERVICE 2843
tb/check_vectors.sv:91: $finish called at 40965 (1s)

=== n1_w16_fixed phase_change seed=47 flow=rtl cycles=4096 warmup=512 ===
PASS cycles=4096 fires=3281 stalls=0 eval_fires=2876 switches=0 wait_max=0
SERVICE 2876
tb/check_vectors.sv:91: $finish called at 40965 (1s)

=== n1_w16_fixed phase_change seed=101 flow=rtl cycles=4096 warmup=512 ===
PASS cycles=4096 fires=3284 stalls=0 eval_fires=2879 switches=0 wait_max=0
SERVICE 2879
tb/check_vectors.sv:91: $finish called at 40965 (1s)

=== n1_w16_fixed phase_change seed=211 flow=rtl cycles=4096 warmup=512 ===
PASS cycles=4096 fires=3283 stalls=0 eval_fires=2870 switches=0 wait_max=0
SERVICE 2870
tb/check_vectors.sv:91: $finish called at 40965 (1s)

=== n1_w16_fixed reset_stress seed=11 flow=rtl cycles=4096 warmup=512 ===
PASS cycles=4096 fires=2648 stalls=1416 eval_fires=2329 switches=0 wait_max=0
SERVICE 2329
tb/check_vectors.sv:91: $finish called at 40965 (1s)

=== n1_w16_fixed reset_stress seed=29 flow=rtl cycles=4096 warmup=512 ===
PASS cycles=4096 fires=2620 stalls=1444 eval_fires=2296 switches=0 wait_max=0
SERVICE 2296
tb/check_vectors.sv:91: $finish called at 40965 (1s)

=== n1_w16_fixed reset_stress seed=47 flow=rtl cycles=4096 warmup=512 ===
PASS cycles=4096 fires=2606 stalls=1458 eval_fires=2289 switches=0 wait_max=0
SERVICE 2289
tb/check_vectors.sv:91: $finish called at 40965 (1s)

=== n1_w16_fixed reset_stress seed=101 flow=rtl cycles=4096 warmup=512 ===
PASS cycles=4096 fires=2606 stalls=1458 eval_fires=2285 switches=0 wait_max=0
SERVICE 2285
tb/check_vectors.sv:91: $finish called at 40965 (1s)

=== n1_w16_fixed reset_stress seed=211 flow=rtl cycles=4096 warmup=512 ===
PASS cycles=4096 fires=2630 stalls=1434 eval_fires=2298 switches=0 wait_max=0
SERVICE 2298
tb/check_vectors.sv:91: $finish called at 40965 (1s)

=== n1_w16_fixed protocol seed=7 flow=generic-netlist cycles=128 warmup=0 ===
PASS cycles=128 fires=5 stalls=18 eval_fires=5 switches=0 wait_max=0
SERVICE 5
tb/check_vectors.sv:91: $finish called at 1285 (1s)

=== n1_w16_fixed sink_stalls seed=29 flow=generic-netlist cycles=4096 warmup=512 ===
PASS cycles=4096 fires=2644 stalls=1450 eval_fires=2319 switches=0 wait_max=0
SERVICE 2319
tb/check_vectors.sv:91: $finish called at 40965 (1s)

=== n1_w16_fixed phase_change seed=29 flow=generic-netlist cycles=4096 warmup=512 ===
PASS cycles=4096 fires=3256 stalls=0 eval_fires=2843 switches=0 wait_max=0
SERVICE 2843
tb/check_vectors.sv:91: $finish called at 40965 (1s)

=== n1_w16_q1 protocol seed=7 flow=rtl cycles=128 warmup=0 ===
PASS cycles=128 fires=5 stalls=18 eval_fires=5 switches=0 wait_max=0
SERVICE 5
tb/check_vectors.sv:91: $finish called at 1285 (1s)

=== n1_w16_q1 saturated seed=11 flow=rtl cycles=4096 warmup=512 ===
PASS cycles=4096 fires=4094 stalls=0 eval_fires=3584 switches=0 wait_max=0
SERVICE 3584
tb/check_vectors.sv:91: $finish called at 40965 (1s)

=== n1_w16_q1 saturated seed=29 flow=rtl cycles=4096 warmup=512 ===
PASS cycles=4096 fires=4094 stalls=0 eval_fires=3584 switches=0 wait_max=0
SERVICE 3584
tb/check_vectors.sv:91: $finish called at 40965 (1s)

=== n1_w16_q1 saturated seed=47 flow=rtl cycles=4096 warmup=512 ===
PASS cycles=4096 fires=4094 stalls=0 eval_fires=3584 switches=0 wait_max=0
SERVICE 3584
tb/check_vectors.sv:91: $finish called at 40965 (1s)

=== n1_w16_q1 saturated seed=101 flow=rtl cycles=4096 warmup=512 ===
PASS cycles=4096 fires=4094 stalls=0 eval_fires=3584 switches=0 wait_max=0
SERVICE 3584
tb/check_vectors.sv:91: $finish called at 40965 (1s)

=== n1_w16_q1 saturated seed=211 flow=rtl cycles=4096 warmup=512 ===
PASS cycles=4096 fires=4094 stalls=0 eval_fires=3584 switches=0 wait_max=0
SERVICE 3584
tb/check_vectors.sv:91: $finish called at 40965 (1s)

=== n1_w16_q1 sink_stalls seed=11 flow=rtl cycles=4096 warmup=512 ===
PASS cycles=4096 fires=2673 stalls=1421 eval_fires=2354 switches=0 wait_max=0
SERVICE 2354
tb/check_vectors.sv:91: $finish called at 40965 (1s)

=== n1_w16_q1 sink_stalls seed=29 flow=rtl cycles=4096 warmup=512 ===
PASS cycles=4096 fires=2644 stalls=1450 eval_fires=2319 switches=0 wait_max=0
SERVICE 2319
tb/check_vectors.sv:91: $finish called at 40965 (1s)

=== n1_w16_q1 sink_stalls seed=47 flow=rtl cycles=4096 warmup=512 ===
PASS cycles=4096 fires=2629 stalls=1465 eval_fires=2310 switches=0 wait_max=0
SERVICE 2310
tb/check_vectors.sv:91: $finish called at 40965 (1s)

=== n1_w16_q1 sink_stalls seed=101 flow=rtl cycles=4096 warmup=512 ===
PASS cycles=4096 fires=2628 stalls=1466 eval_fires=2306 switches=0 wait_max=0
SERVICE 2306
tb/check_vectors.sv:91: $finish called at 40965 (1s)

=== n1_w16_q1 sink_stalls seed=211 flow=rtl cycles=4096 warmup=512 ===
PASS cycles=4096 fires=2655 stalls=1439 eval_fires=2321 switches=0 wait_max=0
SERVICE 2321
tb/check_vectors.sv:91: $finish called at 40965 (1s)

=== n1_w16_q1 asymmetric seed=11 flow=rtl cycles=4096 warmup=512 ===
PASS cycles=4096 fires=4094 stalls=0 eval_fires=3584 switches=0 wait_max=0
SERVICE 3584
tb/check_vectors.sv:91: $finish called at 40965 (1s)

=== n1_w16_q1 asymmetric seed=29 flow=rtl cycles=4096 warmup=512 ===
PASS cycles=4096 fires=4094 stalls=0 eval_fires=3584 switches=0 wait_max=0
SERVICE 3584
tb/check_vectors.sv:91: $finish called at 40965 (1s)

=== n1_w16_q1 asymmetric seed=47 flow=rtl cycles=4096 warmup=512 ===
PASS cycles=4096 fires=4094 stalls=0 eval_fires=3584 switches=0 wait_max=0
SERVICE 3584
tb/check_vectors.sv:91: $finish called at 40965 (1s)

=== n1_w16_q1 asymmetric seed=101 flow=rtl cycles=4096 warmup=512 ===
PASS cycles=4096 fires=4094 stalls=0 eval_fires=3584 switches=0 wait_max=0
SERVICE 3584
tb/check_vectors.sv:91: $finish called at 40965 (1s)

=== n1_w16_q1 asymmetric seed=211 flow=rtl cycles=4096 warmup=512 ===
PASS cycles=4096 fires=4094 stalls=0 eval_fires=3584 switches=0 wait_max=0
SERVICE 3584
tb/check_vectors.sv:91: $finish called at 40965 (1s)

=== n1_w16_q1 bursty seed=11 flow=rtl cycles=4096 warmup=512 ===
PASS cycles=4096 fires=336 stalls=0 eval_fires=296 switches=0 wait_max=0
SERVICE 296
tb/check_vectors.sv:91: $finish called at 40965 (1s)

=== n1_w16_q1 bursty seed=29 flow=rtl cycles=4096 warmup=512 ===
PASS cycles=4096 fires=336 stalls=0 eval_fires=296 switches=0 wait_max=0
SERVICE 296
tb/check_vectors.sv:91: $finish called at 40965 (1s)

=== n1_w16_q1 bursty seed=47 flow=rtl cycles=4096 warmup=512 ===
PASS cycles=4096 fires=336 stalls=0 eval_fires=296 switches=0 wait_max=0
SERVICE 296
tb/check_vectors.sv:91: $finish called at 40965 (1s)

=== n1_w16_q1 bursty seed=101 flow=rtl cycles=4096 warmup=512 ===
PASS cycles=4096 fires=336 stalls=0 eval_fires=296 switches=0 wait_max=0
SERVICE 296
tb/check_vectors.sv:91: $finish called at 40965 (1s)

=== n1_w16_q1 bursty seed=211 flow=rtl cycles=4096 warmup=512 ===
PASS cycles=4096 fires=336 stalls=0 eval_fires=296 switches=0 wait_max=0
SERVICE 296
tb/check_vectors.sv:91: $finish called at 40965 (1s)

=== n1_w16_q1 light seed=11 flow=rtl cycles=4096 warmup=512 ===
PASS cycles=4096 fires=2477 stalls=0 eval_fires=2188 switches=0 wait_max=0
SERVICE 2188
tb/check_vectors.sv:91: $finish called at 40965 (1s)

=== n1_w16_q1 light seed=29 flow=rtl cycles=4096 warmup=512 ===
PASS cycles=4096 fires=2433 stalls=0 eval_fires=2136 switches=0 wait_max=0
SERVICE 2136
tb/check_vectors.sv:91: $finish called at 40965 (1s)

=== n1_w16_q1 light seed=47 flow=rtl cycles=4096 warmup=512 ===
PASS cycles=4096 fires=2452 stalls=0 eval_fires=2148 switches=0 wait_max=0
SERVICE 2148
tb/check_vectors.sv:91: $finish called at 40965 (1s)

=== n1_w16_q1 light seed=101 flow=rtl cycles=4096 warmup=512 ===
PASS cycles=4096 fires=2413 stalls=0 eval_fires=2117 switches=0 wait_max=0
SERVICE 2117
tb/check_vectors.sv:91: $finish called at 40965 (1s)

=== n1_w16_q1 light seed=211 flow=rtl cycles=4096 warmup=512 ===
PASS cycles=4096 fires=2475 stalls=0 eval_fires=2180 switches=0 wait_max=0
SERVICE 2180
tb/check_vectors.sv:91: $finish called at 40965 (1s)

=== n1_w16_q1 phase_change seed=11 flow=rtl cycles=4096 warmup=512 ===
PASS cycles=4096 fires=3292 stalls=0 eval_fires=2893 switches=0 wait_max=0
SERVICE 2893
tb/check_vectors.sv:91: $finish called at 40965 (1s)

=== n1_w16_q1 phase_change seed=29 flow=rtl cycles=4096 warmup=512 ===
PASS cycles=4096 fires=3256 stalls=0 eval_fires=2843 switches=0 wait_max=0
SERVICE 2843
tb/check_vectors.sv:91: $finish called at 40965 (1s)

=== n1_w16_q1 phase_change seed=47 flow=rtl cycles=4096 warmup=512 ===
PASS cycles=4096 fires=3281 stalls=0 eval_fires=2876 switches=0 wait_max=0
SERVICE 2876
tb/check_vectors.sv:91: $finish called at 40965 (1s)

=== n1_w16_q1 phase_change seed=101 flow=rtl cycles=4096 warmup=512 ===
PASS cycles=4096 fires=3284 stalls=0 eval_fires=2879 switches=0 wait_max=0
SERVICE 2879
tb/check_vectors.sv:91: $finish called at 40965 (1s)

=== n1_w16_q1 phase_change seed=211 flow=rtl cycles=4096 warmup=512 ===
PASS cycles=4096 fires=3283 stalls=0 eval_fires=2870 switches=0 wait_max=0
SERVICE 2870
tb/check_vectors.sv:91: $finish called at 40965 (1s)

=== n1_w16_q1 reset_stress seed=11 flow=rtl cycles=4096 warmup=512 ===
PASS cycles=4096 fires=2648 stalls=1416 eval_fires=2329 switches=0 wait_max=0
SERVICE 2329
tb/check_vectors.sv:91: $finish called at 40965 (1s)

=== n1_w16_q1 reset_stress seed=29 flow=rtl cycles=4096 warmup=512 ===
PASS cycles=4096 fires=2620 stalls=1444 eval_fires=2296 switches=0 wait_max=0
SERVICE 2296
tb/check_vectors.sv:91: $finish called at 40965 (1s)

=== n1_w16_q1 reset_stress seed=47 flow=rtl cycles=4096 warmup=512 ===
PASS cycles=4096 fires=2606 stalls=1458 eval_fires=2289 switches=0 wait_max=0
SERVICE 2289
tb/check_vectors.sv:91: $finish called at 40965 (1s)

=== n1_w16_q1 reset_stress seed=101 flow=rtl cycles=4096 warmup=512 ===
PASS cycles=4096 fires=2606 stalls=1458 eval_fires=2285 switches=0 wait_max=0
SERVICE 2285
tb/check_vectors.sv:91: $finish called at 40965 (1s)

=== n1_w16_q1 reset_stress seed=211 flow=rtl cycles=4096 warmup=512 ===
PASS cycles=4096 fires=2630 stalls=1434 eval_fires=2298 switches=0 wait_max=0
SERVICE 2298
tb/check_vectors.sv:91: $finish called at 40965 (1s)

=== n1_w16_q1 protocol seed=7 flow=generic-netlist cycles=128 warmup=0 ===
PASS cycles=128 fires=5 stalls=18 eval_fires=5 switches=0 wait_max=0
SERVICE 5
tb/check_vectors.sv:91: $finish called at 1285 (1s)

=== n1_w16_q1 sink_stalls seed=29 flow=generic-netlist cycles=4096 warmup=512 ===
PASS cycles=4096 fires=2644 stalls=1450 eval_fires=2319 switches=0 wait_max=0
SERVICE 2319
tb/check_vectors.sv:91: $finish called at 40965 (1s)

=== n1_w16_q1 phase_change seed=29 flow=generic-netlist cycles=4096 warmup=512 ===
PASS cycles=4096 fires=3256 stalls=0 eval_fires=2843 switches=0 wait_max=0
SERVICE 2843
tb/check_vectors.sv:91: $finish called at 40965 (1s)

=== n1_w16_q4 protocol seed=7 flow=rtl cycles=128 warmup=0 ===
PASS cycles=128 fires=5 stalls=18 eval_fires=5 switches=0 wait_max=0
SERVICE 5
tb/check_vectors.sv:91: $finish called at 1285 (1s)

=== n1_w16_q4 saturated seed=11 flow=rtl cycles=4096 warmup=512 ===
PASS cycles=4096 fires=4094 stalls=0 eval_fires=3584 switches=0 wait_max=0
SERVICE 3584
tb/check_vectors.sv:91: $finish called at 40965 (1s)

=== n1_w16_q4 saturated seed=29 flow=rtl cycles=4096 warmup=512 ===
PASS cycles=4096 fires=4094 stalls=0 eval_fires=3584 switches=0 wait_max=0
SERVICE 3584
tb/check_vectors.sv:91: $finish called at 40965 (1s)

=== n1_w16_q4 saturated seed=47 flow=rtl cycles=4096 warmup=512 ===
PASS cycles=4096 fires=4094 stalls=0 eval_fires=3584 switches=0 wait_max=0
SERVICE 3584
tb/check_vectors.sv:91: $finish called at 40965 (1s)

=== n1_w16_q4 saturated seed=101 flow=rtl cycles=4096 warmup=512 ===
PASS cycles=4096 fires=4094 stalls=0 eval_fires=3584 switches=0 wait_max=0
SERVICE 3584
tb/check_vectors.sv:91: $finish called at 40965 (1s)

=== n1_w16_q4 saturated seed=211 flow=rtl cycles=4096 warmup=512 ===
PASS cycles=4096 fires=4094 stalls=0 eval_fires=3584 switches=0 wait_max=0
SERVICE 3584
tb/check_vectors.sv:91: $finish called at 40965 (1s)

=== n1_w16_q4 sink_stalls seed=11 flow=rtl cycles=4096 warmup=512 ===
PASS cycles=4096 fires=2673 stalls=1421 eval_fires=2354 switches=0 wait_max=0
SERVICE 2354
tb/check_vectors.sv:91: $finish called at 40965 (1s)

=== n1_w16_q4 sink_stalls seed=29 flow=rtl cycles=4096 warmup=512 ===
PASS cycles=4096 fires=2644 stalls=1450 eval_fires=2319 switches=0 wait_max=0
SERVICE 2319
tb/check_vectors.sv:91: $finish called at 40965 (1s)

=== n1_w16_q4 sink_stalls seed=47 flow=rtl cycles=4096 warmup=512 ===
PASS cycles=4096 fires=2629 stalls=1465 eval_fires=2310 switches=0 wait_max=0
SERVICE 2310
tb/check_vectors.sv:91: $finish called at 40965 (1s)

=== n1_w16_q4 sink_stalls seed=101 flow=rtl cycles=4096 warmup=512 ===
PASS cycles=4096 fires=2628 stalls=1466 eval_fires=2306 switches=0 wait_max=0
SERVICE 2306
tb/check_vectors.sv:91: $finish called at 40965 (1s)

=== n1_w16_q4 sink_stalls seed=211 flow=rtl cycles=4096 warmup=512 ===
PASS cycles=4096 fires=2655 stalls=1439 eval_fires=2321 switches=0 wait_max=0
SERVICE 2321
tb/check_vectors.sv:91: $finish called at 40965 (1s)

=== n1_w16_q4 asymmetric seed=11 flow=rtl cycles=4096 warmup=512 ===
PASS cycles=4096 fires=4094 stalls=0 eval_fires=3584 switches=0 wait_max=0
SERVICE 3584
tb/check_vectors.sv:91: $finish called at 40965 (1s)

=== n1_w16_q4 asymmetric seed=29 flow=rtl cycles=4096 warmup=512 ===
PASS cycles=4096 fires=4094 stalls=0 eval_fires=3584 switches=0 wait_max=0
SERVICE 3584
tb/check_vectors.sv:91: $finish called at 40965 (1s)

=== n1_w16_q4 asymmetric seed=47 flow=rtl cycles=4096 warmup=512 ===
PASS cycles=4096 fires=4094 stalls=0 eval_fires=3584 switches=0 wait_max=0
SERVICE 3584
tb/check_vectors.sv:91: $finish called at 40965 (1s)

=== n1_w16_q4 asymmetric seed=101 flow=rtl cycles=4096 warmup=512 ===
PASS cycles=4096 fires=4094 stalls=0 eval_fires=3584 switches=0 wait_max=0
SERVICE 3584
tb/check_vectors.sv:91: $finish called at 40965 (1s)

=== n1_w16_q4 asymmetric seed=211 flow=rtl cycles=4096 warmup=512 ===
PASS cycles=4096 fires=4094 stalls=0 eval_fires=3584 switches=0 wait_max=0
SERVICE 3584
tb/check_vectors.sv:91: $finish called at 40965 (1s)

=== n1_w16_q4 bursty seed=11 flow=rtl cycles=4096 warmup=512 ===
PASS cycles=4096 fires=336 stalls=0 eval_fires=296 switches=0 wait_max=0
SERVICE 296
tb/check_vectors.sv:91: $finish called at 40965 (1s)

=== n1_w16_q4 bursty seed=29 flow=rtl cycles=4096 warmup=512 ===
PASS cycles=4096 fires=336 stalls=0 eval_fires=296 switches=0 wait_max=0
SERVICE 296
tb/check_vectors.sv:91: $finish called at 40965 (1s)

=== n1_w16_q4 bursty seed=47 flow=rtl cycles=4096 warmup=512 ===
PASS cycles=4096 fires=336 stalls=0 eval_fires=296 switches=0 wait_max=0
SERVICE 296
tb/check_vectors.sv:91: $finish called at 40965 (1s)

=== n1_w16_q4 bursty seed=101 flow=rtl cycles=4096 warmup=512 ===
PASS cycles=4096 fires=336 stalls=0 eval_fires=296 switches=0 wait_max=0
SERVICE 296
tb/check_vectors.sv:91: $finish called at 40965 (1s)

=== n1_w16_q4 bursty seed=211 flow=rtl cycles=4096 warmup=512 ===
PASS cycles=4096 fires=336 stalls=0 eval_fires=296 switches=0 wait_max=0
SERVICE 296
tb/check_vectors.sv:91: $finish called at 40965 (1s)

=== n1_w16_q4 light seed=11 flow=rtl cycles=4096 warmup=512 ===
PASS cycles=4096 fires=2477 stalls=0 eval_fires=2188 switches=0 wait_max=0
SERVICE 2188
tb/check_vectors.sv:91: $finish called at 40965 (1s)

=== n1_w16_q4 light seed=29 flow=rtl cycles=4096 warmup=512 ===
PASS cycles=4096 fires=2433 stalls=0 eval_fires=2136 switches=0 wait_max=0
SERVICE 2136
tb/check_vectors.sv:91: $finish called at 40965 (1s)

=== n1_w16_q4 light seed=47 flow=rtl cycles=4096 warmup=512 ===
PASS cycles=4096 fires=2452 stalls=0 eval_fires=2148 switches=0 wait_max=0
SERVICE 2148
tb/check_vectors.sv:91: $finish called at 40965 (1s)

=== n1_w16_q4 light seed=101 flow=rtl cycles=4096 warmup=512 ===
PASS cycles=4096 fires=2413 stalls=0 eval_fires=2117 switches=0 wait_max=0
SERVICE 2117
tb/check_vectors.sv:91: $finish called at 40965 (1s)

=== n1_w16_q4 light seed=211 flow=rtl cycles=4096 warmup=512 ===
PASS cycles=4096 fires=2475 stalls=0 eval_fires=2180 switches=0 wait_max=0
SERVICE 2180
tb/check_vectors.sv:91: $finish called at 40965 (1s)

=== n1_w16_q4 phase_change seed=11 flow=rtl cycles=4096 warmup=512 ===
PASS cycles=4096 fires=3292 stalls=0 eval_fires=2893 switches=0 wait_max=0
SERVICE 2893
tb/check_vectors.sv:91: $finish called at 40965 (1s)

=== n1_w16_q4 phase_change seed=29 flow=rtl cycles=4096 warmup=512 ===
PASS cycles=4096 fires=3256 stalls=0 eval_fires=2843 switches=0 wait_max=0
SERVICE 2843
tb/check_vectors.sv:91: $finish called at 40965 (1s)

=== n1_w16_q4 phase_change seed=47 flow=rtl cycles=4096 warmup=512 ===
PASS cycles=4096 fires=3281 stalls=0 eval_fires=2876 switches=0 wait_max=0
SERVICE 2876
tb/check_vectors.sv:91: $finish called at 40965 (1s)

=== n1_w16_q4 phase_change seed=101 flow=rtl cycles=4096 warmup=512 ===
PASS cycles=4096 fires=3284 stalls=0 eval_fires=2879 switches=0 wait_max=0
SERVICE 2879
tb/check_vectors.sv:91: $finish called at 40965 (1s)

=== n1_w16_q4 phase_change seed=211 flow=rtl cycles=4096 warmup=512 ===
PASS cycles=4096 fires=3283 stalls=0 eval_fires=2870 switches=0 wait_max=0
SERVICE 2870
tb/check_vectors.sv:91: $finish called at 40965 (1s)

=== n1_w16_q4 reset_stress seed=11 flow=rtl cycles=4096 warmup=512 ===
PASS cycles=4096 fires=2648 stalls=1416 eval_fires=2329 switches=0 wait_max=0
SERVICE 2329
tb/check_vectors.sv:91: $finish called at 40965 (1s)

=== n1_w16_q4 reset_stress seed=29 flow=rtl cycles=4096 warmup=512 ===
PASS cycles=4096 fires=2620 stalls=1444 eval_fires=2296 switches=0 wait_max=0
SERVICE 2296
tb/check_vectors.sv:91: $finish called at 40965 (1s)

=== n1_w16_q4 reset_stress seed=47 flow=rtl cycles=4096 warmup=512 ===
PASS cycles=4096 fires=2606 stalls=1458 eval_fires=2289 switches=0 wait_max=0
SERVICE 2289
tb/check_vectors.sv:91: $finish called at 40965 (1s)

=== n1_w16_q4 reset_stress seed=101 flow=rtl cycles=4096 warmup=512 ===
PASS cycles=4096 fires=2606 stalls=1458 eval_fires=2285 switches=0 wait_max=0
SERVICE 2285
tb/check_vectors.sv:91: $finish called at 40965 (1s)

=== n1_w16_q4 reset_stress seed=211 flow=rtl cycles=4096 warmup=512 ===
PASS cycles=4096 fires=2630 stalls=1434 eval_fires=2298 switches=0 wait_max=0
SERVICE 2298
tb/check_vectors.sv:91: $finish called at 40965 (1s)

=== n1_w16_q4 protocol seed=7 flow=generic-netlist cycles=128 warmup=0 ===
PASS cycles=128 fires=5 stalls=18 eval_fires=5 switches=0 wait_max=0
SERVICE 5
tb/check_vectors.sv:91: $finish called at 1285 (1s)

=== n1_w16_q4 sink_stalls seed=29 flow=generic-netlist cycles=4096 warmup=512 ===
PASS cycles=4096 fires=2644 stalls=1450 eval_fires=2319 switches=0 wait_max=0
SERVICE 2319
tb/check_vectors.sv:91: $finish called at 40965 (1s)

=== n1_w16_q4 phase_change seed=29 flow=generic-netlist cycles=4096 warmup=512 ===
PASS cycles=4096 fires=3256 stalls=0 eval_fires=2843 switches=0 wait_max=0
SERVICE 2843
tb/check_vectors.sv:91: $finish called at 40965 (1s)

=== n1_w16_q8 protocol seed=7 flow=rtl cycles=128 warmup=0 ===
PASS cycles=128 fires=5 stalls=18 eval_fires=5 switches=0 wait_max=0
SERVICE 5
tb/check_vectors.sv:91: $finish called at 1285 (1s)

=== n1_w16_q8 saturated seed=11 flow=rtl cycles=4096 warmup=512 ===
PASS cycles=4096 fires=4094 stalls=0 eval_fires=3584 switches=0 wait_max=0
SERVICE 3584
tb/check_vectors.sv:91: $finish called at 40965 (1s)

=== n1_w16_q8 saturated seed=29 flow=rtl cycles=4096 warmup=512 ===
PASS cycles=4096 fires=4094 stalls=0 eval_fires=3584 switches=0 wait_max=0
SERVICE 3584
tb/check_vectors.sv:91: $finish called at 40965 (1s)

=== n1_w16_q8 saturated seed=47 flow=rtl cycles=4096 warmup=512 ===
PASS cycles=4096 fires=4094 stalls=0 eval_fires=3584 switches=0 wait_max=0
SERVICE 3584
tb/check_vectors.sv:91: $finish called at 40965 (1s)

=== n1_w16_q8 saturated seed=101 flow=rtl cycles=4096 warmup=512 ===
PASS cycles=4096 fires=4094 stalls=0 eval_fires=3584 switches=0 wait_max=0
SERVICE 3584
tb/check_vectors.sv:91: $finish called at 40965 (1s)

=== n1_w16_q8 saturated seed=211 flow=rtl cycles=4096 warmup=512 ===
PASS cycles=4096 fires=4094 stalls=0 eval_fires=3584 switches=0 wait_max=0
SERVICE 3584
tb/check_vectors.sv:91: $finish called at 40965 (1s)

=== n1_w16_q8 sink_stalls seed=11 flow=rtl cycles=4096 warmup=512 ===
PASS cycles=4096 fires=2673 stalls=1421 eval_fires=2354 switches=0 wait_max=0
SERVICE 2354
tb/check_vectors.sv:91: $finish called at 40965 (1s)

=== n1_w16_q8 sink_stalls seed=29 flow=rtl cycles=4096 warmup=512 ===
PASS cycles=4096 fires=2644 stalls=1450 eval_fires=2319 switches=0 wait_max=0
SERVICE 2319
tb/check_vectors.sv:91: $finish called at 40965 (1s)

=== n1_w16_q8 sink_stalls seed=47 flow=rtl cycles=4096 warmup=512 ===
PASS cycles=4096 fires=2629 stalls=1465 eval_fires=2310 switches=0 wait_max=0
SERVICE 2310
tb/check_vectors.sv:91: $finish called at 40965 (1s)

=== n1_w16_q8 sink_stalls seed=101 flow=rtl cycles=4096 warmup=512 ===
PASS cycles=4096 fires=2628 stalls=1466 eval_fires=2306 switches=0 wait_max=0
SERVICE 2306
tb/check_vectors.sv:91: $finish called at 40965 (1s)

=== n1_w16_q8 sink_stalls seed=211 flow=rtl cycles=4096 warmup=512 ===
PASS cycles=4096 fires=2655 stalls=1439 eval_fires=2321 switches=0 wait_max=0
SERVICE 2321
tb/check_vectors.sv:91: $finish called at 40965 (1s)

=== n1_w16_q8 asymmetric seed=11 flow=rtl cycles=4096 warmup=512 ===
PASS cycles=4096 fires=4094 stalls=0 eval_fires=3584 switches=0 wait_max=0
SERVICE 3584
tb/check_vectors.sv:91: $finish called at 40965 (1s)

=== n1_w16_q8 asymmetric seed=29 flow=rtl cycles=4096 warmup=512 ===
PASS cycles=4096 fires=4094 stalls=0 eval_fires=3584 switches=0 wait_max=0
SERVICE 3584
tb/check_vectors.sv:91: $finish called at 40965 (1s)

=== n1_w16_q8 asymmetric seed=47 flow=rtl cycles=4096 warmup=512 ===
PASS cycles=4096 fires=4094 stalls=0 eval_fires=3584 switches=0 wait_max=0
SERVICE 3584
tb/check_vectors.sv:91: $finish called at 40965 (1s)

=== n1_w16_q8 asymmetric seed=101 flow=rtl cycles=4096 warmup=512 ===
PASS cycles=4096 fires=4094 stalls=0 eval_fires=3584 switches=0 wait_max=0
SERVICE 3584
tb/check_vectors.sv:91: $finish called at 40965 (1s)

=== n1_w16_q8 asymmetric seed=211 flow=rtl cycles=4096 warmup=512 ===
PASS cycles=4096 fires=4094 stalls=0 eval_fires=3584 switches=0 wait_max=0
SERVICE 3584
tb/check_vectors.sv:91: $finish called at 40965 (1s)

=== n1_w16_q8 bursty seed=11 flow=rtl cycles=4096 warmup=512 ===
PASS cycles=4096 fires=336 stalls=0 eval_fires=296 switches=0 wait_max=0
SERVICE 296
tb/check_vectors.sv:91: $finish called at 40965 (1s)

=== n1_w16_q8 bursty seed=29 flow=rtl cycles=4096 warmup=512 ===
PASS cycles=4096 fires=336 stalls=0 eval_fires=296 switches=0 wait_max=0
SERVICE 296
tb/check_vectors.sv:91: $finish called at 40965 (1s)

=== n1_w16_q8 bursty seed=47 flow=rtl cycles=4096 warmup=512 ===
PASS cycles=4096 fires=336 stalls=0 eval_fires=296 switches=0 wait_max=0
SERVICE 296
tb/check_vectors.sv:91: $finish called at 40965 (1s)

=== n1_w16_q8 bursty seed=101 flow=rtl cycles=4096 warmup=512 ===
PASS cycles=4096 fires=336 stalls=0 eval_fires=296 switches=0 wait_max=0
SERVICE 296
tb/check_vectors.sv:91: $finish called at 40965 (1s)

=== n1_w16_q8 bursty seed=211 flow=rtl cycles=4096 warmup=512 ===
PASS cycles=4096 fires=336 stalls=0 eval_fires=296 switches=0 wait_max=0
SERVICE 296
tb/check_vectors.sv:91: $finish called at 40965 (1s)

=== n1_w16_q8 light seed=11 flow=rtl cycles=4096 warmup=512 ===
PASS cycles=4096 fires=2477 stalls=0 eval_fires=2188 switches=0 wait_max=0
SERVICE 2188
tb/check_vectors.sv:91: $finish called at 40965 (1s)

=== n1_w16_q8 light seed=29 flow=rtl cycles=4096 warmup=512 ===
PASS cycles=4096 fires=2433 stalls=0 eval_fires=2136 switches=0 wait_max=0
SERVICE 2136
tb/check_vectors.sv:91: $finish called at 40965 (1s)

=== n1_w16_q8 light seed=47 flow=rtl cycles=4096 warmup=512 ===
PASS cycles=4096 fires=2452 stalls=0 eval_fires=2148 switches=0 wait_max=0
SERVICE 2148
tb/check_vectors.sv:91: $finish called at 40965 (1s)

=== n1_w16_q8 light seed=101 flow=rtl cycles=4096 warmup=512 ===
PASS cycles=4096 fires=2413 stalls=0 eval_fires=2117 switches=0 wait_max=0
SERVICE 2117
tb/check_vectors.sv:91: $finish called at 40965 (1s)

=== n1_w16_q8 light seed=211 flow=rtl cycles=4096 warmup=512 ===
PASS cycles=4096 fires=2475 stalls=0 eval_fires=2180 switches=0 wait_max=0
SERVICE 2180
tb/check_vectors.sv:91: $finish called at 40965 (1s)

=== n1_w16_q8 phase_change seed=11 flow=rtl cycles=4096 warmup=512 ===
PASS cycles=4096 fires=3292 stalls=0 eval_fires=2893 switches=0 wait_max=0
SERVICE 2893
tb/check_vectors.sv:91: $finish called at 40965 (1s)

=== n1_w16_q8 phase_change seed=29 flow=rtl cycles=4096 warmup=512 ===
PASS cycles=4096 fires=3256 stalls=0 eval_fires=2843 switches=0 wait_max=0
SERVICE 2843
tb/check_vectors.sv:91: $finish called at 40965 (1s)

=== n1_w16_q8 phase_change seed=47 flow=rtl cycles=4096 warmup=512 ===
PASS cycles=4096 fires=3281 stalls=0 eval_fires=2876 switches=0 wait_max=0
SERVICE 2876
tb/check_vectors.sv:91: $finish called at 40965 (1s)

=== n1_w16_q8 phase_change seed=101 flow=rtl cycles=4096 warmup=512 ===
PASS cycles=4096 fires=3284 stalls=0 eval_fires=2879 switches=0 wait_max=0
SERVICE 2879
tb/check_vectors.sv:91: $finish called at 40965 (1s)

=== n1_w16_q8 phase_change seed=211 flow=rtl cycles=4096 warmup=512 ===
PASS cycles=4096 fires=3283 stalls=0 eval_fires=2870 switches=0 wait_max=0
SERVICE 2870
tb/check_vectors.sv:91: $finish called at 40965 (1s)

=== n1_w16_q8 reset_stress seed=11 flow=rtl cycles=4096 warmup=512 ===
PASS cycles=4096 fires=2648 stalls=1416 eval_fires=2329 switches=0 wait_max=0
SERVICE 2329
tb/check_vectors.sv:91: $finish called at 40965 (1s)

=== n1_w16_q8 reset_stress seed=29 flow=rtl cycles=4096 warmup=512 ===
PASS cycles=4096 fires=2620 stalls=1444 eval_fires=2296 switches=0 wait_max=0
SERVICE 2296
tb/check_vectors.sv:91: $finish called at 40965 (1s)

=== n1_w16_q8 reset_stress seed=47 flow=rtl cycles=4096 warmup=512 ===
PASS cycles=4096 fires=2606 stalls=1458 eval_fires=2289 switches=0 wait_max=0
SERVICE 2289
tb/check_vectors.sv:91: $finish called at 40965 (1s)

=== n1_w16_q8 reset_stress seed=101 flow=rtl cycles=4096 warmup=512 ===
PASS cycles=4096 fires=2606 stalls=1458 eval_fires=2285 switches=0 wait_max=0
SERVICE 2285
tb/check_vectors.sv:91: $finish called at 40965 (1s)

=== n1_w16_q8 reset_stress seed=211 flow=rtl cycles=4096 warmup=512 ===
PASS cycles=4096 fires=2630 stalls=1434 eval_fires=2298 switches=0 wait_max=0
SERVICE 2298
tb/check_vectors.sv:91: $finish called at 40965 (1s)

=== n1_w16_q8 protocol seed=7 flow=generic-netlist cycles=128 warmup=0 ===
PASS cycles=128 fires=5 stalls=18 eval_fires=5 switches=0 wait_max=0
SERVICE 5
tb/check_vectors.sv:91: $finish called at 1285 (1s)

=== n1_w16_q8 sink_stalls seed=29 flow=generic-netlist cycles=4096 warmup=512 ===
PASS cycles=4096 fires=2644 stalls=1450 eval_fires=2319 switches=0 wait_max=0
SERVICE 2319
tb/check_vectors.sv:91: $finish called at 40965 (1s)

=== n1_w16_q8 phase_change seed=29 flow=generic-netlist cycles=4096 warmup=512 ===
PASS cycles=4096 fires=3256 stalls=0 eval_fires=2843 switches=0 wait_max=0
SERVICE 2843
tb/check_vectors.sv:91: $finish called at 40965 (1s)

=== n3_w16_fixed protocol seed=7 flow=rtl cycles=128 warmup=0 ===
PASS cycles=128 fires=11 stalls=18 eval_fires=11 switches=5 wait_max=4
SERVICE 4 3 4
tb/check_vectors.sv:91: $finish called at 1285 (1s)

=== n3_w16_fixed saturated seed=11 flow=rtl cycles=4096 warmup=512 ===
PASS cycles=4096 fires=4094 stalls=0 eval_fires=3584 switches=0 wait_max=0
SERVICE 3584 0 0
tb/check_vectors.sv:91: $finish called at 40965 (1s)

=== n3_w16_fixed saturated seed=29 flow=rtl cycles=4096 warmup=512 ===
PASS cycles=4096 fires=4094 stalls=0 eval_fires=3584 switches=0 wait_max=0
SERVICE 3584 0 0
tb/check_vectors.sv:91: $finish called at 40965 (1s)

=== n3_w16_fixed saturated seed=47 flow=rtl cycles=4096 warmup=512 ===
PASS cycles=4096 fires=4094 stalls=0 eval_fires=3584 switches=0 wait_max=0
SERVICE 3584 0 0
tb/check_vectors.sv:91: $finish called at 40965 (1s)

=== n3_w16_fixed saturated seed=101 flow=rtl cycles=4096 warmup=512 ===
PASS cycles=4096 fires=4094 stalls=0 eval_fires=3584 switches=0 wait_max=0
SERVICE 3584 0 0
tb/check_vectors.sv:91: $finish called at 40965 (1s)

=== n3_w16_fixed saturated seed=211 flow=rtl cycles=4096 warmup=512 ===
PASS cycles=4096 fires=4094 stalls=0 eval_fires=3584 switches=0 wait_max=0
SERVICE 3584 0 0
tb/check_vectors.sv:91: $finish called at 40965 (1s)

=== n3_w16_fixed sink_stalls seed=11 flow=rtl cycles=4096 warmup=512 ===
PASS cycles=4096 fires=2673 stalls=1421 eval_fires=2354 switches=0 wait_max=0
SERVICE 2354 0 0
tb/check_vectors.sv:91: $finish called at 40965 (1s)

=== n3_w16_fixed sink_stalls seed=29 flow=rtl cycles=4096 warmup=512 ===
PASS cycles=4096 fires=2644 stalls=1450 eval_fires=2319 switches=0 wait_max=0
SERVICE 2319 0 0
tb/check_vectors.sv:91: $finish called at 40965 (1s)

=== n3_w16_fixed sink_stalls seed=47 flow=rtl cycles=4096 warmup=512 ===
PASS cycles=4096 fires=2629 stalls=1465 eval_fires=2310 switches=0 wait_max=0
SERVICE 2310 0 0
tb/check_vectors.sv:91: $finish called at 40965 (1s)

=== n3_w16_fixed sink_stalls seed=101 flow=rtl cycles=4096 warmup=512 ===
PASS cycles=4096 fires=2628 stalls=1466 eval_fires=2306 switches=0 wait_max=0
SERVICE 2306 0 0
tb/check_vectors.sv:91: $finish called at 40965 (1s)

=== n3_w16_fixed sink_stalls seed=211 flow=rtl cycles=4096 warmup=512 ===
PASS cycles=4096 fires=2655 stalls=1439 eval_fires=2321 switches=0 wait_max=0
SERVICE 2321 0 0
tb/check_vectors.sv:91: $finish called at 40965 (1s)

=== n3_w16_fixed asymmetric seed=11 flow=rtl cycles=4096 warmup=512 ===
PASS cycles=4096 fires=4094 stalls=0 eval_fires=3584 switches=0 wait_max=0
SERVICE 3584 0 0
tb/check_vectors.sv:91: $finish called at 40965 (1s)

=== n3_w16_fixed asymmetric seed=29 flow=rtl cycles=4096 warmup=512 ===
PASS cycles=4096 fires=4094 stalls=0 eval_fires=3584 switches=0 wait_max=0
SERVICE 3584 0 0
tb/check_vectors.sv:91: $finish called at 40965 (1s)

=== n3_w16_fixed asymmetric seed=47 flow=rtl cycles=4096 warmup=512 ===
PASS cycles=4096 fires=4094 stalls=0 eval_fires=3584 switches=0 wait_max=0
SERVICE 3584 0 0
tb/check_vectors.sv:91: $finish called at 40965 (1s)

=== n3_w16_fixed asymmetric seed=101 flow=rtl cycles=4096 warmup=512 ===
PASS cycles=4096 fires=4094 stalls=0 eval_fires=3584 switches=0 wait_max=0
SERVICE 3584 0 0
tb/check_vectors.sv:91: $finish called at 40965 (1s)

=== n3_w16_fixed asymmetric seed=211 flow=rtl cycles=4096 warmup=512 ===
PASS cycles=4096 fires=4094 stalls=0 eval_fires=3584 switches=0 wait_max=0
SERVICE 3584 0 0
tb/check_vectors.sv:91: $finish called at 40965 (1s)

=== n3_w16_fixed bursty seed=11 flow=rtl cycles=4096 warmup=512 ===
PASS cycles=4096 fires=1008 stalls=0 eval_fires=888 switches=110 wait_max=0
SERVICE 296 296 296
tb/check_vectors.sv:91: $finish called at 40965 (1s)

=== n3_w16_fixed bursty seed=29 flow=rtl cycles=4096 warmup=512 ===
PASS cycles=4096 fires=1008 stalls=0 eval_fires=888 switches=110 wait_max=0
SERVICE 296 296 296
tb/check_vectors.sv:91: $finish called at 40965 (1s)

=== n3_w16_fixed bursty seed=47 flow=rtl cycles=4096 warmup=512 ===
PASS cycles=4096 fires=1008 stalls=0 eval_fires=888 switches=110 wait_max=0
SERVICE 296 296 296
tb/check_vectors.sv:91: $finish called at 40965 (1s)

=== n3_w16_fixed bursty seed=101 flow=rtl cycles=4096 warmup=512 ===
PASS cycles=4096 fires=1008 stalls=0 eval_fires=888 switches=110 wait_max=0
SERVICE 296 296 296
tb/check_vectors.sv:91: $finish called at 40965 (1s)

=== n3_w16_fixed bursty seed=211 flow=rtl cycles=4096 warmup=512 ===
PASS cycles=4096 fires=1008 stalls=0 eval_fires=888 switches=110 wait_max=0
SERVICE 296 296 296
tb/check_vectors.sv:91: $finish called at 40965 (1s)

=== n3_w16_fixed light seed=11 flow=rtl cycles=4096 warmup=512 ===
PASS cycles=4096 fires=2475 stalls=0 eval_fires=2171 switches=1475 wait_max=11
SERVICE 720 742 709
tb/check_vectors.sv:91: $finish called at 40965 (1s)

=== n3_w16_fixed light seed=29 flow=rtl cycles=4096 warmup=512 ===
PASS cycles=4096 fires=2469 stalls=0 eval_fires=2161 switches=1473 wait_max=11
SERVICE 693 740 728
tb/check_vectors.sv:91: $finish called at 40965 (1s)

=== n3_w16_fixed light seed=47 flow=rtl cycles=4096 warmup=512 ===
PASS cycles=4096 fires=2425 stalls=0 eval_fires=2120 switches=1470 wait_max=13
SERVICE 703 688 729
tb/check_vectors.sv:91: $finish called at 40965 (1s)

=== n3_w16_fixed light seed=101 flow=rtl cycles=4096 warmup=512 ===
PASS cycles=4096 fires=2468 stalls=0 eval_fires=2158 switches=1488 wait_max=11
SERVICE 746 707 705
tb/check_vectors.sv:91: $finish called at 40965 (1s)

=== n3_w16_fixed light seed=211 flow=rtl cycles=4096 warmup=512 ===
PASS cycles=4096 fires=2459 stalls=0 eval_fires=2150 switches=1468 wait_max=8
SERVICE 715 701 734
tb/check_vectors.sv:91: $finish called at 40965 (1s)

=== n3_w16_fixed phase_change seed=11 flow=rtl cycles=4096 warmup=512 ===
PASS cycles=4096 fires=3592 stalls=0 eval_fires=3145 switches=489 wait_max=28
SERVICE 907 1319 919
tb/check_vectors.sv:91: $finish called at 40965 (1s)

=== n3_w16_fixed phase_change seed=29 flow=rtl cycles=4096 warmup=512 ===
PASS cycles=4096 fires=3554 stalls=0 eval_fires=3108 switches=466 wait_max=50
SERVICE 898 1316 894
tb/check_vectors.sv:91: $finish called at 40965 (1s)

=== n3_w16_fixed phase_change seed=47 flow=rtl cycles=4096 warmup=512 ===
PASS cycles=4096 fires=3572 stalls=0 eval_fires=3124 switches=498 wait_max=28
SERVICE 913 1291 920
tb/check_vectors.sv:91: $finish called at 40965 (1s)

=== n3_w16_fixed phase_change seed=101 flow=rtl cycles=4096 warmup=512 ===
PASS cycles=4096 fires=3515 stalls=0 eval_fires=3085 switches=480 wait_max=37
SERVICE 917 1270 898
tb/check_vectors.sv:91: $finish called at 40965 (1s)

=== n3_w16_fixed phase_change seed=211 flow=rtl cycles=4096 warmup=512 ===
PASS cycles=4096 fires=3559 stalls=0 eval_fires=3121 switches=495 wait_max=94
SERVICE 902 1322 897
tb/check_vectors.sv:91: $finish called at 40965 (1s)

=== n3_w16_fixed reset_stress seed=11 flow=rtl cycles=4096 warmup=512 ===
PASS cycles=4096 fires=2648 stalls=1416 eval_fires=2329 switches=0 wait_max=0
SERVICE 2329 0 0
tb/check_vectors.sv:91: $finish called at 40965 (1s)

=== n3_w16_fixed reset_stress seed=29 flow=rtl cycles=4096 warmup=512 ===
PASS cycles=4096 fires=2620 stalls=1444 eval_fires=2296 switches=0 wait_max=0
SERVICE 2296 0 0
tb/check_vectors.sv:91: $finish called at 40965 (1s)

=== n3_w16_fixed reset_stress seed=47 flow=rtl cycles=4096 warmup=512 ===
PASS cycles=4096 fires=2606 stalls=1458 eval_fires=2289 switches=0 wait_max=0
SERVICE 2289 0 0
tb/check_vectors.sv:91: $finish called at 40965 (1s)

=== n3_w16_fixed reset_stress seed=101 flow=rtl cycles=4096 warmup=512 ===
PASS cycles=4096 fires=2606 stalls=1458 eval_fires=2285 switches=0 wait_max=0
SERVICE 2285 0 0
tb/check_vectors.sv:91: $finish called at 40965 (1s)

=== n3_w16_fixed reset_stress seed=211 flow=rtl cycles=4096 warmup=512 ===
PASS cycles=4096 fires=2630 stalls=1434 eval_fires=2298 switches=0 wait_max=0
SERVICE 2298 0 0
tb/check_vectors.sv:91: $finish called at 40965 (1s)

=== n3_w16_fixed protocol seed=7 flow=generic-netlist cycles=128 warmup=0 ===
PASS cycles=128 fires=11 stalls=18 eval_fires=11 switches=5 wait_max=4
SERVICE 4 3 4
tb/check_vectors.sv:91: $finish called at 1285 (1s)

=== n3_w16_fixed sink_stalls seed=29 flow=generic-netlist cycles=4096 warmup=512 ===
PASS cycles=4096 fires=2644 stalls=1450 eval_fires=2319 switches=0 wait_max=0
SERVICE 2319 0 0
tb/check_vectors.sv:91: $finish called at 40965 (1s)

=== n3_w16_fixed phase_change seed=29 flow=generic-netlist cycles=4096 warmup=512 ===
PASS cycles=4096 fires=3554 stalls=0 eval_fires=3108 switches=466 wait_max=50
SERVICE 898 1316 894
tb/check_vectors.sv:91: $finish called at 40965 (1s)

=== n3_w16_q1 protocol seed=7 flow=rtl cycles=128 warmup=0 ===
PASS cycles=128 fires=11 stalls=18 eval_fires=11 switches=9 wait_max=2
SERVICE 4 3 4
tb/check_vectors.sv:91: $finish called at 1285 (1s)

=== n3_w16_q1 saturated seed=11 flow=rtl cycles=4096 warmup=512 ===
PASS cycles=4096 fires=4094 stalls=0 eval_fires=3584 switches=3583 wait_max=2
SERVICE 1195 1195 1194
tb/check_vectors.sv:91: $finish called at 40965 (1s)

=== n3_w16_q1 saturated seed=29 flow=rtl cycles=4096 warmup=512 ===
PASS cycles=4096 fires=4094 stalls=0 eval_fires=3584 switches=3583 wait_max=2
SERVICE 1195 1195 1194
tb/check_vectors.sv:91: $finish called at 40965 (1s)

=== n3_w16_q1 saturated seed=47 flow=rtl cycles=4096 warmup=512 ===
PASS cycles=4096 fires=4094 stalls=0 eval_fires=3584 switches=3583 wait_max=2
SERVICE 1195 1195 1194
tb/check_vectors.sv:91: $finish called at 40965 (1s)

=== n3_w16_q1 saturated seed=101 flow=rtl cycles=4096 warmup=512 ===
PASS cycles=4096 fires=4094 stalls=0 eval_fires=3584 switches=3583 wait_max=2
SERVICE 1195 1195 1194
tb/check_vectors.sv:91: $finish called at 40965 (1s)

=== n3_w16_q1 saturated seed=211 flow=rtl cycles=4096 warmup=512 ===
PASS cycles=4096 fires=4094 stalls=0 eval_fires=3584 switches=3583 wait_max=2
SERVICE 1195 1195 1194
tb/check_vectors.sv:91: $finish called at 40965 (1s)

=== n3_w16_q1 sink_stalls seed=11 flow=rtl cycles=4096 warmup=512 ===
PASS cycles=4096 fires=2673 stalls=1421 eval_fires=2354 switches=2353 wait_max=2
SERVICE 784 785 785
tb/check_vectors.sv:91: $finish called at 40965 (1s)

=== n3_w16_q1 sink_stalls seed=29 flow=rtl cycles=4096 warmup=512 ===
PASS cycles=4096 fires=2644 stalls=1450 eval_fires=2319 switches=2318 wait_max=2
SERVICE 773 773 773
tb/check_vectors.sv:91: $finish called at 40965 (1s)

=== n3_w16_q1 sink_stalls seed=47 flow=rtl cycles=4096 warmup=512 ===
PASS cycles=4096 fires=2629 stalls=1465 eval_fires=2310 switches=2309 wait_max=2
SERVICE 770 770 770
tb/check_vectors.sv:91: $finish called at 40965 (1s)

=== n3_w16_q1 sink_stalls seed=101 flow=rtl cycles=4096 warmup=512 ===
PASS cycles=4096 fires=2628 stalls=1466 eval_fires=2306 switches=2305 wait_max=2
SERVICE 768 769 769
tb/check_vectors.sv:91: $finish called at 40965 (1s)

=== n3_w16_q1 sink_stalls seed=211 flow=rtl cycles=4096 warmup=512 ===
PASS cycles=4096 fires=2655 stalls=1439 eval_fires=2321 switches=2320 wait_max=2
SERVICE 773 774 774
tb/check_vectors.sv:91: $finish called at 40965 (1s)

=== n3_w16_q1 asymmetric seed=11 flow=rtl cycles=4096 warmup=512 ===
PASS cycles=4096 fires=4094 stalls=0 eval_fires=3584 switches=494 wait_max=2
SERVICE 3334 125 125
tb/check_vectors.sv:91: $finish called at 40965 (1s)

=== n3_w16_q1 asymmetric seed=29 flow=rtl cycles=4096 warmup=512 ===
PASS cycles=4096 fires=4094 stalls=0 eval_fires=3584 switches=503 wait_max=2
SERVICE 3324 124 136
tb/check_vectors.sv:91: $finish called at 40965 (1s)

=== n3_w16_q1 asymmetric seed=47 flow=rtl cycles=4096 warmup=512 ===
PASS cycles=4096 fires=4094 stalls=0 eval_fires=3584 switches=521 wait_max=2
SERVICE 3317 129 138
tb/check_vectors.sv:91: $finish called at 40965 (1s)

=== n3_w16_q1 asymmetric seed=101 flow=rtl cycles=4096 warmup=512 ===
PASS cycles=4096 fires=4094 stalls=0 eval_fires=3584 switches=521 wait_max=2
SERVICE 3314 128 142
tb/check_vectors.sv:91: $finish called at 40965 (1s)

=== n3_w16_q1 asymmetric seed=211 flow=rtl cycles=4096 warmup=512 ===
PASS cycles=4096 fires=4094 stalls=0 eval_fires=3584 switches=512 wait_max=2
SERVICE 3324 147 113
tb/check_vectors.sv:91: $finish called at 40965 (1s)

=== n3_w16_q1 bursty seed=11 flow=rtl cycles=4096 warmup=512 ===
PASS cycles=4096 fires=1008 stalls=0 eval_fires=888 switches=110 wait_max=0
SERVICE 296 296 296
tb/check_vectors.sv:91: $finish called at 40965 (1s)

=== n3_w16_q1 bursty seed=29 flow=rtl cycles=4096 warmup=512 ===
PASS cycles=4096 fires=1008 stalls=0 eval_fires=888 switches=110 wait_max=0
SERVICE 296 296 296
tb/check_vectors.sv:91: $finish called at 40965 (1s)

=== n3_w16_q1 bursty seed=47 flow=rtl cycles=4096 warmup=512 ===
PASS cycles=4096 fires=1008 stalls=0 eval_fires=888 switches=110 wait_max=0
SERVICE 296 296 296
tb/check_vectors.sv:91: $finish called at 40965 (1s)

=== n3_w16_q1 bursty seed=101 flow=rtl cycles=4096 warmup=512 ===
PASS cycles=4096 fires=1008 stalls=0 eval_fires=888 switches=110 wait_max=0
SERVICE 296 296 296
tb/check_vectors.sv:91: $finish called at 40965 (1s)

=== n3_w16_q1 bursty seed=211 flow=rtl cycles=4096 warmup=512 ===
PASS cycles=4096 fires=1008 stalls=0 eval_fires=888 switches=110 wait_max=0
SERVICE 296 296 296
tb/check_vectors.sv:91: $finish called at 40965 (1s)

=== n3_w16_q1 light seed=11 flow=rtl cycles=4096 warmup=512 ===
PASS cycles=4096 fires=2475 stalls=0 eval_fires=2171 switches=1717 wait_max=2
SERVICE 720 742 709
tb/check_vectors.sv:91: $finish called at 40965 (1s)

=== n3_w16_q1 light seed=29 flow=rtl cycles=4096 warmup=512 ===
PASS cycles=4096 fires=2469 stalls=0 eval_fires=2161 switches=1725 wait_max=2
SERVICE 693 740 728
tb/check_vectors.sv:91: $finish called at 40965 (1s)

=== n3_w16_q1 light seed=47 flow=rtl cycles=4096 warmup=512 ===
PASS cycles=4096 fires=2425 stalls=0 eval_fires=2120 switches=1659 wait_max=2
SERVICE 703 688 729
tb/check_vectors.sv:91: $finish called at 40965 (1s)

=== n3_w16_q1 light seed=101 flow=rtl cycles=4096 warmup=512 ===
PASS cycles=4096 fires=2468 stalls=0 eval_fires=2158 switches=1723 wait_max=2
SERVICE 746 707 705
tb/check_vectors.sv:91: $finish called at 40965 (1s)

=== n3_w16_q1 light seed=211 flow=rtl cycles=4096 warmup=512 ===
PASS cycles=4096 fires=2459 stalls=0 eval_fires=2150 switches=1710 wait_max=2
SERVICE 715 701 734
tb/check_vectors.sv:91: $finish called at 40965 (1s)

=== n3_w16_q1 phase_change seed=11 flow=rtl cycles=4096 warmup=512 ===
PASS cycles=4096 fires=3592 stalls=0 eval_fires=3145 switches=515 wait_max=2
SERVICE 907 1317 921
tb/check_vectors.sv:91: $finish called at 40965 (1s)

=== n3_w16_q1 phase_change seed=29 flow=rtl cycles=4096 warmup=512 ===
PASS cycles=4096 fires=3554 stalls=0 eval_fires=3108 switches=505 wait_max=2
SERVICE 898 1315 895
tb/check_vectors.sv:91: $finish called at 40965 (1s)

=== n3_w16_q1 phase_change seed=47 flow=rtl cycles=4096 warmup=512 ===
PASS cycles=4096 fires=3572 stalls=0 eval_fires=3124 switches=521 wait_max=2
SERVICE 913 1291 920
tb/check_vectors.sv:91: $finish called at 40965 (1s)

=== n3_w16_q1 phase_change seed=101 flow=rtl cycles=4096 warmup=512 ===
PASS cycles=4096 fires=3515 stalls=0 eval_fires=3085 switches=495 wait_max=2
SERVICE 917 1270 898
tb/check_vectors.sv:91: $finish called at 40965 (1s)

=== n3_w16_q1 phase_change seed=211 flow=rtl cycles=4096 warmup=512 ===
PASS cycles=4096 fires=3559 stalls=0 eval_fires=3121 switches=514 wait_max=2
SERVICE 902 1322 897
tb/check_vectors.sv:91: $finish called at 40965 (1s)

=== n3_w16_q1 reset_stress seed=11 flow=rtl cycles=4096 warmup=512 ===
PASS cycles=4096 fires=2648 stalls=1416 eval_fires=2329 switches=2314 wait_max=2
SERVICE 781 776 772
tb/check_vectors.sv:91: $finish called at 40965 (1s)

=== n3_w16_q1 reset_stress seed=29 flow=rtl cycles=4096 warmup=512 ===
PASS cycles=4096 fires=2620 stalls=1444 eval_fires=2296 switches=2281 wait_max=2
SERVICE 771 765 760
tb/check_vectors.sv:91: $finish called at 40965 (1s)

=== n3_w16_q1 reset_stress seed=47 flow=rtl cycles=4096 warmup=512 ===
PASS cycles=4096 fires=2606 stalls=1458 eval_fires=2289 switches=2274 wait_max=2
SERVICE 768 764 757
tb/check_vectors.sv:91: $finish called at 40965 (1s)

=== n3_w16_q1 reset_stress seed=101 flow=rtl cycles=4096 warmup=512 ===
PASS cycles=4096 fires=2606 stalls=1458 eval_fires=2285 switches=2270 wait_max=2
SERVICE 765 761 759
tb/check_vectors.sv:91: $finish called at 40965 (1s)

=== n3_w16_q1 reset_stress seed=211 flow=rtl cycles=4096 warmup=512 ===
PASS cycles=4096 fires=2630 stalls=1434 eval_fires=2298 switches=2283 wait_max=2
SERVICE 769 766 763
tb/check_vectors.sv:91: $finish called at 40965 (1s)

=== n3_w16_q1 protocol seed=7 flow=generic-netlist cycles=128 warmup=0 ===
PASS cycles=128 fires=11 stalls=18 eval_fires=11 switches=9 wait_max=2
SERVICE 4 3 4
tb/check_vectors.sv:91: $finish called at 1285 (1s)

=== n3_w16_q1 sink_stalls seed=29 flow=generic-netlist cycles=4096 warmup=512 ===
PASS cycles=4096 fires=2644 stalls=1450 eval_fires=2319 switches=2318 wait_max=2
SERVICE 773 773 773
tb/check_vectors.sv:91: $finish called at 40965 (1s)

=== n3_w16_q1 phase_change seed=29 flow=generic-netlist cycles=4096 warmup=512 ===
PASS cycles=4096 fires=3554 stalls=0 eval_fires=3108 switches=505 wait_max=2
SERVICE 898 1315 895
tb/check_vectors.sv:91: $finish called at 40965 (1s)

=== n3_w16_q4 protocol seed=7 flow=rtl cycles=128 warmup=0 ===
PASS cycles=128 fires=11 stalls=18 eval_fires=11 switches=4 wait_max=4
SERVICE 4 3 4
tb/check_vectors.sv:91: $finish called at 1285 (1s)

=== n3_w16_q4 saturated seed=11 flow=rtl cycles=4096 warmup=512 ===
PASS cycles=4096 fires=4094 stalls=0 eval_fires=3584 switches=896 wait_max=8
SERVICE 1194 1194 1196
tb/check_vectors.sv:91: $finish called at 40965 (1s)

=== n3_w16_q4 saturated seed=29 flow=rtl cycles=4096 warmup=512 ===
PASS cycles=4096 fires=4094 stalls=0 eval_fires=3584 switches=896 wait_max=8
SERVICE 1194 1194 1196
tb/check_vectors.sv:91: $finish called at 40965 (1s)

=== n3_w16_q4 saturated seed=47 flow=rtl cycles=4096 warmup=512 ===
PASS cycles=4096 fires=4094 stalls=0 eval_fires=3584 switches=896 wait_max=8
SERVICE 1194 1194 1196
tb/check_vectors.sv:91: $finish called at 40965 (1s)

=== n3_w16_q4 saturated seed=101 flow=rtl cycles=4096 warmup=512 ===
PASS cycles=4096 fires=4094 stalls=0 eval_fires=3584 switches=896 wait_max=8
SERVICE 1194 1194 1196
tb/check_vectors.sv:91: $finish called at 40965 (1s)

=== n3_w16_q4 saturated seed=211 flow=rtl cycles=4096 warmup=512 ===
PASS cycles=4096 fires=4094 stalls=0 eval_fires=3584 switches=896 wait_max=8
SERVICE 1194 1194 1196
tb/check_vectors.sv:91: $finish called at 40965 (1s)

=== n3_w16_q4 sink_stalls seed=11 flow=rtl cycles=4096 warmup=512 ===
PASS cycles=4096 fires=2673 stalls=1421 eval_fires=2354 switches=589 wait_max=8
SERVICE 784 785 785
tb/check_vectors.sv:91: $finish called at 40965 (1s)

=== n3_w16_q4 sink_stalls seed=29 flow=rtl cycles=4096 warmup=512 ===
PASS cycles=4096 fires=2644 stalls=1450 eval_fires=2319 switches=579 wait_max=8
SERVICE 775 772 772
tb/check_vectors.sv:91: $finish called at 40965 (1s)

=== n3_w16_q4 sink_stalls seed=47 flow=rtl cycles=4096 warmup=512 ===
PASS cycles=4096 fires=2629 stalls=1465 eval_fires=2310 switches=578 wait_max=8
SERVICE 769 769 772
tb/check_vectors.sv:91: $finish called at 40965 (1s)

=== n3_w16_q4 sink_stalls seed=101 flow=rtl cycles=4096 warmup=512 ===
PASS cycles=4096 fires=2628 stalls=1466 eval_fires=2306 switches=576 wait_max=8
SERVICE 768 768 770
tb/check_vectors.sv:91: $finish called at 40965 (1s)

=== n3_w16_q4 sink_stalls seed=211 flow=rtl cycles=4096 warmup=512 ===
PASS cycles=4096 fires=2655 stalls=1439 eval_fires=2321 switches=580 wait_max=8
SERVICE 775 772 774
tb/check_vectors.sv:91: $finish called at 40965 (1s)

=== n3_w16_q4 asymmetric seed=11 flow=rtl cycles=4096 warmup=512 ===
PASS cycles=4096 fires=4094 stalls=0 eval_fires=3584 switches=442 wait_max=5
SERVICE 3335 124 125
tb/check_vectors.sv:91: $finish called at 40965 (1s)

=== n3_w16_q4 asymmetric seed=29 flow=rtl cycles=4096 warmup=512 ===
PASS cycles=4096 fires=4094 stalls=0 eval_fires=3584 switches=425 wait_max=5
SERVICE 3324 124 136
tb/check_vectors.sv:91: $finish called at 40965 (1s)

=== n3_w16_q4 asymmetric seed=47 flow=rtl cycles=4096 warmup=512 ===
PASS cycles=4096 fires=4094 stalls=0 eval_fires=3584 switches=447 wait_max=5
SERVICE 3317 129 138
tb/check_vectors.sv:91: $finish called at 40965 (1s)

=== n3_w16_q4 asymmetric seed=101 flow=rtl cycles=4096 warmup=512 ===
PASS cycles=4096 fires=4094 stalls=0 eval_fires=3584 switches=466 wait_max=5
SERVICE 3315 128 141
tb/check_vectors.sv:91: $finish called at 40965 (1s)

=== n3_w16_q4 asymmetric seed=211 flow=rtl cycles=4096 warmup=512 ===
PASS cycles=4096 fires=4094 stalls=0 eval_fires=3584 switches=445 wait_max=4
SERVICE 3324 147 113
tb/check_vectors.sv:91: $finish called at 40965 (1s)

=== n3_w16_q4 bursty seed=11 flow=rtl cycles=4096 warmup=512 ===
PASS cycles=4096 fires=1008 stalls=0 eval_fires=888 switches=110 wait_max=0
SERVICE 296 296 296
tb/check_vectors.sv:91: $finish called at 40965 (1s)

=== n3_w16_q4 bursty seed=29 flow=rtl cycles=4096 warmup=512 ===
PASS cycles=4096 fires=1008 stalls=0 eval_fires=888 switches=110 wait_max=0
SERVICE 296 296 296
tb/check_vectors.sv:91: $finish called at 40965 (1s)

=== n3_w16_q4 bursty seed=47 flow=rtl cycles=4096 warmup=512 ===
PASS cycles=4096 fires=1008 stalls=0 eval_fires=888 switches=110 wait_max=0
SERVICE 296 296 296
tb/check_vectors.sv:91: $finish called at 40965 (1s)

=== n3_w16_q4 bursty seed=101 flow=rtl cycles=4096 warmup=512 ===
PASS cycles=4096 fires=1008 stalls=0 eval_fires=888 switches=110 wait_max=0
SERVICE 296 296 296
tb/check_vectors.sv:91: $finish called at 40965 (1s)

=== n3_w16_q4 bursty seed=211 flow=rtl cycles=4096 warmup=512 ===
PASS cycles=4096 fires=1008 stalls=0 eval_fires=888 switches=110 wait_max=0
SERVICE 296 296 296
tb/check_vectors.sv:91: $finish called at 40965 (1s)

=== n3_w16_q4 light seed=11 flow=rtl cycles=4096 warmup=512 ===
PASS cycles=4096 fires=2475 stalls=0 eval_fires=2171 switches=1374 wait_max=7
SERVICE 720 742 709
tb/check_vectors.sv:91: $finish called at 40965 (1s)

=== n3_w16_q4 light seed=29 flow=rtl cycles=4096 warmup=512 ===
PASS cycles=4096 fires=2469 stalls=0 eval_fires=2161 switches=1390 wait_max=6
SERVICE 693 740 728
tb/check_vectors.sv:91: $finish called at 40965 (1s)

=== n3_w16_q4 light seed=47 flow=rtl cycles=4096 warmup=512 ===
PASS cycles=4096 fires=2425 stalls=0 eval_fires=2120 switches=1395 wait_max=5
SERVICE 703 688 729
tb/check_vectors.sv:91: $finish called at 40965 (1s)

=== n3_w16_q4 light seed=101 flow=rtl cycles=4096 warmup=512 ===
PASS cycles=4096 fires=2468 stalls=0 eval_fires=2158 switches=1380 wait_max=6
SERVICE 746 707 705
tb/check_vectors.sv:91: $finish called at 40965 (1s)

=== n3_w16_q4 light seed=211 flow=rtl cycles=4096 warmup=512 ===
PASS cycles=4096 fires=2459 stalls=0 eval_fires=2150 switches=1389 wait_max=7
SERVICE 715 701 734
tb/check_vectors.sv:91: $finish called at 40965 (1s)

=== n3_w16_q4 phase_change seed=11 flow=rtl cycles=4096 warmup=512 ===
PASS cycles=4096 fires=3592 stalls=0 eval_fires=3145 switches=469 wait_max=5
SERVICE 907 1317 921
tb/check_vectors.sv:91: $finish called at 40965 (1s)

=== n3_w16_q4 phase_change seed=29 flow=rtl cycles=4096 warmup=512 ===
PASS cycles=4096 fires=3554 stalls=0 eval_fires=3108 switches=446 wait_max=5
SERVICE 898 1315 895
tb/check_vectors.sv:91: $finish called at 40965 (1s)

=== n3_w16_q4 phase_change seed=47 flow=rtl cycles=4096 warmup=512 ===
PASS cycles=4096 fires=3572 stalls=0 eval_fires=3124 switches=461 wait_max=4
SERVICE 913 1291 920
tb/check_vectors.sv:91: $finish called at 40965 (1s)

=== n3_w16_q4 phase_change seed=101 flow=rtl cycles=4096 warmup=512 ===
PASS cycles=4096 fires=3515 stalls=0 eval_fires=3085 switches=449 wait_max=4
SERVICE 917 1270 898
tb/check_vectors.sv:91: $finish called at 40965 (1s)

=== n3_w16_q4 phase_change seed=211 flow=rtl cycles=4096 warmup=512 ===
PASS cycles=4096 fires=3559 stalls=0 eval_fires=3121 switches=468 wait_max=6
SERVICE 902 1322 897
tb/check_vectors.sv:91: $finish called at 40965 (1s)

=== n3_w16_q4 reset_stress seed=11 flow=rtl cycles=4096 warmup=512 ===
PASS cycles=4096 fires=2648 stalls=1416 eval_fires=2329 switches=571 wait_max=8
SERVICE 802 771 756
tb/check_vectors.sv:91: $finish called at 40965 (1s)

=== n3_w16_q4 reset_stress seed=29 flow=rtl cycles=4096 warmup=512 ===
PASS cycles=4096 fires=2620 stalls=1444 eval_fires=2296 switches=565 wait_max=8
SERVICE 789 759 748
tb/check_vectors.sv:91: $finish called at 40965 (1s)

=== n3_w16_q4 reset_stress seed=47 flow=rtl cycles=4096 warmup=512 ===
PASS cycles=4096 fires=2606 stalls=1458 eval_fires=2289 switches=564 wait_max=8
SERVICE 777 765 747
tb/check_vectors.sv:91: $finish called at 40965 (1s)

=== n3_w16_q4 reset_stress seed=101 flow=rtl cycles=4096 warmup=512 ===
PASS cycles=4096 fires=2606 stalls=1458 eval_fires=2285 switches=563 wait_max=8
SERVICE 786 761 738
tb/check_vectors.sv:91: $finish called at 40965 (1s)

=== n3_w16_q4 reset_stress seed=211 flow=rtl cycles=4096 warmup=512 ===
PASS cycles=4096 fires=2630 stalls=1434 eval_fires=2298 switches=567 wait_max=8
SERVICE 780 766 752
tb/check_vectors.sv:91: $finish called at 40965 (1s)

=== n3_w16_q4 protocol seed=7 flow=generic-netlist cycles=128 warmup=0 ===
PASS cycles=128 fires=11 stalls=18 eval_fires=11 switches=4 wait_max=4
SERVICE 4 3 4
tb/check_vectors.sv:91: $finish called at 1285 (1s)

=== n3_w16_q4 sink_stalls seed=29 flow=generic-netlist cycles=4096 warmup=512 ===
PASS cycles=4096 fires=2644 stalls=1450 eval_fires=2319 switches=579 wait_max=8
SERVICE 775 772 772
tb/check_vectors.sv:91: $finish called at 40965 (1s)

=== n3_w16_q4 phase_change seed=29 flow=generic-netlist cycles=4096 warmup=512 ===
PASS cycles=4096 fires=3554 stalls=0 eval_fires=3108 switches=446 wait_max=5
SERVICE 898 1315 895
tb/check_vectors.sv:91: $finish called at 40965 (1s)

=== n3_w16_q8 protocol seed=7 flow=rtl cycles=128 warmup=0 ===
PASS cycles=128 fires=11 stalls=18 eval_fires=11 switches=4 wait_max=4
SERVICE 4 3 4
tb/check_vectors.sv:91: $finish called at 1285 (1s)

=== n3_w16_q8 saturated seed=11 flow=rtl cycles=4096 warmup=512 ===
PASS cycles=4096 fires=4094 stalls=0 eval_fires=3584 switches=448 wait_max=16
SERVICE 1194 1198 1192
tb/check_vectors.sv:91: $finish called at 40965 (1s)

=== n3_w16_q8 saturated seed=29 flow=rtl cycles=4096 warmup=512 ===
PASS cycles=4096 fires=4094 stalls=0 eval_fires=3584 switches=448 wait_max=16
SERVICE 1194 1198 1192
tb/check_vectors.sv:91: $finish called at 40965 (1s)

=== n3_w16_q8 saturated seed=47 flow=rtl cycles=4096 warmup=512 ===
PASS cycles=4096 fires=4094 stalls=0 eval_fires=3584 switches=448 wait_max=16
SERVICE 1194 1198 1192
tb/check_vectors.sv:91: $finish called at 40965 (1s)

=== n3_w16_q8 saturated seed=101 flow=rtl cycles=4096 warmup=512 ===
PASS cycles=4096 fires=4094 stalls=0 eval_fires=3584 switches=448 wait_max=16
SERVICE 1194 1198 1192
tb/check_vectors.sv:91: $finish called at 40965 (1s)

=== n3_w16_q8 saturated seed=211 flow=rtl cycles=4096 warmup=512 ===
PASS cycles=4096 fires=4094 stalls=0 eval_fires=3584 switches=448 wait_max=16
SERVICE 1194 1198 1192
tb/check_vectors.sv:91: $finish called at 40965 (1s)

=== n3_w16_q8 sink_stalls seed=11 flow=rtl cycles=4096 warmup=512 ===
PASS cycles=4096 fires=2673 stalls=1421 eval_fires=2354 switches=295 wait_max=16
SERVICE 785 785 784
tb/check_vectors.sv:91: $finish called at 40965 (1s)

=== n3_w16_q8 sink_stalls seed=29 flow=rtl cycles=4096 warmup=512 ===
PASS cycles=4096 fires=2644 stalls=1450 eval_fires=2319 switches=290 wait_max=16
SERVICE 772 771 776
tb/check_vectors.sv:91: $finish called at 40965 (1s)

=== n3_w16_q8 sink_stalls seed=47 flow=rtl cycles=4096 warmup=512 ===
PASS cycles=4096 fires=2629 stalls=1465 eval_fires=2310 switches=289 wait_max=16
SERVICE 769 773 768
tb/check_vectors.sv:91: $finish called at 40965 (1s)

=== n3_w16_q8 sink_stalls seed=101 flow=rtl cycles=4096 warmup=512 ===
PASS cycles=4096 fires=2628 stalls=1466 eval_fires=2306 switches=288 wait_max=16
SERVICE 768 770 768
tb/check_vectors.sv:91: $finish called at 40965 (1s)

=== n3_w16_q8 sink_stalls seed=211 flow=rtl cycles=4096 warmup=512 ===
PASS cycles=4096 fires=2655 stalls=1439 eval_fires=2321 switches=290 wait_max=16
SERVICE 776 775 770
tb/check_vectors.sv:91: $finish called at 40965 (1s)

=== n3_w16_q8 asymmetric seed=11 flow=rtl cycles=4096 warmup=512 ===
PASS cycles=4096 fires=4094 stalls=0 eval_fires=3584 switches=394 wait_max=10
SERVICE 3335 124 125
tb/check_vectors.sv:91: $finish called at 40965 (1s)

=== n3_w16_q8 asymmetric seed=29 flow=rtl cycles=4096 warmup=512 ===
PASS cycles=4096 fires=4094 stalls=0 eval_fires=3584 switches=377 wait_max=9
SERVICE 3324 124 136
tb/check_vectors.sv:91: $finish called at 40965 (1s)

=== n3_w16_q8 asymmetric seed=47 flow=rtl cycles=4096 warmup=512 ===
PASS cycles=4096 fires=4094 stalls=0 eval_fires=3584 switches=406 wait_max=9
SERVICE 3318 129 137
tb/check_vectors.sv:91: $finish called at 40965 (1s)

=== n3_w16_q8 asymmetric seed=101 flow=rtl cycles=4096 warmup=512 ===
PASS cycles=4096 fires=4094 stalls=0 eval_fires=3584 switches=437 wait_max=11
SERVICE 3314 129 141
tb/check_vectors.sv:91: $finish called at 40965 (1s)

=== n3_w16_q8 asymmetric seed=211 flow=rtl cycles=4096 warmup=512 ===
PASS cycles=4096 fires=4094 stalls=0 eval_fires=3584 switches=396 wait_max=9
SERVICE 3324 147 113
tb/check_vectors.sv:91: $finish called at 40965 (1s)

=== n3_w16_q8 bursty seed=11 flow=rtl cycles=4096 warmup=512 ===
PASS cycles=4096 fires=1008 stalls=0 eval_fires=888 switches=110 wait_max=0
SERVICE 296 296 296
tb/check_vectors.sv:91: $finish called at 40965 (1s)

=== n3_w16_q8 bursty seed=29 flow=rtl cycles=4096 warmup=512 ===
PASS cycles=4096 fires=1008 stalls=0 eval_fires=888 switches=110 wait_max=0
SERVICE 296 296 296
tb/check_vectors.sv:91: $finish called at 40965 (1s)

=== n3_w16_q8 bursty seed=47 flow=rtl cycles=4096 warmup=512 ===
PASS cycles=4096 fires=1008 stalls=0 eval_fires=888 switches=110 wait_max=0
SERVICE 296 296 296
tb/check_vectors.sv:91: $finish called at 40965 (1s)

=== n3_w16_q8 bursty seed=101 flow=rtl cycles=4096 warmup=512 ===
PASS cycles=4096 fires=1008 stalls=0 eval_fires=888 switches=110 wait_max=0
SERVICE 296 296 296
tb/check_vectors.sv:91: $finish called at 40965 (1s)

=== n3_w16_q8 bursty seed=211 flow=rtl cycles=4096 warmup=512 ===
PASS cycles=4096 fires=1008 stalls=0 eval_fires=888 switches=110 wait_max=0
SERVICE 296 296 296
tb/check_vectors.sv:91: $finish called at 40965 (1s)

=== n3_w16_q8 light seed=11 flow=rtl cycles=4096 warmup=512 ===
PASS cycles=4096 fires=2475 stalls=0 eval_fires=2171 switches=1369 wait_max=9
SERVICE 720 742 709
tb/check_vectors.sv:91: $finish called at 40965 (1s)

=== n3_w16_q8 light seed=29 flow=rtl cycles=4096 warmup=512 ===
PASS cycles=4096 fires=2469 stalls=0 eval_fires=2161 switches=1382 wait_max=7
SERVICE 693 740 728
tb/check_vectors.sv:91: $finish called at 40965 (1s)

=== n3_w16_q8 light seed=47 flow=rtl cycles=4096 warmup=512 ===
PASS cycles=4096 fires=2425 stalls=0 eval_fires=2120 switches=1387 wait_max=7
SERVICE 703 688 729
tb/check_vectors.sv:91: $finish called at 40965 (1s)

=== n3_w16_q8 light seed=101 flow=rtl cycles=4096 warmup=512 ===
PASS cycles=4096 fires=2468 stalls=0 eval_fires=2158 switches=1377 wait_max=6
SERVICE 746 707 705
tb/check_vectors.sv:91: $finish called at 40965 (1s)

=== n3_w16_q8 light seed=211 flow=rtl cycles=4096 warmup=512 ===
PASS cycles=4096 fires=2459 stalls=0 eval_fires=2150 switches=1379 wait_max=8
SERVICE 715 701 734
tb/check_vectors.sv:91: $finish called at 40965 (1s)

=== n3_w16_q8 phase_change seed=11 flow=rtl cycles=4096 warmup=512 ===
PASS cycles=4096 fires=3592 stalls=0 eval_fires=3145 switches=437 wait_max=10
SERVICE 907 1317 921
tb/check_vectors.sv:91: $finish called at 40965 (1s)

=== n3_w16_q8 phase_change seed=29 flow=rtl cycles=4096 warmup=512 ===
PASS cycles=4096 fires=3554 stalls=0 eval_fires=3108 switches=409 wait_max=9
SERVICE 898 1316 894
tb/check_vectors.sv:91: $finish called at 40965 (1s)

=== n3_w16_q8 phase_change seed=47 flow=rtl cycles=4096 warmup=512 ===
PASS cycles=4096 fires=3572 stalls=0 eval_fires=3124 switches=429 wait_max=9
SERVICE 913 1291 920
tb/check_vectors.sv:91: $finish called at 40965 (1s)

=== n3_w16_q8 phase_change seed=101 flow=rtl cycles=4096 warmup=512 ===
PASS cycles=4096 fires=3515 stalls=0 eval_fires=3085 switches=428 wait_max=11
SERVICE 917 1270 898
tb/check_vectors.sv:91: $finish called at 40965 (1s)

=== n3_w16_q8 phase_change seed=211 flow=rtl cycles=4096 warmup=512 ===
PASS cycles=4096 fires=3559 stalls=0 eval_fires=3121 switches=450 wait_max=8
SERVICE 902 1322 897
tb/check_vectors.sv:91: $finish called at 40965 (1s)

=== n3_w16_q8 reset_stress seed=11 flow=rtl cycles=4096 warmup=512 ===
PASS cycles=4096 fires=2648 stalls=1416 eval_fires=2329 switches=281 wait_max=16
SERVICE 817 774 738
tb/check_vectors.sv:91: $finish called at 40965 (1s)

=== n3_w16_q8 reset_stress seed=29 flow=rtl cycles=4096 warmup=512 ===
PASS cycles=4096 fires=2620 stalls=1444 eval_fires=2296 switches=280 wait_max=16
SERVICE 808 762 726
tb/check_vectors.sv:91: $finish called at 40965 (1s)

=== n3_w16_q8 reset_stress seed=47 flow=rtl cycles=4096 warmup=512 ===
PASS cycles=4096 fires=2606 stalls=1458 eval_fires=2289 switches=279 wait_max=16
SERVICE 789 762 738
tb/check_vectors.sv:91: $finish called at 40965 (1s)

=== n3_w16_q8 reset_stress seed=101 flow=rtl cycles=4096 warmup=512 ===
PASS cycles=4096 fires=2606 stalls=1458 eval_fires=2285 switches=278 wait_max=16
SERVICE 799 760 726
tb/check_vectors.sv:91: $finish called at 40965 (1s)

=== n3_w16_q8 reset_stress seed=211 flow=rtl cycles=4096 warmup=512 ===
PASS cycles=4096 fires=2630 stalls=1434 eval_fires=2298 switches=281 wait_max=16
SERVICE 808 760 730
tb/check_vectors.sv:91: $finish called at 40965 (1s)

=== n3_w16_q8 protocol seed=7 flow=generic-netlist cycles=128 warmup=0 ===
PASS cycles=128 fires=11 stalls=18 eval_fires=11 switches=4 wait_max=4
SERVICE 4 3 4
tb/check_vectors.sv:91: $finish called at 1285 (1s)

=== n3_w16_q8 sink_stalls seed=29 flow=generic-netlist cycles=4096 warmup=512 ===
PASS cycles=4096 fires=2644 stalls=1450 eval_fires=2319 switches=290 wait_max=16
SERVICE 772 771 776
tb/check_vectors.sv:91: $finish called at 40965 (1s)

=== n3_w16_q8 phase_change seed=29 flow=generic-netlist cycles=4096 warmup=512 ===
PASS cycles=4096 fires=3554 stalls=0 eval_fires=3108 switches=409 wait_max=9
SERVICE 898 1316 894
tb/check_vectors.sv:91: $finish called at 40965 (1s)

=== n4_w16_fixed protocol seed=7 flow=rtl cycles=128 warmup=0 ===
PASS cycles=128 fires=14 stalls=18 eval_fires=14 switches=7 wait_max=6
SERVICE 4 3 3 4
tb/check_vectors.sv:91: $finish called at 1285 (1s)

=== n4_w16_fixed saturated seed=11 flow=rtl cycles=4096 warmup=512 ===
PASS cycles=4096 fires=4094 stalls=0 eval_fires=3584 switches=0 wait_max=0
SERVICE 3584 0 0 0
tb/check_vectors.sv:91: $finish called at 40965 (1s)

=== n4_w16_fixed saturated seed=29 flow=rtl cycles=4096 warmup=512 ===
PASS cycles=4096 fires=4094 stalls=0 eval_fires=3584 switches=0 wait_max=0
SERVICE 3584 0 0 0
tb/check_vectors.sv:91: $finish called at 40965 (1s)

=== n4_w16_fixed saturated seed=47 flow=rtl cycles=4096 warmup=512 ===
PASS cycles=4096 fires=4094 stalls=0 eval_fires=3584 switches=0 wait_max=0
SERVICE 3584 0 0 0
tb/check_vectors.sv:91: $finish called at 40965 (1s)

=== n4_w16_fixed saturated seed=101 flow=rtl cycles=4096 warmup=512 ===
PASS cycles=4096 fires=4094 stalls=0 eval_fires=3584 switches=0 wait_max=0
SERVICE 3584 0 0 0
tb/check_vectors.sv:91: $finish called at 40965 (1s)

=== n4_w16_fixed saturated seed=211 flow=rtl cycles=4096 warmup=512 ===
PASS cycles=4096 fires=4094 stalls=0 eval_fires=3584 switches=0 wait_max=0
SERVICE 3584 0 0 0
tb/check_vectors.sv:91: $finish called at 40965 (1s)

=== n4_w16_fixed sink_stalls seed=11 flow=rtl cycles=4096 warmup=512 ===
PASS cycles=4096 fires=2673 stalls=1421 eval_fires=2354 switches=0 wait_max=0
SERVICE 2354 0 0 0
tb/check_vectors.sv:91: $finish called at 40965 (1s)

=== n4_w16_fixed sink_stalls seed=29 flow=rtl cycles=4096 warmup=512 ===
PASS cycles=4096 fires=2644 stalls=1450 eval_fires=2319 switches=0 wait_max=0
SERVICE 2319 0 0 0
tb/check_vectors.sv:91: $finish called at 40965 (1s)

=== n4_w16_fixed sink_stalls seed=47 flow=rtl cycles=4096 warmup=512 ===
PASS cycles=4096 fires=2629 stalls=1465 eval_fires=2310 switches=0 wait_max=0
SERVICE 2310 0 0 0
tb/check_vectors.sv:91: $finish called at 40965 (1s)

=== n4_w16_fixed sink_stalls seed=101 flow=rtl cycles=4096 warmup=512 ===
PASS cycles=4096 fires=2628 stalls=1466 eval_fires=2306 switches=0 wait_max=0
SERVICE 2306 0 0 0
tb/check_vectors.sv:91: $finish called at 40965 (1s)

=== n4_w16_fixed sink_stalls seed=211 flow=rtl cycles=4096 warmup=512 ===
PASS cycles=4096 fires=2655 stalls=1439 eval_fires=2321 switches=0 wait_max=0
SERVICE 2321 0 0 0
tb/check_vectors.sv:91: $finish called at 40965 (1s)

=== n4_w16_fixed asymmetric seed=11 flow=rtl cycles=4096 warmup=512 ===
PASS cycles=4096 fires=4094 stalls=0 eval_fires=3584 switches=0 wait_max=0
SERVICE 3584 0 0 0
tb/check_vectors.sv:91: $finish called at 40965 (1s)

=== n4_w16_fixed asymmetric seed=29 flow=rtl cycles=4096 warmup=512 ===
PASS cycles=4096 fires=4094 stalls=0 eval_fires=3584 switches=0 wait_max=0
SERVICE 3584 0 0 0
tb/check_vectors.sv:91: $finish called at 40965 (1s)

=== n4_w16_fixed asymmetric seed=47 flow=rtl cycles=4096 warmup=512 ===
PASS cycles=4096 fires=4094 stalls=0 eval_fires=3584 switches=0 wait_max=0
SERVICE 3584 0 0 0
tb/check_vectors.sv:91: $finish called at 40965 (1s)

=== n4_w16_fixed asymmetric seed=101 flow=rtl cycles=4096 warmup=512 ===
PASS cycles=4096 fires=4094 stalls=0 eval_fires=3584 switches=0 wait_max=0
SERVICE 3584 0 0 0
tb/check_vectors.sv:91: $finish called at 40965 (1s)

=== n4_w16_fixed asymmetric seed=211 flow=rtl cycles=4096 warmup=512 ===
PASS cycles=4096 fires=4094 stalls=0 eval_fires=3584 switches=0 wait_max=0
SERVICE 3584 0 0 0
tb/check_vectors.sv:91: $finish called at 40965 (1s)

=== n4_w16_fixed bursty seed=11 flow=rtl cycles=4096 warmup=512 ===
PASS cycles=4096 fires=1344 stalls=0 eval_fires=1184 switches=147 wait_max=0
SERVICE 296 296 296 296
tb/check_vectors.sv:91: $finish called at 40965 (1s)

=== n4_w16_fixed bursty seed=29 flow=rtl cycles=4096 warmup=512 ===
PASS cycles=4096 fires=1344 stalls=0 eval_fires=1184 switches=147 wait_max=0
SERVICE 296 296 296 296
tb/check_vectors.sv:91: $finish called at 40965 (1s)

=== n4_w16_fixed bursty seed=47 flow=rtl cycles=4096 warmup=512 ===
PASS cycles=4096 fires=1344 stalls=0 eval_fires=1184 switches=147 wait_max=0
SERVICE 296 296 296 296
tb/check_vectors.sv:91: $finish called at 40965 (1s)

=== n4_w16_fixed bursty seed=101 flow=rtl cycles=4096 warmup=512 ===
PASS cycles=4096 fires=1344 stalls=0 eval_fires=1184 switches=147 wait_max=0
SERVICE 296 296 296 296
tb/check_vectors.sv:91: $finish called at 40965 (1s)

=== n4_w16_fixed bursty seed=211 flow=rtl cycles=4096 warmup=512 ===
PASS cycles=4096 fires=1344 stalls=0 eval_fires=1184 switches=147 wait_max=0
SERVICE 296 296 296 296
tb/check_vectors.sv:91: $finish called at 40965 (1s)

=== n4_w16_fixed light seed=11 flow=rtl cycles=4096 warmup=512 ===
PASS cycles=4096 fires=2503 stalls=0 eval_fires=2207 switches=1716 wait_max=12
SERVICE 538 516 575 578
tb/check_vectors.sv:91: $finish called at 40965 (1s)

=== n4_w16_fixed light seed=29 flow=rtl cycles=4096 warmup=512 ===
PASS cycles=4096 fires=2485 stalls=0 eval_fires=2177 switches=1648 wait_max=12
SERVICE 564 553 529 531
tb/check_vectors.sv:91: $finish called at 40965 (1s)

=== n4_w16_fixed light seed=47 flow=rtl cycles=4096 warmup=512 ===
PASS cycles=4096 fires=2419 stalls=0 eval_fires=2127 switches=1647 wait_max=10
SERVICE 524 537 512 554
tb/check_vectors.sv:91: $finish called at 40965 (1s)

=== n4_w16_fixed light seed=101 flow=rtl cycles=4096 warmup=512 ===
PASS cycles=4096 fires=2481 stalls=0 eval_fires=2170 switches=1682 wait_max=10
SERVICE 520 544 561 545
tb/check_vectors.sv:91: $finish called at 40965 (1s)

=== n4_w16_fixed light seed=211 flow=rtl cycles=4096 warmup=512 ===
PASS cycles=4096 fires=2416 stalls=0 eval_fires=2109 switches=1585 wait_max=14
SERVICE 524 535 528 522
tb/check_vectors.sv:91: $finish called at 40965 (1s)

=== n4_w16_fixed phase_change seed=11 flow=rtl cycles=4096 warmup=512 ===
PASS cycles=4096 fires=3605 stalls=0 eval_fires=3158 switches=512 wait_max=55
SERVICE 469 900 911 878
tb/check_vectors.sv:91: $finish called at 40965 (1s)

=== n4_w16_fixed phase_change seed=29 flow=rtl cycles=4096 warmup=512 ===
PASS cycles=4096 fires=3589 stalls=0 eval_fires=3149 switches=546 wait_max=42
SERVICE 484 917 882 866
tb/check_vectors.sv:91: $finish called at 40965 (1s)

=== n4_w16_fixed phase_change seed=47 flow=rtl cycles=4096 warmup=512 ===
PASS cycles=4096 fires=3607 stalls=0 eval_fires=3175 switches=529 wait_max=34
SERVICE 501 885 904 885
tb/check_vectors.sv:91: $finish called at 40965 (1s)

=== n4_w16_fixed phase_change seed=101 flow=rtl cycles=4096 warmup=512 ===
PASS cycles=4096 fires=3604 stalls=0 eval_fires=3160 switches=529 wait_max=36
SERVICE 491 891 897 881
tb/check_vectors.sv:91: $finish called at 40965 (1s)

=== n4_w16_fixed phase_change seed=211 flow=rtl cycles=4096 warmup=512 ===
PASS cycles=4096 fires=3558 stalls=0 eval_fires=3119 switches=533 wait_max=37
SERVICE 493 880 880 866
tb/check_vectors.sv:91: $finish called at 40965 (1s)

=== n4_w16_fixed reset_stress seed=11 flow=rtl cycles=4096 warmup=512 ===
PASS cycles=4096 fires=2648 stalls=1416 eval_fires=2329 switches=0 wait_max=0
SERVICE 2329 0 0 0
tb/check_vectors.sv:91: $finish called at 40965 (1s)

=== n4_w16_fixed reset_stress seed=29 flow=rtl cycles=4096 warmup=512 ===
PASS cycles=4096 fires=2620 stalls=1444 eval_fires=2296 switches=0 wait_max=0
SERVICE 2296 0 0 0
tb/check_vectors.sv:91: $finish called at 40965 (1s)

=== n4_w16_fixed reset_stress seed=47 flow=rtl cycles=4096 warmup=512 ===
PASS cycles=4096 fires=2606 stalls=1458 eval_fires=2289 switches=0 wait_max=0
SERVICE 2289 0 0 0
tb/check_vectors.sv:91: $finish called at 40965 (1s)

=== n4_w16_fixed reset_stress seed=101 flow=rtl cycles=4096 warmup=512 ===
PASS cycles=4096 fires=2606 stalls=1458 eval_fires=2285 switches=0 wait_max=0
SERVICE 2285 0 0 0
tb/check_vectors.sv:91: $finish called at 40965 (1s)

=== n4_w16_fixed reset_stress seed=211 flow=rtl cycles=4096 warmup=512 ===
PASS cycles=4096 fires=2630 stalls=1434 eval_fires=2298 switches=0 wait_max=0
SERVICE 2298 0 0 0
tb/check_vectors.sv:91: $finish called at 40965 (1s)

=== n4_w16_fixed protocol seed=7 flow=generic-netlist cycles=128 warmup=0 ===
PASS cycles=128 fires=14 stalls=18 eval_fires=14 switches=7 wait_max=6
SERVICE 4 3 3 4
tb/check_vectors.sv:91: $finish called at 1285 (1s)

=== n4_w16_fixed sink_stalls seed=29 flow=generic-netlist cycles=4096 warmup=512 ===
PASS cycles=4096 fires=2644 stalls=1450 eval_fires=2319 switches=0 wait_max=0
SERVICE 2319 0 0 0
tb/check_vectors.sv:91: $finish called at 40965 (1s)

=== n4_w16_fixed phase_change seed=29 flow=generic-netlist cycles=4096 warmup=512 ===
PASS cycles=4096 fires=3589 stalls=0 eval_fires=3149 switches=546 wait_max=42
SERVICE 484 917 882 866
tb/check_vectors.sv:91: $finish called at 40965 (1s)

=== n4_w16_q1 protocol seed=7 flow=rtl cycles=128 warmup=0 ===
PASS cycles=128 fires=14 stalls=18 eval_fires=14 switches=12 wait_max=3
SERVICE 4 3 3 4
tb/check_vectors.sv:91: $finish called at 1285 (1s)

=== n4_w16_q1 saturated seed=11 flow=rtl cycles=4096 warmup=512 ===
PASS cycles=4096 fires=4094 stalls=0 eval_fires=3584 switches=3583 wait_max=3
SERVICE 896 896 896 896
tb/check_vectors.sv:91: $finish called at 40965 (1s)

=== n4_w16_q1 saturated seed=29 flow=rtl cycles=4096 warmup=512 ===
PASS cycles=4096 fires=4094 stalls=0 eval_fires=3584 switches=3583 wait_max=3
SERVICE 896 896 896 896
tb/check_vectors.sv:91: $finish called at 40965 (1s)

=== n4_w16_q1 saturated seed=47 flow=rtl cycles=4096 warmup=512 ===
PASS cycles=4096 fires=4094 stalls=0 eval_fires=3584 switches=3583 wait_max=3
SERVICE 896 896 896 896
tb/check_vectors.sv:91: $finish called at 40965 (1s)

=== n4_w16_q1 saturated seed=101 flow=rtl cycles=4096 warmup=512 ===
PASS cycles=4096 fires=4094 stalls=0 eval_fires=3584 switches=3583 wait_max=3
SERVICE 896 896 896 896
tb/check_vectors.sv:91: $finish called at 40965 (1s)

=== n4_w16_q1 saturated seed=211 flow=rtl cycles=4096 warmup=512 ===
PASS cycles=4096 fires=4094 stalls=0 eval_fires=3584 switches=3583 wait_max=3
SERVICE 896 896 896 896
tb/check_vectors.sv:91: $finish called at 40965 (1s)

=== n4_w16_q1 sink_stalls seed=11 flow=rtl cycles=4096 warmup=512 ===
PASS cycles=4096 fires=2673 stalls=1421 eval_fires=2354 switches=2353 wait_max=3
SERVICE 589 588 588 589
tb/check_vectors.sv:91: $finish called at 40965 (1s)

=== n4_w16_q1 sink_stalls seed=29 flow=rtl cycles=4096 warmup=512 ===
PASS cycles=4096 fires=2644 stalls=1450 eval_fires=2319 switches=2318 wait_max=3
SERVICE 579 580 580 580
tb/check_vectors.sv:91: $finish called at 40965 (1s)

=== n4_w16_q1 sink_stalls seed=47 flow=rtl cycles=4096 warmup=512 ===
PASS cycles=4096 fires=2629 stalls=1465 eval_fires=2310 switches=2309 wait_max=3
SERVICE 578 577 577 578
tb/check_vectors.sv:91: $finish called at 40965 (1s)

=== n4_w16_q1 sink_stalls seed=101 flow=rtl cycles=4096 warmup=512 ===
PASS cycles=4096 fires=2628 stalls=1466 eval_fires=2306 switches=2305 wait_max=3
SERVICE 576 576 577 577
tb/check_vectors.sv:91: $finish called at 40965 (1s)

=== n4_w16_q1 sink_stalls seed=211 flow=rtl cycles=4096 warmup=512 ===
PASS cycles=4096 fires=2655 stalls=1439 eval_fires=2321 switches=2320 wait_max=3
SERVICE 580 580 581 580
tb/check_vectors.sv:91: $finish called at 40965 (1s)

=== n4_w16_q1 asymmetric seed=11 flow=rtl cycles=4096 warmup=512 ===
PASS cycles=4096 fires=4094 stalls=0 eval_fires=3584 switches=749 wait_max=3
SERVICE 3192 138 129 125
tb/check_vectors.sv:91: $finish called at 40965 (1s)

=== n4_w16_q1 asymmetric seed=29 flow=rtl cycles=4096 warmup=512 ===
PASS cycles=4096 fires=4094 stalls=0 eval_fires=3584 switches=765 wait_max=3
SERVICE 3184 120 143 137
tb/check_vectors.sv:91: $finish called at 40965 (1s)

=== n4_w16_q1 asymmetric seed=47 flow=rtl cycles=4096 warmup=512 ===
PASS cycles=4096 fires=4094 stalls=0 eval_fires=3584 switches=777 wait_max=2
SERVICE 3176 139 125 144
tb/check_vectors.sv:91: $finish called at 40965 (1s)

=== n4_w16_q1 asymmetric seed=101 flow=rtl cycles=4096 warmup=512 ===
PASS cycles=4096 fires=4094 stalls=0 eval_fires=3584 switches=780 wait_max=2
SERVICE 3182 137 135 130
tb/check_vectors.sv:91: $finish called at 40965 (1s)

=== n4_w16_q1 asymmetric seed=211 flow=rtl cycles=4096 warmup=512 ===
PASS cycles=4096 fires=4094 stalls=0 eval_fires=3584 switches=757 wait_max=3
SERVICE 3190 129 140 125
tb/check_vectors.sv:91: $finish called at 40965 (1s)

=== n4_w16_q1 bursty seed=11 flow=rtl cycles=4096 warmup=512 ===
PASS cycles=4096 fires=1344 stalls=0 eval_fires=1184 switches=147 wait_max=0
SERVICE 296 296 296 296
tb/check_vectors.sv:91: $finish called at 40965 (1s)

=== n4_w16_q1 bursty seed=29 flow=rtl cycles=4096 warmup=512 ===
PASS cycles=4096 fires=1344 stalls=0 eval_fires=1184 switches=147 wait_max=0
SERVICE 296 296 296 296
tb/check_vectors.sv:91: $finish called at 40965 (1s)

=== n4_w16_q1 bursty seed=47 flow=rtl cycles=4096 warmup=512 ===
PASS cycles=4096 fires=1344 stalls=0 eval_fires=1184 switches=147 wait_max=0
SERVICE 296 296 296 296
tb/check_vectors.sv:91: $finish called at 40965 (1s)

=== n4_w16_q1 bursty seed=101 flow=rtl cycles=4096 warmup=512 ===
PASS cycles=4096 fires=1344 stalls=0 eval_fires=1184 switches=147 wait_max=0
SERVICE 296 296 296 296
tb/check_vectors.sv:91: $finish called at 40965 (1s)

=== n4_w16_q1 bursty seed=211 flow=rtl cycles=4096 warmup=512 ===
PASS cycles=4096 fires=1344 stalls=0 eval_fires=1184 switches=147 wait_max=0
SERVICE 296 296 296 296
tb/check_vectors.sv:91: $finish called at 40965 (1s)

=== n4_w16_q1 light seed=11 flow=rtl cycles=4096 warmup=512 ===
PASS cycles=4096 fires=2503 stalls=0 eval_fires=2207 switches=1938 wait_max=3
SERVICE 538 516 575 578
tb/check_vectors.sv:91: $finish called at 40965 (1s)

=== n4_w16_q1 light seed=29 flow=rtl cycles=4096 warmup=512 ===
PASS cycles=4096 fires=2485 stalls=0 eval_fires=2177 switches=1881 wait_max=3
SERVICE 562 553 529 533
tb/check_vectors.sv:91: $finish called at 40965 (1s)

=== n4_w16_q1 light seed=47 flow=rtl cycles=4096 warmup=512 ===
PASS cycles=4096 fires=2419 stalls=0 eval_fires=2127 switches=1857 wait_max=3
SERVICE 524 537 512 554
tb/check_vectors.sv:91: $finish called at 40965 (1s)

=== n4_w16_q1 light seed=101 flow=rtl cycles=4096 warmup=512 ===
PASS cycles=4096 fires=2481 stalls=0 eval_fires=2170 switches=1868 wait_max=3
SERVICE 520 544 561 545
tb/check_vectors.sv:91: $finish called at 40965 (1s)

=== n4_w16_q1 light seed=211 flow=rtl cycles=4096 warmup=512 ===
PASS cycles=4096 fires=2416 stalls=0 eval_fires=2109 switches=1776 wait_max=3
SERVICE 525 535 527 522
tb/check_vectors.sv:91: $finish called at 40965 (1s)

=== n4_w16_q1 phase_change seed=11 flow=rtl cycles=4096 warmup=512 ===
PASS cycles=4096 fires=3605 stalls=0 eval_fires=3158 switches=534 wait_max=3
SERVICE 469 900 911 878
tb/check_vectors.sv:91: $finish called at 40965 (1s)

=== n4_w16_q1 phase_change seed=29 flow=rtl cycles=4096 warmup=512 ===
PASS cycles=4096 fires=3589 stalls=0 eval_fires=3149 switches=568 wait_max=3
SERVICE 484 917 882 866
tb/check_vectors.sv:91: $finish called at 40965 (1s)

=== n4_w16_q1 phase_change seed=47 flow=rtl cycles=4096 warmup=512 ===
PASS cycles=4096 fires=3607 stalls=0 eval_fires=3175 switches=559 wait_max=2
SERVICE 502 884 904 885
tb/check_vectors.sv:91: $finish called at 40965 (1s)

=== n4_w16_q1 phase_change seed=101 flow=rtl cycles=4096 warmup=512 ===
PASS cycles=4096 fires=3604 stalls=0 eval_fires=3160 switches=562 wait_max=3
SERVICE 491 891 897 881
tb/check_vectors.sv:91: $finish called at 40965 (1s)

=== n4_w16_q1 phase_change seed=211 flow=rtl cycles=4096 warmup=512 ===
PASS cycles=4096 fires=3558 stalls=0 eval_fires=3119 switches=552 wait_max=2
SERVICE 496 879 879 865
tb/check_vectors.sv:91: $finish called at 40965 (1s)

=== n4_w16_q1 reset_stress seed=11 flow=rtl cycles=4096 warmup=512 ===
PASS cycles=4096 fires=2648 stalls=1416 eval_fires=2329 switches=2314 wait_max=3
SERVICE 586 586 579 578
tb/check_vectors.sv:91: $finish called at 40965 (1s)

=== n4_w16_q1 reset_stress seed=29 flow=rtl cycles=4096 warmup=512 ===
PASS cycles=4096 fires=2620 stalls=1444 eval_fires=2296 switches=2281 wait_max=3
SERVICE 579 575 572 570
tb/check_vectors.sv:91: $finish called at 40965 (1s)

=== n4_w16_q1 reset_stress seed=47 flow=rtl cycles=4096 warmup=512 ===
PASS cycles=4096 fires=2606 stalls=1458 eval_fires=2289 switches=2274 wait_max=3
SERVICE 578 574 570 567
tb/check_vectors.sv:91: $finish called at 40965 (1s)

=== n4_w16_q1 reset_stress seed=101 flow=rtl cycles=4096 warmup=512 ===
PASS cycles=4096 fires=2606 stalls=1458 eval_fires=2285 switches=2270 wait_max=3
SERVICE 578 574 568 565
tb/check_vectors.sv:91: $finish called at 40965 (1s)

=== n4_w16_q1 reset_stress seed=211 flow=rtl cycles=4096 warmup=512 ===
PASS cycles=4096 fires=2630 stalls=1434 eval_fires=2298 switches=2283 wait_max=3
SERVICE 582 577 570 569
tb/check_vectors.sv:91: $finish called at 40965 (1s)

=== n4_w16_q1 protocol seed=7 flow=generic-netlist cycles=128 warmup=0 ===
PASS cycles=128 fires=14 stalls=18 eval_fires=14 switches=12 wait_max=3
SERVICE 4 3 3 4
tb/check_vectors.sv:91: $finish called at 1285 (1s)

=== n4_w16_q1 sink_stalls seed=29 flow=generic-netlist cycles=4096 warmup=512 ===
PASS cycles=4096 fires=2644 stalls=1450 eval_fires=2319 switches=2318 wait_max=3
SERVICE 579 580 580 580
tb/check_vectors.sv:91: $finish called at 40965 (1s)

=== n4_w16_q1 phase_change seed=29 flow=generic-netlist cycles=4096 warmup=512 ===
PASS cycles=4096 fires=3589 stalls=0 eval_fires=3149 switches=568 wait_max=3
SERVICE 484 917 882 866
tb/check_vectors.sv:91: $finish called at 40965 (1s)

=== n4_w16_q4 protocol seed=7 flow=rtl cycles=128 warmup=0 ===
VCD info: dumpfile wave.vcd opened for output.
PASS cycles=128 fires=14 stalls=18 eval_fires=14 switches=6 wait_max=6
SERVICE 4 3 3 4
tb/check_vectors.sv:91: $finish called at 1285 (1s)

=== n4_w16_q4 saturated seed=11 flow=rtl cycles=4096 warmup=512 ===
PASS cycles=4096 fires=4094 stalls=0 eval_fires=3584 switches=896 wait_max=12
SERVICE 896 896 896 896
tb/check_vectors.sv:91: $finish called at 40965 (1s)

=== n4_w16_q4 saturated seed=29 flow=rtl cycles=4096 warmup=512 ===
PASS cycles=4096 fires=4094 stalls=0 eval_fires=3584 switches=896 wait_max=12
SERVICE 896 896 896 896
tb/check_vectors.sv:91: $finish called at 40965 (1s)

=== n4_w16_q4 saturated seed=47 flow=rtl cycles=4096 warmup=512 ===
PASS cycles=4096 fires=4094 stalls=0 eval_fires=3584 switches=896 wait_max=12
SERVICE 896 896 896 896
tb/check_vectors.sv:91: $finish called at 40965 (1s)

=== n4_w16_q4 saturated seed=101 flow=rtl cycles=4096 warmup=512 ===
PASS cycles=4096 fires=4094 stalls=0 eval_fires=3584 switches=896 wait_max=12
SERVICE 896 896 896 896
tb/check_vectors.sv:91: $finish called at 40965 (1s)

=== n4_w16_q4 saturated seed=211 flow=rtl cycles=4096 warmup=512 ===
PASS cycles=4096 fires=4094 stalls=0 eval_fires=3584 switches=896 wait_max=12
SERVICE 896 896 896 896
tb/check_vectors.sv:91: $finish called at 40965 (1s)

=== n4_w16_q4 sink_stalls seed=11 flow=rtl cycles=4096 warmup=512 ===
PASS cycles=4096 fires=2673 stalls=1421 eval_fires=2354 switches=589 wait_max=12
SERVICE 589 588 588 589
tb/check_vectors.sv:91: $finish called at 40965 (1s)

=== n4_w16_q4 sink_stalls seed=29 flow=rtl cycles=4096 warmup=512 ===
PASS cycles=4096 fires=2644 stalls=1450 eval_fires=2319 switches=579 wait_max=12
SERVICE 580 579 580 580
tb/check_vectors.sv:91: $finish called at 40965 (1s)

=== n4_w16_q4 sink_stalls seed=47 flow=rtl cycles=4096 warmup=512 ===
PASS cycles=4096 fires=2629 stalls=1465 eval_fires=2310 switches=578 wait_max=12
SERVICE 580 577 576 577
tb/check_vectors.sv:91: $finish called at 40965 (1s)

=== n4_w16_q4 sink_stalls seed=101 flow=rtl cycles=4096 warmup=512 ===
PASS cycles=4096 fires=2628 stalls=1466 eval_fires=2306 switches=576 wait_max=12
SERVICE 578 576 576 576
tb/check_vectors.sv:91: $finish called at 40965 (1s)

=== n4_w16_q4 sink_stalls seed=211 flow=rtl cycles=4096 warmup=512 ===
PASS cycles=4096 fires=2655 stalls=1439 eval_fires=2321 switches=580 wait_max=12
SERVICE 580 580 580 581
tb/check_vectors.sv:91: $finish called at 40965 (1s)

=== n4_w16_q4 asymmetric seed=11 flow=rtl cycles=4096 warmup=512 ===
PASS cycles=4096 fires=4094 stalls=0 eval_fires=3584 switches=658 wait_max=6
SERVICE 3192 138 129 125
tb/check_vectors.sv:91: $finish called at 40965 (1s)

=== n4_w16_q4 asymmetric seed=29 flow=rtl cycles=4096 warmup=512 ===
PASS cycles=4096 fires=4094 stalls=0 eval_fires=3584 switches=622 wait_max=6
SERVICE 3184 120 143 137
tb/check_vectors.sv:91: $finish called at 40965 (1s)

=== n4_w16_q4 asymmetric seed=47 flow=rtl cycles=4096 warmup=512 ===
PASS cycles=4096 fires=4094 stalls=0 eval_fires=3584 switches=653 wait_max=5
SERVICE 3176 139 125 144
tb/check_vectors.sv:91: $finish called at 40965 (1s)

=== n4_w16_q4 asymmetric seed=101 flow=rtl cycles=4096 warmup=512 ===
PASS cycles=4096 fires=4094 stalls=0 eval_fires=3584 switches=690 wait_max=6
SERVICE 3182 137 135 130
tb/check_vectors.sv:91: $finish called at 40965 (1s)

=== n4_w16_q4 asymmetric seed=211 flow=rtl cycles=4096 warmup=512 ===
PASS cycles=4096 fires=4094 stalls=0 eval_fires=3584 switches=638 wait_max=5
SERVICE 3190 129 140 125
tb/check_vectors.sv:91: $finish called at 40965 (1s)

=== n4_w16_q4 bursty seed=11 flow=rtl cycles=4096 warmup=512 ===
PASS cycles=4096 fires=1344 stalls=0 eval_fires=1184 switches=147 wait_max=0
SERVICE 296 296 296 296
tb/check_vectors.sv:91: $finish called at 40965 (1s)

=== n4_w16_q4 bursty seed=29 flow=rtl cycles=4096 warmup=512 ===
PASS cycles=4096 fires=1344 stalls=0 eval_fires=1184 switches=147 wait_max=0
SERVICE 296 296 296 296
tb/check_vectors.sv:91: $finish called at 40965 (1s)

=== n4_w16_q4 bursty seed=47 flow=rtl cycles=4096 warmup=512 ===
PASS cycles=4096 fires=1344 stalls=0 eval_fires=1184 switches=147 wait_max=0
SERVICE 296 296 296 296
tb/check_vectors.sv:91: $finish called at 40965 (1s)

=== n4_w16_q4 bursty seed=101 flow=rtl cycles=4096 warmup=512 ===
PASS cycles=4096 fires=1344 stalls=0 eval_fires=1184 switches=147 wait_max=0
SERVICE 296 296 296 296
tb/check_vectors.sv:91: $finish called at 40965 (1s)

=== n4_w16_q4 bursty seed=211 flow=rtl cycles=4096 warmup=512 ===
PASS cycles=4096 fires=1344 stalls=0 eval_fires=1184 switches=147 wait_max=0
SERVICE 296 296 296 296
tb/check_vectors.sv:91: $finish called at 40965 (1s)

=== n4_w16_q4 light seed=11 flow=rtl cycles=4096 warmup=512 ===
PASS cycles=4096 fires=2503 stalls=0 eval_fires=2207 switches=1630 wait_max=7
SERVICE 538 516 575 578
tb/check_vectors.sv:91: $finish called at 40965 (1s)

=== n4_w16_q4 light seed=29 flow=rtl cycles=4096 warmup=512 ===
PASS cycles=4096 fires=2485 stalls=0 eval_fires=2177 switches=1593 wait_max=9
SERVICE 564 553 528 532
tb/check_vectors.sv:91: $finish called at 40965 (1s)

=== n4_w16_q4 light seed=47 flow=rtl cycles=4096 warmup=512 ===
PASS cycles=4096 fires=2419 stalls=0 eval_fires=2127 switches=1570 wait_max=8
SERVICE 524 537 512 554
tb/check_vectors.sv:91: $finish called at 40965 (1s)

=== n4_w16_q4 light seed=101 flow=rtl cycles=4096 warmup=512 ===
PASS cycles=4096 fires=2481 stalls=0 eval_fires=2170 switches=1575 wait_max=7
SERVICE 520 544 561 545
tb/check_vectors.sv:91: $finish called at 40965 (1s)

=== n4_w16_q4 light seed=211 flow=rtl cycles=4096 warmup=512 ===
PASS cycles=4096 fires=2416 stalls=0 eval_fires=2109 switches=1512 wait_max=10
SERVICE 526 535 526 522
tb/check_vectors.sv:91: $finish called at 40965 (1s)

=== n4_w16_q4 phase_change seed=11 flow=rtl cycles=4096 warmup=512 ===
PASS cycles=4096 fires=3605 stalls=0 eval_fires=3158 switches=487 wait_max=5
SERVICE 469 900 911 878
tb/check_vectors.sv:91: $finish called at 40965 (1s)

=== n4_w16_q4 phase_change seed=29 flow=rtl cycles=4096 warmup=512 ===
PASS cycles=4096 fires=3589 stalls=0 eval_fires=3149 switches=501 wait_max=5
SERVICE 483 917 882 867
tb/check_vectors.sv:91: $finish called at 40965 (1s)

=== n4_w16_q4 phase_change seed=47 flow=rtl cycles=4096 warmup=512 ===
PASS cycles=4096 fires=3607 stalls=0 eval_fires=3175 switches=511 wait_max=8
SERVICE 502 884 904 885
tb/check_vectors.sv:91: $finish called at 40965 (1s)

=== n4_w16_q4 phase_change seed=101 flow=rtl cycles=4096 warmup=512 ===
PASS cycles=4096 fires=3604 stalls=0 eval_fires=3160 switches=506 wait_max=8
SERVICE 491 891 897 881
tb/check_vectors.sv:91: $finish called at 40965 (1s)

=== n4_w16_q4 phase_change seed=211 flow=rtl cycles=4096 warmup=512 ===
PASS cycles=4096 fires=3558 stalls=0 eval_fires=3119 switches=499 wait_max=8
SERVICE 494 880 880 865
tb/check_vectors.sv:91: $finish called at 40965 (1s)

=== n4_w16_q4 reset_stress seed=11 flow=rtl cycles=4096 warmup=512 ===
PASS cycles=4096 fires=2648 stalls=1416 eval_fires=2329 switches=571 wait_max=12
SERVICE 596 587 578 568
tb/check_vectors.sv:91: $finish called at 40965 (1s)

=== n4_w16_q4 reset_stress seed=29 flow=rtl cycles=4096 warmup=512 ===
PASS cycles=4096 fires=2620 stalls=1444 eval_fires=2296 switches=565 wait_max=12
SERVICE 592 582 574 548
tb/check_vectors.sv:91: $finish called at 40965 (1s)

=== n4_w16_q4 reset_stress seed=47 flow=rtl cycles=4096 warmup=512 ===
PASS cycles=4096 fires=2606 stalls=1458 eval_fires=2289 switches=564 wait_max=12
SERVICE 594 582 564 549
tb/check_vectors.sv:91: $finish called at 40965 (1s)

=== n4_w16_q4 reset_stress seed=101 flow=rtl cycles=4096 warmup=512 ===
PASS cycles=4096 fires=2606 stalls=1458 eval_fires=2285 switches=563 wait_max=12
SERVICE 592 576 565 552
tb/check_vectors.sv:91: $finish called at 40965 (1s)

=== n4_w16_q4 reset_stress seed=211 flow=rtl cycles=4096 warmup=512 ===
PASS cycles=4096 fires=2630 stalls=1434 eval_fires=2298 switches=567 wait_max=12
SERVICE 595 588 567 548
tb/check_vectors.sv:91: $finish called at 40965 (1s)

=== n4_w16_q4 protocol seed=7 flow=generic-netlist cycles=128 warmup=0 ===
PASS cycles=128 fires=14 stalls=18 eval_fires=14 switches=6 wait_max=6
SERVICE 4 3 3 4
tb/check_vectors.sv:91: $finish called at 1285 (1s)

=== n4_w16_q4 sink_stalls seed=29 flow=generic-netlist cycles=4096 warmup=512 ===
PASS cycles=4096 fires=2644 stalls=1450 eval_fires=2319 switches=579 wait_max=12
SERVICE 580 579 580 580
tb/check_vectors.sv:91: $finish called at 40965 (1s)

=== n4_w16_q4 phase_change seed=29 flow=generic-netlist cycles=4096 warmup=512 ===
PASS cycles=4096 fires=3589 stalls=0 eval_fires=3149 switches=501 wait_max=5
SERVICE 483 917 882 867
tb/check_vectors.sv:91: $finish called at 40965 (1s)

=== n4_w16_q8 protocol seed=7 flow=rtl cycles=128 warmup=0 ===
PASS cycles=128 fires=14 stalls=18 eval_fires=14 switches=6 wait_max=6
SERVICE 4 3 3 4
tb/check_vectors.sv:91: $finish called at 1285 (1s)

=== n4_w16_q8 saturated seed=11 flow=rtl cycles=4096 warmup=512 ===
PASS cycles=4096 fires=4094 stalls=0 eval_fires=3584 switches=448 wait_max=24
SERVICE 896 896 896 896
tb/check_vectors.sv:91: $finish called at 40965 (1s)

=== n4_w16_q8 saturated seed=29 flow=rtl cycles=4096 warmup=512 ===
PASS cycles=4096 fires=4094 stalls=0 eval_fires=3584 switches=448 wait_max=24
SERVICE 896 896 896 896
tb/check_vectors.sv:91: $finish called at 40965 (1s)

=== n4_w16_q8 saturated seed=47 flow=rtl cycles=4096 warmup=512 ===
PASS cycles=4096 fires=4094 stalls=0 eval_fires=3584 switches=448 wait_max=24
SERVICE 896 896 896 896
tb/check_vectors.sv:91: $finish called at 40965 (1s)

=== n4_w16_q8 saturated seed=101 flow=rtl cycles=4096 warmup=512 ===
PASS cycles=4096 fires=4094 stalls=0 eval_fires=3584 switches=448 wait_max=24
SERVICE 896 896 896 896
tb/check_vectors.sv:91: $finish called at 40965 (1s)

=== n4_w16_q8 saturated seed=211 flow=rtl cycles=4096 warmup=512 ===
PASS cycles=4096 fires=4094 stalls=0 eval_fires=3584 switches=448 wait_max=24
SERVICE 896 896 896 896
tb/check_vectors.sv:91: $finish called at 40965 (1s)

=== n4_w16_q8 sink_stalls seed=11 flow=rtl cycles=4096 warmup=512 ===
PASS cycles=4096 fires=2673 stalls=1421 eval_fires=2354 switches=295 wait_max=24
SERVICE 592 592 585 585
tb/check_vectors.sv:91: $finish called at 40965 (1s)

=== n4_w16_q8 sink_stalls seed=29 flow=rtl cycles=4096 warmup=512 ===
PASS cycles=4096 fires=2644 stalls=1450 eval_fires=2319 switches=290 wait_max=24
SERVICE 579 584 580 576
tb/check_vectors.sv:91: $finish called at 40965 (1s)

=== n4_w16_q8 sink_stalls seed=47 flow=rtl cycles=4096 warmup=512 ===
PASS cycles=4096 fires=2629 stalls=1465 eval_fires=2310 switches=289 wait_max=24
SERVICE 581 576 576 577
tb/check_vectors.sv:91: $finish called at 40965 (1s)

=== n4_w16_q8 sink_stalls seed=101 flow=rtl cycles=4096 warmup=512 ===
PASS cycles=4096 fires=2628 stalls=1466 eval_fires=2306 switches=288 wait_max=24
SERVICE 578 576 576 576
tb/check_vectors.sv:91: $finish called at 40965 (1s)

=== n4_w16_q8 sink_stalls seed=211 flow=rtl cycles=4096 warmup=512 ===
PASS cycles=4096 fires=2655 stalls=1439 eval_fires=2321 switches=290 wait_max=24
SERVICE 576 578 584 583
tb/check_vectors.sv:91: $finish called at 40965 (1s)

=== n4_w16_q8 asymmetric seed=11 flow=rtl cycles=4096 warmup=512 ===
PASS cycles=4096 fires=4094 stalls=0 eval_fires=3584 switches=582 wait_max=11
SERVICE 3192 138 129 125
tb/check_vectors.sv:91: $finish called at 40965 (1s)

=== n4_w16_q8 asymmetric seed=29 flow=rtl cycles=4096 warmup=512 ===
PASS cycles=4096 fires=4094 stalls=0 eval_fires=3584 switches=548 wait_max=11
SERVICE 3183 121 144 136
tb/check_vectors.sv:91: $finish called at 40965 (1s)

=== n4_w16_q8 asymmetric seed=47 flow=rtl cycles=4096 warmup=512 ===
PASS cycles=4096 fires=4094 stalls=0 eval_fires=3584 switches=580 wait_max=9
SERVICE 3176 139 125 144
tb/check_vectors.sv:91: $finish called at 40965 (1s)

=== n4_w16_q8 asymmetric seed=101 flow=rtl cycles=4096 warmup=512 ===
PASS cycles=4096 fires=4094 stalls=0 eval_fires=3584 switches=594 wait_max=10
SERVICE 3180 139 135 130
tb/check_vectors.sv:91: $finish called at 40965 (1s)

=== n4_w16_q8 asymmetric seed=211 flow=rtl cycles=4096 warmup=512 ===
PASS cycles=4096 fires=4094 stalls=0 eval_fires=3584 switches=569 wait_max=10
SERVICE 3190 129 140 125
tb/check_vectors.sv:91: $finish called at 40965 (1s)

=== n4_w16_q8 bursty seed=11 flow=rtl cycles=4096 warmup=512 ===
PASS cycles=4096 fires=1344 stalls=0 eval_fires=1184 switches=147 wait_max=0
SERVICE 296 296 296 296
tb/check_vectors.sv:91: $finish called at 40965 (1s)

=== n4_w16_q8 bursty seed=29 flow=rtl cycles=4096 warmup=512 ===
PASS cycles=4096 fires=1344 stalls=0 eval_fires=1184 switches=147 wait_max=0
SERVICE 296 296 296 296
tb/check_vectors.sv:91: $finish called at 40965 (1s)

=== n4_w16_q8 bursty seed=47 flow=rtl cycles=4096 warmup=512 ===
PASS cycles=4096 fires=1344 stalls=0 eval_fires=1184 switches=147 wait_max=0
SERVICE 296 296 296 296
tb/check_vectors.sv:91: $finish called at 40965 (1s)

=== n4_w16_q8 bursty seed=101 flow=rtl cycles=4096 warmup=512 ===
PASS cycles=4096 fires=1344 stalls=0 eval_fires=1184 switches=147 wait_max=0
SERVICE 296 296 296 296
tb/check_vectors.sv:91: $finish called at 40965 (1s)

=== n4_w16_q8 bursty seed=211 flow=rtl cycles=4096 warmup=512 ===
PASS cycles=4096 fires=1344 stalls=0 eval_fires=1184 switches=147 wait_max=0
SERVICE 296 296 296 296
tb/check_vectors.sv:91: $finish called at 40965 (1s)

=== n4_w16_q8 light seed=11 flow=rtl cycles=4096 warmup=512 ===
PASS cycles=4096 fires=2503 stalls=0 eval_fires=2207 switches=1624 wait_max=12
SERVICE 538 516 575 578
tb/check_vectors.sv:91: $finish called at 40965 (1s)

=== n4_w16_q8 light seed=29 flow=rtl cycles=4096 warmup=512 ===
PASS cycles=4096 fires=2485 stalls=0 eval_fires=2177 switches=1589 wait_max=10
SERVICE 564 553 528 532
tb/check_vectors.sv:91: $finish called at 40965 (1s)

=== n4_w16_q8 light seed=47 flow=rtl cycles=4096 warmup=512 ===
PASS cycles=4096 fires=2419 stalls=0 eval_fires=2127 switches=1562 wait_max=11
SERVICE 524 537 512 554
tb/check_vectors.sv:91: $finish called at 40965 (1s)

=== n4_w16_q8 light seed=101 flow=rtl cycles=4096 warmup=512 ===
PASS cycles=4096 fires=2481 stalls=0 eval_fires=2170 switches=1573 wait_max=8
SERVICE 520 544 561 545
tb/check_vectors.sv:91: $finish called at 40965 (1s)

=== n4_w16_q8 light seed=211 flow=rtl cycles=4096 warmup=512 ===
PASS cycles=4096 fires=2416 stalls=0 eval_fires=2109 switches=1510 wait_max=9
SERVICE 526 535 526 522
tb/check_vectors.sv:91: $finish called at 40965 (1s)

=== n4_w16_q8 phase_change seed=11 flow=rtl cycles=4096 warmup=512 ===
PASS cycles=4096 fires=3605 stalls=0 eval_fires=3158 switches=459 wait_max=9
SERVICE 469 900 911 878
tb/check_vectors.sv:91: $finish called at 40965 (1s)

=== n4_w16_q8 phase_change seed=29 flow=rtl cycles=4096 warmup=512 ===
PASS cycles=4096 fires=3589 stalls=0 eval_fires=3149 switches=468 wait_max=9
SERVICE 483 917 882 867
tb/check_vectors.sv:91: $finish called at 40965 (1s)

=== n4_w16_q8 phase_change seed=47 flow=rtl cycles=4096 warmup=512 ===
PASS cycles=4096 fires=3607 stalls=0 eval_fires=3175 switches=478 wait_max=15
SERVICE 500 885 904 886
tb/check_vectors.sv:91: $finish called at 40965 (1s)

=== n4_w16_q8 phase_change seed=101 flow=rtl cycles=4096 warmup=512 ===
PASS cycles=4096 fires=3604 stalls=0 eval_fires=3160 switches=471 wait_max=12
SERVICE 491 891 897 881
tb/check_vectors.sv:91: $finish called at 40965 (1s)

=== n4_w16_q8 phase_change seed=211 flow=rtl cycles=4096 warmup=512 ===
PASS cycles=4096 fires=3558 stalls=0 eval_fires=3119 switches=470 wait_max=9
SERVICE 496 879 879 865
tb/check_vectors.sv:91: $finish called at 40965 (1s)

=== n4_w16_q8 reset_stress seed=11 flow=rtl cycles=4096 warmup=512 ===
PASS cycles=4096 fires=2648 stalls=1416 eval_fires=2329 switches=281 wait_max=24
SERVICE 626 600 557 546
tb/check_vectors.sv:91: $finish called at 40965 (1s)

=== n4_w16_q8 reset_stress seed=29 flow=rtl cycles=4096 warmup=512 ===
PASS cycles=4096 fires=2620 stalls=1444 eval_fires=2296 switches=280 wait_max=24
SERVICE 614 587 560 535
tb/check_vectors.sv:91: $finish called at 40965 (1s)

=== n4_w16_q8 reset_stress seed=47 flow=rtl cycles=4096 warmup=512 ===
PASS cycles=4096 fires=2606 stalls=1458 eval_fires=2289 switches=279 wait_max=24
SERVICE 629 577 547 536
tb/check_vectors.sv:91: $finish called at 40965 (1s)

=== n4_w16_q8 reset_stress seed=101 flow=rtl cycles=4096 warmup=512 ===
PASS cycles=4096 fires=2606 stalls=1458 eval_fires=2285 switches=278 wait_max=24
SERVICE 614 581 554 536
tb/check_vectors.sv:91: $finish called at 40965 (1s)

=== n4_w16_q8 reset_stress seed=211 flow=rtl cycles=4096 warmup=512 ===
PASS cycles=4096 fires=2630 stalls=1434 eval_fires=2298 switches=281 wait_max=24
SERVICE 611 585 572 530
tb/check_vectors.sv:91: $finish called at 40965 (1s)

=== n4_w16_q8 protocol seed=7 flow=generic-netlist cycles=128 warmup=0 ===
PASS cycles=128 fires=14 stalls=18 eval_fires=14 switches=6 wait_max=6
SERVICE 4 3 3 4
tb/check_vectors.sv:91: $finish called at 1285 (1s)

=== n4_w16_q8 sink_stalls seed=29 flow=generic-netlist cycles=4096 warmup=512 ===
PASS cycles=4096 fires=2644 stalls=1450 eval_fires=2319 switches=290 wait_max=24
SERVICE 579 584 580 576
tb/check_vectors.sv:91: $finish called at 40965 (1s)

=== n4_w16_q8 phase_change seed=29 flow=generic-netlist cycles=4096 warmup=512 ===
PASS cycles=4096 fires=3589 stalls=0 eval_fires=3149 switches=468 wait_max=9
SERVICE 483 917 882 867
tb/check_vectors.sv:91: $finish called at 40965 (1s)

=== n8_w16_fixed protocol seed=7 flow=rtl cycles=128 warmup=0 ===
PASS cycles=128 fires=26 stalls=18 eval_fires=26 switches=15 wait_max=14
SERVICE 4 3 3 3 3 3 3 4
tb/check_vectors.sv:91: $finish called at 1285 (1s)

=== n8_w16_fixed saturated seed=11 flow=rtl cycles=4096 warmup=512 ===
PASS cycles=4096 fires=4094 stalls=0 eval_fires=3584 switches=0 wait_max=0
SERVICE 3584 0 0 0 0 0 0 0
tb/check_vectors.sv:91: $finish called at 40965 (1s)

=== n8_w16_fixed saturated seed=29 flow=rtl cycles=4096 warmup=512 ===
PASS cycles=4096 fires=4094 stalls=0 eval_fires=3584 switches=0 wait_max=0
SERVICE 3584 0 0 0 0 0 0 0
tb/check_vectors.sv:91: $finish called at 40965 (1s)

=== n8_w16_fixed saturated seed=47 flow=rtl cycles=4096 warmup=512 ===
PASS cycles=4096 fires=4094 stalls=0 eval_fires=3584 switches=0 wait_max=0
SERVICE 3584 0 0 0 0 0 0 0
tb/check_vectors.sv:91: $finish called at 40965 (1s)

=== n8_w16_fixed saturated seed=101 flow=rtl cycles=4096 warmup=512 ===
PASS cycles=4096 fires=4094 stalls=0 eval_fires=3584 switches=0 wait_max=0
SERVICE 3584 0 0 0 0 0 0 0
tb/check_vectors.sv:91: $finish called at 40965 (1s)

=== n8_w16_fixed saturated seed=211 flow=rtl cycles=4096 warmup=512 ===
PASS cycles=4096 fires=4094 stalls=0 eval_fires=3584 switches=0 wait_max=0
SERVICE 3584 0 0 0 0 0 0 0
tb/check_vectors.sv:91: $finish called at 40965 (1s)

=== n8_w16_fixed sink_stalls seed=11 flow=rtl cycles=4096 warmup=512 ===
PASS cycles=4096 fires=2673 stalls=1421 eval_fires=2354 switches=0 wait_max=0
SERVICE 2354 0 0 0 0 0 0 0
tb/check_vectors.sv:91: $finish called at 40965 (1s)

=== n8_w16_fixed sink_stalls seed=29 flow=rtl cycles=4096 warmup=512 ===
PASS cycles=4096 fires=2644 stalls=1450 eval_fires=2319 switches=0 wait_max=0
SERVICE 2319 0 0 0 0 0 0 0
tb/check_vectors.sv:91: $finish called at 40965 (1s)

=== n8_w16_fixed sink_stalls seed=47 flow=rtl cycles=4096 warmup=512 ===
PASS cycles=4096 fires=2629 stalls=1465 eval_fires=2310 switches=0 wait_max=0
SERVICE 2310 0 0 0 0 0 0 0
tb/check_vectors.sv:91: $finish called at 40965 (1s)

=== n8_w16_fixed sink_stalls seed=101 flow=rtl cycles=4096 warmup=512 ===
PASS cycles=4096 fires=2628 stalls=1466 eval_fires=2306 switches=0 wait_max=0
SERVICE 2306 0 0 0 0 0 0 0
tb/check_vectors.sv:91: $finish called at 40965 (1s)

=== n8_w16_fixed sink_stalls seed=211 flow=rtl cycles=4096 warmup=512 ===
PASS cycles=4096 fires=2655 stalls=1439 eval_fires=2321 switches=0 wait_max=0
SERVICE 2321 0 0 0 0 0 0 0
tb/check_vectors.sv:91: $finish called at 40965 (1s)

=== n8_w16_fixed asymmetric seed=11 flow=rtl cycles=4096 warmup=512 ===
PASS cycles=4096 fires=4094 stalls=0 eval_fires=3584 switches=0 wait_max=0
SERVICE 3584 0 0 0 0 0 0 0
tb/check_vectors.sv:91: $finish called at 40965 (1s)

=== n8_w16_fixed asymmetric seed=29 flow=rtl cycles=4096 warmup=512 ===
PASS cycles=4096 fires=4094 stalls=0 eval_fires=3584 switches=0 wait_max=0
SERVICE 3584 0 0 0 0 0 0 0
tb/check_vectors.sv:91: $finish called at 40965 (1s)

=== n8_w16_fixed asymmetric seed=47 flow=rtl cycles=4096 warmup=512 ===
PASS cycles=4096 fires=4094 stalls=0 eval_fires=3584 switches=0 wait_max=0
SERVICE 3584 0 0 0 0 0 0 0
tb/check_vectors.sv:91: $finish called at 40965 (1s)

=== n8_w16_fixed asymmetric seed=101 flow=rtl cycles=4096 warmup=512 ===
PASS cycles=4096 fires=4094 stalls=0 eval_fires=3584 switches=0 wait_max=0
SERVICE 3584 0 0 0 0 0 0 0
tb/check_vectors.sv:91: $finish called at 40965 (1s)

=== n8_w16_fixed asymmetric seed=211 flow=rtl cycles=4096 warmup=512 ===
PASS cycles=4096 fires=4094 stalls=0 eval_fires=3584 switches=0 wait_max=0
SERVICE 3584 0 0 0 0 0 0 0
tb/check_vectors.sv:91: $finish called at 40965 (1s)

=== n8_w16_fixed bursty seed=11 flow=rtl cycles=4096 warmup=512 ===
PASS cycles=4096 fires=2696 stalls=0 eval_fires=2368 switches=369 wait_max=8
SERVICE 296 296 296 296 296 296 296 296
tb/check_vectors.sv:91: $finish called at 40965 (1s)

=== n8_w16_fixed bursty seed=29 flow=rtl cycles=4096 warmup=512 ===
PASS cycles=4096 fires=2696 stalls=0 eval_fires=2368 switches=369 wait_max=8
SERVICE 296 296 296 296 296 296 296 296
tb/check_vectors.sv:91: $finish called at 40965 (1s)

=== n8_w16_fixed bursty seed=47 flow=rtl cycles=4096 warmup=512 ===
PASS cycles=4096 fires=2696 stalls=0 eval_fires=2368 switches=369 wait_max=8
SERVICE 296 296 296 296 296 296 296 296
tb/check_vectors.sv:91: $finish called at 40965 (1s)

=== n8_w16_fixed bursty seed=101 flow=rtl cycles=4096 warmup=512 ===
PASS cycles=4096 fires=2696 stalls=0 eval_fires=2368 switches=369 wait_max=8
SERVICE 296 296 296 296 296 296 296 296
tb/check_vectors.sv:91: $finish called at 40965 (1s)

=== n8_w16_fixed bursty seed=211 flow=rtl cycles=4096 warmup=512 ===
PASS cycles=4096 fires=2696 stalls=0 eval_fires=2368 switches=369 wait_max=8
SERVICE 296 296 296 296 296 296 296 296
tb/check_vectors.sv:91: $finish called at 40965 (1s)

=== n8_w16_fixed light seed=11 flow=rtl cycles=4096 warmup=512 ===
PASS cycles=4096 fires=2503 stalls=0 eval_fires=2183 switches=1902 wait_max=16
SERVICE 267 253 302 290 261 255 278 277
tb/check_vectors.sv:91: $finish called at 40965 (1s)

=== n8_w16_fixed light seed=29 flow=rtl cycles=4096 warmup=512 ===
PASS cycles=4096 fires=2511 stalls=0 eval_fires=2193 switches=1933 wait_max=35
SERVICE 264 263 291 272 264 296 268 275
tb/check_vectors.sv:91: $finish called at 40965 (1s)

=== n8_w16_fixed light seed=47 flow=rtl cycles=4096 warmup=512 ===
PASS cycles=4096 fires=2457 stalls=0 eval_fires=2146 switches=1883 wait_max=17
SERVICE 269 281 259 258 269 279 267 264
tb/check_vectors.sv:91: $finish called at 40965 (1s)

=== n8_w16_fixed light seed=101 flow=rtl cycles=4096 warmup=512 ===
PASS cycles=4096 fires=2440 stalls=0 eval_fires=2130 switches=1861 wait_max=26
SERVICE 270 266 297 261 265 277 250 244
tb/check_vectors.sv:91: $finish called at 40965 (1s)

=== n8_w16_fixed light seed=211 flow=rtl cycles=4096 warmup=512 ===
PASS cycles=4096 fires=2483 stalls=0 eval_fires=2161 switches=1898 wait_max=17
SERVICE 279 275 271 268 263 271 268 266
tb/check_vectors.sv:91: $finish called at 40965 (1s)

=== n8_w16_fixed phase_change seed=11 flow=rtl cycles=4096 warmup=512 ===
PASS cycles=4096 fires=3630 stalls=0 eval_fires=3189 switches=618 wait_max=64
SERVICE 35 445 453 462 439 469 431 455
tb/check_vectors.sv:91: $finish called at 40965 (1s)

=== n8_w16_fixed phase_change seed=29 flow=rtl cycles=4096 warmup=512 ===
PASS cycles=4096 fires=3652 stalls=0 eval_fires=3204 switches=585 wait_max=143
SERVICE 45 468 461 446 448 440 452 444
tb/check_vectors.sv:91: $finish called at 40965 (1s)

=== n8_w16_fixed phase_change seed=47 flow=rtl cycles=4096 warmup=512 ===
PASS cycles=4096 fires=3624 stalls=0 eval_fires=3191 switches=590 wait_max=41
SERVICE 43 450 445 462 455 452 453 431
tb/check_vectors.sv:91: $finish called at 40965 (1s)

=== n8_w16_fixed phase_change seed=101 flow=rtl cycles=4096 warmup=512 ===
PASS cycles=4096 fires=3636 stalls=0 eval_fires=3192 switches=616 wait_max=82
SERVICE 47 450 446 452 441 452 446 458
tb/check_vectors.sv:91: $finish called at 40965 (1s)

=== n8_w16_fixed phase_change seed=211 flow=rtl cycles=4096 warmup=512 ===
PASS cycles=4096 fires=3645 stalls=0 eval_fires=3177 switches=580 wait_max=58
SERVICE 48 466 445 442 436 459 442 439
tb/check_vectors.sv:91: $finish called at 40965 (1s)

=== n8_w16_fixed reset_stress seed=11 flow=rtl cycles=4096 warmup=512 ===
PASS cycles=4096 fires=2648 stalls=1416 eval_fires=2329 switches=0 wait_max=0
SERVICE 2329 0 0 0 0 0 0 0
tb/check_vectors.sv:91: $finish called at 40965 (1s)

=== n8_w16_fixed reset_stress seed=29 flow=rtl cycles=4096 warmup=512 ===
PASS cycles=4096 fires=2620 stalls=1444 eval_fires=2296 switches=0 wait_max=0
SERVICE 2296 0 0 0 0 0 0 0
tb/check_vectors.sv:91: $finish called at 40965 (1s)

=== n8_w16_fixed reset_stress seed=47 flow=rtl cycles=4096 warmup=512 ===
PASS cycles=4096 fires=2606 stalls=1458 eval_fires=2289 switches=0 wait_max=0
SERVICE 2289 0 0 0 0 0 0 0
tb/check_vectors.sv:91: $finish called at 40965 (1s)

=== n8_w16_fixed reset_stress seed=101 flow=rtl cycles=4096 warmup=512 ===
PASS cycles=4096 fires=2606 stalls=1458 eval_fires=2285 switches=0 wait_max=0
SERVICE 2285 0 0 0 0 0 0 0
tb/check_vectors.sv:91: $finish called at 40965 (1s)

=== n8_w16_fixed reset_stress seed=211 flow=rtl cycles=4096 warmup=512 ===
PASS cycles=4096 fires=2630 stalls=1434 eval_fires=2298 switches=0 wait_max=0
SERVICE 2298 0 0 0 0 0 0 0
tb/check_vectors.sv:91: $finish called at 40965 (1s)

=== n8_w16_fixed protocol seed=7 flow=generic-netlist cycles=128 warmup=0 ===
PASS cycles=128 fires=26 stalls=18 eval_fires=26 switches=15 wait_max=14
SERVICE 4 3 3 3 3 3 3 4
tb/check_vectors.sv:91: $finish called at 1285 (1s)

=== n8_w16_fixed sink_stalls seed=29 flow=generic-netlist cycles=4096 warmup=512 ===
PASS cycles=4096 fires=2644 stalls=1450 eval_fires=2319 switches=0 wait_max=0
SERVICE 2319 0 0 0 0 0 0 0
tb/check_vectors.sv:91: $finish called at 40965 (1s)

=== n8_w16_fixed phase_change seed=29 flow=generic-netlist cycles=4096 warmup=512 ===
PASS cycles=4096 fires=3652 stalls=0 eval_fires=3204 switches=585 wait_max=143
SERVICE 45 468 461 446 448 440 452 444
tb/check_vectors.sv:91: $finish called at 40965 (1s)

=== n8_w16_q1 protocol seed=7 flow=rtl cycles=128 warmup=0 ===
PASS cycles=128 fires=26 stalls=18 eval_fires=26 switches=24 wait_max=7
SERVICE 4 3 3 3 3 3 3 4
tb/check_vectors.sv:91: $finish called at 1285 (1s)

=== n8_w16_q1 saturated seed=11 flow=rtl cycles=4096 warmup=512 ===
PASS cycles=4096 fires=4094 stalls=0 eval_fires=3584 switches=3583 wait_max=7
SERVICE 448 448 448 448 448 448 448 448
tb/check_vectors.sv:91: $finish called at 40965 (1s)

=== n8_w16_q1 saturated seed=29 flow=rtl cycles=4096 warmup=512 ===
PASS cycles=4096 fires=4094 stalls=0 eval_fires=3584 switches=3583 wait_max=7
SERVICE 448 448 448 448 448 448 448 448
tb/check_vectors.sv:91: $finish called at 40965 (1s)

=== n8_w16_q1 saturated seed=47 flow=rtl cycles=4096 warmup=512 ===
PASS cycles=4096 fires=4094 stalls=0 eval_fires=3584 switches=3583 wait_max=7
SERVICE 448 448 448 448 448 448 448 448
tb/check_vectors.sv:91: $finish called at 40965 (1s)

=== n8_w16_q1 saturated seed=101 flow=rtl cycles=4096 warmup=512 ===
PASS cycles=4096 fires=4094 stalls=0 eval_fires=3584 switches=3583 wait_max=7
SERVICE 448 448 448 448 448 448 448 448
tb/check_vectors.sv:91: $finish called at 40965 (1s)

=== n8_w16_q1 saturated seed=211 flow=rtl cycles=4096 warmup=512 ===
PASS cycles=4096 fires=4094 stalls=0 eval_fires=3584 switches=3583 wait_max=7
SERVICE 448 448 448 448 448 448 448 448
tb/check_vectors.sv:91: $finish called at 40965 (1s)

=== n8_w16_q1 sink_stalls seed=11 flow=rtl cycles=4096 warmup=512 ===
PASS cycles=4096 fires=2673 stalls=1421 eval_fires=2354 switches=2353 wait_max=7
SERVICE 295 294 294 294 294 294 294 295
tb/check_vectors.sv:91: $finish called at 40965 (1s)

=== n8_w16_q1 sink_stalls seed=29 flow=rtl cycles=4096 warmup=512 ===
PASS cycles=4096 fires=2644 stalls=1450 eval_fires=2319 switches=2318 wait_max=7
SERVICE 290 290 290 290 289 290 290 290
tb/check_vectors.sv:91: $finish called at 40965 (1s)

=== n8_w16_q1 sink_stalls seed=47 flow=rtl cycles=4096 warmup=512 ===
PASS cycles=4096 fires=2629 stalls=1465 eval_fires=2310 switches=2309 wait_max=7
SERVICE 289 289 289 289 289 288 288 289
tb/check_vectors.sv:91: $finish called at 40965 (1s)

=== n8_w16_q1 sink_stalls seed=101 flow=rtl cycles=4096 warmup=512 ===
PASS cycles=4096 fires=2628 stalls=1466 eval_fires=2306 switches=2305 wait_max=7
SERVICE 288 288 289 289 288 288 288 288
tb/check_vectors.sv:91: $finish called at 40965 (1s)

=== n8_w16_q1 sink_stalls seed=211 flow=rtl cycles=4096 warmup=512 ===
PASS cycles=4096 fires=2655 stalls=1439 eval_fires=2321 switches=2320 wait_max=7
SERVICE 290 290 290 290 290 290 291 290
tb/check_vectors.sv:91: $finish called at 40965 (1s)

=== n8_w16_q1 asymmetric seed=11 flow=rtl cycles=4096 warmup=512 ===
PASS cycles=4096 fires=4094 stalls=0 eval_fires=3584 switches=1603 wait_max=5
SERVICE 2680 112 134 138 137 127 123 133
tb/check_vectors.sv:91: $finish called at 40965 (1s)

=== n8_w16_q1 asymmetric seed=29 flow=rtl cycles=4096 warmup=512 ===
PASS cycles=4096 fires=4094 stalls=0 eval_fires=3584 switches=1579 wait_max=4
SERVICE 2687 128 144 122 122 139 117 125
tb/check_vectors.sv:91: $finish called at 40965 (1s)

=== n8_w16_q1 asymmetric seed=47 flow=rtl cycles=4096 warmup=512 ===
PASS cycles=4096 fires=4094 stalls=0 eval_fires=3584 switches=1598 wait_max=4
SERVICE 2687 121 139 107 118 144 142 126
tb/check_vectors.sv:91: $finish called at 40965 (1s)

=== n8_w16_q1 asymmetric seed=101 flow=rtl cycles=4096 warmup=512 ===
PASS cycles=4096 fires=4094 stalls=0 eval_fires=3584 switches=1596 wait_max=5
SERVICE 2688 127 133 142 133 112 131 118
tb/check_vectors.sv:91: $finish called at 40965 (1s)

=== n8_w16_q1 asymmetric seed=211 flow=rtl cycles=4096 warmup=512 ===
PASS cycles=4096 fires=4094 stalls=0 eval_fires=3584 switches=1459 wait_max=4
SERVICE 2763 113 138 109 101 115 128 117
tb/check_vectors.sv:91: $finish called at 40965 (1s)

=== n8_w16_q1 bursty seed=11 flow=rtl cycles=4096 warmup=512 ===
PASS cycles=4096 fires=2696 stalls=0 eval_fires=2368 switches=739 wait_max=1
SERVICE 296 296 296 296 296 296 296 296
tb/check_vectors.sv:91: $finish called at 40965 (1s)

=== n8_w16_q1 bursty seed=29 flow=rtl cycles=4096 warmup=512 ===
PASS cycles=4096 fires=2696 stalls=0 eval_fires=2368 switches=739 wait_max=1
SERVICE 296 296 296 296 296 296 296 296
tb/check_vectors.sv:91: $finish called at 40965 (1s)

=== n8_w16_q1 bursty seed=47 flow=rtl cycles=4096 warmup=512 ===
PASS cycles=4096 fires=2696 stalls=0 eval_fires=2368 switches=739 wait_max=1
SERVICE 296 296 296 296 296 296 296 296
tb/check_vectors.sv:91: $finish called at 40965 (1s)

=== n8_w16_q1 bursty seed=101 flow=rtl cycles=4096 warmup=512 ===
PASS cycles=4096 fires=2696 stalls=0 eval_fires=2368 switches=739 wait_max=1
SERVICE 296 296 296 296 296 296 296 296
tb/check_vectors.sv:91: $finish called at 40965 (1s)

=== n8_w16_q1 bursty seed=211 flow=rtl cycles=4096 warmup=512 ===
PASS cycles=4096 fires=2696 stalls=0 eval_fires=2368 switches=739 wait_max=1
SERVICE 296 296 296 296 296 296 296 296
tb/check_vectors.sv:91: $finish called at 40965 (1s)

=== n8_w16_q1 light seed=11 flow=rtl cycles=4096 warmup=512 ===
PASS cycles=4096 fires=2503 stalls=0 eval_fires=2183 switches=2032 wait_max=6
SERVICE 267 252 302 291 261 255 278 277
tb/check_vectors.sv:91: $finish called at 40965 (1s)

=== n8_w16_q1 light seed=29 flow=rtl cycles=4096 warmup=512 ===
PASS cycles=4096 fires=2511 stalls=0 eval_fires=2193 switches=2059 wait_max=7
SERVICE 266 263 291 271 263 296 268 275
tb/check_vectors.sv:91: $finish called at 40965 (1s)

=== n8_w16_q1 light seed=47 flow=rtl cycles=4096 warmup=512 ===
PASS cycles=4096 fires=2457 stalls=0 eval_fires=2146 switches=2004 wait_max=5
SERVICE 269 280 259 258 269 279 268 264
tb/check_vectors.sv:91: $finish called at 40965 (1s)

=== n8_w16_q1 light seed=101 flow=rtl cycles=4096 warmup=512 ===
PASS cycles=4096 fires=2440 stalls=0 eval_fires=2130 switches=1985 wait_max=6
SERVICE 270 266 297 261 265 277 250 244
tb/check_vectors.sv:91: $finish called at 40965 (1s)

=== n8_w16_q1 light seed=211 flow=rtl cycles=4096 warmup=512 ===
PASS cycles=4096 fires=2483 stalls=0 eval_fires=2161 switches=2028 wait_max=6
SERVICE 279 275 271 268 263 271 267 267
tb/check_vectors.sv:91: $finish called at 40965 (1s)

=== n8_w16_q1 phase_change seed=11 flow=rtl cycles=4096 warmup=512 ===
PASS cycles=4096 fires=3630 stalls=0 eval_fires=3189 switches=648 wait_max=3
SERVICE 35 445 453 462 439 469 431 455
tb/check_vectors.sv:91: $finish called at 40965 (1s)

=== n8_w16_q1 phase_change seed=29 flow=rtl cycles=4096 warmup=512 ===
PASS cycles=4096 fires=3652 stalls=0 eval_fires=3204 switches=604 wait_max=3
SERVICE 47 468 461 446 448 439 452 443
tb/check_vectors.sv:91: $finish called at 40965 (1s)

=== n8_w16_q1 phase_change seed=47 flow=rtl cycles=4096 warmup=512 ===
PASS cycles=4096 fires=3624 stalls=0 eval_fires=3191 switches=609 wait_max=3
SERVICE 43 450 445 462 455 452 453 431
tb/check_vectors.sv:91: $finish called at 40965 (1s)

=== n8_w16_q1 phase_change seed=101 flow=rtl cycles=4096 warmup=512 ===
PASS cycles=4096 fires=3636 stalls=0 eval_fires=3192 switches=632 wait_max=3
SERVICE 50 450 446 452 441 451 446 456
tb/check_vectors.sv:91: $finish called at 40965 (1s)

=== n8_w16_q1 phase_change seed=211 flow=rtl cycles=4096 warmup=512 ===
PASS cycles=4096 fires=3645 stalls=0 eval_fires=3177 switches=596 wait_max=3
SERVICE 48 466 445 442 436 459 442 439
tb/check_vectors.sv:91: $finish called at 40965 (1s)

=== n8_w16_q1 reset_stress seed=11 flow=rtl cycles=4096 warmup=512 ===
PASS cycles=4096 fires=2648 stalls=1416 eval_fires=2329 switches=2314 wait_max=7
SERVICE 295 295 292 292 291 291 287 286
tb/check_vectors.sv:91: $finish called at 40965 (1s)

=== n8_w16_q1 reset_stress seed=29 flow=rtl cycles=4096 warmup=512 ===
PASS cycles=4096 fires=2620 stalls=1444 eval_fires=2296 switches=2281 wait_max=7
SERVICE 294 293 290 289 285 282 282 281
tb/check_vectors.sv:91: $finish called at 40965 (1s)

=== n8_w16_q1 reset_stress seed=47 flow=rtl cycles=4096 warmup=512 ===
PASS cycles=4096 fires=2606 stalls=1458 eval_fires=2289 switches=2274 wait_max=7
SERVICE 293 290 288 287 285 284 282 280
tb/check_vectors.sv:91: $finish called at 40965 (1s)

=== n8_w16_q1 reset_stress seed=101 flow=rtl cycles=4096 warmup=512 ===
PASS cycles=4096 fires=2606 stalls=1458 eval_fires=2285 switches=2270 wait_max=7
SERVICE 292 290 288 287 286 284 280 278
tb/check_vectors.sv:91: $finish called at 40965 (1s)

=== n8_w16_q1 reset_stress seed=211 flow=rtl cycles=4096 warmup=512 ===
PASS cycles=4096 fires=2630 stalls=1434 eval_fires=2298 switches=2283 wait_max=7
SERVICE 295 291 288 288 287 286 282 281
tb/check_vectors.sv:91: $finish called at 40965 (1s)

=== n8_w16_q1 protocol seed=7 flow=generic-netlist cycles=128 warmup=0 ===
PASS cycles=128 fires=26 stalls=18 eval_fires=26 switches=24 wait_max=7
SERVICE 4 3 3 3 3 3 3 4
tb/check_vectors.sv:91: $finish called at 1285 (1s)

=== n8_w16_q1 sink_stalls seed=29 flow=generic-netlist cycles=4096 warmup=512 ===
PASS cycles=4096 fires=2644 stalls=1450 eval_fires=2319 switches=2318 wait_max=7
SERVICE 290 290 290 290 289 290 290 290
tb/check_vectors.sv:91: $finish called at 40965 (1s)

=== n8_w16_q1 phase_change seed=29 flow=generic-netlist cycles=4096 warmup=512 ===
PASS cycles=4096 fires=3652 stalls=0 eval_fires=3204 switches=604 wait_max=3
SERVICE 47 468 461 446 448 439 452 443
tb/check_vectors.sv:91: $finish called at 40965 (1s)

=== n8_w16_q4 protocol seed=7 flow=rtl cycles=128 warmup=0 ===
PASS cycles=128 fires=26 stalls=18 eval_fires=26 switches=14 wait_max=14
SERVICE 4 3 3 3 3 3 3 4
tb/check_vectors.sv:91: $finish called at 1285 (1s)

=== n8_w16_q4 saturated seed=11 flow=rtl cycles=4096 warmup=512 ===
PASS cycles=4096 fires=4094 stalls=0 eval_fires=3584 switches=896 wait_max=28
SERVICE 448 448 448 448 448 448 448 448
tb/check_vectors.sv:91: $finish called at 40965 (1s)

=== n8_w16_q4 saturated seed=29 flow=rtl cycles=4096 warmup=512 ===
PASS cycles=4096 fires=4094 stalls=0 eval_fires=3584 switches=896 wait_max=28
SERVICE 448 448 448 448 448 448 448 448
tb/check_vectors.sv:91: $finish called at 40965 (1s)

=== n8_w16_q4 saturated seed=47 flow=rtl cycles=4096 warmup=512 ===
PASS cycles=4096 fires=4094 stalls=0 eval_fires=3584 switches=896 wait_max=28
SERVICE 448 448 448 448 448 448 448 448
tb/check_vectors.sv:91: $finish called at 40965 (1s)

=== n8_w16_q4 saturated seed=101 flow=rtl cycles=4096 warmup=512 ===
PASS cycles=4096 fires=4094 stalls=0 eval_fires=3584 switches=896 wait_max=28
SERVICE 448 448 448 448 448 448 448 448
tb/check_vectors.sv:91: $finish called at 40965 (1s)

=== n8_w16_q4 saturated seed=211 flow=rtl cycles=4096 warmup=512 ===
PASS cycles=4096 fires=4094 stalls=0 eval_fires=3584 switches=896 wait_max=28
SERVICE 448 448 448 448 448 448 448 448
tb/check_vectors.sv:91: $finish called at 40965 (1s)

=== n8_w16_q4 sink_stalls seed=11 flow=rtl cycles=4096 warmup=512 ===
PASS cycles=4096 fires=2673 stalls=1421 eval_fires=2354 switches=589 wait_max=28
SERVICE 296 296 296 296 293 292 292 293
tb/check_vectors.sv:91: $finish called at 40965 (1s)

=== n8_w16_q4 sink_stalls seed=29 flow=rtl cycles=4096 warmup=512 ===
PASS cycles=4096 fires=2644 stalls=1450 eval_fires=2319 switches=579 wait_max=28
SERVICE 288 291 292 292 292 288 288 288
tb/check_vectors.sv:91: $finish called at 40965 (1s)

=== n8_w16_q4 sink_stalls seed=47 flow=rtl cycles=4096 warmup=512 ===
PASS cycles=4096 fires=2629 stalls=1465 eval_fires=2310 switches=578 wait_max=28
SERVICE 292 289 288 288 288 288 288 289
tb/check_vectors.sv:91: $finish called at 40965 (1s)

=== n8_w16_q4 sink_stalls seed=101 flow=rtl cycles=4096 warmup=512 ===
PASS cycles=4096 fires=2628 stalls=1466 eval_fires=2306 switches=576 wait_max=28
SERVICE 290 288 288 288 288 288 288 288
tb/check_vectors.sv:91: $finish called at 40965 (1s)

=== n8_w16_q4 sink_stalls seed=211 flow=rtl cycles=4096 warmup=512 ===
PASS cycles=4096 fires=2655 stalls=1439 eval_fires=2321 switches=580 wait_max=28
SERVICE 288 288 288 290 292 292 292 291
tb/check_vectors.sv:91: $finish called at 40965 (1s)

=== n8_w16_q4 asymmetric seed=11 flow=rtl cycles=4096 warmup=512 ===
PASS cycles=4096 fires=4094 stalls=0 eval_fires=3584 switches=1269 wait_max=9
SERVICE 2678 112 134 138 138 127 123 134
tb/check_vectors.sv:91: $finish called at 40965 (1s)

=== n8_w16_q4 asymmetric seed=29 flow=rtl cycles=4096 warmup=512 ===
PASS cycles=4096 fires=4094 stalls=0 eval_fires=3584 switches=1245 wait_max=11
SERVICE 2687 128 144 122 122 139 117 125
tb/check_vectors.sv:91: $finish called at 40965 (1s)

=== n8_w16_q4 asymmetric seed=47 flow=rtl cycles=4096 warmup=512 ===
PASS cycles=4096 fires=4094 stalls=0 eval_fires=3584 switches=1241 wait_max=11
SERVICE 2687 121 139 107 118 144 142 126
tb/check_vectors.sv:91: $finish called at 40965 (1s)

=== n8_w16_q4 asymmetric seed=101 flow=rtl cycles=4096 warmup=512 ===
PASS cycles=4096 fires=4094 stalls=0 eval_fires=3584 switches=1277 wait_max=11
SERVICE 2689 127 133 142 133 112 130 118
tb/check_vectors.sv:91: $finish called at 40965 (1s)

=== n8_w16_q4 asymmetric seed=211 flow=rtl cycles=4096 warmup=512 ===
PASS cycles=4096 fires=4094 stalls=0 eval_fires=3584 switches=1179 wait_max=9
SERVICE 2762 113 138 109 101 116 128 117
tb/check_vectors.sv:91: $finish called at 40965 (1s)

=== n8_w16_q4 bursty seed=11 flow=rtl cycles=4096 warmup=512 ===
PASS cycles=4096 fires=2696 stalls=0 eval_fires=2368 switches=295 wait_max=3
SERVICE 296 296 296 296 296 296 296 296
tb/check_vectors.sv:91: $finish called at 40965 (1s)

=== n8_w16_q4 bursty seed=29 flow=rtl cycles=4096 warmup=512 ===
PASS cycles=4096 fires=2696 stalls=0 eval_fires=2368 switches=295 wait_max=3
SERVICE 296 296 296 296 296 296 296 296
tb/check_vectors.sv:91: $finish called at 40965 (1s)

=== n8_w16_q4 bursty seed=47 flow=rtl cycles=4096 warmup=512 ===
PASS cycles=4096 fires=2696 stalls=0 eval_fires=2368 switches=295 wait_max=3
SERVICE 296 296 296 296 296 296 296 296
tb/check_vectors.sv:91: $finish called at 40965 (1s)

=== n8_w16_q4 bursty seed=101 flow=rtl cycles=4096 warmup=512 ===
PASS cycles=4096 fires=2696 stalls=0 eval_fires=2368 switches=295 wait_max=3
SERVICE 296 296 296 296 296 296 296 296
tb/check_vectors.sv:91: $finish called at 40965 (1s)

=== n8_w16_q4 bursty seed=211 flow=rtl cycles=4096 warmup=512 ===
PASS cycles=4096 fires=2696 stalls=0 eval_fires=2368 switches=295 wait_max=3
SERVICE 296 296 296 296 296 296 296 296
tb/check_vectors.sv:91: $finish called at 40965 (1s)

=== n8_w16_q4 light seed=11 flow=rtl cycles=4096 warmup=512 ===
PASS cycles=4096 fires=2503 stalls=0 eval_fires=2183 switches=1859 wait_max=9
SERVICE 267 252 302 291 261 255 278 277
tb/check_vectors.sv:91: $finish called at 40965 (1s)

=== n8_w16_q4 light seed=29 flow=rtl cycles=4096 warmup=512 ===
PASS cycles=4096 fires=2511 stalls=0 eval_fires=2193 switches=1861 wait_max=19
SERVICE 266 263 291 271 263 296 268 275
tb/check_vectors.sv:91: $finish called at 40965 (1s)

=== n8_w16_q4 light seed=47 flow=rtl cycles=4096 warmup=512 ===
PASS cycles=4096 fires=2457 stalls=0 eval_fires=2146 switches=1824 wait_max=12
SERVICE 269 281 259 258 269 279 267 264
tb/check_vectors.sv:91: $finish called at 40965 (1s)

=== n8_w16_q4 light seed=101 flow=rtl cycles=4096 warmup=512 ===
PASS cycles=4096 fires=2440 stalls=0 eval_fires=2130 switches=1803 wait_max=9
SERVICE 270 266 297 261 265 277 250 244
tb/check_vectors.sv:91: $finish called at 40965 (1s)

=== n8_w16_q4 light seed=211 flow=rtl cycles=4096 warmup=512 ===
PASS cycles=4096 fires=2483 stalls=0 eval_fires=2161 switches=1815 wait_max=10
SERVICE 279 274 271 268 263 271 268 267
tb/check_vectors.sv:91: $finish called at 40965 (1s)

=== n8_w16_q4 phase_change seed=11 flow=rtl cycles=4096 warmup=512 ===
PASS cycles=4096 fires=3630 stalls=0 eval_fires=3189 switches=592 wait_max=6
SERVICE 35 445 453 462 439 469 431 455
tb/check_vectors.sv:91: $finish called at 40965 (1s)

=== n8_w16_q4 phase_change seed=29 flow=rtl cycles=4096 warmup=512 ===
PASS cycles=4096 fires=3652 stalls=0 eval_fires=3204 switches=562 wait_max=5
SERVICE 46 468 461 446 448 439 452 444
tb/check_vectors.sv:91: $finish called at 40965 (1s)

=== n8_w16_q4 phase_change seed=47 flow=rtl cycles=4096 warmup=512 ===
PASS cycles=4096 fires=3624 stalls=0 eval_fires=3191 switches=568 wait_max=5
SERVICE 43 449 445 462 455 452 453 432
tb/check_vectors.sv:91: $finish called at 40965 (1s)

=== n8_w16_q4 phase_change seed=101 flow=rtl cycles=4096 warmup=512 ===
PASS cycles=4096 fires=3636 stalls=0 eval_fires=3192 switches=574 wait_max=6
SERVICE 50 450 446 452 441 451 446 456
tb/check_vectors.sv:91: $finish called at 40965 (1s)

=== n8_w16_q4 phase_change seed=211 flow=rtl cycles=4096 warmup=512 ===
PASS cycles=4096 fires=3645 stalls=0 eval_fires=3177 switches=555 wait_max=6
SERVICE 48 466 445 442 436 459 442 439
tb/check_vectors.sv:91: $finish called at 40965 (1s)

=== n8_w16_q4 reset_stress seed=11 flow=rtl cycles=4096 warmup=512 ===
PASS cycles=4096 fires=2648 stalls=1416 eval_fires=2329 switches=571 wait_max=28
SERVICE 314 312 306 294 282 275 272 274
tb/check_vectors.sv:91: $finish called at 40965 (1s)

=== n8_w16_q4 reset_stress seed=29 flow=rtl cycles=4096 warmup=512 ===
PASS cycles=4096 fires=2620 stalls=1444 eval_fires=2296 switches=565 wait_max=28
SERVICE 309 305 302 285 283 277 272 263
tb/check_vectors.sv:91: $finish called at 40965 (1s)

=== n8_w16_q4 reset_stress seed=47 flow=rtl cycles=4096 warmup=512 ===
PASS cycles=4096 fires=2606 stalls=1458 eval_fires=2289 switches=564 wait_max=28
SERVICE 319 310 294 283 275 272 270 266
tb/check_vectors.sv:91: $finish called at 40965 (1s)

=== n8_w16_q4 reset_stress seed=101 flow=rtl cycles=4096 warmup=512 ===
PASS cycles=4096 fires=2606 stalls=1458 eval_fires=2285 switches=563 wait_max=28
SERVICE 313 301 296 285 279 275 269 267
tb/check_vectors.sv:91: $finish called at 40965 (1s)

=== n8_w16_q4 reset_stress seed=211 flow=rtl cycles=4096 warmup=512 ===
PASS cycles=4096 fires=2630 stalls=1434 eval_fires=2298 switches=567 wait_max=28
SERVICE 307 304 295 290 288 284 272 258
tb/check_vectors.sv:91: $finish called at 40965 (1s)

=== n8_w16_q4 protocol seed=7 flow=generic-netlist cycles=128 warmup=0 ===
PASS cycles=128 fires=26 stalls=18 eval_fires=26 switches=14 wait_max=14
SERVICE 4 3 3 3 3 3 3 4
tb/check_vectors.sv:91: $finish called at 1285 (1s)

=== n8_w16_q4 sink_stalls seed=29 flow=generic-netlist cycles=4096 warmup=512 ===
PASS cycles=4096 fires=2644 stalls=1450 eval_fires=2319 switches=579 wait_max=28
SERVICE 288 291 292 292 292 288 288 288
tb/check_vectors.sv:91: $finish called at 40965 (1s)

=== n8_w16_q4 phase_change seed=29 flow=generic-netlist cycles=4096 warmup=512 ===
PASS cycles=4096 fires=3652 stalls=0 eval_fires=3204 switches=562 wait_max=5
SERVICE 46 468 461 446 448 439 452 444
tb/check_vectors.sv:91: $finish called at 40965 (1s)

=== n8_w16_q8 protocol seed=7 flow=rtl cycles=128 warmup=0 ===
PASS cycles=128 fires=26 stalls=18 eval_fires=26 switches=14 wait_max=14
SERVICE 4 3 3 3 3 3 3 4
tb/check_vectors.sv:91: $finish called at 1285 (1s)

=== n8_w16_q8 saturated seed=11 flow=rtl cycles=4096 warmup=512 ===
PASS cycles=4096 fires=4094 stalls=0 eval_fires=3584 switches=448 wait_max=56
SERVICE 448 448 448 448 448 448 448 448
tb/check_vectors.sv:91: $finish called at 40965 (1s)

=== n8_w16_q8 saturated seed=29 flow=rtl cycles=4096 warmup=512 ===
PASS cycles=4096 fires=4094 stalls=0 eval_fires=3584 switches=448 wait_max=56
SERVICE 448 448 448 448 448 448 448 448
tb/check_vectors.sv:91: $finish called at 40965 (1s)

=== n8_w16_q8 saturated seed=47 flow=rtl cycles=4096 warmup=512 ===
PASS cycles=4096 fires=4094 stalls=0 eval_fires=3584 switches=448 wait_max=56
SERVICE 448 448 448 448 448 448 448 448
tb/check_vectors.sv:91: $finish called at 40965 (1s)

=== n8_w16_q8 saturated seed=101 flow=rtl cycles=4096 warmup=512 ===
PASS cycles=4096 fires=4094 stalls=0 eval_fires=3584 switches=448 wait_max=56
SERVICE 448 448 448 448 448 448 448 448
tb/check_vectors.sv:91: $finish called at 40965 (1s)

=== n8_w16_q8 saturated seed=211 flow=rtl cycles=4096 warmup=512 ===
PASS cycles=4096 fires=4094 stalls=0 eval_fires=3584 switches=448 wait_max=56
SERVICE 448 448 448 448 448 448 448 448
tb/check_vectors.sv:91: $finish called at 40965 (1s)

=== n8_w16_q8 sink_stalls seed=11 flow=rtl cycles=4096 warmup=512 ===
PASS cycles=4096 fires=2673 stalls=1421 eval_fires=2354 switches=295 wait_max=56
SERVICE 296 296 296 296 296 296 289 289
tb/check_vectors.sv:91: $finish called at 40965 (1s)

=== n8_w16_q8 sink_stalls seed=29 flow=rtl cycles=4096 warmup=512 ===
PASS cycles=4096 fires=2644 stalls=1450 eval_fires=2319 switches=290 wait_max=56
SERVICE 291 296 292 288 288 288 288 288
tb/check_vectors.sv:91: $finish called at 40965 (1s)

=== n8_w16_q8 sink_stalls seed=47 flow=rtl cycles=4096 warmup=512 ===
PASS cycles=4096 fires=2629 stalls=1465 eval_fires=2310 switches=289 wait_max=56
SERVICE 293 288 288 288 288 288 288 289
tb/check_vectors.sv:91: $finish called at 40965 (1s)

=== n8_w16_q8 sink_stalls seed=101 flow=rtl cycles=4096 warmup=512 ===
PASS cycles=4096 fires=2628 stalls=1466 eval_fires=2306 switches=288 wait_max=56
SERVICE 290 288 288 288 288 288 288 288
tb/check_vectors.sv:91: $finish called at 40965 (1s)

=== n8_w16_q8 sink_stalls seed=211 flow=rtl cycles=4096 warmup=512 ===
PASS cycles=4096 fires=2655 stalls=1439 eval_fires=2321 switches=290 wait_max=56
SERVICE 288 290 296 295 288 288 288 288
tb/check_vectors.sv:91: $finish called at 40965 (1s)

=== n8_w16_q8 asymmetric seed=11 flow=rtl cycles=4096 warmup=512 ===
PASS cycles=4096 fires=4094 stalls=0 eval_fires=3584 switches=1038 wait_max=13
SERVICE 2679 112 134 138 136 127 124 134
tb/check_vectors.sv:91: $finish called at 40965 (1s)

=== n8_w16_q8 asymmetric seed=29 flow=rtl cycles=4096 warmup=512 ===
PASS cycles=4096 fires=4094 stalls=0 eval_fires=3584 switches=1019 wait_max=17
SERVICE 2687 128 144 122 122 139 117 125
tb/check_vectors.sv:91: $finish called at 40965 (1s)

=== n8_w16_q8 asymmetric seed=47 flow=rtl cycles=4096 warmup=512 ===
PASS cycles=4096 fires=4094 stalls=0 eval_fires=3584 switches=1040 wait_max=14
SERVICE 2686 122 139 107 118 144 142 126
tb/check_vectors.sv:91: $finish called at 40965 (1s)

=== n8_w16_q8 asymmetric seed=101 flow=rtl cycles=4096 warmup=512 ===
PASS cycles=4096 fires=4094 stalls=0 eval_fires=3584 switches=1032 wait_max=16
SERVICE 2689 127 133 142 133 112 130 118
tb/check_vectors.sv:91: $finish called at 40965 (1s)

=== n8_w16_q8 asymmetric seed=211 flow=rtl cycles=4096 warmup=512 ===
PASS cycles=4096 fires=4094 stalls=0 eval_fires=3584 switches=988 wait_max=13
SERVICE 2762 113 138 109 101 116 128 117
tb/check_vectors.sv:91: $finish called at 40965 (1s)

=== n8_w16_q8 bursty seed=11 flow=rtl cycles=4096 warmup=512 ===
PASS cycles=4096 fires=2696 stalls=0 eval_fires=2368 switches=295 wait_max=3
SERVICE 296 296 296 296 296 296 296 296
tb/check_vectors.sv:91: $finish called at 40965 (1s)

=== n8_w16_q8 bursty seed=29 flow=rtl cycles=4096 warmup=512 ===
PASS cycles=4096 fires=2696 stalls=0 eval_fires=2368 switches=295 wait_max=3
SERVICE 296 296 296 296 296 296 296 296
tb/check_vectors.sv:91: $finish called at 40965 (1s)

=== n8_w16_q8 bursty seed=47 flow=rtl cycles=4096 warmup=512 ===
PASS cycles=4096 fires=2696 stalls=0 eval_fires=2368 switches=295 wait_max=3
SERVICE 296 296 296 296 296 296 296 296
tb/check_vectors.sv:91: $finish called at 40965 (1s)

=== n8_w16_q8 bursty seed=101 flow=rtl cycles=4096 warmup=512 ===
PASS cycles=4096 fires=2696 stalls=0 eval_fires=2368 switches=295 wait_max=3
SERVICE 296 296 296 296 296 296 296 296
tb/check_vectors.sv:91: $finish called at 40965 (1s)

=== n8_w16_q8 bursty seed=211 flow=rtl cycles=4096 warmup=512 ===
PASS cycles=4096 fires=2696 stalls=0 eval_fires=2368 switches=295 wait_max=3
SERVICE 296 296 296 296 296 296 296 296
tb/check_vectors.sv:91: $finish called at 40965 (1s)

=== n8_w16_q8 light seed=11 flow=rtl cycles=4096 warmup=512 ===
PASS cycles=4096 fires=2503 stalls=0 eval_fires=2183 switches=1859 wait_max=9
SERVICE 267 252 302 291 261 255 278 277
tb/check_vectors.sv:91: $finish called at 40965 (1s)

=== n8_w16_q8 light seed=29 flow=rtl cycles=4096 warmup=512 ===
PASS cycles=4096 fires=2511 stalls=0 eval_fires=2193 switches=1855 wait_max=20
SERVICE 266 263 291 271 263 296 268 275
tb/check_vectors.sv:91: $finish called at 40965 (1s)

=== n8_w16_q8 light seed=47 flow=rtl cycles=4096 warmup=512 ===
PASS cycles=4096 fires=2457 stalls=0 eval_fires=2146 switches=1824 wait_max=12
SERVICE 269 281 259 258 269 279 267 264
tb/check_vectors.sv:91: $finish called at 40965 (1s)

=== n8_w16_q8 light seed=101 flow=rtl cycles=4096 warmup=512 ===
PASS cycles=4096 fires=2440 stalls=0 eval_fires=2130 switches=1802 wait_max=9
SERVICE 270 266 297 261 265 277 250 244
tb/check_vectors.sv:91: $finish called at 40965 (1s)

=== n8_w16_q8 light seed=211 flow=rtl cycles=4096 warmup=512 ===
PASS cycles=4096 fires=2483 stalls=0 eval_fires=2161 switches=1812 wait_max=10
SERVICE 279 274 271 268 263 271 268 267
tb/check_vectors.sv:91: $finish called at 40965 (1s)

=== n8_w16_q8 phase_change seed=11 flow=rtl cycles=4096 warmup=512 ===
PASS cycles=4096 fires=3630 stalls=0 eval_fires=3189 switches=556 wait_max=12
SERVICE 35 445 453 462 439 469 431 455
tb/check_vectors.sv:91: $finish called at 40965 (1s)

=== n8_w16_q8 phase_change seed=29 flow=rtl cycles=4096 warmup=512 ===
PASS cycles=4096 fires=3652 stalls=0 eval_fires=3204 switches=530 wait_max=9
SERVICE 46 468 461 446 448 439 452 444
tb/check_vectors.sv:91: $finish called at 40965 (1s)

=== n8_w16_q8 phase_change seed=47 flow=rtl cycles=4096 warmup=512 ===
PASS cycles=4096 fires=3624 stalls=0 eval_fires=3191 switches=543 wait_max=12
SERVICE 43 449 445 462 455 452 453 432
tb/check_vectors.sv:91: $finish called at 40965 (1s)

=== n8_w16_q8 phase_change seed=101 flow=rtl cycles=4096 warmup=512 ===
PASS cycles=4096 fires=3636 stalls=0 eval_fires=3192 switches=538 wait_max=16
SERVICE 47 450 446 453 442 452 446 456
tb/check_vectors.sv:91: $finish called at 40965 (1s)

=== n8_w16_q8 phase_change seed=211 flow=rtl cycles=4096 warmup=512 ===
PASS cycles=4096 fires=3645 stalls=0 eval_fires=3177 switches=522 wait_max=10
SERVICE 48 465 445 442 436 459 442 440
tb/check_vectors.sv:91: $finish called at 40965 (1s)

=== n8_w16_q8 reset_stress seed=11 flow=rtl cycles=4096 warmup=512 ===
PASS cycles=4096 fires=2648 stalls=1416 eval_fires=2329 switches=281 wait_max=56
SERVICE 336 336 329 322 290 264 228 224
tb/check_vectors.sv:91: $finish called at 40965 (1s)

=== n8_w16_q8 reset_stress seed=29 flow=rtl cycles=4096 warmup=512 ===
PASS cycles=4096 fires=2620 stalls=1444 eval_fires=2296 switches=280 wait_max=56
SERVICE 336 336 333 311 278 251 227 224
tb/check_vectors.sv:91: $finish called at 40965 (1s)

=== n8_w16_q8 reset_stress seed=47 flow=rtl cycles=4096 warmup=512 ===
PASS cycles=4096 fires=2606 stalls=1458 eval_fires=2289 switches=279 wait_max=56
SERVICE 336 333 321 312 293 244 226 224
tb/check_vectors.sv:91: $finish called at 40965 (1s)

=== n8_w16_q8 reset_stress seed=101 flow=rtl cycles=4096 warmup=512 ===
PASS cycles=4096 fires=2606 stalls=1458 eval_fires=2285 switches=278 wait_max=56
SERVICE 336 336 330 312 278 245 224 224
tb/check_vectors.sv:91: $finish called at 40965 (1s)

=== n8_w16_q8 reset_stress seed=211 flow=rtl cycles=4096 warmup=512 ===
PASS cycles=4096 fires=2630 stalls=1434 eval_fires=2298 switches=281 wait_max=56
SERVICE 337 336 334 298 274 249 238 232
tb/check_vectors.sv:91: $finish called at 40965 (1s)

=== n8_w16_q8 protocol seed=7 flow=generic-netlist cycles=128 warmup=0 ===
PASS cycles=128 fires=26 stalls=18 eval_fires=26 switches=14 wait_max=14
SERVICE 4 3 3 3 3 3 3 4
tb/check_vectors.sv:91: $finish called at 1285 (1s)

=== n8_w16_q8 sink_stalls seed=29 flow=generic-netlist cycles=4096 warmup=512 ===
PASS cycles=4096 fires=2644 stalls=1450 eval_fires=2319 switches=290 wait_max=56
SERVICE 291 296 292 288 288 288 288 288
tb/check_vectors.sv:91: $finish called at 40965 (1s)

=== n8_w16_q8 phase_change seed=29 flow=generic-netlist cycles=4096 warmup=512 ===
PASS cycles=4096 fires=3652 stalls=0 eval_fires=3204 switches=530 wait_max=9
SERVICE 46 468 461 446 448 439 452 444
tb/check_vectors.sv:91: $finish called at 40965 (1s)

=== n4_w1_q1 protocol seed=7 flow=rtl cycles=128 warmup=0 ===
PASS cycles=128 fires=14 stalls=18 eval_fires=14 switches=12 wait_max=3
SERVICE 4 3 3 4
tb/check_vectors.sv:91: $finish called at 1285 (1s)

=== n4_w1_q1 saturated seed=11 flow=rtl cycles=4096 warmup=512 ===
PASS cycles=4096 fires=4094 stalls=0 eval_fires=3584 switches=3583 wait_max=3
SERVICE 896 896 896 896
tb/check_vectors.sv:91: $finish called at 40965 (1s)

=== n4_w1_q1 saturated seed=29 flow=rtl cycles=4096 warmup=512 ===
PASS cycles=4096 fires=4094 stalls=0 eval_fires=3584 switches=3583 wait_max=3
SERVICE 896 896 896 896
tb/check_vectors.sv:91: $finish called at 40965 (1s)

=== n4_w1_q1 saturated seed=47 flow=rtl cycles=4096 warmup=512 ===
PASS cycles=4096 fires=4094 stalls=0 eval_fires=3584 switches=3583 wait_max=3
SERVICE 896 896 896 896
tb/check_vectors.sv:91: $finish called at 40965 (1s)

=== n4_w1_q1 saturated seed=101 flow=rtl cycles=4096 warmup=512 ===
PASS cycles=4096 fires=4094 stalls=0 eval_fires=3584 switches=3583 wait_max=3
SERVICE 896 896 896 896
tb/check_vectors.sv:91: $finish called at 40965 (1s)

=== n4_w1_q1 saturated seed=211 flow=rtl cycles=4096 warmup=512 ===
PASS cycles=4096 fires=4094 stalls=0 eval_fires=3584 switches=3583 wait_max=3
SERVICE 896 896 896 896
tb/check_vectors.sv:91: $finish called at 40965 (1s)

=== n4_w1_q1 sink_stalls seed=11 flow=rtl cycles=4096 warmup=512 ===
PASS cycles=4096 fires=2673 stalls=1421 eval_fires=2354 switches=2353 wait_max=3
SERVICE 589 588 588 589
tb/check_vectors.sv:91: $finish called at 40965 (1s)

=== n4_w1_q1 sink_stalls seed=29 flow=rtl cycles=4096 warmup=512 ===
PASS cycles=4096 fires=2644 stalls=1450 eval_fires=2319 switches=2318 wait_max=3
SERVICE 579 580 580 580
tb/check_vectors.sv:91: $finish called at 40965 (1s)

=== n4_w1_q1 sink_stalls seed=47 flow=rtl cycles=4096 warmup=512 ===
PASS cycles=4096 fires=2629 stalls=1465 eval_fires=2310 switches=2309 wait_max=3
SERVICE 578 577 577 578
tb/check_vectors.sv:91: $finish called at 40965 (1s)

=== n4_w1_q1 sink_stalls seed=101 flow=rtl cycles=4096 warmup=512 ===
PASS cycles=4096 fires=2628 stalls=1466 eval_fires=2306 switches=2305 wait_max=3
SERVICE 576 576 577 577
tb/check_vectors.sv:91: $finish called at 40965 (1s)

=== n4_w1_q1 sink_stalls seed=211 flow=rtl cycles=4096 warmup=512 ===
PASS cycles=4096 fires=2655 stalls=1439 eval_fires=2321 switches=2320 wait_max=3
SERVICE 580 580 581 580
tb/check_vectors.sv:91: $finish called at 40965 (1s)

=== n4_w1_q1 asymmetric seed=11 flow=rtl cycles=4096 warmup=512 ===
PASS cycles=4096 fires=4094 stalls=0 eval_fires=3584 switches=749 wait_max=3
SERVICE 3192 138 129 125
tb/check_vectors.sv:91: $finish called at 40965 (1s)

=== n4_w1_q1 asymmetric seed=29 flow=rtl cycles=4096 warmup=512 ===
PASS cycles=4096 fires=4094 stalls=0 eval_fires=3584 switches=765 wait_max=3
SERVICE 3184 120 143 137
tb/check_vectors.sv:91: $finish called at 40965 (1s)

=== n4_w1_q1 asymmetric seed=47 flow=rtl cycles=4096 warmup=512 ===
PASS cycles=4096 fires=4094 stalls=0 eval_fires=3584 switches=777 wait_max=2
SERVICE 3176 139 125 144
tb/check_vectors.sv:91: $finish called at 40965 (1s)

=== n4_w1_q1 asymmetric seed=101 flow=rtl cycles=4096 warmup=512 ===
PASS cycles=4096 fires=4094 stalls=0 eval_fires=3584 switches=780 wait_max=2
SERVICE 3182 137 135 130
tb/check_vectors.sv:91: $finish called at 40965 (1s)

=== n4_w1_q1 asymmetric seed=211 flow=rtl cycles=4096 warmup=512 ===
PASS cycles=4096 fires=4094 stalls=0 eval_fires=3584 switches=757 wait_max=3
SERVICE 3190 129 140 125
tb/check_vectors.sv:91: $finish called at 40965 (1s)

=== n4_w1_q1 bursty seed=11 flow=rtl cycles=4096 warmup=512 ===
PASS cycles=4096 fires=1344 stalls=0 eval_fires=1184 switches=147 wait_max=0
SERVICE 296 296 296 296
tb/check_vectors.sv:91: $finish called at 40965 (1s)

=== n4_w1_q1 bursty seed=29 flow=rtl cycles=4096 warmup=512 ===
PASS cycles=4096 fires=1344 stalls=0 eval_fires=1184 switches=147 wait_max=0
SERVICE 296 296 296 296
tb/check_vectors.sv:91: $finish called at 40965 (1s)

=== n4_w1_q1 bursty seed=47 flow=rtl cycles=4096 warmup=512 ===
PASS cycles=4096 fires=1344 stalls=0 eval_fires=1184 switches=147 wait_max=0
SERVICE 296 296 296 296
tb/check_vectors.sv:91: $finish called at 40965 (1s)

=== n4_w1_q1 bursty seed=101 flow=rtl cycles=4096 warmup=512 ===
PASS cycles=4096 fires=1344 stalls=0 eval_fires=1184 switches=147 wait_max=0
SERVICE 296 296 296 296
tb/check_vectors.sv:91: $finish called at 40965 (1s)

=== n4_w1_q1 bursty seed=211 flow=rtl cycles=4096 warmup=512 ===
PASS cycles=4096 fires=1344 stalls=0 eval_fires=1184 switches=147 wait_max=0
SERVICE 296 296 296 296
tb/check_vectors.sv:91: $finish called at 40965 (1s)

=== n4_w1_q1 light seed=11 flow=rtl cycles=4096 warmup=512 ===
PASS cycles=4096 fires=2503 stalls=0 eval_fires=2207 switches=1938 wait_max=3
SERVICE 538 516 575 578
tb/check_vectors.sv:91: $finish called at 40965 (1s)

=== n4_w1_q1 light seed=29 flow=rtl cycles=4096 warmup=512 ===
PASS cycles=4096 fires=2485 stalls=0 eval_fires=2177 switches=1881 wait_max=3
SERVICE 562 553 529 533
tb/check_vectors.sv:91: $finish called at 40965 (1s)

=== n4_w1_q1 light seed=47 flow=rtl cycles=4096 warmup=512 ===
PASS cycles=4096 fires=2419 stalls=0 eval_fires=2127 switches=1857 wait_max=3
SERVICE 524 537 512 554
tb/check_vectors.sv:91: $finish called at 40965 (1s)

=== n4_w1_q1 light seed=101 flow=rtl cycles=4096 warmup=512 ===
PASS cycles=4096 fires=2481 stalls=0 eval_fires=2170 switches=1868 wait_max=3
SERVICE 520 544 561 545
tb/check_vectors.sv:91: $finish called at 40965 (1s)

=== n4_w1_q1 light seed=211 flow=rtl cycles=4096 warmup=512 ===
PASS cycles=4096 fires=2416 stalls=0 eval_fires=2109 switches=1776 wait_max=3
SERVICE 525 535 527 522
tb/check_vectors.sv:91: $finish called at 40965 (1s)

=== n4_w1_q1 phase_change seed=11 flow=rtl cycles=4096 warmup=512 ===
PASS cycles=4096 fires=3605 stalls=0 eval_fires=3158 switches=534 wait_max=3
SERVICE 469 900 911 878
tb/check_vectors.sv:91: $finish called at 40965 (1s)

=== n4_w1_q1 phase_change seed=29 flow=rtl cycles=4096 warmup=512 ===
PASS cycles=4096 fires=3589 stalls=0 eval_fires=3149 switches=568 wait_max=3
SERVICE 484 917 882 866
tb/check_vectors.sv:91: $finish called at 40965 (1s)

=== n4_w1_q1 phase_change seed=47 flow=rtl cycles=4096 warmup=512 ===
PASS cycles=4096 fires=3607 stalls=0 eval_fires=3175 switches=559 wait_max=2
SERVICE 502 884 904 885
tb/check_vectors.sv:91: $finish called at 40965 (1s)

=== n4_w1_q1 phase_change seed=101 flow=rtl cycles=4096 warmup=512 ===
PASS cycles=4096 fires=3604 stalls=0 eval_fires=3160 switches=562 wait_max=3
SERVICE 491 891 897 881
tb/check_vectors.sv:91: $finish called at 40965 (1s)

=== n4_w1_q1 phase_change seed=211 flow=rtl cycles=4096 warmup=512 ===
PASS cycles=4096 fires=3558 stalls=0 eval_fires=3119 switches=552 wait_max=2
SERVICE 496 879 879 865
tb/check_vectors.sv:91: $finish called at 40965 (1s)

=== n4_w1_q1 reset_stress seed=11 flow=rtl cycles=4096 warmup=512 ===
PASS cycles=4096 fires=2648 stalls=1416 eval_fires=2329 switches=2314 wait_max=3
SERVICE 586 586 579 578
tb/check_vectors.sv:91: $finish called at 40965 (1s)

=== n4_w1_q1 reset_stress seed=29 flow=rtl cycles=4096 warmup=512 ===
PASS cycles=4096 fires=2620 stalls=1444 eval_fires=2296 switches=2281 wait_max=3
SERVICE 579 575 572 570
tb/check_vectors.sv:91: $finish called at 40965 (1s)

=== n4_w1_q1 reset_stress seed=47 flow=rtl cycles=4096 warmup=512 ===
PASS cycles=4096 fires=2606 stalls=1458 eval_fires=2289 switches=2274 wait_max=3
SERVICE 578 574 570 567
tb/check_vectors.sv:91: $finish called at 40965 (1s)

=== n4_w1_q1 reset_stress seed=101 flow=rtl cycles=4096 warmup=512 ===
PASS cycles=4096 fires=2606 stalls=1458 eval_fires=2285 switches=2270 wait_max=3
SERVICE 578 574 568 565
tb/check_vectors.sv:91: $finish called at 40965 (1s)

=== n4_w1_q1 reset_stress seed=211 flow=rtl cycles=4096 warmup=512 ===
PASS cycles=4096 fires=2630 stalls=1434 eval_fires=2298 switches=2283 wait_max=3
SERVICE 582 577 570 569
tb/check_vectors.sv:91: $finish called at 40965 (1s)

=== n4_w1_q1 protocol seed=7 flow=generic-netlist cycles=128 warmup=0 ===
PASS cycles=128 fires=14 stalls=18 eval_fires=14 switches=12 wait_max=3
SERVICE 4 3 3 4
tb/check_vectors.sv:91: $finish called at 1285 (1s)

=== n4_w1_q1 sink_stalls seed=29 flow=generic-netlist cycles=4096 warmup=512 ===
PASS cycles=4096 fires=2644 stalls=1450 eval_fires=2319 switches=2318 wait_max=3
SERVICE 579 580 580 580
tb/check_vectors.sv:91: $finish called at 40965 (1s)

=== n4_w1_q1 phase_change seed=29 flow=generic-netlist cycles=4096 warmup=512 ===
PASS cycles=4096 fires=3589 stalls=0 eval_fires=3149 switches=568 wait_max=3
SERVICE 484 917 882 866
tb/check_vectors.sv:91: $finish called at 40965 (1s)

=== n4_w1_q4 protocol seed=7 flow=rtl cycles=128 warmup=0 ===
PASS cycles=128 fires=14 stalls=18 eval_fires=14 switches=6 wait_max=6
SERVICE 4 3 3 4
tb/check_vectors.sv:91: $finish called at 1285 (1s)

=== n4_w1_q4 saturated seed=11 flow=rtl cycles=4096 warmup=512 ===
PASS cycles=4096 fires=4094 stalls=0 eval_fires=3584 switches=896 wait_max=12
SERVICE 896 896 896 896
tb/check_vectors.sv:91: $finish called at 40965 (1s)

=== n4_w1_q4 saturated seed=29 flow=rtl cycles=4096 warmup=512 ===
PASS cycles=4096 fires=4094 stalls=0 eval_fires=3584 switches=896 wait_max=12
SERVICE 896 896 896 896
tb/check_vectors.sv:91: $finish called at 40965 (1s)

=== n4_w1_q4 saturated seed=47 flow=rtl cycles=4096 warmup=512 ===
PASS cycles=4096 fires=4094 stalls=0 eval_fires=3584 switches=896 wait_max=12
SERVICE 896 896 896 896
tb/check_vectors.sv:91: $finish called at 40965 (1s)

=== n4_w1_q4 saturated seed=101 flow=rtl cycles=4096 warmup=512 ===
PASS cycles=4096 fires=4094 stalls=0 eval_fires=3584 switches=896 wait_max=12
SERVICE 896 896 896 896
tb/check_vectors.sv:91: $finish called at 40965 (1s)

=== n4_w1_q4 saturated seed=211 flow=rtl cycles=4096 warmup=512 ===
PASS cycles=4096 fires=4094 stalls=0 eval_fires=3584 switches=896 wait_max=12
SERVICE 896 896 896 896
tb/check_vectors.sv:91: $finish called at 40965 (1s)

=== n4_w1_q4 sink_stalls seed=11 flow=rtl cycles=4096 warmup=512 ===
PASS cycles=4096 fires=2673 stalls=1421 eval_fires=2354 switches=589 wait_max=12
SERVICE 589 588 588 589
tb/check_vectors.sv:91: $finish called at 40965 (1s)

=== n4_w1_q4 sink_stalls seed=29 flow=rtl cycles=4096 warmup=512 ===
PASS cycles=4096 fires=2644 stalls=1450 eval_fires=2319 switches=579 wait_max=12
SERVICE 580 579 580 580
tb/check_vectors.sv:91: $finish called at 40965 (1s)

=== n4_w1_q4 sink_stalls seed=47 flow=rtl cycles=4096 warmup=512 ===
PASS cycles=4096 fires=2629 stalls=1465 eval_fires=2310 switches=578 wait_max=12
SERVICE 580 577 576 577
tb/check_vectors.sv:91: $finish called at 40965 (1s)

=== n4_w1_q4 sink_stalls seed=101 flow=rtl cycles=4096 warmup=512 ===
PASS cycles=4096 fires=2628 stalls=1466 eval_fires=2306 switches=576 wait_max=12
SERVICE 578 576 576 576
tb/check_vectors.sv:91: $finish called at 40965 (1s)

=== n4_w1_q4 sink_stalls seed=211 flow=rtl cycles=4096 warmup=512 ===
PASS cycles=4096 fires=2655 stalls=1439 eval_fires=2321 switches=580 wait_max=12
SERVICE 580 580 580 581
tb/check_vectors.sv:91: $finish called at 40965 (1s)

=== n4_w1_q4 asymmetric seed=11 flow=rtl cycles=4096 warmup=512 ===
PASS cycles=4096 fires=4094 stalls=0 eval_fires=3584 switches=658 wait_max=6
SERVICE 3192 138 129 125
tb/check_vectors.sv:91: $finish called at 40965 (1s)

=== n4_w1_q4 asymmetric seed=29 flow=rtl cycles=4096 warmup=512 ===
PASS cycles=4096 fires=4094 stalls=0 eval_fires=3584 switches=622 wait_max=6
SERVICE 3184 120 143 137
tb/check_vectors.sv:91: $finish called at 40965 (1s)

=== n4_w1_q4 asymmetric seed=47 flow=rtl cycles=4096 warmup=512 ===
PASS cycles=4096 fires=4094 stalls=0 eval_fires=3584 switches=653 wait_max=5
SERVICE 3176 139 125 144
tb/check_vectors.sv:91: $finish called at 40965 (1s)

=== n4_w1_q4 asymmetric seed=101 flow=rtl cycles=4096 warmup=512 ===
PASS cycles=4096 fires=4094 stalls=0 eval_fires=3584 switches=690 wait_max=6
SERVICE 3182 137 135 130
tb/check_vectors.sv:91: $finish called at 40965 (1s)

=== n4_w1_q4 asymmetric seed=211 flow=rtl cycles=4096 warmup=512 ===
PASS cycles=4096 fires=4094 stalls=0 eval_fires=3584 switches=638 wait_max=5
SERVICE 3190 129 140 125
tb/check_vectors.sv:91: $finish called at 40965 (1s)

=== n4_w1_q4 bursty seed=11 flow=rtl cycles=4096 warmup=512 ===
PASS cycles=4096 fires=1344 stalls=0 eval_fires=1184 switches=147 wait_max=0
SERVICE 296 296 296 296
tb/check_vectors.sv:91: $finish called at 40965 (1s)

=== n4_w1_q4 bursty seed=29 flow=rtl cycles=4096 warmup=512 ===
PASS cycles=4096 fires=1344 stalls=0 eval_fires=1184 switches=147 wait_max=0
SERVICE 296 296 296 296
tb/check_vectors.sv:91: $finish called at 40965 (1s)

=== n4_w1_q4 bursty seed=47 flow=rtl cycles=4096 warmup=512 ===
PASS cycles=4096 fires=1344 stalls=0 eval_fires=1184 switches=147 wait_max=0
SERVICE 296 296 296 296
tb/check_vectors.sv:91: $finish called at 40965 (1s)

=== n4_w1_q4 bursty seed=101 flow=rtl cycles=4096 warmup=512 ===
PASS cycles=4096 fires=1344 stalls=0 eval_fires=1184 switches=147 wait_max=0
SERVICE 296 296 296 296
tb/check_vectors.sv:91: $finish called at 40965 (1s)

=== n4_w1_q4 bursty seed=211 flow=rtl cycles=4096 warmup=512 ===
PASS cycles=4096 fires=1344 stalls=0 eval_fires=1184 switches=147 wait_max=0
SERVICE 296 296 296 296
tb/check_vectors.sv:91: $finish called at 40965 (1s)

=== n4_w1_q4 light seed=11 flow=rtl cycles=4096 warmup=512 ===
PASS cycles=4096 fires=2503 stalls=0 eval_fires=2207 switches=1630 wait_max=7
SERVICE 538 516 575 578
tb/check_vectors.sv:91: $finish called at 40965 (1s)

=== n4_w1_q4 light seed=29 flow=rtl cycles=4096 warmup=512 ===
PASS cycles=4096 fires=2485 stalls=0 eval_fires=2177 switches=1593 wait_max=9
SERVICE 564 553 528 532
tb/check_vectors.sv:91: $finish called at 40965 (1s)

=== n4_w1_q4 light seed=47 flow=rtl cycles=4096 warmup=512 ===
PASS cycles=4096 fires=2419 stalls=0 eval_fires=2127 switches=1570 wait_max=8
SERVICE 524 537 512 554
tb/check_vectors.sv:91: $finish called at 40965 (1s)

=== n4_w1_q4 light seed=101 flow=rtl cycles=4096 warmup=512 ===
PASS cycles=4096 fires=2481 stalls=0 eval_fires=2170 switches=1575 wait_max=7
SERVICE 520 544 561 545
tb/check_vectors.sv:91: $finish called at 40965 (1s)

=== n4_w1_q4 light seed=211 flow=rtl cycles=4096 warmup=512 ===
PASS cycles=4096 fires=2416 stalls=0 eval_fires=2109 switches=1512 wait_max=10
SERVICE 526 535 526 522
tb/check_vectors.sv:91: $finish called at 40965 (1s)

=== n4_w1_q4 phase_change seed=11 flow=rtl cycles=4096 warmup=512 ===
PASS cycles=4096 fires=3605 stalls=0 eval_fires=3158 switches=487 wait_max=5
SERVICE 469 900 911 878
tb/check_vectors.sv:91: $finish called at 40965 (1s)

=== n4_w1_q4 phase_change seed=29 flow=rtl cycles=4096 warmup=512 ===
PASS cycles=4096 fires=3589 stalls=0 eval_fires=3149 switches=501 wait_max=5
SERVICE 483 917 882 867
tb/check_vectors.sv:91: $finish called at 40965 (1s)

=== n4_w1_q4 phase_change seed=47 flow=rtl cycles=4096 warmup=512 ===
PASS cycles=4096 fires=3607 stalls=0 eval_fires=3175 switches=511 wait_max=8
SERVICE 502 884 904 885
tb/check_vectors.sv:91: $finish called at 40965 (1s)

=== n4_w1_q4 phase_change seed=101 flow=rtl cycles=4096 warmup=512 ===
PASS cycles=4096 fires=3604 stalls=0 eval_fires=3160 switches=506 wait_max=8
SERVICE 491 891 897 881
tb/check_vectors.sv:91: $finish called at 40965 (1s)

=== n4_w1_q4 phase_change seed=211 flow=rtl cycles=4096 warmup=512 ===
PASS cycles=4096 fires=3558 stalls=0 eval_fires=3119 switches=499 wait_max=8
SERVICE 494 880 880 865
tb/check_vectors.sv:91: $finish called at 40965 (1s)

=== n4_w1_q4 reset_stress seed=11 flow=rtl cycles=4096 warmup=512 ===
PASS cycles=4096 fires=2648 stalls=1416 eval_fires=2329 switches=571 wait_max=12
SERVICE 596 587 578 568
tb/check_vectors.sv:91: $finish called at 40965 (1s)

=== n4_w1_q4 reset_stress seed=29 flow=rtl cycles=4096 warmup=512 ===
PASS cycles=4096 fires=2620 stalls=1444 eval_fires=2296 switches=565 wait_max=12
SERVICE 592 582 574 548
tb/check_vectors.sv:91: $finish called at 40965 (1s)

=== n4_w1_q4 reset_stress seed=47 flow=rtl cycles=4096 warmup=512 ===
PASS cycles=4096 fires=2606 stalls=1458 eval_fires=2289 switches=564 wait_max=12
SERVICE 594 582 564 549
tb/check_vectors.sv:91: $finish called at 40965 (1s)

=== n4_w1_q4 reset_stress seed=101 flow=rtl cycles=4096 warmup=512 ===
PASS cycles=4096 fires=2606 stalls=1458 eval_fires=2285 switches=563 wait_max=12
SERVICE 592 576 565 552
tb/check_vectors.sv:91: $finish called at 40965 (1s)

=== n4_w1_q4 reset_stress seed=211 flow=rtl cycles=4096 warmup=512 ===
PASS cycles=4096 fires=2630 stalls=1434 eval_fires=2298 switches=567 wait_max=12
SERVICE 595 588 567 548
tb/check_vectors.sv:91: $finish called at 40965 (1s)

=== n4_w1_q4 protocol seed=7 flow=generic-netlist cycles=128 warmup=0 ===
PASS cycles=128 fires=14 stalls=18 eval_fires=14 switches=6 wait_max=6
SERVICE 4 3 3 4
tb/check_vectors.sv:91: $finish called at 1285 (1s)

=== n4_w1_q4 sink_stalls seed=29 flow=generic-netlist cycles=4096 warmup=512 ===
PASS cycles=4096 fires=2644 stalls=1450 eval_fires=2319 switches=579 wait_max=12
SERVICE 580 579 580 580
tb/check_vectors.sv:91: $finish called at 40965 (1s)

=== n4_w1_q4 phase_change seed=29 flow=generic-netlist cycles=4096 warmup=512 ===
PASS cycles=4096 fires=3589 stalls=0 eval_fires=3149 switches=501 wait_max=5
SERVICE 483 917 882 867
tb/check_vectors.sv:91: $finish called at 40965 (1s)

=== n4_w8_q1 protocol seed=7 flow=rtl cycles=128 warmup=0 ===
PASS cycles=128 fires=14 stalls=18 eval_fires=14 switches=12 wait_max=3
SERVICE 4 3 3 4
tb/check_vectors.sv:91: $finish called at 1285 (1s)

=== n4_w8_q1 saturated seed=11 flow=rtl cycles=4096 warmup=512 ===
PASS cycles=4096 fires=4094 stalls=0 eval_fires=3584 switches=3583 wait_max=3
SERVICE 896 896 896 896
tb/check_vectors.sv:91: $finish called at 40965 (1s)

=== n4_w8_q1 saturated seed=29 flow=rtl cycles=4096 warmup=512 ===
PASS cycles=4096 fires=4094 stalls=0 eval_fires=3584 switches=3583 wait_max=3
SERVICE 896 896 896 896
tb/check_vectors.sv:91: $finish called at 40965 (1s)

=== n4_w8_q1 saturated seed=47 flow=rtl cycles=4096 warmup=512 ===
PASS cycles=4096 fires=4094 stalls=0 eval_fires=3584 switches=3583 wait_max=3
SERVICE 896 896 896 896
tb/check_vectors.sv:91: $finish called at 40965 (1s)

=== n4_w8_q1 saturated seed=101 flow=rtl cycles=4096 warmup=512 ===
PASS cycles=4096 fires=4094 stalls=0 eval_fires=3584 switches=3583 wait_max=3
SERVICE 896 896 896 896
tb/check_vectors.sv:91: $finish called at 40965 (1s)

=== n4_w8_q1 saturated seed=211 flow=rtl cycles=4096 warmup=512 ===
PASS cycles=4096 fires=4094 stalls=0 eval_fires=3584 switches=3583 wait_max=3
SERVICE 896 896 896 896
tb/check_vectors.sv:91: $finish called at 40965 (1s)

=== n4_w8_q1 sink_stalls seed=11 flow=rtl cycles=4096 warmup=512 ===
PASS cycles=4096 fires=2673 stalls=1421 eval_fires=2354 switches=2353 wait_max=3
SERVICE 589 588 588 589
tb/check_vectors.sv:91: $finish called at 40965 (1s)

=== n4_w8_q1 sink_stalls seed=29 flow=rtl cycles=4096 warmup=512 ===
PASS cycles=4096 fires=2644 stalls=1450 eval_fires=2319 switches=2318 wait_max=3
SERVICE 579 580 580 580
tb/check_vectors.sv:91: $finish called at 40965 (1s)

=== n4_w8_q1 sink_stalls seed=47 flow=rtl cycles=4096 warmup=512 ===
PASS cycles=4096 fires=2629 stalls=1465 eval_fires=2310 switches=2309 wait_max=3
SERVICE 578 577 577 578
tb/check_vectors.sv:91: $finish called at 40965 (1s)

=== n4_w8_q1 sink_stalls seed=101 flow=rtl cycles=4096 warmup=512 ===
PASS cycles=4096 fires=2628 stalls=1466 eval_fires=2306 switches=2305 wait_max=3
SERVICE 576 576 577 577
tb/check_vectors.sv:91: $finish called at 40965 (1s)

=== n4_w8_q1 sink_stalls seed=211 flow=rtl cycles=4096 warmup=512 ===
PASS cycles=4096 fires=2655 stalls=1439 eval_fires=2321 switches=2320 wait_max=3
SERVICE 580 580 581 580
tb/check_vectors.sv:91: $finish called at 40965 (1s)

=== n4_w8_q1 asymmetric seed=11 flow=rtl cycles=4096 warmup=512 ===
PASS cycles=4096 fires=4094 stalls=0 eval_fires=3584 switches=749 wait_max=3
SERVICE 3192 138 129 125
tb/check_vectors.sv:91: $finish called at 40965 (1s)

=== n4_w8_q1 asymmetric seed=29 flow=rtl cycles=4096 warmup=512 ===
PASS cycles=4096 fires=4094 stalls=0 eval_fires=3584 switches=765 wait_max=3
SERVICE 3184 120 143 137
tb/check_vectors.sv:91: $finish called at 40965 (1s)

=== n4_w8_q1 asymmetric seed=47 flow=rtl cycles=4096 warmup=512 ===
PASS cycles=4096 fires=4094 stalls=0 eval_fires=3584 switches=777 wait_max=2
SERVICE 3176 139 125 144
tb/check_vectors.sv:91: $finish called at 40965 (1s)

=== n4_w8_q1 asymmetric seed=101 flow=rtl cycles=4096 warmup=512 ===
PASS cycles=4096 fires=4094 stalls=0 eval_fires=3584 switches=780 wait_max=2
SERVICE 3182 137 135 130
tb/check_vectors.sv:91: $finish called at 40965 (1s)

=== n4_w8_q1 asymmetric seed=211 flow=rtl cycles=4096 warmup=512 ===
PASS cycles=4096 fires=4094 stalls=0 eval_fires=3584 switches=757 wait_max=3
SERVICE 3190 129 140 125
tb/check_vectors.sv:91: $finish called at 40965 (1s)

=== n4_w8_q1 bursty seed=11 flow=rtl cycles=4096 warmup=512 ===
PASS cycles=4096 fires=1344 stalls=0 eval_fires=1184 switches=147 wait_max=0
SERVICE 296 296 296 296
tb/check_vectors.sv:91: $finish called at 40965 (1s)

=== n4_w8_q1 bursty seed=29 flow=rtl cycles=4096 warmup=512 ===
PASS cycles=4096 fires=1344 stalls=0 eval_fires=1184 switches=147 wait_max=0
SERVICE 296 296 296 296
tb/check_vectors.sv:91: $finish called at 40965 (1s)

=== n4_w8_q1 bursty seed=47 flow=rtl cycles=4096 warmup=512 ===
PASS cycles=4096 fires=1344 stalls=0 eval_fires=1184 switches=147 wait_max=0
SERVICE 296 296 296 296
tb/check_vectors.sv:91: $finish called at 40965 (1s)

=== n4_w8_q1 bursty seed=101 flow=rtl cycles=4096 warmup=512 ===
PASS cycles=4096 fires=1344 stalls=0 eval_fires=1184 switches=147 wait_max=0
SERVICE 296 296 296 296
tb/check_vectors.sv:91: $finish called at 40965 (1s)

=== n4_w8_q1 bursty seed=211 flow=rtl cycles=4096 warmup=512 ===
PASS cycles=4096 fires=1344 stalls=0 eval_fires=1184 switches=147 wait_max=0
SERVICE 296 296 296 296
tb/check_vectors.sv:91: $finish called at 40965 (1s)

=== n4_w8_q1 light seed=11 flow=rtl cycles=4096 warmup=512 ===
PASS cycles=4096 fires=2503 stalls=0 eval_fires=2207 switches=1938 wait_max=3
SERVICE 538 516 575 578
tb/check_vectors.sv:91: $finish called at 40965 (1s)

=== n4_w8_q1 light seed=29 flow=rtl cycles=4096 warmup=512 ===
PASS cycles=4096 fires=2485 stalls=0 eval_fires=2177 switches=1881 wait_max=3
SERVICE 562 553 529 533
tb/check_vectors.sv:91: $finish called at 40965 (1s)

=== n4_w8_q1 light seed=47 flow=rtl cycles=4096 warmup=512 ===
PASS cycles=4096 fires=2419 stalls=0 eval_fires=2127 switches=1857 wait_max=3
SERVICE 524 537 512 554
tb/check_vectors.sv:91: $finish called at 40965 (1s)

=== n4_w8_q1 light seed=101 flow=rtl cycles=4096 warmup=512 ===
PASS cycles=4096 fires=2481 stalls=0 eval_fires=2170 switches=1868 wait_max=3
SERVICE 520 544 561 545
tb/check_vectors.sv:91: $finish called at 40965 (1s)

=== n4_w8_q1 light seed=211 flow=rtl cycles=4096 warmup=512 ===
PASS cycles=4096 fires=2416 stalls=0 eval_fires=2109 switches=1776 wait_max=3
SERVICE 525 535 527 522
tb/check_vectors.sv:91: $finish called at 40965 (1s)

=== n4_w8_q1 phase_change seed=11 flow=rtl cycles=4096 warmup=512 ===
PASS cycles=4096 fires=3605 stalls=0 eval_fires=3158 switches=534 wait_max=3
SERVICE 469 900 911 878
tb/check_vectors.sv:91: $finish called at 40965 (1s)

=== n4_w8_q1 phase_change seed=29 flow=rtl cycles=4096 warmup=512 ===
PASS cycles=4096 fires=3589 stalls=0 eval_fires=3149 switches=568 wait_max=3
SERVICE 484 917 882 866
tb/check_vectors.sv:91: $finish called at 40965 (1s)

=== n4_w8_q1 phase_change seed=47 flow=rtl cycles=4096 warmup=512 ===
PASS cycles=4096 fires=3607 stalls=0 eval_fires=3175 switches=559 wait_max=2
SERVICE 502 884 904 885
tb/check_vectors.sv:91: $finish called at 40965 (1s)

=== n4_w8_q1 phase_change seed=101 flow=rtl cycles=4096 warmup=512 ===
PASS cycles=4096 fires=3604 stalls=0 eval_fires=3160 switches=562 wait_max=3
SERVICE 491 891 897 881
tb/check_vectors.sv:91: $finish called at 40965 (1s)

=== n4_w8_q1 phase_change seed=211 flow=rtl cycles=4096 warmup=512 ===
PASS cycles=4096 fires=3558 stalls=0 eval_fires=3119 switches=552 wait_max=2
SERVICE 496 879 879 865
tb/check_vectors.sv:91: $finish called at 40965 (1s)

=== n4_w8_q1 reset_stress seed=11 flow=rtl cycles=4096 warmup=512 ===
PASS cycles=4096 fires=2648 stalls=1416 eval_fires=2329 switches=2314 wait_max=3
SERVICE 586 586 579 578
tb/check_vectors.sv:91: $finish called at 40965 (1s)

=== n4_w8_q1 reset_stress seed=29 flow=rtl cycles=4096 warmup=512 ===
PASS cycles=4096 fires=2620 stalls=1444 eval_fires=2296 switches=2281 wait_max=3
SERVICE 579 575 572 570
tb/check_vectors.sv:91: $finish called at 40965 (1s)

=== n4_w8_q1 reset_stress seed=47 flow=rtl cycles=4096 warmup=512 ===
PASS cycles=4096 fires=2606 stalls=1458 eval_fires=2289 switches=2274 wait_max=3
SERVICE 578 574 570 567
tb/check_vectors.sv:91: $finish called at 40965 (1s)

=== n4_w8_q1 reset_stress seed=101 flow=rtl cycles=4096 warmup=512 ===
PASS cycles=4096 fires=2606 stalls=1458 eval_fires=2285 switches=2270 wait_max=3
SERVICE 578 574 568 565
tb/check_vectors.sv:91: $finish called at 40965 (1s)

=== n4_w8_q1 reset_stress seed=211 flow=rtl cycles=4096 warmup=512 ===
PASS cycles=4096 fires=2630 stalls=1434 eval_fires=2298 switches=2283 wait_max=3
SERVICE 582 577 570 569
tb/check_vectors.sv:91: $finish called at 40965 (1s)

=== n4_w8_q1 protocol seed=7 flow=generic-netlist cycles=128 warmup=0 ===
PASS cycles=128 fires=14 stalls=18 eval_fires=14 switches=12 wait_max=3
SERVICE 4 3 3 4
tb/check_vectors.sv:91: $finish called at 1285 (1s)

=== n4_w8_q1 sink_stalls seed=29 flow=generic-netlist cycles=4096 warmup=512 ===
PASS cycles=4096 fires=2644 stalls=1450 eval_fires=2319 switches=2318 wait_max=3
SERVICE 579 580 580 580
tb/check_vectors.sv:91: $finish called at 40965 (1s)

=== n4_w8_q1 phase_change seed=29 flow=generic-netlist cycles=4096 warmup=512 ===
PASS cycles=4096 fires=3589 stalls=0 eval_fires=3149 switches=568 wait_max=3
SERVICE 484 917 882 866
tb/check_vectors.sv:91: $finish called at 40965 (1s)

=== n4_w8_q4 protocol seed=7 flow=rtl cycles=128 warmup=0 ===
PASS cycles=128 fires=14 stalls=18 eval_fires=14 switches=6 wait_max=6
SERVICE 4 3 3 4
tb/check_vectors.sv:91: $finish called at 1285 (1s)

=== n4_w8_q4 saturated seed=11 flow=rtl cycles=4096 warmup=512 ===
PASS cycles=4096 fires=4094 stalls=0 eval_fires=3584 switches=896 wait_max=12
SERVICE 896 896 896 896
tb/check_vectors.sv:91: $finish called at 40965 (1s)

=== n4_w8_q4 saturated seed=29 flow=rtl cycles=4096 warmup=512 ===
PASS cycles=4096 fires=4094 stalls=0 eval_fires=3584 switches=896 wait_max=12
SERVICE 896 896 896 896
tb/check_vectors.sv:91: $finish called at 40965 (1s)

=== n4_w8_q4 saturated seed=47 flow=rtl cycles=4096 warmup=512 ===
PASS cycles=4096 fires=4094 stalls=0 eval_fires=3584 switches=896 wait_max=12
SERVICE 896 896 896 896
tb/check_vectors.sv:91: $finish called at 40965 (1s)

=== n4_w8_q4 saturated seed=101 flow=rtl cycles=4096 warmup=512 ===
PASS cycles=4096 fires=4094 stalls=0 eval_fires=3584 switches=896 wait_max=12
SERVICE 896 896 896 896
tb/check_vectors.sv:91: $finish called at 40965 (1s)

=== n4_w8_q4 saturated seed=211 flow=rtl cycles=4096 warmup=512 ===
PASS cycles=4096 fires=4094 stalls=0 eval_fires=3584 switches=896 wait_max=12
SERVICE 896 896 896 896
tb/check_vectors.sv:91: $finish called at 40965 (1s)

=== n4_w8_q4 sink_stalls seed=11 flow=rtl cycles=4096 warmup=512 ===
PASS cycles=4096 fires=2673 stalls=1421 eval_fires=2354 switches=589 wait_max=12
SERVICE 589 588 588 589
tb/check_vectors.sv:91: $finish called at 40965 (1s)

=== n4_w8_q4 sink_stalls seed=29 flow=rtl cycles=4096 warmup=512 ===
PASS cycles=4096 fires=2644 stalls=1450 eval_fires=2319 switches=579 wait_max=12
SERVICE 580 579 580 580
tb/check_vectors.sv:91: $finish called at 40965 (1s)

=== n4_w8_q4 sink_stalls seed=47 flow=rtl cycles=4096 warmup=512 ===
PASS cycles=4096 fires=2629 stalls=1465 eval_fires=2310 switches=578 wait_max=12
SERVICE 580 577 576 577
tb/check_vectors.sv:91: $finish called at 40965 (1s)

=== n4_w8_q4 sink_stalls seed=101 flow=rtl cycles=4096 warmup=512 ===
PASS cycles=4096 fires=2628 stalls=1466 eval_fires=2306 switches=576 wait_max=12
SERVICE 578 576 576 576
tb/check_vectors.sv:91: $finish called at 40965 (1s)

=== n4_w8_q4 sink_stalls seed=211 flow=rtl cycles=4096 warmup=512 ===
PASS cycles=4096 fires=2655 stalls=1439 eval_fires=2321 switches=580 wait_max=12
SERVICE 580 580 580 581
tb/check_vectors.sv:91: $finish called at 40965 (1s)

=== n4_w8_q4 asymmetric seed=11 flow=rtl cycles=4096 warmup=512 ===
PASS cycles=4096 fires=4094 stalls=0 eval_fires=3584 switches=658 wait_max=6
SERVICE 3192 138 129 125
tb/check_vectors.sv:91: $finish called at 40965 (1s)

=== n4_w8_q4 asymmetric seed=29 flow=rtl cycles=4096 warmup=512 ===
PASS cycles=4096 fires=4094 stalls=0 eval_fires=3584 switches=622 wait_max=6
SERVICE 3184 120 143 137
tb/check_vectors.sv:91: $finish called at 40965 (1s)

=== n4_w8_q4 asymmetric seed=47 flow=rtl cycles=4096 warmup=512 ===
PASS cycles=4096 fires=4094 stalls=0 eval_fires=3584 switches=653 wait_max=5
SERVICE 3176 139 125 144
tb/check_vectors.sv:91: $finish called at 40965 (1s)

=== n4_w8_q4 asymmetric seed=101 flow=rtl cycles=4096 warmup=512 ===
PASS cycles=4096 fires=4094 stalls=0 eval_fires=3584 switches=690 wait_max=6
SERVICE 3182 137 135 130
tb/check_vectors.sv:91: $finish called at 40965 (1s)

=== n4_w8_q4 asymmetric seed=211 flow=rtl cycles=4096 warmup=512 ===
PASS cycles=4096 fires=4094 stalls=0 eval_fires=3584 switches=638 wait_max=5
SERVICE 3190 129 140 125
tb/check_vectors.sv:91: $finish called at 40965 (1s)

=== n4_w8_q4 bursty seed=11 flow=rtl cycles=4096 warmup=512 ===
PASS cycles=4096 fires=1344 stalls=0 eval_fires=1184 switches=147 wait_max=0
SERVICE 296 296 296 296
tb/check_vectors.sv:91: $finish called at 40965 (1s)

=== n4_w8_q4 bursty seed=29 flow=rtl cycles=4096 warmup=512 ===
PASS cycles=4096 fires=1344 stalls=0 eval_fires=1184 switches=147 wait_max=0
SERVICE 296 296 296 296
tb/check_vectors.sv:91: $finish called at 40965 (1s)

=== n4_w8_q4 bursty seed=47 flow=rtl cycles=4096 warmup=512 ===
PASS cycles=4096 fires=1344 stalls=0 eval_fires=1184 switches=147 wait_max=0
SERVICE 296 296 296 296
tb/check_vectors.sv:91: $finish called at 40965 (1s)

=== n4_w8_q4 bursty seed=101 flow=rtl cycles=4096 warmup=512 ===
PASS cycles=4096 fires=1344 stalls=0 eval_fires=1184 switches=147 wait_max=0
SERVICE 296 296 296 296
tb/check_vectors.sv:91: $finish called at 40965 (1s)

=== n4_w8_q4 bursty seed=211 flow=rtl cycles=4096 warmup=512 ===
PASS cycles=4096 fires=1344 stalls=0 eval_fires=1184 switches=147 wait_max=0
SERVICE 296 296 296 296
tb/check_vectors.sv:91: $finish called at 40965 (1s)

=== n4_w8_q4 light seed=11 flow=rtl cycles=4096 warmup=512 ===
PASS cycles=4096 fires=2503 stalls=0 eval_fires=2207 switches=1630 wait_max=7
SERVICE 538 516 575 578
tb/check_vectors.sv:91: $finish called at 40965 (1s)

=== n4_w8_q4 light seed=29 flow=rtl cycles=4096 warmup=512 ===
PASS cycles=4096 fires=2485 stalls=0 eval_fires=2177 switches=1593 wait_max=9
SERVICE 564 553 528 532
tb/check_vectors.sv:91: $finish called at 40965 (1s)

=== n4_w8_q4 light seed=47 flow=rtl cycles=4096 warmup=512 ===
PASS cycles=4096 fires=2419 stalls=0 eval_fires=2127 switches=1570 wait_max=8
SERVICE 524 537 512 554
tb/check_vectors.sv:91: $finish called at 40965 (1s)

=== n4_w8_q4 light seed=101 flow=rtl cycles=4096 warmup=512 ===
PASS cycles=4096 fires=2481 stalls=0 eval_fires=2170 switches=1575 wait_max=7
SERVICE 520 544 561 545
tb/check_vectors.sv:91: $finish called at 40965 (1s)

=== n4_w8_q4 light seed=211 flow=rtl cycles=4096 warmup=512 ===
PASS cycles=4096 fires=2416 stalls=0 eval_fires=2109 switches=1512 wait_max=10
SERVICE 526 535 526 522
tb/check_vectors.sv:91: $finish called at 40965 (1s)

=== n4_w8_q4 phase_change seed=11 flow=rtl cycles=4096 warmup=512 ===
PASS cycles=4096 fires=3605 stalls=0 eval_fires=3158 switches=487 wait_max=5
SERVICE 469 900 911 878
tb/check_vectors.sv:91: $finish called at 40965 (1s)

=== n4_w8_q4 phase_change seed=29 flow=rtl cycles=4096 warmup=512 ===
PASS cycles=4096 fires=3589 stalls=0 eval_fires=3149 switches=501 wait_max=5
SERVICE 483 917 882 867
tb/check_vectors.sv:91: $finish called at 40965 (1s)

=== n4_w8_q4 phase_change seed=47 flow=rtl cycles=4096 warmup=512 ===
PASS cycles=4096 fires=3607 stalls=0 eval_fires=3175 switches=511 wait_max=8
SERVICE 502 884 904 885
tb/check_vectors.sv:91: $finish called at 40965 (1s)

=== n4_w8_q4 phase_change seed=101 flow=rtl cycles=4096 warmup=512 ===
PASS cycles=4096 fires=3604 stalls=0 eval_fires=3160 switches=506 wait_max=8
SERVICE 491 891 897 881
tb/check_vectors.sv:91: $finish called at 40965 (1s)

=== n4_w8_q4 phase_change seed=211 flow=rtl cycles=4096 warmup=512 ===
PASS cycles=4096 fires=3558 stalls=0 eval_fires=3119 switches=499 wait_max=8
SERVICE 494 880 880 865
tb/check_vectors.sv:91: $finish called at 40965 (1s)

=== n4_w8_q4 reset_stress seed=11 flow=rtl cycles=4096 warmup=512 ===
PASS cycles=4096 fires=2648 stalls=1416 eval_fires=2329 switches=571 wait_max=12
SERVICE 596 587 578 568
tb/check_vectors.sv:91: $finish called at 40965 (1s)

=== n4_w8_q4 reset_stress seed=29 flow=rtl cycles=4096 warmup=512 ===
PASS cycles=4096 fires=2620 stalls=1444 eval_fires=2296 switches=565 wait_max=12
SERVICE 592 582 574 548
tb/check_vectors.sv:91: $finish called at 40965 (1s)

=== n4_w8_q4 reset_stress seed=47 flow=rtl cycles=4096 warmup=512 ===
PASS cycles=4096 fires=2606 stalls=1458 eval_fires=2289 switches=564 wait_max=12
SERVICE 594 582 564 549
tb/check_vectors.sv:91: $finish called at 40965 (1s)

=== n4_w8_q4 reset_stress seed=101 flow=rtl cycles=4096 warmup=512 ===
PASS cycles=4096 fires=2606 stalls=1458 eval_fires=2285 switches=563 wait_max=12
SERVICE 592 576 565 552
tb/check_vectors.sv:91: $finish called at 40965 (1s)

=== n4_w8_q4 reset_stress seed=211 flow=rtl cycles=4096 warmup=512 ===
PASS cycles=4096 fires=2630 stalls=1434 eval_fires=2298 switches=567 wait_max=12
SERVICE 595 588 567 548
tb/check_vectors.sv:91: $finish called at 40965 (1s)

=== n4_w8_q4 protocol seed=7 flow=generic-netlist cycles=128 warmup=0 ===
PASS cycles=128 fires=14 stalls=18 eval_fires=14 switches=6 wait_max=6
SERVICE 4 3 3 4
tb/check_vectors.sv:91: $finish called at 1285 (1s)

=== n4_w8_q4 sink_stalls seed=29 flow=generic-netlist cycles=4096 warmup=512 ===
PASS cycles=4096 fires=2644 stalls=1450 eval_fires=2319 switches=579 wait_max=12
SERVICE 580 579 580 580
tb/check_vectors.sv:91: $finish called at 40965 (1s)

=== n4_w8_q4 phase_change seed=29 flow=generic-netlist cycles=4096 warmup=512 ===
PASS cycles=4096 fires=3589 stalls=0 eval_fires=3149 switches=501 wait_max=5
SERVICE 483 917 882 867
tb/check_vectors.sv:91: $finish called at 40965 (1s)

=== n4_w32_q1 protocol seed=7 flow=rtl cycles=128 warmup=0 ===
PASS cycles=128 fires=14 stalls=18 eval_fires=14 switches=12 wait_max=3
SERVICE 4 3 3 4
tb/check_vectors.sv:91: $finish called at 1285 (1s)

=== n4_w32_q1 saturated seed=11 flow=rtl cycles=4096 warmup=512 ===
PASS cycles=4096 fires=4094 stalls=0 eval_fires=3584 switches=3583 wait_max=3
SERVICE 896 896 896 896
tb/check_vectors.sv:91: $finish called at 40965 (1s)

=== n4_w32_q1 saturated seed=29 flow=rtl cycles=4096 warmup=512 ===
PASS cycles=4096 fires=4094 stalls=0 eval_fires=3584 switches=3583 wait_max=3
SERVICE 896 896 896 896
tb/check_vectors.sv:91: $finish called at 40965 (1s)

=== n4_w32_q1 saturated seed=47 flow=rtl cycles=4096 warmup=512 ===
PASS cycles=4096 fires=4094 stalls=0 eval_fires=3584 switches=3583 wait_max=3
SERVICE 896 896 896 896
tb/check_vectors.sv:91: $finish called at 40965 (1s)

=== n4_w32_q1 saturated seed=101 flow=rtl cycles=4096 warmup=512 ===
PASS cycles=4096 fires=4094 stalls=0 eval_fires=3584 switches=3583 wait_max=3
SERVICE 896 896 896 896
tb/check_vectors.sv:91: $finish called at 40965 (1s)

=== n4_w32_q1 saturated seed=211 flow=rtl cycles=4096 warmup=512 ===
PASS cycles=4096 fires=4094 stalls=0 eval_fires=3584 switches=3583 wait_max=3
SERVICE 896 896 896 896
tb/check_vectors.sv:91: $finish called at 40965 (1s)

=== n4_w32_q1 sink_stalls seed=11 flow=rtl cycles=4096 warmup=512 ===
PASS cycles=4096 fires=2673 stalls=1421 eval_fires=2354 switches=2353 wait_max=3
SERVICE 589 588 588 589
tb/check_vectors.sv:91: $finish called at 40965 (1s)

=== n4_w32_q1 sink_stalls seed=29 flow=rtl cycles=4096 warmup=512 ===
PASS cycles=4096 fires=2644 stalls=1450 eval_fires=2319 switches=2318 wait_max=3
SERVICE 579 580 580 580
tb/check_vectors.sv:91: $finish called at 40965 (1s)

=== n4_w32_q1 sink_stalls seed=47 flow=rtl cycles=4096 warmup=512 ===
PASS cycles=4096 fires=2629 stalls=1465 eval_fires=2310 switches=2309 wait_max=3
SERVICE 578 577 577 578
tb/check_vectors.sv:91: $finish called at 40965 (1s)

=== n4_w32_q1 sink_stalls seed=101 flow=rtl cycles=4096 warmup=512 ===
PASS cycles=4096 fires=2628 stalls=1466 eval_fires=2306 switches=2305 wait_max=3
SERVICE 576 576 577 577
tb/check_vectors.sv:91: $finish called at 40965 (1s)

=== n4_w32_q1 sink_stalls seed=211 flow=rtl cycles=4096 warmup=512 ===
PASS cycles=4096 fires=2655 stalls=1439 eval_fires=2321 switches=2320 wait_max=3
SERVICE 580 580 581 580
tb/check_vectors.sv:91: $finish called at 40965 (1s)

=== n4_w32_q1 asymmetric seed=11 flow=rtl cycles=4096 warmup=512 ===
PASS cycles=4096 fires=4094 stalls=0 eval_fires=3584 switches=749 wait_max=3
SERVICE 3192 138 129 125
tb/check_vectors.sv:91: $finish called at 40965 (1s)

=== n4_w32_q1 asymmetric seed=29 flow=rtl cycles=4096 warmup=512 ===
PASS cycles=4096 fires=4094 stalls=0 eval_fires=3584 switches=765 wait_max=3
SERVICE 3184 120 143 137
tb/check_vectors.sv:91: $finish called at 40965 (1s)

=== n4_w32_q1 asymmetric seed=47 flow=rtl cycles=4096 warmup=512 ===
PASS cycles=4096 fires=4094 stalls=0 eval_fires=3584 switches=777 wait_max=2
SERVICE 3176 139 125 144
tb/check_vectors.sv:91: $finish called at 40965 (1s)

=== n4_w32_q1 asymmetric seed=101 flow=rtl cycles=4096 warmup=512 ===
PASS cycles=4096 fires=4094 stalls=0 eval_fires=3584 switches=780 wait_max=2
SERVICE 3182 137 135 130
tb/check_vectors.sv:91: $finish called at 40965 (1s)

=== n4_w32_q1 asymmetric seed=211 flow=rtl cycles=4096 warmup=512 ===
PASS cycles=4096 fires=4094 stalls=0 eval_fires=3584 switches=757 wait_max=3
SERVICE 3190 129 140 125
tb/check_vectors.sv:91: $finish called at 40965 (1s)

=== n4_w32_q1 bursty seed=11 flow=rtl cycles=4096 warmup=512 ===
PASS cycles=4096 fires=1344 stalls=0 eval_fires=1184 switches=147 wait_max=0
SERVICE 296 296 296 296
tb/check_vectors.sv:91: $finish called at 40965 (1s)

=== n4_w32_q1 bursty seed=29 flow=rtl cycles=4096 warmup=512 ===
PASS cycles=4096 fires=1344 stalls=0 eval_fires=1184 switches=147 wait_max=0
SERVICE 296 296 296 296
tb/check_vectors.sv:91: $finish called at 40965 (1s)

=== n4_w32_q1 bursty seed=47 flow=rtl cycles=4096 warmup=512 ===
PASS cycles=4096 fires=1344 stalls=0 eval_fires=1184 switches=147 wait_max=0
SERVICE 296 296 296 296
tb/check_vectors.sv:91: $finish called at 40965 (1s)

=== n4_w32_q1 bursty seed=101 flow=rtl cycles=4096 warmup=512 ===
PASS cycles=4096 fires=1344 stalls=0 eval_fires=1184 switches=147 wait_max=0
SERVICE 296 296 296 296
tb/check_vectors.sv:91: $finish called at 40965 (1s)

=== n4_w32_q1 bursty seed=211 flow=rtl cycles=4096 warmup=512 ===
PASS cycles=4096 fires=1344 stalls=0 eval_fires=1184 switches=147 wait_max=0
SERVICE 296 296 296 296
tb/check_vectors.sv:91: $finish called at 40965 (1s)

=== n4_w32_q1 light seed=11 flow=rtl cycles=4096 warmup=512 ===
PASS cycles=4096 fires=2503 stalls=0 eval_fires=2207 switches=1938 wait_max=3
SERVICE 538 516 575 578
tb/check_vectors.sv:91: $finish called at 40965 (1s)

=== n4_w32_q1 light seed=29 flow=rtl cycles=4096 warmup=512 ===
PASS cycles=4096 fires=2485 stalls=0 eval_fires=2177 switches=1881 wait_max=3
SERVICE 562 553 529 533
tb/check_vectors.sv:91: $finish called at 40965 (1s)

=== n4_w32_q1 light seed=47 flow=rtl cycles=4096 warmup=512 ===
PASS cycles=4096 fires=2419 stalls=0 eval_fires=2127 switches=1857 wait_max=3
SERVICE 524 537 512 554
tb/check_vectors.sv:91: $finish called at 40965 (1s)

=== n4_w32_q1 light seed=101 flow=rtl cycles=4096 warmup=512 ===
PASS cycles=4096 fires=2481 stalls=0 eval_fires=2170 switches=1868 wait_max=3
SERVICE 520 544 561 545
tb/check_vectors.sv:91: $finish called at 40965 (1s)

=== n4_w32_q1 light seed=211 flow=rtl cycles=4096 warmup=512 ===
PASS cycles=4096 fires=2416 stalls=0 eval_fires=2109 switches=1776 wait_max=3
SERVICE 525 535 527 522
tb/check_vectors.sv:91: $finish called at 40965 (1s)

=== n4_w32_q1 phase_change seed=11 flow=rtl cycles=4096 warmup=512 ===
PASS cycles=4096 fires=3605 stalls=0 eval_fires=3158 switches=534 wait_max=3
SERVICE 469 900 911 878
tb/check_vectors.sv:91: $finish called at 40965 (1s)

=== n4_w32_q1 phase_change seed=29 flow=rtl cycles=4096 warmup=512 ===
PASS cycles=4096 fires=3589 stalls=0 eval_fires=3149 switches=568 wait_max=3
SERVICE 484 917 882 866
tb/check_vectors.sv:91: $finish called at 40965 (1s)

=== n4_w32_q1 phase_change seed=47 flow=rtl cycles=4096 warmup=512 ===
PASS cycles=4096 fires=3607 stalls=0 eval_fires=3175 switches=559 wait_max=2
SERVICE 502 884 904 885
tb/check_vectors.sv:91: $finish called at 40965 (1s)

=== n4_w32_q1 phase_change seed=101 flow=rtl cycles=4096 warmup=512 ===
PASS cycles=4096 fires=3604 stalls=0 eval_fires=3160 switches=562 wait_max=3
SERVICE 491 891 897 881
tb/check_vectors.sv:91: $finish called at 40965 (1s)

=== n4_w32_q1 phase_change seed=211 flow=rtl cycles=4096 warmup=512 ===
PASS cycles=4096 fires=3558 stalls=0 eval_fires=3119 switches=552 wait_max=2
SERVICE 496 879 879 865
tb/check_vectors.sv:91: $finish called at 40965 (1s)

=== n4_w32_q1 reset_stress seed=11 flow=rtl cycles=4096 warmup=512 ===
PASS cycles=4096 fires=2648 stalls=1416 eval_fires=2329 switches=2314 wait_max=3
SERVICE 586 586 579 578
tb/check_vectors.sv:91: $finish called at 40965 (1s)

=== n4_w32_q1 reset_stress seed=29 flow=rtl cycles=4096 warmup=512 ===
PASS cycles=4096 fires=2620 stalls=1444 eval_fires=2296 switches=2281 wait_max=3
SERVICE 579 575 572 570
tb/check_vectors.sv:91: $finish called at 40965 (1s)

=== n4_w32_q1 reset_stress seed=47 flow=rtl cycles=4096 warmup=512 ===
PASS cycles=4096 fires=2606 stalls=1458 eval_fires=2289 switches=2274 wait_max=3
SERVICE 578 574 570 567
tb/check_vectors.sv:91: $finish called at 40965 (1s)

=== n4_w32_q1 reset_stress seed=101 flow=rtl cycles=4096 warmup=512 ===
PASS cycles=4096 fires=2606 stalls=1458 eval_fires=2285 switches=2270 wait_max=3
SERVICE 578 574 568 565
tb/check_vectors.sv:91: $finish called at 40965 (1s)

=== n4_w32_q1 reset_stress seed=211 flow=rtl cycles=4096 warmup=512 ===
PASS cycles=4096 fires=2630 stalls=1434 eval_fires=2298 switches=2283 wait_max=3
SERVICE 582 577 570 569
tb/check_vectors.sv:91: $finish called at 40965 (1s)

=== n4_w32_q1 protocol seed=7 flow=generic-netlist cycles=128 warmup=0 ===
PASS cycles=128 fires=14 stalls=18 eval_fires=14 switches=12 wait_max=3
SERVICE 4 3 3 4
tb/check_vectors.sv:91: $finish called at 1285 (1s)

=== n4_w32_q1 sink_stalls seed=29 flow=generic-netlist cycles=4096 warmup=512 ===
PASS cycles=4096 fires=2644 stalls=1450 eval_fires=2319 switches=2318 wait_max=3
SERVICE 579 580 580 580
tb/check_vectors.sv:91: $finish called at 40965 (1s)

=== n4_w32_q1 phase_change seed=29 flow=generic-netlist cycles=4096 warmup=512 ===
PASS cycles=4096 fires=3589 stalls=0 eval_fires=3149 switches=568 wait_max=3
SERVICE 484 917 882 866
tb/check_vectors.sv:91: $finish called at 40965 (1s)

=== n4_w32_q4 protocol seed=7 flow=rtl cycles=128 warmup=0 ===
PASS cycles=128 fires=14 stalls=18 eval_fires=14 switches=6 wait_max=6
SERVICE 4 3 3 4
tb/check_vectors.sv:91: $finish called at 1285 (1s)

=== n4_w32_q4 saturated seed=11 flow=rtl cycles=4096 warmup=512 ===
PASS cycles=4096 fires=4094 stalls=0 eval_fires=3584 switches=896 wait_max=12
SERVICE 896 896 896 896
tb/check_vectors.sv:91: $finish called at 40965 (1s)

=== n4_w32_q4 saturated seed=29 flow=rtl cycles=4096 warmup=512 ===
PASS cycles=4096 fires=4094 stalls=0 eval_fires=3584 switches=896 wait_max=12
SERVICE 896 896 896 896
tb/check_vectors.sv:91: $finish called at 40965 (1s)

=== n4_w32_q4 saturated seed=47 flow=rtl cycles=4096 warmup=512 ===
PASS cycles=4096 fires=4094 stalls=0 eval_fires=3584 switches=896 wait_max=12
SERVICE 896 896 896 896
tb/check_vectors.sv:91: $finish called at 40965 (1s)

=== n4_w32_q4 saturated seed=101 flow=rtl cycles=4096 warmup=512 ===
PASS cycles=4096 fires=4094 stalls=0 eval_fires=3584 switches=896 wait_max=12
SERVICE 896 896 896 896
tb/check_vectors.sv:91: $finish called at 40965 (1s)

=== n4_w32_q4 saturated seed=211 flow=rtl cycles=4096 warmup=512 ===
PASS cycles=4096 fires=4094 stalls=0 eval_fires=3584 switches=896 wait_max=12
SERVICE 896 896 896 896
tb/check_vectors.sv:91: $finish called at 40965 (1s)

=== n4_w32_q4 sink_stalls seed=11 flow=rtl cycles=4096 warmup=512 ===
PASS cycles=4096 fires=2673 stalls=1421 eval_fires=2354 switches=589 wait_max=12
SERVICE 589 588 588 589
tb/check_vectors.sv:91: $finish called at 40965 (1s)

=== n4_w32_q4 sink_stalls seed=29 flow=rtl cycles=4096 warmup=512 ===
PASS cycles=4096 fires=2644 stalls=1450 eval_fires=2319 switches=579 wait_max=12
SERVICE 580 579 580 580
tb/check_vectors.sv:91: $finish called at 40965 (1s)

=== n4_w32_q4 sink_stalls seed=47 flow=rtl cycles=4096 warmup=512 ===
PASS cycles=4096 fires=2629 stalls=1465 eval_fires=2310 switches=578 wait_max=12
SERVICE 580 577 576 577
tb/check_vectors.sv:91: $finish called at 40965 (1s)

=== n4_w32_q4 sink_stalls seed=101 flow=rtl cycles=4096 warmup=512 ===
PASS cycles=4096 fires=2628 stalls=1466 eval_fires=2306 switches=576 wait_max=12
SERVICE 578 576 576 576
tb/check_vectors.sv:91: $finish called at 40965 (1s)

=== n4_w32_q4 sink_stalls seed=211 flow=rtl cycles=4096 warmup=512 ===
PASS cycles=4096 fires=2655 stalls=1439 eval_fires=2321 switches=580 wait_max=12
SERVICE 580 580 580 581
tb/check_vectors.sv:91: $finish called at 40965 (1s)

=== n4_w32_q4 asymmetric seed=11 flow=rtl cycles=4096 warmup=512 ===
PASS cycles=4096 fires=4094 stalls=0 eval_fires=3584 switches=658 wait_max=6
SERVICE 3192 138 129 125
tb/check_vectors.sv:91: $finish called at 40965 (1s)

=== n4_w32_q4 asymmetric seed=29 flow=rtl cycles=4096 warmup=512 ===
PASS cycles=4096 fires=4094 stalls=0 eval_fires=3584 switches=622 wait_max=6
SERVICE 3184 120 143 137
tb/check_vectors.sv:91: $finish called at 40965 (1s)

=== n4_w32_q4 asymmetric seed=47 flow=rtl cycles=4096 warmup=512 ===
PASS cycles=4096 fires=4094 stalls=0 eval_fires=3584 switches=653 wait_max=5
SERVICE 3176 139 125 144
tb/check_vectors.sv:91: $finish called at 40965 (1s)

=== n4_w32_q4 asymmetric seed=101 flow=rtl cycles=4096 warmup=512 ===
PASS cycles=4096 fires=4094 stalls=0 eval_fires=3584 switches=690 wait_max=6
SERVICE 3182 137 135 130
tb/check_vectors.sv:91: $finish called at 40965 (1s)

=== n4_w32_q4 asymmetric seed=211 flow=rtl cycles=4096 warmup=512 ===
PASS cycles=4096 fires=4094 stalls=0 eval_fires=3584 switches=638 wait_max=5
SERVICE 3190 129 140 125
tb/check_vectors.sv:91: $finish called at 40965 (1s)

=== n4_w32_q4 bursty seed=11 flow=rtl cycles=4096 warmup=512 ===
PASS cycles=4096 fires=1344 stalls=0 eval_fires=1184 switches=147 wait_max=0
SERVICE 296 296 296 296
tb/check_vectors.sv:91: $finish called at 40965 (1s)

=== n4_w32_q4 bursty seed=29 flow=rtl cycles=4096 warmup=512 ===
PASS cycles=4096 fires=1344 stalls=0 eval_fires=1184 switches=147 wait_max=0
SERVICE 296 296 296 296
tb/check_vectors.sv:91: $finish called at 40965 (1s)

=== n4_w32_q4 bursty seed=47 flow=rtl cycles=4096 warmup=512 ===
PASS cycles=4096 fires=1344 stalls=0 eval_fires=1184 switches=147 wait_max=0
SERVICE 296 296 296 296
tb/check_vectors.sv:91: $finish called at 40965 (1s)

=== n4_w32_q4 bursty seed=101 flow=rtl cycles=4096 warmup=512 ===
PASS cycles=4096 fires=1344 stalls=0 eval_fires=1184 switches=147 wait_max=0
SERVICE 296 296 296 296
tb/check_vectors.sv:91: $finish called at 40965 (1s)

=== n4_w32_q4 bursty seed=211 flow=rtl cycles=4096 warmup=512 ===
PASS cycles=4096 fires=1344 stalls=0 eval_fires=1184 switches=147 wait_max=0
SERVICE 296 296 296 296
tb/check_vectors.sv:91: $finish called at 40965 (1s)

=== n4_w32_q4 light seed=11 flow=rtl cycles=4096 warmup=512 ===
PASS cycles=4096 fires=2503 stalls=0 eval_fires=2207 switches=1630 wait_max=7
SERVICE 538 516 575 578
tb/check_vectors.sv:91: $finish called at 40965 (1s)

=== n4_w32_q4 light seed=29 flow=rtl cycles=4096 warmup=512 ===
PASS cycles=4096 fires=2485 stalls=0 eval_fires=2177 switches=1593 wait_max=9
SERVICE 564 553 528 532
tb/check_vectors.sv:91: $finish called at 40965 (1s)

=== n4_w32_q4 light seed=47 flow=rtl cycles=4096 warmup=512 ===
PASS cycles=4096 fires=2419 stalls=0 eval_fires=2127 switches=1570 wait_max=8
SERVICE 524 537 512 554
tb/check_vectors.sv:91: $finish called at 40965 (1s)

=== n4_w32_q4 light seed=101 flow=rtl cycles=4096 warmup=512 ===
PASS cycles=4096 fires=2481 stalls=0 eval_fires=2170 switches=1575 wait_max=7
SERVICE 520 544 561 545
tb/check_vectors.sv:91: $finish called at 40965 (1s)

=== n4_w32_q4 light seed=211 flow=rtl cycles=4096 warmup=512 ===
PASS cycles=4096 fires=2416 stalls=0 eval_fires=2109 switches=1512 wait_max=10
SERVICE 526 535 526 522
tb/check_vectors.sv:91: $finish called at 40965 (1s)

=== n4_w32_q4 phase_change seed=11 flow=rtl cycles=4096 warmup=512 ===
PASS cycles=4096 fires=3605 stalls=0 eval_fires=3158 switches=487 wait_max=5
SERVICE 469 900 911 878
tb/check_vectors.sv:91: $finish called at 40965 (1s)

=== n4_w32_q4 phase_change seed=29 flow=rtl cycles=4096 warmup=512 ===
PASS cycles=4096 fires=3589 stalls=0 eval_fires=3149 switches=501 wait_max=5
SERVICE 483 917 882 867
tb/check_vectors.sv:91: $finish called at 40965 (1s)

=== n4_w32_q4 phase_change seed=47 flow=rtl cycles=4096 warmup=512 ===
PASS cycles=4096 fires=3607 stalls=0 eval_fires=3175 switches=511 wait_max=8
SERVICE 502 884 904 885
tb/check_vectors.sv:91: $finish called at 40965 (1s)

=== n4_w32_q4 phase_change seed=101 flow=rtl cycles=4096 warmup=512 ===
PASS cycles=4096 fires=3604 stalls=0 eval_fires=3160 switches=506 wait_max=8
SERVICE 491 891 897 881
tb/check_vectors.sv:91: $finish called at 40965 (1s)

=== n4_w32_q4 phase_change seed=211 flow=rtl cycles=4096 warmup=512 ===
PASS cycles=4096 fires=3558 stalls=0 eval_fires=3119 switches=499 wait_max=8
SERVICE 494 880 880 865
tb/check_vectors.sv:91: $finish called at 40965 (1s)

=== n4_w32_q4 reset_stress seed=11 flow=rtl cycles=4096 warmup=512 ===
PASS cycles=4096 fires=2648 stalls=1416 eval_fires=2329 switches=571 wait_max=12
SERVICE 596 587 578 568
tb/check_vectors.sv:91: $finish called at 40965 (1s)

=== n4_w32_q4 reset_stress seed=29 flow=rtl cycles=4096 warmup=512 ===
PASS cycles=4096 fires=2620 stalls=1444 eval_fires=2296 switches=565 wait_max=12
SERVICE 592 582 574 548
tb/check_vectors.sv:91: $finish called at 40965 (1s)

=== n4_w32_q4 reset_stress seed=47 flow=rtl cycles=4096 warmup=512 ===
PASS cycles=4096 fires=2606 stalls=1458 eval_fires=2289 switches=564 wait_max=12
SERVICE 594 582 564 549
tb/check_vectors.sv:91: $finish called at 40965 (1s)

=== n4_w32_q4 reset_stress seed=101 flow=rtl cycles=4096 warmup=512 ===
PASS cycles=4096 fires=2606 stalls=1458 eval_fires=2285 switches=563 wait_max=12
SERVICE 592 576 565 552
tb/check_vectors.sv:91: $finish called at 40965 (1s)

=== n4_w32_q4 reset_stress seed=211 flow=rtl cycles=4096 warmup=512 ===
PASS cycles=4096 fires=2630 stalls=1434 eval_fires=2298 switches=567 wait_max=12
SERVICE 595 588 567 548
tb/check_vectors.sv:91: $finish called at 40965 (1s)

=== n4_w32_q4 protocol seed=7 flow=generic-netlist cycles=128 warmup=0 ===
PASS cycles=128 fires=14 stalls=18 eval_fires=14 switches=6 wait_max=6
SERVICE 4 3 3 4
tb/check_vectors.sv:91: $finish called at 1285 (1s)

=== n4_w32_q4 sink_stalls seed=29 flow=generic-netlist cycles=4096 warmup=512 ===
PASS cycles=4096 fires=2644 stalls=1450 eval_fires=2319 switches=579 wait_max=12
SERVICE 580 579 580 580
tb/check_vectors.sv:91: $finish called at 40965 (1s)

=== n4_w32_q4 phase_change seed=29 flow=generic-netlist cycles=4096 warmup=512 ===
PASS cycles=4096 fires=3589 stalls=0 eval_fires=3149 switches=501 wait_max=5
SERVICE 483 917 882 867
tb/check_vectors.sv:91: $finish called at 40965 (1s)

=== n4_w16_q2 protocol seed=7 flow=rtl cycles=128 warmup=0 ===
PASS cycles=128 fires=14 stalls=18 eval_fires=14 switches=6 wait_max=6
SERVICE 4 3 3 4
tb/check_vectors.sv:91: $finish called at 1285 (1s)

=== n4_w16_q2 saturated seed=11 flow=rtl cycles=4096 warmup=512 ===
PASS cycles=4096 fires=4094 stalls=0 eval_fires=3584 switches=1791 wait_max=6
SERVICE 896 896 896 896
tb/check_vectors.sv:91: $finish called at 40965 (1s)

=== n4_w16_q2 saturated seed=29 flow=rtl cycles=4096 warmup=512 ===
PASS cycles=4096 fires=4094 stalls=0 eval_fires=3584 switches=1791 wait_max=6
SERVICE 896 896 896 896
tb/check_vectors.sv:91: $finish called at 40965 (1s)

=== n4_w16_q2 saturated seed=47 flow=rtl cycles=4096 warmup=512 ===
PASS cycles=4096 fires=4094 stalls=0 eval_fires=3584 switches=1791 wait_max=6
SERVICE 896 896 896 896
tb/check_vectors.sv:91: $finish called at 40965 (1s)

=== n4_w16_q2 saturated seed=101 flow=rtl cycles=4096 warmup=512 ===
PASS cycles=4096 fires=4094 stalls=0 eval_fires=3584 switches=1791 wait_max=6
SERVICE 896 896 896 896
tb/check_vectors.sv:91: $finish called at 40965 (1s)

=== n4_w16_q2 saturated seed=211 flow=rtl cycles=4096 warmup=512 ===
PASS cycles=4096 fires=4094 stalls=0 eval_fires=3584 switches=1791 wait_max=6
SERVICE 896 896 896 896
tb/check_vectors.sv:91: $finish called at 40965 (1s)

=== n4_w16_q2 sink_stalls seed=11 flow=rtl cycles=4096 warmup=512 ===
PASS cycles=4096 fires=2673 stalls=1421 eval_fires=2354 switches=1177 wait_max=6
SERVICE 589 588 588 589
tb/check_vectors.sv:91: $finish called at 40965 (1s)

=== n4_w16_q2 sink_stalls seed=29 flow=rtl cycles=4096 warmup=512 ===
PASS cycles=4096 fires=2644 stalls=1450 eval_fires=2319 switches=1159 wait_max=6
SERVICE 580 580 579 580
tb/check_vectors.sv:91: $finish called at 40965 (1s)

=== n4_w16_q2 sink_stalls seed=47 flow=rtl cycles=4096 warmup=512 ===
PASS cycles=4096 fires=2629 stalls=1465 eval_fires=2310 switches=1155 wait_max=6
SERVICE 578 578 577 577
tb/check_vectors.sv:91: $finish called at 40965 (1s)

=== n4_w16_q2 sink_stalls seed=101 flow=rtl cycles=4096 warmup=512 ===
PASS cycles=4096 fires=2628 stalls=1466 eval_fires=2306 switches=1152 wait_max=6
SERVICE 576 578 576 576
tb/check_vectors.sv:91: $finish called at 40965 (1s)

=== n4_w16_q2 sink_stalls seed=211 flow=rtl cycles=4096 warmup=512 ===
PASS cycles=4096 fires=2655 stalls=1439 eval_fires=2321 switches=1160 wait_max=6
SERVICE 580 580 580 581
tb/check_vectors.sv:91: $finish called at 40965 (1s)

=== n4_w16_q2 asymmetric seed=11 flow=rtl cycles=4096 warmup=512 ===
PASS cycles=4096 fires=4094 stalls=0 eval_fires=3584 switches=703 wait_max=4
SERVICE 3192 138 129 125
tb/check_vectors.sv:91: $finish called at 40965 (1s)

=== n4_w16_q2 asymmetric seed=29 flow=rtl cycles=4096 warmup=512 ===
PASS cycles=4096 fires=4094 stalls=0 eval_fires=3584 switches=692 wait_max=5
SERVICE 3184 120 143 137
tb/check_vectors.sv:91: $finish called at 40965 (1s)

=== n4_w16_q2 asymmetric seed=47 flow=rtl cycles=4096 warmup=512 ===
PASS cycles=4096 fires=4094 stalls=0 eval_fires=3584 switches=696 wait_max=4
SERVICE 3176 139 125 144
tb/check_vectors.sv:91: $finish called at 40965 (1s)

=== n4_w16_q2 asymmetric seed=101 flow=rtl cycles=4096 warmup=512 ===
PASS cycles=4096 fires=4094 stalls=0 eval_fires=3584 switches=727 wait_max=4
SERVICE 3182 137 135 130
tb/check_vectors.sv:91: $finish called at 40965 (1s)

=== n4_w16_q2 asymmetric seed=211 flow=rtl cycles=4096 warmup=512 ===
PASS cycles=4096 fires=4094 stalls=0 eval_fires=3584 switches=709 wait_max=4
SERVICE 3190 129 140 125
tb/check_vectors.sv:91: $finish called at 40965 (1s)

=== n4_w16_q2 bursty seed=11 flow=rtl cycles=4096 warmup=512 ===
PASS cycles=4096 fires=1344 stalls=0 eval_fires=1184 switches=147 wait_max=0
SERVICE 296 296 296 296
tb/check_vectors.sv:91: $finish called at 40965 (1s)

=== n4_w16_q2 bursty seed=29 flow=rtl cycles=4096 warmup=512 ===
PASS cycles=4096 fires=1344 stalls=0 eval_fires=1184 switches=147 wait_max=0
SERVICE 296 296 296 296
tb/check_vectors.sv:91: $finish called at 40965 (1s)

=== n4_w16_q2 bursty seed=47 flow=rtl cycles=4096 warmup=512 ===
PASS cycles=4096 fires=1344 stalls=0 eval_fires=1184 switches=147 wait_max=0
SERVICE 296 296 296 296
tb/check_vectors.sv:91: $finish called at 40965 (1s)

=== n4_w16_q2 bursty seed=101 flow=rtl cycles=4096 warmup=512 ===
PASS cycles=4096 fires=1344 stalls=0 eval_fires=1184 switches=147 wait_max=0
SERVICE 296 296 296 296
tb/check_vectors.sv:91: $finish called at 40965 (1s)

=== n4_w16_q2 bursty seed=211 flow=rtl cycles=4096 warmup=512 ===
PASS cycles=4096 fires=1344 stalls=0 eval_fires=1184 switches=147 wait_max=0
SERVICE 296 296 296 296
tb/check_vectors.sv:91: $finish called at 40965 (1s)

=== n4_w16_q2 light seed=11 flow=rtl cycles=4096 warmup=512 ===
PASS cycles=4096 fires=2503 stalls=0 eval_fires=2207 switches=1690 wait_max=4
SERVICE 538 516 575 578
tb/check_vectors.sv:91: $finish called at 40965 (1s)

=== n4_w16_q2 light seed=29 flow=rtl cycles=4096 warmup=512 ===
PASS cycles=4096 fires=2485 stalls=0 eval_fires=2177 switches=1645 wait_max=6
SERVICE 563 553 529 532
tb/check_vectors.sv:91: $finish called at 40965 (1s)

=== n4_w16_q2 light seed=47 flow=rtl cycles=4096 warmup=512 ===
PASS cycles=4096 fires=2419 stalls=0 eval_fires=2127 switches=1621 wait_max=6
SERVICE 524 537 512 554
tb/check_vectors.sv:91: $finish called at 40965 (1s)

=== n4_w16_q2 light seed=101 flow=rtl cycles=4096 warmup=512 ===
PASS cycles=4096 fires=2481 stalls=0 eval_fires=2170 switches=1637 wait_max=5
SERVICE 520 544 561 545
tb/check_vectors.sv:91: $finish called at 40965 (1s)

=== n4_w16_q2 light seed=211 flow=rtl cycles=4096 warmup=512 ===
PASS cycles=4096 fires=2416 stalls=0 eval_fires=2109 switches=1561 wait_max=6
SERVICE 526 535 526 522
tb/check_vectors.sv:91: $finish called at 40965 (1s)

=== n4_w16_q2 phase_change seed=11 flow=rtl cycles=4096 warmup=512 ===
PASS cycles=4096 fires=3605 stalls=0 eval_fires=3158 switches=505 wait_max=3
SERVICE 469 900 911 878
tb/check_vectors.sv:91: $finish called at 40965 (1s)

=== n4_w16_q2 phase_change seed=29 flow=rtl cycles=4096 warmup=512 ===
PASS cycles=4096 fires=3589 stalls=0 eval_fires=3149 switches=536 wait_max=3
SERVICE 484 917 882 866
tb/check_vectors.sv:91: $finish called at 40965 (1s)

=== n4_w16_q2 phase_change seed=47 flow=rtl cycles=4096 warmup=512 ===
PASS cycles=4096 fires=3607 stalls=0 eval_fires=3175 switches=531 wait_max=3
SERVICE 502 884 904 885
tb/check_vectors.sv:91: $finish called at 40965 (1s)

=== n4_w16_q2 phase_change seed=101 flow=rtl cycles=4096 warmup=512 ===
PASS cycles=4096 fires=3604 stalls=0 eval_fires=3160 switches=533 wait_max=5
SERVICE 491 891 897 881
tb/check_vectors.sv:91: $finish called at 40965 (1s)

=== n4_w16_q2 phase_change seed=211 flow=rtl cycles=4096 warmup=512 ===
PASS cycles=4096 fires=3558 stalls=0 eval_fires=3119 switches=522 wait_max=3
SERVICE 496 879 879 865
tb/check_vectors.sv:91: $finish called at 40965 (1s)

=== n4_w16_q2 reset_stress seed=11 flow=rtl cycles=4096 warmup=512 ===
PASS cycles=4096 fires=2648 stalls=1416 eval_fires=2329 switches=1150 wait_max=6
SERVICE 590 584 582 573
tb/check_vectors.sv:91: $finish called at 40965 (1s)

=== n4_w16_q2 reset_stress seed=29 flow=rtl cycles=4096 warmup=512 ===
PASS cycles=4096 fires=2620 stalls=1444 eval_fires=2296 switches=1137 wait_max=6
SERVICE 587 579 567 563
tb/check_vectors.sv:91: $finish called at 40965 (1s)

=== n4_w16_q2 reset_stress seed=47 flow=rtl cycles=4096 warmup=512 ===
PASS cycles=4096 fires=2606 stalls=1458 eval_fires=2289 switches=1133 wait_max=6
SERVICE 583 575 569 562
tb/check_vectors.sv:91: $finish called at 40965 (1s)

=== n4_w16_q2 reset_stress seed=101 flow=rtl cycles=4096 warmup=512 ===
PASS cycles=4096 fires=2606 stalls=1458 eval_fires=2285 switches=1131 wait_max=6
SERVICE 582 575 570 558
tb/check_vectors.sv:91: $finish called at 40965 (1s)

=== n4_w16_q2 reset_stress seed=211 flow=rtl cycles=4096 warmup=512 ===
PASS cycles=4096 fires=2630 stalls=1434 eval_fires=2298 switches=1137 wait_max=6
SERVICE 586 576 573 563
tb/check_vectors.sv:91: $finish called at 40965 (1s)

=== n4_w16_q2 protocol seed=7 flow=generic-netlist cycles=128 warmup=0 ===
PASS cycles=128 fires=14 stalls=18 eval_fires=14 switches=6 wait_max=6
SERVICE 4 3 3 4
tb/check_vectors.sv:91: $finish called at 1285 (1s)

=== n4_w16_q2 sink_stalls seed=29 flow=generic-netlist cycles=4096 warmup=512 ===
PASS cycles=4096 fires=2644 stalls=1450 eval_fires=2319 switches=1159 wait_max=6
SERVICE 580 580 579 580
tb/check_vectors.sv:91: $finish called at 40965 (1s)

=== n4_w16_q2 phase_change seed=29 flow=generic-netlist cycles=4096 warmup=512 ===
PASS cycles=4096 fires=3589 stalls=0 eval_fires=3149 switches=536 wait_max=3
SERVICE 484 917 882 866
tb/check_vectors.sv:91: $finish called at 40965 (1s)

=== n4_w16_q1 saturated seed=29 flow=rtl cycles=2048 warmup=256 ===
PASS cycles=2048 fires=2046 stalls=0 eval_fires=1792 switches=1791 wait_max=3
SERVICE 448 448 448 448
tb/check_vectors.sv:91: $finish called at 20485 (1s)

=== n4_w16_q1 saturated seed=29 flow=rtl cycles=4096 warmup=0 ===
PASS cycles=4096 fires=4094 stalls=0 eval_fires=4094 switches=4093 wait_max=3
SERVICE 1024 1024 1023 1023
tb/check_vectors.sv:91: $finish called at 40965 (1s)

=== n4_w16_q1 saturated seed=29 flow=rtl cycles=4096 warmup=1024 ===
PASS cycles=4096 fires=4094 stalls=0 eval_fires=3072 switches=3071 wait_max=3
SERVICE 768 768 768 768
tb/check_vectors.sv:91: $finish called at 40965 (1s)

=== n4_w16_q1 saturated seed=29 flow=rtl cycles=8192 warmup=1024 ===
PASS cycles=8192 fires=8190 stalls=0 eval_fires=7168 switches=7167 wait_max=3
SERVICE 1792 1792 1792 1792
tb/check_vectors.sv:91: $finish called at 81925 (1s)

=== n4_w16_q1 sink_stalls seed=29 flow=rtl cycles=2048 warmup=256 ===
PASS cycles=2048 fires=1318 stalls=728 eval_fires=1158 switches=1157 wait_max=3
SERVICE 290 290 289 289
tb/check_vectors.sv:91: $finish called at 20485 (1s)

=== n4_w16_q1 sink_stalls seed=29 flow=rtl cycles=4096 warmup=0 ===
PASS cycles=4096 fires=2644 stalls=1450 eval_fires=2644 switches=2643 wait_max=3
SERVICE 661 661 661 661
tb/check_vectors.sv:91: $finish called at 40965 (1s)

=== n4_w16_q1 sink_stalls seed=29 flow=rtl cycles=4096 warmup=1024 ===
PASS cycles=4096 fires=2644 stalls=1450 eval_fires=1973 switches=1972 wait_max=3
SERVICE 493 493 493 494
tb/check_vectors.sv:91: $finish called at 40965 (1s)

=== n4_w16_q1 sink_stalls seed=29 flow=rtl cycles=8192 warmup=1024 ===
PASS cycles=8192 fires=5305 stalls=2885 eval_fires=4634 switches=4633 wait_max=3
SERVICE 1159 1158 1158 1159
tb/check_vectors.sv:91: $finish called at 81925 (1s)

=== n4_w16_q1 light seed=29 flow=rtl cycles=2048 warmup=256 ===
PASS cycles=2048 fires=1259 stalls=0 eval_fires=1106 switches=966 wait_max=3
SERVICE 293 291 268 254
tb/check_vectors.sv:91: $finish called at 20485 (1s)

=== n4_w16_q1 light seed=29 flow=rtl cycles=4096 warmup=0 ===
PASS cycles=4096 fires=2485 stalls=0 eval_fires=2485 switches=2145 wait_max=3
SERVICE 641 625 601 618
tb/check_vectors.sv:91: $finish called at 40965 (1s)

=== n4_w16_q1 light seed=29 flow=rtl cycles=4096 warmup=1024 ===
PASS cycles=4096 fires=2485 stalls=0 eval_fires=1870 switches=1606 wait_max=3
SERVICE 476 482 458 454
tb/check_vectors.sv:91: $finish called at 40965 (1s)

=== n4_w16_q1 light seed=29 flow=rtl cycles=8192 warmup=1024 ===
PASS cycles=8192 fires=4977 stalls=0 eval_fires=4362 switches=3754 wait_max=3
SERVICE 1083 1084 1077 1118
tb/check_vectors.sv:91: $finish called at 81925 (1s)

=== n4_w16_q4 saturated seed=29 flow=rtl cycles=2048 warmup=256 ===
PASS cycles=2048 fires=2046 stalls=0 eval_fires=1792 switches=448 wait_max=12
SERVICE 448 448 448 448
tb/check_vectors.sv:91: $finish called at 20485 (1s)

=== n4_w16_q4 saturated seed=29 flow=rtl cycles=4096 warmup=0 ===
PASS cycles=4096 fires=4094 stalls=0 eval_fires=4094 switches=1023 wait_max=12
SERVICE 1024 1024 1024 1022
tb/check_vectors.sv:91: $finish called at 40965 (1s)

=== n4_w16_q4 saturated seed=29 flow=rtl cycles=4096 warmup=1024 ===
PASS cycles=4096 fires=4094 stalls=0 eval_fires=3072 switches=768 wait_max=12
SERVICE 768 768 768 768
tb/check_vectors.sv:91: $finish called at 40965 (1s)

=== n4_w16_q4 saturated seed=29 flow=rtl cycles=8192 warmup=1024 ===
PASS cycles=8192 fires=8190 stalls=0 eval_fires=7168 switches=1792 wait_max=12
SERVICE 1792 1792 1792 1792
tb/check_vectors.sv:91: $finish called at 81925 (1s)

=== n4_w16_q4 sink_stalls seed=29 flow=rtl cycles=2048 warmup=256 ===
PASS cycles=2048 fires=1318 stalls=728 eval_fires=1158 switches=289 wait_max=12
SERVICE 292 290 288 288
tb/check_vectors.sv:91: $finish called at 20485 (1s)

=== n4_w16_q4 sink_stalls seed=29 flow=rtl cycles=4096 warmup=0 ===
PASS cycles=4096 fires=2644 stalls=1450 eval_fires=2644 switches=660 wait_max=12
SERVICE 664 660 660 660
tb/check_vectors.sv:91: $finish called at 40965 (1s)

=== n4_w16_q4 sink_stalls seed=29 flow=rtl cycles=4096 warmup=1024 ===
PASS cycles=4096 fires=2644 stalls=1450 eval_fires=1973 switches=493 wait_max=12
SERVICE 496 492 492 493
tb/check_vectors.sv:91: $finish called at 40965 (1s)

=== n4_w16_q4 sink_stalls seed=29 flow=rtl cycles=8192 warmup=1024 ===
PASS cycles=8192 fires=5305 stalls=2885 eval_fires=4634 switches=1159 wait_max=12
SERVICE 1160 1160 1157 1157
tb/check_vectors.sv:91: $finish called at 81925 (1s)

=== n4_w16_q4 light seed=29 flow=rtl cycles=2048 warmup=256 ===
PASS cycles=2048 fires=1259 stalls=0 eval_fires=1106 switches=819 wait_max=6
SERVICE 293 291 268 254
tb/check_vectors.sv:91: $finish called at 20485 (1s)

=== n4_w16_q4 light seed=29 flow=rtl cycles=4096 warmup=0 ===
PASS cycles=4096 fires=2485 stalls=0 eval_fires=2485 switches=1811 wait_max=9
SERVICE 643 625 600 617
tb/check_vectors.sv:91: $finish called at 40965 (1s)

=== n4_w16_q4 light seed=29 flow=rtl cycles=4096 warmup=1024 ===
PASS cycles=4096 fires=2485 stalls=0 eval_fires=1870 switches=1370 wait_max=9
SERVICE 478 482 457 453
tb/check_vectors.sv:91: $finish called at 40965 (1s)

=== n4_w16_q4 light seed=29 flow=rtl cycles=8192 warmup=1024 ===
PASS cycles=8192 fires=4977 stalls=0 eval_fires=4362 switches=3181 wait_max=10
SERVICE 1083 1084 1077 1118
tb/check_vectors.sv:91: $finish called at 81925 (1s)
