$date
	Thu Oct  8 14:16:18 2026
$end
$version
	Icarus Verilog
$end
$timescale
	1s
$end
$scope module tb $end
$var wire 1 ! s_ready $end
$var wire 1 " m_valid $end
$var wire 1 # m_error $end
$var wire 10 $ m_data [9:0] $end
$var parameter 32 % MODE $end
$var parameter 65 & OW $end
$var parameter 32 ' WIDTH $end
$var reg 1 ( busy $end
$var reg 1 ) clk $end
$var reg 1 * m_ready $end
$var reg 10 + old_data [9:0] $end
$var reg 1 , old_error $end
$var reg 1 - rst $end
$var reg 4 . s_meta [3:0] $end
$var reg 1 / s_valid $end
$var reg 16 0 s_w [15:0] $end
$var reg 16 1 s_x [15:0] $end
$var reg 1 2 was_stalled $end
$var integer 32 3 accepted [31:0] $end
$var integer 32 4 accepted_at [31:0] $end
$var integer 32 5 canceled [31:0] $end
$var integer 32 6 cycle [31:0] $end
$var integer 32 7 ed [31:0] $end
$var integer 32 8 ee [31:0] $end
$var integer 32 9 emitted [31:0] $end
$var integer 32 : er [31:0] $end
$var integer 32 ; errors [31:0] $end
$var integer 32 < ev [31:0] $end
$var integer 32 = f [31:0] $end
$var integer 32 > i [31:0] $end
$var integer 32 ? latency [31:0] $end
$var integer 32 @ max_seen [31:0] $end
$var integer 32 A min_seen [31:0] $end
$var integer 32 B negative [31:0] $end
$var integer 32 C of [31:0] $end
$var integer 32 D reset_busy [31:0] $end
$var integer 32 E simultaneous [31:0] $end
$var integer 32 F stalls [31:0] $end
$var integer 32 G status [31:0] $end
$scope module dut $end
$var wire 1 ) clk $end
$var wire 1 H error $end
$var wire 10 I m_data [9:0] $end
$var wire 1 # m_error $end
$var wire 1 * m_ready $end
$var wire 1 " m_valid $end
$var wire 10 J result [9:0] $end
$var wire 1 - rst $end
$var wire 4 K s_meta [3:0] $end
$var wire 1 ! s_ready $end
$var wire 1 / s_valid $end
$var wire 16 L s_w [15:0] $end
$var wire 16 M s_x [15:0] $end
$var parameter 32 N CHECK_META $end
$var parameter 32 O MODE $end
$var parameter 65 P OW $end
$var parameter 32 Q WIDTH $end
$var reg 10 R data [9:0] $end
$var reg 1 S fault $end
$var reg 1 T occupied $end
$scope begin sparse $end
$var wire 4 U a0 [3:0] $end
$var wire 4 V a1 [3:0] $end
$var wire 8 W p1 [7:0] $end
$var wire 8 X p0 [7:0] $end
$var wire 2 Y i1 [1:0] $end
$var wire 2 Z i0 [1:0] $end
$var wire 10 [ e1 [9:0] $end
$var wire 10 \ e0 [9:0] $end
$scope begin paired $end
$upscope $end
$upscope $end
$scope begin unpack[0] $end
$var parameter 2 ] k $end
$upscope $end
$scope begin unpack[1] $end
$var parameter 2 ^ k $end
$upscope $end
$scope begin unpack[2] $end
$var parameter 3 _ k $end
$upscope $end
$scope begin unpack[3] $end
$var parameter 3 ` k $end
$upscope $end
$upscope $end
$upscope $end
$enddefinitions $end
$comment Show the parameter values. $end
$dumpall
b11 `
b10 _
b1 ^
b0 ]
b100 Q
b1010 P
b11 O
b1 N
b100 '
b1010 &
b11 %
$end
#0
$dumpvars
b0 \
b1111111111 [
b0 Z
b10 Y
b0 X
b11111111 W
b1 V
b0 U
xT
xS
bx R
b1000000101110000 M
b100011111000 L
b0 K
b1111111111 J
bx I
0H
b1010 G
b0 F
b0 E
b0 D
b0 C
b0 B
b0 A
b0 @
bx ?
b100000000 >
b10000000000000000000000000000011 =
b0 <
b0 ;
b0 :
b0 9
b0 8
b0 7
b0 6
b0 5
b11111111111111111111111111111111 4
b0 3
02
b1000000101110000 1
b100011111000 0
1/
b0 .
1-
x,
bx +
0*
0)
0(
bx $
x#
0"
0!
$end
#5
0#
0S
b0 $
b0 I
b0 R
0T
1)
#10
b1 6
0)
#15
1)
0,
b0 +
#20
1!
b1 :
0-
b10 6
0)
#25
0!
1"
b1111111111 $
b1111111111 I
b1111111111 R
1T
1)
b1 A
b1 @
b100 >
b10 4
1(
b1 3
#30
b1 Z
b1111110110 \
b11110110 X
b1110 U
b1111010011 J
b1111011101 [
b11011101 W
b1001 V
b11111111111111111111111111111111 7
b1 <
b0 :
b1 .
b1 K
b1111101001010101 0
b1111101001010101 L
b1010100111101001 1
b1010100111101001 M
b11 6
0)
#35
1)
b1 F
b1111111111 +
12
#40
b100 6
0)
#45
1)
b10 F
#50
b101 6
0)
#55
1)
b11 F
#60
b110 6
0)
#65
1)
b100 F
#70
b111 6
0)
#75
1)
b101 F
#80
b1000 6
0)
#85
1)
b110 F
#90
b1001 6
0)
#95
1)
b111 F
#100
b1010 6
0)
#105
1)
b1000 F
#110
b1011 6
0)
#115
1)
b1001 F
#120
b1100 6
0)
#125
1)
b1010 F
#130
b1101 6
0)
#135
1)
b1011 F
#140
b1110 6
0)
#145
1)
b1100 F
#150
b1111 6
0)
#155
1)
b1101 F
#160
b10000 6
0)
#165
1)
b1110 F
#170
b10001 6
0)
#175
1)
b1111 F
#180
1!
b1 :
1*
b10010 6
0)
#185
b1111010011 $
b1111010011 I
b1111010011 R
1)
b1 E
b100 >
b10010 4
b10 3
1(
b10000 ?
b1 B
b1 9
02
#190
b0 Z
b1011 V
b11 Y
b100011 [
b100011 W
b101001 J
b110 \
b110 X
b1010 U
b11111111111111111111111111010011 7
b10 .
b10 K
b1001010010011111 0
b1001010010011111 L
b1011100101011010 1
b1011100101011010 M
b10011 6
0)
#195
b101001 $
b101001 I
b101001 R
1)
b10 E
b100 >
b10011 4
b11 3
1(
b1 ?
b10 B
b10 9
b1111010011 +
#200
b1 Z
b0 \
b0 X
b1000 U
b111 J
b111 [
b111 W
b111 V
b101001 7
b11 .
b11 K
b1111011100010000 0
b1111011100010000 L
b111111110000111 1
b111111110000111 M
b10100 6
0)
#205
b111 $
b111 I
b111 R
1)
b11 E
b10 A
b11 @
b100 >
b10100 4
b100 3
1(
b11 9
b101001 +
#210
b0 Z
b10 Y
b1010 \
b1010 X
b1011 U
b1 J
b1111110111 [
b11110111 W
b1101 V
b111 7
b100 .
b100 K
b1010101100111110 0
b1010101100111110 L
b1011110100011011 1
b1011110100011011 M
b10101 6
0)
#215
b1 $
b1 I
b1 R
1)
b100 E
b100 >
b10101 4
b101 3
1(
b100 9
b111 +
#220
b1 Z
b1111111100 \
b11111100 X
b1110 U
b100110 J
b101010 [
b101010 W
b111 V
b1 7
b101 .
b101 K
b11011001100010 0
b11011001100010 L
b101011111101001 1
b101011111101001 M
b10110 6
0)
#225
b100110 $
b100110 I
b100110 R
1)
b101 E
b100 @
b100 >
b10110 4
b110 3
1(
b101 9
b1 +
#230
0!
b0 Z
b11 Y
b1111111001 [
b11111001 W
b1111111001 J
b0 \
b0 X
b0 U
b100110 7
b0 :
b110 .
b110 K
b1111000011111000 0
b1111000011111000 L
b111011101110000 1
b111011101110000 M
0*
b10111 6
0)
#235
1)
b10000 F
b100110 +
12
#240
1!
b1 :
1*
b11000 6
0)
#245
b1111111001 $
b1111111001 I
b1111111001 R
1)
b110 E
b111 @
b100 >
b11000 4
b111 3
1(
b10 ?
b110 9
02
#250
b1 Z
b1111110100 \
b11110100 X
b10 U
b1111101111 J
b1111111011 [
b11111011 W
b1 V
b11111111111111111111111111111001 7
b111 .
b111 K
b1101010110111010 0
b1101010110111010 L
b1011000100111 1
b1011000100111 M
b11001 6
0)
#255
b1111101111 $
b1111101111 I
b1111101111 R
1)
b111 E
b1000 @
b100 >
b11001 4
b1000 3
1(
b1 ?
b11 B
b111 9
b1111111001 +
#260
b0 Z
b10 Y
b0 \
b0 X
b0 U
b0 J
b0 [
b0 W
b0 V
b11111111111111111111111111101111 7
b0 .
b0 K
b0 0
b0 L
b0 1
b0 M
0/
b11010 6
0)
#265
0"
0T
1)
0(
b100 B
b1000 9
b1111101111 +
#270
b1111110010 \
b11110010 X
b1111001000 J
b1111010110 [
b11010110 W
b10 U
b111 V
b0 7
b0 <
b1000 .
b1000 K
b10001010101001 0
b10001010101001 L
b101011111000010 1
b101011111000010 M
0*
1/
b11011 6
0)
#275
0!
1"
b1111001000 $
b1111001000 I
b1111001000 R
1T
1)
b1001 @
b100 >
b11011 4
1(
b1001 3
#280
b1 Z
b1111111111 \
b11111111 X
b1111 U
b1111110111 J
b1111111000 [
b11111000 W
b1 V
b11111111111111111111111111001000 7
b1 <
b0 :
b1001 .
b1001 K
b100010000001 0
b100010000001 L
b1111000111110000 1
b1111000111110000 M
b11100 6
0)
#285
1)
b10001 F
b1111001000 +
12
#290
1!
b1 :
1*
b11101 6
0)
#295
b1111110111 $
b1111110111 I
b1111110111 R
1)
b1000 E
b100 >
b11101 4
b1010 3
1(
b10 ?
b101 B
b1001 9
02
#300
b0 Z
b11 Y
b101010 \
b101010 X
b111 U
b101011 J
b1 [
b1 W
b1 V
b11111111111111111111111111110111 7
b1010 .
b1010 K
b11010000010110 0
b11010000010110 L
b1100110100111 1
b1100110100111 M
b11110 6
0)
#305
b101011 $
b101011 I
b101011 R
1)
b1001 E
b1010 @
b100 >
b11110 4
b1011 3
1(
b1 ?
b110 B
b1010 9
b1111110111 +
#310
0!
b1 Z
b1111100010 \
b11100010 X
b110 U
b1111001101 J
b1111101011 [
b11101011 W
b1101 V
b101011 7
b0 :
b1011 .
b1011 K
b1110100101111011 0
b1110100101111011 L
b1101001101101000 1
b1101001101101000 M
0*
b11111 6
0)
#315
1)
b10010 F
b101011 +
12
#320
1!
b1 :
1*
b100000 6
0)
#325
b1111001101 $
b1111001101 I
b1111001101 R
1)
b1010 E
b11 A
b100 >
b100000 4
b1100 3
1(
b10 ?
b1011 9
02
#330
b0 Z
b10 Y
b0 \
b0 X
b0 U
b111 J
b111 [
b111 W
b111 V
b11111111111111111111111111001101 7
b1100 .
b1100 K
b111100000010001 0
b111100000010001 L
b1011101110000 1
b1011101110000 M
b100001 6
0)
#335
b111 $
b111 I
b111 R
1)
b1011 E
b1100 @
b100 >
b100001 4
b1101 3
1(
b1 ?
b111 B
b1100 9
b1111001101 +
#340
b1 Z
b10100 \
b10100 X
b100 U
b10100 J
b0 [
b0 W
b0 V
b111 7
b1101 .
b1101 K
b11010100000101 0
b11010100000101 L
b1100000001000110 1
b1100000001000110 M
b100010 6
0)
#345
b10100 $
b10100 I
b10100 R
1)
b1100 E
b100 >
b100010 4
b1110 3
1(
b1101 9
b111 +
#350
b0 Z
b11 Y
b11000 [
b11000 W
b1100 J
b1111110100 \
b11110100 X
b100 U
b1010 V
b10100 7
b1110 .
b1110 K
b1111111111001101 0
b1111111111001101 L
b1010110011110100 1
b1010110011110100 M
b100011 6
0)
#355
b1100 $
b1100 I
b1100 R
1)
b1101 E
b100 >
b100011 4
b1111 3
1(
b1110 9
b10100 +
#360
0!
b1 Z
b0 \
b0 X
b1 U
b0 J
b0 [
b0 W
b111 V
b1100 7
b0 :
b1111 .
b1111 K
b111100000000000 0
b111100000000000 L
b111111100011000 1
b111111100011000 M
0*
b100100 6
0)
#365
1)
b10011 F
b1100 +
12
#370
1!
b1 :
1*
b100101 6
0)
#375
b0 $
b0 I
b0 R
1)
b1110 E
b1101 @
b100 A
b100 >
b100101 4
b10000 3
1(
b10 ?
b1111 9
02
#380
b0 Z
b10 Y
b1111011101 \
b11011101 X
b1111101001 J
b1100 [
b1100 W
b101 U
b10 V
b0 7
b0 .
b0 K
b100010001101001 0
b100010001101001 L
b1100001000110101 1
b1100001000110101 M
b100110 6
0)
#385
b1111101001 $
b1111101001 I
b1111101001 R
1)
b1111 E
b100 >
b100110 4
b10001 3
1(
b1 ?
b10000 9
b0 +
#390
b1 Z
b10000 \
b10000 X
b100 U
b110011 J
b100011 [
b100011 W
b1011 V
b11111111111111111111111111101001 7
b1 .
b1 K
b1010111010010100 0
b1010111010010100 L
b111101101000100 1
b111101101000100 M
b100111 6
0)
#395
b110011 $
b110011 I
b110011 R
1)
b10000 E
b1110 @
b100 >
b100111 4
b10010 3
1(
b1000 B
b10001 9
b1111101001 +
#400
0!
b0 Z
b0 \
b0 X
b0 U
b0 J
b0 [
b0 W
b0 V
b110011 7
b0 :
b0 .
b0 K
b0 0
b0 L
b0 1
b0 M
0*
0/
b101000 6
0)
#405
1)
b110011 +
12
#410
1!
b11 Y
b1000 J
b1000 [
b1000 W
b111 U
b1000 V
b1 :
b10 .
b10 K
b1000100011110000 0
b1000100011110000 L
b1000011100010111 1
b1000011100010111 M
1*
1/
b101001 6
0)
#415
b1000 $
b1000 I
b1000 R
1)
b10001 E
b101 A
b10000 @
b100 >
b101001 4
b10011 3
1(
b10 ?
b10010 9
02
#420
0!
b1 Z
b100000 \
b100000 X
b1100 U
b1110 J
b1111101110 [
b11101110 W
b11 V
b1000 7
b0 :
b11 .
b11 K
b100111010101000 0
b100111010101000 L
b11101111001000 1
b11101111001000 M
0*
b101010 6
0)
#425
1)
b10100 F
b1000 +
12
#430
b101011 6
0)
#435
1)
b10101 F
#440
1!
b1 :
1*
b101100 6
0)
#445
b1110 $
b1110 I
b1110 R
1)
b10010 E
b110 A
b100 >
b101100 4
b10100 3
1(
b11 ?
b10011 9
02
#450
b0 Z
b10 Y
b0 \
b0 X
b0 U
b0 J
b0 [
b0 W
b0 V
b1110 7
b0 .
b0 K
b0 0
b0 L
b0 1
b0 M
0/
b101101 6
0)
#455
0"
0T
1)
0(
b1 ?
b10100 9
b1110 +
#460
b1111100100 \
b11100100 X
b1111010101 J
b1111110001 [
b11110001 W
b1100 U
b11 V
b0 7
b0 <
b100 .
b100 K
b111101110110111 0
b111101110110111 L
b11001100001100 1
b11001100001100 M
0*
1/
b101110 6
0)
#465
0!
1"
b1111010101 $
b1111010101 I
b1111010101 R
1T
1)
b100 >
b101110 4
1(
b10101 3
#470
1!
b1 Z
b1111111000 \
b11111000 X
b1 U
b1111111111 J
b111 [
b111 W
b1 V
b11111111111111111111111111010101 7
b1 <
b101 .
b101 K
b100001111000 0
b100001111000 L
b100010001 1
b100010001 M
1*
b101111 6
0)
#475
b1111111111 $
b1111111111 I
b1111111111 R
1)
b10011 E
b100 >
b101111 4
b10110 3
1(
b1001 B
b10101 9
b1111010101 +
#480
0!
b0 Z
b11 Y
b0 \
b0 X
b0 U
b1111101000 J
b1111101000 [
b11101000 W
b1000 V
b11111111111111111111111111111111 7
b0 :
b110 .
b110 K
b1000110000111110 0
b1000110000111110 L
b1000110101110000 1
b1000110101110000 M
0*
b110000 6
0)
#485
1)
b10110 F
b1111111111 +
12
#490
b110001 6
0)
#495
1)
b10111 F
#500
1!
b1 :
1*
b110010 6
0)
#505
b1111101000 $
b1111101000 I
b1111101000 R
1)
b10100 E
b111 A
b10001 @
b100 >
b110010 4
b10111 3
1(
b11 ?
b1010 B
b10110 9
02
#510
b10 Y
b0 J
b0 [
b0 W
b0 V
b11111111111111111111111111101000 7
b0 .
b0 K
b0 0
b0 L
b0 1
b0 M
0/
b110011 6
0)
#515
0"
0T
1)
0(
b1 ?
b1011 B
b10111 9
b1111101000 +
#520
b1 Z
b1001 [
b1001 W
b11 V
b11 Y
b11011 J
b10010 \
b10010 X
b1010 U
b0 7
b0 <
b111 .
b111 K
b10111100111101 0
b10111100111101 L
b11000010100001 1
b11000010100001 M
1/
b110100 6
0)
#525
1"
b11011 $
b11011 I
b11011 R
1T
1)
b100 >
b110100 4
1(
b11000 3
#530
0!
b0 Z
b10 Y
b111 \
b111 X
b111 U
b111000 J
b110001 [
b110001 W
b111 V
b11011 7
b1 <
b0 :
b1000 .
b1000 K
b1111011101110001 0
b1111011101110001 L
b111011111110111 1
b111011111110111 M
0*
b110101 6
0)
#535
1)
b11000 F
b11011 +
12
#540
b110110 6
0)
#545
1)
b11001 F
#550
b110111 6
0)
#555
1)
b11010 F
#560
b111000 6
0)
#565
1)
b11011 F
#570
b111001 6
0)
#575
1)
b11100 F
#580
b111010 6
0)
#585
1)
b11101 F
#590
b111011 6
0)
#595
1)
b11110 F
#600
b111100 6
0)
#605
1)
b11111 F
#610
b111101 6
0)
#615
1)
b100000 F
#620
b111110 6
0)
#625
1)
b100001 F
#630
b111111 6
0)
#635
1)
b100010 F
#640
b1000000 6
0)
#645
1)
b100011 F
#650
b1000001 6
0)
#655
1)
b100100 F
#660
b1000010 6
0)
#665
1)
b100101 F
#670
b1000011 6
0)
#675
1)
b100110 F
#680
b1000100 6
0)
#685
1)
b100111 F
#690
b1000101 6
0)
#695
1)
b101000 F
#700
1!
b1 :
1*
b1000110 6
0)
#705
b111000 $
b111000 I
b111000 R
1)
b10101 E
b10100 @
b100 >
b1000110 4
b11001 3
1(
b10010 ?
b11000 9
02
#710
0!
b0 \
b0 X
b0 U
b0 J
b0 [
b0 W
b0 V
b111000 7
b0 :
b0 .
b0 K
b0 0
b0 L
b0 1
b0 M
0*
0/
b1000111 6
0)
#715
1)
b111000 +
12
#720
b1 Z
b1111001000 J
b1111001000 [
b11001000 W
b11 U
b1000 V
b1001 .
b1001 K
b1110000001110000 0
b1110000001110000 L
b1000100000110111 1
b1000100000110111 M
1/
b1001000 6
0)
#725
1)
b101001 F
#730
1!
b1 :
1*
b1001001 6
0)
#735
b1111001000 $
b1111001000 I
b1111001000 R
1)
b10110 E
b1001 A
b10101 @
b100 >
b1001001 4
b11010 3
1(
b11 ?
b11001 9
02
#740
b0 Z
b11 Y
b1111101110 \
b11101110 X
b11 U
b1111101011 J
b1111111101 [
b11111101 W
b11 V
b11111111111111111111111111001000 7
b1010 .
b1010 K
b1111101111111010 0
b1111101111111010 L
b11001101100011 1
b11001101100011 M
b1001010 6
0)
#745
b1111101011 $
b1111101011 I
b1111101011 R
1)
b10111 E
b100 >
b1001010 4
b11011 3
1(
b1 ?
b1100 B
b11010 9
b1111001000 +
#750
0!
b10 Y
b0 \
b0 X
b0 U
b0 J
b0 [
b0 W
b0 V
b11111111111111111111111111101011 7
b0 :
b0 .
b0 K
b0 0
b0 L
b0 1
b0 M
0*
0/
b1001011 6
0)
#755
1)
b1111101011 +
12
#760
1!
b1 Z
b1111111001 [
b11111001 W
b111 V
b11 Y
b0 J
b111 \
b111 X
b111 U
b1 :
b1011 .
b1011 K
b1000111111110001 0
b1000111111110001 L
b111000001110001 1
b111000001110001 M
1*
1/
b1001100 6
0)
#765
b0 $
b0 I
b0 R
1)
b11000 E
b10111 @
b100 >
b1001100 4
b11100 3
1(
b10 ?
b1101 B
b11011 9
02
#770
b0 Z
b10 Y
b11100 \
b11100 X
b111 U
b101000 J
b1100 [
b1100 W
b1010 V
b0 7
b1100 .
b1100 K
b1101011111100100 0
b1101011111100100 L
b1011101000110111 1
b1011101000110111 M
b1001101 6
0)
#775
b101000 $
b101000 I
b101000 R
1)
b11001 E
b11000 @
b100 >
b1001101 4
b11101 3
1(
b1 ?
b11100 9
b0 +
#780
b1 Z
b1111101000 [
b11101000 W
b1111110100 J
b1100 \
b1100 X
b10 U
b101000 7
b1101 .
b1101 K
b1101101001000110 0
b1101101001000110 L
b100101000100101 1
b100101000100101 M
b1001110 6
0)
#785
b1111110100 $
b1111110100 I
b1111110100 R
1)
b11010 E
b100 >
b1001110 4
b11110 3
1(
b11101 9
b101000 +
#790
b0 Z
b11 Y
b1111111001 \
b11111001 X
b111 U
b0 J
b111 [
b111 W
b111 V
b11111111111111111111111111110100 7
b1110 .
b1110 K
b1111011100011111 0
b1111011100011111 L
b111100001110111 1
b111100001110111 M
b1001111 6
0)
#795
b0 $
b0 I
b0 R
1)
b11011 E
b1010 A
b11011 @
b100 >
b1001111 4
b11111 3
1(
b1110 B
b11110 9
b1111110100 +
#800
b10 Y
b0 \
b0 X
b0 U
b0 J
b0 [
b0 W
b0 V
b0 7
b0 .
b0 K
b0 0
b0 L
b0 1
b0 M
0/
b1010000 6
0)
#805
0"
0T
1)
0(
b11111 9
b0 +
#810
b1 Z
b11 Y
b1111101000 \
b11101000 X
b1000 J
b100000 [
b100000 W
b11 U
b1100 V
b0 <
b1111 .
b1111 K
b1100101110001000 0
b1100101110001000 L
b1100110000110111 1
b1100110000110111 M
1/
b1010001 6
0)
#815
1"
b1000 $
b1000 I
b1000 R
1T
1)
b11100 @
b100 >
b1010001 4
1(
b100000 3
#820
b0 Z
b10 Y
b0 \
b0 X
b0 U
b0 J
b0 [
b0 W
b0 V
b1000 7
b1 <
b0 .
b0 K
b0 0
b0 L
b0 1
b0 M
0/
b1010010 6
0)
#825
0"
0T
1)
0(
b100000 9
b1000 +
#830
b100 J
b100 [
b100 W
b101 U
b1110 V
b0 7
b0 <
b1111000111100000 0
b1111000111100000 L
b1000111011100101 1
b1000111011100101 M
1/
b1010011 6
0)
#835
1"
b100 $
b100 I
b100 R
1T
1)
b1011 A
b100 >
b1010011 4
1(
b100001 3
#840
0!
b0 U
b0 J
b0 [
b0 W
b0 V
b100 7
b1 <
b0 :
b0 0
b0 L
b0 1
b0 M
0*
0/
b1010100 6
0)
#845
1)
b100 +
12
#850
1!
b1 :
1*
b1010101 6
0)
#855
0"
0T
1)
0(
b10 ?
b100001 9
02
#860
b1 Z
b0 J
b0 \
b0 X
b0 U
b0 7
b0 <
b1 .
b1 K
b100001110001 0
b100001110001 L
b1111000000001111 1
b1111000000001111 M
1/
b1010110 6
0)
#865
1"
b0 $
b0 I
b0 R
1T
1)
b100 >
b1010110 4
1(
b100010 3
#870
0!
b0 Z
b1 <
b0 :
b0 .
b0 K
b0 0
b0 L
b0 1
b0 M
0*
0/
b1010111 6
0)
#875
1)
b0 +
12
#880
1!
b11 Y
b1111010000 \
b11010000 X
b1110111000 J
b1111101000 [
b11101000 W
b110 U
b1100 V
b1 :
b10 .
b10 K
b1000110101101000 0
b1000110101101000 L
b1100110001010110 1
b1100110001010110 M
1*
1/
b1011000 6
0)
#885
b1110111000 $
b1110111000 I
b1110111000 R
1)
b11100 E
b100 >
b1011000 4
b100011 3
1(
b100010 9
02
#890
b1 Z
b1111 \
b1111 X
b1101 U
b1111011110 J
b1111001111 [
b11001111 W
b111 V
b11111111111111111111111110111000 7
b11 .
b11 K
b111001010011011 0
b111001010011011 L
b111110011011100 1
b111110011011100 M
b1011001 6
0)
#895
b1111011110 $
b1111011110 I
b1111011110 R
1)
b11101 E
b11101 @
b100 >
b1011001 4
b100100 3
1(
b1 ?
b1111 B
b100011 9
b1110111000 +
#900
b0 Z
b1000 V
b10 Y
b0 [
b0 W
b1111001000 J
b1111001000 \
b11001000 X
b1000 U
b11111111111111111111111111011110 7
b100 .
b100 K
b1000100000000111 0
b1000100000000111 L
b111100011111000 1
b111100011111000 M
b1011010 6
0)
#905
b1111001000 $
b1111001000 I
b1111001000 R
1)
b11110 E
b11110 @
b1101 A
b100 >
b1011010 4
b100101 3
1(
b10000 B
b100100 9
b1111011110 +
#910
b1 Z
b1100 [
b1100 W
b1111111100 J
b1111110000 \
b11110000 X
b1000 U
b1010 V
b11111111111111111111111111001000 7
b101 .
b101 K
b110000011100010 0
b110000011100010 L
b110101010000110 1
b110101010000110 M
b1011011 6
0)
#915
b1111111100 $
b1111111100 I
b1111111100 R
1)
b11111 E
b1110 A
b100 >
b1011011 4
b100110 3
1(
b10001 B
b100101 9
b1111001000 +
#920
b0 Z
b11 Y
b101010 \
b101010 X
b111 U
b110010 J
b1000 [
b1000 W
b1110 V
b11111111111111111111111111111100 7
b110 .
b110 K
b1011010111000110 0
b1011010111000110 L
b1110000011110111 1
b1110000011110111 M
b1011100 6
0)
#925
b110010 $
b110010 I
b110010 R
1)
b100000 E
b11111 @
b100 >
b1011100 4
b100111 3
1(
b10010 B
b100110 9
b1111111100 +
#930
0!
b1 Z
b111 \
b111 X
b1 U
b1111111111 J
b1111111000 [
b11111000 W
b1000 V
b110010 7
b0 :
b111 .
b111 K
b111100000010111 0
b111100000010111 L
b1000000000010001 1
b1000000000010001 M
0*
b1011101 6
0)
#935
1)
b101010 F
b110010 +
12
#940
b1011110 6
0)
#945
1)
b101011 F
#950
1!
b1 :
1*
b1011111 6
0)
#955
b1111111111 $
b1111111111 I
b1111111111 R
1)
b100001 E
b1111 A
b100 >
b1011111 4
b101000 3
1(
b11 ?
b100111 9
02
#960
0!
b0 Z
b10 Y
b1111111100 \
b11111100 X
b1 U
b1111111100 J
b0 [
b0 W
b1100 V
b11111111111111111111111111111111 7
b0 :
b1000 .
b1000 K
b110110000001100 0
b110110000001100 L
b11110010110001 1
b11110010110001 M
0*
b1100000 6
0)
#965
1)
b101100 F
b1111111111 +
12
#970
1!
b1 :
1*
b1100001 6
0)
#975
b1111111100 $
b1111111100 I
b1111111100 R
1)
b100010 E
b100 >
b1100001 4
b101001 3
1(
b10 ?
b10011 B
b101000 9
02
#980
0!
b0 J
b0 \
b0 X
b0 U
b0 V
b11111111111111111111111111111100 7
b0 :
b0 .
b0 K
b0 0
b0 L
b0 1
b0 M
0*
0/
b1100010 6
0)
#985
1)
b1111111100 +
12
#990
b1100011 6
0)
#995
1)
#1000
1!
b1 Z
b1111 \
b1111 X
b1011 J
b1111111100 [
b11111100 W
b1011 U
b100 V
b1 :
b1001 .
b1001 K
b101110111111101 0
b101110111111101 L
b111010010111111 1
b111010010111111 M
1*
1/
b1100100 6
0)
#1005
b1011 $
b1011 I
b1011 R
1)
b100011 E
b100000 @
b100 >
b1100100 4
b101010 3
1(
b11 ?
b10100 B
b101001 9
02
#1010
b0 Z
b11 Y
b1111111001 \
b11111001 X
b1111 U
b1111111001 J
b0 [
b0 W
b1 V
b1011 7
b1010 .
b1010 K
b1000000000000111 0
b1000000000000111 L
b1000000011111 1
b1000000011111 M
b1100101 6
0)
#1015
b1111111001 $
b1111111001 I
b1111111001 R
1)
b100100 E
b100 >
b1100101 4
b101011 3
1(
b1 ?
b101010 9
b1011 +
#1020
b1 Z
b1111010000 [
b11010000 W
b1110100000 J
b1111010000 \
b11010000 X
b1000 U
b110 V
b11111111111111111111111111111001 7
b1011 .
b1011 K
b10010010000110 0
b10010010000110 L
b110001010000011 1
b110001010000011 M
b1100110 6
0)
#1025
b1110100000 $
b1110100000 I
b1110100000 R
1)
b100101 E
b10000 A
b100 >
b1100110 4
b101100 3
1(
b10101 B
b101011 9
b1111111001 +
#1030
b0 Z
b10 Y
b1111111011 \
b11111011 X
b1 U
b11001 J
b11110 [
b11110 W
b1011 V
0!
0"
b11111111111111111111111110100000 7
b0 <
b0 :
b1100 .
b1100 K
b10101011 0
b10101011 L
b1111101110100001 1
b1111101110100001 M
1-
b1100111 6
0)
#1035
b0 $
b0 I
b0 R
0T
1)
b11111111111111111111111111111111 4
0(
b1 D
b1 5
b1110100000 +
#1040
b0 7
b1101000 6
0)
#1045
1)
b0 +
#1050
1!
b1 :
0-
b1101001 6
0)
#1055
1"
b11001 $
b11001 I
b11001 R
1T
1)
b100 >
b1101001 4
1(
b101101 3
#1060
0!
b1 Z
b111 \
b111 X
b111 U
b111 J
b0 [
b0 W
b0 V
b11001 7
b1 <
b0 :
b1101 .
b1101 K
b111000100000001 0
b111000100000001 L
b111000001111000 1
b111000001111000 M
0*
b1101010 6
0)
#1065
1)
b101101 F
b11001 +
12
#1070
b1101011 6
0)
#1075
1)
b101110 F
#1080
b1101100 6
0)
#1085
1)
b101111 F
#1090
b1101101 6
0)
#1095
1)
b110000 F
#1100
b1101110 6
0)
#1105
1)
b110001 F
#1110
b1101111 6
0)
#1115
1)
b110010 F
#1120
b1110000 6
0)
#1125
1)
b110011 F
#1130
b1110001 6
0)
#1135
1)
b110100 F
#1140
b1110010 6
0)
#1145
1)
b110101 F
#1150
b1110011 6
0)
#1155
1)
b110110 F
#1160
b1110100 6
0)
#1165
1)
b110111 F
#1170
b1110101 6
0)
#1175
1)
b111000 F
#1180
b1110110 6
0)
#1185
1)
b111001 F
#1190
b1110111 6
0)
#1195
1)
b111010 F
#1200
b1111000 6
0)
#1205
1)
b111011 F
#1210
b1111001 6
0)
#1215
1)
b111100 F
#1220
b1111010 6
0)
#1225
1)
b111101 F
#1230
1!
b1 :
1*
b1111011 6
0)
#1235
b111 $
b111 I
b111 R
1)
b100110 E
b100010 @
b10001 A
b100 >
b1111011 4
b101110 3
1(
b10010 ?
b101100 9
02
#1240
b0 Z
b11 Y
b0 [
b0 W
b1111001111 J
b1111001111 \
b11001111 X
b111 U
b0 V
b111 7
b1110 .
b1110 K
b1010010111011001 0
b1010010111011001 L
b101000100111 1
b101000100111 M
b1111100 6
0)
#1245
b1111001111 $
b1111001111 I
b1111001111 R
1)
b100111 E
b100011 @
b100 >
b1111100 4
b101111 3
1(
b1 ?
b101101 9
b111 +
#1250
0!
b1 Z
b110000 J
b110000 \
b110000 X
b1000 U
b11111111111111111111111111001111 7
b0 :
b1111 .
b1111 K
b101011111010 0
b101011111010 L
b101010000000 1
b101010000000 M
0*
b1111101 6
0)
#1255
1)
b111110 F
b1111001111 +
12
#1260
1!
b1 :
1*
b1111110 6
0)
#1265
b110000 $
b110000 I
b110000 R
1)
b101000 E
b10010 A
b100 >
b1111110 4
b110000 3
1(
b10 ?
b10110 B
b101110 9
02
#1270
b0 Z
b1111111000 [
b11111000 W
b1000 V
b10 Y
b0 J
b1000 \
b1000 X
b1000 U
b110000 7
b0 .
b0 K
b1111000000011111 0
b1111000000011111 L
b100000011000 1
b100000011000 M
b1111111 6
0)
#1275
b0 $
b0 I
b0 R
1)
b101001 E
b10100 A
b100 >
b1111111 4
b110001 3
1(
b1 ?
b101111 9
b110000 +
#1280
b1 Z
b10101 \
b10101 X
b1001 U
b10101 J
b0 [
b0 W
b1111 V
b0 7
b1 .
b1 K
b1101100100001101 0
b1101100100001101 L
b1011111110011100 1
b1011111110011100 M
b10000000 6
0)
#1285
b10101 $
b10101 I
b10101 R
1)
b101010 E
b100 >
b10000000 4
b110010 3
1(
b110000 9
b0 +
#1290
0!
b0 Z
b11 Y
b1111110100 [
b11110100 W
b1111110010 J
b1111111110 \
b11111110 X
b1110 U
b1110 V
b10101 7
b0 :
b10 .
b10 K
b110101100001 0
b110101100001 L
b1110000100011110 1
b1110000100011110 M
0*
b10000001 6
0)
#1295
1)
b111111 F
b10101 +
12
#1300
b10000010 6
0)
#1305
1)
b1000000 F
#1310
1!
b1 :
1*
b10000011 6
0)
#1315
b1111110010 $
b1111110010 I
b1111110010 R
1)
b101011 E
b100 >
b10000011 4
b110011 3
1(
b11 ?
b110001 9
02
#1320
b1 Z
b1000000 \
b1000000 X
b1000 U
b10000000 J
b1000000 [
b1000000 W
b1000 V
b11111111111111111111111111110010 7
b11 .
b11 K
b1111111110001000 0
b1111111110001000 L
b1000000010000000 1
b1000000010000000 M
b10000100 6
0)
#1325
b10000000 $
b10000000 I
b10000000 R
1)
b101100 E
b10110 A
b100 >
b10000100 4
b110100 3
1(
b1 ?
b10111 B
b110010 9
b1111110010 +
#1330
b0 Z
b10 Y
b1010 \
b1010 X
b1110 U
b101 J
b1111111011 [
b11111011 W
b1111 V
b10000000 7
b100 .
b100 K
b100011101011011 0
b100011101011011 L
b110111101111110 1
b110111101111110 M
b10000101 6
0)
#1335
b101 $
b101 I
b101 R
1)
b101101 E
b100100 @
b100 >
b10000101 4
b110101 3
1(
b110011 9
b10000000 +
#1340
0!
b1 Z
b100 [
b100 W
b1000 J
b100 \
b100 X
b1110 U
b101 7
b0 :
b101 .
b101 K
b11010011001110 0
b11010011001110 L
b10111111100001 1
b10111111100001 M
0*
b10000110 6
0)
#1345
1)
b1000001 F
b101 +
12
#1350
1!
b1 :
1*
b10000111 6
0)
#1355
b1000 $
b1000 I
b1000 R
1)
b101110 E
b100 >
b10000111 4
b110110 3
1(
b10 ?
b110100 9
02
#1360
0!
b0 Z
b11 Y
b0 \
b0 X
b1000 U
b1111111000 J
b1111111000 [
b11111000 W
b1000 V
b1000 7
b0 :
b110 .
b110 K
b1000011100010000 0
b1000011100010000 L
b1000100001111000 1
b1000100001111000 M
0*
b10001000 6
0)
#1365
1)
b1000010 F
b1000 +
12
#1370
1!
b1 :
1*
b10001001 6
0)
#1375
b1111111000 $
b1111111000 I
b1111111000 R
1)
b101111 E
b100101 @
b11001 A
b100 >
b10001001 4
b110111 3
1(
b110101 9
02
#1380
b1 Z
b100 \
b100 X
b100 U
b1011 J
b111 [
b111 W
b1111 V
b11111111111111111111111111111000 7
b111 .
b111 K
b1101011010010001 0
b1101011010010001 L
b1111000101001010 1
b1111000101001010 M
b10001010 6
0)
#1385
b1011 $
b1011 I
b1011 R
1)
b110000 E
b100 >
b10001010 4
b111000 3
1(
b1 ?
b11000 B
b110110 9
b1111111000 +
#1390
b0 Z
b10 Y
b0 \
b0 X
b1101 U
b10010 J
b10010 [
b10010 W
b110 V
b1011 7
b1000 .
b1000 K
b10001000110000 0
b10001000110000 L
b1000011000001101 1
b1000011000001101 M
b10001011 6
0)
#1395
b10010 $
b10010 I
b10010 R
1)
b110001 E
b11010 A
b100 >
b10001011 4
b111001 3
1(
b110111 9
b1011 +
#1400
0!
b0 U
b0 J
b0 [
b0 W
b0 V
b10010 7
b0 :
b0 .
b0 K
b0 0
b0 L
b0 1
b0 M
0*
0/
b10001100 6
0)
#1405
1)
b10010 +
12
#1410
1!
b1 Z
b1000 U
b1 :
b1001 .
b1001 K
b100001110000 0
b100001110000 L
b111000010000111 1
b111000010000111 M
1*
1/
b10001101 6
0)
#1415
b0 $
b0 I
b0 R
1)
b110010 E
b11011 A
b100111 @
b100 >
b10001101 4
b111010 3
1(
b10 ?
b111000 9
02
#1420
b0 Z
b11 Y
b1111111000 \
b11111000 X
b100 U
b1111111000 J
b0 [
b0 W
b0 V
b0 7
b1010 .
b1010 K
b1010100011111110 0
b1010100011111110 L
b11110100100 1
b11110100100 M
b10001110 6
0)
#1425
b1111111000 $
b1111111000 I
b1111111000 R
1)
b110011 E
b101000 @
b100 >
b10001110 4
b111011 3
1(
b1 ?
b111001 9
b0 +
#1430
b10 Y
b0 J
b0 \
b0 X
b0 U
b11111111111111111111111111111000 7
b0 .
b0 K
b0 0
b0 L
b0 1
b0 M
0/
b10001111 6
0)
#1435
0"
0T
1)
0(
b11001 B
b111010 9
b1111111000 +
#1440
b0 7
b0 <
b10010000 6
0)
#1445
1)
#1450
b101010 \
b101010 X
b1010 U
b1 Z
b11 Y
b111010 J
b10000 [
b10000 W
b100 V
b1011 .
b1011 K
b1100001001001 0
b1100001001001 L
b100110010100000 1
b100110010100000 M
0*
1/
b10010001 6
0)
#1455
0!
1"
b111010 $
b111010 I
b111010 R
1T
1)
b100 >
b10010001 4
1(
b111100 3
#1460
b0 Z
b10 Y
b0 \
b0 X
b0 U
b0 J
b0 [
b0 W
b0 V
b111010 7
b1 <
b0 :
b0 .
b0 K
b0 0
b0 L
b0 1
b0 M
0/
b10010010 6
0)
#1465
1)
b111010 +
12
#1470
b10010011 6
0)
#1475
1)
#1480
1!
b1111001000 J
b1111001000 [
b11001000 W
b1000 V
b1 :
b1100 .
b1100 K
b1111101111111 0
b1111101111111 L
b1111100001110000 1
b1111100001110000 M
1*
1/
b10010100 6
0)
#1485
b1111001000 $
b1111001000 I
b1111001000 R
1)
b110100 E
b11100 A
b101001 @
b100 >
b10010100 4
b111101 3
1(
b11 ?
b111011 9
02
#1490
b1 Z
b1111100100 \
b11100100 X
b111 U
b0 J
b11100 [
b11100 W
b1100 V
b11111111111111111111111111001000 7
b1101 .
b1101 K
b1100010110011100 0
b1100010110011100 L
b1110001110010 1
b1110001110010 M
b10010101 6
0)
#1495
b0 $
b0 I
b0 R
1)
b110101 E
b101010 @
b100 >
b10010101 4
b111110 3
1(
b1 ?
b11010 B
b111100 9
b1111001000 +
#1500
b0 Z
b11 Y
b111000 \
b111000 X
b1000 U
b1011000 J
b100000 [
b100000 W
b1000 V
b0 7
b1110 .
b1110 K
b1011001111001001 0
b1011001111001001 L
b1000101011111000 1
b1000101011111000 M
b10010110 6
0)
#1505
b1011000 $
b1011000 I
b1011000 R
1)
b110110 E
b11110 A
b100 >
b10010110 4
b111111 3
1(
b111101 9
b0 +
#1510
b1 Z
b1000 [
b1000 W
b0 J
b1111111000 \
b11111000 X
b1 U
b1011000 7
b1111 .
b1111 K
b1011111111000 0
b1011111111000 L
b1000111100010001 1
b1000111100010001 M
b10010111 6
0)
#1515
b0 $
b0 I
b0 R
1)
b110111 E
b11111 A
b100 >
b10010111 4
b1000000 3
1(
b111110 9
b1011000 +
#1520
0!
b0 Z
b10 Y
b0 \
b0 X
b0 U
b1111011100 J
b1111011100 [
b11011100 W
b110 V
b0 7
b0 :
b0 .
b0 K
b11110101010 0
b11110101010 L
b1010011010000000 1
b1010011010000000 M
0*
b10011000 6
0)
#1525
1)
b1000011 F
b0 +
12
#1530
1!
b1 :
1*
b10011001 6
0)
#1535
b1111011100 $
b1111011100 I
b1111011100 R
1)
b111000 E
b100000 A
b100 >
b10011001 4
b1000001 3
1(
b10 ?
b111111 9
02
#1540
0!
b0 J
b0 [
b0 W
b0 V
b11111111111111111111111111011100 7
b0 :
b0 0
b0 L
b0 1
b0 M
0*
0/
b10011010 6
0)
#1545
1)
b1111011100 +
12
#1550
1!
b1 :
1*
b10011011 6
0)
#1555
0"
0T
1)
0(
b11011 B
b1000000 9
02
#1560
b1 Z
b0 \
b0 X
b1111111010 J
b1111111010 [
b11111010 W
b0 U
b1111 V
b0 7
b0 <
b1 .
b1 K
b100011101101111 0
b100011101101111 L
b1110111100001010 1
b1110111100001010 M
1/
b10011100 6
0)
#1565
1"
b1111111010 $
b1111111010 I
b1111111010 R
1T
1)
b100 >
b10011100 4
1(
b1000010 3
#1570
b0 Z
b11 Y
b1000 \
b1000 X
b1000 U
b1111010000 J
b1111001000 [
b11001000 W
b1000 V
b11111111111111111111111111111010 7
b1 <
b10 .
b10 K
b1111100001111111 0
b1111100001111111 L
b1000000000011000 1
b1000000000011000 M
b10011101 6
0)
#1575
b1111010000 $
b1111010000 I
b1111010000 R
1)
b111001 E
b100010 A
b100 >
b10011101 4
b1000011 3
1(
b1 ?
b11100 B
b1000001 9
b1111111010 +
#1580
0!
b1 Z
b1111111000 \
b11111000 X
b10 U
b1111110000 J
b1111111000 [
b11111000 W
b1 V
b11111111111111111111111111010000 7
b0 :
b11 .
b11 K
b1001011110001100 0
b1001011110001100 L
b1000000101100 1
b1000000101100 M
0*
b10011110 6
0)
#1585
1)
b1000100 F
b1111010000 +
12
#1590
b10011111 6
0)
#1595
1)
b1000101 F
#1600
b10100000 6
0)
#1605
1)
b1000110 F
#1610
b10100001 6
0)
#1615
1)
b1000111 F
#1620
b10100010 6
0)
#1625
1)
b1001000 F
#1630
b10100011 6
0)
#1635
1)
b1001001 F
#1640
b10100100 6
0)
#1645
1)
b1001010 F
#1650
b10100101 6
0)
#1655
1)
b1001011 F
#1660
b10100110 6
0)
#1665
1)
b1001100 F
#1670
b10100111 6
0)
#1675
1)
b1001101 F
#1680
b10101000 6
0)
#1685
1)
b1001110 F
#1690
b10101001 6
0)
#1695
1)
b1001111 F
#1700
b10101010 6
0)
#1705
1)
b1010000 F
#1710
b10101011 6
0)
#1715
1)
b1010001 F
#1720
b10101100 6
0)
#1725
1)
b1010010 F
#1730
b10101101 6
0)
#1735
1)
b1010011 F
#1740
b10101110 6
0)
#1745
1)
b1010100 F
#1750
b10101111 6
0)
#1755
1)
b1010101 F
#1760
b10110000 6
0)
#1765
1)
b1010110 F
#1770
1!
b1 :
1*
b10110001 6
0)
#1775
b1111110000 $
b1111110000 I
b1111110000 R
1)
b111010 E
b100 >
b10110001 4
b1000100 3
1(
b10100 ?
b11101 B
b1000010 9
02
#1780
0!
b0 Z
b10 Y
b110001 \
b110001 X
b111 U
b101100 J
b1111111011 [
b11111011 W
b1011 V
b11111111111111111111111111110000 7
b0 :
b100 .
b100 K
b110000100010111 0
b110000100010111 L
b1110101100000111 1
b1110101100000111 M
0*
b10110010 6
0)
#1785
1)
b1010111 F
b1111110000 +
12
#1790
1!
b1 :
1*
b10110011 6
0)
#1795
b101100 $
b101100 I
b101100 R
1)
b111011 E
b101011 @
b100 >
b10110011 4
b1000101 3
1(
b10 ?
b11110 B
b1000011 9
02
#1800
0!
b1 Z
b111 \
b111 X
b1 U
b111 J
b0 [
b0 W
b1000 V
b101100 7
b0 :
b101 .
b101 K
b1100000000111 0
b1100000000111 L
b1111100000010001 1
b1111100000010001 M
0*
b10110100 6
0)
#1805
1)
b1011000 F
b101100 +
12
#1810
b10110101 6
0)
#1815
1)
b1011001 F
#1820
b10110110 6
0)
#1825
1)
b1011010 F
#1830
1!
b1 :
1*
b10110111 6
0)
#1835
b111 $
b111 I
b111 R
1)
b111100 E
b100011 A
b100 >
b10110111 4
b1000110 3
1(
b100 ?
b1000100 9
02
#1840
0!
b1000 U
b0 Z
b11 Y
b1111010000 J
b1111010000 \
b11010000 X
b1010 V
b111 7
b0 :
b110 .
b110 K
b1110010000000110 0
b1110010000000110 L
b1010011000011000 1
b1010011000011000 M
0*
b10111000 6
0)
#1845
1)
b1011011 F
b111 +
12
#1850
1!
b1 :
1*
b10111001 6
0)
#1855
b1111010000 $
b1111010000 I
b1111010000 R
1)
b111101 E
b100100 A
b100 >
b10111001 4
b1000111 3
1(
b10 ?
b1000101 9
02
#1860
0!
b10 Y
b0 J
b0 \
b0 X
b0 U
b0 V
b11111111111111111111111111010000 7
b0 :
b0 .
b0 K
b0 0
b0 L
b0 1
b0 M
0*
0/
b10111010 6
0)
#1865
1)
b1111010000 +
12
#1870
1!
b1 Z
b11 Y
b1111110100 J
b1111110100 [
b11110100 W
b1010 U
b1100 V
b1 :
b111 .
b111 K
b110000110000 0
b110000110000 L
b1100101010101110 1
b1100101010101110 M
1*
1/
b10111011 6
0)
#1875
b1111110100 $
b1111110100 I
b1111110100 R
1)
b111110 E
b100 >
b10111011 4
b1001000 3
1(
b11111 B
b1000110 9
02
#1880
0!
b0 Z
b10 Y
b0 U
b0 J
b0 [
b0 W
b0 V
b11111111111111111111111111110100 7
b0 :
b0 .
b0 K
b0 0
b0 L
b0 1
b0 M
0*
0/
b10111100 6
0)
#1885
1)
b1111110100 +
12
#1890
1!
b1111111000 \
b11111000 X
b1111111111 J
b111 [
b111 W
b1000 U
b111 V
b1 :
b1000 .
b1000 K
b111100000010001 0
b111100000010001 L
b1011100001000 1
b1011100001000 M
1*
1/
b10111101 6
0)
#1895
b1111111111 $
b1111111111 I
b1111111111 R
1)
b111111 E
b101100 @
b100101 A
b100 >
b10111101 4
b1001001 3
1(
b100000 B
b1000111 9
02
#1900
0!
b111 \
b111 X
b111 U
b1 Z
b1111101111 J
b1111101000 [
b11101000 W
b110 V
b11111111111111111111111111111111 7
b0 :
b1001 .
b1001 K
b11010111000001 0
b11010111000001 L
b100011001111000 1
b100011001111000 M
0*
b10111110 6
0)
#1905
1)
b1011100 F
b1111111111 +
12
#1910
b10111111 6
0)
#1915
1)
b1011101 F
#1920
1!
b1 :
1*
b11000000 6
0)
#1925
b1111101111 $
b1111101111 I
b1111101111 R
1)
b1000000 E
b101101 @
b100110 A
b100 >
b11000000 4
b1001010 3
1(
b11 ?
b100001 B
b1001000 9
02
#1930
0!
b0 Z
b0 \
b0 X
b0 U
b0 J
b0 [
b0 W
b0 V
b11111111111111111111111111101111 7
b0 :
b0 .
b0 K
b0 0
b0 L
b0 1
b0 M
0*
0/
b11000001 6
0)
#1935
1)
b1111101111 +
12
#1940
1!
b11 Y
b1111100000 \
b11100000 X
b1111100100 J
b100 [
b100 W
b100 U
b10 V
b1 :
b1010 .
b1010 K
b100001000101000 0
b100001000101000 L
b10101100100100 1
b10101100100100 M
1*
1/
b11000010 6
0)
#1945
b1111100100 $
b1111100100 I
b1111100100 R
1)
b1000001 E
b100 >
b11000010 4
b1001011 3
1(
b10 ?
b100010 B
b1001001 9
02
#1950
b1 Z
b0 \
b0 X
b111 U
b0 J
b0 [
b0 W
b0 V
b11111111111111111111111111100100 7
b1011 .
b1011 K
b1100000000000 0
b1100000000000 L
b100001111000 1
b100001111000 M
b11000011 6
0)
#1955
b0 $
b0 I
b0 R
1)
b1000010 E
b101110 @
b101000 A
b100 >
b11000011 4
b1001100 3
1(
b1 ?
b100011 B
b1001010 9
b1111100100 +
#1960
0!
b0 Z
b10 Y
b1111101011 J
b1111101011 [
b11101011 W
b100 U
b11 V
b0 7
b0 :
b1100 .
b1100 K
b1011000010010000 0
b1011000010010000 L
b101001110100100 1
b101001110100100 M
0*
b11000100 6
0)
#1965
1)
b1011110 F
b0 +
12
#1970
1!
b1 :
1*
b11000101 6
0)
#1975
b1111101011 $
b1111101011 I
b1111101011 R
1)
b1000011 E
b100 >
b11000101 4
b1001101 3
1(
b10 ?
b1001011 9
02
#1980
0!
b1 Z
b1 U
b1111101100 J
b1111101100 [
b11101100 W
b1100 V
b11111111111111111111111111101011 7
b0 :
b1101 .
b1101 K
b1110001001010000 0
b1110001001010000 L
b1111110000011001 1
b1111110000011001 M
0*
b11000110 6
0)
#1985
1)
b1011111 F
b1111101011 +
12
#1990
1!
b1 :
1*
b11000111 6
0)
#1995
b1111101100 $
b1111101100 I
b1111101100 R
1)
b1000100 E
b100 >
b11000111 4
b1001110 3
1(
b100100 B
b1001100 9
02
#2000
0!
b0 Z
b0 U
b0 J
b0 [
b0 W
b0 V
b11111111111111111111111111101100 7
b0 :
b0 .
b0 K
b0 0
b0 L
b0 1
b0 M
0*
0/
b11001000 6
0)
#2005
1)
b1111101100 +
12
#2010
1!
b11 Y
b1111111111 J
b1111111111 [
b11111111 W
b1 V
b1 :
b1110 .
b1110 K
b1000011111111111 0
b1000011111111111 L
b1100000010000 1
b1100000010000 M
1*
1/
b11001001 6
0)
#2015
b1111111111 $
b1111111111 I
b1111111111 R
1)
b1000101 E
b101001 A
b100 >
b11001001 4
b1001111 3
1(
b100101 B
b1001101 9
02
#2020
b1 Z
b101 \
b101 X
b101 U
b1111101001 J
b1111100100 [
b11100100 W
b1100 V
b11111111111111111111111111111111 7
b1111 .
b1111 K
b1100100101110001 0
b1100100101110001 L
b1100011001011001 1
b1100011001011001 M
b11001010 6
0)
#2025
b1111101001 $
b1111101001 I
b1111101001 R
1)
b1000110 E
b100 >
b11001010 4
b1010000 3
1(
b1 ?
b100110 B
b1001110 9
b1111111111 +
#2030
b0 Z
b10 Y
b1111111101 \
b11111101 X
b1101 U
b10 J
b101 [
b101 W
b101 V
b11111111111111111111111111101001 7
b0 .
b0 K
b10001 0
b10001 L
b10010101111101 1
b10010101111101 M
b11001011 6
0)
#2035
b10 $
b10 I
b10 R
1)
b1000111 E
b101111 @
b100 >
b11001011 4
b1010001 3
1(
b100111 B
b1001111 9
b1111101001 +
#2040
b1 Z
b1111111001 \
b11111001 X
b111 U
b1111111001 J
b0 [
b0 W
b0 V
b10 7
b1 .
b1 K
b111100000011111 0
b111100000011111 L
b1000001110001 1
b1000001110001 M
b11001100 6
0)
#2045
b1111111001 $
b1111111001 I
b1111111001 R
1)
b1001000 E
b110000 @
b100 >
b11001100 4
b1010010 3
1(
b1010000 9
b10 +
#2050
b0 Z
b0 J
b0 \
b0 X
b0 U
b11111111111111111111111111111001 7
b0 .
b0 K
b0 0
b0 L
b0 1
b0 M
0/
b11001101 6
0)
#2055
0"
0T
1)
0(
b101000 B
b1010001 9
b1111111001 +
#2060
b11 Y
b11 \
b11 X
b101101 J
b101010 [
b101010 W
b1101 U
b111 V
b0 7
b0 <
b10 .
b10 K
b110001001101111 0
b110001001101111 L
b111111010101101 1
b111111010101101 M
1/
b11001110 6
0)
#2065
1"
b101101 $
b101101 I
b101101 R
1T
1)
b110001 @
b100 >
b11001110 4
1(
b1010011 3
#2070
b10 Y
b0 \
b0 X
b0 U
b0 J
b0 [
b0 W
b0 V
b101101 7
b1 <
b0 .
b0 K
b0 0
b0 L
b0 1
b0 M
0/
b11001111 6
0)
#2075
0"
0T
1)
0(
b1010010 9
b101101 +
#2080
b0 7
b0 <
b11010000 6
0)
#2085
1)
#2090
b1 Z
b11 Y
b11000 \
b11000 X
b11011 J
b11 [
b11 W
b1100 U
b1111 V
b11 .
b11 K
b1010001011011010 0
b1010001011011010 L
b1111111011000101 1
b1111111011000101 M
1/
b11010001 6
0)
#2095
1"
b11011 $
b11011 I
b11011 R
1T
1)
b100 >
b11010001 4
1(
b1010100 3
#2100
b0 Z
b10 Y
b0 \
b0 X
b0 U
b0 J
b0 [
b0 W
b0 V
b11011 7
b1 <
b100 .
b100 K
b1100001111111 0
b1100001111111 L
b1110000 1
b1110000 M
b11010010 6
0)
#2105
b0 $
b0 I
b0 R
1)
b1001001 E
b110010 @
b100 >
b11010010 4
b1010101 3
1(
b1010011 9
b11011 +
#2110
b1 Z
b0 \
b0 X
b101 U
b1111111100 J
b1111111100 [
b11111100 W
b1110 V
b0 7
b101 .
b101 K
b111100100100000 0
b111100100100000 L
b100111001010100 1
b100111001010100 M
b11010011 6
0)
#2115
b1111111100 $
b1111111100 I
b1111111100 R
1)
b1001010 E
b100 >
b11010011 4
b1010110 3
1(
b1010100 9
b0 +
#2120
0!
b0 Z
b0 U
b0 J
b0 [
b0 W
b0 V
b11111111111111111111111111111100 7
b0 :
b0 .
b0 K
b0 0
b0 L
b0 1
b0 M
0*
0/
b11010100 6
0)
#2125
1)
b1111111100 +
12
#2130
b11 Y
b1110 V
b110 .
b110 K
b100111100001010 0
b100111100001010 L
b1110110000110000 1
b1110110000110000 M
1/
b11010101 6
0)
#2135
1)
b1100000 F
#2140
b11010110 6
0)
#2145
1)
b1100001 F
#2150
b11010111 6
0)
#2155
1)
b1100010 F
#2160
b11011000 6
0)
#2165
1)
b1100011 F
#2170
b11011001 6
0)
#2175
1)
b1100100 F
#2180
b11011010 6
0)
#2185
1)
b1100101 F
#2190
b11011011 6
0)
#2195
1)
b1100110 F
#2200
b11011100 6
0)
#2205
1)
b1100111 F
#2210
b11011101 6
0)
#2215
1)
b1101000 F
#2220
b11011110 6
0)
#2225
1)
b1101001 F
#2230
b11011111 6
0)
#2235
1)
b1101010 F
#2240
b11100000 6
0)
#2245
1)
b1101011 F
#2250
b11100001 6
0)
#2255
1)
b1101100 F
#2260
b11100010 6
0)
#2265
1)
b1101101 F
#2270
b11100011 6
0)
#2275
1)
b1101110 F
#2280
b11100100 6
0)
#2285
1)
b1101111 F
#2290
1!
b1 :
1*
b11100101 6
0)
#2295
b0 $
b0 I
b0 R
1)
b1001011 E
b100 >
b11100101 4
b1010111 3
1(
b10010 ?
b101001 B
b1010101 9
02
#2300
b1 Z
b1111111000 J
b1111111000 \
b11111000 X
b1 U
b0 V
b0 7
b111 .
b111 K
b1100001111000 0
b1100001111000 L
b100010001 1
b100010001 M
b11100110 6
0)
#2305
b1111111000 $
b1111111000 I
b1111111000 R
1)
b1001100 E
b100 >
b11100110 4
b1011000 3
1(
b1 ?
b1010110 9
b0 +
#2310
b0 Z
b10 Y
b11100 \
b11100 X
b111 U
b1111101100 J
b1111010000 [
b11010000 W
b1000 V
b11111111111111111111111111111000 7
b1000 .
b1000 K
b1111011001100100 0
b1111011001100100 L
b1010100001110111 1
b1010100001110111 M
b11100111 6
0)
#2315
b1111101100 $
b1111101100 I
b1111101100 R
1)
b1001101 E
b101010 A
b110100 @
b100 >
b11100111 4
b1011001 3
1(
b101010 B
b1010111 9
b1111111000 +
#2320
0!
b1 Z
b101 \
b101 X
b1111 U
b1111101101 J
b1111101000 [
b11101000 W
b1100 V
b11111111111111111111111111101100 7
b0 :
b1001 .
b1001 K
b1001101001101011 0
b1001101001101011 L
b1100110011111011 1
b1100110011111011 M
0*
b11101000 6
0)
#2325
1)
b1110000 F
b1111101100 +
12
#2330
1!
b1 :
1*
b11101001 6
0)
#2335
b1111101101 $
b1111101101 I
b1111101101 R
1)
b1001110 E
b100 >
b11101001 4
b1011010 3
1(
b10 ?
b101011 B
b1011000 9
02
#2340
b0 Z
b11 Y
b1000000 \
b1000000 X
b1000 U
b1000000 J
b0 [
b0 W
b1111 V
b11111111111111111111111111101101 7
b1010 .
b1010 K
b11100001000 0
b11100001000 L
b1111011101111000 1
b1111011101111000 M
b11101010 6
0)
#2345
b1000000 $
b1000000 I
b1000000 R
1)
b1001111 E
b110110 @
b101011 A
b100 >
b11101010 4
b1011011 3
1(
b1 ?
b101100 B
b1011001 9
b1111101101 +
#2350
0!
b1 Z
b1100 [
b1100 W
b111 J
b1111111011 \
b11111011 X
b1011 U
b1010 V
b1000000 7
b0 :
b1011 .
b1011 K
b10011100001 0
b10011100001 L
b1010101110110101 1
b1010101110110101 M
0*
b11101011 6
0)
#2355
1)
b1110001 F
b1000000 +
12
#2360
1!
b1 :
1*
b11101100 6
0)
#2365
b111 $
b111 I
b111 R
1)
b1010000 E
b100 >
b11101100 4
b1011100 3
1(
b10 ?
b1011010 9
02
#2370
0!
b0 Z
b10 Y
b1111111010 \
b11111010 X
b1111 U
b1111111010 J
b0 [
b0 W
b1000 V
b111 7
b0 :
b1100 .
b1100 K
b1111001000000110 0
b1111001000000110 L
b1100010001111 1
b1100010001111 M
0*
b11101101 6
0)
#2375
1)
b1110010 F
b111 +
12
#2380
b11101110 6
0)
#2385
1)
b1110011 F
#2390
1!
b1 :
1*
b11101111 6
0)
#2395
b1111111010 $
b1111111010 I
b1111111010 R
1)
b1010001 E
b101101 A
b100 >
b11101111 4
b1011101 3
1(
b11 ?
b1011011 9
02
#2400
b1 Z
b1111001000 [
b11001000 W
b1111000001 J
b1111111001 \
b11111001 X
b1111 U
b111 V
b11111111111111111111111111111010 7
b1101 .
b1101 K
b110000111 0
b110000111 L
b1111011111110001 1
b1111011111110001 M
b11110000 6
0)
#2405
b1111000001 $
b1111000001 I
b1111000001 R
1)
b1010010 E
b110111 @
b100 >
b11110000 4
b1011110 3
1(
b1 ?
b101101 B
b1011100 9
b1111111010 +
#2410
0!
b0 Z
b11 Y
b1111011101 \
b11011101 X
b1001 U
b1110110011 J
b1111010110 [
b11010110 W
b111 V
b11111111111111111111111111000001 7
b0 :
b1110 .
b1110 K
b1111000010100101 0
b1111000010100101 L
b111111010001001 1
b111111010001001 M
0*
b11110001 6
0)
#2415
1)
b1110100 F
b1111000001 +
12
#2420
1!
b1 :
1*
b11110010 6
0)
#2425
b1110110011 $
b1110110011 I
b1110110011 R
1)
b1010011 E
b111000 @
b101110 A
b100 >
b11110010 4
b1011111 3
1(
b10 ?
b101110 B
b1011101 9
02
#2430
b1 Z
b1110 [
b1110 W
b1111111001 J
b1111101011 \
b11101011 X
b11 U
b11111111111111111111111110110011 7
b1111 .
b1111 K
b11010100101001 0
b11010100101001 L
b111111100110101 1
b111111100110101 M
b11110011 6
0)
#2435
b1111111001 $
b1111111001 I
b1111111001 R
1)
b1010100 E
b111001 @
b100 >
b11110011 4
b1100000 3
1(
b1 ?
b101111 B
b1011110 9
b1110110011 +
#2440
0!
b0 Z
b10 Y
b0 \
b0 X
b0 U
b0 J
b0 [
b0 W
b0 V
b11111111111111111111111111111001 7
b0 :
b0 .
b0 K
b0 0
b0 L
b0 1
b0 M
0*
0/
b11110100 6
0)
#2445
1)
b1111111001 +
12
#2450
b11110101 6
0)
#2455
1)
#2460
1!
b1111111111 \
b11111111 X
b111111 J
b1000000 [
b1000000 W
b1 U
b1000 V
b1 :
b1011110001111 0
b1011110001111 L
b100001110001 1
b100001110001 M
1*
1/
b11110110 6
0)
#2465
b111111 $
b111111 I
b111111 R
1)
b1010101 E
b101111 A
b111010 @
b100 >
b11110110 4
b1100001 3
1(
b11 ?
b110000 B
b1011111 9
02
#2470
0!
b0 \
b0 X
b0 U
b0 J
b0 [
b0 W
b0 V
b111111 7
b0 :
b0 0
b0 L
b0 1
b0 M
0*
0/
b11110111 6
0)
#2475
1)
b111111 +
12
#2480
1!
b1 Z
b110 \
b110 X
b1000 J
b10 [
b10 W
b1 U
b1110 V
b1 :
b1 .
b1 K
b1000011110110 0
b1000011110110 L
b1111111000011110 1
b1111111000011110 M
1*
1/
b11111000 6
0)
#2485
b1000 $
b1000 I
b1000 R
1)
b1010110 E
b100 >
b11111000 4
b1100010 3
1(
b10 ?
b1100000 9
02
#2490
b0 Z
b11 Y
b1111011101 \
b11011101 X
b1011 U
b1111011000 J
b1111111011 [
b11111011 W
b1111 V
b1000 7
b10 .
b10 K
b1100100101010111 0
b1100100101010111 L
b1111110101111011 1
b1111110101111011 M
b11111001 6
0)
#2495
b1111011000 $
b1111011000 I
b1111011000 R
1)
b1010111 E
b111011 @
b100 >
b11111001 4
b1100011 3
1(
b1 ?
b1100001 9
b1000 +
#2500
b1 Z
b1000 \
b1000 X
b1000 U
b1111010000 J
b1111001000 [
b11001000 W
b1000 V
b11111111111111111111111111011000 7
b11 .
b11 K
b1000000101111111 0
b1000000101111111 L
b1000011110000001 1
b1000011110000001 M
b11111010 6
0)
#2505
b1111010000 $
b1111010000 I
b1111010000 R
1)
b1011000 E
b111100 @
b110001 A
b100 >
b11111010 4
b1100100 3
1(
b110001 B
b1100010 9
b1111011000 +
#2510
0!
b0 Z
b10 Y
b1111110010 \
b11110010 X
b1001 U
b1111011110 J
b1111101100 [
b11101100 W
b100 V
b11111111111111111111111111010000 7
b0 :
b100 .
b100 K
b1101101010110010 0
b1101101010110010 L
b110010011011001 1
b110010011011001 M
0*
b11111011 6
0)
#2515
1)
b1110101 F
b1111010000 +
12
#2520
b11111100 6
0)
#2525
1)
b1110110 F
#2530
1!
b1 :
1*
b11111101 6
0)
#2535
b1111011110 $
b1111011110 I
b1111011110 R
1)
b1011001 E
b100 >
b11111101 4
b1100101 3
1(
b11 ?
b110010 B
b1100011 9
02
#2540
0!
b1 Z
b1110 \
b1110 X
b1110 U
b1011 J
b1111111101 [
b11111101 W
b1101 V
b11111111111111111111111111011110 7
b0 :
b101 .
b101 K
b11010000011001 0
b11010000011001 L
b110110111100010 1
b110110111100010 M
0*
b11111110 6
0)
#2545
1)
b1110111 F
b1111011110 +
12
#2550
1!
b1 :
1*
b11111111 6
0)
#2555
b1011 $
b1011 I
b1011 R
1)
b1011010 E
b100 >
b11111111 4
b1100110 3
1(
b10 ?
b110011 B
b1100100 9
02
#2560
0!
b0 Z
b0 \
b0 X
b0 U
b0 J
b0 [
b0 W
b0 V
b1011 7
b0 :
b0 .
b0 K
b0 0
b0 L
b0 1
b0 M
0*
0/
b100000000 6
0)
#2565
1)
b1011 +
12
#2570
b11 Y
b1000000 J
b1000000 [
b1000000 W
b1000 V
b110 .
b110 K
b1000000010001000 0
b1000000010001000 L
b1000011100010000 1
b1000011100010000 M
1/
b100000001 6
0)
#2575
1)
b1111000 F
#2580
1!
b1 :
1*
b100000010 6
0)
#2585
b1000000 $
b1000000 I
b1000000 R
1)
b1011011 E
b110010 A
b111101 @
b100 >
b100000010 4
b1100111 3
1(
b11 ?
b1100101 9
02
#2590
0!
b1 Z
b10100 \
b10100 X
b101 U
b1110 J
b1111111010 [
b11111010 W
b1110 V
b1000000 7
b0 :
b111 .
b111 K
b101000100110100 0
b101000100110100 L
b1110101101010011 1
b1110101101010011 M
0*
b100000011 6
0)
#2595
1)
b1111001 F
b1000000 +
12
#2600
b100000100 6
0)
#2605
1)
b1111010 F
#2610
1!
b1 :
1*
b100000101 6
0)
#2615
b1110 $
b1110 I
b1110 R
1)
b1011100 E
b100 >
b100000101 4
b1101000 3
1(
b1100110 9
02
#2620
b0 Z
b111 V
b10 Y
b101010 [
b101010 W
b11000 J
b1111101110 \
b11101110 X
b1010 U
b1110 7
b1000 .
b1000 K
b10111001100011 0
b10111001100011 L
b1110011110011010 1
b1110011110011010 M
b100000110 6
0)
#2625
b11000 $
b11000 I
b11000 R
1)
b1011101 E
b111110 @
b100 >
b100000110 4
b1101001 3
1(
b1 ?
b1100111 9
b1110 +
#2630
b1 Z
b111 \
b111 X
b1 U
b1111111111 J
b1111111000 [
b11111000 W
b1000 V
b11000 7
b1001 .
b1001 K
b1100000010111 0
b1100000010111 L
b1100000010000 1
b1100000010000 M
b100000111 6
0)
#2635
b1111111111 $
b1111111111 I
b1111111111 R
1)
b1011110 E
b110011 A
b100 >
b100000111 4
b1101010 3
1(
b1101000 9
b11000 +
#2640
0!
b0 Z
b11 Y
b0 \
b0 X
b1001 U
b1110 J
b1110 [
b1110 W
b1001 V
b11111111111111111111111111111111 7
b0 :
b1010 .
b1010 K
b10101011100000 0
b10101011100000 L
b1001101001101001 1
b1001101001101001 M
0*
b100001000 6
0)
#2645
1)
b1111011 F
b1111111111 +
12
#2650
b100001001 6
0)
#2655
1)
b1111100 F
#2660
b100001010 6
0)
#2665
1)
b1111101 F
#2670
b100001011 6
0)
#2675
1)
b1111110 F
#2680
b100001100 6
0)
#2685
1)
b1111111 F
#2690
b100001101 6
0)
#2695
1)
b10000000 F
#2700
b100001110 6
0)
#2705
1)
b10000001 F
#2710
b100001111 6
0)
#2715
1)
b10000010 F
#2720
b100010000 6
0)
#2725
1)
b10000011 F
#2730
b100010001 6
0)
#2735
1)
b10000100 F
#2740
b100010010 6
0)
#2745
1)
b10000101 F
#2750
b100010011 6
0)
#2755
1)
b10000110 F
#2760
b100010100 6
0)
#2765
1)
b10000111 F
#2770
b100010101 6
0)
#2775
1)
b10001000 F
#2780
b100010110 6
0)
#2785
1)
b10001001 F
#2790
b100010111 6
0)
#2795
1)
b10001010 F
#2800
b100011000 6
0)
#2805
1)
b10001011 F
#2810
b100011001 6
0)
#2815
1)
b10001100 F
#2820
1!
b1 :
1*
b100011010 6
0)
#2825
b1110 $
b1110 I
b1110 R
1)
b1011111 E
b100 >
b100011010 4
b1101011 3
1(
b10011 ?
b110100 B
b1101001 9
02
#2830
b1 Z
b1111110010 J
b1111110010 [
b11110010 W
b0 U
b1110 7
b1011 .
b1011 K
b1000000100000 0
b1000000100000 L
b1001001000000011 1
b1001001000000011 M
b100011011 6
0)
#2835
b1111110010 $
b1111110010 I
b1111110010 R
1)
b1100000 E
b100 >
b100011011 4
b1101100 3
1(
b1 ?
b1101010 9
b1110 +
#2840
b0 Z
b10 Y
b1111001000 \
b11001000 X
b1000 U
b1000 J
b1000000 [
b1000000 W
b1000 V
b11111111111111111111111111110010 7
b1100 .
b1100 K
b1000110000111 0
b1000110000111 L
b1000100011111000 1
b1000100011111000 M
b100011100 6
0)
#2845
b1000 $
b1000 I
b1000 R
1)
b1100001 E
b110110 A
b100 >
b100011100 4
b1101101 3
1(
b110101 B
b1101011 9
b1111110010 +
#2850
b1 Z
b0 \
b0 X
b0 U
b100011 J
b100011 [
b100011 W
b101 V
b1000 7
b1101 .
b1101 K
b1000110101111100 0
b1000110101111100 L
b111010100000100 1
b111010100000100 M
b100011101 6
0)
#2855
b100011 $
b100011 I
b100011 R
1)
b1100010 E
b111111 @
b100 >
b100011101 4
b1101110 3
1(
b1101100 9
b1000 +
#2860
0!
b0 Z
b11 Y
b10 \
b10 X
b1 U
b1110 J
b1100 [
b1100 W
b10 V
b100011 7
b0 :
b1110 .
b1110 K
b1010001101100010 0
b1010001101100010 L
b10111111000001 1
b10111111000001 M
0*
b100011110 6
0)
#2865
1)
b10001101 F
b100011 +
12
#2870
b100011111 6
0)
#2875
1)
b10001110 F
#2880
b100100000 6
0)
#2885
1)
b10001111 F
#2890
1!
b1 :
1*
b100100001 6
0)
#2895
b1110 $
b1110 I
b1110 R
1)
b1100011 E
b100 >
b100100001 4
b1101111 3
1(
b100 ?
b1101101 9
02
#2900
b1 Z
b110001 \
b110001 X
b111 U
b111000 J
b111 [
b111 W
b111 V
b1110 7
b1111 .
b1111 K
b1000100000010111 0
b1000100000010111 L
b111000101111111 1
b111000101111111 M
b100100010 6
0)
#2905
b111000 $
b111000 I
b111000 R
1)
b1100100 E
b1000001 @
b100 >
b100100010 4
b1110000 3
1(
b1 ?
b1101110 9
b1110 +
#2910
b0 Z
b10 Y
b0 \
b0 X
b0 U
b0 J
b0 [
b0 W
b0 V
b111000 7
b0 .
b0 K
b0 0
b0 L
b0 1
b0 M
0/
b100100011 6
0)
#2915
0"
0T
1)
0(
b1101111 9
b111000 +
#2920
b1111011101 \
b11011101 X
b1111101111 J
b10010 [
b10010 W
b111 U
b1101 V
b0 7
b0 <
b1010000010101011 0
b1010000010101011 L
b101110100100111 1
b101110100100111 M
1/
b100100100 6
0)
#2925
1"
b1111101111 $
b1111101111 I
b1111101111 R
1T
1)
b1000010 @
b100 >
b100100100 4
1(
b1110001 3
#2930
0!
b0 \
b0 X
b0 U
b0 J
b0 [
b0 W
b0 V
b11111111111111111111111111101111 7
b1 <
b0 :
b0 0
b0 L
b0 1
b0 M
0*
0/
b100100101 6
0)
#2935
1)
b1111101111 +
12
#2940
1!
b1 Z
b1111100010 \
b11100010 X
b1111010011 J
b1111110001 [
b11110001 W
b1011 U
b101 V
b1 :
b1 .
b1 K
b1100111111010110 0
b1100111111010110 L
b111010110111110 1
b111010110111110 M
1*
1/
b100100110 6
0)
#2945
b1111010011 $
b1111010011 I
b1111010011 R
1)
b1100101 E
b1000011 @
b100 >
b100100110 4
b1110010 3
1(
b10 ?
b110110 B
b1110000 9
02
#2950
b0 Z
b0 \
b0 X
b0 U
b0 J
b0 [
b0 W
b0 V
b11111111111111111111111111010011 7
b0 .
b0 K
b0 0
b0 L
b0 1
b0 M
0/
b100100111 6
0)
#2955
0"
0T
1)
0(
b1 ?
b110111 B
b1110001 9
b1111010011 +
#2960
b11 Y
b1111111111 \
b11111111 X
b1111000111 J
b1111001000 [
b11001000 W
b1 U
b111 V
b0 7
b0 <
b10 .
b10 K
b10001111 0
b10001111 L
b111111100010001 1
b111111100010001 M
1/
b100101000 6
0)
#2965
1"
b1111000111 $
b1111000111 I
b1111000111 R
1T
1)
b1000100 @
b100 >
b100101000 4
1(
b1110011 3
#2970
0!
b1 Z
b0 \
b0 X
b0 U
b0 J
b0 [
b0 W
b0 V
b11111111111111111111111111000111 7
b1 <
b0 :
b11 .
b11 K
b1111011011100000 0
b1111011011100000 L
b1100000000 1
b1100000000 M
0*
b100101001 6
0)
#2975
1)
b10010000 F
b1111000111 +
12
#2980
1!
b1 :
1*
b100101010 6
0)
#2985
b0 $
b0 I
b0 R
1)
b1100110 E
b100 >
b100101010 4
b1110100 3
1(
b10 ?
b111000 B
b1110010 9
02
#2990
0!
b0 Z
b10 Y
b1111111101 \
b11111101 X
b1101 U
b1111111111 J
b10 [
b10 W
b1111 V
b0 7
b0 :
b100 .
b100 K
b1010001011100001 0
b1010001011100001 L
b1100111111111101 1
b1100111111111101 M
0*
b100101011 6
0)
#2995
1)
b10010001 F
b0 +
12
#3000
1!
b1 :
1*
b100101100 6
0)
#3005
b1111111111 $
b1111111111 I
b1111111111 R
1)
b1100111 E
b100 >
b100101100 4
b1110101 3
1(
b1110011 9
02
#3010
b0 \
b0 X
b0 U
b0 J
b0 [
b0 W
b0 V
b11111111111111111111111111111111 7
b0 .
b0 K
b0 0
b0 L
b0 1
b0 M
0/
b100101101 6
0)
#3015
0"
0T
1)
0(
b1 ?
b111001 B
b1110100 9
b1111111111 +
#3020
b0 7
b0 <
b100101110 6
0)
#3025
1)
#3030
b100101111 6
0)
#3035
1)
#3040
b1 Z
b0 \
b0 X
b110001 J
b110001 [
b110001 W
b0 U
b111 V
b101 .
b101 K
b1100001111111 0
b1100001111111 L
b1111011100000001 1
b1111011100000001 M
1/
b100110000 6
0)
#3045
1"
b110001 $
b110001 I
b110001 R
1T
1)
b1000101 @
b100 >
b100110000 4
1(
b1110110 3
#3050
b0 Z
b0 J
b0 [
b0 W
b0 V
b110001 7
b1 <
b0 .
b0 K
b0 0
b0 L
b0 1
b0 M
0/
b100110001 6
0)
#3055
0"
0T
1)
0(
b1110101 9
b110001 +
#3060
b11 Y
b111 \
b111 X
b110001 J
b101010 [
b101010 W
b1001 U
b111 V
b0 7
b0 <
b110 .
b110 K
b1001001101101111 0
b1001001101101111 L
b111100010111001 1
b111100010111001 M
1/
b100110010 6
0)
#3065
1"
1T
1)
b1000110 @
b110111 A
b100 >
b100110010 4
1(
b1110111 3
#3070
b1 Z
b10 \
b10 X
b1111 U
b10000 J
b1110 [
b1110 W
b1001 V
b110001 7
b1 <
b111 .
b111 K
b11101011101110 0
b11101011101110 L
b1001101111110001 1
b1001101111110001 M
b100110011 6
0)
#3075
b10000 $
b10000 I
b10000 R
1)
b1101000 E
b100 >
b100110011 4
b1111000 3
1(
b1110110 9
#3080
b0 Z
b10 Y
b0 \
b0 X
b1111 U
b1111111000 J
b1111111000 [
b11111000 W
b1 V
b10000 7
b1000 .
b1000 K
b1111100010000000 0
b1111100010000000 L
b1111000101111111 1
b1111000101111111 M
b100110100 6
0)
#3085
b1111111000 $
b1111111000 I
b1111111000 R
1)
b1101001 E
b1000111 @
b100 >
b100110100 4
b1111001 3
1(
b1110111 9
b10000 +
#3090
b1 Z
b1111111100 \
b11111100 X
b1110 U
b11000 J
b11100 [
b11100 W
b1001 V
b11111111111111111111111111111000 7
b1001 .
b1001 K
b1110100111000010 0
b1110100111000010 L
b11100111100011 1
b11100111100011 M
b100110101 6
0)
#3095
b11000 $
b11000 I
b11000 R
1)
b1101010 E
b100 >
b100110101 4
b1111010 3
1(
b111010 B
b1111000 9
b1111111000 +
#3100
0!
b0 Z
b11 Y
b0 \
b0 X
b0 U
b1111011000 J
b1111011000 [
b11011000 W
b1000 V
b11000 7
b0 :
b1010 .
b1010 K
b1101001101010010 0
b1101001101010010 L
b1000111010010000 1
b1000111010010000 M
0*
b100110110 6
0)
#3105
1)
b10010010 F
b11000 +
12
#3110
1!
b1 :
1*
b100110111 6
0)
#3115
b1111011000 $
b1111011000 I
b1111011000 R
1)
b1101011 E
b111000 A
b100 >
b100110111 4
b1111011 3
1(
b10 ?
b1111001 9
02
#3120
b1 Z
b0 \
b0 X
b0 U
b111 J
b111 [
b111 W
b111 V
b11111111111111111111111111011000 7
b1011 .
b1011 K
b1111100011000 0
b1111100011000 L
b111100000001111 1
b111100000001111 M
b100111000 6
0)
#3125
b111 $
b111 I
b111 R
1)
b1101100 E
b1001000 @
b111001 A
b100 >
b100111000 4
b1111100 3
1(
b1 ?
b111011 B
b1111010 9
b1111011000 +
#3130
b0 Z
b10 Y
b11000 \
b11000 X
b1010 U
b110110 J
b11110 [
b11110 W
b1011 V
b111 7
b1100 .
b1100 K
b100110110101100 0
b100110110101100 L
b100101101011010 1
b100101101011010 M
b100111001 6
0)
#3135
b110110 $
b110110 I
b110110 R
1)
b1101101 E
b100 >
b100111001 4
b1111101 3
1(
b1111011 9
b111 +
#3140
b1 Z
b11001 \
b11001 X
b101 U
b10010 J
b1111111001 [
b11111001 W
b1 V
b110110 7
b1101 .
b1101 K
b11000110010101 0
b11000110010101 L
b1000101010000 1
b1000101010000 M
b100111010 6
0)
#3145
b10010 $
b10010 I
b10010 R
1)
b1101110 E
b100 >
b100111010 4
b1111110 3
1(
b1111100 9
b110110 +
#3150
b0 Z
b11 Y
b111 \
b111 X
b1 U
b111 J
b0 [
b0 W
b0 V
b10010 7
b1110 .
b1110 K
b111000100010111 0
b111000100010111 L
b100000010001 1
b100000010001 M
b100111011 6
0)
#3155
b111 $
b111 I
b111 R
1)
b1101111 E
b111010 A
b100 >
b100111011 4
b1111111 3
1(
b1111101 9
b10010 +
#3160
b1 Z
b1111100111 \
b11100111 X
b101 U
b1111001001 J
b1111100010 [
b11100010 W
b101 V
b111 7
b1111 .
b1111 K
b11010010101011 0
b11010010101011 L
b101110101011000 1
b101110101011000 M
b100111100 6
0)
#3165
b1111001001 $
b1111001001 I
b1111001001 R
1)
b1110000 E
b111011 A
b100 >
b100111100 4
b10000000 3
1(
b1111110 9
b111 +
#3170
b0 Z
b10 Y
b0 \
b0 X
b0 U
b0 J
b0 [
b0 W
b0 V
b11111111111111111111111111001001 7
b0 .
b0 K
b0 0
b0 L
b0 1
b0 M
0/
b100111101 6
0)
#3175
0"
0T
1)
0(
b111100 B
b1111111 9
b1111001001 +
#3180
b0 7
b0 <
0*
b100111110 6
0)
#3185
1)
#3190
b1111010110 \
b11010110 X
b1111100110 J
b10000 [
b10000 W
b110 U
b1100 V
b1010010011001001 0
b1010010011001001 L
b1000110011010110 1
b1000110011010110 M
1/
b100111111 6
0)
#3195
0!
1"
b1111100110 $
b1111100110 I
b1111100110 R
1T
1)
b111100 A
b100 >
b100111111 4
1(
b10000001 3
#3200
b1 Z
b1111111001 \
b11111001 X
b1111 U
b1111111001 J
b0 [
b0 W
b0 V
b11111111111111111111111111100110 7
b1 <
b0 :
b1 .
b1 K
b1110111 0
b1110111 L
b1111000011111111 1
b1111000011111111 M
b101000000 6
0)
#3205
1)
b10010011 F
b1111100110 +
12
#3210
b101000001 6
0)
#3215
1)
b10010100 F
#3220
b101000010 6
0)
#3225
1)
b10010101 F
#3230
b101000011 6
0)
#3235
1)
b10010110 F
#3240
b101000100 6
0)
#3245
1)
b10010111 F
#3250
b101000101 6
0)
#3255
1)
b10011000 F
#3260
b101000110 6
0)
#3265
1)
b10011001 F
#3270
b101000111 6
0)
#3275
1)
b10011010 F
#3280
b101001000 6
0)
#3285
1)
b10011011 F
#3290
b101001001 6
0)
#3295
1)
b10011100 F
#3300
b101001010 6
0)
#3305
1)
b10011101 F
#3310
b101001011 6
0)
#3315
1)
b10011110 F
#3320
b101001100 6
0)
#3325
1)
b10011111 F
#3330
b101001101 6
0)
#3335
1)
b10100000 F
#3340
b101001110 6
0)
#3345
1)
b10100001 F
#3350
b101001111 6
0)
#3355
1)
b10100010 F
#3360
1!
b1 :
1*
b101010000 6
0)
#3365
b1111111001 $
b1111111001 I
b1111111001 R
1)
b1110001 E
b100 >
b101010000 4
b10000010 3
1(
b10001 ?
b111101 B
b10000000 9
02
#3370
0!
b0 Z
b11 Y
b1111110100 \
b11110100 X
b1101 U
b1111010001 J
b1111011101 [
b11011101 W
b1011 V
b11111111111111111111111111111001 7
b0 :
b10 .
b10 K
b1111001110100 0
b1111001110100 L
b1011101011011101 1
b1011101011011101 M
0*
b101010001 6
0)
#3375
1)
b10100011 F
b1111111001 +
12
#3380
b101010010 6
0)
#3385
1)
b10100100 F
#3390
1!
b1 :
1*
b101010011 6
0)
#3395
b1111010001 $
b1111010001 I
b1111010001 R
1)
b1110010 E
b100 >
b101010011 4
b10000011 3
1(
b11 ?
b111110 B
b10000001 9
02
#3400
0!
b10 Y
b0 \
b0 X
b0 U
b0 J
b0 [
b0 W
b0 V
b11111111111111111111111111010001 7
b0 :
b0 .
b0 K
b0 0
b0 L
b0 1
b0 M
0*
0/
b101010100 6
0)
#3405
1)
b1111010001 +
12
#3410
1!
b1 Z
b11 Y
b110001 \
b110001 X
b111001 J
b1000 [
b1000 W
b1001 U
b10 V
b1 :
b11 .
b11 K
b1101101001001001 0
b1101101001001001 L
b10011110011100 1
b10011110011100 M
1*
1/
b101010101 6
0)
#3415
b111001 $
b111001 I
b111001 R
1)
b1110011 E
b1001001 @
b100 >
b101010101 4
b10000100 3
1(
b10 ?
b111111 B
b10000010 9
02
#3420
b0 Z
b10 Y
b110001 \
b110001 X
b111 U
b110010 J
b1 [
b1 W
b1 V
b111001 7
b100 .
b100 K
b1111011100010111 0
b1111011100010111 L
b1111000111110111 1
b1111000111110111 M
b101010110 6
0)
#3425
b110010 $
b110010 I
b110010 R
1)
b1110100 E
b1001010 @
b100 >
b101010110 4
b10000101 3
1(
b1 ?
b10000011 9
b111001 +
#3430
b1 Z
b1111100100 \
b11100100 X
b1001 U
b1111110000 J
b1100 [
b1100 W
b100 V
b110010 7
b101 .
b101 K
b1100101100110100 0
b1100101100110100 L
b1101010010011110 1
b1101010010011110 M
b101010111 6
0)
#3435
b1111110000 $
b1111110000 I
b1111110000 R
1)
b1110101 E
b100 >
b101010111 4
b10000110 3
1(
b10000100 9
b110010 +
#3440
b0 Z
b11 Y
b1111111110 \
b11111110 X
b1111 U
b100001 J
b100011 [
b100011 W
b1001 V
b11111111111111111111111111110000 7
b110 .
b110 K
b110010010110010 0
b110010010110010 L
b1001100111101111 1
b1001100111101111 M
b101011000 6
0)
#3445
b100001 $
b100001 I
b100001 R
1)
b1110110 E
b100 >
b101011000 4
b10000111 3
1(
b1000000 B
b10000101 9
b1111110000 +
#3450
b0 U
b1 Z
b0 \
b0 X
b0 J
b0 [
b0 W
b0 V
b100001 7
b111 .
b111 K
b1000101111111 0
b1000101111111 L
b100001111 1
b100001111 M
b101011001 6
0)
#3455
b0 $
b0 I
b0 R
1)
b1110111 E
b100 >
b101011001 4
b10001000 3
1(
b10000110 9
b100001 +
#3460
0!
b0 Z
b10 Y
b0 7
b0 :
b0 .
b0 K
b0 0
b0 L
b0 1
b0 M
0*
0/
b101011010 6
0)
#3465
1)
b0 +
12
#3470
1!
b1111101000 \
b11101000 X
b1110111000 J
b1111010000 [
b11010000 W
b11 U
b110 V
b1 :
b1000 .
b1000 K
b110011110001000 0
b110011110001000 L
b1101011001100011 1
b1101011001100011 M
1*
1/
b101011011 6
0)
#3475
b1110111000 $
b1110111000 I
b1110111000 R
1)
b1111000 E
b100 >
b101011011 4
b10001001 3
1(
b10 ?
b10000111 9
02
#3480
b1 Z
b11000 [
b11000 W
b1000010 J
b101010 \
b101010 X
b110 U
b11111111111111111111111110111000 7
b1001 .
b1001 K
b1010101101000111 0
b1010101101000111 L
b1101011001101111 1
b1101011001101111 M
b101011100 6
0)
#3485
b1000010 $
b1000010 I
b1000010 R
1)
b1111001 E
b100 >
b101011100 4
b10001010 3
1(
b1 ?
b1000001 B
b10001000 9
b1110111000 +
#3490
b0 Z
b11 Y
b1111001000 \
b11001000 X
b111 U
b1111001000 J
b0 [
b0 W
b0 V
b1000010 7
b1010 .
b1010 K
b1111111100011000 0
b1111111100011000 L
b100000111 1
b100000111 M
b101011101 6
0)
#3495
b1111001000 $
b1111001000 I
b1111001000 R
1)
b1111010 E
b1001011 @
b100 >
b101011101 4
b10001011 3
1(
b10001001 9
b1000010 +
#3500
b1 Z
b1111110010 \
b11110010 X
b1001 U
b10110 J
b100100 [
b100100 W
b1010 V
b11111111111111111111111111001000 7
b1011 .
b1011 K
b100100110100010 0
b100100110100010 L
b1010110010011001 1
b1010110010011001 M
b101011110 6
0)
#3505
b10110 $
b10110 I
b10110 R
1)
b1111011 E
b100 >
b101011110 4
b10001100 3
1(
b1000010 B
b10001010 9
b1111001000 +
#3510
0!
b0 Z
b10 Y
b0 \
b0 X
b0 U
b0 J
b0 [
b0 W
b0 V
b10110 7
b0 :
b0 .
b0 K
b0 0
b0 L
b0 1
b0 M
0*
0/
b101011111 6
0)
#3515
1)
b10110 +
12
#3520
1!
b1000 \
b1000 X
b100000 J
b11000 [
b11000 W
b1100 U
b1010 V
b1 :
b1100 .
b1100 K
b1011111001110 0
b1011111001110 L
b1011101010001100 1
b1011101010001100 M
1*
1/
b101100000 6
0)
#3525
b100000 $
b100000 I
b100000 R
1)
b1111100 E
b111101 A
b100 >
b101100000 4
b10001101 3
1(
b10 ?
b10001011 9
02
#3530
b0 \
b0 X
b0 U
b0 J
b0 [
b0 W
b0 V
b100000 7
b0 .
b0 K
b0 0
b0 L
b0 1
b0 M
0/
b101100001 6
0)
#3535
0"
0T
1)
0(
b1 ?
b10001100 9
b100000 +
#3540
b1 Z
b1111111001 J
b1111111001 \
b11111001 X
b111 U
b1000 V
b0 7
b0 <
b1101 .
b1101 K
b11100001111 0
b11100001111 L
b100001110111 1
b100001110111 M
1/
b101100010 6
0)
#3545
1"
b1111111001 $
b1111111001 I
b1111111001 R
1T
1)
b111110 A
b1001101 @
b100 >
b101100010 4
1(
b10001110 3
#3550
b0 Z
b11 Y
b0 [
b0 W
b0 J
b0 \
b0 X
b0 U
b0 V
b11111111111111111111111111111001 7
b1 <
b1110 .
b1110 K
b1111000011100111 0
b1111000011100111 L
b110001100000 1
b110001100000 M
b101100011 6
0)
#3555
b0 $
b0 I
b0 R
1)
b1111101 E
b100 >
b101100011 4
b10001111 3
1(
b1000011 B
b10001101 9
b1111111001 +
#3560
b1 Z
b1111110111 \
b11110111 X
b11 U
b1111101111 J
b1111111000 [
b11111000 W
b1110 V
b0 7
b1111 .
b1111 K
b110101001101 0
b110101001101 L
b1110100100110010 1
b1110100100110010 M
b101100100 6
0)
#3565
b1111101111 $
b1111101111 I
b1111101111 R
1)
b1111110 E
b100 >
b101100100 4
b10010000 3
1(
b10001110 9
b0 +
#3570
b0 Z
b10 Y
b0 \
b0 X
b0 U
b1111111001 J
b1111111001 [
b11111001 W
b111 V
b11111111111111111111111111101111 7
b0 .
b0 K
b100011111000 0
b100011111000 L
b11100010000 1
b11100010000 M
b101100101 6
0)
#3575
b1111111001 $
b1111111001 I
b1111111001 R
1)
b1111111 E
b1001110 @
b100 >
b101100101 4
b10010001 3
1(
b1000100 B
b10001111 9
b1111101111 +
#3580
b1 Z
b1111110001 \
b11110001 X
b1011 U
b1111110001 J
b0 [
b0 W
b0 V
b11111111111111111111111111111001 7
b1 .
b1 K
b11010000000011 0
b11010000000011 L
b100000010110110 1
b100000010110110 M
b101100110 6
0)
#3585
b1111110001 $
b1111110001 I
b1111110001 R
1)
b10000000 E
b100 >
b101100110 4
b10010010 3
1(
b1000101 B
b10010000 9
b1111111001 +
#3590
b0 Z
b11 Y
b110 [
b110 W
b1111101110 J
b1111101000 \
b11101000 X
b1100 U
b1010 V
b11111111111111111111111111110001 7
b10 .
b10 K
b1001110111110110 0
b1001110111110110 L
b1010001000111100 1
b1010001000111100 M
b101100111 6
0)
#3595
b1111101110 $
b1111101110 I
b1111101110 R
1)
b10000001 E
b100 >
b101100111 4
b10010011 3
1(
b1000110 B
b10010001 9
b1111110001 +
#3600
b1 Z
b1 \
b1 X
b1111 U
b1 J
b0 [
b0 W
b0 V
b11111111111111111111111111101110 7
b11 .
b11 K
b1000100000001111 0
b1000100000001111 L
b11110000 1
b11110000 M
b101101000 6
0)
#3605
b1 $
b1 I
b1 R
1)
b10000010 E
b100 >
b101101000 4
b10010100 3
1(
b1000111 B
b10010010 9
b1111101110 +
#3610
b0 Z
b10 Y
b11 [
b11 W
b1111111110 J
b1111111011 \
b11111011 X
b1111 U
b1 V
b1 7
b100 .
b100 K
b1100100100110101 0
b1100100100110101 L
b101000111001111 1
b101000111001111 M
b101101001 6
0)
#3615
b1111111110 $
b1111111110 I
b1111111110 R
1)
b10000011 E
b100 >
b101101001 4
b10010101 3
1(
b10010011 9
b1 +
#3620
0!
b1 Z
b111 \
b111 X
b1111 U
b111111 J
b111000 [
b111000 W
b1001 V
b11111111111111111111111111111110 7
b0 :
b101 .
b101 K
b1001110001001 0
b1001110001001 L
b1000100111110111 1
b1000100111110111 M
0*
b101101010 6
0)
#3625
1)
b10100101 F
b1111111110 +
12
#3630
b101101011 6
0)
#3635
1)
b10100110 F
#3640
b101101100 6
0)
#3645
1)
b10100111 F
#3650
b101101101 6
0)
#3655
1)
b10101000 F
#3660
1!
b1 :
1*
b101101110 6
0)
#3665
b111111 $
b111111 I
b111111 R
1)
b10000100 E
b111111 A
b1001111 @
b100 >
b101101110 4
b10010110 3
1(
b101 ?
b1001000 B
b10010100 9
02
#3670
0!
b1000 U
b0 Z
b11 Y
b1111001000 \
b11001000 X
b1111000111 J
b1111111111 [
b11111111 W
b1111 V
b111111 7
b0 :
b110 .
b110 K
b111100010111 0
b111100010111 L
b1111000011111000 1
b1111000011111000 M
0*
b101101111 6
0)
#3675
1)
b10101001 F
b111111 +
12
#3680
1!
b1 :
1*
b101110000 6
0)
#3685
b1111000111 $
b1111000111 I
b1111000111 R
1)
b10000101 E
b1000000 A
b100 >
b101110000 4
b10010111 3
1(
b10 ?
b10010101 9
02
#3690
b1 Z
b110 \
b110 X
b1110 U
b1111101010 J
b1111100100 [
b11100100 W
b111 V
b11111111111111111111111111000111 7
b111 .
b111 K
b1111100011001101 0
b1111100011001101 L
b111001111101100 1
b111001111101100 M
b101110001 6
0)
#3695
b1111101010 $
b1111101010 I
b1111101010 R
1)
b10000110 E
b1010000 @
b100 >
b101110001 4
b10011000 3
1(
b1 ?
b1001001 B
b10010110 9
b1111000111 +
#3700
0!
b0 Z
b10 Y
b10000 \
b10000 X
b1100 U
b10000 J
b0 [
b0 W
b1011 V
b11111111111111111111111111101010 7
b0 :
b1000 .
b1000 K
b10000001100 0
b10000001100 L
b1010101101101100 1
b1010101101101100 M
0*
b101110010 6
0)
#3705
1)
b10101010 F
b1111101010 +
12
#3710
b101110011 6
0)
#3715
1)
b10101011 F
#3720
b101110100 6
0)
#3725
1)
b10101100 F
#3730
b101110101 6
0)
#3735
1)
b10101101 F
#3740
b101110110 6
0)
#3745
1)
b10101110 F
#3750
b101110111 6
0)
#3755
1)
b10101111 F
#3760
b101111000 6
0)
#3765
1)
b10110000 F
#3770
b101111001 6
0)
#3775
1)
b10110001 F
#3780
b101111010 6
0)
#3785
1)
b10110010 F
#3790
b101111011 6
0)
#3795
1)
b10110011 F
#3800
b101111100 6
0)
#3805
1)
b10110100 F
#3810
b101111101 6
0)
#3815
1)
b10110101 F
#3820
b101111110 6
0)
#3825
1)
b10110110 F
#3830
b101111111 6
0)
#3835
1)
b10110111 F
#3840
b110000000 6
0)
#3845
1)
b10111000 F
#3850
b110000001 6
0)
#3855
1)
b10111001 F
#3860
b110000010 6
0)
#3865
1)
b10111010 F
#3870
b110000011 6
0)
#3875
1)
b10111011 F
#3880
b110000100 6
0)
#3885
1)
b10111100 F
#3890
1!
b1 :
1*
b110000101 6
0)
#3895
b10000 $
b10000 I
b10000 R
1)
b10000111 E
b100 >
b110000101 4
b10011001 3
1(
b10100 ?
b1001010 B
b10010111 9
02
#3900
0!
b1 Z
b1 [
b1 W
b1001 J
b1000 \
b1000 X
b1000 U
b1111 V
b10000 7
b0 :
b1001 .
b1001 K
b1111000111111111 0
b1111000111111111 L
b111110001000 1
b111110001000 M
0*
b110000110 6
0)
#3905
1)
b10111101 F
b10000 +
12
#3910
1!
b1 :
1*
b110000111 6
0)
#3915
b1001 $
b1001 I
b1001 R
1)
b10001000 E
b1000010 A
b100 >
b110000111 4
b10011010 3
1(
b10 ?
b10011000 9
02
#3920
b0 Z
b11 Y
b1111001111 \
b11001111 X
b111 U
b111 J
b111000 [
b111000 W
b1000 V
b1001 7
b1010 .
b1010 K
b100100010011001 0
b100100010011001 L
b1000110111110111 1
b1000110111110111 M
b110001000 6
0)
#3925
b111 $
b111 I
b111 R
1)
b10001001 E
b1000011 A
b1010001 @
b100 >
b110001000 4
b10011011 3
1(
b1 ?
b10011001 9
b1001 +
#3930
0!
b10 Y
b0 \
b0 X
b0 U
b0 J
b0 [
b0 W
b0 V
b111 7
b0 :
b0 .
b0 K
b0 0
b0 L
b0 1
b0 M
0*
0/
b110001001 6
0)
#3935
1)
b111 +
12
#3940
1!
b1 :
1*
b110001010 6
0)
#3945
0"
0T
1)
0(
b10 ?
b10011010 9
02
#3950
b0 7
b0 <
0*
b110001011 6
0)
#3955
1)
#3960
b1 Z
b11 Y
b101 \
b101 X
b111101 J
b111000 [
b111000 W
b1111 U
b1001 V
b1011 .
b1011 K
b1100111010001011 0
b1100111010001011 L
b1001110111111101 1
b1001110111111101 M
1*
1/
b110001100 6
0)
#3965
1"
b111101 $
b111101 I
b111101 R
1T
1)
b100 >
b110001100 4
1(
b10011100 3
#3970
b0 Z
b10 Y
b1111111111 \
b11111111 X
b1 U
b1111111110 J
b1111111111 [
b11111111 W
b1111 V
b111101 7
b1 <
b1100 .
b1100 K
b111111100011111 0
b111111100011111 L
b1111111101110001 1
b1111111101110001 M
b110001101 6
0)
#3975
b1111111110 $
b1111111110 I
b1111111110 R
1)
b10001010 E
b1010010 @
b100 >
b110001101 4
b10011101 3
1(
b1 ?
b10011011 9
b111101 +
#3980
b1010 U
b1 Z
b1111010110 \
b11010110 X
b1111001110 J
b1111111000 [
b11111000 W
b1 V
b11111111111111111111111111111110 7
b1101 .
b1101 K
b101010010000111 0
b101010010000111 L
b1001000110100001 1
b1001000110100001 M
b110001110 6
0)
#3985
b1111001110 $
b1111001110 I
b1111001110 R
1)
b10001011 E
b100 >
b110001110 4
b10011110 3
1(
b1001011 B
b10011100 9
b1111111110 +
#3990
b0 Z
b0 \
b0 X
b0 U
b0 J
b0 [
b0 W
b0 V
b11111111111111111111111111001110 7
b0 .
b0 K
b0 0
b0 L
b0 1
b0 M
0/
b110001111 6
0)
#3995
0"
0T
1)
0(
b1001100 B
b10011101 9
b1111001110 +
#4000
b11 Y
b1111111010 \
b11111010 X
b1001 J
b1111 [
b1111 W
b110 U
b1101 V
b0 7
b0 <
b1110 .
b1110 K
b1111000010111111 0
b1111000010111111 L
b1101011010100110 1
b1101011010100110 M
1/
b110010000 6
0)
#4005
1"
b1001 $
b1001 I
b1001 R
1T
1)
b100 >
b110010000 4
1(
b10011111 3
#4010
b1 Z
b1000000 \
b1000000 X
b1000 U
b1000000 J
b0 [
b0 W
b0 V
b1001 7
b1 <
b1111 .
b1111 K
b1111100001000 0
b1111100001000 L
b10001000 1
b10001000 M
b110010001 6
0)
#4015
b1000000 $
b1000000 I
b1000000 R
1)
b10001100 E
b1000101 A
b100 >
b110010001 4
b10100000 3
1(
b10011110 9
b1001 +
#4020
0!
b0 Z
b10 Y
b110 [
b110 W
b110 J
b0 \
b0 X
b0 U
b1110 V
b1000000 7
b0 :
b0 .
b0 K
b1111000011011000 0
b1111000011011000 L
b1010111000010000 1
b1010111000010000 M
0*
b110010010 6
0)
#4025
1)
b10111110 F
b1000000 +
12
#4030
b110010011 6
0)
#4035
1)
b10111111 F
#4040
1!
b1 :
1*
b110010100 6
0)
#4045
b110 $
b110 I
b110 R
1)
b10001101 E
b100 >
b110010100 4
b10100001 3
1(
b11 ?
b10011111 9
02
#4050
0!
b1 Z
b1111110100 \
b11110100 X
b1101 U
b1111111000 J
b100 [
b100 W
b10 V
b110 7
b0 :
b1 .
b1 K
b100111100100100 0
b100111100100100 L
b1110001011011110 1
b1110001011011110 M
0*
b110010101 6
0)
#4055
1)
b11000000 F
b110 +
12
#4060
1!
b1 :
1*
b110010110 6
0)
#4065
b1111111000 $
b1111111000 I
b1111111000 R
1)
b10001110 E
b100 >
b110010110 4
b10100010 3
1(
b10 ?
b10100000 9
02
#4070
b0 Z
b11 Y
b1000 \
b1000 X
b1111 U
b10000 J
b1000 [
b1000 W
b1111 V
b11111111111111111111111111111000 7
b10 .
b10 K
b111000110001000 0
b111000110001000 L
b1111000100011111 1
b1111000100011111 M
b110010111 6
0)
#4075
b10000 $
b10000 I
b10000 R
1)
b10001111 E
b100 >
b110010111 4
b10100011 3
1(
b1 ?
b1001101 B
b10100001 9
b1111111000 +
#4080
b1 Z
b110 \
b110 X
b1110 U
b11110 J
b11000 [
b11000 W
b1010 V
b10000 7
b11 .
b11 K
b1000100111001101 0
b1000100111001101 L
b1010010011100001 1
b1010010011100001 M
b110011000 6
0)
#4085
b11110 $
b11110 I
b11110 R
1)
b10010000 E
b100 >
b110011000 4
b10100100 3
1(
b10100010 9
b10000 +
#4090
b0 Z
b10 Y
b10100 \
b10100 X
b1011 U
b101100 J
b11000 [
b11000 W
b1101 V
b11110 7
b100 .
b100 K
b1001100010001100 0
b1001100010001100 L
b11110110111011 1
b11110110111011 M
b110011001 6
0)
#4095
b101100 $
b101100 I
b101100 R
1)
b10010001 E
b100 >
b110011001 4
b10100101 3
1(
b10100011 9
b11110 +
#4100
0!
b1 Z
b1000000 \
b1000000 X
b1000 U
b1001000 J
b1000 [
b1000 W
b1000 V
b101100 7
b0 :
b101 .
b101 K
b111000011111000 0
b111000011111000 L
b1000100010000111 1
b1000100010000111 M
0*
b110011010 6
0)
#4105
1)
b11000001 F
b101100 +
12
#4110
1!
b1 :
1*
b110011011 6
0)
#4115
b1001000 $
b1001000 I
b1001000 R
1)
b10010010 E
b1001000 A
b1010011 @
b100 >
b110011011 4
b10100110 3
1(
b10 ?
b10100100 9
02
#4120
b0 Z
b11 Y
b1100 \
b1100 X
b1010 U
b1110 J
b10 [
b10 W
b1111 V
b1001000 7
b110 .
b110 K
b1001101111101110 0
b1001101111101110 L
b1111101101001010 1
b1111101101001010 M
b110011100 6
0)
#4125
b1110 $
b1110 I
b1110 R
1)
b10010011 E
b100 >
b110011100 4
b10100111 3
1(
b1 ?
b10100101 9
b1001000 +
#4130
0!
b1 Z
b11110 \
b11110 X
b1010 U
b10 J
b1111100100 [
b11100100 W
b111 V
b1110 7
b0 :
b111 .
b111 K
b1110101111001011 0
b1110101111001011 L
b111000110101001 1
b111000110101001 M
0*
b110011101 6
0)
#4135
1)
b11000010 F
b1110 +
12
#4140
1!
b1 :
1*
b110011110 6
0)
#4145
b10 $
b10 I
b10 R
1)
b10010100 E
b1010100 @
b100 >
b110011110 4
b10101000 3
1(
b10 ?
b10100110 9
02
#4150
b0 Z
b10 Y
b0 \
b0 X
b0 U
b0 J
b0 [
b0 W
b0 V
b10 7
b1000 .
b1000 K
b10000000 0
b10000000 L
b1000000000000 1
b1000000000000 M
b110011111 6
0)
#4155
b0 $
b0 I
b0 R
1)
b10010101 E
b100 >
b110011111 4
b10101001 3
1(
b1 ?
b10100111 9
b10 +
#4160
b1 Z
b1111001111 \
b11001111 X
b1001 U
b1111010010 J
b11 [
b11 W
b11 V
b0 7
b1001 .
b1001 K
b101100000010111 0
b101100000010111 L
b10001110010001 1
b10001110010001 M
b110100000 6
0)
#4165
b1111010010 $
b1111010010 I
b1111010010 R
1)
b10010110 E
b100 >
b110100000 4
b10101010 3
1(
b10101000 9
b0 +
#4170
b0 Z
b11 Y
b1111001000 \
b11001000 X
b1000 U
b1110110011 J
b1111101011 [
b11101011 W
b11 V
b11111111111111111111111111010010 7
b1010 .
b1010 K
b1010111010010111 0
b1010111010010111 L
b11101101011000 1
b11101101011000 M
b110100001 6
0)
#4175
b1110110011 $
b1110110011 I
b1110110011 R
1)
b10010111 E
b1001001 A
b100 >
b110100001 4
b10101011 3
1(
b1001110 B
b10101001 9
b1111010010 +
#4180
b1 Z
b0 \
b0 X
b0 U
b1111111111 J
b1111111111 [
b11111111 W
b1 V
b11111111111111111111111110110011 7
b1011 .
b1011 K
b11111111000 0
b11111111000 L
b1011100001111 1
b1011100001111 M
b110100010 6
0)
#4185
b1111111111 $
b1111111111 I
b1111111111 R
1)
b10011000 E
b1010101 @
b100 >
b110100010 4
b10101100 3
1(
b1001111 B
b10101010 9
b1110110011 +
#4190
b0 Z
b10 Y
b100011 \
b100011 X
b1001 U
b111000 J
b10101 [
b10101 W
b11 V
b11111111111111111111111111111111 7
b1100 .
b1100 K
b111110101111011 0
b111110101111011 L
b111001110001001 1
b111001110001001 M
b110100011 6
0)
#4195
b111000 $
b111000 I
b111000 R
1)
b10011001 E
b1010110 @
b1001010 A
b100 >
b110100011 4
b10101101 3
1(
b1010000 B
b10101011 9
b1111111111 +
#4200
0!
b1 Z
b0 \
b0 X
b0 U
b11 J
b11 [
b11 W
b1101 V
b111000 7
b0 :
b1101 .
b1101 K
b1101011111111110 0
b1101011111111110 L
b1110100000011 1
b1110100000011 M
0*
b110100100 6
0)
#4205
1)
b11000011 F
b111000 +
12
#4210
b110100101 6
0)
#4215
1)
b11000100 F
#4220
1!
b1 :
1*
b110100110 6
0)
#4225
b11 $
b11 I
b11 R
1)
b10011010 E
b100 >
b110100110 4
b10101110 3
1(
b11 ?
b10101100 9
02
#4230
b0 Z
b11 Y
b1000000 \
b1000000 X
b1000 U
b1000000 J
b0 [
b0 W
b1111 V
b11 7
b1110 .
b1110 K
b1000000000001000 0
b1000000000001000 L
b1111000110001000 1
b1111000110001000 M
b110100111 6
0)
#4235
b1000000 $
b1000000 I
b1000000 R
1)
b10011011 E
b1001100 A
b100 >
b110100111 4
b10101111 3
1(
b1 ?
b10101101 9
b11 +
#4240
0!
b1 Z
b1111 [
b1111 W
b1111101111 J
b1111100000 \
b11100000 X
b100 U
b101 V
b1000000 7
b0 :
b1111 .
b1111 K
b1111000111000 0
b1111000111000 L
b101101001000100 1
b101101001000100 M
0*
b110101000 6
0)
#4245
1)
b11000101 F
b1000000 +
12
#4250
b110101001 6
0)
#4255
1)
b11000110 F
#4260
b110101010 6
0)
#4265
1)
b11000111 F
#4270
b110101011 6
0)
#4275
1)
b11001000 F
#4280
b110101100 6
0)
#4285
1)
b11001001 F
#4290
b110101101 6
0)
#4295
1)
b11001010 F
#4300
b110101110 6
0)
#4305
1)
b11001011 F
#4310
b110101111 6
0)
#4315
1)
b11001100 F
#4320
b110110000 6
0)
#4325
1)
b11001101 F
#4330
b110110001 6
0)
#4335
1)
b11001110 F
#4340
b110110010 6
0)
#4345
1)
b11001111 F
#4350
b110110011 6
0)
#4355
1)
b11010000 F
#4360
b110110100 6
0)
#4365
1)
b11010001 F
#4370
b110110101 6
0)
#4375
1)
b11010010 F
#4380
b110110110 6
0)
#4385
1)
b11010011 F
#4390
b110110111 6
0)
#4395
1)
b11010100 F
#4400
b110111000 6
0)
#4405
1)
b11010101 F
#4410
1!
b1 :
1*
b110111001 6
0)
#4415
b1111101111 $
b1111101111 I
b1111101111 R
1)
b10011100 E
b100 >
b110111001 4
b10110000 3
1(
b10010 ?
b10101110 9
02
#4420
b0 Z
b10 Y
b0 \
b0 X
b0 U
b0 J
b0 [
b0 W
b0 V
b11111111111111111111111111101111 7
b0 .
b0 K
b0 0
b0 L
b0 1
b0 M
0/
b110111010 6
0)
#4425
0"
0T
1)
0(
b1 ?
b1010001 B
b10101111 9
b1111101111 +
#4430
b0 7
b0 <
0*
b110111011 6
0)
#4435
1)
#4440
b1111101110 J
b1111101110 [
b11101110 W
b1101 V
b1001110001101111 0
b1001110001101111 L
b100110101010000 1
b100110101010000 M
1*
1/
b110111100 6
0)
#4445
1"
b1111101110 $
b1111101110 I
b1111101110 R
1T
1)
b100 >
b110111100 4
1(
b10110001 3
#4450
0!
b0 J
b0 [
b0 W
b0 V
b11111111111111111111111111101110 7
b1 <
b0 :
b0 0
b0 L
b0 1
b0 M
0*
0/
b110111101 6
0)
#4455
1)
b1111101110 +
12
#4460
1!
b1111111001 J
b1111111001 \
b11111001 X
b1111 U
b1 Z
b1 :
b1 .
b1 K
b111100010111 0
b111100010111 L
b1111000011110000 1
b1111000011110000 M
1*
1/
b110111110 6
0)
#4465
b1111111001 $
b1111111001 I
b1111111001 R
1)
b10011101 E
b100 >
b110111110 4
b10110010 3
1(
b10 ?
b1010010 B
b10110000 9
02
#4470
0!
b0 Z
b11 Y
b11 \
b11 X
b1101 U
b11 J
b0 [
b0 W
b0 V
b11111111111111111111111111111001 7
b0 :
b10 .
b10 K
b110001011001111 0
b110001011001111 L
b11001101101 1
b11001101101 M
0*
b110111111 6
0)
#4475
1)
b11010110 F
b1111111001 +
12
#4480
1!
b1 :
1*
b111000000 6
0)
#4485
b11 $
b11 I
b11 R
1)
b10011110 E
b100 >
b111000000 4
b10110011 3
1(
b1010011 B
b10110001 9
02
#4490
b1 Z
b1000 \
b1000 X
b1110 U
b100 J
b1111111100 [
b11111100 W
b1 V
b11 7
b11 .
b11 K
b10111111001100 0
b10111111001100 L
b1000011101111 1
b1000011101111 M
b111000001 6
0)
#4495
b100 $
b100 I
b100 R
1)
b10011111 E
b100 >
b111000001 4
b10110100 3
1(
b1 ?
b10110010 9
b11 +
#4500
0!
b0 Z
b10 Y
b1111111001 \
b11111001 X
b1111 U
b1111111001 J
b0 [
b0 W
b0 V
b100 7
b0 :
b100 .
b100 K
b11100000111 0
b11100000111 L
b111000011111111 1
b111000011111111 M
0*
b111000010 6
0)
#4505
1)
b11010111 F
b100 +
12
#4510
1!
b1 :
1*
b111000011 6
0)
#4515
b1111111001 $
b1111111001 I
b1111111001 R
1)
b10100000 E
b1010111 @
b100 >
b111000011 4
b10110101 3
1(
b10 ?
b10110011 9
02
#4520
b0 J
b0 \
b0 X
b0 U
b11111111111111111111111111111001 7
b0 .
b0 K
b0 0
b0 L
b0 1
b0 M
0/
b111000100 6
0)
#4525
0"
0T
1)
0(
b1 ?
b1010100 B
b10110100 9
b1111111001 +
#4530
b0 7
b0 <
0*
b111000101 6
0)
#4535
1)
#4540
b1 Z
b1111110100 \
b11110100 X
b1000 J
b10100 [
b10100 W
b1101 U
b1011 V
b101 .
b101 K
b1110011000100 0
b1110011000100 L
b1110101111011011 1
b1110101111011011 M
1/
b111000110 6
0)
#4545
0!
1"
b1000 $
b1000 I
b1000 R
1T
1)
b100 >
b111000110 4
1(
b10110110 3
#4550
1!
b0 Z
b11 Y
b1111111011 \
b11111011 X
b1 U
b101 J
b1010 [
b1010 W
b1110 V
b1000 7
b1 <
b110 .
b110 K
b1110000010111011 0
b1110000010111011 L
b1110000001010001 1
b1110000001010001 M
1*
b111000111 6
0)
#4555
b101 $
b101 I
b101 R
1)
b10100001 E
b100 >
b111000111 4
b10110111 3
1(
b10110101 9
b1000 +
#4560
b1 Z
b1 \
b1 X
b1111111001 J
b1111111000 [
b11111000 W
b1000 V
b101 7
b111 .
b111 K
b1111011100010001 0
b1111011100010001 L
b1000100000010001 1
b1000100000010001 M
b111001000 6
0)
#4565
b1111111001 $
b1111111001 I
b1111111001 R
1)
b10100010 E
b1001110 A
b100 >
b111001000 4
b10111000 3
1(
b10110110 9
b101 +
#4570
b0 Z
b10 Y
b0 \
b0 X
b1 U
b1111100000 J
b1111100000 [
b11100000 W
b1000 V
b11111111111111111111111111111001 7
b1000 .
b1000 K
b1111100001000000 0
b1111100001000000 L
b1100100001100001 1
b1100100001100001 M
b111001001 6
0)
#4575
b1111100000 $
b1111100000 I
b1111100000 R
1)
b10100011 E
b1001111 A
b100 >
b111001001 4
b10111001 3
1(
b1010101 B
b10110111 9
b1111111001 +
#4580
b1 Z
b1111110001 \
b11110001 X
b101 U
b1111110110 J
b101 [
b101 W
b1111 V
b11111111111111111111111111100000 7
b1001 .
b1001 K
b101011010111101 0
b101011010111101 L
b1111111101010101 1
b1111111101010101 M
b111001010 6
0)
#4585
b1111110110 $
b1111110110 I
b1111110110 R
1)
b10100100 E
b100 >
b111001010 4
b10111010 3
1(
b1010110 B
b10111000 9
b1111100000 +
#4590
0!
b0 Z
b11 Y
b0 \
b0 X
b0 U
b1 J
b1 [
b1 W
b1 V
b11111111111111111111111111110110 7
b0 :
b1010 .
b1010 K
b11100010111 0
b11100010111 L
b1100000000000 1
b1100000000000 M
0*
b111001011 6
0)
#4595
1)
b11011000 F
b1111110110 +
12
#4600
1!
b1 :
1*
b111001100 6
0)
#4605
b1 $
b1 I
b1 R
1)
b10100101 E
b1010000 A
b100 >
b111001100 4
b10111011 3
1(
b10 ?
b1010111 B
b10111001 9
02
#4610
0!
b10 Y
b0 J
b0 [
b0 W
b0 V
b1 7
b0 :
b0 .
b0 K
b0 0
b0 L
b0 1
b0 M
0*
0/
b111001101 6
0)
#4615
1)
b1 +
12
#4620
b1 Z
b11 Y
b100011 \
b100011 X
b111011 J
b11000 [
b11000 W
b111 U
b1000 V
b1011 .
b1011 K
b1000001011010101 0
b1000001011010101 L
b1000011001110101 1
b1000011001110101 M
1/
b111001110 6
0)
#4625
1)
b11011001 F
#4630
b111001111 6
0)
#4635
1)
b11011010 F
#4640
b111010000 6
0)
#4645
1)
b11011011 F
#4650
1!
b1 :
1*
b111010001 6
0)
#4655
b111011 $
b111011 I
b111011 R
1)
b10100110 E
b1010001 A
b1011000 @
b100 >
b111010001 4
b10111100 3
1(
b101 ?
b10111010 9
02
#4660
b100 U
b0 Z
b10 Y
b0 \
b0 X
b1010 J
b1010 [
b1010 W
b1011 V
b111011 7
b1100 .
b1100 K
b1110110111100000 0
b1110110111100000 L
b1001101101110100 1
b1001101101110100 M
b111010010 6
0)
#4665
b1010 $
b1010 I
b1010 R
1)
b10100111 E
b1011001 @
b100 >
b111010010 4
b10111101 3
1(
b1 ?
b10111011 9
b111011 +
#4670
b0 U
b0 J
b0 [
b0 W
b0 V
b1010 7
b0 .
b0 K
b0 0
b0 L
b0 1
b0 M
0/
b111010011 6
0)
#4675
0"
0T
1)
0(
b10111100 9
b1010 +
#4680
b1 Z
b0 \
b0 X
b1000 J
b1000 [
b1000 W
b0 U
b1000 V
b0 7
b0 <
b1101 .
b1101 K
b1011111110001 0
b1011111110001 L
b1111100000001111 1
b1111100000001111 M
1/
b111010100 6
0)
#4685
1"
b1000 $
b1000 I
b1000 R
1T
1)
b1010010 A
b100 >
b111010100 4
1(
b10111110 3
#4690
b0 Z
b11 Y
b1111010000 \
b11010000 X
b1000 U
b1111000110 J
b1111110110 [
b11110110 W
b101 V
b1000 7
b1 <
b1110 .
b1110 K
b100110111100110 0
b100110111100110 L
b101001000111000 1
b101001000111000 M
b111010101 6
0)
#4695
b1111000110 $
b1111000110 I
b1111000110 R
1)
b10101000 E
b1010011 A
b100 >
b111010101 4
b10111111 3
1(
b10111101 9
b1000 +
#4700
0!
b1 Z
b0 \
b0 X
b11 U
b0 J
b0 [
b0 W
b0 V
b11111111111111111111111111000110 7
b0 :
b1111 .
b1111 K
b1001010001000000 0
b1001010001000000 L
b100100111011 1
b100100111011 M
0*
b111010110 6
0)
#4705
1)
b11011100 F
b1111000110 +
12
#4710
1!
b1 :
1*
b111010111 6
0)
#4715
b0 $
b0 I
b0 R
1)
b10101001 E
b100 >
b111010111 4
b11000000 3
1(
b10 ?
b1011000 B
b10111110 9
02
#4720
b0 Z
b10 Y
b0 U
b0 7
b0 .
b0 K
b0 0
b0 L
b0 1
b0 M
0/
b111011000 6
0)
#4725
0"
0T
1)
0(
b1 ?
b10111111 9
b0 +
#4730
b1111111111 J
b1111111111 [
b11111111 W
b1000 U
b1 V
b0 <
b1000000011110000 0
b1000000011110000 L
b1000110001000 1
b1000110001000 M
1/
b111011001 6
0)
#4735
1"
b1111111111 $
b1111111111 I
b1111111111 R
1T
1)
b1010101 A
b100 >
b111011001 4
1(
b11000001 3
#4740
b1 Z
b100 \
b100 X
b1 U
b11100 J
b11000 [
b11000 W
b100 V
b11111111111111111111111111111111 7
b1 <
b1 .
b1 K
b1101111001100100 0
b1101111001100100 L
b1111010000011111 1
b1111010000011111 M
b111011010 6
0)
#4745
b11100 $
b11100 I
b11100 R
1)
b10101010 E
b100 >
b111011010 4
b11000010 3
1(
b1011001 B
b11000000 9
b1111111111 +
#4750
0!
b0 Z
b0 \
b0 X
b0 U
b0 J
b0 [
b0 W
b0 V
b11100 7
b0 :
b0 .
b0 K
b0 0
b0 L
b0 1
b0 M
0*
0/
b111011011 6
0)
#4755
1)
b11100 +
12
#4760
1!
b1 :
1*
b111011100 6
0)
#4765
0"
0T
1)
0(
b10 ?
b11000001 9
02
#4770
b0 7
b0 <
0*
b111011101 6
0)
#4775
1)
#4780
b111011110 6
0)
#4785
1)
#4790
b11 Y
b100 \
b100 X
b1111101000 J
b1111100100 [
b11100100 W
b1100 U
b111 V
b10 .
b10 K
b101001111001111 0
b101001111001111 L
b111111010101100 1
b111111010101100 M
1/
b111011111 6
0)
#4795
0!
1"
b1111101000 $
b1111101000 I
b1111101000 R
1T
1)
b1011010 @
b100 >
b111011111 4
1(
b11000011 3
#4800
b1 Z
b0 [
b0 W
b0 J
b0 \
b0 X
b0 U
b11111111111111111111111111101000 7
b1 <
b0 :
b11 .
b11 K
b11100000001 0
b11100000001 L
b111111100000001 1
b111111100000001 M
b111100000 6
0)
#4805
1)
b11011101 F
b1111101000 +
12
#4810
b111100001 6
0)
#4815
1)
b11011110 F
#4820
b111100010 6
0)
#4825
1)
b11011111 F
#4830
b111100011 6
0)
#4835
1)
b11100000 F
#4840
b111100100 6
0)
#4845
1)
b11100001 F
#4850
b111100101 6
0)
#4855
1)
b11100010 F
#4860
b111100110 6
0)
#4865
1)
b11100011 F
#4870
b111100111 6
0)
#4875
1)
b11100100 F
#4880
b111101000 6
0)
#4885
1)
b11100101 F
#4890
b111101001 6
0)
#4895
1)
b11100110 F
#4900
b111101010 6
0)
#4905
1)
b11100111 F
#4910
b111101011 6
0)
#4915
1)
b11101000 F
#4920
b111101100 6
0)
#4925
1)
b11101001 F
#4930
b111101101 6
0)
#4935
1)
b11101010 F
#4940
1!
b1 :
1*
b111101110 6
0)
#4945
b0 $
b0 I
b0 R
1)
b10101011 E
b1011011 @
b100 >
b111101110 4
b11000100 3
1(
b1111 ?
b1011010 B
b11000010 9
02
#4950
b11100 \
b11100 X
b100 U
b0 Z
b10 Y
b1111110100 J
b1111011000 [
b11011000 W
b101 V
b0 7
b100 .
b100 K
b11000010000111 0
b11000010000111 L
b1101010100000100 1
b1101010100000100 M
b111101111 6
0)
#4955
b1111110100 $
b1111110100 I
b1111110100 R
1)
b10101100 E
b100 >
b111101111 4
b11000101 3
1(
b1 ?
b11000011 9
b0 +
#4960
b0 \
b0 X
b0 U
b0 J
b0 [
b0 W
b0 V
b11111111111111111111111111110100 7
b0 .
b0 K
b0 0
b0 L
b0 1
b0 M
0/
b111110000 6
0)
#4965
0"
0T
1)
0(
b1011011 B
b11000100 9
b1111110100 +
#4970
b1 Z
b111 \
b111 X
b10001 J
b1010 [
b1010 W
b1 U
b10 V
b0 7
b0 <
b101 .
b101 K
b11101001010111 0
b11101001010111 L
b111001000011111 1
b111001000011111 M
1/
b111110001 6
0)
#4975
1"
b10001 $
b10001 I
b10001 R
1T
1)
b1011100 @
b100 >
b111110001 4
1(
b11000110 3
#4980
b0 Z
b0 \
b0 X
b0 U
b0 J
b0 [
b0 W
b0 V
b10001 7
b1 <
b0 .
b0 K
b0 0
b0 L
b0 1
b0 M
0/
b111110010 6
0)
#4985
0"
0T
1)
0(
b11000101 9
b10001 +
#4990
b11 Y
b1111001000 \
b11001000 X
b1111010000 J
b1000 [
b1000 W
b111 U
b1000 V
b0 7
b0 <
b110 .
b110 K
b111000011111000 0
b111000011111000 L
b1000000100000111 1
b1000000100000111 M
1/
b111110011 6
0)
#4995
1"
b1111010000 $
b1111010000 I
b1111010000 R
1T
1)
b1010110 A
b1011101 @
b100 >
b111110011 4
1(
b11000111 3
#5000
0!
b1 Z
b110000 \
b110000 X
b1000 U
b101110 J
b1111111110 [
b11111110 W
b1110 V
b11111111111111111111111111010000 7
b1 <
b0 :
b111 .
b111 K
b1011000000011010 0
b1011000000011010 L
b1110100010000011 1
b1110100010000011 M
0*
b111110100 6
0)
#5005
1)
b11101011 F
b1111010000 +
12
#5010
b111110101 6
0)
#5015
1)
b11101100 F
#5020
1!
b1 :
1*
b111110110 6
0)
#5025
b101110 $
b101110 I
b101110 R
1)
b10101101 E
b1011000 A
b100 >
b111110110 4
b11001000 3
1(
b11 ?
b1011100 B
b11000110 9
02
#5030
b0 Z
b10 Y
b1111110100 \
b11110100 X
b1100 U
b0 J
b1100 [
b1100 W
b1101 V
b101110 7
b1000 .
b1000 K
b100111011000011 0
b100111011000011 L
b110110111111100 1
b110110111111100 M
b111110111 6
0)
#5035
b0 $
b0 I
b0 R
1)
b10101110 E
b100 >
b111110111 4
b11001001 3
1(
b1 ?
b11000111 9
b101110 +
#5040
b1 Z
b1111001000 \
b11001000 X
b111 U
b1111001001 J
b1 [
b1 W
b1111 V
b0 7
b1001 .
b1001 K
b111000011111000 0
b111000011111000 L
b1111111101111111 1
b1111111101111111 M
b111111000 6
0)
#5045
b1111001001 $
b1111001001 I
b1111001001 R
1)
b10101111 E
b1011110 @
b100 >
b111111000 4
b11001010 3
1(
b11001000 9
b0 +
#5050
b0 Z
b11 Y
b1111011101 \
b11011101 X
b111 U
b1110111111 J
b1111100010 [
b11100010 W
b110 V
b11111111111111111111111111001001 7
b1010 .
b1010 K
b101000010111011 0
b101000010111011 L
b110101011100111 1
b110101011100111 M
b111111001 6
0)
#5055
b1110111111 $
b1110111111 I
b1110111111 R
1)
b10110000 E
b1011111 @
b100 >
b111111001 4
b11001011 3
1(
b1011101 B
b11001001 9
b1111001001 +
#5060
0!
b1 Z
b11100 \
b11100 X
b1100 U
b1001101 J
b110001 [
b110001 W
b111 V
b11111111111111111111111110111111 7
b0 :
b1011 .
b1011 K
b1100011001111001 0
b1100011001111001 L
b111011111001111 1
b111011111001111 M
0*
b111111010 6
0)
#5065
1)
b11101101 F
b1110111111 +
12
#5070
1!
b1 :
1*
b111111011 6
0)
#5075
b1001101 $
b1001101 I
b1001101 R
1)
b10110001 E
b1100001 @
b100 >
b111111011 4
b11001100 3
1(
b10 ?
b1011110 B
b11001010 9
02
#5080
0!
b0 Z
b1 V
b10 Y
b1111111111 [
b11111111 W
b1111111110 J
b1111111111 \
b11111111 X
b1 U
b1001101 7
b0 :
b1100 .
b1100 K
b111100011111111 0
b111100011111111 L
b111000101110001 1
b111000101110001 M
0*
b111111100 6
0)
#5085
1)
b11101110 F
b1001101 +
12
#5090
b111111101 6
0)
#5095
1)
b11101111 F
#5100
1!
b1 :
1*
b111111110 6
0)
#5105
b1111111110 $
b1111111110 I
b1111111110 R
1)
b10110010 E
b1100011 @
b100 >
b111111110 4
b11001101 3
1(
b11 ?
b11001011 9
02
#5110
b1 Z
b100100 \
b100100 X
b110 U
b111001 J
b10101 [
b10101 W
b111 V
b11111111111111111111111111111110 7
b1101 .
b1101 K
b101010100110110 0
b101010100110110 L
b1011101100010 1
b1011101100010 M
b111111111 6
0)
#5115
b111001 $
b111001 I
b111001 R
1)
b10110011 E
b1100100 @
b100 >
b111111111 4
b11001110 3
1(
b1 ?
b1011111 B
b11001100 9
b1111111110 +
#5120
b0 Z
b11 Y
b110000 \
b110000 X
b1010 U
b1101000 J
b111000 [
b111000 W
b1000 V
b111001 7
b1110 .
b1110 K
b1011001010011000 0
b1011001010011000 L
b1000001111011010 1
b1000001111011010 M
b1000000000 6
0)
#5125
b1101000 $
b1101000 I
b1101000 R
1)
b10110100 E
b1011001 A
b100 >
b1000000000 4
b11001111 3
1(
b11001101 9
b111001 +
#5130
b1 Z
b1111111000 \
b11111000 X
b1 U
b101001 J
b110001 [
b110001 W
b111 V
b1101000 7
b1111 .
b1111 K
b111000101111000 0
b111000101111000 L
b111000100011111 1
b111000100011111 M
b1000000001 6
0)
#5135
b101001 $
b101001 I
b101001 R
1)
b10110101 E
b1100101 @
b100 >
b1000000001 4
b11010000 3
1(
b11001110 9
b1101000 +
#5140
b0 Z
b10 Y
b1110 \
b1110 X
b10 U
b1000 J
b1111111010 [
b11111010 W
b11 V
b101001 7
b0 .
b0 K
b101000111100111 0
b101000111100111 L
b10001110110010 1
b10001110110010 M
b1000000010 6
0)
#5145
b1000 $
b1000 I
b1000 R
1)
b10110110 E
b100 >
b1000000010 4
b11010001 3
1(
b11001111 9
b101001 +
#5150
0!
b0 \
b0 X
b0 U
b0 J
b0 [
b0 W
b0 V
b1000 7
b0 :
b0 0
b0 L
b0 1
b0 M
0*
0/
b1000000011 6
0)
#5155
1)
b1000 +
12
#5160
1!
b1 Z
b101 J
b101 \
b101 X
b101 U
b1 :
b1 .
b1 K
b111001100010001 0
b111001100010001 L
b1001000001010010 1
b1001000001010010 M
1*
1/
b1000000100 6
0)
#5165
b101 $
b101 I
b101 R
1)
b10110111 E
b100 >
b1000000100 4
b11010010 3
1(
b10 ?
b11010000 9
02
#5170
b0 Z
b11 Y
b1111111111 \
b11111111 X
b1 U
b1111111111 J
b0 [
b0 W
b0 V
b101 7
b10 .
b10 K
b1011100001111 0
b1011100001111 L
b111100000001 1
b111100000001 M
b1000000101 6
0)
#5175
b1111111111 $
b1111111111 I
b1111111111 R
1)
b10111000 E
b100 >
b1000000101 4
b11010011 3
1(
b1 ?
b11010001 9
b101 +
#5180
b1 Z
b1111111000 [
b11111000 W
b1111111010 J
b10 \
b10 X
b10 U
b10 V
b11111111111111111111111111111111 7
b11 .
b11 K
b1001101011000001 0
b1001101011000001 L
b10111000101011 1
b10111000101011 M
b1000000110 6
0)
#5185
b1111111010 $
b1111111010 I
b1111111010 R
1)
b10111001 E
b100 >
b1000000110 4
b11010100 3
1(
b1100000 B
b11010010 9
b1111111111 +
#5190
0!
b0 Z
b10 Y
b100 \
b100 X
b100 U
b100111 J
b100011 [
b100011 W
b1001 V
b11111111111111111111111111111010 7
b0 :
b100 .
b100 K
b1001100010110001 0
b1001100010110001 L
b100100101000100 1
b100100101000100 M
0*
b1000000111 6
0)
#5195
1)
b11110000 F
b1111111010 +
12
#5200
1!
b1 :
1*
b1000001000 6
0)
#5205
b100111 $
b100111 I
b100111 R
1)
b10111010 E
b100 >
b1000001000 4
b11010101 3
1(
b10 ?
b1100001 B
b11010011 9
02
#5210
b1 Z
b1111111111 \
b11111111 X
b1 U
b0 J
b1 [
b1 W
b1111 V
b100111 7
b101 .
b101 K
b1111111111111 0
b1111111111111 L
b1000111100010111 1
b1000111100010111 M
b1000001001 6
0)
#5215
b0 $
b0 I
b0 R
1)
b10111011 E
b1011010 A
b1100110 @
b100 >
b1000001001 4
b11010110 3
1(
b1 ?
b11010100 9
b100111 +
#5220
b0 Z
b0 \
b0 X
b0 U
b0 J
b0 [
b0 W
b0 V
b0 7
b0 .
b0 K
b0 0
b0 L
b0 1
b0 M
0/
b1000001010 6
0)
#5225
0"
0T
1)
0(
b11010101 9
b0 +
#5230
b11 Y
b1111101000 \
b11101000 X
b1111111101 J
b10101 [
b10101 W
b1100 U
b1001 V
b0 <
b110 .
b110 K
b1101101111010110 0
b1101101111010110 L
b1001111010101100 1
b1001111010101100 M
1/
b1000001011 6
0)
#5235
1"
b1111111101 $
b1111111101 I
b1111111101 R
1T
1)
b100 >
b1000001011 4
1(
b11010111 3
#5240
b1 Z
b1111 \
b1111 X
b101 U
b101111 J
b100000 [
b100000 W
b1000 V
b11111111111111111111111111111101 7
b1 <
b111 .
b111 K
b111000011 0
b111000011 L
b1000101101011001 1
b1000101101011001 M
b1000001100 6
0)
#5245
b101111 $
b101111 I
b101111 R
1)
b10111100 E
b1011011 A
b100 >
b1000001100 4
b11011000 3
1(
b1100010 B
b11010110 9
b1111111101 +
#5250
0!
b0 Z
b10 Y
b0 \
b0 X
b0 U
b0 J
b0 [
b0 W
b0 V
b101111 7
b0 :
b0 .
b0 K
b0 0
b0 L
b0 1
b0 M
0*
0/
b1000001101 6
0)
#5255
1)
b101111 +
12
#5260
1!
b1 :
1*
b1000001110 6
0)
#5265
0"
0T
1)
0(
b10 ?
b11010111 9
02
#5270
b1111111000 J
b1111111000 [
b11111000 W
b1 V
b0 7
b0 <
b1000 .
b1000 K
b1111000110000000 0
b1111000110000000 L
b1000000101110000 1
b1000000101110000 M
0*
1/
b1000001111 6
0)
#5275
0!
1"
b1111111000 $
b1111111000 I
b1111111000 R
1T
1)
b1011100 A
b1100111 @
b100 >
b1000001111 4
1(
b11011001 3
#5280
1!
b0 J
b0 [
b0 W
b0 V
b11111111111111111111111111111000 7
b1 <
b0 .
b0 K
b0 0
b0 L
b0 1
b0 M
1*
0/
b1000010000 6
0)
#5285
0"
0T
1)
0(
b1 ?
b1100011 B
b11011000 9
b1111111000 +
#5290
b1 Z
b100011 \
b100011 X
b111 J
b1111100100 [
b11100100 W
b111 U
b1001 V
b0 7
b0 <
b1001 .
b1001 K
b1010011001000101 0
b1010011001000101 L
b1011100101111001 1
b1011100101111001 M
1/
b1000010001 6
0)
#5295
1"
b111 $
b111 I
b111 R
1T
1)
b1101000 @
b100 >
b1000010001 4
1(
b11011010 3
#5300
0!
b0 Z
b11 Y
b1111011000 \
b11011000 X
b1000 U
b1110110101 J
b1111011101 [
b11011101 W
b111 V
b111 7
b1 <
b0 :
b1010 .
b1010 K
b111101010110101 0
b111101010110101 L
b111110001001000 1
b111110001001000 M
0*
b1000010010 6
0)
#5305
1)
b11110001 F
b111 +
12
#5310
b1000010011 6
0)
#5315
1)
b11110010 F
#5320
b1000010100 6
0)
#5325
1)
b11110011 F
#5330
b1000010101 6
0)
#5335
1)
b11110100 F
#5340
b1000010110 6
0)
#5345
1)
b11110101 F
#5350
b1000010111 6
0)
#5355
1)
b11110110 F
#5360
b1000011000 6
0)
#5365
1)
b11110111 F
#5370
b1000011001 6
0)
#5375
1)
b11111000 F
#5380
b1000011010 6
0)
#5385
1)
b11111001 F
#5390
b1000011011 6
0)
#5395
1)
b11111010 F
#5400
b1000011100 6
0)
#5405
1)
b11111011 F
#5410
b1000011101 6
0)
#5415
1)
b11111100 F
#5420
b1000011110 6
0)
#5425
1)
b11111101 F
#5430
b1000011111 6
0)
#5435
1)
b11111110 F
#5440
b1000100000 6
0)
#5445
1)
b11111111 F
#5450
b1000100001 6
0)
#5455
1)
b100000000 F
#5460
b1000100010 6
0)
#5465
1)
b100000001 F
#5470
b1000100011 6
0)
#5475
1)
b100000010 F
#5480
b1000100100 6
0)
#5485
1)
b100000011 F
#5490
b1000100101 6
0)
#5495
1)
b100000100 F
#5500
b1000100110 6
0)
#5505
1)
b100000101 F
#5510
1!
b1 :
1*
b1000100111 6
0)
#5515
b1110110101 $
b1110110101 I
b1110110101 R
1)
b10111101 E
b1101001 @
b1011101 A
b100 >
b1000100111 4
b11011011 3
1(
b10110 ?
b11011001 9
02
#5520
b1 Z
b1111001000 \
b11001000 X
b111 U
b1111000000 J
b1111111000 [
b11111000 W
b1 V
b11111111111111111111111110110101 7
b1011 .
b1011 K
b1000100010001000 0
b1000100010001000 L
b1100001110111 1
b1100001110111 M
b1000101000 6
0)
#5525
b1111000000 $
b1111000000 I
b1111000000 R
1)
b10111110 E
b1011110 A
b1101011 @
b100 >
b1000101000 4
b11011100 3
1(
b1 ?
b1100100 B
b11011010 9
b1110110101 +
#5530
0!
b0 Z
b10 Y
b10000 \
b10000 X
b1110 U
b10000 J
b0 [
b0 W
b1100 V
b11111111111111111111111111000000 7
b0 :
b1100 .
b1100 K
b110111100001000 0
b110111100001000 L
b111110010111110 1
b111110010111110 M
0*
b1000101001 6
0)
#5535
1)
b100000110 F
b1111000000 +
12
#5540
b1000101010 6
0)
#5545
1)
b100000111 F
#5550
b1000101011 6
0)
#5555
1)
b100001000 F
#5560
1!
b1 :
1*
b1000101100 6
0)
#5565
b10000 $
b10000 I
b10000 R
1)
b10111111 E
b1101100 @
b100 >
b1000101100 4
b11011101 3
1(
b100 ?
b1100101 B
b11011011 9
02
#5570
b0 J
b0 \
b0 X
b0 U
b0 V
b10000 7
b0 .
b0 K
b0 0
b0 L
b0 1
b0 M
0/
b1000101101 6
0)
#5575
0"
0T
1)
0(
b1 ?
b11011100 9
b10000 +
#5580
b1 Z
b101010 \
b101010 X
b101101 J
b11 [
b11 W
b1001 U
b11 V
b0 7
b0 <
b1101 .
b1101 K
b110011100011010 0
b110011100011010 L
b1100001110011101 1
b1100001110011101 M
1/
b1000101110 6
0)
#5585
1"
b101101 $
b101101 I
b101101 R
1T
1)
b100 >
b1000101110 4
1(
b11011110 3
#5590
b0 Z
b0 \
b0 X
b0 U
b0 J
b0 [
b0 W
b0 V
b101101 7
b1 <
b0 .
b0 K
b0 0
b0 L
b0 1
b0 M
0/
b1000101111 6
0)
#5595
0"
0T
1)
0(
b11011101 9
b101101 +
#5600
b0 7
b0 <
b1000110000 6
0)
#5605
1)
#5610
b11 Y
b1000000 J
b1000000 [
b1000000 W
b1000 V
b1110 .
b1110 K
b1000111110001000 0
b1000111110001000 L
b1000100010000000 1
b1000100010000000 M
1/
b1000110001 6
0)
#5615
1"
b1000000 $
b1000000 I
b1000000 R
1T
1)
b1100001 A
b100 >
b1000110001 4
1(
b11011111 3
#5620
b1 Z
b111 \
b111 X
b1 U
b11100 J
b10101 [
b10101 W
b1101 V
b1000000 7
b1 <
b1111 .
b1111 K
b11001010010111 0
b11001010010111 L
b1101000100010100 1
b1101000100010100 M
b1000110010 6
0)
#5625
b11100 $
b11100 I
b11100 R
1)
b11000000 E
b100 >
b1000110010 4
b11100000 3
1(
b11011110 9
b1000000 +
#5630
b0 Z
b10 Y
b1111100010 \
b11100010 X
b110 U
b1111011001 J
b1111110111 [
b11110111 W
b1101 V
b11100 7
b0 .
b0 K
b101110100111011 0
b101110100111011 L
b1100110101110110 1
b1100110101110110 M
b1000110011 6
0)
#5635
b1111011001 $
b1111011001 I
b1111011001 R
1)
b11000001 E
b1101101 @
b100 >
b1000110011 4
b11100001 3
1(
b11011111 9
b11100 +
#5640
b1 Z
b1111111111 \
b11111111 X
b1 U
b1111111111 J
b0 [
b0 W
b1 V
b11111111111111111111111111011001 7
b1 .
b1 K
b1111 0
b1111 L
b100010001 1
b100010001 M
b1000110100 6
0)
#5645
b1111111111 $
b1111111111 I
b1111111111 R
1)
b11000010 E
b100 >
b1000110100 4
b11100010 3
1(
b1100110 B
b11100000 9
b1111011001 +
#5650
b0 Z
b11 Y
b1111101100 [
b11101100 W
b1111100101 J
b1111111001 \
b11111001 X
b1001 U
b1100 V
b11111111111111111111111111111111 7
b10 .
b10 K
b100111101010001 0
b100111101010001 L
b1100100000101001 1
b1100100000101001 M
b1000110101 6
0)
#5655
b1111100101 $
b1111100101 I
b1111100101 R
1)
b11000011 E
b1100010 A
b100 >
b1000110101 4
b11100011 3
1(
b1100111 B
b11100001 9
b1111111111 +
#5660
b1 Z
b100 \
b100 X
b100 U
b1111010100 J
b1111010000 [
b11010000 W
b110 V
b11111111111111111111111111100101 7
b11 .
b11 K
b1010000001 0
b1010000001 L
b110111101000100 1
b110111101000100 M
b1000110110 6
0)
#5665
b1111010100 $
b1111010100 I
b1111010100 R
1)
b11000100 E
b100 >
b1000110110 4
b11100100 3
1(
b1101000 B
b11100010 9
b1111100101 +
#5670
b0 Z
b10 Y
b0 \
b0 X
b0 U
b0 J
b0 [
b0 W
b111 V
b11111111111111111111111111010100 7
b100 .
b100 K
b1111011100001000 0
b1111011100001000 L
b1111011100010000 1
b1111011100010000 M
b1000110111 6
0)
#5675
b0 $
b0 I
b0 R
1)
b11000101 E
b1101110 @
b100 >
b1000110111 4
b11100101 3
1(
b1101001 B
b11100011 9
b1111010100 +
#5680
0!
b1 Z
b110001 [
b110001 W
b110001 J
b0 \
b0 X
b0 U
b0 7
b0 :
b101 .
b101 K
b1110010001111010 0
b1110010001111010 L
b11011100001100 1
b11011100001100 M
0*
b1000111000 6
0)
#5685
1)
b100001001 F
b0 +
12
#5690
1!
b1 :
1*
b1000111001 6
0)
#5695
b110001 $
b110001 I
b110001 R
1)
b11000110 E
b1101111 @
b100 >
b1000111001 4
b11100110 3
1(
b10 ?
b11100100 9
02
#5700
b0 Z
b0 J
b0 [
b0 W
b0 V
b110001 7
b0 .
b0 K
b0 0
b0 L
b0 1
b0 M
0/
b1000111010 6
0)
#5705
0"
0T
1)
0(
b1 ?
b11100101 9
b110001 +
#5710
b11 Y
b1111111010 \
b11111010 X
b1111110010 J
b1111111000 [
b11111000 W
b1111 U
b100 V
b0 7
b0 <
b110 .
b110 K
b1000000011100110 0
b1000000011100110 L
b100100100011111 1
b100100100011111 M
1/
b1000111011 6
0)
#5715
1"
b1111110010 $
b1111110010 I
b1111110010 R
1T
1)
b100 >
b1000111011 4
1(
b11100111 3
#5720
0!
b10 Y
b0 \
b0 X
b0 U
b0 J
b0 [
b0 W
b0 V
b11111111111111111111111111110010 7
b1 <
b0 :
b0 .
b0 K
b0 0
b0 L
b0 1
b0 M
0*
0/
b1000111100 6
0)
#5725
1)
b1111110010 +
12
#5730
1!
b1 Z
b11 Y
b1111111111 J
b1111111111 \
b11111111 X
b1 U
b1000 V
b1 :
b111 .
b111 K
b111100000001111 0
b111100000001111 L
b1000111100010001 1
b1000111100010001 M
1*
1/
b1000111101 6
0)
#5735
b1111111111 $
b1111111111 I
b1111111111 R
1)
b11000111 E
b1100011 A
b100 >
b1000111101 4
b11101000 3
1(
b10 ?
b1101010 B
b11100110 9
02
#5740
0!
b0 Z
b10 Y
b1111111100 [
b11111100 W
b1111110100 J
b1111111000 \
b11111000 X
b100 U
b10 V
b11111111111111111111111111111111 7
b0 :
b1000 .
b1000 K
b1110111011101110 0
b1110111011101110 L
b111001000000100 1
b111001000000100 M
0*
b1000111110 6
0)
#5745
1)
b100001010 F
b1111111111 +
12
#5750
1!
b1 :
1*
b1000111111 6
0)
#5755
b1111110100 $
b1111110100 I
b1111110100 R
1)
b11001000 E
b1110000 @
b100 >
b1000111111 4
b11101001 3
1(
b1101011 B
b11100111 9
02
#5760
0!
b1 Z
b1111110111 \
b11110111 X
b1101 U
b1111111011 J
b100 [
b100 W
b1 V
b11111111111111111111111111110100 7
b0 :
b1001 .
b1001 K
b1111110001000011 0
b1111110001000011 L
b11000111011010 1
b11000111011010 M
0*
b1001000000 6
0)
#5765
1)
b100001011 F
b1111110100 +
12
#5770
b1001000001 6
0)
#5775
1)
b100001100 F
#5780
1!
b1 :
1*
b1001000010 6
0)
#5785
b1111111011 $
b1111111011 I
b1111111011 R
1)
b11001001 E
b100 >
b1001000010 4
b11101010 3
1(
b11 ?
b1101100 B
b11101000 9
02
#5790
b0 Z
b11 Y
b0 \
b0 X
b1000 U
b1111111000 J
b1111111000 [
b11111000 W
b1000 V
b11111111111111111111111111111011 7
b1010 .
b1010 K
b111100000010000 0
b111100000010000 L
b1000000000011000 1
b1000000000011000 M
b1001000011 6
0)
#5795
b1111111000 $
b1111111000 I
b1111111000 R
1)
b11001010 E
b1100101 A
b100 >
b1001000011 4
b11101011 3
1(
b1 ?
b1101101 B
b11101001 9
b1111111011 +
#5800
0!
b1 Z
b1000000 \
b1000000 X
b1000 U
b1000000 J
b0 [
b0 W
b0 V
b11111111111111111111111111111000 7
b0 :
b1011 .
b1011 K
b1110100110111000 0
b1110100110111000 L
b1110000010 1
b1110000010 M
0*
b1001000100 6
0)
#5805
1)
b100001101 F
b1111111000 +
12
#5810
1!
b1 :
1*
b1001000101 6
0)
#5815
b1000000 $
b1000000 I
b1000000 R
1)
b11001011 E
b1100110 A
b100 >
b1001000101 4
b11101100 3
1(
b10 ?
b1101110 B
b11101010 9
02
#5820
0!
b0 Z
b10 Y
b0 J
b0 \
b0 X
b0 U
b1000000 7
b0 :
b0 .
b0 K
b0 0
b0 L
b0 1
b0 M
0*
0/
b1001000110 6
0)
#5825
1)
b1000000 +
12
#5830
b100011 J
b100011 \
b100011 X
b111 U
b1100 .
b1100 K
b1100011010110101 0
b1100011010110101 L
b11100111 1
b11100111 M
1/
b1001000111 6
0)
#5835
1)
b100001110 F
#5840
b1001001000 6
0)
#5845
1)
b100001111 F
#5850
b1001001001 6
0)
#5855
1)
b100010000 F
#5860
b1001001010 6
0)
#5865
1)
b100010001 F
#5870
b1001001011 6
0)
#5875
1)
b100010010 F
#5880
b1001001100 6
0)
#5885
1)
b100010011 F
#5890
b1001001101 6
0)
#5895
1)
b100010100 F
#5900
b1001001110 6
0)
#5905
1)
b100010101 F
#5910
b1001001111 6
0)
#5915
1)
b100010110 F
#5920
b1001010000 6
0)
#5925
1)
b100010111 F
#5930
b1001010001 6
0)
#5935
1)
b100011000 F
#5940
b1001010010 6
0)
#5945
1)
b100011001 F
#5950
b1001010011 6
0)
#5955
1)
b100011010 F
#5960
b1001010100 6
0)
#5965
1)
b100011011 F
#5970
b1001010101 6
0)
#5975
1)
b100011100 F
#5980
b1001010110 6
0)
#5985
1)
b100011101 F
#5990
b1001010111 6
0)
#5995
1)
b100011110 F
#6000
1!
b1 :
1*
b1001011000 6
0)
#6005
b100011 $
b100011 I
b100011 R
1)
b11001100 E
b1110001 @
b100 >
b1001011000 4
b11101101 3
1(
b10011 ?
b11101011 9
02
#6010
b0 J
b0 \
b0 X
b0 U
b100011 7
b0 .
b0 K
b0 0
b0 L
b0 1
b0 M
0/
b1001011001 6
0)
#6015
0"
0T
1)
0(
b1 ?
b11101100 9
b100011 +
#6020
b0 7
b0 <
b1001011010 6
0)
#6025
1)
#6030
b1111001000 J
b1111001000 \
b11001000 X
b1000 U
b1 Z
b1101 .
b1101 K
b1000100000010111 0
b1000100000010111 L
b111000010000000 1
b111000010000000 M
0*
1/
b1001011011 6
0)
#6035
0!
1"
b1111001000 $
b1111001000 I
b1111001000 R
1T
1)
b1110010 @
b1100111 A
b100 >
b1001011011 4
1(
b11101110 3
#6040
b0 Z
b11 Y
b1111001111 \
b11001111 X
b1001 U
b1110101011 J
b1111011100 [
b11011100 W
b110 V
b11111111111111111111111111001000 7
b1 <
b0 :
b1110 .
b1110 K
b1011010010100111 0
b1011010010100111 L
b110001110011001 1
b110001110011001 M
b1001011100 6
0)
#6045
1)
b100011111 F
b1111001000 +
12
#6050
1!
b1 :
1*
b1001011101 6
0)
#6055
b1110101011 $
b1110101011 I
b1110101011 R
1)
b11001101 E
b100 >
b1001011101 4
b11101111 3
1(
b10 ?
b1101111 B
b11101101 9
02
#6060
b1 Z
b0 \
b0 X
b0 U
b1111111100 J
b1111111100 [
b11111100 W
b1111 V
b11111111111111111111111110101011 7
b1111 .
b1111 K
b110110101001010 0
b110110101001010 L
b1111001000001010 1
b1111001000001010 M
b1001011110 6
0)
#6065
b1111111100 $
b1111111100 I
b1111111100 R
1)
b11001110 E
b100 >
b1001011110 4
b11110000 3
1(
b1 ?
b1110000 B
b11101110 9
b1110101011 +
#6070
0!
b110001 \
b110001 X
b111 U
b0 Z
b10 Y
b1111111001 J
b1111001000 [
b11001000 W
b111 V
b11111111111111111111111111111100 7
b0 :
b0 .
b0 K
b10000111 0
b10000111 L
b111011100000111 1
b111011100000111 M
0*
b1001011111 6
0)
#6075
1)
b100100000 F
b1111111100 +
12
#6080
b1001100000 6
0)
#6085
1)
b100100001 F
#6090
1!
b1 :
1*
b1001100001 6
0)
#6095
b1111111001 $
b1111111001 I
b1111111001 R
1)
b11001111 E
b1110101 @
b100 >
b1001100001 4
b11110001 3
1(
b11 ?
b1110001 B
b11101111 9
02
#6100
b1 Z
b1111001000 \
b11001000 X
b1000 U
b1111111001 J
b110001 [
b110001 W
b1001 V
b11111111111111111111111111111001 7
b1 .
b1 K
b1100101110010111 0
b1100101110010111 L
b100110001001 1
b100110001001 M
b1001100010 6
0)
#6105
1)
b11010000 E
b1101000 A
b100 >
b1001100010 4
b11110010 3
1(
b1 ?
b1110010 B
b11110000 9
b1111111001 +
#6110
b0 Z
b0 \
b0 X
b0 U
b0 J
b0 [
b0 W
b0 V
b0 .
b0 K
b0 0
b0 L
b0 1
b0 M
0/
b1001100011 6
0)
#6115
0"
0T
1)
0(
b1110011 B
b11110001 9
#6120
b11 Y
b1100 \
b1100 X
b111 J
b1111111011 [
b11111011 W
b10 U
b1 V
b0 7
b0 <
b10 .
b10 K
b10011110110110 0
b10011110110110 L
b1111010000010 1
b1111010000010 M
1/
b1001100100 6
0)
#6125
1"
b111 $
b111 I
b111 R
1T
1)
b1101001 A
b100 >
b1001100100 4
1(
b11110011 3
#6130
0!
b1 Z
b0 \
b0 X
b0 U
b1111111000 J
b1111111000 [
b11111000 W
b1000 V
b111 7
b1 <
b0 :
b11 .
b11 K
b111000100010000 0
b111000100010000 L
b1000000100000000 1
b1000000100000000 M
0*
b1001100101 6
0)
#6135
1)
b100100010 F
b111 +
12
#6140
b1001100110 6
0)
#6145
1)
b100100011 F
#6150
b1001100111 6
0)
#6155
1)
b100100100 F
#6160
b1001101000 6
0)
#6165
1)
b100100101 F
#6170
b1001101001 6
0)
#6175
1)
b100100110 F
#6180
1!
b1 :
1*
b1001101010 6
0)
#6185
b1111111000 $
b1111111000 I
b1111111000 R
1)
b11010001 E
b1101010 A
b100 >
b1001101010 4
b11110100 3
1(
b110 ?
b11110010 9
02
#6190
0!
b0 Z
b1100 V
b10 Y
b100100 \
b100100 X
b101100 J
b1000 [
b1000 W
b110 U
b11111111111111111111111111111000 7
b0 :
b100 .
b100 K
b1101100111100110 0
b1101100111100110 L
b1000110011110110 1
b1000110011110110 M
0*
b1001101011 6
0)
#6195
1)
b100100111 F
b1111111000 +
12
#6200
b1001101100 6
0)
#6205
1)
b100101000 F
#6210
1!
b1 :
1*
b1001101101 6
0)
#6215
b101100 $
b101100 I
b101100 R
1)
b11010010 E
b1101011 A
b100 >
b1001101101 4
b11110101 3
1(
b11 ?
b1110100 B
b11110011 9
02
#6220
b1 Z
b1111011100 \
b11011100 X
b1010 U
b1111001101 J
b1111110001 [
b11110001 W
b11 V
b101100 7
b101 .
b101 K
b1000010010110110 0
b1000010010110110 L
b1100001110101111 1
b1100001110101111 M
b1001101110 6
0)
#6225
b1111001101 $
b1111001101 I
b1111001101 R
1)
b11010011 E
b100 >
b1001101110 4
b11110110 3
1(
b1 ?
b11110100 9
b101100 +
#6230
b0 Z
b11 Y
b1111001000 \
b11001000 X
b1000 U
b1111001000 J
b0 [
b0 W
b0 V
b11111111111111111111111111001101 7
b110 .
b110 K
b100000010111 0
b100000010111 L
b11000 1
b11000 M
b1001101111 6
0)
#6235
b1111001000 $
b1111001000 I
b1111001000 R
1)
b11010100 E
b1101100 A
b100 >
b1001101111 4
b11110111 3
1(
b1110101 B
b11110101 9
b1111001101 +
#6240
b1 Z
b1111111010 \
b11111010 X
b10 U
b1111010000 J
b1111010110 [
b11010110 W
b1001 V
b11111111111111111111111111001000 7
b111 .
b111 K
b110110001101101 0
b110110001101101 L
b1001111100101100 1
b1001111100101100 M
b1001110000 6
0)
#6245
b1111010000 $
b1111010000 I
b1111010000 R
1)
b11010101 E
b100 >
b1001110000 4
b11111000 3
1(
b1110110 B
b11110110 9
b1111001000 +
#6250
b0 Z
b10 Y
b100 \
b100 X
b1100 U
b1111110000 J
b1111101100 [
b11101100 W
b101 V
b11111111111111111111111111010000 7
b1000 .
b1000 K
b100011001111 0
b100011001111 L
b101010100001100 1
b101010100001100 M
b1001110001 6
0)
#6255
b1111110000 $
b1111110000 I
b1111110000 R
1)
b11010110 E
b100 >
b1001110001 4
b11111001 3
1(
b1110111 B
b11110111 9
b1111010000 +
#6260
b0 \
b0 X
b0 U
b0 J
b0 [
b0 W
b0 V
b11111111111111111111111111110000 7
b0 .
b0 K
b0 0
b0 L
b0 1
b0 M
0/
b1001110010 6
0)
#6265
0"
0T
1)
0(
b1111000 B
b11111000 9
b1111110000 +
#6270
b0 7
b0 <
b1001110011 6
0)
#6275
1)
#6280
b1 Z
b0 U
b1001 .
b1001 K
b100000010000 0
b100000010000 L
b111000000001111 1
b111000000001111 M
0*
1/
b1001110100 6
0)
#6285
0!
1"
b0 $
b0 I
b0 R
1T
1)
b1110110 @
b100 >
b1001110100 4
1(
b11111010 3
#6290
1!
b0 Z
b1 <
b0 .
b0 K
b0 0
b0 L
b0 1
b0 M
1*
0/
b1001110101 6
0)
#6295
0"
0T
1)
0(
b11111001 9
b0 +
#6300
b11 Y
b1111010110 \
b11010110 X
b1111011110 J
b1000 [
b1000 W
b110 U
b1100 V
b0 <
b1010 .
b1010 K
b1011111101001 0
b1011111101001 L
b1100101101110110 1
b1100101101110110 M
1/
b1001110110 6
0)
#6305
1"
b1111011110 $
b1111011110 I
b1111011110 R
1T
1)
b1110111 @
b100 >
b1001110110 4
1(
b11111011 3
#6310
0!
b1 Z
b0 \
b0 X
b0 U
b0 J
b0 [
b0 W
b11 V
b11111111111111111111111111011110 7
b1 <
b0 :
b1011 .
b1011 K
b1111111100000101 0
b1111111100000101 L
b11111000001011 1
b11111000001011 M
0*
b1001110111 6
0)
#6315
1)
b100101001 F
b1111011110 +
12
#6320
1!
b1 :
1*
b1001111000 6
0)
#6325
b0 $
b0 I
b0 R
1)
b11010111 E
b100 >
b1001111000 4
b11111100 3
1(
b10 ?
b1111001 B
b11111010 9
02
#6330
0!
b0 Z
b10 Y
b0 [
b0 W
b1111001000 J
b1111001000 \
b11001000 X
b1000 U
b0 V
b0 7
b0 :
b1100 .
b1100 K
b111000010000111 0
b111000010000111 L
b1000000011000 1
b1000000011000 M
0*
b1001111001 6
0)
#6335
1)
b100101010 F
b0 +
12
#6340
1!
b1 :
1*
b1001111010 6
0)
#6345
b1111001000 $
b1111001000 I
b1111001000 R
1)
b11011000 E
b1101101 A
b100 >
b1001111010 4
b11111101 3
1(
b11111011 9
02
#6350
0!
b110 U
b1 Z
b100100 \
b100100 X
b10100 J
b1111110000 [
b11110000 W
b10 V
b11111111111111111111111111001000 7
b0 :
b1101 .
b1101 K
b1101000110000110 0
b1101000110000110 L
b1100001001101000 1
b1100001001101000 M
0*
b1001111011 6
0)
#6355
1)
b100101011 F
b1111001000 +
12
#6360
b1001111100 6
0)
#6365
1)
b100101100 F
#6370
b1001111101 6
0)
#6375
1)
b100101101 F
#6380
b1001111110 6
0)
#6385
1)
b100101110 F
#6390
b1001111111 6
0)
#6395
1)
b100101111 F
#6400
b1010000000 6
0)
#6405
1)
b100110000 F
#6410
b1010000001 6
0)
#6415
1)
b100110001 F
#6420
b1010000010 6
0)
#6425
1)
b100110010 F
#6430
b1010000011 6
0)
#6435
1)
b100110011 F
#6440
b1010000100 6
0)
#6445
1)
b100110100 F
#6450
b1010000101 6
0)
#6455
1)
b100110101 F
#6460
b1010000110 6
0)
#6465
1)
b100110110 F
#6470
b1010000111 6
0)
#6475
1)
b100110111 F
#6480
b1010001000 6
0)
#6485
1)
b100111000 F
#6490
b1010001001 6
0)
#6495
1)
b100111001 F
#6500
b1010001010 6
0)
#6505
1)
b100111010 F
#6510
b1010001011 6
0)
#6515
1)
b100111011 F
#6520
b1010001100 6
0)
#6525
1)
b100111100 F
#6530
b1010001101 6
0)
#6535
1)
b100111101 F
#6540
1!
b1 :
1*
b1010001110 6
0)
#6545
b10100 $
b10100 I
b10100 R
1)
b11011001 E
b1101110 A
b100 >
b1010001110 4
b11111110 3
1(
b10100 ?
b1111010 B
b11111100 9
02
#6550
b0 Z
b11 Y
b1111111010 \
b11111010 X
b11 U
b1111111010 J
b0 [
b0 W
b101 V
b10100 7
b1110 .
b1110 K
b1100110100001110 0
b1100110100001110 L
b101100101010011 1
b101100101010011 M
b1010001111 6
0)
#6555
b1111111010 $
b1111111010 I
b1111111010 R
1)
b11011010 E
b100 >
b1010001111 4
b11111111 3
1(
b1 ?
b11111101 9
b10100 +
#6560
b10 Y
b0 J
b0 \
b0 X
b0 U
b0 V
b11111111111111111111111111111010 7
b0 .
b0 K
b0 0
b0 L
b0 1
b0 M
0/
b1010010000 6
0)
#6565
0"
0T
1)
0(
b1111011 B
b11111110 9
b1111111010 +
#6570
b1 Z
b11 Y
b1111111001 \
b11111001 X
b1111110010 J
b1111111001 [
b11111001 W
b1111 U
b111 V
b0 7
b0 <
b1111 .
b1111 K
b1000100011110111 0
b1000100011110111 L
b111011111110111 1
b111011111110111 M
0*
1/
b1010010001 6
0)
#6575
0!
1"
b1111110010 $
b1111110010 I
b1111110010 R
1T
1)
b1111010 @
b100 >
b1010010001 4
1(
b100000000 3
#6580
1!
b0 Z
b10 Y
b1111100100 \
b11100100 X
b111 U
b1111101010 J
b110 [
b110 W
b1101 V
b11111111111111111111111111110010 7
b1 <
b0 .
b0 K
b1110000111101100 0
b1110000111101100 L
b1110110100000111 1
b1110110100000111 M
1*
b1010010010 6
0)
#6585
b1111101010 $
b1111101010 I
b1111101010 R
1)
b11011011 E
b1111011 @
b100 >
b1010010010 4
b100000001 3
1(
b1111100 B
b11111111 9
b1111110010 +
#6590
b0 \
b0 X
b0 U
b0 J
b0 [
b0 W
b0 V
b11111111111111111111111111101010 7
b0 0
b0 L
b0 1
b0 M
0/
b1010010011 6
0)
#6595
0"
0T
1)
0(
b1111101 B
b100000000 9
b1111101010 +
#6600
b1 Z
b1111101110 \
b11101110 X
b1111111000 J
b1010 [
b1010 W
b1010 U
b101 V
b0 7
b0 <
b1 .
b1 K
b111000100100011 0
b111000100100011 L
b1001010110101000 1
b1001010110101000 M
0*
1/
b1010010100 6
0)
#6605
0!
1"
b1111111000 $
b1111111000 I
b1111111000 R
1T
1)
b1101111 A
b100 >
b1010010100 4
1(
b100000010 3
#6610
1!
b0 Z
b11 Y
b1111001000 \
b11001000 X
b1000 U
b1111001000 J
b0 [
b0 W
b1 V
b11111111111111111111111111111000 7
b1 <
b10 .
b10 K
b111011100000111 0
b111011100000111 L
b1000110001000 1
b1000110001000 M
1*
b1010010101 6
0)
#6615
b1111001000 $
b1111001000 I
b1111001000 R
1)
b11011100 E
b1110001 A
b100 >
b1010010101 4
b100000011 3
1(
b1111110 B
b100000001 9
b1111111000 +
#6620
0!
b1 Z
b1001 [
b1001 W
b1000001 J
b111000 \
b111000 X
b1001 U
b11 V
b11111111111111111111111111001000 7
b0 :
b11 .
b11 K
b1010011000111000 0
b1010011000111000 L
b11110110010011 1
b11110110010011 M
0*
b1010010110 6
0)
#6625
1)
b100111110 F
b1111001000 +
12
#6630
b1010010111 6
0)
#6635
1)
b100111111 F
#6640
1!
b1 :
1*
b1010011000 6
0)
#6645
b1000001 $
b1000001 I
b1000001 R
1)
b11011101 E
b100 >
b1010011000 4
b100000100 3
1(
b11 ?
b1111111 B
b100000010 9
02
#6650
b0 Z
b10 Y
b0 \
b0 X
b0 U
b0 J
b0 [
b0 W
b0 V
b1000001 7
b0 .
b0 K
b0 0
b0 L
b0 1
b0 M
0/
b1010011001 6
0)
#6655
0"
0T
1)
0(
b1 ?
b100000011 9
b1000001 +
#6660
b1111101100 \
b11101100 X
b1111110011 J
b111 [
b111 W
b1011 U
b1111 V
b0 7
b0 <
b100 .
b100 K
b1011000110010100 0
b1011000110010100 L
b10111100111011 1
b10111100111011 M
1/
b1010011010 6
0)
#6665
1"
b1111110011 $
b1111110011 I
b1111110011 R
1T
1)
b100 >
b1010011010 4
1(
b100000101 3
#6670
0!
b0 \
b0 X
b0 U
b0 J
b0 [
b0 W
b0 V
b11111111111111111111111111110011 7
b1 <
b0 :
b0 .
b0 K
b0 0
b0 L
b0 1
b0 M
0*
0/
b1010011011 6
0)
#6675
1)
b1111110011 +
12
#6680
1!
b1 Z
b1111111111 \
b11111111 X
b0 J
b1 [
b1 W
b1 U
b1111 V
b1 :
b101 .
b101 K
b1000011111111111 0
b1000011111111111 L
b1000111100010001 1
b1000111100010001 M
1*
1/
b1010011100 6
0)
#6685
b0 $
b0 I
b0 R
1)
b11011110 E
b1110010 A
b100 >
b1010011100 4
b100000110 3
1(
b10 ?
b10000000 B
b100000100 9
02
#6690
b0 Z
b1101 V
b11 Y
b1111 [
b1111 W
b10010 J
b11 \
b11 X
b1111 U
b0 7
b110 .
b110 K
b110111101 0
b110111101 L
b1101111110101111 1
b1101111110101111 M
b1010011101 6
0)
#6695
b10010 $
b10010 I
b10010 R
1)
b11011111 E
b100 >
b1010011101 4
b100000111 3
1(
b1 ?
b100000101 9
b0 +
#6700
b10 Y
b0 \
b0 X
b0 U
b0 J
b0 [
b0 W
b0 V
b10010 7
b0 .
b0 K
b0 0
b0 L
b0 1
b0 M
0/
b1010011110 6
0)
#6705
0"
0T
1)
0(
b100000110 9
b10010 +
#6710
b0 7
b0 <
0*
b1010011111 6
0)
#6715
1)
#6720
b1010100000 6
0)
#6725
1)
#6730
b1 Z
b11 Y
b10000 J
b10000 [
b10000 W
b1000 U
b1110 V
b111 .
b111 K
b1111011010000000 0
b1111011010000000 L
b1110101110001000 1
b1110101110001000 M
1*
1/
b1010100001 6
0)
#6735
1"
b10000 $
b10000 I
b10000 R
1T
1)
b1110100 A
b100 >
b1010100001 4
1(
b100001000 3
#6740
b1 U
b0 Z
b10 Y
b111 \
b111 X
b111 J
b0 [
b0 W
b0 V
b10000 7
b1 <
b1000 .
b1000 K
b1000000010000111 0
b1000000010000111 L
b1000000010000001 1
b1000000010000001 M
b1010100010 6
0)
#6745
b111 $
b111 I
b111 R
1)
b11100000 E
b1110110 A
b100 >
b1010100010 4
b100001001 3
1(
b100000111 9
b10000 +
#6750
b0 J
b0 \
b0 X
b0 U
b111 7
b0 .
b0 K
b0 0
b0 L
b0 1
b0 M
0/
b1010100011 6
0)
#6755
0"
0T
1)
0(
b100001000 9
b111 +
#6760
b1 Z
b1111011101 J
b1111011101 \
b11011101 X
b111 U
b0 7
b0 <
b1001 .
b1001 K
b1100010010111011 0
b1100010010111011 L
b1011000001110110 1
b1011000001110110 M
0*
1/
b1010100100 6
0)
#6765
0!
1"
b1111011101 $
b1111011101 I
b1111011101 R
1T
1)
b1111100 @
b100 >
b1010100100 4
1(
b100001010 3
#6770
1!
b0 Z
b11 Y
b1111111100 \
b11111100 X
b1111 U
b1111101010 J
b1111101110 [
b11101110 W
b110 V
b11111111111111111111111111011101 7
b1 <
b1010 .
b1010 K
b100100011010100 0
b100100011010100 L
b110110011111111 1
b110110011111111 M
1*
b1010100101 6
0)
#6775
b1111101010 $
b1111101010 I
b1111101010 R
1)
b11100001 E
b100 >
b1010100101 4
b100001011 3
1(
b10000001 B
b100001001 9
b1111011101 +
#6780
b1 Z
b1000 \
b1000 X
b1111 U
b111 J
b1111111111 [
b11111111 W
b1111 V
b11111111111111111111111111101010 7
b1011 .
b1011 K
b100000011000 0
b100000011000 L
b1111111111110001 1
b1111111111110001 M
b1010100110 6
0)
#6785
b111 $
b111 I
b111 R
1)
b11100010 E
b100 >
b1010100110 4
b100001100 3
1(
b10000010 B
b100001010 9
b1111101010 +
#6790
0!
b0 Z
b10 Y
b1010 \
b1010 X
b10 U
b1000 J
b1111111110 [
b11111110 W
b1111 V
b111 7
b0 :
b1100 .
b1100 K
b1001010000100101 0
b1001010000100101 L
b10111101000010 1
b10111101000010 M
0*
b1010100111 6
0)
#6795
1)
b101000000 F
b111 +
12
#6800
b1010101000 6
0)
#6805
1)
b101000001 F
#6810
b1010101001 6
0)
#6815
1)
b101000010 F
#6820
1!
b1 :
1*
b1010101010 6
0)
#6825
b1000 $
b1000 I
b1000 R
1)
b11100011 E
b100 >
b1010101010 4
b100001101 3
1(
b100 ?
b100001011 9
02
#6830
b1111101100 \
b11101100 X
b1100 U
b1 Z
b1111010100 J
b1111101000 [
b11101000 W
b11 V
b1000 7
b1101 .
b1101 K
b1011001110000101 0
b1011001110000101 L
b1111001111000010 1
b1111001111000010 M
b1010101011 6
0)
#6835
b1111010100 $
b1111010100 I
b1111010100 R
1)
b11100100 E
b100 >
b1010101011 4
b100001110 3
1(
b1 ?
b100001100 9
b1000 +
#6840
0!
b0 Z
b11 Y
b1111111111 \
b11111111 X
b1111 U
b1111111111 J
b0 [
b0 W
b0 V
b11111111111111111111111111010100 7
b0 :
b1110 .
b1110 K
b1000111101110001 0
b1000111101110001 L
b100001111111 1
b100001111111 M
0*
b1010101100 6
0)
#6845
1)
b101000011 F
b1111010100 +
12
#6850
1!
b1 :
1*
b1010101101 6
0)
#6855
b1111111111 $
b1111111111 I
b1111111111 R
1)
b11100101 E
b1110111 A
b1111101 @
b100 >
b1010101101 4
b100001111 3
1(
b10 ?
b10000011 B
b100001101 9
02
#6860
b1100 U
b1 Z
b1111101000 \
b11101000 X
b1111001100 J
b1111100100 [
b11100100 W
b100 V
b11111111111111111111111111111111 7
b1111 .
b1111 K
b1001100110010110 0
b1001100110010110 L
b100010111001111 1
b100010111001111 M
b1010101110 6
0)
#6865
b1111001100 $
b1111001100 I
b1111001100 R
1)
b11100110 E
b100 >
b1010101110 4
b100010000 3
1(
b1 ?
b10000100 B
b100001110 9
b1111111111 +
#6870
0!
b0 Z
b10 Y
b0 \
b0 X
b0 U
b100011 J
b100011 [
b100011 W
b1001 V
b11111111111111111111111111001100 7
b0 :
b0 .
b0 K
b101100010110000 0
b101100010110000 L
b1011100100000000 1
b1011100100000000 M
0*
b1010101111 6
0)
#6875
1)
b101000100 F
b1111001100 +
12
#6880
b1010110000 6
0)
#6885
1)
b101000101 F
#6890
b1010110001 6
0)
#6895
1)
b101000110 F
#6900
b1010110010 6
0)
#6905
1)
b101000111 F
#6910
b1010110011 6
0)
#6915
1)
b101001000 F
#6920
b1010110100 6
0)
#6925
1)
b101001001 F
#6930
b1010110101 6
0)
#6935
1)
b101001010 F
#6940
b1010110110 6
0)
#6945
1)
b101001011 F
#6950
b1010110111 6
0)
#6955
1)
b101001100 F
#6960
b1010111000 6
0)
#6965
1)
b101001101 F
#6970
b1010111001 6
0)
#6975
1)
b101001110 F
#6980
b1010111010 6
0)
#6985
1)
b101001111 F
#6990
b1010111011 6
0)
#6995
1)
b101010000 F
#7000
b1010111100 6
0)
#7005
1)
b101010001 F
#7010
b1010111101 6
0)
#7015
1)
b101010010 F
#7020
b1010111110 6
0)
#7025
1)
b101010011 F
#7030
b1010111111 6
0)
#7035
1)
b101010100 F
#7040
b1011000000 6
0)
#7045
1)
b101010101 F
#7050
b1011000001 6
0)
#7055
1)
b101010110 F
#7060
b1011000010 6
0)
#7065
1)
b101010111 F
#7070
b1011000011 6
0)
#7075
1)
b101011000 F
#7080
1!
b1 :
1*
b1011000100 6
0)
#7085
b100011 $
b100011 I
b100011 R
1)
b11100111 E
b100 >
b1011000100 4
b100010001 3
1(
b10110 ?
b10000101 B
b100001111 9
02
#7090
b0 J
b0 [
b0 W
b0 V
b100011 7
b0 0
b0 L
b0 1
b0 M
0/
b1011000101 6
0)
#7095
0"
0T
1)
0(
b1 ?
b100010000 9
b100011 +
#7100
b1 Z
b1000 U
b0 7
b0 <
b1 .
b1 K
b1000011100000000 0
b1000011100000000 L
b1000000010000111 1
b1000000010000111 M
1/
b1011000110 6
0)
#7105
1"
b0 $
b0 I
b0 R
1T
1)
b1111001 A
b1111110 @
b100 >
b1011000110 4
1(
b100010010 3
#7110
b11100 \
b11100 X
b0 Z
b11 Y
b1000000 J
b100100 [
b100100 W
b1001 U
b110 V
b1 <
b10 .
b10 K
b1100101101101100 0
b1100101101101100 L
b110101000001001 1
b110101000001001 M
b1011000111 6
0)
#7115
b1000000 $
b1000000 I
b1000000 R
1)
b11101000 E
b100 >
b1011000111 4
b100010011 3
1(
b100010001 9
b0 +
#7120
b1 Z
b1111111011 \
b11111011 X
b101 U
b1111111011 J
b0 [
b0 W
b0 V
b1000000 7
b11 .
b11 K
b110000110101111 0
b110000110101111 L
b101010001 1
b101010001 M
b1011001000 6
0)
#7125
b1111111011 $
b1111111011 I
b1111111011 R
1)
b11101001 E
b100 >
b1011001000 4
b100010100 3
1(
b100010010 9
b1000000 +
#7130
0!
b0 Z
b10 Y
b1111111001 \
b11111001 X
b1111 U
b1111110010 J
b1111111001 [
b11111001 W
b111 V
b11111111111111111111111111111011 7
b0 :
b100 .
b100 K
b1000011110111 0
b1000011110111 L
b1011111111111 1
b1011111111111 M
0*
b1011001001 6
0)
#7135
1)
b101011001 F
b1111111011 +
12
#7140
1!
b1 :
1*
b1011001010 6
0)
#7145
b1111110010 $
b1111110010 I
b1111110010 R
1)
b11101010 E
b1111111 @
b100 >
b1011001010 4
b100010101 3
1(
b10 ?
b10000110 B
b100010011 9
02
#7150
b1 Z
b1111000001 J
b1111001000 \
b11001000 X
b111 U
b11111111111111111111111111110010 7
b101 .
b101 K
b1111001011111000 0
b1111001011111000 L
b1011101110001 1
b1011101110001 M
b1011001011 6
0)
#7155
b1111000001 $
b1111000001 I
b1111000001 R
1)
b11101011 E
b10000001 @
b100 >
b1011001011 4
b100010110 3
1(
b1 ?
b10000111 B
b100010100 9
b1111110010 +
#7160
b0 Z
b0 \
b0 X
b0 U
b0 J
b0 [
b0 W
b0 V
b11111111111111111111111111000001 7
b0 .
b0 K
b0 0
b0 L
b0 1
b0 M
0/
b1011001100 6
0)
#7165
0"
0T
1)
0(
b10001000 B
b100010101 9
b1111000001 +
#7170
b11 Y
b1111111010 \
b11111010 X
b10010 J
b11000 [
b11000 W
b1110 U
b1000 V
b0 7
b0 <
b110 .
b110 K
b10111111010011 0
b10111111010011 L
b1000010001001110 1
b1000010001001110 M
0*
1/
b1011001101 6
0)
#7175
0!
1"
b10010 $
b10010 I
b10010 R
1T
1)
b1111010 A
b100 >
b1011001101 4
1(
b100010111 3
#7180
b1 Z
b0 \
b0 X
b0 U
b0 J
b0 [
b0 W
b0 V
b10010 7
b1 <
b0 :
b111 .
b111 K
b1000000001110000 0
b1000000001110000 L
b100001111 1
b100001111 M
b1011001110 6
0)
#7185
1)
b101011010 F
b10010 +
12
#7190
1!
b1 :
1*
b1011001111 6
0)
#7195
b0 $
b0 I
b0 R
1)
b11101100 E
b100 >
b1011001111 4
b100011000 3
1(
b10 ?
b100010110 9
02
#7200
0!
b0 Z
b10 Y
b1111010000 \
b11010000 X
b1000 U
b1111111010 J
b101010 [
b101010 W
b1010 V
b0 7
b0 :
b1000 .
b1000 K
b110010010010110 0
b110010010010110 L
b11101011011000 1
b11101011011000 M
0*
b1011010000 6
0)
#7205
1)
b101011011 F
b0 +
12
#7210
b1011010001 6
0)
#7215
1)
b101011100 F
#7220
b1011010010 6
0)
#7225
1)
b101011101 F
#7230
1!
b1 :
1*
b1011010011 6
0)
#7235
b1111111010 $
b1111111010 I
b1111111010 R
1)
b11101101 E
b1111011 A
b100 >
b1011010011 4
b100011001 3
1(
b100 ?
b100010111 9
02
#7240
b1 Z
b1111100111 \
b11100111 X
b1011 U
b1111100101 J
b1111111110 [
b11111110 W
b1111 V
b11111111111111111111111111111010 7
b1001 .
b1001 K
b1100001100100101 0
b1100001100100101 L
b1100111110110011 1
b1100111110110011 M
b1011010100 6
0)
#7245
b1111100101 $
b1111100101 I
b1111100101 R
1)
b11101110 E
b100 >
b1011010100 4
b100011010 3
1(
b1 ?
b10001001 B
b100011000 9
b1111111010 +
#7250
0!
b0 Z
b0 V
b11 Y
b0 [
b0 W
b1111111001 J
b1111111001 \
b11111001 X
b111 U
b11111111111111111111111111100101 7
b0 :
b1010 .
b1010 K
b110001111 0
b110001111 L
b111111110111 1
b111111110111 M
0*
b1011010101 6
0)
#7255
1)
b101011110 F
b1111100101 +
12
#7260
1!
b1 :
1*
b1011010110 6
0)
#7265
b1111111001 $
b1111111001 I
b1111111001 R
1)
b11101111 E
b10000010 @
b100 >
b1011010110 4
b100011011 3
1(
b10 ?
b10001010 B
b100011001 9
02
#7270
b10 Y
b0 J
b0 \
b0 X
b0 U
b11111111111111111111111111111001 7
b0 .
b0 K
b0 0
b0 L
b0 1
b0 M
0/
b1011010111 6
0)
#7275
0"
0T
1)
0(
b1 ?
b10001011 B
b100011010 9
b1111111001 +
#7280
b0 7
b0 <
b1011011000 6
0)
#7285
1)
#7290
b1 Z
b11 Y
b11001 \
b11001 X
b1000001 J
b101000 [
b101000 W
b101 U
b1000 V
b1011 .
b1011 K
b100011110110101 0
b100011110110101 L
b1000101101011100 1
b1000101101011100 M
0*
1/
b1011011001 6
0)
#7295
0!
1"
b1000001 $
b1000001 I
b1000001 R
1T
1)
b1111100 A
b100 >
b1011011001 4
1(
b100011100 3
#7300
1!
b0 Z
b10 Y
b0 \
b0 X
b0 U
b0 J
b0 [
b0 W
b0 V
b1000001 7
b1 <
b0 .
b0 K
b0 0
b0 L
b0 1
b0 M
1*
0/
b1011011010 6
0)
#7305
0"
0T
1)
0(
b100011011 9
b1000001 +
#7310
b1111110000 J
b1111110000 \
b11110000 X
b1100 U
b0 7
b0 <
b1100 .
b1100 K
b1011001100100 0
b1011001100100 L
b1011000001011100 1
b1011000001011100 M
1/
b1011011011 6
0)
#7315
1"
b1111110000 $
b1111110000 I
b1111110000 R
1T
1)
b100 >
b1011011011 4
1(
b100011101 3
#7320
b1 Z
b0 J
b0 \
b0 X
b0 U
b11111111111111111111111111110000 7
b1 <
b1101 .
b1101 K
b1111111111111 0
b1111111111111 L
b1000000000000 1
b1000000000000 M
b1011011100 6
0)
#7325
b0 $
b0 I
b0 R
1)
b11110000 E
b100 >
b1011011100 4
b100011110 3
1(
b10001100 B
b100011100 9
b1111110000 +
#7330
b0 Z
b11 Y
b1100 \
b1100 X
b10 U
b10000 J
b100 [
b100 W
b100 V
b0 7
b1110 .
b1110 K
b1110100010110 0
b1110100010110 L
b100011110000010 1
b100011110000010 M
b1011011101 6
0)
#7335
b10000 $
b10000 I
b10000 R
1)
b11110001 E
b10000011 @
b1111101 A
b100 >
b1011011101 4
b100011111 3
1(
b100011101 9
b0 +
#7340
b1 Z
b1111100010 \
b11100010 X
b101 U
b1111100000 J
b1111111110 [
b11111110 W
b1111 V
b10000 7
b1111 .
b1111 K
b1111001000101010 0
b1111001000101010 L
b1111010001011100 1
b1111010001011100 M
b1011011110 6
0)
#7345
b1111100000 $
b1111100000 I
b1111100000 R
1)
b11110010 E
b100 >
b1011011110 4
b100100000 3
1(
b100011110 9
b10000 +
#7350
b0 Z
b10 Y
b0 \
b0 X
b0 U
b1111111000 J
b1111111000 [
b11111000 W
b1 V
b11111111111111111111111111100000 7
b0 .
b0 K
b1111000010001000 0
b1111000010001000 L
b1000000101110000 1
b1000000101110000 M
b1011011111 6
0)
#7355
b1111111000 $
b1111111000 I
b1111111000 R
1)
b11110011 E
b1111110 A
b10000100 @
b100 >
b1011011111 4
b100100001 3
1(
b10001101 B
b100011111 9
b1111100000 +
#7360
b1 Z
b100 [
b100 W
b1001 J
b101 \
b101 X
b1 U
b11111111111111111111111111111000 7
b1 .
b1 K
b11011001000101 0
b11011001000101 L
b101000100010111 1
b101000100010111 M
b1011100000 6
0)
#7365
b1001 $
b1001 I
b1001 R
1)
b11110100 E
b10000101 @
b100 >
b1011100000 4
b100100010 3
1(
b10001110 B
b100100000 9
b1111111000 +
#7370
b0 Z
b11 Y
b101010 \
b101010 X
b1001 U
b110010 J
b1000 [
b1000 W
b1000 V
b1001 7
b10 .
b10 K
b101101111111010 0
b101101111111010 L
b1000011000111001 1
b1000011000111001 M
b1011100001 6
0)
#7375
b110010 $
b110010 I
b110010 R
1)
b11110101 E
b1111111 A
b100 >
b1011100001 4
b100100011 3
1(
b100100001 9
b1001 +
#7380
b1 Z
b1 \
b1 X
b1111 U
b1111111010 J
b1111111001 [
b11111001 W
b1111 V
b110010 7
b11 .
b11 K
b1011101111111 0
b1011101111111 L
b1111000111110000 1
b1111000111110000 M
b1011100010 6
0)
#7385
b1111111010 $
b1111111010 I
b1111111010 R
1)
b11110110 E
b100 >
b1011100010 4
b100100100 3
1(
b100100010 9
b110010 +
#7390
b0 Z
b10 Y
b0 \
b0 X
b0 U
b0 J
b0 [
b0 W
b0 V
b11111111111111111111111111111010 7
b0 .
b0 K
b0 0
b0 L
b0 1
b0 M
0/
b1011100011 6
0)
#7395
0"
0T
1)
0(
b10001111 B
b100100011 9
b1111111010 +
#7400
b1111010110 \
b11010110 X
b1111000100 J
b1111101110 [
b11101110 W
b111 U
b110 V
b0 7
b0 <
b100 .
b100 K
b10001111011010 0
b10001111011010 L
b10011001000111 1
b10011001000111 M
1/
b1011100100 6
0)
#7405
1"
b1111000100 $
b1111000100 I
b1111000100 R
1T
1)
b10000110 @
b100 >
b1011100100 4
1(
b100100101 3
#7410
b1 Z
b11110 \
b11110 X
b1010 U
b11111 J
b1 [
b1 W
b1 V
b11111111111111111111111111000100 7
b1 <
b101 .
b101 K
b101001000011011 0
b101001000011011 L
b1101000110100011 1
b1101000110100011 M
b1011100101 6
0)
#7415
b11111 $
b11111 I
b11111 R
1)
b11110111 E
b100 >
b1011100101 4
b100100110 3
1(
b10010000 B
b100100100 9
b1111000100 +
#7420
0!
b0 Z
b11 Y
b110001 \
b110001 X
b111 U
b110010 J
b1 [
b1 W
b1111 V
b11111 7
b0 :
b110 .
b110 K
b1011111110111 0
b1011111110111 L
b1111000011110111 1
b1111000011110111 M
0*
b1011100110 6
0)
#7425
1)
b101011111 F
b11111 +
12
#7430
b1011100111 6
0)
#7435
1)
b101100000 F
#7440
b1011101000 6
0)
#7445
1)
b101100001 F
#7450
b1011101001 6
0)
#7455
1)
b101100010 F
#7460
b1011101010 6
0)
#7465
1)
b101100011 F
#7470
b1011101011 6
0)
#7475
1)
b101100100 F
#7480
b1011101100 6
0)
#7485
1)
b101100101 F
#7490
b1011101101 6
0)
#7495
1)
b101100110 F
#7500
b1011101110 6
0)
#7505
1)
b101100111 F
#7510
b1011101111 6
0)
#7515
1)
b101101000 F
#7520
b1011110000 6
0)
#7525
1)
b101101001 F
#7530
b1011110001 6
0)
#7535
1)
b101101010 F
#7540
b1011110010 6
0)
#7545
1)
b101101011 F
#7550
b1011110011 6
0)
#7555
1)
b101101100 F
#7560
b1011110100 6
0)
#7565
1)
b101101101 F
#7570
b1011110101 6
0)
#7575
1)
b101101110 F
#7580
b1011110110 6
0)
#7585
1)
b101101111 F
#7590
1!
b1 :
1*
b1011110111 6
0)
#7595
b110010 $
b110010 I
b110010 R
1)
b11111000 E
b10000111 @
b100 >
b1011110111 4
b100100111 3
1(
b10010 ?
b100100101 9
02
#7600
0!
b1 Z
b110001 \
b110001 X
b1001 U
b1000000 J
b1111 [
b1111 W
b11 V
b110010 7
b0 :
b111 .
b111 K
b1000100001011001 0
b1000100001011001 L
b11101110011101 1
b11101110011101 M
0*
b1011111000 6
0)
#7605
1)
b101110000 F
b110010 +
12
#7610
1!
b1 :
1*
b1011111001 6
0)
#7615
b1000000 $
b1000000 I
b1000000 R
1)
b11111001 E
b100 >
b1011111001 4
b100101000 3
1(
b10 ?
b100100110 9
02
#7620
b0 Z
b10 Y
b1111111011 \
b11111011 X
b1 U
b1111110011 J
b1111111000 [
b11111000 W
b1 V
b1000000 7
b1000 .
b1000 K
b1110100010001011 0
b1110100010001011 L
b100000110000001 1
b100000110000001 M
b1011111010 6
0)
#7625
b1111110011 $
b1111110011 I
b1111110011 R
1)
b11111010 E
b10000000 A
b100 >
b1011111010 4
b100101001 3
1(
b1 ?
b100100111 9
b1000000 +
#7630
b0 \
b0 X
b0 U
b0 J
b0 [
b0 W
b0 V
b11111111111111111111111111110011 7
b0 .
b0 K
b0 0
b0 L
b0 1
b0 M
0/
b1011111011 6
0)
#7635
0"
0T
1)
0(
b10010001 B
b100101000 9
b1111110011 +
#7640
b1 Z
b1 J
b1 [
b1 W
b1 U
b1111 V
b0 7
b0 <
b1001 .
b1001 K
b111111111110000 0
b111111111110000 L
b1111111100010111 1
b1111111100010111 M
1/
b1011111100 6
0)
#7645
1"
b1 $
b1 I
b1 R
1T
1)
b10001000 @
b100 >
b1011111100 4
1(
b100101010 3
#7650
0!
b0 Z
b11 Y
b110 \
b110 X
b1110 U
b11010 J
b10100 [
b10100 W
b1100 V
b1 7
b1 <
b0 :
b1010 .
b1010 K
b1011100010111101 0
b1011100010111101 L
b1100101101011110 1
b1100101101011110 M
0*
b1011111101 6
0)
#7655
1)
b101110001 F
b1 +
12
#7660
b1011111110 6
0)
#7665
1)
b101110010 F
#7670
1!
b1 :
1*
b1011111111 6
0)
#7675
b11010 $
b11010 I
b11010 R
1)
b11111011 E
b100 >
b1011111111 4
b100101011 3
1(
b11 ?
b100101001 9
02
#7680
0!
b1 Z
b1111110001 \
b11110001 X
b1101 U
b1111000111 J
b1111010110 [
b11010110 W
b110 V
b11010 7
b0 :
b1011 .
b1011 K
b10100010010101 0
b10100010010101 L
b110011111011010 1
b110011111011010 M
0*
b1100000000 6
0)
#7685
1)
b101110011 F
b11010 +
12
#7690
1!
b1 :
1*
b1100000001 6
0)
#7695
b1111000111 $
b1111000111 I
b1111000111 R
1)
b11111100 E
b10001001 @
b100 >
b1100000001 4
b100101100 3
1(
b10 ?
b100101010 9
02
#7700
0!
b0 Z
b10 Y
b110001 \
b110001 X
b111 U
b110001 J
b0 [
b0 W
b0 V
b11111111111111111111111111000111 7
b0 :
b1100 .
b1100 K
b1000000010000111 0
b1000000010000111 L
b1110111 1
b1110111 M
0*
b1100000010 6
0)
#7705
1)
b101110100 F
b1111000111 +
12
#7710
1!
b1 :
1*
b1100000011 6
0)
#7715
b110001 $
b110001 I
b110001 R
1)
b11111101 E
b10001011 @
b100 >
b1100000011 4
b100101101 3
1(
b10010010 B
b100101011 9
02
#7720
b0 J
b0 \
b0 X
b0 U
b110001 7
b0 .
b0 K
b0 0
b0 L
b0 1
b0 M
0/
b1100000100 6
0)
#7725
0"
0T
1)
0(
b1 ?
b100101100 9
b110001 +
#7730
b0 7
b0 <
b1100000101 6
0)
#7735
1)
#7740
b1 Z
b1100 \
b1100 X
b11100 J
b10000 [
b10000 W
b11 U
b1110 V
b1101 .
b1101 K
b1111100110000100 0
b1111100110000100 L
b110111000111010 1
b110111000111010 M
1/
b1100000110 6
0)
#7745
1"
b11100 $
b11100 I
b11100 R
1T
1)
b100 >
b1100000110 4
1(
b100101110 3
#7750
b0 Z
b11 Y
b1111111100 \
b11111100 X
b100 U
b11 J
b111 [
b111 W
b1001 V
b11100 7
b1 <
b1110 .
b1110 K
b1001111111111111 0
b1001111111111111 L
b1001011010010100 1
b1001011010010100 M
b1100000111 6
0)
#7755
b11 $
b11 I
b11 R
1)
b11111110 E
b100 >
b1100000111 4
b100101111 3
1(
b100101101 9
b11100 +
#7760
b10 Y
b0 \
b0 X
b0 U
b0 J
b0 [
b0 W
b0 V
b11 7
b0 .
b0 K
b0 0
b0 L
b0 1
b0 M
0/
b1100001000 6
0)
#7765
0"
0T
1)
0(
b100101110 9
b11 +
#7770
b1 Z
b11 Y
b1000 \
b1000 X
b1000 J
b0 [
b0 W
b1111 U
b0 V
0!
b0 7
b0 <
b0 :
b1111 .
b1111 K
b1000000011000 0
b1000000011000 L
b11111110111 1
b11111110111 M
1/
1-
b1100001001 6
0)
#7775
b0 $
b0 I
b0 R
1)
b11111111111111111111111111111111 4
#7780
1!
b1 :
0-
b1100001010 6
0)
#7785
1"
b1000 $
b1000 I
b1000 R
1T
1)
b10001101 @
b100 >
b1100001010 4
1(
b100110000 3
b0 +
#7790
b0 Z
b10 Y
b0 \
b0 X
b0 U
b110 J
b110 [
b110 W
b1010 V
b1000 7
b1 <
b0 .
b0 K
b1010111110100 0
b1010111110100 L
b1111101001110000 1
b1111101001110000 M
b1100001011 6
0)
#7795
b110 $
b110 I
b110 R
1)
b11111111 E
b10001110 @
b100 >
b1100001011 4
b100110001 3
1(
b100101111 9
b1000 +
#7800
0!
b1 Z
b1111010110 \
b11010110 X
b111 U
b1111101110 J
b11000 [
b11000 W
b1000 V
b110 7
b0 :
b1 .
b1 K
b11110111011010 0
b11110111011010 L
b1111100001110100 1
b1111100001110100 M
0*
b1100001100 6
0)
#7805
1)
b101110101 F
b110 +
12
#7810
1!
b1 :
1*
b1100001101 6
0)
#7815
b1111101110 $
b1111101110 I
b1111101110 R
1)
b100000000 E
b10000001 A
b10001111 @
b100 >
b1100001101 4
b100110010 3
1(
b10 ?
b100110000 9
02
#7820
0!
b1 U
b0 Z
b0 V
b11 Y
b1 \
b1 X
b1 J
b0 [
b0 W
b11111111111111111111111111101110 7
b0 :
b10 .
b10 K
b1000000011110001 0
b1000000011110001 L
b100001110001 1
b100001110001 M
0*
b1100001110 6
0)
#7825
1)
b101110110 F
b1111101110 +
12
#7830
b1100001111 6
0)
#7835
1)
b101110111 F
#7840
1!
b1 :
1*
b1100010000 6
0)
#7845
b1 $
b1 I
b1 R
1)
b100000001 E
b10000010 A
b10010000 @
b100 >
b1100010000 4
b100110011 3
1(
b11 ?
b10010011 B
b100110001 9
02
#7850
0!
b1 Z
b1111101000 \
b11101000 X
b100 U
b1111010100 J
b1111101100 [
b11101100 W
b100 V
b1 7
b0 :
b11 .
b11 K
b11010110111010 0
b11010110111010 L
b100001001000010 1
b100001001000010 M
0*
b1100010001 6
0)
#7855
1)
b101111000 F
b1 +
12
#7860
b1100010010 6
0)
#7865
1)
b101111001 F
#7870
1!
b1 :
1*
b1100010011 6
0)
#7875
b1111010100 $
b1111010100 I
b1111010100 R
1)
b100000010 E
b100 >
b1100010011 4
b100110100 3
1(
b100110010 9
02
#7880
0!
b1111 U
b0 Z
b10 Y
b1111111111 \
b11111111 X
b1111111001 J
b1111111010 [
b11111010 W
b1110 V
b11111111111111111111111111010100 7
b0 :
b100 .
b100 K
b101111100110001 0
b101111100110001 L
b110111001001111 1
b110111001001111 M
0*
b1100010100 6
0)
#7885
1)
b101111010 F
b1111010100 +
12
#7890
1!
b1 :
1*
b1100010101 6
0)
#7895
b1111111001 $
b1111111001 I
b1111111001 R
1)
b100000011 E
b100 >
b1100010101 4
b100110101 3
1(
b10 ?
b10010100 B
b100110011 9
02
#7900
b0 \
b0 X
b0 U
b0 J
b0 [
b0 W
b0 V
b11111111111111111111111111111001 7
b0 .
b0 K
b0 0
b0 L
b0 1
b0 M
0/
b1100010110 6
0)
#7905
0"
0T
1)
0(
b1 ?
b10010101 B
b100110100 9
b1111111001 +
#7910
b0 7
b0 <
b1100010111 6
0)
#7915
1)
#7920
b1100011000 6
0)
#7925
1)
#7930
b1 Z
b0 \
b0 X
b1111001000 J
b1111001000 [
b11001000 W
b0 U
b1000 V
b101 .
b101 K
b1000011101110111 0
b1000011101110111 L
b100000001000 1
b100000001000 M
0*
1/
b1100011001 6
0)
#7935
0!
1"
b1111001000 $
b1111001000 I
b1111001000 R
1T
1)
b10000100 A
b100 >
b1100011001 4
1(
b100110110 3
#7940
1!
b0 Z
b0 J
b0 [
b0 W
b0 V
b11111111111111111111111111001000 7
b1 <
b0 .
b0 K
b0 0
b0 L
b0 1
b0 M
1*
0/
b1100011010 6
0)
#7945
0"
0T
1)
0(
b10010110 B
b100110101 9
b1111001000 +
#7950
b11 Y
b1111110100 \
b11110100 X
b1111101110 J
b1111111010 [
b11111010 W
b1110 U
b110 V
b0 7
b0 <
b110 .
b110 K
b11110111110110 0
b11110111110110 L
b110110000001110 1
b110110000001110 M
0*
1/
b1100011011 6
0)
#7955
0!
1"
b1111101110 $
b1111101110 I
b1111101110 R
1T
1)
b100 >
b1100011011 4
1(
b100110111 3
#7960
b1 Z
b100 \
b100 X
b1110 U
b1000 J
b100 [
b100 W
b100 V
b11111111111111111111111111101110 7
b1 <
b0 :
b111 .
b111 K
b1110011100011110 0
b1110011100011110 L
b100010011100011 1
b100010011100011 M
b1100011100 6
0)
#7965
1)
b101111011 F
b1111101110 +
12
#7970
b1100011101 6
0)
#7975
1)
b101111100 F
#7980
b1100011110 6
0)
#7985
1)
b101111101 F
#7990
b1100011111 6
0)
#7995
1)
b101111110 F
#8000
b1100100000 6
0)
#8005
1)
b101111111 F
#8010
b1100100001 6
0)
#8015
1)
b110000000 F
#8020
b1100100010 6
0)
#8025
1)
b110000001 F
#8030
b1100100011 6
0)
#8035
1)
b110000010 F
#8040
b1100100100 6
0)
#8045
1)
b110000011 F
#8050
b1100100101 6
0)
#8055
1)
b110000100 F
#8060
b1100100110 6
0)
#8065
1)
b110000101 F
#8070
b1100100111 6
0)
#8075
1)
b110000110 F
#8080
b1100101000 6
0)
#8085
1)
b110000111 F
#8090
b1100101001 6
0)
#8095
1)
b110001000 F
#8100
b1100101010 6
0)
#8105
1)
b110001001 F
#8110
b1100101011 6
0)
#8115
1)
b110001010 F
#8120
1!
b1 :
1*
b1100101100 6
0)
#8125
b1000 $
b1000 I
b1000 R
1)
b100000100 E
b100 >
b1100101100 4
b100111000 3
1(
b10001 ?
b10010111 B
b100110110 9
02
#8130
b0 Z
b10 Y
b1111111001 \
b11111001 X
b111 U
b0 J
b111 [
b111 W
b111 V
b1000 7
b1000 .
b1000 K
b111100011111 0
b111100011111 L
b11100010111 1
b11100010111 M
b1100101101 6
0)
#8135
b0 $
b0 I
b0 R
1)
b100000101 E
b10010010 @
b100 >
b1100101101 4
b100111001 3
1(
b1 ?
b100110111 9
b1000 +
#8140
0!
b1 Z
b1111101100 \
b11101100 X
b100 U
b1111111000 J
b1100 [
b1100 W
b1110 V
b0 7
b0 :
b1001 .
b1001 K
b100000010101011 0
b100000010101011 L
b1100111001001111 1
b1100111001001111 M
0*
b1100101110 6
0)
#8145
1)
b110001011 F
b0 +
12
#8150
b1100101111 6
0)
#8155
1)
b110001100 F
#8160
1!
b1 :
1*
b1100110000 6
0)
#8165
b1111111000 $
b1111111000 I
b1111111000 R
1)
b100000110 E
b100 >
b1100110000 4
b100111010 3
1(
b11 ?
b100111000 9
02
#8170
0!
b0 Z
b11 Y
b1111100000 \
b11100000 X
b1000 U
b10000 J
b110000 [
b110000 W
b1000 V
b11111111111111111111111111111000 7
b0 :
b1010 .
b1010 K
b1111110110100100 0
b1111110110100100 L
b1000000111001000 1
b1000000111001000 M
0*
b1100110001 6
0)
#8175
1)
b110001101 F
b1111111000 +
12
#8180
1!
b1 :
1*
b1100110010 6
0)
#8185
b10000 $
b10000 I
b10000 R
1)
b100000111 E
b10000110 A
b100 >
b1100110010 4
b100111011 3
1(
b10 ?
b10011000 B
b100111001 9
02
#8190
b10 Y
b0 \
b0 X
b0 U
b0 J
b0 [
b0 W
b0 V
b10000 7
b0 .
b0 K
b0 0
b0 L
b0 1
b0 M
0/
b1100110011 6
0)
#8195
0"
0T
1)
0(
b1 ?
b100111010 9
b10000 +
#8200
b1111111001 J
b1111111001 \
b11111001 X
b111 U
b1 Z
b11 Y
b1000 V
b0 7
b0 <
b1011 .
b1011 K
b111100001111 0
b111100001111 L
b1000100001110000 1
b1000100001110000 M
1/
b1100110100 6
0)
#8205
1"
b1111111001 $
b1111111001 I
b1111111001 R
1T
1)
b10001000 A
b10010011 @
b100 >
b1100110100 4
1(
b100111100 3
#8210
b0 Z
b10 Y
b1 [
b1 W
b11 J
b10 \
b10 X
b1110 U
b1 V
b11111111111111111111111111111001 7
b1 <
b1100 .
b1100 K
b100110000011111 0
b100110000011111 L
b1010000110101110 1
b1010000110101110 M
b1100110101 6
0)
#8215
b11 $
b11 I
b11 R
1)
b100001000 E
b100 >
b1100110101 4
b100111101 3
1(
b10011001 B
b100111011 9
b1111111001 +
#8220
b1 Z
b1111110100 \
b11110100 X
b11 U
b1111110100 J
b0 [
b0 W
b100 V
b11 7
b1101 .
b1101 K
b1000110100001100 0
b1000110100001100 L
b110010000110001 1
b110010000110001 M
b1100110110 6
0)
#8225
b1111110100 $
b1111110100 I
b1111110100 R
1)
b100001001 E
b100 >
b1100110110 4
b100111110 3
1(
b100111100 9
b11 +
#8230
0!
b0 Z
b11 Y
b1111001000 [
b11001000 W
b1111001000 J
b0 \
b0 X
b0 U
b1000 V
b11111111111111111111111111110100 7
b0 :
b1110 .
b1110 K
b101110001 0
b101110001 L
b1000000100000000 1
b1000000100000000 M
0*
b1100110111 6
0)
#8235
1)
b110001110 F
b1111110100 +
12
#8240
1!
b1 :
1*
b1100111000 6
0)
#8245
b1111001000 $
b1111001000 I
b1111001000 R
1)
b100001010 E
b10001001 A
b100 >
b1100111000 4
b100111111 3
1(
b10 ?
b10011010 B
b100111101 9
02
#8250
b1 Z
b0 \
b0 X
b1101 U
b101 J
b101 [
b101 W
b1011 V
b11111111111111111111111111001000 7
b1111 .
b1111 K
b100100111110000 0
b100100111110000 L
b1011000111011011 1
b1011000111011011 M
b1100111001 6
0)
#8255
b101 $
b101 I
b101 R
1)
b100001011 E
b100 >
b1100111001 4
b101000000 3
1(
b1 ?
b10011011 B
b100111110 9
b1111001000 +
#8260
b1001 U
b0 Z
b10 Y
b1111111001 \
b11111001 X
b1111100101 J
b1111101100 [
b11101100 W
b101 V
b101 7
b0 .
b0 K
b1001010011000001 0
b1001010011000001 L
b1110010111011001 1
b1110010111011001 M
b1100111010 6
0)
#8265
b1111100101 $
b1111100101 I
b1111100101 R
1)
b100001100 E
b100 >
b1100111010 4
b101000001 3
1(
b100111111 9
b101 +
#8270
0!
b1 Z
b0 \
b0 X
b0 U
b1111111001 J
b1111111001 [
b11111001 W
b111 V
b11111111111111111111111111100101 7
b0 :
b1 .
b1 K
b1111000111110111 0
b1111000111110111 L
b1111011100001111 1
b1111011100001111 M
0*
b1100111011 6
0)
#8275
1)
b110001111 F
b1111100101 +
12
#8280
b1100111100 6
0)
#8285
1)
b110010000 F
#8290
1!
b1 :
1*
b1100111101 6
0)
#8295
b1111111001 $
b1111111001 I
b1111111001 R
1)
b100001101 E
b10010100 @
b100 >
b1100111101 4
b101000010 3
1(
b11 ?
b10011100 B
b101000000 9
02
#8300
b0 Z
b11 Y
b0 \
b0 X
b0 U
b1111111000 J
b1111111000 [
b11111000 W
b1000 V
b11111111111111111111111111111001 7
b10 .
b10 K
b1001100100011011 0
b1001100100011011 L
b1000001101010000 1
b1000001101010000 M
b1100111110 6
0)
#8305
b1111111000 $
b1111111000 I
b1111111000 R
1)
b100001110 E
b10001010 A
b100 >
b1100111110 4
b101000011 3
1(
b1 ?
b10011101 B
b101000001 9
b1111111001 +
#8310
b1 Z
b1010 \
b1010 X
b1011 U
b10000 J
b110 [
b110 W
b10 V
b11111111111111111111111111111000 7
b11 .
b11 K
b101101000111110 0
b101101000111110 L
b10100110111111 1
b10100110111111 M
b1100111111 6
0)
#8315
b10000 $
b10000 I
b10000 R
1)
b100001111 E
b100 >
b1100111111 4
b101000100 3
1(
b10011110 B
b101000010 9
b1111111000 +
#8320
b0 Z
b10 Y
b1111111111 \
b11111111 X
b1 U
b1111000111 J
b1111001000 [
b11001000 W
b111 V
b10000 7
b100 .
b100 K
b1000010001111 0
b1000010001111 L
b11111110001 1
b11111110001 M
b1101000000 6
0)
#8325
b1111000111 $
b1111000111 I
b1111000111 R
1)
b100010000 E
b10010101 @
b100 >
b1101000000 4
b101000101 3
1(
b101000011 9
b10000 +
#8330
b1 Z
b1111111100 \
b11111100 X
b10 U
b11010 J
b11110 [
b11110 W
b110 V
b11111111111111111111111111000111 7
b101 .
b101 K
b111110001011110 0
b111110001011110 L
b1001011000100110 1
b1001011000100110 M
b1101000001 6
0)
#8335
b11010 $
b11010 I
b11010 R
1)
b100010001 E
b100 >
b1101000001 4
b101000110 3
1(
b10011111 B
b101000100 9
b1111000111 +
#8340
b0 Z
b11 Y
b110 \
b110 X
b1110 U
b1001 J
b11 [
b11 W
b1101 V
b11010 7
b110 .
b110 K
b1111000011111101 0
b1111000011111101 L
b1101000010011110 1
b1101000010011110 M
b1101000010 6
0)
#8345
b1001 $
b1001 I
b1001 R
1)
b100010010 E
b100 >
b1101000010 4
b101000111 3
1(
b101000101 9
b11010 +
#8350
0!
b1 Z
b111 \
b111 X
b111 U
b111 J
b0 [
b0 W
b0 V
b1001 7
b0 :
b111 .
b111 K
b11110000001 0
b11110000001 L
b1111000 1
b1111000 M
0*
b1101000011 6
0)
#8355
1)
b110010001 F
b1001 +
12
#8360
b1101000100 6
0)
#8365
1)
b110010010 F
#8370
1!
b1 :
1*
b1101000101 6
0)
#8375
b111 $
b111 I
b111 R
1)
b100010011 E
b10010110 @
b10001011 A
b100 >
b1101000101 4
b101001000 3
1(
b11 ?
b101000110 9
02
#8380
b0 Z
b10 Y
b100 \
b100 X
b1100 U
b1111111101 J
b1111111001 [
b11111001 W
b111 V
b111 7
b1000 .
b1000 K
b110100011111111 0
b110100011111111 L
b111011111001100 1
b111011111001100 M
b1101000110 6
0)
#8385
b1111111101 $
b1111111101 I
b1111111101 R
1)
b100010100 E
b10011000 @
b100 >
b1101000110 4
b101001001 3
1(
b1 ?
b101000111 9
b111 +
#8390
0!
b11 U
b1 Z
b1111110100 \
b11110100 X
b1111110011 J
b1111111111 [
b11111111 W
b1 V
b11111111111111111111111111111101 7
b0 :
b1001 .
b1001 K
b1011001011111100 0
b1011001011111100 L
b1100000100111100 1
b1100000100111100 M
0*
b1101000111 6
0)
#8395
1)
b110010011 F
b1111111101 +
12
#8400
1!
b1 :
1*
b1101001000 6
0)
#8405
b1111110011 $
b1111110011 I
b1111110011 R
1)
b100010101 E
b100 >
b1101001000 4
b101001010 3
1(
b10 ?
b10100000 B
b101001000 9
02
#8410
0!
b0 Z
b0 \
b0 X
b0 U
b0 J
b0 [
b0 W
b0 V
b11111111111111111111111111110011 7
b0 :
b0 .
b0 K
b0 0
b0 L
b0 1
b0 M
0*
0/
b1101001001 6
0)
#8415
1)
b1111110011 +
12
#8420
b11 Y
b1 \
b1 X
b1000 J
b111 [
b111 W
b1111 U
b111 V
b1010 .
b1010 K
b111000100011111 0
b111000100011111 L
b111011100011111 1
b111011100011111 M
1/
b1101001010 6
0)
#8425
1)
b110010100 F
#8430
1!
b1 :
1*
b1101001011 6
0)
#8435
b1000 $
b1000 I
b1000 R
1)
b100010110 E
b10011010 @
b100 >
b1101001011 4
b101001011 3
1(
b11 ?
b10100001 B
b101001001 9
02
#8440
b10 Y
b0 \
b0 X
b0 U
b0 J
b0 [
b0 W
b0 V
b1000 7
b0 .
b0 K
b0 0
b0 L
b0 1
b0 M
0/
b1101001100 6
0)
#8445
0"
0T
1)
0(
b1 ?
b101001010 9
b1000 +
#8450
b0 7
b0 <
0*
b1101001101 6
0)
#8455
1)
#8460
b1 Z
b11 Y
b111 \
b111 X
b1 J
b1111111010 [
b11111010 W
b1 U
b11 V
b1011 .
b1011 K
b1001100111100111 0
b1001100111100111 L
b11100000011011 1
b11100000011011 M
1/
b1101001110 6
0)
#8465
0!
1"
b1 $
b1 I
b1 R
1T
1)
b10001100 A
b100 >
b1101001110 4
1(
b101001100 3
#8470
1!
b0 Z
b10 Y
b0 \
b0 X
b0 U
b0 J
b0 [
b0 W
b0 V
b1 7
b1 <
b0 .
b0 K
b0 0
b0 L
b0 1
b0 M
1*
0/
b1101001111 6
0)
#8475
0"
0T
1)
0(
b101001011 9
b1 +
#8480
b1111110100 J
b1111110100 [
b11110100 W
b1110 V
b0 7
b0 <
b1100 .
b1100 K
b1101101101100001 0
b1101101101100001 L
b1011111000010000 1
b1011111000010000 M
0*
1/
b1101010000 6
0)
#8485
0!
1"
b1111110100 $
b1111110100 I
b1111110100 R
1T
1)
b100 >
b1101010000 4
1(
b101001101 3
#8490
b0 J
b0 [
b0 W
b0 V
b11111111111111111111111111110100 7
b1 <
b0 :
b0 .
b0 K
b0 0
b0 L
b0 1
b0 M
0/
b1101010001 6
0)
#8495
1)
b1111110100 +
12
#8500
b1 U
b1 Z
b1 V
b1101 .
b1101 K
b1111011100000000 0
b1111011100000000 L
b1111000100010000 1
b1111000100010000 M
1/
b1101010010 6
0)
#8505
1)
b110010101 F
#8510
b1101010011 6
0)
#8515
1)
b110010110 F
#8520
b1101010100 6
0)
#8525
1)
b110010111 F
#8530
b1101010101 6
0)
#8535
1)
b110011000 F
#8540
b1101010110 6
0)
#8545
1)
b110011001 F
#8550
b1101010111 6
0)
#8555
1)
b110011010 F
#8560
b1101011000 6
0)
#8565
1)
b110011011 F
#8570
b1101011001 6
0)
#8575
1)
b110011100 F
#8580
b1101011010 6
0)
#8585
1)
b110011101 F
#8590
b1101011011 6
0)
#8595
1)
b110011110 F
#8600
b1101011100 6
0)
#8605
1)
b110011111 F
#8610
b1101011101 6
0)
#8615
1)
b110100000 F
#8620
b1101011110 6
0)
#8625
1)
b110100001 F
#8630
b1101011111 6
0)
#8635
1)
b110100010 F
#8640
b1101100000 6
0)
#8645
1)
b110100011 F
#8650
b1101100001 6
0)
#8655
1)
b110100100 F
#8660
1!
b1 :
1*
b1101100010 6
0)
#8665
b0 $
b0 I
b0 R
1)
b100010111 E
b100 >
b1101100010 4
b101001110 3
1(
b10010 ?
b10100010 B
b101001100 9
02
#8670
b0 Z
b0 U
b0 V
b0 7
b0 .
b0 K
b0 0
b0 L
b0 1
b0 M
0/
b1101100011 6
0)
#8675
0"
0T
1)
0(
b1 ?
b101001101 9
b0 +
#8680
b11 Y
b1111010110 \
b11010110 X
b1110110010 J
b1111011100 [
b11011100 W
b1010 U
b110 V
b0 <
b1110 .
b1110 K
b1010100111 0
b1010100111 L
b110100010011010 1
b110100010011010 M
0*
1/
b1101100100 6
0)
#8685
0!
1"
b1110110010 $
b1110110010 I
b1110110010 R
1T
1)
b10001101 A
b100 >
b1101100100 4
1(
b101001111 3
#8690
1!
b1 Z
b1111110010 \
b11110010 X
b111 U
b0 J
b1110 [
b1110 W
b111 V
b11111111111111111111111110110010 7
b1 <
b1111 .
b1111 K
b11100000101110 0
b11100000101110 L
b111010101111011 1
b111010101111011 M
1*
b1101100101 6
0)
#8695
b0 $
b0 I
b0 R
1)
b100011000 E
b10011100 @
b100 >
b1101100101 4
b101010000 3
1(
b10100011 B
b101001110 9
b1110110010 +
#8700
b0 Z
b10 Y
b1111001000 \
b11001000 X
b1000 U
b1111010000 J
b1000 [
b1000 W
b1111 V
b0 7
b0 .
b0 K
b1000011110000111 0
b1000011110000111 L
b111100001000 1
b111100001000 M
b1101100110 6
0)
#8705
b1111010000 $
b1111010000 I
b1111010000 R
1)
b100011001 E
b10001110 A
b100 >
b1101100110 4
b101010001 3
1(
b101001111 9
b0 +
#8710
b100 U
b1 Z
b1100 \
b1100 X
b11000 J
b1100 [
b1100 W
b1100 V
b11111111111111111111111111010000 7
b1 .
b1 K
b1011110111010011 0
b1011110111010011 L
b1110001001000 1
b1110001001000 M
b1101100111 6
0)
#8715
b11000 $
b11000 I
b11000 R
1)
b100011010 E
b10001111 A
b100 >
b1101100111 4
b101010010 3
1(
b10100100 B
b101010000 9
b1111010000 +
#8720
0!
b0 Z
b11 Y
b11 \
b11 X
b1 U
b1111111101 J
b1111111010 [
b11111010 W
b1101 V
b11000 7
b0 :
b10 .
b10 K
b11111100100011 0
b11111100100011 L
b1101010000100001 1
b1101010000100001 M
0*
b1101101000 6
0)
#8725
1)
b110100101 F
b11000 +
12
#8730
b1101101001 6
0)
#8735
1)
b110100110 F
#8740
b1101101010 6
0)
#8745
1)
b110100111 F
#8750
1!
b1 :
1*
b1101101011 6
0)
#8755
b1111111101 $
b1111111101 I
b1111111101 R
1)
b100011011 E
b100 >
b1101101011 4
b101010011 3
1(
b100 ?
b101010001 9
02
#8760
b10 Y
b0 \
b0 X
b0 U
b0 J
b0 [
b0 W
b0 V
b11111111111111111111111111111101 7
b0 .
b0 K
b0 0
b0 L
b0 1
b0 M
0/
b1101101100 6
0)
#8765
0"
0T
1)
0(
b1 ?
b10100101 B
b101010010 9
b1111111101 +
#8770
b1 Z
b11 Y
b1111111001 J
b1111111001 \
b11111001 X
b1111 U
b0 7
b0 <
b11 .
b11 K
b1000100010000111 0
b1000100010000111 L
b11110111 1
b11110111 M
1/
b1101101101 6
0)
#8775
1"
b1111111001 $
b1111111001 I
b1111111001 R
1T
1)
b10011101 @
b100 >
b1101101101 4
1(
b101010100 3
#8780
0!
b0 Z
b10 Y
b10100 \
b10100 X
b100 U
b110 J
b1111110010 [
b11110010 W
b1110 V
b11111111111111111111111111111001 7
b1 <
b0 :
b100 .
b100 K
b1110101110101 0
b1110101110101 L
b111111010010100 1
b111111010010100 M
0*
b1101101110 6
0)
#8785
1)
b110101000 F
b1111111001 +
12
#8790
1!
b1 :
1*
b1101101111 6
0)
#8795
b110 $
b110 I
b110 R
1)
b100011100 E
b10011110 @
b100 >
b1101101111 4
b101010101 3
1(
b10 ?
b10100110 B
b101010011 9
02
#8800
0!
b1 Z
b10000 \
b10000 X
b1100 U
b1010 J
b1111111010 [
b11111010 W
b1111 V
b110 7
b0 :
b101 .
b101 K
b1010010001101100 0
b1010010001101100 L
b1101111111001010 1
b1101111111001010 M
0*
b1101110000 6
0)
#8805
1)
b110101001 F
b110 +
12
#8810
1!
b1 :
1*
b1101110001 6
0)
#8815
b1010 $
b1010 I
b1010 R
1)
b100011101 E
b100 >
b1101110001 4
b101010110 3
1(
b101010100 9
02
#8820
b0 Z
b0 \
b0 X
b0 U
b0 J
b0 [
b0 W
b0 V
b1010 7
b0 .
b0 K
b0 0
b0 L
b0 1
b0 M
0/
b1101110010 6
0)
#8825
0"
0T
1)
0(
b1 ?
b101010101 9
b1010 +
#8830
b11 Y
b1111001000 J
b1111001000 \
b11001000 X
b1000 U
b111 V
b0 7
b0 <
b110 .
b110 K
b1000100000000111 0
b1000100000000111 L
b111000100011000 1
b111000100011000 M
0*
1/
b1101110011 6
0)
#8835
0!
1"
b1111001000 $
b1111001000 I
b1111001000 R
1T
1)
b10011111 @
b10010000 A
b100 >
b1101110011 4
1(
b101010111 3
#8840
b1 Z
b1111100010 [
b11100010 W
b1111111110 J
b11100 \
b11100 X
b1100 U
b1010 V
b11111111111111111111111111001000 7
b1 <
b0 :
b111 .
b111 K
b1010001001011001 0
b1010001001011001 L
b1010000111000101 1
b1010000111000101 M
b1101110100 6
0)
#8845
1)
b110101010 F
b1111001000 +
12
#8850
1!
b1 :
1*
b1101110101 6
0)
#8855
b1111111110 $
b1111111110 I
b1111111110 R
1)
b100011110 E
b100 >
b1101110101 4
b101011000 3
1(
b10 ?
b10100111 B
b101010110 9
02
#8860
0!
b0 Z
b10 Y
b11000 \
b11000 X
b110 U
b10101 J
b1111111101 [
b11111101 W
b1101 V
b11111111111111111111111111111110 7
b0 :
b1000 .
b1000 K
b110100000010100 0
b110100000010100 L
b1101110110000110 1
b1101110110000110 M
0*
b1101110110 6
0)
#8865
1)
b110101011 F
b1111111110 +
12
#8870
1!
b1 :
1*
b1101110111 6
0)
#8875
b10101 $
b10101 I
b10101 R
1)
b100011111 E
b10010001 A
b100 >
b1101110111 4
b101011001 3
1(
b10101000 B
b101010111 9
02
#8880
0!
b1 Z
b0 \
b0 X
b0 U
b1000 J
b1000 [
b1000 W
b1111 V
b10101 7
b0 :
b1001 .
b1001 K
b111110000001 0
b111110000001 L
b111111100001111 1
b111111100001111 M
0*
b1101111000 6
0)
#8885
1)
b110101100 F
b10101 +
12
#8890
1!
b1 :
1*
b1101111001 6
0)
#8895
b1000 $
b1000 I
b1000 R
1)
b100100000 E
b10100000 @
b100 >
b1101111001 4
b101011010 3
1(
b101011000 9
02
#8900
b0 Z
b0 J
b0 [
b0 W
b0 V
b1000 7
b0 .
b0 K
b0 0
b0 L
b0 1
b0 M
0/
b1101111010 6
0)
#8905
0"
0T
1)
0(
b1 ?
b101011001 9
b1000 +
#8910
b11 Y
b1111011100 \
b11011100 X
b1111000000 J
b1111100100 [
b11100100 W
b110 U
b100 V
b0 7
b0 <
b1010 .
b1010 K
b1001010011010 0
b1001010011010 L
b100110001010110 1
b100110001010110 M
0*
1/
b1101111011 6
0)
#8915
0!
1"
b1111000000 $
b1111000000 I
b1111000000 R
1T
1)
b100 >
b1101111011 4
1(
b101011011 3
#8920
b1 Z
b11 \
b11 X
b11 U
b1111111011 J
b1111111000 [
b11111000 W
b1100 V
b11111111111111111111111111000000 7
b1 <
b0 :
b1011 .
b1011 K
b1110100000100001 0
b1110100000100001 L
b1100011100110101 1
b1100011100110101 M
b1101111100 6
0)
#8925
1)
b110101101 F
b1111000000 +
12
#8930
1!
b1 :
1*
b1101111101 6
0)
#8935
b1111111011 $
b1111111011 I
b1111111011 R
1)
b100100001 E
b10100001 @
b100 >
b1101111101 4
b101011100 3
1(
b10 ?
b10101001 B
b101011010 9
02
#8940
b0 Z
b10 Y
b1111111001 \
b11111001 X
b111 U
b1111111001 J
b0 [
b0 W
b1000 V
b11111111111111111111111111111011 7
b1100 .
b1100 K
b1111111100001111 0
b1111111100001111 L
b111100000010111 1
b111100000010111 M
b1101111110 6
0)
#8945
b1111111001 $
b1111111001 I
b1111111001 R
1)
b100100010 E
b10010010 A
b10100011 @
b100 >
b1101111110 4
b101011101 3
1(
b1 ?
b10101010 B
b101011011 9
b1111111011 +
#8950
b1 Z
b1100 J
b1100 \
b1100 X
b11 U
b1111 V
b11111111111111111111111111111001 7
b1101 .
b1101 K
b1111101100000100 0
b1111101100000100 L
b110111100110101 1
b110111100110101 M
b1101111111 6
0)
#8955
b1100 $
b1100 I
b1100 R
1)
b100100011 E
b100 >
b1101111111 4
b101011110 3
1(
b10101011 B
b101011100 9
b1111111001 +
#8960
b0 Z
b11 Y
b101 [
b101 W
b101 J
b0 \
b0 X
b1101 U
b1111 V
b1100 7
b1110 .
b1110 K
b111010110000 0
b111010110000 L
b1111101111101101 1
b1111101111101101 M
b1110000000 6
0)
#8965
b101 $
b101 I
b101 R
1)
b100100100 E
b100 >
b1110000000 4
b101011111 3
1(
b101011101 9
b1100 +
#8970
b10 Y
b0 U
b0 J
b0 [
b0 W
b0 V
b101 7
b0 .
b0 K
b0 0
b0 L
b0 1
b0 M
0/
b1110000001 6
0)
#8975
0"
0T
1)
0(
b101011110 9
b101 +
#8980
b1 Z
b11 Y
b110001 \
b110001 X
b110000 J
b1111111111 [
b11111111 W
b111 U
b1 V
b0 7
b0 <
b1111 .
b1111 K
b1000111111110111 0
b1000111111110111 L
b1111101110001 1
b1111101110001 M
0*
1/
b1110000010 6
0)
#8985
0!
1"
b110000 $
b110000 I
b110000 R
1T
1)
b10100100 @
b100 >
b1110000010 4
1(
b101100000 3
#8990
1!
b0 Z
b10 Y
b11000 \
b11000 X
b1010 U
b110110 J
b11110 [
b11110 W
b1010 V
b110000 7
b1 <
b0 .
b0 K
b110101110111100 0
b110101110111100 L
b110101001011010 1
b110101001011010 M
1*
b1110000011 6
0)
#8995
b110110 $
b110110 I
b110110 R
1)
b100100101 E
b100 >
b1110000011 4
b101100001 3
1(
b101011111 9
b110000 +
#9000
b1 Z
b10010 \
b10010 X
b1101 U
b11010 J
b1000 [
b1000 W
b1110 V
b110110 7
b1 .
b1 K
b1001001111001010 0
b1001001111001010 L
b111111011010100 1
b111111011010100 M
b1110000100 6
0)
#9005
b11010 $
b11010 I
b11010 R
1)
b100100110 E
b10100101 @
b100 >
b1110000100 4
b101100010 3
1(
b101100000 9
b110110 +
#9010
0!
b0 Z
b11 Y
b1111111000 \
b11111000 X
b1 U
b1111111000 J
b0 [
b0 W
b0 V
b11010 7
b0 :
b10 .
b10 K
b111111110001000 0
b111111110001000 L
b100001110001 1
b100001110001 M
0*
b1110000101 6
0)
#9015
1)
b110101110 F
b11010 +
12
#9020
b1110000110 6
0)
#9025
1)
b110101111 F
#9030
b1110000111 6
0)
#9035
1)
b110110000 F
#9040
b1110001000 6
0)
#9045
1)
b110110001 F
#9050
b1110001001 6
0)
#9055
1)
b110110010 F
#9060
b1110001010 6
0)
#9065
1)
b110110011 F
#9070
b1110001011 6
0)
#9075
1)
b110110100 F
#9080
b1110001100 6
0)
#9085
1)
b110110101 F
#9090
b1110001101 6
0)
#9095
1)
b110110110 F
#9100
b1110001110 6
0)
#9105
1)
b110110111 F
#9110
b1110001111 6
0)
#9115
1)
b110111000 F
#9120
b1110010000 6
0)
#9125
1)
b110111001 F
#9130
b1110010001 6
0)
#9135
1)
b110111010 F
#9140
b1110010010 6
0)
#9145
1)
b110111011 F
#9150
b1110010011 6
0)
#9155
1)
b110111100 F
#9160
b1110010100 6
0)
#9165
1)
b110111101 F
#9170
b1110010101 6
0)
#9175
1)
b110111110 F
#9180
1!
b1 :
1*
b1110010110 6
0)
#9185
b1111111000 $
b1111111000 I
b1111111000 R
1)
b100100111 E
b10010011 A
b10100110 @
b100 >
b1110010110 4
b101100011 3
1(
b10010 ?
b101100001 9
02
#9190
b1 Z
b101 \
b101 X
b1 U
b11101 J
b11000 [
b11000 W
b1100 V
b11111111111111111111111111111000 7
b11 .
b11 K
b1011111010100101 0
b1011111010100101 L
b1100101100010110 1
b1100101100010110 M
b1110010111 6
0)
#9195
b11101 $
b11101 I
b11101 R
1)
b100101000 E
b100 >
b1110010111 4
b101100100 3
1(
b1 ?
b10101100 B
b101100010 9
b1111111000 +
#9200
b0 Z
b10 Y
b1111101000 \
b11101000 X
b11 U
b1111101000 J
b0 [
b0 W
b11 V
b11101 7
b100 .
b100 K
b1111101100001000 0
b1111101100001000 L
b10001111010011 1
b10001111010011 M
b1110011000 6
0)
#9205
b1111101000 $
b1111101000 I
b1111101000 R
1)
b100101001 E
b100 >
b1110011000 4
b101100101 3
1(
b101100011 9
b11101 +
#9210
b1 Z
b1000 [
b1000 W
b111 J
b1111111111 \
b11111111 X
b1111 U
b1111 V
b11111111111111111111111111101000 7
b101 .
b101 K
b111110000001 0
b111110000001 L
b111111110000 1
b111111110000 M
b1110011001 6
0)
#9215
b111 $
b111 I
b111 R
1)
b100101010 E
b100 >
b1110011001 4
b101100110 3
1(
b10101101 B
b101100100 9
b1111101000 +
#9220
b0 Z
b0 \
b0 X
b0 U
b0 J
b0 [
b0 W
b0 V
b111 7
b0 .
b0 K
b0 0
b0 L
b0 1
b0 M
0/
b1110011010 6
0)
#9225
0"
0T
1)
0(
b101100101 9
b111 +
#9230
b11 Y
b100011 \
b100011 X
b101000 J
b101 [
b101 W
b1011 U
b1011 V
b0 7
b0 <
b110 .
b110 K
b11000011111001 0
b11000011111001 L
b1011001000111011 1
b1011001000111011 M
1/
b1110011011 6
0)
#9235
1"
b101000 $
b101000 I
b101000 R
1T
1)
b100 >
b1110011011 4
1(
b101100111 3
#9240
0!
b1 Z
b1111100010 \
b11100010 X
b110 U
b1110110010 J
b1111010000 [
b11010000 W
b110 V
b101000 7
b1 <
b0 :
b111 .
b111 K
b1011011110001011 0
b1011011110001011 L
b110100001101110 1
b110100001101110 M
0*
b1110011100 6
0)
#9245
1)
b110111111 F
b101000 +
12
#9250
b1110011101 6
0)
#9255
1)
b111000000 F
#9260
1!
b1 :
1*
b1110011110 6
0)
#9265
b1110110010 $
b1110110010 I
b1110110010 R
1)
b100101011 E
b10010100 A
b100 >
b1110011110 4
b101101000 3
1(
b11 ?
b101100110 9
02
#9270
b0 Z
b10 Y
b1000 \
b1000 X
b1000 U
b1000 J
b0 [
b0 W
b111 V
b11111111111111111111111110110010 7
b1000 .
b1000 K
b111000100001111 0
b111000100001111 L
b111011100001000 1
b111011100001000 M
b1110011111 6
0)
#9275
b1000 $
b1000 I
b1000 R
1)
b100101100 E
b10101000 @
b10010101 A
b100 >
b1110011111 4
b101101001 3
1(
b1 ?
b10101110 B
b101100111 9
b1110110010 +
#9280
b1 Z
b1100 [
b1100 W
b1100 J
b0 \
b0 X
b0 U
b110 V
b1000 7
b1001 .
b1001 K
b111110000101000 0
b111110000101000 L
b1000011000000000 1
b1000011000000000 M
b1110100000 6
0)
#9285
b1100 $
b1100 I
b1100 R
1)
b100101101 E
b10010110 A
b100 >
b1110100000 4
b101101010 3
1(
b101101000 9
b1000 +
#9290
b0 Z
b11 Y
b1111101011 \
b11101011 X
b111 U
b1111010011 J
b1111101000 [
b11101000 W
b1010 V
b1100 7
b1010 .
b1010 K
b1101011101001101 0
b1101011101001101 L
b1010100110010111 1
b1010100110010111 M
b1110100001 6
0)
#9295
b1111010011 $
b1111010011 I
b1111010011 R
1)
b100101110 E
b10101001 @
b100 >
b1110100001 4
b101101011 3
1(
b101101001 9
b1100 +
#9300
0!
b1 Z
b1111111111 \
b11111111 X
b1 U
b111 J
b1000 [
b1000 W
b1111 V
b11111111111111111111111111010011 7
b0 :
b1011 .
b1011 K
b10001111 0
b10001111 L
b1111011100010001 1
b1111011100010001 M
0*
b1110100010 6
0)
#9305
1)
b111000001 F
b1111010011 +
12
#9310
b1110100011 6
0)
#9315
1)
b111000010 F
#9320
1!
b1 :
1*
b1110100100 6
0)
#9325
b111 $
b111 I
b111 R
1)
b100101111 E
b10101010 @
b100 >
b1110100100 4
b101101100 3
1(
b11 ?
b10101111 B
b101101010 9
02
#9330
b0 Z
b10 Y
b0 \
b0 X
b0 U
b0 J
b0 [
b0 W
b0 V
b111 7
b0 .
b0 K
b0 0
b0 L
b0 1
b0 M
0/
b1110100101 6
0)
#9335
0"
0T
1)
0(
b1 ?
b101101011 9
b111 +
#9340
b100 \
b100 X
b10000 J
b1100 [
b1100 W
b1110 U
b1100 V
b0 7
b0 <
b1100 .
b1100 K
b110001111011110 0
b110001111011110 L
b1001110000011110 1
b1001110000011110 M
1/
b1110100110 6
0)
#9345
1"
b10000 $
b10000 I
b10000 R
1T
1)
b100 >
b1110100110 4
1(
b101101101 3
#9350
b1 Z
b1100 \
b1100 X
b110 U
b1111101100 J
b1111100000 [
b11100000 W
b100 V
b10000 7
b1 <
b1101 .
b1101 K
b111001010000010 0
b111001010000010 L
b11010001100010 1
b11010001100010 M
b1110100111 6
0)
#9355
b1111101100 $
b1111101100 I
b1111101100 R
1)
b100110000 E
b100 >
b1110100111 4
b101101110 3
1(
b101101100 9
b10000 +
#9360
b0 Z
b0 \
b0 X
b0 U
b0 J
b0 [
b0 W
b0 V
b11111111111111111111111111101100 7
b0 .
b0 K
b0 0
b0 L
b0 1
b0 M
0/
b1110101000 6
0)
#9365
0"
0T
1)
0(
b10110000 B
b101101101 9
b1111101100 +
#9370
b11 Y
b1111111001 J
b1111111001 [
b11111001 W
b111 V
b0 7
b0 <
b1110 .
b1110 K
b111100011110001 0
b111100011110001 L
b111100001110000 1
b111100001110000 M
0*
1/
b1110101001 6
0)
#9375
0!
1"
b1111111001 $
b1111111001 I
b1111111001 R
1T
1)
b10010111 A
b10101100 @
b100 >
b1110101001 4
1(
b101101111 3
#9380
1!
b1 Z
b0 \
b0 X
b0 U
b0 J
b0 [
b0 W
b0 V
b11111111111111111111111111111001 7
b1 <
b1111 .
b1111 K
b1100001100001010 0
b1100001100001010 L
b10000001100 1
b10000001100 M
1*
b1110101010 6
0)
#9385
b0 $
b0 I
b0 R
1)
b100110001 E
b100 >
b1110101010 4
b101110000 3
1(
b10110001 B
b101101110 9
b1111111001 +
#9390
b0 Z
b10 Y
b1111111010 [
b11111010 W
b11101 J
b100011 \
b100011 X
b1001 U
b1110 V
b0 7
b0 .
b0 K
b1111000100111011 0
b1111000100111011 L
b101111010111001 1
b101111010111001 M
b1110101011 6
0)
#9395
b11101 $
b11101 I
b11101 R
1)
b100110010 E
b100 >
b1110101011 4
b101110001 3
1(
b101101111 9
b0 +
#9400
0!
b1 Z
b0 \
b0 X
b1000 U
b0 J
b0 [
b0 W
b0 V
b11101 7
b0 :
b1 .
b1 K
b11111110000 0
b11111110000 L
b10000111 1
b10000111 M
0*
b1110101100 6
0)
#9405
1)
b111000011 F
b11101 +
12
#9410
1!
b1 :
1*
b1110101101 6
0)
#9415
b0 $
b0 I
b0 R
1)
b100110011 E
b10011000 A
b10101101 @
b100 >
b1110101101 4
b101110010 3
1(
b10 ?
b101110000 9
02
#9420
b0 Z
b11 Y
b1000 \
b1000 X
b100 U
b10110 J
b1110 [
b1110 W
b10 V
b0 7
b10 .
b10 K
b1111001101110010 0
b1111001101110010 L
b10100100100100 1
b10100100100100 M
b1110101110 6
0)
#9425
b10110 $
b10110 I
b10110 R
1)
b100110100 E
b100 >
b1110101110 4
b101110011 3
1(
b1 ?
b101110001 9
b0 +
#9430
0!
b1 Z
b1111111010 \
b11111010 X
b11 U
b11010 J
b100000 [
b100000 W
b1100 V
b10110 7
b0 :
b11 .
b11 K
b100011010001110 0
b100011010001110 L
b1100110000111111 1
b1100110000111111 M
0*
b1110101111 6
0)
#9435
1)
b111000100 F
b10110 +
12
#9440
b1110110000 6
0)
#9445
1)
b111000101 F
#9450
b1110110001 6
0)
#9455
1)
b111000110 F
#9460
1!
b1 :
1*
b1110110010 6
0)
#9465
b11010 $
b11010 I
b11010 R
1)
b100110101 E
b100 >
b1110110010 4
b101110100 3
1(
b100 ?
b101110010 9
02
#9470
0!
b0 Z
b10 Y
b0 \
b0 X
b0 U
b0 J
b0 [
b0 W
b0 V
b11010 7
b0 :
b0 .
b0 K
b0 0
b0 L
b0 1
b0 M
0*
0/
b1110110011 6
0)
#9475
1)
b11010 +
12
#9480
b111 \
b111 X
b1000 J
b1 [
b1 W
b1 U
b1111 V
b100 .
b100 K
b111100011110111 0
b111100011110111 L
b111100010001 1
b111100010001 M
1/
b1110110100 6
0)
#9485
1)
b111000111 F
#9490
1!
b1 :
1*
b1110110101 6
0)
#9495
b1000 $
b1000 I
b1000 R
1)
b100110110 E
b100 >
b1110110101 4
b101110101 3
1(
b11 ?
b101110011 9
02
#9500
b1 Z
b1111111010 \
b11111010 X
b1111111010 J
b0 [
b0 W
b0 V
b1000 7
b101 .
b101 K
b1101101011101010 0
b1101101011101010 L
b10000000010001 1
b10000000010001 M
b1110110110 6
0)
#9505
b1111111010 $
b1111111010 I
b1111111010 R
1)
b100110111 E
b100 >
b1110110110 4
b101110110 3
1(
b1 ?
b101110100 9
b1000 +
#9510
b0 Z
b11 Y
b101 \
b101 X
b1 U
b1111110011 J
b1111101110 [
b11101110 W
b11 V
b11111111111111111111111111111010 7
b110 .
b110 K
b10011110100101 0
b10011110100101 L
b11011000110001 1
b11011000110001 M
b1110110111 6
0)
#9515
b1111110011 $
b1111110011 I
b1111110011 R
1)
b100111000 E
b100 >
b1110110111 4
b101110111 3
1(
b10110010 B
b101110101 9
b1111111010 +
#9520
0!
b1 Z
b0 \
b0 X
b0 U
b1111111001 J
b1111111001 [
b11111001 W
b1111 V
b11111111111111111111111111110011 7
b0 :
b111 .
b111 K
b111000001111000 0
b111000001111000 L
b1111000000000111 1
b1111000000000111 M
0*
b1110111000 6
0)
#9525
1)
b111001000 F
b1111110011 +
12
#9530
b1110111001 6
0)
#9535
1)
b111001001 F
#9540
b1110111010 6
0)
#9545
1)
b111001010 F
#9550
b1110111011 6
0)
#9555
1)
b111001011 F
#9560
b1110111100 6
0)
#9565
1)
b111001100 F
#9570
b1110111101 6
0)
#9575
1)
b111001101 F
#9580
b1110111110 6
0)
#9585
1)
b111001110 F
#9590
b1110111111 6
0)
#9595
1)
b111001111 F
#9600
b1111000000 6
0)
#9605
1)
b111010000 F
#9610
b1111000001 6
0)
#9615
1)
b111010001 F
#9620
b1111000010 6
0)
#9625
1)
b111010010 F
#9630
b1111000011 6
0)
#9635
1)
b111010011 F
#9640
b1111000100 6
0)
#9645
1)
b111010100 F
#9650
b1111000101 6
0)
#9655
1)
b111010101 F
#9660
b1111000110 6
0)
#9665
1)
b111010110 F
#9670
b1111000111 6
0)
#9675
1)
b111010111 F
#9680
b1111001000 6
0)
#9685
1)
b111011000 F
#9690
b1111001001 6
0)
#9695
1)
b111011001 F
#9700
b1111001010 6
0)
#9705
1)
b111011010 F
#9710
b1111001011 6
0)
#9715
1)
b111011011 F
#9720
b1111001100 6
0)
#9725
1)
b111011100 F
#9730
1!
b1 :
1*
b1111001101 6
0)
#9735
b1111111001 $
b1111111001 I
b1111111001 R
1)
b100111001 E
b10101110 @
b100 >
b1111001101 4
b101111000 3
1(
b10110 ?
b10110011 B
b101110110 9
02
#9740
b0 Z
b10 Y
b1111010000 \
b11010000 X
b1000 U
b1111011110 J
b1110 [
b1110 W
b1001 V
b11111111111111111111111111111001 7
b1000 .
b1000 K
b1011000111100110 0
b1011000111100110 L
b100100111101000 1
b100100111101000 M
b1111001110 6
0)
#9745
b1111011110 $
b1111011110 I
b1111011110 R
1)
b100111010 E
b10011001 A
b100 >
b1111001110 4
b101111001 3
1(
b1 ?
b10110100 B
b101110111 9
b1111111001 +
#9750
b0 \
b0 X
b0 U
b0 J
b0 [
b0 W
b0 V
b11111111111111111111111111011110 7
b0 .
b0 K
b0 0
b0 L
b0 1
b0 M
0/
b1111001111 6
0)
#9755
0"
0T
1)
0(
b10110101 B
b101111000 9
b1111011110 +
#9760
b1 Z
b111 \
b111 X
b110001 J
b101010 [
b101010 W
b1111 U
b1001 V
b0 7
b0 <
b1001 .
b1001 K
b10101010101001 0
b10101010101001 L
b1100100111111110 1
b1100100111111110 M
1/
b1111010000 6
0)
#9765
1"
b110001 $
b110001 I
b110001 R
1T
1)
b100 >
b1111010000 4
1(
b101111010 3
#9770
b0 Z
b0 \
b0 X
b0 U
b0 J
b0 [
b0 W
b0 V
b110001 7
b1 <
b0 .
b0 K
b0 0
b0 L
b0 1
b0 M
0/
b1111010001 6
0)
#9775
0"
0T
1)
0(
b101111001 9
b110001 +
#9780
b0 7
b0 <
b1111010010 6
0)
#9785
1)
#9790
b11 Y
b1111111001 \
b11111001 X
b1111111001 J
b0 [
b0 W
b111 U
b0 V
b1010 .
b1010 K
b1000000010001111 0
b1000000010001111 L
b11110000111 1
b11110000111 M
1/
b1111010011 6
0)
#9795
1"
b1111111001 $
b1111111001 I
b1111111001 R
1T
1)
b10011010 A
b10110000 @
b100 >
b1111010011 4
1(
b101111011 3
#9800
0!
b1 Z
b1110 \
b1110 X
b10 U
b1111101110 J
b1111100000 [
b11100000 W
b1000 V
b11111111111111111111111111111001 7
b1 <
b0 :
b1011 .
b1011 K
b1101001001000111 0
b1101001001000111 L
b1000001000101110 1
b1000001000101110 M
0*
b1111010100 6
0)
#9805
1)
b111011101 F
b1111111001 +
12
#9810
b1111010101 6
0)
#9815
1)
b111011110 F
#9820
1!
b1 :
1*
b1111010110 6
0)
#9825
b1111101110 $
b1111101110 I
b1111101110 R
1)
b100111011 E
b10011011 A
b100 >
b1111010110 4
b101111100 3
1(
b11 ?
b10110110 B
b101111010 9
02
#9830
b0 Z
b10 Y
b0 \
b0 X
b0 U
b0 J
b0 [
b0 W
b0 V
b11111111111111111111111111101110 7
b0 .
b0 K
b0 0
b0 L
b0 1
b0 M
0/
b1111010111 6
0)
#9835
0"
0T
1)
0(
b1 ?
b10110111 B
b101111011 9
b1111101110 +
#9840
b1111110010 \
b11110010 X
b1111000001 J
b1111001111 [
b11001111 W
b1001 U
b1001 V
b0 7
b0 <
b1100 .
b1100 K
b10001110010 0
b10001110010 L
b1010100101011001 1
b1010100101011001 M
0*
1/
b1111011000 6
0)
#9845
0!
1"
b1111000001 $
b1111000001 I
b1111000001 R
1T
1)
b100 >
b1111011000 4
1(
b101111101 3
#9850
b1 Z
b1000 \
b1000 X
b1000 U
b1000 J
b0 [
b0 W
b1000 V
b11111111111111111111111111000001 7
b1 <
b0 :
b1101 .
b1101 K
b1100000001111 0
b1100000001111 L
b100010000001 1
b100010000001 M
b1111011001 6
0)
#9855
1)
b111011111 F
b1111000001 +
12
#9860
b1111011010 6
0)
#9865
1)
b111100000 F
#9870
b1111011011 6
0)
#9875
1)
b111100001 F
#9880
1!
b1 :
1*
b1111011100 6
0)
#9885
b1000 $
b1000 I
b1000 R
1)
b100111100 E
b10011101 A
b100 >
b1111011100 4
b101111110 3
1(
b100 ?
b10111000 B
b101111100 9
02
#9890
0!
b0 Z
b0 J
b0 \
b0 X
b0 U
b0 V
b1000 7
b0 :
b0 .
b0 K
b0 0
b0 L
b0 1
b0 M
0*
0/
b1111011101 6
0)
#9895
1)
b1000 +
12
#9900
1!
b1 :
1*
b1111011110 6
0)
#9905
0"
0T
1)
0(
b10 ?
b101111101 9
02
#9910
b11 Y
b1111111000 \
b11111000 X
b1000 J
b10000 [
b10000 W
b10 U
b1000 V
b0 7
b0 <
b1110 .
b1110 K
b1010110011101100 0
b1010110011101100 L
b1000101011010010 1
b1000101011010010 M
1/
b1111011111 6
0)
#9915
1"
1T
1)
b10011110 A
b100 >
b1111011111 4
1(
b101111111 3
#9920
b1 Z
b1111110100 \
b11110100 X
b11 U
b1111111010 J
b110 [
b110 W
b11 V
b1000 7
b1 <
b1111 .
b1111 K
b111100101100 0
b111100101100 L
b11010100110011 1
b11010100110011 M
b1111100000 6
0)
#9925
b1111111010 $
b1111111010 I
b1111111010 R
1)
b100111101 E
b100 >
b1111100000 4
b110000000 3
1(
b1 ?
b101111110 9
#9930
b0 Z
b10 Y
b1 \
b1 X
b1 U
b1 J
b0 [
b0 W
b0 V
b11111111111111111111111111111010 7
b0 .
b0 K
b11110001 0
b11110001 L
b1111000010000001 1
b1111000010000001 M
b1111100001 6
0)
#9935
b1 $
b1 I
b1 R
1)
b100111110 E
b10011111 A
b100 >
b1111100001 4
b110000001 3
1(
b10111001 B
b101111111 9
b1111111010 +
#9940
b0 J
b0 \
b0 X
b0 U
b1 7
b0 0
b0 L
b0 1
b0 M
0/
b1111100010 6
0)
#9945
0"
0T
1)
0(
b110000000 9
b1 +
#9950
b1111100100 J
b1111100100 \
b11100100 X
b1100 U
b1 Z
b0 7
b0 <
b1 .
b1 K
b1100001110110111 0
b1100001110110111 L
b1000000011000000 1
b1000000011000000 M
1/
b1111100011 6
0)
#9955
1"
b1111100100 $
b1111100100 I
b1111100100 R
1T
1)
b10100000 A
b100 >
b1111100011 4
1(
b110000010 3
#9960
b0 Z
b0 J
b0 \
b0 X
b0 U
b11111111111111111111111111100100 7
b1 <
b0 .
b0 K
b0 0
b0 L
b0 1
b0 M
0/
b1111100100 6
0)
#9965
0"
0T
1)
0(
b10111010 B
b110000001 9
b1111100100 +
#9970
b11 Y
b100 \
b100 X
b101100 J
b101000 [
b101000 W
b1111 U
b1000 V
b0 7
b0 <
b10 .
b10 K
b1110100110111100 0
b1110100110111100 L
b1000101001001111 1
b1000101001001111 M
1/
b1111100101 6
0)
#9975
1"
b101100 $
b101100 I
b101100 R
1T
1)
b10100001 A
b100 >
b1111100101 4
1(
b110000011 3
#9980
0!
b111 U
b1 Z
b0 \
b0 X
b1111111001 J
b1111111001 [
b11111001 W
b1111 V
b101100 7
b1 <
b0 :
b11 .
b11 K
b111011101110000 0
b111011101110000 L
b1111000001111111 1
b1111000001111111 M
0*
b1111100110 6
0)
#9985
1)
b111100010 F
b101100 +
12
#9990
1!
b1 :
1*
b1111100111 6
0)
#9995
b1111111001 $
b1111111001 I
b1111111001 R
1)
b100111111 E
b10110001 @
b100 >
b1111100111 4
b110000100 3
1(
b10 ?
b110000010 9
02
#10000
0!
b0 Z
b10 Y
b1111001000 \
b11001000 X
b1000 U
b1111001010 J
b10 [
b10 W
b1111 V
b11111111111111111111111111111001 7
b0 :
b100 .
b100 K
b100001111100111 0
b100001111100111 L
b110111100111000 1
b110111100111000 M
0*
b1111101000 6
0)
#10005
1)
b111100011 F
b1111111001 +
12
#10010
1!
b1 :
1*
b1111101001 6
0)
#10015
b1111001010 $
b1111001010 I
b1111001010 R
1)
b101000000 E
b10100010 A
b100 >
b1111101001 4
b110000101 3
1(
b10111011 B
b110000011 9
02
#10020
b1 Z
b1010 \
b1010 X
b1110 U
b1111111010 J
b1111110000 [
b11110000 W
b10 V
b11111111111111111111111111001010 7
b101 .
b101 K
b100101010001011 0
b100101010001011 L
b1000001011100110 1
b1000001011100110 M
b1111101010 6
0)
#10025
b1111111010 $
b1111111010 I
b1111111010 R
1)
b101000001 E
b10100011 A
b100 >
b1111101010 4
b110000110 3
1(
b1 ?
b10111100 B
b110000100 9
b1111001010 +
#10030
0!
b0 Z
b0 \
b0 X
b0 U
b0 J
b0 [
b0 W
b0 V
b11111111111111111111111111111010 7
b0 :
b0 .
b0 K
b0 0
b0 L
b0 1
b0 M
0*
0/
b1111101011 6
0)
#10035
1)
b1111111010 +
12
#10040
1!
b1 :
1*
b1111101100 6
0)
#10045
0"
0T
1)
0(
b10 ?
b10111101 B
b110000101 9
02
#10050
b0 7
b0 <
0*
b1111101101 6
0)
#10055
1)
#10060
1*
b1111101110 6
0)
#10065
1)
#10070
b11 Y
b1111111111 J
b1111111111 [
b11111111 W
b1111 V
b110 .
b110 K
b111000100010001 0
b111000100010001 L
b1111011110000000 1
b1111011110000000 M
0*
1/
b1111101111 6
0)
#10075
0!
1"
b1111111111 $
b1111111111 I
b1111111111 R
1T
1)
b10110010 @
b10100100 A
b100 >
b1111101111 4
1(
b110000111 3
#10080
b1 Z
b0 \
b0 X
b0 U
b0 J
b0 [
b0 W
b0 V
b11111111111111111111111111111111 7
b1 <
b0 :
b111 .
b111 K
b11111111110101 0
b11111111110101 L
b100000001000 1
b100000001000 M
b1111110000 6
0)
#10085
1)
b111100100 F
b1111111111 +
12
#10090
b1111110001 6
0)
#10095
1)
b111100101 F
#10100
b1111110010 6
0)
#10105
1)
b111100110 F
#10110
b1111110011 6
0)
#10115
1)
b111100111 F
#10120
b1111110100 6
0)
#10125
1)
b111101000 F
#10130
b1111110101 6
0)
#10135
1)
b111101001 F
#10140
b1111110110 6
0)
#10145
1)
b111101010 F
#10150
b1111110111 6
0)
#10155
1)
b111101011 F
#10160
b1111111000 6
0)
#10165
1)
b111101100 F
#10170
b1111111001 6
0)
#10175
1)
b111101101 F
#10180
b1111111010 6
0)
#10185
1)
b111101110 F
#10190
b1111111011 6
0)
#10195
1)
b111101111 F
#10200
b1111111100 6
0)
#10205
1)
b111110000 F
#10210
b1111111101 6
0)
#10215
1)
b111110001 F
#10220
b1111111110 6
0)
#10225
1)
b111110010 F
#10230
b1111111111 6
0)
#10235
1)
b111110011 F
#10240
1!
b1 :
1*
b10000000000 6
0)
#10245
b0 $
b0 I
b0 R
1)
b101000010 E
b10100110 A
b100 >
b10000000000 4
b110001000 3
1(
b10001 ?
b10111110 B
b110000110 9
02
#10250
0!
b0 Z
b10 Y
b0 7
b0 :
b0 .
b0 K
b0 0
b0 L
b0 1
b0 M
0*
0/
b10000000001 6
0)
#10255
1)
b0 +
12
#10260
b1111111110 \
b11111110 X
b100001 J
b100011 [
b100011 W
b1110 U
b101 V
b1000 .
b1000 K
b1101111001110001 0
b1101111001110001 L
b10100101110 1
b10100101110 M
1/
b10000000010 6
0)
#10265
1)
b111110100 F
#10270
1!
b1 :
1*
b10000000011 6
0)
#10275
b100001 $
b100001 I
b100001 R
1)
b101000011 E
b100 >
b10000000011 4
b110001001 3
1(
b11 ?
b110000111 9
02
#10280
b1 Z
b0 \
b0 X
b0 U
b1111001000 J
b1111001000 [
b11001000 W
b111 V
b100001 7
b1001 .
b1001 K
b1000000010000000 0
b1000000010000000 L
b11100000001 1
b11100000001 M
b10000000100 6
0)
#10285
b1111001000 $
b1111001000 I
b1111001000 R
1)
b101000100 E
b10110011 @
b100 >
b10000000100 4
b110001010 3
1(
b1 ?
b110001000 9
b100001 +
#10290
0!
b0 Z
b11 Y
b101010 \
b101010 X
b111 U
b100110 J
b1111111100 [
b11111100 W
b10 V
b11111111111111111111111111001000 7
b0 :
b1010 .
b1010 K
b1110100111100110 0
b1110100111100110 L
b10110111110111 1
b10110111110111 M
0*
b10000000101 6
0)
#10295
1)
b111110101 F
b1111001000 +
12
#10300
1!
b1 :
1*
b10000000110 6
0)
#10305
b100110 $
b100110 I
b100110 R
1)
b101000101 E
b10110100 @
b100 >
b10000000110 4
b110001011 3
1(
b10 ?
b10111111 B
b110001001 9
02
#10310
b1 Z
b1111011101 \
b11011101 X
b1001 U
b1111101001 J
b1100 [
b1100 W
b1101 V
b100110 7
b1011 .
b1011 K
b1000000111000101 0
b1000000111000101 L
b1101011010010011 1
b1101011010010011 M
b10000000111 6
0)
#10315
b1111101001 $
b1111101001 I
b1111101001 R
1)
b101000110 E
b100 >
b10000000111 4
b110001100 3
1(
b1 ?
b110001010 9
b100110 +
#10320
b0 Z
b10 Y
b0 \
b0 X
b1000 U
b1111001000 J
b1111001000 [
b11001000 W
b1000 V
b11111111111111111111111111101001 7
b1100 .
b1100 K
b111101110000 0
b111101110000 L
b111100001111000 1
b111100001111000 M
b10000001000 6
0)
#10325
b1111001000 $
b1111001000 I
b1111001000 R
1)
b101000111 E
b10110110 @
b10101000 A
b100 >
b10000001000 4
b110001101 3
1(
b11000000 B
b110001011 9
b1111101001 +
#10330
0!
b1 Z
b10010 \
b10010 X
b1101 U
b110000 J
b11110 [
b11110 W
b110 V
b11111111111111111111111111001000 7
b0 :
b1101 .
b1101 K
b100001001011010 0
b100001001011010 L
b100011011011011 1
b100011011011011 M
0*
b10000001001 6
0)
#10335
1)
b111110110 F
b1111001000 +
12
#10340
1!
b1 :
1*
b10000001010 6
0)
#10345
b110000 $
b110000 I
b110000 R
1)
b101001000 E
b100 >
b10000001010 4
b110001110 3
1(
b10 ?
b11000001 B
b110001100 9
02
#10350
0!
b0 Z
b11 Y
b1111110000 \
b11110000 X
b10 U
b1111111110 J
b1110 [
b1110 W
b1110 V
b110000 7
b0 :
b1110 .
b1110 K
b1111110010011000 0
b1111110010011000 L
b1110111110010010 1
b1110111110010010 M
0*
b10000001011 6
0)
#10355
1)
b111110111 F
b110000 +
12
#10360
1!
b1 :
1*
b10000001100 6
0)
#10365
b1111111110 $
b1111111110 I
b1111111110 R
1)
b101001001 E
b100 >
b10000001100 4
b110001111 3
1(
b110001101 9
02
#10370
b10 Y
b0 \
b0 X
b0 U
b0 J
b0 [
b0 W
b0 V
b11111111111111111111111111111110 7
b0 .
b0 K
b0 0
b0 L
b0 1
b0 M
0/
b10000001101 6
0)
#10375
0"
0T
1)
0(
b1 ?
b11000010 B
b110001110 9
b1111111110 +
#10380
b1 Z
b11 Y
b1111111000 J
b1111111000 \
b11111000 X
b1 U
b1000 V
b0 7
b0 <
b1111 .
b1111 K
b1000100000001000 0
b1000100000001000 L
b1000100000011111 1
b1000100000011111 M
1/
b10000001110 6
0)
#10385
1"
b1111111000 $
b1111111000 I
b1111111000 R
1T
1)
b10101010 A
b100 >
b10000001110 4
1(
b110010000 3
#10390
0!
b0 Z
b10 Y
b1100 [
b1100 W
b110100 J
b101000 \
b101000 X
b1011 U
b1100 V
b11111111111111111111111111111000 7
b1 <
b0 :
b0 .
b0 K
b1100111111011000 0
b1100111111011000 L
b101110001111011 1
b101110001111011 M
0*
b10000001111 6
0)
#10395
1)
b111111000 F
b1111111000 +
12
#10400
1!
b1 :
1*
b10000010000 6
0)
#10405
b110100 $
b110100 I
b110100 R
1)
b101001010 E
b10110111 @
b100 >
b10000010000 4
b110010001 3
1(
b10 ?
b11000011 B
b110001111 9
02
#10410
b11 U
b1 Z
b1001 \
b1001 X
b1111111011 J
b1111110010 [
b11110010 W
b111 V
b110100 7
b1 .
b1 K
b1010111111100011 0
b1010111111100011 L
b1010011100111011 1
b1010011100111011 M
b10000010001 6
0)
#10415
b1111111011 $
b1111111011 I
b1111111011 R
1)
b101001011 E
b10111000 @
b100 >
b10000010001 4
b110010010 3
1(
b1 ?
b110010000 9
b110100 +
#10420
0!
b0 Z
b11 Y
b0 \
b0 X
b0 U
b0 J
b0 [
b0 W
b0 V
b11111111111111111111111111111011 7
b0 :
b10 .
b10 K
b111100010000000 0
b111100010000000 L
b100001110000 1
b100001110000 M
0*
b10000010010 6
0)
#10425
1)
b111111001 F
b1111111011 +
12
#10430
1!
b1 :
1*
b10000010011 6
0)
#10435
b0 $
b0 I
b0 R
1)
b101001100 E
b10101011 A
b10111001 @
b100 >
b10000010011 4
b110010011 3
1(
b10 ?
b11000100 B
b110010001 9
02
#10440
b10 Y
b0 7
b0 .
b0 K
b0 0
b0 L
b0 1
b0 M
0/
b10000010100 6
0)
#10445
0"
0T
1)
0(
b1 ?
b110010010 9
b0 +
#10450
b1 Z
b11 Y
b1111011000 \
b11011000 X
b1111011000 J
b0 [
b0 W
b101 U
b0 V
b0 <
b11 .
b11 K
b110100100101000 0
b110100100101000 L
b1101011001 1
b1101011001 M
1/
b10000010101 6
0)
#10455
1"
b1111011000 $
b1111011000 I
b1111011000 R
1T
1)
b100 >
b10000010101 4
1(
b110010100 3
#10460
0!
b0 Z
b10 Y
b0 J
b0 \
b0 X
b0 U
b11111111111111111111111111011000 7
b1 <
b0 :
b0 .
b0 K
b0 0
b0 L
b0 1
b0 M
0*
0/
b10000010110 6
0)
#10465
1)
b1111011000 +
12
#10470
1!
b100 \
b100 X
b11101 J
b11001 [
b11001 W
b1 U
b101 V
b1 :
b100 .
b100 K
b101001001010100 0
b101001001010100 L
b10100100001 1
b10100100001 M
1*
1/
b10000010111 6
0)
#10475
b11101 $
b11101 I
b11101 R
1)
b101001101 E
b100 >
b10000010111 4
b110010101 3
1(
b10 ?
b11000101 B
b110010011 9
02
#10480
0!
b111 U
b1 Z
b111 \
b111 X
b1110 J
b111 [
b111 W
b1 V
b11101 7
b0 :
b101 .
b101 K
b111100001110001 0
b111100001110001 L
b1000101110001 1
b1000101110001 M
0*
b10000011000 6
0)
#10485
1)
b111111010 F
b11101 +
12
#10490
1!
b1 :
1*
b10000011001 6
0)
#10495
b1110 $
b1110 I
b1110 R
1)
b101001110 E
b10111010 @
b100 >
b10000011001 4
b110010110 3
1(
b110010100 9
02
#10500
b0 Z
b11 Y
b0 \
b0 X
b0 U
b1100 J
b1100 [
b1100 W
b1110 V
b1110 7
b110 .
b110 K
b1001100110101011 0
b1001100110101011 L
b1110111101000000 1
b1110111101000000 M
b10000011010 6
0)
#10505
b1100 $
b1100 I
b1100 R
1)
b101001111 E
b100 >
b10000011010 4
b110010111 3
1(
b1 ?
b110010101 9
b1110 +
#10510
b10 Y
b0 J
b0 [
b0 W
b0 V
b1100 7
b0 .
b0 K
b0 0
b0 L
b0 1
b0 M
0/
b10000011011 6
0)
#10515
0"
0T
1)
0(
b110010110 9
b1100 +
#10520
b0 7
b0 <
b10000011100 6
0)
#10525
1)
#10530
b1 Z
b11 Y
b1100 \
b1100 X
b1111111100 J
b1111110000 [
b11110000 W
b10 U
b10 V
b111 .
b111 K
b111011110000110 0
b111011110000110 L
b10011000100100 1
b10011000100100 M
0*
1/
b10000011101 6
0)
#10535
0!
1"
b1111111100 $
b1111111100 I
b1111111100 R
1T
1)
b100 >
b10000011101 4
1(
b110011000 3
#10540
1!
b0 Z
b10 Y
b1111111111 \
b11111111 X
b1111 U
b1111111000 J
b1111111001 [
b11111001 W
b1111 V
b11111111111111111111111111111100 7
b1 <
b1000 .
b1000 K
b101110001 0
b101110001 L
b1111111100001111 1
b1111111100001111 M
1*
b10000011110 6
0)
#10545
b1111111000 $
b1111111000 I
b1111111000 R
1)
b101010000 E
b100 >
b10000011110 4
b110011001 3
1(
b11000110 B
b110010111 9
b1111111100 +
#10550
b1 Z
b1111101000 \
b11101000 X
b100 U
b1111101000 J
b0 [
b0 W
b0 V
b11111111111111111111111111111000 7
b1001 .
b1001 K
b11111010 0
b11111010 L
b10000001001010 1
b10000001001010 M
b10000011111 6
0)
#10555
b1111101000 $
b1111101000 I
b1111101000 R
1)
b101010001 E
b100 >
b10000011111 4
b110011010 3
1(
b11000111 B
b110011000 9
b1111111000 +
#10560
0!
b0 Z
b0 J
b0 \
b0 X
b0 U
b11111111111111111111111111101000 7
b0 :
b0 .
b0 K
b0 0
b0 L
b0 1
b0 M
0*
0/
b10000100000 6
0)
#10565
1)
b1111101000 +
12
#10570
1!
b1 :
1*
b10000100001 6
0)
#10575
0"
0T
1)
0(
b10 ?
b11001000 B
b110011001 9
02
#10580
b11 Y
b1111100100 \
b11100100 X
b1111101010 J
b110 [
b110 W
b111 U
b1111 V
b0 7
b0 <
b1010 .
b1010 K
b1110001110101100 0
b1110001110101100 L
b1111011100110111 1
b1111011100110111 M
1/
b10000100010 6
0)
#10585
1"
b1111101010 $
b1111101010 I
b1111101010 R
1T
1)
b10111100 @
b100 >
b10000100010 4
1(
b110011011 3
#10590
0!
b1 Z
b110001 \
b110001 X
b111 U
b1100010 J
b110001 [
b110001 W
b111 V
b11111111111111111111111111101010 7
b1 <
b0 :
b1011 .
b1011 K
b111000101110111 0
b111000101110111 L
b111000001111111 1
b111000001111111 M
0*
b10000100011 6
0)
#10595
1)
b111111011 F
b1111101010 +
12
#10600
b10000100100 6
0)
#10605
1)
b111111100 F
#10610
b10000100101 6
0)
#10615
1)
b111111101 F
#10620
b10000100110 6
0)
#10625
1)
b111111110 F
#10630
b10000100111 6
0)
#10635
1)
b111111111 F
#10640
b10000101000 6
0)
#10645
1)
b1000000000 F
#10650
b10000101001 6
0)
#10655
1)
b1000000001 F
#10660
b10000101010 6
0)
#10665
1)
b1000000010 F
#10670
b10000101011 6
0)
#10675
1)
b1000000011 F
#10680
b10000101100 6
0)
#10685
1)
b1000000100 F
#10690
b10000101101 6
0)
#10695
1)
b1000000101 F
#10700
b10000101110 6
0)
#10705
1)
b1000000110 F
#10710
b10000101111 6
0)
#10715
1)
b1000000111 F
#10720
b10000110000 6
0)
#10725
1)
b1000001000 F
#10730
b10000110001 6
0)
#10735
1)
b1000001001 F
#10740
b10000110010 6
0)
#10745
1)
b1000001010 F
#10750
b10000110011 6
0)
#10755
1)
b1000001011 F
#10760
b10000110100 6
0)
#10765
1)
b1000001100 F
#10770
1!
b1 :
1*
b10000110101 6
0)
#10775
b1100010 $
b1100010 I
b1100010 R
1)
b101010010 E
b10111110 @
b100 >
b10000110101 4
b110011100 3
1(
b10011 ?
b11001001 B
b110011010 9
02
#10780
b0 Z
b10 Y
b0 \
b0 X
b0 U
b0 J
b0 [
b0 W
b0 V
b1100010 7
b0 .
b0 K
b0 0
b0 L
b0 1
b0 M
0/
b10000110110 6
0)
#10785
0"
0T
1)
0(
b1 ?
b110011011 9
b1100010 +
#10790
b1111011101 \
b11011101 X
b1111001001 J
b1111101100 [
b11101100 W
b1001 U
b100 V
b0 7
b0 <
b1100 .
b1100 K
b1100010110110101 0
b1100010110110101 L
b11010000101001 1
b11010000101001 M
1/
b10000110111 6
0)
#10795
1"
b1111001001 $
b1111001001 I
b1111001001 R
1T
1)
b100 >
b10000110111 4
1(
b110011101 3
#10800
b0 \
b0 X
b0 U
b0 J
b0 [
b0 W
b0 V
b11111111111111111111111111001001 7
b1 <
b0 .
b0 K
b0 0
b0 L
b0 1
b0 M
0/
b10000111000 6
0)
#10805
0"
0T
1)
0(
b11001010 B
b110011100 9
b1111001001 +
#10810
b1100 \
b1100 X
b100 U
b1 Z
b111 J
b1111111011 [
b11111011 W
b1011 V
b0 7
b0 <
b1101 .
b1101 K
b1010011000010011 0
b1010011000010011 L
b11101101000000 1
b11101101000000 M
0*
1/
b10000111001 6
0)
#10815
0!
1"
b111 $
b111 I
b111 R
1T
1)
b100 >
b10000111001 4
1(
b110011110 3
#10820
1!
b0 Z
b11 Y
b0 \
b0 X
b0 U
b1 J
b1 [
b1 W
b1 V
b111 7
b1 <
b1110 .
b1110 K
b111000100011000 0
b111000100011000 L
b1000000010000 1
b1000000010000 M
1*
b10000111010 6
0)
#10825
b1 $
b1 I
b1 R
1)
b101010011 E
b100 >
b10000111010 4
b110011111 3
1(
b110011101 9
b111 +
#10830
0!
b1 Z
b1111001000 \
b11001000 X
b1000 U
b1111000101 J
b1111111101 [
b11111101 W
b11 V
b1 7
b0 :
b1111 .
b1111 K
b10001111110111 0
b10001111110111 L
b11110010001100 1
b11110010001100 M
0*
b10000111011 6
0)
#10835
1)
b1000001101 F
b1 +
12
#10840
b10000111100 6
0)
#10845
1)
b1000001110 F
#10850
1!
b1 :
1*
b10000111101 6
0)
#10855
b1111000101 $
b1111000101 I
b1111000101 R
1)
b101010100 E
b10101100 A
b100 >
b10000111101 4
b110100000 3
1(
b11 ?
b110011110 9
02
#10860
b0 Z
b10 Y
b1111100000 \
b11100000 X
b100 U
b1111100000 J
b0 [
b0 W
b1000 V
b11111111111111111111111111000101 7
b0 .
b0 K
b1101100100001000 0
b1101100100001000 L
b1110100000000100 1
b1110100000000100 M
b10000111110 6
0)
#10865
b1111100000 $
b1111100000 I
b1111100000 R
1)
b101010101 E
b10101101 A
b100 >
b10000111110 4
b110100001 3
1(
b1 ?
b11001011 B
b110011111 9
b1111000101 +
#10870
0!
b1 Z
b0 J
b0 \
b0 X
b1111 U
b0 V
b11111111111111111111111111100000 7
b0 :
b1 .
b1 K
b1000001110000 0
b1000001110000 L
b11110000 1
b11110000 M
0*
b10000111111 6
0)
#10875
1)
b1000001111 F
b1111100000 +
12
#10880
b10001000000 6
0)
#10885
1)
b1000010000 F
#10890
b10001000001 6
0)
#10895
1)
b1000010001 F
#10900
1!
b1 :
1*
b10001000010 6
0)
#10905
b0 $
b0 I
b0 R
1)
b101010110 E
b100 >
b10001000010 4
b110100010 3
1(
b100 ?
b11001100 B
b110100000 9
02
#10910
0!
b0 Z
b11 Y
b11000 \
b11000 X
b1010 U
b1110 J
b1111110110 [
b11110110 W
b1110 V
b0 7
b0 :
b10 .
b10 K
b11000101011100 0
b11000101011100 L
b1110101001111010 1
b1110101001111010 M
0*
b10001000011 6
0)
#10915
1)
b1000010010 F
b0 +
12
#10920
1!
b1 :
1*
b10001000100 6
0)
#10925
b1110 $
b1110 I
b1110 R
1)
b101010111 E
b10111111 @
b100 >
b10001000100 4
b110100011 3
1(
b10 ?
b110100001 9
02
#10930
b1 Z
b1111010110 \
b11010110 X
b110 U
b1111011001 J
b11 [
b11 W
b11 V
b1110 7
b11 .
b11 K
b101010100011001 0
b101010100011001 L
b11010001101001 1
b11010001101001 M
b10001000101 6
0)
#10935
b1111011001 $
b1111011001 I
b1111011001 R
1)
b101011000 E
b100 >
b10001000101 4
b110100100 3
1(
b1 ?
b110100010 9
b1110 +
#10940
b0 Z
b10 Y
b0 \
b0 X
b0 U
b0 J
b0 [
b0 W
b0 V
b11111111111111111111111111011001 7
b0 .
b0 K
b0 0
b0 L
b0 1
b0 M
0/
b10001000110 6
0)
#10945
0"
0T
1)
0(
b11001101 B
b110100011 9
b1111011001 +
#10950
b1111111111 J
b1111111111 \
b11111111 X
b1111 U
b0 7
b0 <
b100 .
b100 K
b1111011111110001 0
b1111011111110001 L
b111000000001111 1
b111000000001111 M
1/
b10001000111 6
0)
#10955
1"
b1111111111 $
b1111111111 I
b1111111111 R
1T
1)
b11000000 @
b100 >
b10001000111 4
1(
b110100101 3
#10960
0!
b1 Z
b110 \
b110 X
b11 U
b101010 J
b100100 [
b100100 W
b1010 V
b11111111111111111111111111111111 7
b1 <
b0 :
b101 .
b101 K
b110101010100010 0
b110101010100010 L
b1110101000111110 1
b1110101000111110 M
0*
b10001001000 6
0)
#10965
1)
b1000010011 F
b1111111111 +
12
#10970
1!
b1 :
1*
b10001001001 6
0)
#10975
b101010 $
b101010 I
b101010 R
1)
b101011001 E
b100 >
b10001001001 4
b110100110 3
1(
b10 ?
b11001110 B
b110100100 9
02
#10980
b0 Z
b11 Y
b1111100000 \
b11100000 X
b100 U
b1110111101 J
b1111011101 [
b11011101 W
b111 V
b101010 7
b110 .
b110 K
b110011010111000 0
b110011010111000 L
b111010101000100 1
b111010101000100 M
b10001001010 6
0)
#10985
b1110111101 $
b1110111101 I
b1110111101 R
1)
b101011010 E
b11000001 @
b100 >
b10001001010 4
b110100111 3
1(
b1 ?
b110100101 9
b101010 +
#10990
b1 Z
b111 [
b111 W
b1111111111 J
b1111111000 \
b11111000 X
b1 U
b11111111111111111111111110111101 7
b111 .
b111 K
b1000100011000 0
b1000100011000 L
b111000100010001 1
b111000100010001 M
b10001001011 6
0)
#10995
b1111111111 $
b1111111111 I
b1111111111 R
1)
b101011011 E
b11000010 @
b100 >
b10001001011 4
b110101000 3
1(
b11001111 B
b110100110 9
b1110111101 +
#11000
b0 Z
b10 Y
b1111110000 \
b11110000 X
b1100 U
b1111110111 J
b111 [
b111 W
b1111 V
b11111111111111111111111111111111 7
b1000 .
b1000 K
b10000110010100 0
b10000110010100 L
b1110111110001100 1
b1110111110001100 M
b10001001100 6
0)
#11005
b1111110111 $
b1111110111 I
b1111110111 R
1)
b101011100 E
b10101110 A
b100 >
b10001001100 4
b110101001 3
1(
b11010000 B
b110100111 9
b1111111111 +
#11010
0!
b1 Z
b1111111010 \
b11111010 X
b110 U
b11000 J
b11110 [
b11110 W
b1011 V
b11111111111111111111111111110111 7
b0 :
b1001 .
b1001 K
b1011100010101111 0
b1011100010101111 L
b1010101101100100 1
b1010101101100100 M
0*
b10001001101 6
0)
#11015
1)
b1000010100 F
b1111110111 +
12
#11020
b10001001110 6
0)
#11025
1)
b1000010101 F
#11030
1!
b1 :
1*
b10001001111 6
0)
#11035
b11000 $
b11000 I
b11000 R
1)
b101011101 E
b100 >
b10001001111 4
b110101010 3
1(
b11 ?
b11010001 B
b110101000 9
02
#11040
b0 Z
b0 \
b0 X
b0 U
b0 J
b0 [
b0 W
b0 V
b11000 7
b0 .
b0 K
b0 0
b0 L
b0 1
b0 M
0/
b10001010000 6
0)
#11045
0"
0T
1)
0(
b1 ?
b110101001 9
b11000 +
#11050
b11 Y
b1 \
b1 X
b1001 J
b1000 [
b1000 W
b1 U
b1111 V
b0 7
b0 <
b1010 .
b1010 K
b11110000001 0
b11110000001 L
b1111011110000001 1
b1111011110000001 M
0*
1/
b10001010001 6
0)
#11055
0!
1"
b1001 $
b1001 I
b1001 R
1T
1)
b11000011 @
b10101111 A
b100 >
b10001010001 4
1(
b110101011 3
#11060
b10 Y
b0 \
b0 X
b0 U
b0 J
b0 [
b0 W
b0 V
b1001 7
b1 <
b0 :
b0 .
b0 K
b0 0
b0 L
b0 1
b0 M
0/
b10001010010 6
0)
#11065
1)
b1001 +
12
#11070
1!
b1 Z
b11 Y
b1111011101 \
b11011101 X
b1111111001 J
b11100 [
b11100 W
b1001 U
b1100 V
b1 :
b1011 .
b1011 K
b10110010010101 0
b10110010010101 L
b1100010110010111 1
b1100010110010111 M
1*
1/
b10001010011 6
0)
#11075
b1111111001 $
b1111111001 I
b1111111001 R
1)
b101011110 E
b11000100 @
b100 >
b10001010011 4
b110101100 3
1(
b10 ?
b110101010 9
02
#11080
b0 Z
b10 Y
b0 \
b0 X
b10 U
b0 J
b0 [
b0 W
b1000 V
b11111111111111111111111111111001 7
b1100 .
b1100 K
b10101000000000 0
b10101000000000 L
b1101100011100010 1
b1101100011100010 M
b10001010100 6
0)
#11085
b0 $
b0 I
b0 R
1)
b101011111 E
b10110000 A
b100 >
b10001010100 4
b110101101 3
1(
b1 ?
b11010010 B
b110101011 9
b1111111001 +
#11090
b1 Z
b0 J
b0 \
b0 X
b0 U
b0 V
b0 7
b1101 .
b1101 K
b1000000111110001 0
b1000000111110001 L
b1111000000000001 1
b1111000000000001 M
b10001010101 6
0)
#11095
1)
b101100000 E
b100 >
b10001010101 4
b110101110 3
1(
b110101100 9
b0 +
#11100
b0 Z
b11 Y
b101 \
b101 X
b1 U
b101 J
b0 [
b0 W
b100 V
b1110 .
b1110 K
b1110000100000101 0
b1110000100000101 L
b100111100010001 1
b100111100010001 M
b10001010110 6
0)
#11105
b101 $
b101 I
b101 R
1)
b101100001 E
b100 >
b10001010110 4
b110101111 3
1(
b110101101 9
#11110
0!
b10 Y
b0 J
b0 \
b0 X
b0 U
b0 V
b101 7
b0 :
b0 .
b0 K
b0 0
b0 L
b0 1
b0 M
0*
0/
b10001010111 6
0)
#11115
1)
b101 +
12
#11120
1!
b1 Z
b11 Y
b1111010110 \
b11010110 X
b1111101011 J
b10101 [
b10101 W
b1001 U
b11 V
b1 :
b1111 .
b1111 K
b11110001110110 0
b11110001110110 L
b11111010011100 1
b11111010011100 M
1*
1/
b10001011000 6
0)
#11125
b1111101011 $
b1111101011 I
b1111101011 R
1)
b101100010 E
b100 >
b10001011000 4
b110110000 3
1(
b10 ?
b110101110 9
02
#11130
0!
b0 Z
b10 Y
b0 \
b0 X
b0 U
b0 J
b0 [
b0 W
b1 V
b11111111111111111111111111101011 7
b0 :
b0 .
b0 K
b1111100000001000 0
b1111100000001000 L
b1111000101110000 1
b1111000101110000 M
0*
b10001011001 6
0)
#11135
1)
b1000010110 F
b1111101011 +
12
#11140
b10001011010 6
0)
#11145
1)
b1000010111 F
#11150
b10001011011 6
0)
#11155
1)
b1000011000 F
#11160
b10001011100 6
0)
#11165
1)
b1000011001 F
#11170
b10001011101 6
0)
#11175
1)
b1000011010 F
#11180
b10001011110 6
0)
#11185
1)
b1000011011 F
#11190
b10001011111 6
0)
#11195
1)
b1000011100 F
#11200
b10001100000 6
0)
#11205
1)
b1000011101 F
#11210
b10001100001 6
0)
#11215
1)
b1000011110 F
#11220
b10001100010 6
0)
#11225
1)
b1000011111 F
#11230
b10001100011 6
0)
#11235
1)
b1000100000 F
#11240
b10001100100 6
0)
#11245
1)
b1000100001 F
#11250
b10001100101 6
0)
#11255
1)
b1000100010 F
#11260
b10001100110 6
0)
#11265
1)
b1000100011 F
#11270
b10001100111 6
0)
#11275
1)
b1000100100 F
#11280
b10001101000 6
0)
#11285
1)
b1000100101 F
#11290
b10001101001 6
0)
#11295
1)
b1000100110 F
#11300
1!
b1 :
1*
b10001101010 6
0)
#11305
b0 $
b0 I
b0 R
1)
b101100011 E
b11000101 @
b100 >
b10001101010 4
b110110001 3
1(
b10010 ?
b11010011 B
b110101111 9
02
#11310
b1 Z
b1111111110 [
b11111110 W
b1111111110 J
b0 \
b0 X
b101 U
b10 V
b0 7
b1 .
b1 K
b1011011110000 0
b1011011110000 L
b1001001001011010 1
b1001001001011010 M
b10001101011 6
0)
#11315
b1111111110 $
b1111111110 I
b1111111110 R
1)
b101100100 E
b100 >
b10001101011 4
b110110010 3
1(
b1 ?
b110110000 9
b0 +
#11320
0!
b0 Z
b11 Y
b1111110100 \
b11110100 X
b1110 U
b1111101100 J
b1111111000 [
b11111000 W
b100 V
b11111111111111111111111111111110 7
b0 :
b10 .
b10 K
b1001111011100110 0
b1001111011100110 L
b100011011101110 1
b100011011101110 M
0*
b10001101100 6
0)
#11325
1)
b1000100111 F
b1111111110 +
12
#11330
1!
b1 :
1*
b10001101101 6
0)
#11335
b1111101100 $
b1111101100 I
b1111101100 R
1)
b101100101 E
b100 >
b10001101101 4
b110110011 3
1(
b10 ?
b11010100 B
b110110001 9
02
#11340
0!
b1 Z
b111 \
b111 X
b1 U
b1000111 J
b1000000 [
b1000000 W
b1000 V
b11111111111111111111111111101100 7
b0 :
b11 .
b11 K
b1111110000111 0
b1111110000111 L
b1000100000010111 1
b1000100000010111 M
0*
b10001101110 6
0)
#11345
1)
b1000101000 F
b1111101100 +
12
#11350
1!
b1 :
1*
b10001101111 6
0)
#11355
b1000111 $
b1000111 I
b1000111 R
1)
b101100110 E
b10110010 A
b11000110 @
b100 >
b10001101111 4
b110110100 3
1(
b11010101 B
b110110010 9
02
#11360
0!
b0 Z
b10 Y
b11 \
b11 X
b1101 U
b0 J
b1111111101 [
b11111101 W
b1101 V
b1000111 7
b0 :
b100 .
b100 K
b1101111000011111 0
b1101111000011111 L
b111110110001101 1
b111110110001101 M
0*
b10001110000 6
0)
#11365
1)
b1000101001 F
b1000111 +
12
#11370
b10001110001 6
0)
#11375
1)
b1000101010 F
#11380
b10001110010 6
0)
#11385
1)
b1000101011 F
#11390
b10001110011 6
0)
#11395
1)
b1000101100 F
#11400
b10001110100 6
0)
#11405
1)
b1000101101 F
#11410
b10001110101 6
0)
#11415
1)
b1000101110 F
#11420
1!
b1 :
1*
b10001110110 6
0)
#11425
b0 $
b0 I
b0 R
1)
b101100111 E
b11000111 @
b10110011 A
b100 >
b10001110110 4
b110110101 3
1(
b111 ?
b110110011 9
02
#11430
b1 Z
b1010 \
b1010 X
b1110 U
b10100 J
b1010 [
b1010 W
b1011 V
b0 7
b101 .
b101 K
b1001101011101011 0
b1001101011101011 L
b110101111101100 1
b110101111101100 M
b10001110111 6
0)
#11435
b10100 $
b10100 I
b10100 R
1)
b101101000 E
b100 >
b10001110111 4
b110110110 3
1(
b1 ?
b110110100 9
b0 +
#11440
b0 Z
b11 Y
b1 \
b1 X
b1 U
b1000 J
b111 [
b111 W
b1 V
b10100 7
b110 .
b110 K
b111100001110001 0
b111100001110001 L
b1000001110001 1
b1000001110001 M
b10001111000 6
0)
#11445
b1000 $
b1000 I
b1000 R
1)
b101101001 E
b11001000 @
b100 >
b10001111000 4
b110110111 3
1(
b110110101 9
b10100 +
#11450
0!
b1 Z
b10 [
b10 W
b101 J
b11 \
b11 X
b1101 U
b1000 7
b0 :
b111 .
b111 K
b1110000101111 0
b1110000101111 L
b1011011011001 1
b1011011011001 M
0*
b10001111001 6
0)
#11455
1)
b1000101111 F
b1000 +
12
#11460
b10001111010 6
0)
#11465
1)
b1000110000 F
#11470
1!
b1 :
1*
b10001111011 6
0)
#11475
b101 $
b101 I
b101 R
1)
b101101010 E
b100 >
b10001111011 4
b110111000 3
1(
b11 ?
b110110110 9
02
#11480
b0 Z
b10 Y
b0 \
b0 X
b0 U
b1111111000 J
b1111111000 [
b11111000 W
b1110 V
b101 7
b1000 .
b1000 K
b10100101001111 0
b10100101001111 L
b1100111000100000 1
b1100111000100000 M
b10001111100 6
0)
#11485
b1111111000 $
b1111111000 I
b1111111000 R
1)
b101101011 E
b100 >
b10001111100 4
b110111001 3
1(
b1 ?
b110110111 9
b101 +
#11490
b1 Z
b1111111001 \
b11111001 X
b111 U
b1111111001 J
b0 [
b0 W
b0 V
b11111111111111111111111111111000 7
b1001 .
b1001 K
b1011110001111 0
b1011110001111 L
b111000001110001 1
b111000001110001 M
b10001111101 6
0)
#11495
b1111111001 $
b1111111001 I
b1111111001 R
1)
b101101100 E
b11001010 @
b100 >
b10001111101 4
b110111010 3
1(
b11010110 B
b110111000 9
b1111111000 +
#11500
0!
b0 Z
b11 Y
b1111110000 \
b11110000 X
b1100 U
b1111100110 J
b1111110110 [
b11110110 W
b10 V
b11111111111111111111111111111001 7
b0 :
b1010 .
b1010 K
b11100110110100 0
b11100110110100 L
b10010111011100 1
b10010111011100 M
0*
b10001111110 6
0)
#11505
1)
b1000110001 F
b1111111001 +
12
#11510
b10001111111 6
0)
#11515
1)
b1000110010 F
#11520
1!
b1 :
1*
b10010000000 6
0)
#11525
b1111100110 $
b1111100110 I
b1111100110 R
1)
b101101101 E
b100 >
b10010000000 4
b110111011 3
1(
b11 ?
b11010111 B
b110111001 9
02
#11530
0!
b1 Z
b1111110010 \
b11110010 X
b1110 U
b1111110101 J
b11 [
b11 W
b1 V
b11111111111111111111111111100110 7
b0 :
b1011 .
b1011 K
b111100000110111 0
b111100000110111 L
b1101011101011 1
b1101011101011 M
0*
b10010000001 6
0)
#11535
1)
b1000110011 F
b1111100110 +
12
#11540
1!
b1 :
1*
b10010000010 6
0)
#11545
b1111110101 $
b1111110101 I
b1111110101 R
1)
b101101110 E
b100 >
b10010000010 4
b110111100 3
1(
b10 ?
b11011000 B
b110111010 9
02
#11550
0!
b0 Z
b10 Y
b0 \
b0 X
b1000 U
b1111111111 J
b1111111111 [
b11111111 W
b1 V
b11111111111111111111111111110101 7
b0 :
b1100 .
b1100 K
b1111111111110000 0
b1111111111110000 L
b101111000 1
b101111000 M
0*
b10010000011 6
0)
#11555
1)
b1000110100 F
b1111110101 +
12
#11560
1!
b1 :
1*
b10010000100 6
0)
#11565
b1111111111 $
b1111111111 I
b1111111111 R
1)
b101101111 E
b11001011 @
b10110100 A
b100 >
b10010000100 4
b110111101 3
1(
b11011001 B
b110111011 9
02
#11570
b1 Z
b1110 U
b100 J
b100 [
b100 W
b1100 V
b11111111111111111111111111111111 7
b1101 .
b1101 K
b1001000111110000 0
b1001000111110000 L
b111110011101010 1
b111110011101010 M
b10010000101 6
0)
#11575
b100 $
b100 I
b100 R
1)
b101110000 E
b11001100 @
b100 >
b10010000101 4
b110111110 3
1(
b1 ?
b11011010 B
b110111100 9
b1111111111 +
#11580
0!
b0 Z
b0 U
b0 J
b0 [
b0 W
b0 V
b100 7
b0 :
b0 .
b0 K
b0 0
b0 L
b0 1
b0 M
0*
0/
b10010000110 6
0)
#11585
1)
b100 +
12
#11590
1!
b11 Y
b10100 \
b10100 X
b10010 J
b1111111110 [
b11111110 W
b1011 U
b1110 V
b1 :
b1110 .
b1110 K
b1101100100011100 0
b1101100100011100 L
b1110001110001011 1
b1110001110001011 M
1*
1/
b10010000111 6
0)
#11595
b10010 $
b10010 I
b10010 R
1)
b101110001 E
b10110101 A
b100 >
b10010000111 4
b110111111 3
1(
b10 ?
b110111101 9
02
#11600
b1 Z
b0 \
b0 X
b0 U
b0 J
b0 [
b0 W
b1 V
b10010 7
b1111 .
b1111 K
b111000000000111 0
b111000000000111 L
b1000100000000 1
b1000100000000 M
b10010001000 6
0)
#11605
b0 $
b0 I
b0 R
1)
b101110010 E
b100 >
b10010001000 4
b111000000 3
1(
b1 ?
b110111110 9
b10010 +
#11610
b0 Z
b10 Y
b11110 [
b11110 W
b110111 J
b11001 \
b11001 X
b1011 U
b1010 V
b0 7
b0 .
b0 K
b100110110111011 0
b100110110111011 L
b110101000011011 1
b110101000011011 M
b10010001001 6
0)
#11615
b110111 $
b110111 I
b110111 R
1)
b101110011 E
b100 >
b10010001001 4
b111000001 3
1(
b110111111 9
b0 +
#11620
0!
b1 Z
b100011 \
b100011 X
b1001 U
b0 J
b1111011101 [
b11011101 W
b1001 V
b110111 7
b0 :
b1 .
b1 K
b101110001011011 0
b101110001011011 L
b1001100110010110 1
b1001100110010110 M
0*
b10010001010 6
0)
#11625
1)
b1000110101 F
b110111 +
12
#11630
1!
b1 :
1*
b10010001011 6
0)
#11635
b0 $
b0 I
b0 R
1)
b101110100 E
b100 >
b10010001011 4
b111000010 3
1(
b10 ?
b111000000 9
02
#11640
0!
b0 Z
b11 Y
b1111111001 \
b11111001 X
b1111 U
b1111111001 J
b0 [
b0 W
b0 V
b0 7
b0 :
b10 .
b10 K
b1000011100000111 0
b1000011100000111 L
b100000001111 1
b100000001111 M
0*
b10010001100 6
0)
#11645
1)
b1000110110 F
b0 +
12
#11650
1!
b1 :
1*
b10010001101 6
0)
#11655
b1111111001 $
b1111111001 I
b1111111001 R
1)
b101110101 E
b10110110 A
b100 >
b10010001101 4
b111000011 3
1(
b111000001 9
02
#11660
0!
b1 Z
b100000 J
b100000 \
b100000 X
b1000 U
b1 V
b11111111111111111111111111111001 7
b0 :
b11 .
b11 K
b1011101100001100 0
b1011101100001100 L
b1011110000010 1
b1011110000010 M
0*
b10010001110 6
0)
#11665
1)
b1000110111 F
b1111111001 +
12
#11670
b10010001111 6
0)
#11675
1)
b1000111000 F
#11680
b10010010000 6
0)
#11685
1)
b1000111001 F
#11690
b10010010001 6
0)
#11695
1)
b1000111010 F
#11700
b10010010010 6
0)
#11705
1)
b1000111011 F
#11710
b10010010011 6
0)
#11715
1)
b1000111100 F
#11720
b10010010100 6
0)
#11725
1)
b1000111101 F
#11730
b10010010101 6
0)
#11735
1)
b1000111110 F
#11740
b10010010110 6
0)
#11745
1)
b1000111111 F
#11750
b10010010111 6
0)
#11755
1)
b1001000000 F
#11760
b10010011000 6
0)
#11765
1)
b1001000001 F
#11770
b10010011001 6
0)
#11775
1)
b1001000010 F
#11780
b10010011010 6
0)
#11785
1)
b1001000011 F
#11790
b10010011011 6
0)
#11795
1)
b1001000100 F
#11800
b10010011100 6
0)
#11805
1)
b1001000101 F
#11810
b10010011101 6
0)
#11815
1)
b1001000110 F
#11820
b10010011110 6
0)
#11825
1)
b1001000111 F
#11830
1!
b1 :
1*
b10010011111 6
0)
#11835
b100000 $
b100000 I
b100000 R
1)
b101110110 E
b11001101 @
b10110111 A
b100 >
b10010011111 4
b111000100 3
1(
b10010 ?
b11011011 B
b111000010 9
02
#11840
b0 Z
b10 Y
b0 J
b0 \
b0 X
b0 U
b0 V
b100000 7
b0 .
b0 K
b0 0
b0 L
b0 1
b0 M
0/
b10010100000 6
0)
#11845
0"
0T
1)
0(
b1 ?
b111000011 9
b100000 +
#11850
b0 7
b0 <
b10010100001 6
0)
#11855
1)
#11860
b10100 J
b10100 [
b10100 W
b1111 U
b1100 V
b100 .
b100 K
b110001010110000 0
b110001010110000 L
b111110010111111 1
b111110010111111 M
1/
b10010100010 6
0)
#11865
1"
b10100 $
b10100 I
b10100 R
1T
1)
b11001110 @
b100 >
b10010100010 4
1(
b111000101 3
#11870
b1 Z
b1111001000 \
b11001000 X
b111 U
b1111001001 J
b1 [
b1 W
b1111 V
b10100 7
b1 <
b101 .
b101 K
b11111000 0
b11111000 L
b1111111101110111 1
b1111111101110111 M
b10010100011 6
0)
#11875
b1111001001 $
b1111001001 I
b1111001001 R
1)
b101110111 E
b11010000 @
b100 >
b10010100011 4
b111000110 3
1(
b111000100 9
b10100 +
#11880
b0 Z
b11 Y
b1000 \
b1000 X
b1110 U
b1010 J
b10 [
b10 W
b1110 V
b11111111111111111111111111001001 7
b110 .
b110 K
b1011111111111100 0
b1011111111111100 L
b1110010000011110 1
b1110010000011110 M
b10010100100 6
0)
#11885
b1010 $
b1010 I
b1010 R
1)
b101111000 E
b100 >
b10010100100 4
b111000111 3
1(
b11011100 B
b111000101 9
b1111001001 +
#11890
b1 Z
b1010 \
b1010 X
b1011 U
b11 J
b1111111001 [
b11111001 W
b111 V
b1010 7
b111 .
b111 K
b1101101011111110 0
b1101101011111110 L
b111100110111000 1
b111100110111000 M
b10010100101 6
0)
#11895
b11 $
b11 I
b11 R
1)
b101111001 E
b11010001 @
b10111000 A
b100 >
b10010100101 4
b111001000 3
1(
b111000110 9
b1010 +
#11900
b0 Z
b10 Y
b111 \
b111 X
b111 U
b1111 J
b1000 [
b1000 W
b1000 V
b11 7
b1000 .
b1000 K
b1000111111110001 0
b1000111111110001 L
b1100000000111 1
b1100000000111 M
b10010100110 6
0)
#11905
b1111 $
b1111 I
b1111 R
1)
b101111010 E
b10111001 A
b11010010 @
b100 >
b10010100110 4
b111001001 3
1(
b111000111 9
b11 +
#11910
0!
b1 Z
b101 \
b101 X
b1011 U
b1011 J
b110 [
b110 W
b1010 V
b1111 7
b0 :
b1001 .
b1001 K
b1111100111111111 0
b1111100111111111 L
b1110101010110001 1
b1110101010110001 M
0*
b10010100111 6
0)
#11915
1)
b1001001000 F
b1111 +
12
#11920
1!
b1 :
1*
b10010101000 6
0)
#11925
b1011 $
b1011 I
b1011 R
1)
b101111011 E
b100 >
b10010101000 4
b111001010 3
1(
b10 ?
b111001000 9
02
#11930
0!
b0 Z
b11 Y
b1100 \
b1100 X
b1010 U
b100001 J
b10101 [
b10101 W
b1001 V
b1011 7
b0 :
b1010 .
b1010 K
b10000111011110 0
b10000111011110 L
b1001101100101010 1
b1001101100101010 M
0*
b10010101001 6
0)
#11935
1)
b1001001001 F
b1011 +
12
#11940
1!
b1 :
1*
b10010101010 6
0)
#11945
b100001 $
b100001 I
b100001 R
1)
b101111100 E
b100 >
b10010101010 4
b111001011 3
1(
b111001001 9
02
#11950
b1 Z
b1111111000 \
b11111000 X
b1 U
b1111111000 J
b0 [
b0 W
b111 V
b100001 7
b1011 .
b1011 K
b1000100001000 0
b1000100001000 L
b111111100011000 1
b111111100011000 M
b10010101011 6
0)
#11955
b1111111000 $
b1111111000 I
b1111111000 R
1)
b101111101 E
b11010011 @
b10111010 A
b100 >
b10010101011 4
b111001100 3
1(
b1 ?
b111001010 9
b100001 +
#11960
0!
b0 Z
b10 Y
b0 J
b0 \
b0 X
b0 U
b0 V
b11111111111111111111111111111000 7
b0 :
b0 .
b0 K
b0 0
b0 L
b0 1
b0 M
0*
0/
b10010101100 6
0)
#11965
1)
b1111111000 +
12
#11970
1!
b10101 \
b10101 X
b11001 J
b100 [
b100 W
b1001 U
b1111 V
b1 :
b1100 .
b1100 K
b1100001111001101 0
b1100001111001101 L
b1100111110101001 1
b1100111110101001 M
1*
1/
b10010101101 6
0)
#11975
b11001 $
b11001 I
b11001 R
1)
b101111110 E
b100 >
b10010101101 4
b111001101 3
1(
b10 ?
b11011101 B
b111001011 9
02
#11980
b1 Z
b1000 [
b1000 W
b10100 J
b1100 \
b1100 X
b1110 U
b11001 7
b1101 .
b1101 K
b1001011110001010 0
b1001011110001010 L
b10111111101110 1
b10111111101110 M
b10010101110 6
0)
#11985
b10100 $
b10100 I
b10100 R
1)
b101111111 E
b100 >
b10010101110 4
b111001110 3
1(
b1 ?
b111001100 9
b11001 +
#11990
b0 Z
b0 \
b0 X
b0 U
b0 J
b0 [
b0 W
b0 V
b10100 7
b0 .
b0 K
b0 0
b0 L
b0 1
b0 M
0/
b10010101111 6
0)
#11995
0"
0T
1)
0(
b111001101 9
b10100 +
#12000
b1000000 [
b1000000 W
b1000 V
b11 Y
b111111 J
b1111111111 \
b11111111 X
b1 U
b0 7
b0 <
b1110 .
b1110 K
b1000011110001111 0
b1000011110001111 L
b1000000011110001 1
b1000000011110001 M
0*
1/
b10010110000 6
0)
#12005
0!
1"
b111111 $
b111111 I
b111111 R
1T
1)
b10111011 A
b100 >
b10010110000 4
1(
b111001111 3
#12010
1!
b10 Y
b0 \
b0 X
b0 U
b0 J
b0 [
b0 W
b0 V
b111111 7
b1 <
b0 .
b0 K
b0 0
b0 L
b0 1
b0 M
1*
0/
b10010110001 6
0)
#12015
0"
0T
1)
0(
b111001110 9
b111111 +
#12020
b1 Z
b11 Y
b1111110001 \
b11110001 X
b110 J
b10101 [
b10101 W
b101 U
b11 V
b0 7
b0 <
b1111 .
b1111 K
b1100011101111101 0
b1100011101111101 L
b11101001010011 1
b11101001010011 M
1/
b10010110010 6
0)
#12025
1"
b110 $
b110 I
b110 R
1T
1)
b100 >
b10010110010 4
1(
b111010000 3
#12030
0!
b0 Z
b10 Y
b0 \
b0 X
b0 U
b1111011101 J
b1111011101 [
b11011101 W
b1001 V
b110 7
b1 <
b0 :
b0 .
b0 K
b1010001011101 0
b1010001011101 L
b110100100010000 1
b110100100010000 M
0*
b10010110011 6
0)
#12035
1)
b1001001010 F
b110 +
12
#12040
1!
b1 :
1*
b10010110100 6
0)
#12045
b1111011101 $
b1111011101 I
b1111011101 R
1)
b110000000 E
b100 >
b10010110100 4
b111010001 3
1(
b10 ?
b111001111 9
02
#12050
b0 J
b0 [
b0 W
b0 V
b11111111111111111111111111011101 7
b0 0
b0 L
b0 1
b0 M
0/
b10010110101 6
0)
#12055
0"
0T
1)
0(
b1 ?
b11011110 B
b111010000 9
b1111011101 +
#12060
b1 Z
b1111001000 J
b1111001000 [
b11001000 W
b1111 U
b1000 V
b0 7
b0 <
b1 .
b1 K
b111011101110000 0
b111011101110000 L
b1000100011111111 1
b1000100011111111 M
1/
b10010110110 6
0)
#12065
1"
b1111001000 $
b1111001000 I
b1111001000 R
1T
1)
b10111101 A
b100 >
b10010110110 4
1(
b111010010 3
#12070
b110 U
b0 Z
b11 Y
b11000 \
b11000 X
b1111111100 J
b1111100100 [
b11100100 W
b1001 V
b11111111111111111111111111001000 7
b1 <
b10 .
b10 K
b100001001000100 0
b100001001000100 L
b1001011111110110 1
b1001011111110110 M
b10010110111 6
0)
#12075
b1111111100 $
b1111111100 I
b1111111100 R
1)
b110000001 E
b11010100 @
b100 >
b10010110111 4
b111010011 3
1(
b11011111 B
b111010001 9
b1111001000 +
#12080
0!
b1 Z
b1111100010 \
b11100010 X
b1010 U
b1111100100 J
b10 [
b10 W
b10 V
b11111111111111111111111111111100 7
b0 :
b11 .
b11 K
b1100000010101 0
b1100000010101 L
b10111110100100 1
b10111110100100 M
0*
b10010111000 6
0)
#12085
1)
b1001001011 F
b1111111100 +
12
#12090
1!
b1 :
1*
b10010111001 6
0)
#12095
b1111100100 $
b1111100100 I
b1111100100 R
1)
b110000010 E
b100 >
b10010111001 4
b111010100 3
1(
b10 ?
b11100000 B
b111010010 9
02
#12100
b0 Z
b10 Y
b1 \
b1 X
b1 U
b1111111001 J
b1111111000 [
b11111000 W
b1000 V
b11111111111111111111111111100100 7
b100 .
b100 K
b1111000100010001 0
b1111000100010001 L
b1000100011110001 1
b1000100011110001 M
b10010111010 6
0)
#12105
b1111111001 $
b1111111001 I
b1111111001 R
1)
b110000011 E
b10111111 A
b100 >
b10010111010 4
b111010101 3
1(
b1 ?
b11100001 B
b111010011 9
b1111100100 +
#12110
b110 U
b1 Z
b1111110100 \
b11110100 X
b1100 J
b11000 [
b11000 W
b1100 V
b11111111111111111111111111111001 7
b101 .
b101 K
b100001110101110 0
b100001110101110 L
b10110001100001 1
b10110001100001 M
b10010111011 6
0)
#12115
b1100 $
b1100 I
b1100 R
1)
b110000100 E
b100 >
b10010111011 4
b111010110 3
1(
b11100010 B
b111010100 9
b1111111001 +
#12120
0!
b0 Z
b11 Y
b1111011100 \
b11011100 X
b110 U
b1111011100 J
b0 [
b0 W
b10 V
b1100 7
b0 :
b110 .
b110 K
b110110100001010 0
b110110100001010 L
b10000110010110 1
b10000110010110 M
0*
b10010111100 6
0)
#12125
1)
b1001001100 F
b1100 +
12
#12130
1!
b1 :
1*
b10010111101 6
0)
#12135
b1111011100 $
b1111011100 I
b1111011100 R
1)
b110000101 E
b100 >
b10010111101 4
b111010111 3
1(
b10 ?
b111010101 9
02
#12140
0!
b10 Y
b0 J
b0 \
b0 X
b0 U
b0 V
b11111111111111111111111111011100 7
b0 :
b0 .
b0 K
b0 0
b0 L
b0 1
b0 M
0*
0/
b10010111110 6
0)
#12145
1)
b1111011100 +
12
#12150
b1 Z
b11 Y
b1111111001 \
b11111001 X
b111001 J
b1000000 [
b1000000 W
b1111 U
b1000 V
b111 .
b111 K
b111000110000111 0
b111000110000111 L
b1000011111110001 1
b1000011111110001 M
1/
b10010111111 6
0)
#12155
1)
b1001001101 F
#12160
b10011000000 6
0)
#12165
1)
b1001001110 F
#12170
b10011000001 6
0)
#12175
1)
b1001001111 F
#12180
1!
b1 :
1*
b10011000010 6
0)
#12185
b111001 $
b111001 I
b111001 R
1)
b110000110 E
b11000000 A
b11010101 @
b100 >
b10011000010 4
b111011000 3
1(
b101 ?
b11100011 B
b111010110 9
02
#12190
0!
b0 Z
b10 Y
b0 \
b0 X
b0 U
b0 J
b0 [
b0 W
b0 V
b111001 7
b0 :
b0 .
b0 K
b0 0
b0 L
b0 1
b0 M
0*
0/
b10011000011 6
0)
#12195
1)
b111001 +
12
#12200
b1100 \
b1100 X
b110 J
b1111111010 [
b11111010 W
b100 U
b10 V
b1000 .
b1000 K
b11111111010011 0
b11111111010011 L
b1100001000000100 1
b1100001000000100 M
1/
b10011000100 6
0)
#12205
1)
b1001010000 F
#12210
b10011000101 6
0)
#12215
1)
b1001010001 F
#12220
b10011000110 6
0)
#12225
1)
b1001010010 F
#12230
b10011000111 6
0)
#12235
1)
b1001010011 F
#12240
b10011001000 6
0)
#12245
1)
b1001010100 F
#12250
b10011001001 6
0)
#12255
1)
b1001010101 F
#12260
b10011001010 6
0)
#12265
1)
b1001010110 F
#12270
b10011001011 6
0)
#12275
1)
b1001010111 F
#12280
b10011001100 6
0)
#12285
1)
b1001011000 F
#12290
b10011001101 6
0)
#12295
1)
b1001011001 F
#12300
b10011001110 6
0)
#12305
1)
b1001011010 F
#12310
b10011001111 6
0)
#12315
1)
b1001011011 F
#12320
b10011010000 6
0)
#12325
1)
b1001011100 F
#12330
b10011010001 6
0)
#12335
1)
b1001011101 F
#12340
b10011010010 6
0)
#12345
1)
b1001011110 F
#12350
b10011010011 6
0)
#12355
1)
b1001011111 F
#12360
1!
b1 :
1*
b10011010100 6
0)
#12365
b110 $
b110 I
b110 R
1)
b110000111 E
b100 >
b10011010100 4
b111011001 3
1(
b10010 ?
b111010111 9
02
#12370
0!
b1 U
b1 Z
b1111111110 \
b11111110 X
b1111101001 J
b1111101011 [
b11101011 W
b111 V
b110 7
b0 :
b1001 .
b1001 K
b1000010011011110 0
b1000010011011110 L
b10011100010100 1
b10011100010100 M
0*
b10011010101 6
0)
#12375
1)
b1001100000 F
b110 +
12
#12380
b10011010110 6
0)
#12385
1)
b1001100001 F
#12390
1!
b1 :
1*
b10011010111 6
0)
#12395
b1111101001 $
b1111101001 I
b1111101001 R
1)
b110001000 E
b11010110 @
b100 >
b10011010111 4
b111011010 3
1(
b11 ?
b111011000 9
02
#12400
b0 Z
b11 Y
b1111111000 \
b11111000 X
b1000 U
b1111110001 J
b1111111001 [
b11111001 W
b111 V
b11111111111111111111111111101001 7
b1010 .
b1010 K
b11110001 0
b11110001 L
b111100001111000 1
b111100001111000 M
b10011011000 6
0)
#12405
b1111110001 $
b1111110001 I
b1111110001 R
1)
b110001001 E
b11011000 @
b11000010 A
b100 >
b10011011000 4
b111011011 3
1(
b1 ?
b11100100 B
b111011001 9
b1111101001 +
#12410
0!
b1 Z
b10100 \
b10100 X
b100 U
b10100 J
b0 [
b0 W
b0 V
b11111111111111111111111111110001 7
b0 :
b1011 .
b1011 K
b110001010100101 0
b110001010100101 L
b110001001011 1
b110001001011 M
0*
b10011011001 6
0)
#12415
1)
b1001100010 F
b1111110001 +
12
#12420
1!
b1 :
1*
b10011011010 6
0)
#12425
b10100 $
b10100 I
b10100 R
1)
b110001010 E
b100 >
b10011011010 4
b111011100 3
1(
b10 ?
b11100101 B
b111011010 9
02
#12430
0!
b0 Z
b10 Y
b0 \
b0 X
b0 U
b1111101011 J
b1111101011 [
b11101011 W
b11 V
b10100 7
b0 :
b1100 .
b1100 K
b111011110010100 0
b111011110010100 L
b1001100010000 1
b1001100010000 M
0*
b10011011011 6
0)
#12435
1)
b1001100011 F
b10100 +
12
#12440
b10011011100 6
0)
#12445
1)
b1001100100 F
#12450
1!
b1 :
1*
b10011011101 6
0)
#12455
b1111101011 $
b1111101011 I
b1111101011 R
1)
b110001011 E
b100 >
b10011011101 4
b111011101 3
1(
b11 ?
b111011011 9
02
#12460
b0 J
b0 [
b0 W
b0 V
b11111111111111111111111111101011 7
b0 .
b0 K
b0 0
b0 L
b0 1
b0 M
0/
b10011011110 6
0)
#12465
0"
0T
1)
0(
b1 ?
b11100110 B
b111011100 9
b1111101011 +
#12470
b0 7
b0 <
0*
b10011011111 6
0)
#12475
1)
#12480
b10011100000 6
0)
#12485
1)
#12490
1*
b10011100001 6
0)
#12495
1)
#12500
b1000 \
b1000 X
b1000 U
b1 Z
b0 J
b1111111000 [
b11111000 W
b1000 V
b1101 .
b1101 K
b100011111 0
b100011111 L
b1000100010000000 1
b1000100010000000 M
1/
b10011100010 6
0)
#12505
1"
b0 $
b0 I
b0 R
1T
1)
b11000101 A
b100 >
b10011100010 4
1(
b111011110 3
#12510
b0 Z
b11 Y
b1111100100 \
b11100100 X
b1100 U
b1111011100 J
b1111111000 [
b11111000 W
b10 V
b1 <
b1110 .
b1110 K
b100011000111 0
b100011000111 L
b10100101101100 1
b10100101101100 M
b10011100011 6
0)
#12515
b1111011100 $
b1111011100 I
b1111011100 R
1)
b110001100 E
b100 >
b10011100011 4
b111011111 3
1(
b111011101 9
b0 +
#12520
b10 Y
b0 \
b0 X
b0 U
b0 J
b0 [
b0 W
b0 V
b11111111111111111111111111011100 7
b0 .
b0 K
b0 0
b0 L
b0 1
b0 M
0/
b10011100100 6
0)
#12525
0"
0T
1)
0(
b11100111 B
b111011110 9
b1111011100 +
#12530
b1 Z
b11 Y
b110 J
b110 \
b110 X
b1110 U
b100 V
b0 7
b0 <
b1111 .
b1111 K
b1111100001101 0
b1111100001101 L
b100100111101100 1
b100100111101100 M
1/
b10011100101 6
0)
#12535
1"
b110 $
b110 I
b110 R
1T
1)
b100 >
b10011100101 4
1(
b111100000 3
#12540
b0 Z
b10 Y
b1111111000 [
b11111000 W
b1111110111 J
b1111111111 \
b11111111 X
b1111 U
b1 V
b110 7
b1 <
b0 .
b0 K
b1000110000001 0
b1000110000001 L
b1111000110001111 1
b1111000110001111 M
b10011100110 6
0)
#12545
b1111110111 $
b1111110111 I
b1111110111 R
1)
b110001101 E
b11000110 A
b100 >
b10011100110 4
b111100001 3
1(
b111011111 9
b110 +
#12550
b1 Z
b0 \
b0 X
b0 U
b1111110010 J
b1111110010 [
b11110010 W
b10 V
b11111111111111111111111111110111 7
b1 .
b1 K
b1100001110010111 0
b1100001110010111 L
b1101001000000011 1
b1101001000000011 M
b10011100111 6
0)
#12555
b1111110010 $
b1111110010 I
b1111110010 R
1)
b110001110 E
b100 >
b10011100111 4
b111100010 3
1(
b11101000 B
b111100000 9
b1111110111 +
#12560
b0 Z
b11 Y
b110 \
b110 X
b1110 U
b111 J
b1 [
b1 W
b1 V
b11111111111111111111111111110010 7
b10 .
b10 K
b1100100011101 0
b1100100011101 L
b1110110011110 1
b1110110011110 M
b10011101000 6
0)
#12565
b111 $
b111 I
b111 R
1)
b110001111 E
b100 >
b10011101000 4
b111100011 3
1(
b11101001 B
b111100001 9
b1111110010 +
#12570
b1 Z
b0 \
b0 X
b0 U
b0 J
b0 [
b0 W
b0 V
b111 7
b11 .
b11 K
b1111011100010000 0
b1111011100010000 L
b11100000001 1
b11100000001 M
b10011101001 6
0)
#12575
b0 $
b0 I
b0 R
1)
b110010000 E
b11011001 @
b100 >
b10011101001 4
b111100100 3
1(
b111100010 9
b111 +
#12580
b0 Z
b10 Y
b0 7
b0 .
b0 K
b0 0
b0 L
b0 1
b0 M
0/
b10011101010 6
0)
#12585
0"
0T
1)
0(
b111100011 9
b0 +
#12590
b0 <
b10011101011 6
0)
#12595
1)
#12600
b1100 J
b1100 [
b1100 W
b10 U
b100 V
b100 .
b100 K
b10010000110000 0
b10010000110000 L
b1011010001100010 1
b1011010001100010 M
0*
1/
b10011101100 6
0)
#12605
0!
1"
b1100 $
b1100 I
b1100 R
1T
1)
b100 >
b10011101100 4
1(
b111100101 3
#12610
1!
b0 U
b0 J
b0 [
b0 W
b0 V
b1100 7
b1 <
b0 .
b0 K
b0 0
b0 L
b0 1
b0 M
1*
0/
b10011101101 6
0)
#12615
0"
0T
1)
0(
b111100100 9
b1100 +
#12620
b1 Z
b1111110010 J
b1111110010 \
b11110010 X
b111 U
b0 7
b0 <
b101 .
b101 K
b1101010101101110 0
b1101010101101110 L
b1011000001110100 1
b1011000001110100 M
0*
1/
b10011101110 6
0)
#12625
0!
1"
b1111110010 $
b1111110010 I
b1111110010 R
1T
1)
b11011010 @
b100 >
b10011101110 4
1(
b111100110 3
#12630
1!
b0 Z
b11 Y
b0 \
b0 X
b0 U
b0 J
b0 [
b0 W
b0 V
b11111111111111111111111111110010 7
b1 <
b110 .
b110 K
b1111100011111 0
b1111100011111 L
b11110000000 1
b11110000000 M
1*
b10011101111 6
0)
#12635
b0 $
b0 I
b0 R
1)
b110010001 E
b11011011 @
b11000111 A
b100 >
b10011101111 4
b111100111 3
1(
b11101010 B
b111100101 9
b1111110010 +
#12640
b1 Z
b0 \
b0 X
b0 U
b11 J
b11 [
b11 W
b11 V
b0 7
b111 .
b111 K
b101100010100 0
b101100010100 L
b11010000001010 1
b11010000001010 M
b10011110000 6
0)
#12645
b11 $
b11 I
b11 R
1)
b110010010 E
b100 >
b10011110000 4
b111101000 3
1(
b111100110 9
b0 +
#12650
0!
b0 Z
b10 Y
b10010 \
b10010 X
b110 U
b1111111101 J
b1111101011 [
b11101011 W
b1001 V
b11 7
b0 :
b1000 .
b1000 K
b1111000000110011 0
b1111000000110011 L
b1100110000110 1
b1100110000110 M
0*
b10011110001 6
0)
#12655
1)
b1001100101 F
b11 +
12
#12660
b10011110010 6
0)
#12665
1)
b1001100110 F
#12670
1!
b1 :
1*
b10011110011 6
0)
#12675
b1111111101 $
b1111111101 I
b1111111101 R
1)
b110010011 E
b11001000 A
b100 >
b10011110011 4
b111101001 3
1(
b11 ?
b111100111 9
02
#12680
b0 \
b0 X
b0 U
b0 J
b0 [
b0 W
b0 V
b11111111111111111111111111111101 7
b0 .
b0 K
b0 0
b0 L
b0 1
b0 M
0/
b10011110100 6
0)
#12685
0"
0T
1)
0(
b1 ?
b11101011 B
b111101000 9
b1111111101 +
#12690
b1 Z
b1111111111 \
b11111111 X
b111111 J
b1000000 [
b1000000 W
b1111 U
b1000 V
b0 7
b0 <
b1001 .
b1001 K
b111000010000001 0
b111000010000001 L
b1111100011111000 1
b1111100011111000 M
0*
1/
b10011110101 6
0)
#12695
0!
1"
b111111 $
b111111 I
b111111 R
1T
1)
b11001010 A
b100 >
b10011110101 4
1(
b111101010 3
#12700
b0 Z
b11 Y
b1111111010 \
b11111010 X
b1101 U
b1010 J
b10000 [
b10000 W
b100 V
b111111 7
b1 <
b0 :
b1010 .
b1010 K
b111010001000010 0
b111010001000010 L
b100010010111101 1
b100010010111101 M
b10011110110 6
0)
#12705
1)
b1001100111 F
b111111 +
12
#12710
1!
b1 :
1*
b10011110111 6
0)
#12715
b1010 $
b1010 I
b1010 R
1)
b110010100 E
b100 >
b10011110111 4
b111101011 3
1(
b10 ?
b111101001 9
02
#12720
0!
b1 Z
b1111 \
b1111 X
b11 U
b1011 J
b1111111100 [
b11111100 W
b1100 V
b1010 7
b0 :
b1011 .
b1011 K
b1110110000010101 0
b1110110000010101 L
b1100110100110010 1
b1100110100110010 M
0*
b10011111000 6
0)
#12725
1)
b1001101000 F
b1010 +
12
#12730
b10011111001 6
0)
#12735
1)
b1001101001 F
#12740
b10011111010 6
0)
#12745
1)
b1001101010 F
#12750
b10011111011 6
0)
#12755
1)
b1001101011 F
#12760
b10011111100 6
0)
#12765
1)
b1001101100 F
#12770
b10011111101 6
0)
#12775
1)
b1001101101 F
#12780
b10011111110 6
0)
#12785
1)
b1001101110 F
#12790
b10011111111 6
0)
#12795
1)
b1001101111 F
#12800
b10100000000 6
0)
#12805
1)
b1001110000 F
#12810
b10100000001 6
0)
#12815
1)
b1001110001 F
#12820
b10100000010 6
0)
#12825
1)
b1001110010 F
#12830
b10100000011 6
0)
#12835
1)
b1001110011 F
#12840
b10100000100 6
0)
#12845
1)
b1001110100 F
#12850
b10100000101 6
0)
#12855
1)
b1001110101 F
#12860
b10100000110 6
0)
#12865
1)
b1001110110 F
#12870
b10100000111 6
0)
#12875
1)
b1001110111 F
#12880
b10100001000 6
0)
#12885
1)
b1001111000 F
#12890
b10100001001 6
0)
#12895
1)
b1001111001 F
#12900
1!
b1 :
1*
b10100001010 6
0)
#12905
b1011 $
b1011 I
b1011 R
1)
b110010101 E
b100 >
b10100001010 4
b111101100 3
1(
b10011 ?
b111101010 9
02
#12910
b0 Z
b10 Y
b0 \
b0 X
b0 U
b1111111000 J
b1111111000 [
b11111000 W
b1 V
b1011 7
b1100 .
b1100 K
b111111110001111 0
b111111110001111 L
b1000000110000000 1
b1000000110000000 M
b10100001011 6
0)
#12915
b1111111000 $
b1111111000 I
b1111111000 R
1)
b110010110 E
b11001100 A
b100 >
b10100001011 4
b111101101 3
1(
b1 ?
b111101011 9
b1011 +
#12920
b0 J
b0 [
b0 W
b0 V
b11111111111111111111111111111000 7
b0 .
b0 K
b0 0
b0 L
b0 1
b0 M
0/
b10100001100 6
0)
#12925
0"
0T
1)
0(
b11101100 B
b111101100 9
b1111111000 +
#12930
b1 Z
b1111110000 \
b11110000 X
b1111111000 J
b1000 [
b1000 W
b100 U
b1110 V
b0 7
b0 <
b1101 .
b1101 K
b1111111111001100 0
b1111111111001100 L
b111001000101 1
b111001000101 M
1/
b10100001101 6
0)
#12935
1"
1T
1)
b100 >
b10100001101 4
1(
b111101110 3
#12940
0!
b0 Z
b11 Y
b1111111011 \
b11111011 X
b1011 U
b1111101011 J
b1111110000 [
b11110000 W
b100 V
b11111111111111111111111111111000 7
b1 <
b0 :
b1110 .
b1110 K
b10011000001 0
b10011000001 L
b100100100011011 1
b100100100011011 M
0*
b10100001110 6
0)
#12945
1)
b1001111010 F
12
#12950
1!
b1 :
1*
b10100001111 6
0)
#12955
b1111101011 $
b1111101011 I
b1111101011 R
1)
b110010111 E
b100 >
b10100001111 4
b111101111 3
1(
b10 ?
b11101101 B
b111101101 9
02
#12960
b10 Y
b0 \
b0 X
b0 U
b0 J
b0 [
b0 W
b0 V
b11111111111111111111111111101011 7
b0 .
b0 K
b0 0
b0 L
b0 1
b0 M
0/
b10100010000 6
0)
#12965
0"
0T
1)
0(
b1 ?
b11101110 B
b111101110 9
b1111101011 +
#12970
b1 Z
b11 Y
b1 J
b1 [
b1 W
b1111 U
b1111 V
b0 7
b0 <
b1111 .
b1111 K
b111011111110000 0
b111011111110000 L
b1111111111111000 1
b1111111111111000 M
1/
b10100010001 6
0)
#12975
1"
b1 $
b1 I
b1 R
1T
1)
b11001101 A
b100 >
b10100010001 4
1(
b111110000 3
#12980
0!
b0 Z
b10 Y
b11 \
b11 X
b1 U
b1111101011 J
b1111101000 [
b11101000 W
b11 V
b1 7
b1 <
b0 :
b0 .
b0 K
b1011101010000011 0
b1011101010000011 L
b1010001110110001 1
b1010001110110001 M
0*
b10100010010 6
0)
#12985
1)
b1001111011 F
b1 +
12
#12990
b10100010011 6
0)
#12995
1)
b1001111100 F
#13000
b10100010100 6
0)
#13005
1)
b1001111101 F
#13010
1!
b1 :
1*
b10100010101 6
0)
#13015
b1111101011 $
b1111101011 I
b1111101011 R
1)
b110011000 E
b100 >
b10100010101 4
b111110001 3
1(
b100 ?
b111101111 9
02
#13020
b1 Z
b1000 \
b1000 X
b1110 U
b1111011000 J
b1111010000 [
b11010000 W
b1000 V
b11111111111111111111111111101011 7
b1 .
b1 K
b1001000001101100 0
b1001000001101100 L
b110100011100010 1
b110100011100010 M
b10100010110 6
0)
#13025
b1111011000 $
b1111011000 I
b1111011000 R
1)
b110011001 E
b11001110 A
b100 >
b10100010110 4
b111110010 3
1(
b1 ?
b11101111 B
b111110000 9
b1111101011 +
#13030
b0 Z
b11 Y
b1111111000 \
b11111000 X
b1 U
b0 J
b1000 [
b1000 W
b1111 V
b11111111111111111111111111011000 7
b10 .
b10 K
b1111110001000 0
b1111110001000 L
b1111111111110001 1
b1111111111110001 M
b10100010111 6
0)
#13035
b0 $
b0 I
b0 R
1)
b110011010 E
b100 >
b10100010111 4
b111110011 3
1(
b11110000 B
b111110001 9
b1111011000 +
#13040
b10 Y
b0 \
b0 X
b0 U
b0 J
b0 [
b0 W
b0 V
b0 7
b0 .
b0 K
b0 0
b0 L
b0 1
b0 M
0/
b10100011000 6
0)
#13045
0"
0T
1)
0(
b111110010 9
b0 +
#13050
b1 Z
b11 Y
b1110 \
b1110 X
b10000 J
b10 [
b10 W
b111 U
b1 V
b0 <
b11 .
b11 K
b1110111100100010 0
b1110111100100010 L
b1111101111011 1
b1111101111011 M
0*
1/
b10100011001 6
0)
#13055
0!
1"
b10000 $
b10000 I
b10000 R
1T
1)
b11011100 @
b100 >
b10100011001 4
1(
b111110100 3
#13060
1!
b0 Z
b10 Y
b110 \
b110 X
b1110 U
b1000110 J
b1000000 [
b1000000 W
b1000 V
b10000 7
b1 <
b100 .
b100 K
b101000010001101 0
b101000010001101 L
b1111100000011110 1
b1111100000011110 M
1*
b10100011010 6
0)
#13065
b1000110 $
b1000110 I
b1000110 R
1)
b110011011 E
b11001111 A
b100 >
b10100011010 4
b111110101 3
1(
b111110011 9
b10000 +
#13070
b1 Z
b1000 \
b1000 X
b1000 U
b1000 J
b0 [
b0 W
b0 V
b1000110 7
b101 .
b101 K
b1000110001111 0
b1000110001111 L
b1000000010000000 1
b1000000010000000 M
b10100011011 6
0)
#13075
b1000 $
b1000 I
b1000 R
1)
b110011100 E
b11010001 A
b100 >
b10100011011 4
b111110110 3
1(
b111110100 9
b1000110 +
#13080
0!
b0 Z
b11 Y
b1010 \
b1010 X
b101 U
b1010 J
b0 [
b0 W
b11 V
b1000 7
b0 :
b110 .
b110 K
b111101000000010 0
b111101000000010 L
b11100111110101 1
b11100111110101 M
0*
b10100011100 6
0)
#13085
1)
b1001111110 F
b1000 +
12
#13090
1!
b1 :
1*
b10100011101 6
0)
#13095
b1010 $
b1010 I
b1010 R
1)
b110011101 E
b100 >
b10100011101 4
b111110111 3
1(
b10 ?
b111110101 9
02
#13100
0!
b1 Z
b1100 [
b1100 W
b10 J
b1111110110 \
b11110110 X
b101 U
b110 V
b1010 7
b0 :
b111 .
b111 K
b1011111000101110 0
b1011111000101110 L
b110011001011100 1
b110011001011100 M
0*
b10100011110 6
0)
#13105
1)
b1001111111 F
b1010 +
12
#13110
b10100011111 6
0)
#13115
1)
b1010000000 F
#13120
1!
b1 :
1*
b10100100000 6
0)
#13125
b10 $
b10 I
b10 R
1)
b110011110 E
b100 >
b10100100000 4
b111111000 3
1(
b11 ?
b111110110 9
02
#13130
b0 Z
b10 Y
b1111111000 \
b11111000 X
b1 U
b1111111000 J
b0 [
b0 W
b0 V
b10 7
b1000 .
b1000 K
b1100011111000 0
b1100011111000 L
b111000001110001 1
b111000001110001 M
b10100100001 6
0)
#13135
b1111111000 $
b1111111000 I
b1111111000 R
1)
b110011111 E
b11011110 @
b100 >
b10100100001 4
b111111001 3
1(
b1 ?
b111110111 9
b10 +
#13140
b1 Z
b1111111110 J
b1111111110 \
b11111110 X
b1110 U
b11111111111111111111111111111000 7
b1001 .
b1001 K
b1010100010000001 0
b1010100010000001 L
b1110000011101110 1
b1110000011101110 M
b10100100010 6
0)
#13145
b1111111110 $
b1111111110 I
b1111111110 R
1)
b110100000 E
b100 >
b10100100010 4
b111111010 3
1(
b11110001 B
b111111000 9
b1111111000 +
#13150
b11 U
b0 Z
b11 Y
b0 \
b0 X
b1111101000 J
b1111101000 [
b11101000 W
b1000 V
b11111111111111111111111111111110 7
b1010 .
b1010 K
b10110100110000 0
b10110100110000 L
b1000010111100011 1
b1000010111100011 M
b10100100011 6
0)
#13155
b1111101000 $
b1111101000 I
b1111101000 R
1)
b110100001 E
b11010010 A
b100 >
b10100100011 4
b111111011 3
1(
b11110010 B
b111111001 9
b1111111110 +
#13160
b1 Z
b0 J
b0 [
b0 W
b0 U
b11111111111111111111111111101000 7
b1011 .
b1011 K
b1000000100000111 0
b1000000100000111 L
b1000100000000000 1
b1000100000000000 M
b10100100100 6
0)
#13165
b0 $
b0 I
b0 R
1)
b110100010 E
b11010100 A
b100 >
b10100100100 4
b111111100 3
1(
b11110011 B
b111111010 9
b1111101000 +
#13170
b0 Z
b10 Y
b0 V
b0 7
b0 .
b0 K
b0 0
b0 L
b0 1
b0 M
0/
b10100100101 6
0)
#13175
0"
0T
1)
0(
b111111011 9
b0 +
#13180
b1111101000 \
b11101000 X
b1111101110 J
b110 [
b110 W
b110 U
b10 V
b0 <
b1100 .
b1100 K
b111011100111100 0
b111011100111100 L
b1011001010110110 1
b1011001010110110 M
1/
b10100100110 6
0)
#13185
1"
b1111101110 $
b1111101110 I
b1111101110 R
1T
1)
b100 >
b10100100110 4
1(
b111111101 3
#13190
0!
b0 \
b0 X
b0 U
b0 J
b0 [
b0 W
b0 V
b11111111111111111111111111101110 7
b1 <
b0 :
b0 .
b0 K
b0 0
b0 L
b0 1
b0 M
0*
0/
b10100100111 6
0)
#13195
1)
b1111101110 +
12
#13200
1!
b1 Z
b1111111000 \
b11111000 X
b1111101110 J
b1111110110 [
b11110110 W
b10 U
b10 V
b1 :
b1101 .
b1101 K
b100000010111100 0
b100000010111100 L
b111001000101010 1
b111001000101010 M
1*
1/
b10100101000 6
0)
#13205
1)
b110100011 E
b11011111 @
b100 >
b10100101000 4
b111111110 3
1(
b10 ?
b11110100 B
b111111100 9
02
#13210
0!
b0 Z
b0 \
b0 X
b0 U
b0 J
b0 [
b0 W
b0 V
b0 :
b0 .
b0 K
b0 0
b0 L
b0 1
b0 M
0*
0/
b10100101001 6
0)
#13215
1)
12
#13220
1!
b1000 V
b11 Y
b110001 J
b110001 \
b110001 X
b111 U
b1 :
b1110 .
b1110 K
b1111100000111 0
b1111100000111 L
b1000000000000111 1
b1000000000000111 M
1*
1/
b10100101010 6
0)
#13225
b110001 $
b110001 I
b110001 R
1)
b110100100 E
b11010101 A
b11100000 @
b100 >
b10100101010 4
b111111111 3
1(
b11110101 B
b111111101 9
02
#13230
b1 Z
b100000 [
b100000 W
b101100 J
b1100 \
b1100 X
b1101 U
b1100 V
b110001 7
b1111 .
b1111 K
b1110101110001100 0
b1110101110001100 L
b1100010111010100 1
b1100010111010100 M
b10100101011 6
0)
#13235
b101100 $
b101100 I
b101100 R
1)
b110100101 E
b100 >
b10100101011 4
b1000000000 3
1(
b1 ?
b111111110 9
b110001 +
#13240
b0 Z
b10 Y
b11000 \
b11000 X
b100 U
b1010000 J
b111000 [
b111000 W
b1000 V
b101100 7
b0 .
b0 K
b1010111010010110 0
b1010111010010110 L
b1010100010000100 1
b1010100010000100 M
b10100101100 6
0)
#13245
b1010000 $
b1010000 I
b1010000 R
1)
b110100110 E
b11010111 A
b100 >
b10100101100 4
b1000000001 3
1(
b111111111 9
b101100 +
#13250
0!
b1 Z
b0 \
b0 X
b0 U
b1111111111 J
b1111111111 [
b11111111 W
b1111 V
b1010000 7
b0 :
b1 .
b1 K
b1000011100010001 0
b1000011100010001 L
b1111111100000000 1
b1111111100000000 M
0*
b10100101101 6
0)
#13255
1)
b1010000001 F
b1010000 +
12
#13260
b10100101110 6
0)
#13265
1)
b1010000010 F
#13270
b10100101111 6
0)
#13275
1)
b1010000011 F
#13280
b10100110000 6
0)
#13285
1)
b1010000100 F
#13290
b10100110001 6
0)
#13295
1)
b1010000101 F
#13300
b10100110010 6
0)
#13305
1)
b1010000110 F
#13310
b10100110011 6
0)
#13315
1)
b1010000111 F
#13320
b10100110100 6
0)
#13325
1)
b1010001000 F
#13330
b10100110101 6
0)
#13335
1)
b1010001001 F
#13340
b10100110110 6
0)
#13345
1)
b1010001010 F
#13350
b10100110111 6
0)
#13355
1)
b1010001011 F
#13360
b10100111000 6
0)
#13365
1)
b1010001100 F
#13370
0"
b0 <
1-
b10100111001 6
0)
#13375
b0 $
b0 I
b0 R
0T
1)
b11111111111111111111111111111111 4
0(
b10 D
b10 5
02
#13380
1!
b0 7
b1 :
0-
b10100111010 6
0)
#13385
0!
1"
b1111111111 $
b1111111111 I
b1111111111 R
1T
1)
b100 >
b10100111010 4
1(
b1000000010 3
b0 +
#13390
b0 Z
b0 J
b0 [
b0 W
b0 V
b11111111111111111111111111111111 7
b1 <
b0 :
b0 .
b0 K
b0 0
b0 L
b0 1
b0 M
0/
b10100111011 6
0)
#13395
1)
b1111111111 +
12
#13400
b11 Y
b101 \
b101 X
b1111110001 J
b1111101100 [
b11101100 W
b1111 U
b100 V
b10 .
b10 K
b1110110010111011 0
b1110110010111011 L
b100001111101111 1
b100001111101111 M
1/
b10100111100 6
0)
#13405
1)
b1010001101 F
#13410
b10100111101 6
0)
#13415
1)
b1010001110 F
#13420
1!
b1 :
1*
b10100111110 6
0)
#13425
b1111110001 $
b1111110001 I
b1111110001 R
1)
b110100111 E
b100 >
b10100111110 4
b1000000011 3
1(
b100 ?
b11110110 B
b1000000000 9
02
#13430
b1 Z
b1111010110 \
b11010110 X
b110 U
b1110101100 J
b1111010110 [
b11010110 W
b1010 V
b11111111111111111111111111110001 7
b11 .
b11 K
b100110101111001 0
b100110101111001 L
b1010011001100110 1
b1010011001100110 M
b10100111111 6
0)
#13435
b1110101100 $
b1110101100 I
b1110101100 R
1)
b110101000 E
b100 >
b10100111111 4
b1000000100 3
1(
b1 ?
b11110111 B
b1000000001 9
b1111110001 +
#13440
b0 Z
b10 Y
b0 \
b0 X
b0 U
b0 J
b0 [
b0 W
b0 V
b11111111111111111111111110101100 7
b0 .
b0 K
b0 0
b0 L
b0 1
b0 M
0/
b10101000000 6
0)
#13445
0"
0T
1)
0(
b11111000 B
b1000000010 9
b1110101100 +
#13450
b0 7
b0 <
b10101000001 6
0)
#13455
1)
#13460
b110001 \
b110001 X
b101001 J
b1111111000 [
b11111000 W
b111 U
b1 V
b100 .
b100 K
b1111000110000111 0
b1111000110000111 L
b1111000100010111 1
b1111000100010111 M
1/
b10101000010 6
0)
#13465
1"
b101001 $
b101001 I
b101001 R
1T
1)
b11100001 @
b100 >
b10101000010 4
1(
b1000000101 3
#13470
0!
b1 Z
b110000 \
b110000 X
b1010 U
b101100 J
b1111111100 [
b11111100 W
b1111 V
b101001 7
b1 <
b0 :
b101 .
b101 K
b1001111101001000 0
b1001111101001000 L
b1111111110100100 1
b1111111110100100 M
0*
b10101000011 6
0)
#13475
1)
b1010001111 F
b101001 +
12
#13480
b10101000100 6
0)
#13485
1)
b1010010000 F
#13490
1!
b1 :
1*
b10101000101 6
0)
#13495
b101100 $
b101100 I
b101100 R
1)
b110101001 E
b100 >
b10101000101 4
b1000000110 3
1(
b11 ?
b1000000011 9
02
#13500
b0 Z
b11 Y
b111 \
b111 X
b1111 U
b1111010111 J
b1111010000 [
b11010000 W
b1000 V
b101100 7
b110 .
b110 K
b100100101101001 0
b100100101101001 L
b1000111010111111 1
b1000111010111111 M
b10101000110 6
0)
#13505
b1111010111 $
b1111010111 I
b1111010111 R
1)
b110101010 E
b11011000 A
b100 >
b10101000110 4
b1000000111 3
1(
b1 ?
b1000000100 9
b101100 +
#13510
b1 Z
b1111111001 \
b11111001 X
b111 U
b1111111000 J
b1111111111 [
b11111111 W
b1111 V
b11111111111111111111111111010111 7
b111 .
b111 K
b1000000000011111 0
b1000000000011111 L
b1111100001110111 1
b1111100001110111 M
b10101000111 6
0)
#13515
b1111111000 $
b1111111000 I
b1111111000 R
1)
b110101011 E
b11011001 A
b11100011 @
b100 >
b10101000111 4
b1000001000 3
1(
b11111001 B
b1000000101 9
b1111010111 +
#13520
b0 Z
b10 Y
b10100 \
b10100 X
b1100 U
b111100 J
b101000 [
b101000 W
b1000 V
b11111111111111111111111111111000 7
b1000 .
b1000 K
b1100110110111011 0
b1100110110111011 L
b111100001101100 1
b111100001101100 M
b10101001000 6
0)
#13525
b111100 $
b111100 I
b111100 R
1)
b110101100 E
b11100100 @
b11011010 A
b100 >
b10101001000 4
b1000001001 3
1(
b11111010 B
b1000000110 9
b1111111000 +
#13530
0!
b1 Z
b1111110000 \
b11110000 X
b10 U
b1110 J
b11110 [
b11110 W
b1011 V
b111100 7
b0 :
b1001 .
b1001 K
b1010100010101000 0
b1010100010101000 L
b100101100101101 1
b100101100101101 M
0*
b10101001001 6
0)
#13535
1)
b1010010001 F
b111100 +
12
#13540
1!
b1 :
1*
b10101001010 6
0)
#13545
b1110 $
b1110 I
b1110 R
1)
b110101101 E
b100 >
b10101001010 4
b1000001010 3
1(
b10 ?
b1000000111 9
02
#13550
b0 Z
b0 \
b0 X
b0 U
b0 J
b0 [
b0 W
b0 V
b1110 7
b0 .
b0 K
b0 0
b0 L
b0 1
b0 M
0/
b10101001011 6
0)
#13555
0"
0T
1)
0(
b1 ?
b1000001000 9
b1110 +
#13560
b0 7
b0 <
b10101001100 6
0)
#13565
1)
#13570
b11 Y
b1 \
b1 X
b10 J
b1 [
b1 W
b1111 U
b1111 V
b1010 .
b1010 K
b1000100011111111 0
b1000100011111111 L
b1111111111111111 1
b1111111111111111 M
0*
1/
b10101001101 6
0)
#13575
0!
1"
b10 $
b10 I
b10 R
1T
1)
b100 >
b10101001101 4
1(
b1000001011 3
#13580
b1 Z
b1111110100 \
b11110100 X
b110 U
b110100 J
b1000000 [
b1000000 W
b1000 V
b10 7
b1 <
b0 :
b1011 .
b1011 K
b110110110001110 0
b110110110001110 L
b1000010001100001 1
b1000010001100001 M
b10101001110 6
0)
#13585
1)
b1010010010 F
b10 +
12
#13590
1!
b1 :
1*
b10101001111 6
0)
#13595
b110100 $
b110100 I
b110100 R
1)
b110101110 E
b11011011 A
b100 >
b10101001111 4
b1000001100 3
1(
b10 ?
b1000001001 9
02
#13600
0!
b0 Z
b10 Y
b1010 \
b1010 X
b1110 U
b10110 J
b1100 [
b1100 W
b1110 V
b110100 7
b0 :
b1100 .
b1100 K
b1011001110101011 0
b1011001110101011 L
b101111010111110 1
b101111010111110 M
0*
b10101010000 6
0)
#13605
1)
b1010010011 F
b110100 +
12
#13610
b10101010001 6
0)
#13615
1)
b1010010100 F
#13620
b10101010010 6
0)
#13625
1)
b1010010101 F
#13630
b10101010011 6
0)
#13635
1)
b1010010110 F
#13640
1!
b1 :
1*
b10101010100 6
0)
#13645
b10110 $
b10110 I
b10110 R
1)
b110101111 E
b100 >
b10101010100 4
b1000001101 3
1(
b101 ?
b1000001010 9
02
#13650
0!
b1 Z
b0 \
b0 X
b111 U
b0 J
b0 [
b0 W
b1000 V
b10110 7
b0 :
b1101 .
b1101 K
b0 0
b0 L
b1000100001111000 1
b1000100001111000 M
0*
b10101010101 6
0)
#13655
1)
b1010010111 F
b10110 +
12
#13660
1!
b1 :
1*
b10101010110 6
0)
#13665
b0 $
b0 I
b0 R
1)
b110110000 E
b11100101 @
b11011110 A
b100 >
b10101010110 4
b1000001110 3
1(
b10 ?
b1000001011 9
02
#13670
b0 Z
b0 U
b0 V
b0 7
b0 .
b0 K
b0 1
b0 M
0/
b10101010111 6
0)
#13675
0"
0T
1)
0(
b1 ?
b1000001100 9
b0 +
#13680
b0 <
0*
b10101011000 6
0)
#13685
1)
#13690
b11 Y
b1111111110 \
b11111110 X
b1111101110 J
b1111110000 [
b11110000 W
b1 U
b10 V
b1110 .
b1110 K
b1010101010001110 0
b1010101010001110 L
b10011111000001 1
b10011111000001 M
1*
1/
b10101011001 6
0)
#13695
1"
b1111101110 $
b1111101110 I
b1111101110 R
1T
1)
b11100110 @
b100 >
b10101011001 4
1(
b1000001111 3
#13700
0!
b1 Z
b1111100010 \
b11100010 X
b1011 U
b1111110110 J
b10100 [
b10100 W
b100 V
b11111111111111111111111111101110 7
b1 <
b0 :
b1111 .
b1111 K
b1010111001010110 0
b1010111001010110 L
b100111010111001 1
b100111010111001 M
0*
b10101011010 6
0)
#13705
1)
b1010011000 F
b1111101110 +
12
#13710
1!
b1 :
1*
b10101011011 6
0)
#13715
b1111110110 $
b1111110110 I
b1111110110 R
1)
b110110001 E
b100 >
b10101011011 4
b1000010000 3
1(
b10 ?
b11111011 B
b1000001101 9
02
#13720
0!
b0 Z
b10 Y
b1111111000 \
b11111000 X
b1000 U
b111000 J
b1000000 [
b1000000 W
b1000 V
b11111111111111111111111111110110 7
b0 :
b0 .
b0 K
b1111011110000001 0
b1111011110000001 L
b111100010001000 1
b111100010001000 M
0*
b10101011100 6
0)
#13725
1)
b1010011001 F
b1111110110 +
12
#13730
1!
b1 :
1*
b10101011101 6
0)
#13735
b111000 $
b111000 I
b111000 R
1)
b110110010 E
b11100111 @
b11100001 A
b100 >
b10101011101 4
b1000010001 3
1(
b11111100 B
b1000001110 9
02
#13740
b0 \
b0 X
b0 U
b0 J
b0 [
b0 W
b0 V
b111000 7
b0 0
b0 L
b0 1
b0 M
0/
b10101011110 6
0)
#13745
0"
0T
1)
0(
b1 ?
b1000001111 9
b111000 +
#13750
b1 Z
b110 U
b0 7
b0 <
b1 .
b1 K
b1000001100010000 0
b1000001100010000 L
b1100000001100001 1
b1100000001100001 M
1/
b10101011111 6
0)
#13755
1"
b0 $
b0 I
b0 R
1T
1)
b100 >
b10101011111 4
1(
b1000010010 3
#13760
b0 Z
b11 Y
b1100 \
b1100 X
b10 U
b10101 J
b1001 [
b1001 W
b1101 V
b1 <
b10 .
b10 K
b10011111010110 0
b10011111010110 L
b1101101101000010 1
b1101101101000010 M
b10101100000 6
0)
#13765
b10101 $
b10101 I
b10101 R
1)
b110110011 E
b100 >
b10101100000 4
b1000010011 3
1(
b1000010000 9
b0 +
#13770
b1 Z
b1111111001 \
b11111001 X
b111 U
b1111110001 J
b1111111000 [
b11111000 W
b1 V
b10101 7
b11 .
b11 K
b111000010001111 0
b111000010001111 L
b1100001110000 1
b1100001110000 M
b10101100001 6
0)
#13775
b1111110001 $
b1111110001 I
b1111110001 R
1)
b110110100 E
b11100010 A
b11101000 @
b100 >
b10101100001 4
b1000010100 3
1(
b1000010001 9
b10101 +
#13780
0!
b0 Z
b10 Y
b0 \
b0 X
b0 U
b0 J
b0 [
b0 W
b0 V
b11111111111111111111111111110001 7
b0 :
b0 .
b0 K
b0 0
b0 L
b0 1
b0 M
0*
0/
b10101100010 6
0)
#13785
1)
b1111110001 +
12
#13790
b110 \
b110 X
b110110 J
b110000 [
b110000 W
b11 U
b1000 V
b100 .
b100 K
b1011110110100010 0
b1011110110100010 L
b1111100000100011 1
b1111100000100011 M
1/
b10101100011 6
0)
#13795
1)
b1010011010 F
#13800
b10101100100 6
0)
#13805
1)
b1010011011 F
#13810
b10101100101 6
0)
#13815
1)
b1010011100 F
#13820
b10101100110 6
0)
#13825
1)
b1010011101 F
#13830
b10101100111 6
0)
#13835
1)
b1010011110 F
#13840
b10101101000 6
0)
#13845
1)
b1010011111 F
#13850
b10101101001 6
0)
#13855
1)
b1010100000 F
#13860
b10101101010 6
0)
#13865
1)
b1010100001 F
#13870
b10101101011 6
0)
#13875
1)
b1010100010 F
#13880
b10101101100 6
0)
#13885
1)
b1010100011 F
#13890
b10101101101 6
0)
#13895
1)
b1010100100 F
#13900
b10101101110 6
0)
#13905
1)
b1010100101 F
#13910
b10101101111 6
0)
#13915
1)
b1010100110 F
#13920
b10101110000 6
0)
#13925
1)
b1010100111 F
#13930
b10101110001 6
0)
#13935
1)
b1010101000 F
#13940
b10101110010 6
0)
#13945
1)
b1010101001 F
#13950
1!
b1 :
1*
b10101110011 6
0)
#13955
b110110 $
b110110 I
b110110 R
1)
b110110101 E
b11100011 A
b100 >
b10101110011 4
b1000010101 3
1(
b10010 ?
b11111101 B
b1000010010 9
02
#13960
b1 Z
b110 \
b110 X
b10 U
b1111101000 J
b1111100010 [
b11100010 W
b101 V
b110110 7
b101 .
b101 K
b110101110100011 0
b110101110100011 L
b10010100101001 1
b10010100101001 M
b10101110100 6
0)
#13965
b1111101000 $
b1111101000 I
b1111101000 R
1)
b110110110 E
b100 >
b10101110100 4
b1000010110 3
1(
b1 ?
b1000010011 9
b110110 +
#13970
0!
b0 Z
b11 Y
b1111111001 \
b11111001 X
b111 U
b1111000001 J
b1111001000 [
b11001000 W
b1000 V
b11111111111111111111111111101000 7
b0 :
b110 .
b110 K
b1111000101111111 0
b1111000101111111 L
b1000111101110111 1
b1000111101110111 M
0*
b10101110101 6
0)
#13975
1)
b1010101010 F
b1111101000 +
12
#13980
b10101110110 6
0)
#13985
1)
b1010101011 F
#13990
b10101110111 6
0)
#13995
1)
b1010101100 F
#14000
1!
b1 :
1*
b10101111000 6
0)
#14005
b1111000001 $
b1111000001 I
b1111000001 R
1)
b110110111 E
b11100100 A
b11101010 @
b100 >
b10101111000 4
b1000010111 3
1(
b100 ?
b11111110 B
b1000010100 9
02
#14010
b1 Z
b10000 \
b10000 X
b1110 U
b10000 J
b0 [
b0 W
b1 V
b11111111111111111111111111000001 7
b111 .
b111 K
b1011010100001000 0
b1011010100001000 L
b1111011101010 1
b1111011101010 M
b10101111001 6
0)
#14015
b10000 $
b10000 I
b10000 R
1)
b110111000 E
b100 >
b10101111001 4
b1000011000 3
1(
b1 ?
b11111111 B
b1000010101 9
b1111000001 +
#14020
0!
b0 Z
b10 Y
b0 J
b0 \
b0 X
b0 U
b0 V
b10000 7
b0 :
b0 .
b0 K
b0 0
b0 L
b0 1
b0 M
0*
0/
b10101111010 6
0)
#14025
1)
b10000 +
12
#14030
1!
b1 :
1*
b10101111011 6
0)
#14035
0"
0T
1)
0(
b10 ?
b1000010110 9
02
#14040
b1111110100 \
b11110100 X
b1111110111 J
b11 [
b11 W
b1101 U
b1101 V
b0 7
b0 <
b1000 .
b1000 K
b1011110100 0
b1011110100 L
b1110101101101 1
b1110101101101 M
0*
1/
b10101111100 6
0)
#14045
0!
1"
b1111110111 $
b1111110111 I
b1111110111 R
1T
1)
b100 >
b10101111100 4
1(
b1000011001 3
#14050
1!
b0 \
b0 X
b0 U
b0 J
b0 [
b0 W
b0 V
b11111111111111111111111111110111 7
b1 <
b0 .
b0 K
b0 0
b0 L
b0 1
b0 M
1*
0/
b10101111101 6
0)
#14055
0"
0T
1)
0(
b1 ?
b100000000 B
b1000010111 9
b1111110111 +
#14060
b1 Z
b1000 \
b1000 X
b1 J
b1111111001 [
b11111001 W
b1000 U
b111 V
b0 7
b0 <
b1001 .
b1001 K
b1000011111111111 0
b1000011111111111 L
b11110001000 1
b11110001000 M
1/
b10101111110 6
0)
#14065
1"
b1 $
b1 I
b1 R
1T
1)
b11101011 @
b11100110 A
b100 >
b10101111110 4
1(
b1000011010 3
#14070
b0 Z
b0 \
b0 X
b0 U
b0 J
b0 [
b0 W
b0 V
b1 7
b1 <
b0 .
b0 K
b0 0
b0 L
b0 1
b0 M
0/
b10101111111 6
0)
#14075
0"
0T
1)
0(
b1000011000 9
b1 +
#14080
b11 Y
b100100 \
b100100 X
b1001000 J
b100100 [
b100100 W
b1010 U
b1010 V
b0 7
b0 <
b1010 .
b1010 K
b1010100010101010 0
b1010100010101010 L
b1010000101001010 1
b1010000101001010 M
1/
b10110000000 6
0)
#14085
1"
b1001000 $
b1001000 I
b1001000 R
1T
1)
b100 >
b10110000000 4
1(
b1000011011 3
#14090
0!
b10 Y
b0 \
b0 X
b0 U
b0 J
b0 [
b0 W
b0 V
b1001000 7
b1 <
b0 :
b0 .
b0 K
b0 0
b0 L
b0 1
b0 M
0*
0/
b10110000001 6
0)
#14095
1)
b1001000 +
12
#14100
1!
b1 Z
b11 Y
b1111010110 J
b1111010110 \
b11010110 X
b1010 U
b1011 V
b1 :
b1011 .
b1011 K
b1101011000000111 0
b1101011000000111 L
b1011110010100011 1
b1011110010100011 M
1*
1/
b10110000010 6
0)
#14105
b1111010110 $
b1111010110 I
b1111010110 R
1)
b110111001 E
b100 >
b10110000010 4
b1000011100 3
1(
b10 ?
b1000011001 9
02
#14110
b0 Z
b10 Y
b0 [
b0 W
b1111111000 J
b1111111000 \
b11111000 X
b1000 U
b0 V
b11111111111111111111111111010110 7
b1100 .
b1100 K
b1000000101110001 0
b1000000101110001 L
b1000000001000 1
b1000000001000 M
b10110000011 6
0)
#14115
b1111111000 $
b1111111000 I
b1111111000 R
1)
b110111010 E
b11100111 A
b100 >
b10110000011 4
b1000011101 3
1(
b1 ?
b100000001 B
b1000011010 9
b1111010110 +
#14120
0!
b1 Z
b1111110000 \
b11110000 X
b10 U
b1111111000 J
b1000 [
b1000 W
b10 V
b11111111111111111111111111111000 7
b0 :
b1101 .
b1101 K
b1011111101001000 0
b1011111101001000 L
b1110001000100110 1
b1110001000100110 M
0*
b10110000100 6
0)
#14125
1)
b1010101101 F
b1111111000 +
12
#14130
b10110000101 6
0)
#14135
1)
b1010101110 F
#14140
1!
b1 :
1*
b10110000110 6
0)
#14145
1)
b110111011 E
b100 >
b10110000110 4
b1000011110 3
1(
b11 ?
b100000010 B
b1000011011 9
02
#14150
0!
b0 Z
b0 \
b0 X
b0 U
b0 J
b0 [
b0 W
b0 V
b0 :
b0 .
b0 K
b0 0
b0 L
b0 1
b0 M
0*
0/
b10110000111 6
0)
#14155
1)
12
#14160
1!
b1 :
1*
b10110001000 6
0)
#14165
0"
0T
1)
0(
b10 ?
b100000011 B
b1000011100 9
02
#14170
b11 Y
b10000 \
b10000 X
b10000 J
b0 [
b0 W
b1110 U
b0 V
b0 7
b0 <
b1110 .
b1110 K
b1010101011101000 0
b1010101011101000 L
b1000111110 1
b1000111110 M
0*
1/
b10110001001 6
0)
#14175
0!
1"
b10000 $
b10000 I
b10000 R
1T
1)
b100 >
b10110001001 4
1(
b1000011111 3
#14180
b10 Y
b0 J
b0 \
b0 X
b0 U
b10000 7
b1 <
b0 :
b0 .
b0 K
b0 0
b0 L
b0 1
b0 M
0/
b10110001010 6
0)
#14185
1)
b10000 +
12
#14190
1!
b1 :
1*
b10110001011 6
0)
#14195
0"
0T
1)
0(
b1000011101 9
02
#14200
b1 Z
b11 Y
b1111111001 J
b1111111001 \
b11111001 X
b1111 U
b0 7
b0 <
b1111 .
b1111 K
b1011110000111 0
b1011110000111 L
b11110111 1
b11110111 M
1/
b10110001100 6
0)
#14205
1"
b1111111001 $
b1111111001 I
b1111111001 R
1T
1)
b11101100 @
b100 >
b10110001100 4
1(
b1000100000 3
#14210
b0 Z
b10 Y
b0 J
b0 \
b0 X
b0 U
b11111111111111111111111111111001 7
b1 <
b0 .
b0 K
b0 0
b0 L
b0 1
b0 M
0/
b10110001101 6
0)
#14215
0"
0T
1)
0(
b1 ?
b100000100 B
b1000011110 9
b1111111001 +
#14220
b0 7
b0 <
0*
b10110001110 6
0)
#14225
1)
#14230
b11110 \
b11110 X
b11010 J
b1111111100 [
b11111100 W
b1011 U
b100 V
b1010100111111010 0
b1010100111111010 L
b10010011011 1
b10010011011 M
1*
1/
b10110001111 6
0)
#14235
1"
b11010 $
b11010 I
b11010 R
1T
1)
b100 >
b10110001111 4
1(
b1000100001 3
#14240
b1 Z
b1111101000 \
b11101000 X
b1000 U
b1111101000 J
b0 [
b0 W
b0 V
b11010 7
b1 <
b1 .
b1 K
b1100110100110011 0
b1100110100110011 L
b1100000010000001 1
b1100000010000001 M
b10110010000 6
0)
#14245
b1111101000 $
b1111101000 I
b1111101000 R
1)
b110111100 E
b11101000 A
b100 >
b10110010000 4
b1000100010 3
1(
b1000011111 9
b11010 +
#14250
b0 Z
b11 Y
b0 J
b0 \
b0 X
b0 U
b11111111111111111111111111101000 7
b10 .
b10 K
b111100011110111 0
b111100011110111 L
b0 1
b0 M
b10110010001 6
0)
#14255
b0 $
b0 I
b0 R
1)
b110111101 E
b100 >
b10110010001 4
b1000100011 3
1(
b100000101 B
b1000100000 9
b1111101000 +
#14260
0!
b10 Y
b0 7
b0 :
b0 .
b0 K
b0 0
b0 L
0*
0/
b10110010010 6
0)
#14265
1)
b0 +
12
#14270
1!
b1 Z
b11 Y
b1111111111 \
b11111111 X
b1111 J
b10000 [
b10000 W
b1 U
b1000 V
b1 :
b11 .
b11 K
b100111111101111 0
b100111111101111 L
b1000010000011101 1
b1000010000011101 M
1*
1/
b10110010011 6
0)
#14275
b1111 $
b1111 I
b1111 R
1)
b110111110 E
b11101001 A
b100 >
b10110010011 4
b1000100100 3
1(
b10 ?
b1000100001 9
02
#14280
0!
b0 Z
b10 Y
b0 \
b0 X
b0 U
b0 J
b0 [
b0 W
b0 V
b1111 7
b0 :
b0 .
b0 K
b0 0
b0 L
b0 1
b0 M
0*
0/
b10110010100 6
0)
#14285
1)
b1111 +
12
#14290
1!
b1111101000 \
b11101000 X
b1110110111 J
b1111001111 [
b11001111 W
b11 U
b111 V
b1 :
b100 .
b100 K
b100101110011000 0
b100101110011000 L
b11111110011 1
b11111110011 M
1*
1/
b10110010101 6
0)
#14295
b1110110111 $
b1110110111 I
b1110110111 R
1)
b110111111 E
b11101101 @
b100 >
b10110010101 4
b1000100101 3
1(
b1000100010 9
02
#14300
0!
b0 \
b0 X
b0 U
b0 J
b0 [
b0 W
b0 V
b11111111111111111111111110110111 7
b0 :
b0 .
b0 K
b0 0
b0 L
b0 1
b0 M
0*
0/
b10110010110 6
0)
#14305
1)
b1110110111 +
12
#14310
b111 J
b111 \
b111 X
b111 U
b1 Z
b101 .
b101 K
b1000000100010001 0
b1000000100010001 L
b1000000001110000 1
b1000000001110000 M
1/
b10110010111 6
0)
#14315
1)
b1010101111 F
#14320
b10110011000 6
0)
#14325
1)
b1010110000 F
#14330
b10110011001 6
0)
#14335
1)
b1010110001 F
#14340
b10110011010 6
0)
#14345
1)
b1010110010 F
#14350
b10110011011 6
0)
#14355
1)
b1010110011 F
#14360
b10110011100 6
0)
#14365
1)
b1010110100 F
#14370
b10110011101 6
0)
#14375
1)
b1010110101 F
#14380
b10110011110 6
0)
#14385
1)
b1010110110 F
#14390
b10110011111 6
0)
#14395
1)
b1010110111 F
#14400
b10110100000 6
0)
#14405
1)
b1010111000 F
#14410
b10110100001 6
0)
#14415
1)
b1010111001 F
#14420
b10110100010 6
0)
#14425
1)
b1010111010 F
#14430
b10110100011 6
0)
#14435
1)
b1010111011 F
#14440
b10110100100 6
0)
#14445
1)
b1010111100 F
#14450
b10110100101 6
0)
#14455
1)
b1010111101 F
#14460
b10110100110 6
0)
#14465
1)
b1010111110 F
#14470
b10110100111 6
0)
#14475
1)
b1010111111 F
#14480
1!
b1 :
1*
b10110101000 6
0)
#14485
b111 $
b111 I
b111 R
1)
b111000000 E
b11101010 A
b11101110 @
b100 >
b10110101000 4
b1000100110 3
1(
b10011 ?
b100000110 B
b1000100011 9
02
#14490
b0 Z
b11 Y
b1111101100 \
b11101100 X
b1011 U
b1010 J
b11110 [
b11110 W
b1010 V
b111 7
b110 .
b110 K
b111011110110100 0
b111011110110100 L
b1010011101101011 1
b1010011101101011 M
b10110101001 6
0)
#14495
b1010 $
b1010 I
b1010 R
1)
b111000001 E
b11101111 @
b100 >
b10110101001 4
b1000100111 3
1(
b1 ?
b1000100100 9
b111 +
#14500
b1 Z
b111 \
b111 X
b1111 U
b1111101001 J
b1111100010 [
b11100010 W
b110 V
b1010 7
b111 .
b111 K
b1010111010111001 0
b1010111010111001 L
b110010111111101 1
b110010111111101 M
b10110101010 6
0)
#14505
b1111101001 $
b1111101001 I
b1111101001 R
1)
b111000010 E
b100 >
b10110101010 4
b1000101000 3
1(
b1000100101 9
b1010 +
#14510
b0 Z
b10 Y
b0 \
b0 X
b0 U
b0 J
b0 [
b0 W
b1 V
b11111111111111111111111111101001 7
b1000 .
b1000 K
b1000111100000111 0
b1000111100000111 L
b1000100000000 1
b1000100000000 M
b10110101011 6
0)
#14515
b0 $
b0 I
b0 R
1)
b111000011 E
b100 >
b10110101011 4
b1000101001 3
1(
b100000111 B
b1000100110 9
b1111101001 +
#14520
b1 Z
b1111011101 [
b11011101 W
b1111011001 J
b1111111100 \
b11111100 X
b1111 U
b111 V
b0 7
b1001 .
b1001 K
b101100110110100 0
b101100110110100 L
b1110011111111010 1
b1110011111111010 M
b10110101100 6
0)
#14525
b1111011001 $
b1111011001 I
b1111011001 R
1)
b111000100 E
b11110000 @
b100 >
b10110101100 4
b1000101010 3
1(
b1000100111 9
b0 +
#14530
b1001 U
b0 Z
b11 Y
b1110 \
b1110 X
b100 J
b1111110110 [
b11110110 W
b10 V
b11111111111111111111111111011001 7
b1010 .
b1010 K
b111101010111110 0
b111101010111110 L
b10110111111001 1
b10110111111001 M
b10110101101 6
0)
#14535
b100 $
b100 I
b100 R
1)
b111000101 E
b100 >
b10110101101 4
b1000101011 3
1(
b100001000 B
b1000101000 9
b1111011001 +
#14540
0!
b1 Z
b1111111000 \
b11111000 X
b1 U
b1111111111 J
b111 [
b111 W
b111 V
b100 7
b0 :
b1011 .
b1011 K
b1000000000011000 0
b1000000000011000 L
b111000100010000 1
b111000100010000 M
0*
b10110101110 6
0)
#14545
1)
b1011000000 F
b100 +
12
#14550
1!
b1 :
1*
b10110101111 6
0)
#14555
b1111111111 $
b1111111111 I
b1111111111 R
1)
b111000110 E
b11110001 @
b100 >
b10110101111 4
b1000101100 3
1(
b10 ?
b1000101001 9
02
#14560
b0 Z
b10 Y
b1010 \
b1010 X
b1110 U
b11111 J
b10101 [
b10101 W
b11 V
b11111111111111111111111111111111 7
b1100 .
b1100 K
b11101111011 0
b11101111011 L
b1010001100001110 1
b1010001100001110 M
b10110110000 6
0)
#14565
b11111 $
b11111 I
b11111 R
1)
b111000111 E
b100 >
b10110110000 4
b1000101101 3
1(
b1 ?
b100001001 B
b1000101010 9
b1111111111 +
#14570
b0 \
b0 X
b0 U
b0 J
b0 [
b0 W
b0 V
b11111 7
b0 .
b0 K
b0 0
b0 L
b0 1
b0 M
0/
b10110110001 6
0)
#14575
0"
0T
1)
0(
b1000101011 9
b11111 +
#14580
b1 Z
b111000 \
b111000 X
b1000000 J
b1000 [
b1000 W
b1000 U
b1000 V
b0 7
b0 <
b1101 .
b1101 K
b1100011111111001 0
b1100011111111001 L
b111100010001101 1
b111100010001101 M
1/
b10110110010 6
0)
#14585
1"
b1000000 $
b1000000 I
b1000000 R
1T
1)
b11110010 @
b11101100 A
b100 >
b10110110010 4
1(
b1000101110 3
#14590
b0 Z
b11 Y
b0 \
b0 X
b0 U
b0 J
b0 [
b0 W
b0 V
b1000000 7
b1 <
b1110 .
b1110 K
b111011100001000 0
b111011100001000 L
b101110000 1
b101110000 M
b10110110011 6
0)
#14595
b0 $
b0 I
b0 R
1)
b111001000 E
b11110011 @
b100 >
b10110110011 4
b1000101111 3
1(
b1000101100 9
b1000000 +
#14600
0!
b1 Z
b1111010110 [
b11010110 W
b1111001010 J
b1111110100 \
b11110100 X
b110 U
b110 V
b0 7
b0 :
b1111 .
b1111 K
b110000110011110 0
b110000110011110 L
b110101001101000 1
b110101001101000 M
0*
b10110110100 6
0)
#14605
1)
b1011000001 F
b0 +
12
#14610
b10110110101 6
0)
#14615
1)
b1011000010 F
#14620
1!
b1 :
1*
b10110110110 6
0)
#14625
b1111001010 $
b1111001010 I
b1111001010 R
1)
b111001001 E
b11101101 A
b100 >
b10110110110 4
b1000110000 3
1(
b11 ?
b1000101101 9
02
#14630
b0 Z
b10 Y
b1000 \
b1000 X
b1100 U
b10 J
b1111111010 [
b11111010 W
b1 V
b11111111111111111111111111001010 7
b0 .
b0 K
b1000010010101110 0
b1000010010101110 L
b10000111101100 1
b10000111101100 M
b10110110111 6
0)
#14635
b10 $
b10 I
b10 R
1)
b111001010 E
b100 >
b10110110111 4
b1000110001 3
1(
b1 ?
b100001010 B
b1000101110 9
b1111001010 +
#14640
b0 \
b0 X
b0 U
b0 J
b0 [
b0 W
b0 V
b10 7
b0 0
b0 L
b0 1
b0 M
0/
b10110111000 6
0)
#14645
0"
0T
1)
0(
b1000101111 9
b10 +
#14650
b0 7
b0 <
0*
b10110111001 6
0)
#14655
1)
#14660
b10110111010 6
0)
#14665
1)
#14670
b1 Z
b1111001000 J
b1111001000 \
b11001000 X
b1000 U
b1 .
b1 K
b110000111 0
b110000111 L
b1000010000111 1
b1000010000111 M
1*
1/
b10110111011 6
0)
#14675
1"
b1111001000 $
b1111001000 I
b1111001000 R
1T
1)
b11101110 A
b11110100 @
b100 >
b10110111011 4
1(
b1000110010 3
#14680
b0 Z
b11 Y
b110001 \
b110001 X
b111 U
b110101 J
b100 [
b100 W
b1110 V
b11111111111111111111111111001000 7
b1 <
b10 .
b10 K
b110000111100111 0
b110000111100111 L
b1110111011100111 1
b1110111011100111 M
b10110111100 6
0)
#14685
b110101 $
b110101 I
b110101 R
1)
b111001011 E
b11110101 @
b100 >
b10110111100 4
b1000110011 3
1(
b100001011 B
b1000110000 9
b1111001000 +
#14690
b1 Z
b1111111011 \
b11111011 X
b1111 U
b10000 J
b10101 [
b10101 W
b1001 V
b110101 7
b11 .
b11 K
b101001011010101 0
b101001011010101 L
b1001001011110000 1
b1001001011110000 M
b10110111101 6
0)
#14695
b10000 $
b10000 I
b10000 R
1)
b111001100 E
b100 >
b10110111101 4
b1000110100 3
1(
b1000110001 9
b110101 +
#14700
0!
b1000 U
b0 Z
b10 Y
b1111001000 \
b11001000 X
b1111001000 J
b0 [
b0 W
b0 V
b10000 7
b0 :
b100 .
b100 K
b1111011110000111 0
b1111011110000111 L
b111000011111000 1
b111000011111000 M
0*
b10110111110 6
0)
#14705
1)
b1011000011 F
b10000 +
12
#14710
1!
b1 :
1*
b10110111111 6
0)
#14715
b1111001000 $
b1111001000 I
b1111001000 R
1)
b111001101 E
b11110110 @
b11101111 A
b100 >
b10110111111 4
b1000110101 3
1(
b10 ?
b1000110010 9
02
#14720
0!
b0 J
b0 \
b0 X
b0 U
b11111111111111111111111111001000 7
b0 :
b0 .
b0 K
b0 0
b0 L
b0 1
b0 M
0*
0/
b10111000000 6
0)
#14725
1)
b1111001000 +
12
#14730
1!
b1111101000 J
b1111101000 \
b11101000 X
b110 U
b1 Z
b111 V
b1 :
b101 .
b101 K
b1011111100001100 0
b1011111100001100 L
b100011101100000 1
b100011101100000 M
1*
1/
b10111000001 6
0)
#14735
b1111101000 $
b1111101000 I
b1111101000 R
1)
b111001110 E
b11110111 @
b100 >
b10111000001 4
b1000110110 3
1(
b100001100 B
b1000110011 9
02
#14740
b0 Z
b11 Y
b1111111000 [
b11111000 W
b1111111000 J
b0 \
b0 X
b0 U
b1100 V
b11111111111111111111111111101000 7
b110 .
b110 K
b1101100100101100 0
b1101100100101100 L
b1100110001010000 1
b1100110001010000 M
b10111000010 6
0)
#14745
b1111111000 $
b1111111000 I
b1111111000 R
1)
b111001111 E
b100 >
b10111000010 4
b1000110111 3
1(
b1 ?
b100001101 B
b1000110100 9
b1111101000 +
#14750
b10 Y
b0 J
b0 [
b0 W
b0 V
b11111111111111111111111111111000 7
b0 .
b0 K
b0 0
b0 L
b0 1
b0 M
0/
b10111000011 6
0)
#14755
0"
0T
1)
0(
b100001110 B
b1000110101 9
b1111111000 +
#14760
b1 Z
b11 Y
b1111111111 \
b11111111 X
b1111110111 J
b1111111000 [
b11111000 W
b1 U
b1000 V
b0 7
b0 <
b111 .
b111 K
b100011111 0
b100011111 L
b1000011100010111 1
b1000011100010111 M
1/
b10111000100 6
0)
#14765
1"
b1111110111 $
b1111110111 I
b1111110111 R
1T
1)
b11110000 A
b11111001 @
b100 >
b10111000100 4
1(
b1000111000 3
#14770
0!
b0 Z
b10 Y
b0 \
b0 X
b0 U
b0 J
b0 [
b0 W
b0 V
b11111111111111111111111111110111 7
b1 <
b0 :
b0 .
b0 K
b0 0
b0 L
b0 1
b0 M
0*
0/
b10111000101 6
0)
#14775
1)
b1111110111 +
12
#14780
1!
b101 J
b101 \
b101 X
b1111 U
b1 :
b1000 .
b1000 K
b1011010110011011 0
b1011010110011011 L
b101000011001111 1
b101000011001111 M
1*
1/
b10111000110 6
0)
#14785
b101 $
b101 I
b101 R
1)
b111010000 E
b100 >
b10111000110 4
b1000111001 3
1(
b10 ?
b100001111 B
b1000110110 9
02
#14790
0!
b1 Z
b1111111101 \
b11111101 X
b1 U
b10101 J
b11000 [
b11000 W
b1010 V
b101 7
b0 :
b1001 .
b1001 K
b1010010111001101 0
b1010010111001101 L
b1101000011000 1
b1101000011000 M
0*
b10111000111 6
0)
#14795
1)
b1011000100 F
b101 +
12
#14800
b10111001000 6
0)
#14805
1)
b1011000101 F
#14810
1!
b1 :
1*
b10111001001 6
0)
#14815
b10101 $
b10101 I
b10101 R
1)
b111010001 E
b11110001 A
b100 >
b10111001001 4
b1000111010 3
1(
b11 ?
b1000110111 9
02
#14820
b1111 U
b0 Z
b11 Y
b1 \
b1 X
b1001 J
b1000 [
b1000 W
b1111 V
b10101 7
b1010 .
b1010 K
b111000110001111 0
b111000110001111 L
b1111000000011111 1
b1111000000011111 M
b10111001010 6
0)
#14825
b1001 $
b1001 I
b1001 R
1)
b111010010 E
b100 >
b10111001010 4
b1000111011 3
1(
b1 ?
b1000111000 9
b10101 +
#14830
0!
b1 Z
b1111101110 \
b11101110 X
b11 U
b1111101110 J
b0 [
b0 W
b101 V
b1001 7
b0 :
b1011 .
b1011 K
b1101010000001010 0
b1101010000001010 L
b101111000110111 1
b101111000110111 M
0*
b10111001011 6
0)
#14835
1)
b1011000110 F
b1001 +
12
#14840
b10111001100 6
0)
#14845
1)
b1011000111 F
#14850
b10111001101 6
0)
#14855
1)
b1011001000 F
#14860
b10111001110 6
0)
#14865
1)
b1011001001 F
#14870
b10111001111 6
0)
#14875
1)
b1011001010 F
#14880
b10111010000 6
0)
#14885
1)
b1011001011 F
#14890
b10111010001 6
0)
#14895
1)
b1011001100 F
#14900
b10111010010 6
0)
#14905
1)
b1011001101 F
#14910
b10111010011 6
0)
#14915
1)
b1011001110 F
#14920
b10111010100 6
0)
#14925
1)
b1011001111 F
#14930
b10111010101 6
0)
#14935
1)
b1011010000 F
#14940
b10111010110 6
0)
#14945
1)
b1011010001 F
#14950
b10111010111 6
0)
#14955
1)
b1011010010 F
#14960
b10111011000 6
0)
#14965
1)
b1011010011 F
#14970
b10111011001 6
0)
#14975
1)
b1011010100 F
#14980
b10111011010 6
0)
#14985
1)
b1011010101 F
#14990
b10111011011 6
0)
#14995
1)
b1011010110 F
#15000
b10111011100 6
0)
#15005
1)
b1011010111 F
#15010
b10111011101 6
0)
#15015
1)
b1011011000 F
#15020
b10111011110 6
0)
#15025
1)
b1011011001 F
#15030
1!
b1 :
1*
b10111011111 6
0)
#15035
b1111101110 $
b1111101110 I
b1111101110 R
1)
b111010011 E
b11111010 @
b100 >
b10111011111 4
b1000111100 3
1(
b10101 ?
b1000111001 9
02
#15040
0!
b0 Z
b10 Y
b0 J
b0 \
b0 X
b0 U
b0 V
b11111111111111111111111111101110 7
b0 :
b0 .
b0 K
b0 0
b0 L
b0 1
b0 M
0*
0/
b10111100000 6
0)
#15045
1)
b1111101110 +
12
#15050
b1111100010 J
b1111100010 [
b11100010 W
b101 V
b1100 .
b1100 K
b111100110100000 0
b111100110100000 L
b11010111110000 1
b11010111110000 M
1/
b10111100001 6
0)
#15055
1)
b1011011010 F
#15060
1!
b1 :
1*
b10111100010 6
0)
#15065
b1111100010 $
b1111100010 I
b1111100010 R
1)
b111010100 E
b100 >
b10111100010 4
b1000111101 3
1(
b11 ?
b100010000 B
b1000111010 9
02
#15070
0!
b1 Z
b0 \
b0 X
b0 U
b0 J
b0 [
b0 W
b1000 V
b11111111111111111111111111100010 7
b0 :
b1101 .
b1101 K
b1011100000001 0
b1011100000001 L
b1100000000111 1
b1100000000111 M
0*
b10111100011 6
0)
#15075
1)
b1011011011 F
b1111100010 +
12
#15080
b10111100100 6
0)
#15085
1)
b1011011100 F
#15090
b10111100101 6
0)
#15095
1)
b1011011101 F
#15100
1!
b1 :
1*
b10111100110 6
0)
#15105
b0 $
b0 I
b0 R
1)
b111010101 E
b11110010 A
b11111011 @
b100 >
b10111100110 4
b1000111110 3
1(
b100 ?
b100010001 B
b1000111011 9
02
#15110
0!
b0 Z
b11 Y
b1111100010 [
b11100010 W
b1111011110 J
b1111111100 \
b11111100 X
b10 U
b1010 V
b0 7
b0 :
b1110 .
b1110 K
b1100010001011110 0
b1100010001011110 L
b1010010111110010 1
b1010010111110010 M
0*
b10111100111 6
0)
#15115
1)
b1011011110 F
b0 +
12
#15120
1!
b1 :
1*
b10111101000 6
0)
#15125
b1111011110 $
b1111011110 I
b1111011110 R
1)
b111010110 E
b100 >
b10111101000 4
b1000111111 3
1(
b10 ?
b1000111100 9
02
#15130
b1 Z
b10101 \
b10101 X
b11 U
b100001 J
b1100 [
b1100 W
b100 V
b11111111111111111111111111011110 7
b1111 .
b1111 K
b1111110000110111 0
b1111110000110111 L
b100001100111111 1
b100001100111111 M
b10111101001 6
0)
#15135
b100001 $
b100001 I
b100001 R
1)
b111010111 E
b100 >
b10111101001 4
b1001000000 3
1(
b1 ?
b100010010 B
b1000111101 9
b1111011110 +
#15140
b0 Z
b10 Y
b1111111001 \
b11111001 X
b111 U
b1111000001 J
b1111001000 [
b11001000 W
b1000 V
b100001 7
b0 .
b0 K
b1111000101111111 0
b1111000101111111 L
b1000100000000111 1
b1000100000000111 M
b10111101010 6
0)
#15145
b1111000001 $
b1111000001 I
b1111000001 R
1)
b111011000 E
b11110100 A
b11111100 @
b100 >
b10111101010 4
b1001000001 3
1(
b1000111110 9
b100001 +
#15150
b1 Z
b1111110100 \
b11110100 X
b1010 U
b1001 J
b10101 [
b10101 W
b111 V
b11111111111111111111111111000001 7
b1 .
b1 K
b101001100110010 0
b101001100110010 L
b110011110100101 1
b110011110100101 M
b10111101011 6
0)
#15155
b1001 $
b1001 I
b1001 R
1)
b111011001 E
b11111101 @
b100 >
b10111101011 4
b1001000010 3
1(
b100010011 B
b1000111111 9
b1111000001 +
#15160
0!
b0 Z
b1000 V
b11 Y
b1111100000 [
b11100000 W
b1111011010 J
b1111111010 \
b11111010 X
b10 U
b1001 7
b0 :
b10 .
b10 K
b1011001101001101 0
b1011001101001101 L
b1000011111010010 1
b1000011111010010 M
0*
b10111101100 6
0)
#15165
1)
b1011011111 F
b1001 +
12
#15170
1!
b1 :
1*
b10111101101 6
0)
#15175
b1111011010 $
b1111011010 I
b1111011010 R
1)
b111011010 E
b11110101 A
b11111110 @
b100 >
b10111101101 4
b1001000011 3
1(
b10 ?
b1001000000 9
02
#15180
b1 Z
b1 \
b1 X
b1111 U
b110010 J
b110001 [
b110001 W
b111 V
b11111111111111111111111111011010 7
b11 .
b11 K
b1111111 0
b1111111 L
b111011111110000 1
b111011111110000 M
b10111101110 6
0)
#15185
b110010 $
b110010 I
b110010 R
1)
b111011011 E
b100000000 @
b100 >
b10111101110 4
b1001000100 3
1(
b1 ?
b100010100 B
b1001000001 9
b1111011010 +
#15190
0!
b0 Z
b10 Y
b0 \
b0 X
b0 U
b1100 J
b1100 [
b1100 W
b1010 V
b110010 7
b0 :
b100 .
b100 K
b101100011101001 0
b101100011101001 L
b110101011010000 1
b110101011010000 M
0*
b10111101111 6
0)
#15195
1)
b1011100000 F
b110010 +
12
#15200
1!
b1 :
1*
b10111110000 6
0)
#15205
b1100 $
b1100 I
b1100 R
1)
b111011100 E
b100 >
b10111110000 4
b1001000101 3
1(
b10 ?
b1001000010 9
02
#15210
0!
b0 J
b0 [
b0 W
b0 V
b1100 7
b0 :
b0 .
b0 K
b0 0
b0 L
b0 1
b0 M
0*
0/
b10111110001 6
0)
#15215
1)
b1100 +
12
#15220
1!
b1 :
1*
b10111110010 6
0)
#15225
0"
0T
1)
0(
b1001000011 9
02
#15230
b11000 \
b11000 X
b1000 U
b1 Z
b111100 J
b100100 [
b100100 W
b1010 V
b0 7
b0 <
b101 .
b101 K
b1000111110101101 0
b1000111110101101 L
b1000101010000000 1
b1000101010000000 M
1/
b10111110011 6
0)
#15235
1"
b111100 $
b111100 I
b111100 R
1T
1)
b11110111 A
b100 >
b10111110011 4
1(
b1001000110 3
#15240
0!
b0 Z
b0 \
b0 X
b0 U
b0 J
b0 [
b0 W
b0 V
b111100 7
b1 <
b0 :
b0 .
b0 K
b0 0
b0 L
b0 1
b0 M
0*
0/
b10111110100 6
0)
#15245
1)
b111100 +
12
#15250
1!
b11 Y
b110001 \
b110001 X
b110001 J
b0 [
b0 W
b111 U
b0 V
b1 :
b110 .
b110 K
b1000100010000111 0
b1000100010000111 L
b11101110111 1
b11101110111 M
1*
1/
b10111110101 6
0)
#15255
b110001 $
b110001 I
b110001 R
1)
b111011101 E
b100000011 @
b100 >
b10111110101 4
b1001000111 3
1(
b1001000100 9
02
#15260
0!
b1 Z
b1111010110 \
b11010110 X
b1010 U
b1111001110 J
b1111111000 [
b11111000 W
b1100 V
b110001 7
b0 :
b111 .
b111 K
b11101000100111 0
b11101000100111 L
b1100111010101010 1
b1100111010101010 M
0*
b10111110110 6
0)
#15265
1)
b1011100001 F
b110001 +
12
#15270
1!
b1 :
1*
b10111110111 6
0)
#15275
b1111001110 $
b1111001110 I
b1111001110 R
1)
b111011110 E
b100 >
b10111110111 4
b1001001000 3
1(
b1001000101 9
02
#15280
b0 Z
b10 Y
b0 \
b0 X
b10 U
b1010 J
b1010 [
b1010 W
b101 V
b11111111111111111111111111001110 7
b1000 .
b1000 K
b1010100100100000 0
b1010100100100000 L
b111010100010010 1
b111010100010010 M
b10111111000 6
0)
#15285
b1010 $
b1010 I
b1010 R
1)
b111011111 E
b100000100 @
b100 >
b10111111000 4
b1001001001 3
1(
b1 ?
b100010101 B
b1001000110 9
b1111001110 +
#15290
b1111001000 \
b11001000 X
b1 Z
b111 U
b1111001000 J
b0 [
b0 W
b0 V
b1010 7
b1001 .
b1001 K
b100011111000 0
b100011111000 L
b1000000001110000 1
b1000000001110000 M
b10111111001 6
0)
#15295
b1111001000 $
b1111001000 I
b1111001000 R
1)
b111100000 E
b11111000 A
b100000101 @
b100 >
b10111111001 4
b1001001010 3
1(
b1001000111 9
b1010 +
#15300
b0 Z
b11 Y
b10000 \
b10000 X
b1100 U
b10 J
b1111110010 [
b11110010 W
b111 V
b11111111111111111111111111001000 7
b1010 .
b1010 K
b1100100111101100 0
b1100100111101100 L
b111001000101100 1
b111001000101100 M
b10111111010 6
0)
#15305
b10 $
b10 I
b10 R
1)
b111100001 E
b100000110 @
b100 >
b10111111010 4
b1001001011 3
1(
b100010110 B
b1001001000 9
b1111001000 +
#15310
0!
b1 Z
b1111111100 \
b11111100 X
b100 U
b1111110100 J
b1111111000 [
b11111000 W
b1000 V
b10 7
b0 :
b1011 .
b1011 K
b111101000011111 0
b111101000011111 L
b1000000101000101 1
b1000000101000101 M
0*
b10111111011 6
0)
#15315
1)
b1011100010 F
b10 +
12
#15320
1!
b1 :
1*
b10111111100 6
0)
#15325
b1111110100 $
b1111110100 I
b1111110100 R
1)
b111100010 E
b11111001 A
b100 >
b10111111100 4
b1001001100 3
1(
b10 ?
b1001001001 9
02
#15330
b0 Z
b10 Y
b1111001000 \
b11001000 X
b1000 U
b1111000111 J
b1111111111 [
b11111111 W
b1111 V
b11111111111111111111111111110100 7
b1100 .
b1100 K
b111000100010111 0
b111000100010111 L
b111111110001000 1
b111111110001000 M
b10111111101 6
0)
#15335
b1111000111 $
b1111000111 I
b1111000111 R
1)
b111100011 E
b100000111 @
b11111011 A
b100 >
b10111111101 4
b1001001101 3
1(
b1 ?
b100010111 B
b1001001010 9
b1111110100 +
#15340
0!
b1 Z
b1111001000 \
b11001000 X
b111 U
b1110111110 J
b1111110110 [
b11110110 W
b101 V
b11111111111111111111111111000111 7
b0 :
b1101 .
b1101 K
b1011111011101000 0
b1011111011101000 L
b1100010101111010 1
b1100010101111010 M
0*
b10111111110 6
0)
#15345
1)
b1011100011 F
b1111000111 +
12
#15350
1!
b1 :
1*
b10111111111 6
0)
#15355
b1110111110 $
b1110111110 I
b1110111110 R
1)
b111100100 E
b100001000 @
b100 >
b10111111111 4
b1001001110 3
1(
b10 ?
b100011000 B
b1001001011 9
02
#15360
b0 Z
b11 Y
b1100 \
b1100 X
b110 U
b1111101001 J
b1111011101 [
b11011101 W
b101 V
b11111111111111111111111110111110 7
b1110 .
b1110 K
b1111100010010010 0
b1111100010010010 L
b101000011110110 1
b101000011110110 M
b11000000000 6
0)
#15365
b1111101001 $
b1111101001 I
b1111101001 R
1)
b111100101 E
b100 >
b11000000000 4
b1001001111 3
1(
b1 ?
b100011001 B
b1001001100 9
b1110111110 +
#15370
0!
b1 Z
b110001 \
b110001 X
b111 U
b110001 J
b0 [
b0 W
b0 V
b11111111111111111111111111101001 7
b0 :
b1111 .
b1111 K
b111111100010111 0
b111111100010111 L
b111101111000 1
b111101111000 M
0*
b11000000001 6
0)
#15375
1)
b1011100100 F
b1111101001 +
12
#15380
b11000000010 6
0)
#15385
1)
b1011100101 F
#15390
b11000000011 6
0)
#15395
1)
b1011100110 F
#15400
b11000000100 6
0)
#15405
1)
b1011100111 F
#15410
b11000000101 6
0)
#15415
1)
b1011101000 F
#15420
b11000000110 6
0)
#15425
1)
b1011101001 F
#15430
b11000000111 6
0)
#15435
1)
b1011101010 F
#15440
b11000001000 6
0)
#15445
1)
b1011101011 F
#15450
b11000001001 6
0)
#15455
1)
b1011101100 F
#15460
b11000001010 6
0)
#15465
1)
b1011101101 F
#15470
b11000001011 6
0)
#15475
1)
b1011101110 F
#15480
b11000001100 6
0)
#15485
1)
b1011101111 F
#15490
b11000001101 6
0)
#15495
1)
b1011110000 F
#15500
b11000001110 6
0)
#15505
1)
b1011110001 F
#15510
b11000001111 6
0)
#15515
1)
b1011110010 F
#15520
b11000010000 6
0)
#15525
1)
b1011110011 F
#15530
b11000010001 6
0)
#15535
1)
b1011110100 F
#15540
b11000010010 6
0)
#15545
1)
b1011110101 F
#15550
1!
b1 :
1*
b11000010011 6
0)
#15555
b110001 $
b110001 I
b110001 R
1)
b111100110 E
b100001001 @
b11111100 A
b100 >
b11000010011 4
b1001010000 3
1(
b10011 ?
b100011010 B
b1001001101 9
02
#15560
b0 Z
b10 Y
b0 J
b0 \
b0 X
b0 U
b110001 7
b0 .
b0 K
b0 0
b0 L
b0 1
b0 M
0/
b11000010100 6
0)
#15565
0"
0T
1)
0(
b1 ?
b1001001110 9
b110001 +
#15570
b0 7
b0 <
0*
b11000010101 6
0)
#15575
1)
#15580
b1100 \
b1100 X
b1001 J
b1111111101 [
b11111101 W
b1101 U
b1 V
b1111100111011100 0
b1111100111011100 L
b111101101 1
b111101101 M
1*
1/
b11000010110 6
0)
#15585
1"
b1001 $
b1001 I
b1001 R
1T
1)
b100 >
b11000010110 4
1(
b1001010001 3
#15590
b1 Z
b1 [
b1 W
b101 J
b100 \
b100 X
b10 U
b1001 7
b1 <
b1 .
b1 K
b10100100010010 0
b10100100010010 L
b100000100100110 1
b100000100100110 M
b11000010111 6
0)
#15595
b101 $
b101 I
b101 R
1)
b111100111 E
b100 >
b11000010111 4
b1001010010 3
1(
b1001001111 9
b1001 +
#15600
b0 Z
b11 Y
b1000 \
b1000 X
b1000 U
b1000 J
b0 [
b0 W
b0 V
b101 7
b10 .
b10 K
b111011101111111 0
b111011101111111 L
b100000001000 1
b100000001000 M
b11000011000 6
0)
#15605
b1000 $
b1000 I
b1000 R
1)
b111101000 E
b11111110 A
b100 >
b11000011000 4
b1001010011 3
1(
b1001010000 9
b101 +
#15610
0!
b10 Y
b0 J
b0 \
b0 X
b0 U
b1000 7
b0 :
b0 .
b0 K
b0 0
b0 L
b0 1
b0 M
0*
0/
b11000011001 6
0)
#15615
1)
b1000 +
12
#15620
1!
b1 :
1*
b11000011010 6
0)
#15625
0"
0T
1)
0(
b10 ?
b1001010001 9
02
#15630
b1 Z
b11 Y
b1100 \
b1100 X
b10110 J
b1010 [
b1010 W
b110 U
b1110 V
b0 7
b0 <
b11 .
b11 K
b111001110110010 0
b111001110110010 L
b1110100001101111 1
b1110100001101111 M
0*
1/
b11000011011 6
0)
#15635
0!
1"
b10110 $
b10110 I
b10110 R
1T
1)
b11111111 A
b100 >
b11000011011 4
1(
b1001010100 3
#15640
b0 Z
b10 Y
b100 \
b100 X
b1 U
b1111101011 J
b1111100111 [
b11100111 W
b1011 V
b10110 7
b1 <
b0 :
b100 .
b100 K
b1010011101010100 0
b1010011101010100 L
b1010101110100001 1
b1010101110100001 M
b11000011100 6
0)
#15645
1)
b1011110110 F
b10110 +
12
#15650
1!
b1 :
1*
b11000011101 6
0)
#15655
b1111101011 $
b1111101011 I
b1111101011 R
1)
b111101001 E
b100 >
b11000011101 4
b1001010101 3
1(
b1001010010 9
02
#15660
b0 \
b0 X
b0 U
b0 J
b0 [
b0 W
b0 V
b11111111111111111111111111101011 7
b0 .
b0 K
b0 0
b0 L
b0 1
b0 M
0/
b11000011110 6
0)
#15665
0"
0T
1)
0(
b1 ?
b100011011 B
b1001010011 9
b1111101011 +
#15670
b0 7
b0 <
b11000011111 6
0)
#15675
1)
#15680
b1111 U
b1 Z
b111 J
b111 [
b111 W
b111 V
b101 .
b101 K
b100010000 0
b100010000 L
b1011111110000 1
b1011111110000 M
1/
b11000100000 6
0)
#15685
1"
b111 $
b111 I
b111 R
1T
1)
b100001010 @
b100 >
b11000100000 4
1(
b1001010110 3
#15690
b0 Z
b0 U
b0 J
b0 [
b0 W
b0 V
b111 7
b1 <
b0 .
b0 K
b0 0
b0 L
b0 1
b0 M
0/
b11000100001 6
0)
#15695
0"
0T
1)
0(
b1001010100 9
b111 +
#15700
b11 Y
b100100 \
b100100 X
b1000010 J
b11110 [
b11110 W
b110 U
b1011 V
b0 7
b0 <
b110 .
b110 K
b1100000010100110 0
b1100000010100110 L
b1011100100100110 1
b1011100100100110 M
1/
b11000100010 6
0)
#15705
1"
b1000010 $
b1000010 I
b1000010 R
1T
1)
b100 >
b11000100010 4
1(
b1001010111 3
#15710
b10 Y
b0 \
b0 X
b0 U
b0 J
b0 [
b0 W
b0 V
b1000010 7
b1 <
b0 .
b0 K
b0 0
b0 L
b0 1
b0 M
0/
b11000100011 6
0)
#15715
0"
0T
1)
0(
b1001010101 9
b1000010 +
#15720
b1 Z
b11 Y
b11100 \
b11100 X
b100010 J
b110 [
b110 W
b1100 U
b110 V
b0 7
b0 <
b111 .
b111 K
b10101000011001 0
b10101000011001 L
b110101011001001 1
b110101011001001 M
1/
b11000100100 6
0)
#15725
1"
b100010 $
b100010 I
b100010 R
1T
1)
b100 >
b11000100100 4
1(
b1001011000 3
#15730
0!
b0 Z
b10 Y
b1 \
b1 X
b1 U
b1000001 J
b1000000 [
b1000000 W
b1000 V
b100010 7
b1 <
b0 :
b1000 .
b1000 K
b1000100010000001 0
b1000100010000001 L
b111100011110001 1
b111100011110001 M
0*
b11000100101 6
0)
#15735
1)
b1011110111 F
b100010 +
12
#15740
b11000100110 6
0)
#15745
1)
b1011111000 F
#15750
1!
b1 :
1*
b11000100111 6
0)
#15755
b1000001 $
b1000001 I
b1000001 R
1)
b111101010 E
b100001011 @
b100000000 A
b100 >
b11000100111 4
b1001011001 3
1(
b11 ?
b1001010110 9
02
#15760
b1100 U
b1 Z
b1111111000 \
b11111000 X
b111 J
b1111 [
b1111 W
b1011 V
b1000001 7
b1001 .
b1001 K
b1101010111010010 0
b1101010111010010 L
b1010101111000001 1
b1010101111000001 M
b11000101000 6
0)
#15765
b111 $
b111 I
b111 R
1)
b111101011 E
b100 >
b11000101000 4
b1001011010 3
1(
b1 ?
b1001010111 9
b1000001 +
#15770
b0 Z
b11 Y
b1111111110 \
b11111110 X
b1111 U
b1101 J
b1111 [
b1111 W
b101 V
b111 7
b1010 .
b1010 K
b1111101100110010 0
b1111101100110010 L
b101010011011111 1
b101010011011111 M
b11000101001 6
0)
#15775
b1101 $
b1101 I
b1101 R
1)
b111101100 E
b100 >
b11000101001 4
b1001011011 3
1(
b1001011000 9
b111 +
#15780
b1 Z
b0 \
b0 X
b1111 U
b1111111000 J
b1111111000 [
b11111000 W
b1000 V
b1101 7
b1011 .
b1011 K
b111000100010000 0
b111000100010000 L
b1000100011110001 1
b1000100011110001 M
b11000101010 6
0)
#15785
b1111111000 $
b1111111000 I
b1111111000 R
1)
b111101101 E
b100000010 A
b100 >
b11000101010 4
b1001011100 3
1(
b1001011001 9
b1101 +
#15790
0!
b0 Z
b10 Y
b110 \
b110 X
b1101 U
b1111101110 J
b1111101000 [
b11101000 W
b110 V
b11111111111111111111111111111000 7
b0 :
b1100 .
b1100 K
b111111011001110 0
b111111011001110 L
b100011000011101 1
b100011000011101 M
0*
b11000101011 6
0)
#15795
1)
b1011111001 F
b1111111000 +
12
#15800
b11000101100 6
0)
#15805
1)
b1011111010 F
#15810
1!
b1 :
1*
b11000101101 6
0)
#15815
b1111101110 $
b1111101110 I
b1111101110 R
1)
b111101110 E
b100 >
b11000101101 4
b1001011101 3
1(
b11 ?
b100011100 B
b1001011010 9
02
#15820
b1 Z
b0 \
b0 X
b10 U
b1111111001 J
b1111111001 [
b11111001 W
b1111 V
b11111111111111111111111111101110 7
b1101 .
b1101 K
b10110001110000 0
b10110001110000 L
b1000111100101011 1
b1000111100101011 M
b11000101110 6
0)
#15825
b1111111001 $
b1111111001 I
b1111111001 R
1)
b111101111 E
b100000011 A
b100 >
b11000101110 4
b1001011110 3
1(
b1 ?
b100011101 B
b1001011011 9
b1111101110 +
#15830
b0 Z
b11 Y
b0 \
b0 X
b0 U
b1111001000 J
b1111001000 [
b11001000 W
b111 V
b11111111111111111111111111111001 7
b1110 .
b1110 K
b111100010000001 0
b111100010000001 L
b111000001110000 1
b111000001110000 M
b11000101111 6
0)
#15835
b1111001000 $
b1111001000 I
b1111001000 R
1)
b111110000 E
b100001101 @
b100 >
b11000101111 4
b1001011111 3
1(
b100011110 B
b1001011100 9
b1111111001 +
#15840
b1 Z
b111000 \
b111000 X
b1000 U
b101010 J
b1111110010 [
b11110010 W
b1001 V
b11111111111111111111111111001000 7
b1111 .
b1111 K
b10111100101001 0
b10111100101001 L
b1001000010000011 1
b1001000010000011 M
b11000110000 6
0)
#15845
b101010 $
b101010 I
b101010 R
1)
b111110001 E
b100000100 A
b100 >
b11000110000 4
b1001100000 3
1(
b100011111 B
b1001011101 9
b1111001000 +
#15850
b0 Z
b10 Y
b0 \
b0 X
b0 U
b0 J
b0 [
b0 W
b0 V
b101010 7
b0 .
b0 K
b0 0
b0 L
b0 1
b0 M
0/
b11000110001 6
0)
#15855
0"
0T
1)
0(
b1001011110 9
b101010 +
#15860
b0 7
b0 <
0*
b11000110010 6
0)
#15865
1)
#15870
b100 J
b100 [
b100 W
b1 V
b1010001000011 0
b1010001000011 L
b11000100110000 1
b11000100110000 M
1*
1/
b11000110011 6
0)
#15875
1"
b100 $
b100 I
b100 R
1T
1)
b100 >
b11000110011 4
1(
b1001100001 3
#15880
b0 J
b0 [
b0 W
b0 V
b100 7
b1 <
b0 0
b0 L
b0 1
b0 M
0/
b11000110100 6
0)
#15885
0"
0T
1)
0(
b1001011111 9
b100 +
#15890
b0 7
b0 <
b11000110101 6
0)
#15895
1)
#15900
b1 Z
b1111111001 \
b11111001 X
b1111000001 J
b1111001000 [
b11001000 W
b111 U
b1000 V
b1 .
b1 K
b111100001111111 0
b111100001111111 L
b1100001111000 1
b1100001111000 M
0*
1/
b11000110110 6
0)
#15905
0!
1"
b1111000001 $
b1111000001 I
b1111000001 R
1T
1)
b100001110 @
b100000110 A
b100 >
b11000110110 4
1(
b1001100010 3
#15910
b0 Z
b0 \
b0 X
b0 U
b0 J
b0 [
b0 W
b0 V
b11111111111111111111111111000001 7
b1 <
b0 :
b0 .
b0 K
b0 0
b0 L
b0 1
b0 M
0/
b11000110111 6
0)
#15915
1)
b1111000001 +
12
#15920
b1010 [
b1010 W
b10 V
b11 Y
b1111111010 J
b1111110000 \
b11110000 X
b1100 U
b10 .
b10 K
b1100000101010100 0
b1100000101010100 L
b10000000011100 1
b10000000011100 M
1/
b11000111000 6
0)
#15925
1)
b1011111011 F
#15930
b11000111001 6
0)
#15935
1)
b1011111100 F
#15940
b11000111010 6
0)
#15945
1)
b1011111101 F
#15950
b11000111011 6
0)
#15955
1)
b1011111110 F
#15960
b11000111100 6
0)
#15965
1)
b1011111111 F
#15970
b11000111101 6
0)
#15975
1)
b1100000000 F
#15980
b11000111110 6
0)
#15985
1)
b1100000001 F
#15990
b11000111111 6
0)
#15995
1)
b1100000010 F
#16000
b11001000000 6
0)
#16005
1)
b1100000011 F
#16010
b11001000001 6
0)
#16015
1)
b1100000100 F
#16020
b11001000010 6
0)
#16025
1)
b1100000101 F
#16030
b11001000011 6
0)
#16035
1)
b1100000110 F
#16040
b11001000100 6
0)
#16045
1)
b1100000111 F
#16050
b11001000101 6
0)
#16055
1)
b1100001000 F
#16060
b11001000110 6
0)
#16065
1)
b1100001001 F
#16070
1!
b1 :
1*
b11001000111 6
0)
#16075
b1111111010 $
b1111111010 I
b1111111010 R
1)
b111110010 E
b100 >
b11001000111 4
b1001100011 3
1(
b10001 ?
b100100000 B
b1001100000 9
02
#16080
b1 Z
b1111111010 \
b11111010 X
b10 U
b0 J
b110 [
b110 W
b11 V
b11111111111111111111111111111010 7
b11 .
b11 K
b1001110000101101 0
b1001110000101101 L
b11100100101111 1
b11100100101111 M
b11001001000 6
0)
#16085
b0 $
b0 I
b0 R
1)
b111110011 E
b100 >
b11001001000 4
b1001100100 3
1(
b1 ?
b100100001 B
b1001100001 9
b1111111010 +
#16090
b0 Z
b10 Y
b1111111111 \
b11111111 X
b1111 U
b1111111111 J
b0 [
b0 W
b0 V
b0 7
b100 .
b100 K
b1110001 0
b1110001 L
b1000000011111 1
b1000000011111 M
b11001001001 6
0)
#16095
b1111111111 $
b1111111111 I
b1111111111 R
1)
b111110100 E
b100 >
b11001001001 4
b1001100101 3
1(
b1001100010 9
b0 +
#16100
b1010 U
b1 Z
b1111110100 \
b11110100 X
b11100 J
b101000 [
b101000 W
b1011 V
b11111111111111111111111111111111 7
b101 .
b101 K
b1111100010000010 0
b1111100010000010 L
b1011101110101111 1
b1011101110101111 M
b11001001010 6
0)
#16105
b11100 $
b11100 I
b11100 R
1)
b111110101 E
b100 >
b11001001010 4
b1001100110 3
1(
b100100010 B
b1001100011 9
b1111111111 +
#16110
0!
b11 U
b0 Z
b11 Y
b1111101011 \
b11101011 X
b1111011101 J
b1111110010 [
b11110010 W
b111 V
b11100 7
b0 :
b110 .
b110 K
b100011011101001 0
b100011011101001 L
b111101010100011 1
b111101010100011 M
0*
b11001001011 6
0)
#16115
1)
b1100001010 F
b11100 +
12
#16120
b11001001100 6
0)
#16125
1)
b1100001011 F
#16130
b11001001101 6
0)
#16135
1)
b1100001100 F
#16140
1!
b1 :
1*
b11001001110 6
0)
#16145
b1111011101 $
b1111011101 I
b1111011101 R
1)
b111110110 E
b100001111 @
b100 >
b11001001110 4
b1001100111 3
1(
b100 ?
b1001100100 9
02
#16150
b1 Z
b1111111111 \
b11111111 X
b1 U
b1111111111 J
b0 [
b0 W
b0 V
b11111111111111111111111111011101 7
b111 .
b111 K
b11111 0
b11111 L
b100010000 1
b100010000 M
b11001001111 6
0)
#16155
b1111111111 $
b1111111111 I
b1111111111 R
1)
b111110111 E
b100 >
b11001001111 4
b1001101000 3
1(
b1 ?
b100100011 B
b1001100101 9
b1111011101 +
#16160
b0 Z
b10 Y
b0 J
b0 \
b0 X
b0 U
b11111111111111111111111111111111 7
b0 .
b0 K
b0 0
b0 L
b0 1
b0 M
0/
b11001010000 6
0)
#16165
0"
0T
1)
0(
b100100100 B
b1001100110 9
b1111111111 +
#16170
b0 7
b0 <
0*
b11001010001 6
0)
#16175
1)
#16180
b111 \
b111 X
b1111101001 J
b1111100010 [
b11100010 W
b1 U
b1011 V
b1000 .
b1000 K
b1000010101100111 0
b1000010101100111 L
b1010101100110001 1
b1010101100110001 M
1*
1/
b11001010010 6
0)
#16185
1"
b1111101001 $
b1111101001 I
b1111101001 R
1T
1)
b100 >
b11001010010 4
1(
b1001101001 3
#16190
b1 Z
b1111111010 \
b11111010 X
b1110 U
b100 J
b1010 [
b1010 W
b1110 V
b11111111111111111111111111101001 7
b1 <
b1001 .
b1001 K
b110100110110011 0
b110100110110011 L
b11111011101111 1
b11111011101111 M
b11001010011 6
0)
#16195
b100 $
b100 I
b100 R
1)
b111111000 E
b100 >
b11001010011 4
b1001101010 3
1(
b100100101 B
b1001100111 9
b1111101001 +
#16200
0!
b0 Z
b11 Y
b1111111001 \
b11111001 X
b1111 U
b1111110001 J
b1111111000 [
b11111000 W
b1000 V
b100 7
b0 :
b1010 .
b1010 K
b111100000010111 0
b111100000010111 L
b1000000111111111 1
b1000000111111111 M
0*
b11001010100 6
0)
#16205
1)
b1100001101 F
b100 +
12
#16210
1!
b1 :
1*
b11001010101 6
0)
#16215
b1111110001 $
b1111110001 I
b1111110001 R
1)
b111111001 E
b100000111 A
b100 >
b11001010101 4
b1001101011 3
1(
b10 ?
b1001101000 9
02
#16220
b1 Z
b1111101011 \
b11101011 X
b11 U
b1111101100 J
b1 [
b1 W
b1111 V
b11111111111111111111111111110001 7
b1011 .
b1011 K
b101001111111001 0
b101001111111001 L
b1111101100110001 1
b1111101100110001 M
b11001010110 6
0)
#16225
b1111101100 $
b1111101100 I
b1111101100 R
1)
b111111010 E
b100 >
b11001010110 4
b1001101100 3
1(
b1 ?
b100100110 B
b1001101001 9
b1111110001 +
#16230
0!
b0 Z
b10 Y
b110 \
b110 X
b1101 U
b1111111010 J
b1111110100 [
b11110100 W
b1010 V
b11111111111111111111111111101100 7
b0 :
b1100 .
b1100 K
b10000100101110 0
b10000100101110 L
b101101001001101 1
b101101001001101 M
0*
b11001010111 6
0)
#16235
1)
b1100001110 F
b1111101100 +
12
#16240
1!
b1 :
1*
b11001011000 6
0)
#16245
b1111111010 $
b1111111010 I
b1111111010 R
1)
b111111011 E
b100 >
b11001011000 4
b1001101101 3
1(
b10 ?
b100100111 B
b1001101010 9
02
#16250
0!
b1 Z
b1111111001 \
b11111001 X
b111 U
b1111110001 J
b1111111000 [
b11111000 W
b1 V
b11111111111111111111111111111010 7
b0 :
b1101 .
b1101 K
b1111011110001111 0
b1111011110001111 L
b1111000101111111 1
b1111000101111111 M
0*
b11001011001 6
0)
#16255
1)
b1100001111 F
b1111111010 +
12
#16260
1!
b1 :
1*
b11001011010 6
0)
#16265
b1111110001 $
b1111110001 I
b1111110001 R
1)
b111111100 E
b100010000 @
b100 >
b11001011010 4
b1001101110 3
1(
b100101000 B
b1001101011 9
02
#16270
b0 Z
b11 Y
b1111101100 \
b11101100 X
b100 U
b1111010100 J
b1111101000 [
b11101000 W
b1000 V
b11111111111111111111111111110001 7
b1110 .
b1110 K
b1001100100111011 0
b1001100100111011 L
b1000110111010100 1
b1000110111010100 M
b11001011011 6
0)
#16275
b1111010100 $
b1111010100 I
b1111010100 R
1)
b111111101 E
b100001000 A
b100 >
b11001011011 4
b1001101111 3
1(
b1 ?
b100101001 B
b1001101100 9
b1111110001 +
#16280
b1 Z
b100000 \
b100000 X
b1000 U
b10100 J
b1111110100 [
b11110100 W
b110 V
b11111111111111111111111111010100 7
b1111 .
b1111 K
b1100110011101100 0
b1100110011101100 L
b110111010001110 1
b110111010001110 M
b11001011100 6
0)
#16285
b10100 $
b10100 I
b10100 R
1)
b111111110 E
b100001001 A
b100 >
b11001011100 4
b1001110000 3
1(
b100101010 B
b1001101101 9
b1111010100 +
#16290
b1 U
b0 Z
b10 Y
b1111111111 \
b11111111 X
b1111111111 J
b0 [
b0 W
b1 V
b10100 7
b0 .
b0 K
b111100001111 0
b111100001111 L
b111000110000001 1
b111000110000001 M
b11001011101 6
0)
#16295
b1111111111 $
b1111111111 I
b1111111111 R
1)
b111111111 E
b100010001 @
b100001010 A
b100 >
b11001011101 4
b1001110001 3
1(
b1001101110 9
b10100 +
#16300
0!
b0 J
b0 \
b0 X
b0 U
b0 V
b11111111111111111111111111111111 7
b0 :
b0 0
b0 L
b0 1
b0 M
0*
0/
b11001011110 6
0)
#16305
1)
b1111111111 +
12
#16310
1!
b1 Z
b1111011101 \
b11011101 X
b1111101001 J
b1100 [
b1100 W
b101 U
b1110 V
b1 :
b1 .
b1 K
b10100010101001 0
b10100010101001 L
b110111001011111 1
b110111001011111 M
1*
1/
b11001011111 6
0)
#16315
b1111101001 $
b1111101001 I
b1111101001 R
1)
b1000000000 E
b100 >
b11001011111 4
b1001110010 3
1(
b10 ?
b100101011 B
b1001101111 9
02
#16320
b0 Z
b11 Y
b1001 \
b1001 X
b1101 U
b1010 J
b1 [
b1 W
b1111 V
b11111111111111111111111111101001 7
b10 .
b10 K
b1110110111111101 0
b1110110111111101 L
b1111000011111101 1
b1111000011111101 M
b11001100000 6
0)
#16325
b1010 $
b1010 I
b1010 R
1)
b1000000001 E
b100 >
b11001100000 4
b1001110011 3
1(
b1 ?
b100101100 B
b1001110000 9
b1111101001 +
#16330
b1 Z
b0 [
b0 W
b1111001000 J
b1111001000 \
b11001000 X
b1000 U
b1010 7
b11 .
b11 K
b1111000100000111 0
b1111000100000111 L
b1111000110001111 1
b1111000110001111 M
b11001100001 6
0)
#16335
b1111001000 $
b1111001000 I
b1111001000 R
1)
b1000000010 E
b100001011 A
b100 >
b11001100001 4
b1001110100 3
1(
b1001110001 9
b1010 +
#16340
b0 Z
b10 Y
b110000 [
b110000 W
b1011010 J
b101010 \
b101010 X
b1001 U
b1000 V
b11111111111111111111111111001000 7
b100 .
b100 K
b1100010110101010 0
b1100010110101010 L
b110100001111001 1
b110100001111001 M
b11001100010 6
0)
#16345
b1011010 $
b1011010 I
b1011010 R
1)
b1000000011 E
b100001100 A
b100010010 @
b100 >
b11001100010 4
b1001110101 3
1(
b100101101 B
b1001110010 9
b1111001000 +
#16350
0!
b1 Z
b1100 \
b1100 X
b110 U
b1111111101 J
b1111110001 [
b11110001 W
b1101 V
b1011010 7
b0 :
b101 .
b101 K
b1110111101010010 0
b1110111101010010 L
b1110110101100010 1
b1110110101100010 M
0*
b11001100011 6
0)
#16355
1)
b1100010000 F
b1011010 +
12
#16360
1!
b1 :
1*
b11001100100 6
0)
#16365
b1111111101 $
b1111111101 I
b1111111101 R
1)
b1000000100 E
b100 >
b11001100100 4
b1001110110 3
1(
b10 ?
b1001110011 9
02
#16370
0!
b0 Z
b11 Y
b1111111001 \
b11111001 X
b111 U
b1111111001 J
b0 [
b0 W
b0 V
b11111111111111111111111111111101 7
b0 :
b110 .
b110 K
b11111 0
b11111 L
b101110111 1
b101110111 M
0*
b11001100101 6
0)
#16375
1)
b1100010001 F
b1111111101 +
12
#16380
1!
b1 :
1*
b11001100110 6
0)
#16385
b1111111001 $
b1111111001 I
b1111111001 R
1)
b1000000101 E
b100010100 @
b100 >
b11001100110 4
b1001110111 3
1(
b100101110 B
b1001110100 9
02
#16390
0!
b10 Y
b0 J
b0 \
b0 X
b0 U
b11111111111111111111111111111001 7
b0 :
b0 .
b0 K
b0 0
b0 L
b0 1
b0 M
0*
0/
b11001100111 6
0)
#16395
1)
b1111111001 +
12
#16400
1!
b1 Z
b11 Y
b1000 \
b1000 X
b10100 J
b1100 [
b1100 W
b1110 U
b1010 V
b1 :
b111 .
b111 K
b1011001011101100 0
b1011001011101100 L
b1010011011101101 1
b1010011011101101 M
1*
1/
b11001101000 6
0)
#16405
b10100 $
b10100 I
b10100 R
1)
b1000000110 E
b100 >
b11001101000 4
b1001111000 3
1(
b100101111 B
b1001110101 9
02
#16410
b0 Z
b10 Y
b0 \
b0 X
b0 U
b0 J
b0 [
b0 W
b0 V
b10100 7
b0 .
b0 K
b0 0
b0 L
b0 1
b0 M
0/
b11001101001 6
0)
#16415
0"
0T
1)
0(
b1 ?
b1001110110 9
b10100 +
#16420
b110 \
b110 X
b101001 J
b100011 [
b100011 W
b1 U
b101 V
b0 7
b0 <
b1000 .
b1000 K
b11101110110 0
b11101110110 L
b111010111010001 1
b111010111010001 M
0*
1/
b11001101010 6
0)
#16425
0!
1"
b101001 $
b101001 I
b101001 R
1T
1)
b100010101 @
b100 >
b11001101010 4
1(
b1001111001 3
#16430
b0 \
b0 X
b0 U
b0 J
b0 [
b0 W
b0 V
b101001 7
b1 <
b0 :
b0 .
b0 K
b0 0
b0 L
b0 1
b0 M
0/
b11001101011 6
0)
#16435
1)
b101001 +
12
#16440
b1 Z
b1 \
b1 X
b1111111010 J
b1111111001 [
b11111001 W
b1111 U
b111 V
b1001 .
b1001 K
b1111011111111111 0
b1111011111111111 L
b1011111110001 1
b1011111110001 M
1/
b11001101100 6
0)
#16445
1)
b1100010010 F
#16450
b11001101101 6
0)
#16455
1)
b1100010011 F
#16460
b11001101110 6
0)
#16465
1)
b1100010100 F
#16470
b11001101111 6
0)
#16475
1)
b1100010101 F
#16480
b11001110000 6
0)
#16485
1)
b1100010110 F
#16490
b11001110001 6
0)
#16495
1)
b1100010111 F
#16500
b11001110010 6
0)
#16505
1)
b1100011000 F
#16510
b11001110011 6
0)
#16515
1)
b1100011001 F
#16520
b11001110100 6
0)
#16525
1)
b1100011010 F
#16530
b11001110101 6
0)
#16535
1)
b1100011011 F
#16540
b11001110110 6
0)
#16545
1)
b1100011100 F
#16550
b11001110111 6
0)
#16555
1)
b1100011101 F
#16560
b11001111000 6
0)
#16565
1)
b1100011110 F
#16570
b11001111001 6
0)
#16575
1)
b1100011111 F
#16580
b11001111010 6
0)
#16585
1)
b1100100000 F
#16590
b11001111011 6
0)
#16595
1)
b1100100001 F
#16600
1!
b1 :
1*
b11001111100 6
0)
#16605
b1111111010 $
b1111111010 I
b1111111010 R
1)
b1000000111 E
b100010110 @
b100 >
b11001111100 4
b1001111010 3
1(
b10010 ?
b1001110111 9
02
#16610
b1101 U
b0 Z
b11 Y
b1111110100 \
b11110100 X
b1111100010 J
b1111101110 [
b11101110 W
b11 V
b11111111111111111111111111111010 7
b1010 .
b1010 K
b1011010010100100 0
b1011010010100100 L
b11101011111101 1
b11101011111101 M
b11001111101 6
0)
#16615
b1111100010 $
b1111100010 I
b1111100010 R
1)
b1000001000 E
b100 >
b11001111101 4
b1001111011 3
1(
b1 ?
b100110000 B
b1001111000 9
b1111111010 +
#16620
0!
b10 Y
b0 \
b0 X
b0 U
b0 J
b0 [
b0 W
b0 V
b11111111111111111111111111100010 7
b0 :
b0 .
b0 K
b0 0
b0 L
b0 1
b0 M
0*
0/
b11001111110 6
0)
#16625
1)
b1111100010 +
12
#16630
b11001111111 6
0)
#16635
1)
#16640
1!
b1 :
1*
b11010000000 6
0)
#16645
0"
0T
1)
0(
b11 ?
b100110001 B
b1001111001 9
02
#16650
b1 Z
b11 Y
b10100 \
b10100 X
b1000 J
b1111110100 [
b11110100 W
b101 U
b11 V
b0 7
b0 <
b1011 .
b1011 K
b1000011011000100 0
b1000011011000100 L
b11001001010011 1
b11001001010011 M
0*
1/
b11010000001 6
0)
#16655
0!
1"
b1000 $
b1000 I
b1000 R
1T
1)
b100 >
b11010000001 4
1(
b1001111100 3
#16660
1!
b0 Z
b10 Y
b0 \
b0 X
b0 U
b0 J
b0 [
b0 W
b0 V
b1000 7
b1 <
b0 .
b0 K
b0 0
b0 L
b0 1
b0 M
1*
0/
b11010000010 6
0)
#16665
0"
0T
1)
0(
b1 ?
b1001111010 9
b1000 +
#16670
b1111111000 J
b1111111000 \
b11111000 X
b1000 U
b0 7
b0 <
b1100 .
b1100 K
b111100010001 0
b111100010001 L
b1111000000011000 1
b1111000000011000 M
1/
b11010000011 6
0)
#16675
1"
b1111111000 $
b1111111000 I
b1111111000 R
1T
1)
b100001101 A
b100 >
b11010000011 4
1(
b1001111101 3
#16680
b1 Z
b1111100000 \
b11100000 X
b1000 U
b1111011000 J
b1111111000 [
b11111000 W
b1100 V
b11111111111111111111111111111000 7
b1 <
b1101 .
b1101 K
b10111100100100 0
b10111100100100 L
b11110010001101 1
b11110010001101 M
b11010000100 6
0)
#16685
b1111011000 $
b1111011000 I
b1111011000 R
1)
b1000001001 E
b100001110 A
b100 >
b11010000100 4
b1001111110 3
1(
b100110010 B
b1001111011 9
b1111111000 +
#16690
b0 Z
b11 Y
b1111 \
b1111 X
b1101 U
b1011 J
b1111111100 [
b11111100 W
b1 V
b11111111111111111111111111011000 7
b1110 .
b1110 K
b10100011001011 0
b10100011001011 L
b1110101001101 1
b1110101001101 M
b11010000101 6
0)
#16695
b1011 $
b1011 I
b1011 R
1)
b1000001010 E
b100 >
b11010000101 4
b1001111111 3
1(
b100110011 B
b1001111100 9
b1111011000 +
#16700
b1 Z
b0 \
b0 X
b1 U
b0 J
b0 [
b0 W
b0 V
b1011 7
b1111 .
b1111 K
b100011110000 0
b100011110000 L
b100010001 1
b100010001 M
b11010000110 6
0)
#16705
b0 $
b0 I
b0 R
1)
b1000001011 E
b100 >
b11010000110 4
b1010000000 3
1(
b1001111101 9
b1011 +
#16710
0!
b0 Z
b10 Y
b10 U
b1111101100 J
b1111101100 [
b11101100 W
b1011 V
b0 7
b0 :
b0 .
b0 K
b1000000001000000 0
b1000000001000000 L
b10101101110010 1
b10101101110010 M
0*
b11010000111 6
0)
#16715
1)
b1100100010 F
b0 +
12
#16720
b11010001000 6
0)
#16725
1)
b1100100011 F
#16730
b11010001001 6
0)
#16735
1)
b1100100100 F
#16740
1!
b1 :
1*
b11010001010 6
0)
#16745
b1111101100 $
b1111101100 I
b1111101100 R
1)
b1000001100 E
b100010111 @
b100 >
b11010001010 4
b1010000001 3
1(
b100 ?
b1001111110 9
02
#16750
0!
b0 U
b0 J
b0 [
b0 W
b0 V
b11111111111111111111111111101100 7
b0 :
b0 0
b0 L
b0 1
b0 M
0*
0/
b11010001011 6
0)
#16755
1)
b1111101100 +
12
#16760
1!
b1 :
1*
b11010001100 6
0)
#16765
0"
0T
1)
0(
b10 ?
b100110100 B
b1001111111 9
02
#16770
b1 Z
b1111100000 J
b1111100000 \
b11100000 X
b100 U
b1010 V
b0 7
b0 <
b1 .
b1 K
b1001000001000 0
b1001000001000 L
b11101001000011 1
b11101001000011 M
1/
b11010001101 6
0)
#16775
1"
b1111100000 $
b1111100000 I
b1111100000 R
1T
1)
b100 >
b11010001101 4
1(
b1010000010 3
#16780
b0 Z
b11 Y
b1111001000 [
b11001000 W
b1111000000 J
b1111111000 \
b11111000 X
b1 U
b1000 V
b11111111111111111111111111100000 7
b1 <
b10 .
b10 K
b1000011101111000 0
b1000011101111000 L
b1000000101110001 1
b1000000101110001 M
b11010001110 6
0)
#16785
b1111000000 $
b1111000000 I
b1111000000 R
1)
b1000001101 E
b100001111 A
b100011000 @
b100 >
b11010001110 4
b1010000011 3
1(
b1 ?
b100110101 B
b1010000000 9
b1111100000 +
#16790
0!
b1 Z
b100 \
b100 X
b1100 U
b1011 J
b111 [
b111 W
b1111 V
b11111111111111111111111111000000 7
b0 :
b11 .
b11 K
b10110011111 0
b10110011111 L
b1111000111001100 1
b1111000111001100 M
0*
b11010001111 6
0)
#16795
1)
b1100100101 F
b1111000000 +
12
#16800
1!
b1 :
1*
b11010010000 6
0)
#16805
b1011 $
b1011 I
b1011 R
1)
b1000001110 E
b100 >
b11010010000 4
b1010000100 3
1(
b10 ?
b100110110 B
b1010000001 9
02
#16810
b0 Z
b10 Y
b10100 \
b10100 X
b1011 U
b0 J
b1111101100 [
b11101100 W
b1100 V
b1011 7
b100 .
b100 K
b1001111001011100 0
b1001111001011100 L
b1010110010111011 1
b1010110010111011 M
b11010010001 6
0)
#16815
b0 $
b0 I
b0 R
1)
b1000001111 E
b100 >
b11010010001 4
b1010000101 3
1(
b1 ?
b1010000010 9
b1011 +
#16820
0!
b1 Z
b111 \
b111 X
b1 U
b110 J
b1111111111 [
b11111111 W
b1 V
b0 7
b0 :
b101 .
b101 K
b11111110111 0
b11111110111 L
b1000000100010001 1
b1000000100010001 M
0*
b11010010010 6
0)
#16825
1)
b1100100110 F
b0 +
12
#16830
1!
b1 :
1*
b11010010011 6
0)
#16835
b110 $
b110 I
b110 R
1)
b1000010000 E
b100010000 A
b100 >
b11010010011 4
b1010000110 3
1(
b10 ?
b1010000011 9
02
#16840
b0 Z
b11 Y
b100011 \
b100011 X
b1001 U
b111000 J
b10101 [
b10101 W
b1101 V
b110 7
b110 .
b110 K
b10100010011011 0
b10100010011011 L
b1101100110101001 1
b1101100110101001 M
b11010010100 6
0)
#16845
b111000 $
b111000 I
b111000 R
1)
b1000010001 E
b100 >
b11010010100 4
b1010000111 3
1(
b1 ?
b1010000100 9
b110 +
#16850
b1 Z
b1001 [
b1001 W
b100010 J
b11001 \
b11001 X
b1011 U
b111000 7
b111 .
b111 K
b11111011011011 0
b11111011011011 L
b1101011010111101 1
b1101011010111101 M
b11010010101 6
0)
#16855
b100010 $
b100010 I
b100010 R
1)
b1000010010 E
b100 >
b11010010101 4
b1010001000 3
1(
b1010000101 9
b111000 +
#16860
b0 Z
b10 Y
b0 \
b0 X
b0 U
b0 J
b0 [
b0 W
b0 V
b100010 7
b0 .
b0 K
b0 0
b0 L
b0 1
b0 M
0/
b11010010110 6
0)
#16865
0"
0T
1)
0(
b1010000110 9
b100010 +
#16870
b1111111000 J
b1111111000 [
b11111000 W
b111 U
b1000 V
b0 7
b0 <
b1000 .
b1000 K
b100010000 0
b100010000 L
b1100000000111 1
b1100000000111 M
1/
b11010010111 6
0)
#16875
1"
b1111111000 $
b1111111000 I
b1111111000 R
1T
1)
b100010001 A
b100011001 @
b100 >
b11010010111 4
1(
b1010001001 3
#16880
b1 Z
b11 \
b11 X
b1111 U
b1111101110 J
b1111101011 [
b11101011 W
b111 V
b11111111111111111111111111111000 7
b1 <
b1001 .
b1001 K
b1100110111011101 0
b1100110111011101 L
b1000011111110110 1
b1000011111110110 M
b11010011000 6
0)
#16885
b1111101110 $
b1111101110 I
b1111101110 R
1)
b1000010011 E
b100010010 A
b100011010 @
b100 >
b11010011000 4
b1010001010 3
1(
b100110111 B
b1010000111 9
b1111111000 +
#16890
b0 Z
b11 Y
b10010 \
b10010 X
b11 U
b1001010 J
b111000 [
b111000 W
b1001 V
b11111111111111111111111111101110 7
b1010 .
b1010 K
b110011010000110 0
b110011010000110 L
b1001011010010011 1
b1001011010010011 M
b11010011001 6
0)
#16895
b1001010 $
b1001010 I
b1001010 R
1)
b1000010100 E
b100 >
b11010011001 4
b1010001011 3
1(
b100111000 B
b1010001000 9
b1111101110 +
#16900
b1 Z
b1 \
b1 X
b1111 U
b1000 J
b111 [
b111 W
b1 V
b1001010 7
b1011 .
b1011 K
b1111100001111111 0
b1111100001111111 L
b1000011111000 1
b1000011111000 M
b11010011010 6
0)
#16905
b1000 $
b1000 I
b1000 R
1)
b1000010101 E
b100010011 A
b100 >
b11010011010 4
b1010001100 3
1(
b1010001001 9
b1001010 +
#16910
b0 Z
b10 Y
b1100 \
b1100 X
b1100 U
b100100 J
b11000 [
b11000 W
b1101 V
b1000 7
b1100 .
b1100 K
b11100010001101 0
b11100010001101 L
b100110101111100 1
b100110101111100 M
b11010011011 6
0)
#16915
b100100 $
b100100 I
b100100 R
1)
b1000010110 E
b100011011 @
b100 >
b11010011011 4
b1010001101 3
1(
b1010001010 9
b1000 +
#16920
b1 Z
b1111111100 \
b11111100 X
b1110 U
b11000 J
b11100 [
b11100 W
b100 V
b100100 7
b1101 .
b1101 K
b10110101110010 0
b10110101110010 L
b101010011100101 1
b101010011100101 M
b11010011100 6
0)
#16925
b11000 $
b11000 I
b11000 R
1)
b1000010111 E
b100 >
b11010011100 4
b1010001110 3
1(
b1010001011 9
b100100 +
#16930
b0 Z
b0 \
b0 X
b0 U
b0 J
b0 [
b0 W
b0 V
b11000 7
b0 .
b0 K
b0 0
b0 L
b0 1
b0 M
0/
b11010011101 6
0)
#16935
0"
0T
1)
0(
b1010001100 9
b11000 +
#16940
b1111001000 [
b11001000 W
b111 V
b11 Y
b1111000111 J
b1111111111 \
b11111111 X
b1 U
b0 7
b0 <
b1110 .
b1110 K
b111110001111 0
b111110001111 L
b111000001110001 1
b111000001110001 M
0*
1/
b11010011110 6
0)
#16945
0!
1"
b1111000111 $
b1111000111 I
b1111000111 R
1T
1)
b100011101 @
b100 >
b11010011110 4
1(
b1010001111 3
#16950
b1 Z
b0 \
b0 X
b0 U
b0 J
b0 [
b0 W
b1101 V
b11111111111111111111111111000111 7
b1 <
b0 :
b1111 .
b1111 K
b111101000000111 0
b111101000000111 L
b1101001000000010 1
b1101001000000010 M
b11010011111 6
0)
#16955
1)
b1100100111 F
b1111000111 +
12
#16960
b11010100000 6
0)
#16965
1)
b1100101000 F
#16970
b11010100001 6
0)
#16975
1)
b1100101001 F
#16980
b11010100010 6
0)
#16985
1)
b1100101010 F
#16990
b11010100011 6
0)
#16995
1)
b1100101011 F
#17000
b11010100100 6
0)
#17005
1)
b1100101100 F
#17010
b11010100101 6
0)
#17015
1)
b1100101101 F
#17020
b11010100110 6
0)
#17025
1)
b1100101110 F
#17030
b11010100111 6
0)
#17035
1)
b1100101111 F
#17040
b11010101000 6
0)
#17045
1)
b1100110000 F
#17050
b11010101001 6
0)
#17055
1)
b1100110001 F
#17060
b11010101010 6
0)
#17065
1)
b1100110010 F
#17070
b11010101011 6
0)
#17075
1)
b1100110011 F
#17080
b11010101100 6
0)
#17085
1)
b1100110100 F
#17090
b11010101101 6
0)
#17095
1)
b1100110101 F
#17100
b11010101110 6
0)
#17105
1)
b1100110110 F
#17110
b11010101111 6
0)
#17115
1)
b1100110111 F
#17120
b11010110000 6
0)
#17125
1)
b1100111000 F
#17130
1!
b1 :
1*
b11010110001 6
0)
#17135
b0 $
b0 I
b0 R
1)
b1000011000 E
b100 >
b11010110001 4
b1010010000 3
1(
b10011 ?
b100111001 B
b1010001101 9
02
#17140
b0 Z
b10 Y
b101 [
b101 W
b1111100010 J
b1111011101 \
b11011101 X
b1001 U
b101 V
b0 7
b0 .
b0 K
b1000010100010101 0
b1000010100010101 L
b1010010111001001 1
b1010010111001001 M
b11010110010 6
0)
#17145
b1111100010 $
b1111100010 I
b1111100010 R
1)
b1000011001 E
b100 >
b11010110010 4
b1010010001 3
1(
b1 ?
b1010001110 9
b0 +
#17150
b1 Z
b1111111111 \
b11111111 X
b1111 U
b1111111111 J
b0 [
b0 W
b111 V
b11111111111111111111111111100010 7
b1 .
b1 K
b1111100000000001 0
b1111100000000001 L
b1000011111111000 1
b1000011111111000 M
b11010110011 6
0)
#17155
b1111111111 $
b1111111111 I
b1111111111 R
1)
b1000011010 E
b100011110 @
b100010101 A
b100 >
b11010110011 4
b1010010010 3
1(
b100111010 B
b1010001111 9
b1111100010 +
#17160
b0 Z
b1111101110 [
b11101110 W
b11 Y
b1100 J
b11110 \
b11110 X
b101 U
b1010 V
b11111111111111111111111111111111 7
b10 .
b10 K
b1001101100110110 0
b1001101100110110 L
b1010000001100101 1
b1010000001100101 M
b11010110100 6
0)
#17165
b1100 $
b1100 I
b1100 R
1)
b1000011011 E
b100 >
b11010110100 4
b1010010011 3
1(
b100111011 B
b1010010000 9
b1111111111 +
#17170
b1 Z
b0 [
b0 W
b0 J
b0 \
b0 X
b1 U
b1100 7
b11 .
b11 K
b1110001100000000 0
b1110001100000000 L
b1010111000010111 1
b1010111000010111 M
b11010110101 6
0)
#17175
b0 $
b0 I
b0 R
1)
b1000011100 E
b100011111 @
b100 >
b11010110101 4
b1010010100 3
1(
b1010010001 9
b1100 +
#17180
b0 Z
b10 Y
b1 J
b1 \
b1 X
b1111 U
b1111 V
b0 7
b100 .
b100 K
b100001111 0
b100001111 L
b1111111111111 1
b1111111111111 M
b11010110110 6
0)
#17185
b1 $
b1 I
b1 R
1)
b1000011101 E
b100 >
b11010110110 4
b1010010101 3
1(
b1010010010 9
b0 +
#17190
0!
b1 Z
b1111111011 [
b11111011 W
b1111011111 J
b1111100100 \
b11100100 X
b111 U
b1011 V
b1 7
b0 :
b101 .
b101 K
b1100100100011100 0
b1100100100011100 L
b1001101101110100 1
b1001101101110100 M
0*
b11010110111 6
0)
#17195
1)
b1100111001 F
b1 +
12
#17200
1!
b1 :
1*
b11010111000 6
0)
#17205
b1111011111 $
b1111011111 I
b1111011111 R
1)
b1000011110 E
b100100000 @
b100 >
b11010111000 4
b1010010110 3
1(
b10 ?
b1010010011 9
02
#17210
b0 Z
b11 Y
b1111101011 \
b11101011 X
b11 U
b1111101011 J
b0 [
b0 W
b0 V
b11111111111111111111111111011111 7
b110 .
b110 K
b1000011101101001 0
b1000011101101001 L
b111101000011 1
b111101000011 M
b11010111001 6
0)
#17215
b1111101011 $
b1111101011 I
b1111101011 R
1)
b1000011111 E
b100 >
b11010111001 4
b1010010111 3
1(
b1 ?
b100111100 B
b1010010100 9
b1111011111 +
#17220
0!
b1 Z
b1111111000 \
b11111000 X
b1000 U
b1111110001 J
b1111111001 [
b11111001 W
b111 V
b11111111111111111111111111101011 7
b0 :
b111 .
b111 K
b1000000111110001 0
b1000000111110001 L
b111100010001000 1
b111100010001000 M
0*
b11010111010 6
0)
#17225
1)
b1100111010 F
b1111101011 +
12
#17230
1!
b1 :
1*
b11010111011 6
0)
#17235
b1111110001 $
b1111110001 I
b1111110001 R
1)
b1000100000 E
b100100001 @
b100011000 A
b100 >
b11010111011 4
b1010011000 3
1(
b10 ?
b100111101 B
b1010010101 9
02
#17240
b0 Z
b10 Y
b0 \
b0 X
b0 U
b0 J
b0 [
b0 W
b0 V
b11111111111111111111111111110001 7
b0 .
b0 K
b0 0
b0 L
b0 1
b0 M
0/
b11010111100 6
0)
#17245
0"
0T
1)
0(
b1 ?
b100111110 B
b1010010110 9
b1111110001 +
#17250
b1111111011 \
b11111011 X
b100 J
b1001 [
b1001 W
b1 U
b1101 V
b0 7
b0 <
b1000 .
b1000 K
b10000011011011 0
b10000011011011 L
b1100110100100001 1
b1100110100100001 M
0*
1/
b11010111101 6
0)
#17255
0!
1"
b100 $
b100 I
b100 R
1T
1)
b100 >
b11010111101 4
1(
b1010011001 3
#17260
1!
b1 Z
b11 \
b11 X
b1101 U
b11 J
b0 [
b0 W
b1111 V
b100 7
b1 <
b1001 .
b1001 K
b1001000000001111 0
b1001000000001111 L
b111111111011101 1
b111111111011101 M
1*
b11010111110 6
0)
#17265
b11 $
b11 I
b11 R
1)
b1000100001 E
b100100010 @
b100 >
b11010111110 4
b1010011010 3
1(
b1010010111 9
b100 +
#17270
b0 Z
b0 V
b11 Y
b0 [
b0 W
b1111001000 J
b1111001000 \
b11001000 X
b111 U
b11 7
b1010 .
b1010 K
b1111111100011000 0
b1111111100011000 L
b111101110111 1
b111101110111 M
b11010111111 6
0)
#17275
b1111001000 $
b1111001000 I
b1111001000 R
1)
b1000100010 E
b100100100 @
b100 >
b11010111111 4
b1010011011 3
1(
b1010011000 9
b11 +
#17280
b1 Z
b1111110010 \
b11110010 X
b1110 U
b1111111100 J
b1010 [
b1010 W
b101 V
b11111111111111111111111111001000 7
b1011 .
b1011 K
b100100100100111 0
b100100100100111 L
b101101111100110 1
b101101111100110 M
b11011000000 6
0)
#17285
b1111111100 $
b1111111100 I
b1111111100 R
1)
b1000100011 E
b100 >
b11011000000 4
b1010011100 3
1(
b100111111 B
b1010011001 9
b1111001000 +
#17290
0!
b0 Z
b10 Y
b0 \
b0 X
b1111 U
b1111101011 J
b1111101011 [
b11101011 W
b111 V
b11111111111111111111111111111100 7
b0 :
b1100 .
b1100 K
b10101111010000 0
b10101111010000 L
b1110011101101111 1
b1110011101101111 M
0*
b11011000001 6
0)
#17295
1)
b1100111011 F
b1111111100 +
12
#17300
b11011000010 6
0)
#17305
1)
b1100111100 F
#17310
1!
b1 :
1*
b11011000011 6
0)
#17315
b1111101011 $
b1111101011 I
b1111101011 R
1)
b1000100100 E
b100100101 @
b100 >
b11011000011 4
b1010011101 3
1(
b11 ?
b101000000 B
b1010011010 9
02
#17320
b1 Z
b111 \
b111 X
b1110 J
b111 [
b111 W
b111 U
b11111111111111111111111111101011 7
b1101 .
b1101 K
b1111000000010001 0
b1111000000010001 L
b1011101110001 1
b1011101110001 M
b11011000100 6
0)
#17325
b1110 $
b1110 I
b1110 R
1)
b1000100101 E
b100100111 @
b100 >
b11011000100 4
b1010011110 3
1(
b1 ?
b101000001 B
b1010011011 9
b1111101011 +
#17330
b0 Z
b10 V
b11 Y
b100 [
b100 W
b1111111011 J
b1111110111 \
b11110111 X
b11 U
b1110 7
b1110 .
b1110 K
b11101100101101 0
b11101100101101 L
b10011110110011 1
b10011110110011 M
b11011000101 6
0)
#17335
b1111111011 $
b1111111011 I
b1111111011 R
1)
b1000100110 E
b100101000 @
b100 >
b11011000101 4
b1010011111 3
1(
b1010011100 9
b1110 +
#17340
0!
b10 Y
b0 \
b0 X
b0 U
b0 J
b0 [
b0 W
b0 V
b11111111111111111111111111111011 7
b0 :
b0 .
b0 K
b0 0
b0 L
b0 1
b0 M
0*
0/
b11011000110 6
0)
#17345
1)
b1111111011 +
12
#17350
b1 Z
b11 Y
b1111111011 \
b11111011 X
b1001 J
b1110 [
b1110 W
b1011 U
b111 V
b1111 .
b1111 K
b1101010000100001 0
b1101010000100001 L
b111110010110100 1
b111110010110100 M
1/
b11011000111 6
0)
#17355
1)
b1100111101 F
#17360
b11011001000 6
0)
#17365
1)
b1100111110 F
#17370
b11011001001 6
0)
#17375
1)
b1100111111 F
#17380
1!
b1 :
1*
b11011001010 6
0)
#17385
b1001 $
b1001 I
b1001 R
1)
b1000100111 E
b100101001 @
b100 >
b11011001010 4
b1010100000 3
1(
b101 ?
b101000010 B
b1010011101 9
02
#17390
0!
b0 Z
b10 Y
b0 \
b0 X
b0 U
b0 J
b0 [
b0 W
b0 V
b1001 7
b0 :
b0 .
b0 K
b0 0
b0 L
b0 1
b0 M
0*
0/
b11011001011 6
0)
#17395
1)
b1001 +
12
#17400
1!
b1 :
1*
b11011001100 6
0)
#17405
0"
0T
1)
0(
b10 ?
b1010011110 9
02
#17410
b0 7
b0 <
b11011001101 6
0)
#17415
1)
#17420
b11011001110 6
0)
#17425
1)
#17430
b1000010000001 0
b1000010000001 L
b111000010000000 1
b111000010000000 M
0*
1/
b11011001111 6
0)
#17435
0!
1"
b0 $
b0 I
b0 R
1T
1)
b100101010 @
b100011001 A
b100 >
b11011001111 4
1(
b1010100001 3
#17440
1!
b1 Z
b1111110111 \
b11110111 X
b11 U
b1100 J
b10101 [
b10101 W
b111 V
b1 <
b1 .
b1 K
b1110111000111101 0
b1110111000111101 L
b1110011100110011 1
b1110011100110011 M
1*
b11011010000 6
0)
#17445
b1100 $
b1100 I
b1100 R
1)
b1000101000 E
b100101011 @
b100 >
b11011010000 4
b1010100010 3
1(
b1 ?
b1010011111 9
b0 +
#17450
0!
b0 Z
b0 \
b0 X
b0 U
b0 J
b0 [
b0 W
b0 V
b1100 7
b0 :
b0 .
b0 K
b0 0
b0 L
b0 1
b0 M
0*
0/
b11011010001 6
0)
#17455
1)
b1100 +
12
#17460
1!
b11 Y
b101 \
b101 X
b110101 J
b110000 [
b110000 W
b1 U
b1010 V
b1 :
b10 .
b10 K
b1010111010000101 0
b1010111010000101 L
b1010111100010001 1
b1010111100010001 M
1*
1/
b11011010010 6
0)
#17465
b110101 $
b110101 I
b110101 R
1)
b1000101001 E
b100 >
b11011010010 4
b1010100011 3
1(
b10 ?
b1010100000 9
02
#17470
b1 Z
b1111111001 \
b11111001 X
b1111 U
b111001 J
b1000000 [
b1000000 W
b1000 V
b110101 7
b11 .
b11 K
b1000000010000111 0
b1000000010000111 L
b1000111111110111 1
b1000111111110111 M
b11011010011 6
0)
#17475
b111001 $
b111001 I
b111001 R
1)
b1000101010 E
b100011010 A
b100101100 @
b100 >
b11011010011 4
b1010100100 3
1(
b1 ?
b1010100001 9
b110101 +
#17480
b0 Z
b10 Y
b1111110110 \
b11110110 X
b1110 U
b1111110110 J
b0 [
b0 W
b0 V
b111001 7
b100 .
b100 K
b10000010100101 0
b10000010100101 L
b1001000010001110 1
b1001000010001110 M
b11011010100 6
0)
#17485
b1111110110 $
b1111110110 I
b1111110110 R
1)
b1000101011 E
b100011011 A
b100 >
b11011010100 4
b1010100101 3
1(
b1010100010 9
b111001 +
#17490
0!
b1 Z
b1111011000 \
b11011000 X
b101 U
b1111010010 J
b1111111010 [
b11111010 W
b11 V
b11111111111111111111111111110110 7
b0 :
b101 .
b101 K
b1111110111101000 0
b1111110111101000 L
b1101001101011000 1
b1101001101011000 M
0*
b11011010101 6
0)
#17495
1)
b1101000000 F
b1111110110 +
12
#17500
b11011010110 6
0)
#17505
1)
b1101000001 F
#17510
b11011010111 6
0)
#17515
1)
b1101000010 F
#17520
b11011011000 6
0)
#17525
1)
b1101000011 F
#17530
b11011011001 6
0)
#17535
1)
b1101000100 F
#17540
b11011011010 6
0)
#17545
1)
b1101000101 F
#17550
b11011011011 6
0)
#17555
1)
b1101000110 F
#17560
b11011011100 6
0)
#17565
1)
b1101000111 F
#17570
b11011011101 6
0)
#17575
1)
b1101001000 F
#17580
b11011011110 6
0)
#17585
1)
b1101001001 F
#17590
b11011011111 6
0)
#17595
1)
b1101001010 F
#17600
b11011100000 6
0)
#17605
1)
b1101001011 F
#17610
b11011100001 6
0)
#17615
1)
b1101001100 F
#17620
b11011100010 6
0)
#17625
1)
b1101001101 F
#17630
b11011100011 6
0)
#17635
1)
b1101001110 F
#17640
b11011100100 6
0)
#17645
1)
b1101001111 F
#17650
b11011100101 6
0)
#17655
1)
b1101010000 F
#17660
1!
b1 :
1*
b11011100110 6
0)
#17665
b1111010010 $
b1111010010 I
b1111010010 R
1)
b1000101100 E
b100011100 A
b100 >
b11011100110 4
b1010100110 3
1(
b10010 ?
b101000011 B
b1010100011 9
02
#17670
b0 Z
b11 Y
b1000 \
b1000 X
b1000 U
b1000 J
b0 [
b0 W
b0 V
b11111111111111111111111111010010 7
b110 .
b110 K
b1000011111111 0
b1000011111111 L
b100001111000 1
b100001111000 M
b11011100111 6
0)
#17675
b1000 $
b1000 I
b1000 R
1)
b1000101101 E
b100101101 @
b100011110 A
b100 >
b11011100111 4
b1010100111 3
1(
b1 ?
b101000100 B
b1010100100 9
b1111010010 +
#17680
0!
b10 Y
b0 J
b0 \
b0 X
b0 U
b1000 7
b0 :
b0 .
b0 K
b0 0
b0 L
b0 1
b0 M
0*
0/
b11011101000 6
0)
#17685
1)
b1000 +
12
#17690
1!
b1 Z
b11 Y
b101000 J
b101000 \
b101000 X
b1000 U
b101 V
b1 :
b111 .
b111 K
b101110000001011 0
b101110000001011 L
b101101010000100 1
b101101010000100 M
1*
1/
b11011101001 6
0)
#17695
b101000 $
b101000 I
b101000 R
1)
b1000101110 E
b100011111 A
b100 >
b11011101001 4
b1010101000 3
1(
b10 ?
b1010100101 9
02
#17700
b11 U
b0 Z
b10 Y
b1111 \
b1111 X
b1111101111 J
b1111100000 [
b11100000 W
b1000 V
b101000 7
b1000 .
b1000 K
b11110101000101 0
b11110101000101 L
b1001100010000011 1
b1001100010000011 M
b11011101010 6
0)
#17705
b1111101111 $
b1111101111 I
b1111101111 R
1)
b1000101111 E
b100100001 A
b100 >
b11011101010 4
b1010101001 3
1(
b1 ?
b1010100110 9
b101000 +
#17710
b1 Z
b0 \
b0 X
b1111 U
b0 J
b0 [
b0 W
b111 V
b11111111111111111111111111101111 7
b1001 .
b1001 K
b111111100000000 0
b111111100000000 L
b11111110000 1
b11111110000 M
b11011101011 6
0)
#17715
b0 $
b0 I
b0 R
1)
b1000110000 E
b100101110 @
b100 >
b11011101011 4
b1010101010 3
1(
b101000101 B
b1010100111 9
b1111101111 +
#17720
b0 Z
b11 Y
b1111 \
b1111 X
b100011 J
b10100 [
b10100 W
b1101 U
b1100 V
b0 7
b1010 .
b1010 K
b1110110111011 0
b1110110111011 L
b1100110011011101 1
b1100110011011101 M
b11011101100 6
0)
#17725
b100011 $
b100011 I
b100011 R
1)
b1000110001 E
b100 >
b11011101100 4
b1010101011 3
1(
b1010101000 9
b0 +
#17730
b10 Y
b0 \
b0 X
b0 U
b0 J
b0 [
b0 W
b0 V
b100011 7
b0 .
b0 K
b0 0
b0 L
b0 1
b0 M
0/
b11011101101 6
0)
#17735
0"
0T
1)
0(
b1010101001 9
b100011 +
#17740
b0 7
b0 <
0*
b11011101110 6
0)
#17745
1)
#17750
1*
b11011101111 6
0)
#17755
1)
#17760
b1 Z
b11 Y
b1111001000 \
b11001000 X
b1110011110 J
b1111010110 [
b11010110 W
b111 U
b110 V
b1011 .
b1011 K
b101111110011000 0
b101111110011000 L
b110010101111011 1
b110010101111011 M
0*
1/
b11011110000 6
0)
#17765
0!
1"
b1110011110 $
b1110011110 I
b1110011110 R
1T
1)
b100101111 @
b100 >
b11011110000 4
1(
b1010101100 3
#17770
1!
b0 Z
b10 Y
b0 \
b0 X
b1111001000 J
b1111001000 [
b11001000 W
b1000 V
b11111111111111111111111110011110 7
b1 <
b1100 .
b1100 K
b1100001110000 0
b1100001110000 L
b111100001110111 1
b111100001110111 M
1*
b11011110001 6
0)
#17775
b1111001000 $
b1111001000 I
b1111001000 R
1)
b1000110010 E
b100100010 A
b100110010 @
b100 >
b11011110001 4
b1010101101 3
1(
b101000110 B
b1010101010 9
b1110011110 +
#17780
b1 Z
b1111011101 \
b11011101 X
b101 U
b1111011011 J
b1111111110 [
b11111110 W
b10 V
b11111111111111111111111111001000 7
b1101 .
b1101 K
b110100111111001 0
b110100111111001 L
b111001001010100 1
b111001001010100 M
b11011110010 6
0)
#17785
b1111011011 $
b1111011011 I
b1111011011 R
1)
b1000110011 E
b100110011 @
b100 >
b11011110010 4
b1010101110 3
1(
b101000111 B
b1010101011 9
b1111001000 +
#17790
0!
b0 Z
b0 \
b0 X
b0 U
b0 J
b0 [
b0 W
b0 V
b11111111111111111111111111011011 7
b0 :
b0 .
b0 K
b0 0
b0 L
b0 1
b0 M
0*
0/
b11011110011 6
0)
#17795
1)
b1111011011 +
12
#17800
b11 Y
b110 J
b110 \
b110 X
b1111 U
b1110 V
b1110 .
b1110 K
b10101000001010 0
b10101000001010 L
b1110110110011111 1
b1110110110011111 M
1/
b11011110100 6
0)
#17805
1)
b1101010001 F
#17810
1!
b1 :
1*
b11011110101 6
0)
#17815
b110 $
b110 I
b110 R
1)
b1000110100 E
b100 >
b11011110101 4
b1010101111 3
1(
b11 ?
b101001000 B
b1010101100 9
02
#17820
0!
b1 Z
b1111111000 [
b11111000 W
b1111111000 J
b0 \
b0 X
b0 U
b1 V
b110 7
b0 :
b1111 .
b1111 K
b1111110000000 0
b1111110000000 L
b1100000001000 1
b1100000001000 M
0*
b11011110110 6
0)
#17825
1)
b1101010010 F
b110 +
12
#17830
1!
b1 :
1*
b11011110111 6
0)
#17835
b1111111000 $
b1111111000 I
b1111111000 R
1)
b1000110101 E
b100100100 A
b100 >
b11011110111 4
b1010110000 3
1(
b10 ?
b1010101101 9
02
#17840
b0 Z
b1101 V
b10 Y
b1111111011 \
b11111011 X
b1111110101 J
b1111111010 [
b11111010 W
b1111 U
b11111111111111111111111111111000 7
b0 .
b0 K
b101101100100101 0
b101101100100101 L
b1110111001111 1
b1110111001111 M
b11011111000 6
0)
#17845
b1111110101 $
b1111110101 I
b1111110101 R
1)
b1000110110 E
b100 >
b11011111000 4
b1010110001 3
1(
b1 ?
b101001001 B
b1010101110 9
b1111111000 +
#17850
0!
b1 Z
b10101 \
b10101 X
b1001 U
b1111100100 J
b1111001111 [
b11001111 W
b111 V
b11111111111111111111111111110101 7
b0 :
b1 .
b1 K
b1001000110011101 0
b1001000110011101 L
b1011011110011101 1
b1011011110011101 M
0*
b11011111001 6
0)
#17855
1)
b1101010011 F
b1111110101 +
12
#17860
b11011111010 6
0)
#17865
1)
b1101010100 F
#17870
1!
b1 :
1*
b11011111011 6
0)
#17875
b1111100100 $
b1111100100 I
b1111100100 R
1)
b1000110111 E
b100110100 @
b100 >
b11011111011 4
b1010110010 3
1(
b11 ?
b101001010 B
b1010101111 9
02
#17880
b0 Z
b11 Y
b0 \
b0 X
b0 U
b1 J
b1 [
b1 W
b1111 V
b11111111111111111111111111100100 7
b10 .
b10 K
b111000111110111 0
b111000111110111 L
b1111100010000000 1
b1111100010000000 M
b11011111100 6
0)
#17885
b1 $
b1 I
b1 R
1)
b1000111000 E
b100100110 A
b100 >
b11011111100 4
b1010110011 3
1(
b1 ?
b101001011 B
b1010110000 9
b1111100100 +
#17890
b1 Z
b1111110100 \
b11110100 X
b1110 U
b1111110100 J
b0 [
b0 W
b0 V
b1 7
b11 .
b11 K
b110111110100110 0
b110111110100110 L
b10111101111 1
b10111101111 M
b11011111101 6
0)
#17895
b1111110100 $
b1111110100 I
b1111110100 R
1)
b1000111001 E
b100 >
b11011111101 4
b1010110100 3
1(
b1010110001 9
b1 +
#17900
0!
b0 Z
b10 Y
b10000 \
b10000 X
b1000 U
b100100 J
b10100 [
b10100 W
b100 V
b11111111111111111111111111110100 7
b0 :
b100 .
b100 K
b1101001011110 0
b1101001011110 L
b1011010011111000 1
b1011010011111000 M
0*
b11011111110 6
0)
#17905
1)
b1101010101 F
b1111110100 +
12
#17910
b11011111111 6
0)
#17915
1)
b1101010110 F
#17920
1!
b1 :
1*
b11100000000 6
0)
#17925
b100100 $
b100100 I
b100100 R
1)
b1000111010 E
b100100111 A
b100 >
b11100000000 4
b1010110101 3
1(
b11 ?
b101001100 B
b1010110010 9
02
#17930
b1 Z
b0 \
b0 X
b0 U
b110001 J
b110001 [
b110001 W
b111 V
b100100 7
b101 .
b101 K
b1100001110000 0
b1100001110000 L
b11100000000 1
b11100000000 M
b11100000001 6
0)
#17935
b110001 $
b110001 I
b110001 R
1)
b1000111011 E
b100110101 @
b100 >
b11100000001 4
b1010110110 3
1(
b1 ?
b1010110011 9
b100100 +
#17940
b0 Z
b0 J
b0 [
b0 W
b0 V
b110001 7
b0 .
b0 K
b0 0
b0 L
b0 1
b0 M
0/
b11100000010 6
0)
#17945
0"
0T
1)
0(
b1010110100 9
b110001 +
#17950
b11 Y
b1111100010 \
b11100010 X
b1111111010 J
b11000 [
b11000 W
b101 U
b1100 V
b0 7
b0 <
b110 .
b110 K
b1110100110101010 0
b1110100110101010 L
b1100101001010101 1
b1100101001010101 M
0*
1/
b11100000011 6
0)
#17955
0!
1"
b1111111010 $
b1111111010 I
b1111111010 R
1T
1)
b100 >
b11100000011 4
1(
b1010110111 3
#17960
1!
b1 Z
b0 \
b0 X
b1011 U
b1111110010 J
b1111110010 [
b11110010 W
b111 V
b11111111111111111111111111111010 7
b1 <
b111 .
b111 K
b111101111100000 0
b111101111100000 L
b111010010110000 1
b111010010110000 M
1*
b11100000100 6
0)
#17965
b1111110010 $
b1111110010 I
b1111110010 R
1)
b1000111100 E
b100110110 @
b100 >
b11100000100 4
b1010111000 3
1(
b101001101 B
b1010110101 9
b1111111010 +
#17970
0!
b0 Z
b10 Y
b0 U
b0 J
b0 [
b0 W
b0 V
b11111111111111111111111111110010 7
b0 :
b0 .
b0 K
b0 0
b0 L
b0 1
b0 M
0*
0/
b11100000101 6
0)
#17975
1)
b1111110010 +
12
#17980
1!
b1 J
b1 \
b1 X
b1111 U
b1 :
b1000 .
b1000 K
b111011100011111 0
b111011100011111 L
b1000000000011111 1
b1000000000011111 M
1*
1/
b11100000110 6
0)
#17985
b1 $
b1 I
b1 R
1)
b1000111101 E
b100101000 A
b100 >
b11100000110 4
b1010111001 3
1(
b10 ?
b101001110 B
b1010110110 9
02
#17990
0!
b0 J
b0 \
b0 X
b0 U
b1 7
b0 :
b0 .
b0 K
b0 0
b0 L
b0 1
b0 M
0*
0/
b11100000111 6
0)
#17995
1)
b1 +
12
#18000
b11100001000 6
0)
#18005
1)
#18010
1!
b1 :
1*
b11100001001 6
0)
#18015
0"
0T
1)
0(
b11 ?
b1010110111 9
02
#18020
b1 Z
b1111001000 \
b11001000 X
b1110111001 J
b1111110001 [
b11110001 W
b111 U
b101 V
b0 7
b0 <
b1001 .
b1001 K
b1010100111011000 0
b1010100111011000 L
b1100010101111010 1
b1100010101111010 M
0*
1/
b11100001010 6
0)
#18025
0!
1"
b1110111001 $
b1110111001 I
b1110111001 R
1T
1)
b100110111 @
b100 >
b11100001010 4
1(
b1010111010 3
#18030
b0 Z
b11 Y
b101 \
b101 X
b1011 U
b101 J
b0 [
b0 W
b1001 V
b11111111111111111111111110111001 7
b1 <
b0 :
b1010 .
b1010 K
b1101001100001111 0
b1101001100001111 L
b1001111100101011 1
b1001111100101011 M
b11100001011 6
0)
#18035
1)
b1101010111 F
b1110111001 +
12
#18040
b11100001100 6
0)
#18045
1)
b1101011000 F
#18050
b11100001101 6
0)
#18055
1)
b1101011001 F
#18060
b11100001110 6
0)
#18065
1)
b1101011010 F
#18070
b11100001111 6
0)
#18075
1)
b1101011011 F
#18080
b11100010000 6
0)
#18085
1)
b1101011100 F
#18090
b11100010001 6
0)
#18095
1)
b1101011101 F
#18100
b11100010010 6
0)
#18105
1)
b1101011110 F
#18110
b11100010011 6
0)
#18115
1)
b1101011111 F
#18120
b11100010100 6
0)
#18125
1)
b1101100000 F
#18130
b11100010101 6
0)
#18135
1)
b1101100001 F
#18140
b11100010110 6
0)
#18145
1)
b1101100010 F
#18150
b11100010111 6
0)
#18155
1)
b1101100011 F
#18160
b11100011000 6
0)
#18165
1)
b1101100100 F
#18170
b11100011001 6
0)
#18175
1)
b1101100101 F
#18180
b11100011010 6
0)
#18185
1)
b1101100110 F
#18190
1!
b1 :
1*
b11100011011 6
0)
#18195
b101 $
b101 I
b101 R
1)
b1000111110 E
b100 >
b11100011011 4
b1010111011 3
1(
b10001 ?
b101001111 B
b1010111000 9
02
#18200
b1 Z
b111 [
b111 W
b1000 J
b1 \
b1 X
b1 U
b111 V
b101 7
b1011 .
b1011 K
b1000011100010001 0
b1000011100010001 L
b111000000010000 1
b111000000010000 M
b11100011100 6
0)
#18205
b1000 $
b1000 I
b1000 R
1)
b1000111111 E
b100111000 @
b100 >
b11100011100 4
b1010111100 3
1(
b1 ?
b1010111001 9
b101 +
#18210
b0 Z
b10 Y
b10000 \
b10000 X
b1100 U
b10000 J
b0 [
b0 W
b101 V
b1000 7
b1100 .
b1100 K
b1011101100001100 0
b1011101100001100 L
b1111010110101100 1
b1111010110101100 M
b11100011101 6
0)
#18215
b10000 $
b10000 I
b10000 R
1)
b1001000000 E
b100 >
b11100011101 4
b1010111101 3
1(
b1010111010 9
b1000 +
#18220
b1 Z
b111 [
b111 W
b11111 J
b11000 \
b11000 X
b1010 U
b1111 V
b10000 7
b1101 .
b1101 K
b1010001110011100 0
b1010001110011100 L
b1000111110100100 1
b1000111110100100 M
b11100011110 6
0)
#18225
b11111 $
b11111 I
b11111 R
1)
b1001000001 E
b100101001 A
b100 >
b11100011110 4
b1010111110 3
1(
b1010111011 9
b10000 +
#18230
b0 Z
b0 \
b0 X
b0 U
b0 J
b0 [
b0 W
b0 V
b11111 7
b0 .
b0 K
b0 0
b0 L
b0 1
b0 M
0/
b11100011111 6
0)
#18235
0"
0T
1)
0(
b1010111100 9
b11111 +
#18240
b1111111111 J
b1111111111 [
b11111111 W
b1111 V
b11 Y
b0 7
b0 <
b1110 .
b1110 K
b1111111100011111 0
b1111111100011111 L
b1111000011110000 1
b1111000011110000 M
1/
b11100100000 6
0)
#18245
1"
b1111111111 $
b1111111111 I
b1111111111 R
1T
1)
b100 >
b11100100000 4
1(
b1010111111 3
#18250
b10 Y
b0 J
b0 [
b0 W
b0 V
b11111111111111111111111111111111 7
b1 <
b0 .
b0 K
b0 0
b0 L
b0 1
b0 M
0/
b11100100001 6
0)
#18255
0"
0T
1)
0(
b101010000 B
b1010111101 9
b1111111111 +
#18260
b1 Z
b11 Y
b10 \
b10 X
b1111100110 J
b1111100100 [
b11100100 W
b1 U
b111 V
b0 7
b0 <
b1111 .
b1111 K
b11001111000010 0
b11001111000010 L
b111111000011110 1
b111111000011110 M
1/
b11100100010 6
0)
#18265
1"
b1111100110 $
b1111100110 I
b1111100110 R
1T
1)
b100111001 @
b100 >
b11100100010 4
1(
b1011000000 3
#18270
0!
b0 Z
b10 Y
b1111111011 \
b11111011 X
b1111 U
b1111100111 J
b1111101100 [
b11101100 W
b1100 V
b11111111111111111111111111100110 7
b1 <
b0 :
b0 .
b0 K
b1001110101010101 0
b1001110101010101 L
b1000110000001111 1
b1000110000001111 M
0*
b11100100011 6
0)
#18275
1)
b1101100111 F
b1111100110 +
12
#18280
1!
b1 :
1*
b11100100100 6
0)
#18285
b1111100111 $
b1111100111 I
b1111100111 R
1)
b1001000010 E
b100101010 A
b100 >
b11100100100 4
b1011000001 3
1(
b10 ?
b101010001 B
b1010111110 9
02
#18290
b0 U
b1 Z
b0 \
b0 X
b0 J
b0 [
b0 W
b0 V
b11111111111111111111111111100111 7
b1 .
b1 K
b1111100000001 0
b1111100000001 L
b1000000000001111 1
b1000000000001111 M
b11100100101 6
0)
#18295
b0 $
b0 I
b0 R
1)
b1001000011 E
b100101011 A
b100 >
b11100100101 4
b1011000010 3
1(
b1 ?
b101010010 B
b1010111111 9
b1111100111 +
#18300
b0 Z
b11 Y
b1111111001 [
b11111001 W
b1111110101 J
b1111111100 \
b11111100 X
b1111 U
b1 V
b0 7
b10 .
b10 K
b111000010010100 0
b111000010010100 L
b1000101001111 1
b1000101001111 M
b11100100110 6
0)
#18305
b1111110101 $
b1111110101 I
b1111110101 R
1)
b1001000100 E
b100 >
b11100100110 4
b1011000011 3
1(
b1011000000 9
b0 +
#18310
b1 Z
b1111111110 \
b11111110 X
b1110 U
b10000 J
b10010 [
b10010 W
b11 V
b11111111111111111111111111110101 7
b11 .
b11 K
b1010001101100001 0
b1010001101100001 L
b11011011100010 1
b11011011100010 M
b11100100111 6
0)
#18315
b10000 $
b10000 I
b10000 R
1)
b1001000101 E
b100 >
b11100100111 4
b1011000100 3
1(
b101010011 B
b1011000001 9
b1111110101 +
#18320
0!
b0 Z
b10 Y
b0 \
b0 X
b0 U
b0 J
b0 [
b0 W
b111 V
b10000 7
b0 :
b100 .
b100 K
b100000000000 0
b100000000000 L
b1011101110000 1
b1011101110000 M
0*
b11100101000 6
0)
#18325
1)
b1101101000 F
b10000 +
12
#18330
1!
b1 :
1*
b11100101001 6
0)
#18335
b0 $
b0 I
b0 R
1)
b1001000110 E
b100111011 @
b100 >
b11100101001 4
b1011000101 3
1(
b10 ?
b1011000010 9
02
#18340
b1 Z
b1111110010 \
b11110010 X
b1 J
b1111 [
b1111 W
b10 U
b11 V
b0 7
b101 .
b101 K
b1111000101011001 0
b1111000101011001 L
b101001100101001 1
b101001100101001 M
b11100101010 6
0)
#18345
b1 $
b1 I
b1 R
1)
b1001000111 E
b100 >
b11100101010 4
b1011000110 3
1(
b1 ?
b1011000011 9
b0 +
#18350
0!
b0 Z
b11 Y
b1111111010 \
b11111010 X
b1111010111 J
b1111011101 [
b11011101 W
b1011 V
b1 7
b0 :
b110 .
b110 K
b11101101111101 0
b11101101111101 L
b1011011100100010 1
b1011011100100010 M
0*
b11100101011 6
0)
#18355
1)
b1101101001 F
b1 +
12
#18360
1!
b1 :
1*
b11100101100 6
0)
#18365
b1111010111 $
b1111010111 I
b1111010111 R
1)
b1001001000 E
b100111100 @
b100 >
b11100101100 4
b1011000111 3
1(
b10 ?
b1011000100 9
02
#18370
b1 Z
b0 \
b0 X
b0 U
b0 J
b0 [
b0 W
b1000 V
b11111111111111111111111111010111 7
b111 .
b111 K
b1000100000111 0
b1000100000111 L
b1000000100000111 1
b1000000100000111 M
b11100101101 6
0)
#18375
b0 $
b0 I
b0 R
1)
b1001001001 E
b100101100 A
b100111101 @
b100 >
b11100101101 4
b1011001000 3
1(
b1 ?
b101010100 B
b1011000101 9
b1111010111 +
#18380
0!
b0 Z
b10 Y
b1100 [
b1100 W
b1000 J
b1111111100 \
b11111100 X
b1 U
b1100 V
b0 7
b0 :
b1000 .
b1000 K
b11110111011100 0
b11110111011100 L
b10110001010001 1
b10110001010001 M
0*
b11100101110 6
0)
#18385
1)
b1101101010 F
b0 +
12
#18390
1!
b1 :
1*
b11100101111 6
0)
#18395
b1000 $
b1000 I
b1000 R
1)
b1001001010 E
b100 >
b11100101111 4
b1011001001 3
1(
b10 ?
b1011000110 9
02
#18400
b0 \
b0 X
b0 U
b0 J
b0 [
b0 W
b0 V
b1000 7
b0 .
b0 K
b0 0
b0 L
b0 1
b0 M
0/
b11100110000 6
0)
#18405
0"
0T
1)
0(
b1 ?
b1011000111 9
b1000 +
#18410
b110001 \
b110001 X
b1001 U
b1 Z
b110100 J
b11 [
b11 W
b1111 V
b0 7
b0 <
b1001 .
b1001 K
b101100111011001 0
b101100111011001 L
b10111110010000 1
b10111110010000 M
0*
1/
b11100110001 6
0)
#18415
0!
1"
b110100 $
b110100 I
b110100 R
1T
1)
b100 >
b11100110001 4
1(
b1011001010 3
#18420
b0 Z
b11 Y
b1111111111 \
b11111111 X
b1 U
b1111111111 J
b0 [
b0 W
b0 V
b110100 7
b1 <
b0 :
b1010 .
b1010 K
b100010001111 0
b100010001111 L
b11101110001 1
b11101110001 M
b11100110010 6
0)
#18425
1)
b1101101011 F
b110100 +
12
#18430
1!
b1 :
1*
b11100110011 6
0)
#18435
b1111111111 $
b1111111111 I
b1111111111 R
1)
b1001001011 E
b100111111 @
b100 >
b11100110011 4
b1011001011 3
1(
b10 ?
b1011001000 9
02
#18440
b1 Z
b10000 \
b10000 X
b100 U
b1111110000 J
b1111100000 [
b11100000 W
b1000 V
b11111111111111111111111111111111 7
b1011 .
b1011 K
b100110101000100 0
b100110101000100 L
b1000000001000110 1
b1000000001000110 M
b11100110100 6
0)
#18445
b1111110000 $
b1111110000 I
b1111110000 R
1)
b1001001100 E
b100101101 A
b100 >
b11100110100 4
b1011001100 3
1(
b1 ?
b101010101 B
b1011001001 9
b1111111111 +
#18450
0!
b0 Z
b10 Y
b1111110000 \
b11110000 X
b1000 U
b100 J
b10100 [
b10100 W
b1011 V
b11111111111111111111111111110000 7
b0 :
b1100 .
b1100 K
b1110100111000010 0
b1110100111000010 L
b10101100111000 1
b10101100111000 M
0*
b11100110101 6
0)
#18455
1)
b1101101100 F
b1111110000 +
12
#18460
1!
b1 :
1*
b11100110110 6
0)
#18465
b100 $
b100 I
b100 R
1)
b1001001101 E
b100101110 A
b100 >
b11100110110 4
b1011001101 3
1(
b10 ?
b101010110 B
b1011001010 9
02
#18470
b1 Z
b1000 \
b1000 X
b1000 U
b1 J
b1111111001 [
b11111001 W
b1111 V
b100 7
b1101 .
b1101 K
b1000000001111111 0
b1000000001111111 L
b1111111110000111 1
b1111111110000111 M
b11100110111 6
0)
#18475
b1 $
b1 I
b1 R
1)
b1001001110 E
b100101111 A
b101000000 @
b100 >
b11100110111 4
b1011001110 3
1(
b1 ?
b1011001011 9
b100 +
#18480
b0 Z
b111 V
b11 Y
b1111011101 [
b11011101 W
b1111011001 J
b1111111100 \
b11111100 X
b1110 U
b1 7
b1110 .
b1110 K
b10100110110010 0
b10100110110010 L
b111111111111110 1
b111111111111110 M
b11100111000 6
0)
#18485
b1111011001 $
b1111011001 I
b1111011001 R
1)
b1001001111 E
b101000001 @
b100 >
b11100111000 4
b1011001111 3
1(
b1011001100 9
b1 +
#18490
b10 Y
b0 \
b0 X
b0 U
b0 J
b0 [
b0 W
b0 V
b11111111111111111111111111011001 7
b0 .
b0 K
b0 0
b0 L
b0 1
b0 M
0/
b11100111001 6
0)
#18495
0"
0T
1)
0(
b101010111 B
b1011001101 9
b1111011001 +
#18500
b0 7
b0 <
b11100111010 6
0)
#18505
1)
#18510
b1 Z
b11 Y
b1111110100 \
b11110100 X
b1111101110 J
b1111111010 [
b11111010 W
b110 U
b1111 V
b1111 .
b1111 K
b101000101101110 0
b101000101101110 L
b1111101101101010 1
b1111101101101010 M
1/
b11100111011 6
0)
#18515
1"
b1111101110 $
b1111101110 I
b1111101110 R
1T
1)
b100 >
b11100111011 4
1(
b1011010000 3
#18520
0!
b0 Z
b10 Y
b0 \
b0 X
b0 U
b111 J
b111 [
b111 W
b111 V
b11111111111111111111111111101110 7
b1 <
b0 :
b0 .
b0 K
b1011100010000 0
b1011100010000 L
b1000011110000000 1
b1000011110000000 M
0*
b11100111100 6
0)
#18525
1)
b1101101101 F
b1111101110 +
12
#18530
b11100111101 6
0)
#18535
1)
b1101101110 F
#18540
1!
b1 :
1*
b11100111110 6
0)
#18545
b111 $
b111 I
b111 R
1)
b1001010000 E
b101000010 @
b100110001 A
b100 >
b11100111110 4
b1011010001 3
1(
b11 ?
b101011000 B
b1011001110 9
02
#18550
0!
b0 J
b0 [
b0 W
b0 V
b111 7
b0 :
b0 0
b0 L
b0 1
b0 M
0*
0/
b11100111111 6
0)
#18555
1)
b111 +
12
#18560
b11101000000 6
0)
#18565
1)
#18570
b1 Z
b1111110010 \
b11110010 X
b1111110001 J
b1111111111 [
b11111111 W
b10 U
b1111 V
b1 .
b1 K
b111000000011001 0
b111000000011001 L
b100111100101111 1
b100111100101111 M
1/
b11101000001 6
0)
#18575
1)
b1101101111 F
#18580
b11101000010 6
0)
#18585
1)
b1101110000 F
#18590
b11101000011 6
0)
#18595
1)
b1101110001 F
#18600
b11101000100 6
0)
#18605
1)
b1101110010 F
#18610
b11101000101 6
0)
#18615
1)
b1101110011 F
#18620
b11101000110 6
0)
#18625
1)
b1101110100 F
#18630
b11101000111 6
0)
#18635
1)
b1101110101 F
#18640
b11101001000 6
0)
#18645
1)
b1101110110 F
#18650
b11101001001 6
0)
#18655
1)
b1101110111 F
#18660
b11101001010 6
0)
#18665
1)
b1101111000 F
#18670
b11101001011 6
0)
#18675
1)
b1101111001 F
#18680
b11101001100 6
0)
#18685
1)
b1101111010 F
#18690
b11101001101 6
0)
#18695
1)
b1101111011 F
#18700
b11101001110 6
0)
#18705
1)
b1101111100 F
#18710
b11101001111 6
0)
#18715
1)
b1101111101 F
#18720
1!
b1 :
1*
b11101010000 6
0)
#18725
b1111110001 $
b1111110001 I
b1111110001 R
1)
b1001010001 E
b100 >
b11101010000 4
b1011010010 3
1(
b10010 ?
b1011001111 9
02
#18730
b0 Z
b0 \
b0 X
b0 U
b0 J
b0 [
b0 W
b0 V
b11111111111111111111111111110001 7
b0 .
b0 K
b0 0
b0 L
b0 1
b0 M
0/
b11101010001 6
0)
#18735
0"
0T
1)
0(
b1 ?
b101011001 B
b1011010000 9
b1111110001 +
#18740
b0 7
b0 <
b11101010010 6
0)
#18745
1)
#18750
b11 Y
b11100 \
b11100 X
b1111110010 J
b1111010110 [
b11010110 W
b111 U
b1001 V
b10 .
b10 K
b1101111101100100 0
b1101111101100100 L
b1001100001100111 1
b1001100001100111 M
0*
1/
b11101010011 6
0)
#18755
0!
1"
b1111110010 $
b1111110010 I
b1111110010 R
1T
1)
b100110010 A
b101000011 @
b100 >
b11101010011 4
1(
b1011010011 3
#18760
1!
b1 Z
b111 \
b111 X
b1 U
b1111111111 J
b1111111000 [
b11111000 W
b1 V
b11111111111111111111111111110010 7
b1 <
b11 .
b11 K
b1000010000111 0
b1000010000111 L
b1111100011111 1
b1111100011111 M
1*
b11101010100 6
0)
#18765
b1111111111 $
b1111111111 I
b1111111111 R
1)
b1001010010 E
b100 >
b11101010100 4
b1011010100 3
1(
b101011010 B
b1011010001 9
b1111110010 +
#18770
b0 Z
b10 Y
b0 \
b0 X
b0 U
b0 J
b0 [
b0 W
b0 V
b11111111111111111111111111111111 7
b0 .
b0 K
b0 0
b0 L
b0 1
b0 M
0/
b11101010101 6
0)
#18775
0"
0T
1)
0(
b101011011 B
b1011010010 9
b1111111111 +
#18780
b0 7
b0 <
b11101010110 6
0)
#18785
1)
#18790
b110000 \
b110000 X
b1100 J
b1111011100 [
b11011100 W
b1010 U
b110 V
b100 .
b100 K
b1010101010101000 0
b1010101010101000 L
b1110011000011010 1
b1110011000011010 M
1/
b11101010111 6
0)
#18795
1"
b1100 $
b1100 I
b1100 R
1T
1)
b100 >
b11101010111 4
1(
b1011010101 3
#18800
0!
b1 Z
b1111 \
b1111 X
b11 U
b1111011111 J
b1111010000 [
b11010000 W
b1000 V
b1100 7
b1 <
b0 :
b101 .
b101 K
b11000101100101 0
b11000101100101 L
b101100000111101 1
b101100000111101 M
0*
b11101011000 6
0)
#18805
1)
b1101111110 F
b1100 +
12
#18810
1!
b1 :
1*
b11101011001 6
0)
#18815
b1111011111 $
b1111011111 I
b1111011111 R
1)
b1001010011 E
b100110011 A
b100 >
b11101011001 4
b1011010110 3
1(
b10 ?
b1011010011 9
02
#18820
b0 Z
b11 Y
b1 \
b1 X
b1111 U
b1001 J
b1000 [
b1000 W
b1000 V
b11111111111111111111111111011111 7
b110 .
b110 K
b1000000111111111 0
b1000000111111111 L
b1000011100001111 1
b1000011100001111 M
b11101011010 6
0)
#18825
b1001 $
b1001 I
b1001 R
1)
b1001010100 E
b100110100 A
b101000100 @
b100 >
b11101011010 4
b1011010111 3
1(
b1 ?
b101011100 B
b1011010100 9
b1111011111 +
#18830
b1 Z
b100 \
b100 X
b1 U
b1 J
b1111111101 [
b11111101 W
b1111 V
b1001 7
b111 .
b111 K
b1000110100 0
b1000110100 L
b1111111000010011 1
b1111111000010011 M
b11101011011 6
0)
#18835
b1 $
b1 I
b1 R
1)
b1001010101 E
b100 >
b11101011011 4
b1011011000 3
1(
b1011010101 9
b1001 +
#18840
b0 Z
b10 Y
b11 \
b11 X
b1 U
b1001 J
b110 [
b110 W
b11 V
b1 7
b1000 .
b1000 K
b10110000100011 0
b10110000100011 L
b1011001110100001 1
b1011001110100001 M
b11101011100 6
0)
#18845
b1001 $
b1001 I
b1001 R
1)
b1001010110 E
b100 >
b11101011100 4
b1011011001 3
1(
b1011010110 9
b1 +
#18850
0!
b1 Z
b0 \
b0 X
b0 U
b0 J
b0 [
b0 W
b111 V
b1001 7
b0 :
b1001 .
b1001 K
b1011100001000 0
b1011100001000 L
b1011100001000 1
b1011100001000 M
0*
b11101011101 6
0)
#18855
1)
b1101111111 F
b1001 +
12
#18860
1!
b1 :
1*
b11101011110 6
0)
#18865
b0 $
b0 I
b0 R
1)
b1001010111 E
b101000101 @
b100110101 A
b100 >
b11101011110 4
b1011011010 3
1(
b10 ?
b1011010111 9
02
#18870
b0 Z
b11 Y
b11000 [
b11000 W
b0 J
b1111101000 \
b11101000 X
b1000 U
b110 V
b0 7
b1010 .
b1010 K
b1111000001000011 0
b1111000001000011 L
b110111011011000 1
b110111011011000 M
b11101011111 6
0)
#18875
1)
b1001011000 E
b100110110 A
b100 >
b11101011111 4
b1011011011 3
1(
b1 ?
b1011011000 9
b0 +
#18880
b1 Z
b1111010110 \
b11010110 X
b110 U
b1110111110 J
b1111101000 [
b11101000 W
b11 V
b1011 .
b1011 K
b1111010010001001 0
b1111010010001001 L
b11110101101101 1
b11110101101101 M
b11101100000 6
0)
#18885
b1110111110 $
b1110111110 I
b1110111110 R
1)
b1001011001 E
b100 >
b11101100000 4
b1011011100 3
1(
b1011011001 9
#18890
0!
b0 Z
b10 Y
b0 \
b0 X
b0 U
b1111111000 J
b1111111000 [
b11111000 W
b1000 V
b11111111111111111111111110111110 7
b0 :
b1100 .
b1100 K
b1111011100011111 0
b1111011100011111 L
b1100000010000 1
b1100000010000 M
0*
b11101100001 6
0)
#18895
1)
b1110000000 F
b1110111110 +
12
#18900
1!
b1 :
1*
b11101100010 6
0)
#18905
b1111111000 $
b1111111000 I
b1111111000 R
1)
b1001011010 E
b100110111 A
b100 >
b11101100010 4
b1011011101 3
1(
b10 ?
b101011101 B
b1011011010 9
02
#18910
0!
b1 Z
b0 \
b0 X
b1010 U
b1100 J
b1100 [
b1100 W
b1101 V
b11111111111111111111111111111000 7
b0 :
b1101 .
b1101 K
b10110111000000 0
b10110111000000 L
b1101110110101101 1
b1101110110101101 M
0*
b11101100011 6
0)
#18915
1)
b1110000001 F
b1111111000 +
12
#18920
1!
b1 :
1*
b11101100100 6
0)
#18925
b1100 $
b1100 I
b1100 R
1)
b1001011011 E
b100 >
b11101100100 4
b1011011110 3
1(
b101011110 B
b1011011011 9
02
#18930
0!
b0 Z
b11 Y
b1111111100 \
b11111100 X
b1 U
b1111111100 J
b0 [
b0 W
b1011 V
b1100 7
b0 :
b1110 .
b1110 K
b1000100001100 0
b1000100001100 L
b1011011111000001 1
b1011011111000001 M
0*
b11101100101 6
0)
#18935
1)
b1110000010 F
b1100 +
12
#18940
1!
b1 :
1*
b11101100110 6
0)
#18945
b1111111100 $
b1111111100 I
b1111111100 R
1)
b1001011100 E
b101000110 @
b100 >
b11101100110 4
b1011011111 3
1(
b1011011100 9
02
#18950
0!
b1 Z
b1111111111 [
b11111111 W
b1111111000 J
b1111111001 \
b11111001 X
b1111 U
b1111 V
b11111111111111111111111111111100 7
b0 :
b1111 .
b1111 K
b1111000000010111 0
b1111000000010111 L
b1111111111110111 1
b1111111111110111 M
0*
b11101100111 6
0)
#18955
1)
b1110000011 F
b1111111100 +
12
#18960
b11101101000 6
0)
#18965
1)
b1110000100 F
#18970
1!
b1 :
1*
b11101101001 6
0)
#18975
b1111111000 $
b1111111000 I
b1111111000 R
1)
b1001011101 E
b101000111 @
b100 >
b11101101001 4
b1011100000 3
1(
b11 ?
b101011111 B
b1011011101 9
02
#18980
0!
b0 Z
b10 Y
b1100 \
b1100 X
b1100 U
b1111011011 J
b1111001111 [
b11001111 W
b111 V
b11111111111111111111111111111000 7
b0 :
b0 .
b0 K
b1010101110011101 0
b1010101110011101 L
b110011100111100 1
b110011100111100 M
0*
b11101101010 6
0)
#18985
1)
b1110000101 F
b1111111000 +
12
#18990
1!
b1 :
1*
b11101101011 6
0)
#18995
b1111011011 $
b1111011011 I
b1111011011 R
1)
b1001011110 E
b101001000 @
b100 >
b11101101011 4
b1011100001 3
1(
b10 ?
b101100000 B
b1011011110 9
02
#19000
b0 \
b0 X
b0 U
b0 J
b0 [
b0 W
b0 V
b11111111111111111111111111011011 7
b0 0
b0 L
b0 1
b0 M
0/
b11101101100 6
0)
#19005
0"
0T
1)
0(
b1 ?
b101100001 B
b1011011111 9
b1111011011 +
#19010
b0 7
b0 <
b11101101101 6
0)
#19015
1)
#19020
b1 Z
b1100 J
b1100 \
b1100 X
b1100 U
b1 .
b1 K
b1111100010001101 0
b1111100010001101 L
b1010000011001001 1
b1010000011001001 M
1/
b11101101110 6
0)
#19025
1"
b1100 $
b1100 I
b1100 R
1T
1)
b100 >
b11101101110 4
1(
b1011100010 3
#19030
0!
b0 Z
b11 Y
b111 \
b111 X
b1 U
b0 J
b1111111001 [
b11111001 W
b1111 V
b1100 7
b1 <
b0 :
b10 .
b10 K
b11101110111 0
b11101110111 L
b1111000110000001 1
b1111000110000001 M
0*
b11101101111 6
0)
#19035
1)
b1110000110 F
b1100 +
12
#19040
1!
b1 :
1*
b11101110000 6
0)
#19045
b0 $
b0 I
b0 R
1)
b1001011111 E
b100111000 A
b100 >
b11101110000 4
b1011100011 3
1(
b10 ?
b1011100000 9
02
#19050
b10 Y
b0 \
b0 X
b0 U
b0 J
b0 [
b0 W
b0 V
b0 7
b0 .
b0 K
b0 0
b0 L
b0 1
b0 M
0/
b11101110001 6
0)
#19055
0"
0T
1)
0(
b1 ?
b1011100001 9
b0 +
#19060
b1 Z
b11 Y
b1111101000 \
b11101000 X
b1111011100 J
b1111110100 [
b11110100 W
b1000 U
b10 V
b0 <
b11 .
b11 K
b1000101010100011 0
b1000101010100011 L
b10110010000010 1
b10110010000010 M
1/
b11101110010 6
0)
#19065
1"
b1111011100 $
b1111011100 I
b1111011100 R
1T
1)
b100111001 A
b100 >
b11101110010 4
1(
b1011100100 3
#19070
b0 Z
b10 Y
b0 \
b0 X
b1011 U
b1111111101 J
b1111111101 [
b11111101 W
b1101 V
b11111111111111111111111111011100 7
b1 <
b100 .
b100 K
b1110101000010000 0
b1110101000010000 L
b1110110011011 1
b1110110011011 M
b11101110011 6
0)
#19075
b1111111101 $
b1111111101 I
b1111111101 R
1)
b1001100000 E
b100 >
b11101110011 4
b1011100101 3
1(
b101100010 B
b1011100010 9
b1111011100 +
#19080
0!
b0 U
b0 J
b0 [
b0 W
b0 V
b11111111111111111111111111111101 7
b0 :
b0 .
b0 K
b0 0
b0 L
b0 1
b0 M
0*
0/
b11101110100 6
0)
#19085
1)
b1111111101 +
12
#19090
b1 Z
b1000 J
b1000 \
b1000 X
b1111 U
b101 .
b101 K
b111000010001000 0
b111000010001000 L
b1111000011110001 1
b1111000011110001 M
1/
b11101110101 6
0)
#19095
1)
b1110000111 F
#19100
b11101110110 6
0)
#19105
1)
b1110001000 F
#19110
b11101110111 6
0)
#19115
1)
b1110001001 F
#19120
b11101111000 6
0)
#19125
1)
b1110001010 F
#19130
b11101111001 6
0)
#19135
1)
b1110001011 F
#19140
b11101111010 6
0)
#19145
1)
b1110001100 F
#19150
b11101111011 6
0)
#19155
1)
b1110001101 F
#19160
b11101111100 6
0)
#19165
1)
b1110001110 F
#19170
b11101111101 6
0)
#19175
1)
b1110001111 F
#19180
b11101111110 6
0)
#19185
1)
b1110010000 F
#19190
b11101111111 6
0)
#19195
1)
b1110010001 F
#19200
b11110000000 6
0)
#19205
1)
b1110010010 F
#19210
b11110000001 6
0)
#19215
1)
b1110010011 F
#19220
b11110000010 6
0)
#19225
1)
b1110010100 F
#19230
b11110000011 6
0)
#19235
1)
b1110010101 F
#19240
b11110000100 6
0)
#19245
1)
b1110010110 F
#19250
1!
b1 :
1*
b11110000101 6
0)
#19255
b1000 $
b1000 I
b1000 R
1)
b1001100001 E
b100 >
b11110000101 4
b1011100110 3
1(
b10010 ?
b101100011 B
b1011100011 9
02
#19260
b0 Z
b11 Y
b100 \
b100 X
b1 U
b1111101100 J
b1111101000 [
b11101000 W
b1100 V
b1000 7
b110 .
b110 K
b110010001100100 0
b110010001100100 L
b1100011110100001 1
b1100011110100001 M
b11110000110 6
0)
#19265
b1111101100 $
b1111101100 I
b1111101100 R
1)
b1001100010 E
b101001001 @
b100 >
b11110000110 4
b1011100111 3
1(
b1 ?
b1011100100 9
b1000 +
#19270
b10 Y
b0 \
b0 X
b0 U
b0 J
b0 [
b0 W
b0 V
b11111111111111111111111111101100 7
b0 .
b0 K
b0 0
b0 L
b0 1
b0 M
0/
b11110000111 6
0)
#19275
0"
0T
1)
0(
b101100100 B
b1011100101 9
b1111101100 +
#19280
b1 Z
b11 Y
b1 J
b1 \
b1 X
b1111 U
b0 7
b0 <
b111 .
b111 K
b100000111001111 0
b100000111001111 L
b11111110 1
b11111110 M
1/
b11110001000 6
0)
#19285
1"
b1 $
b1 I
b1 R
1T
1)
b100 >
b11110001000 4
1(
b1011101000 3
#19290
b0 Z
b10 Y
b1111111000 \
b11111000 X
b1000 U
b1111111000 J
b0 [
b0 W
b1000 V
b1 7
b1 <
b1000 .
b1000 K
b1111000100000001 0
b1111000100000001 L
b111100001111000 1
b111100001111000 M
b11110001001 6
0)
#19295
b1111111000 $
b1111111000 I
b1111111000 R
1)
b1001100011 E
b101001011 @
b100111011 A
b100 >
b11110001001 4
b1011101001 3
1(
b1011100110 9
b1 +
#19300
b1 Z
b10000 [
b10000 W
b101100 J
b11100 \
b11100 X
b111 U
b11111111111111111111111111111000 7
b1001 .
b1001 K
b11110111100100 0
b11110111100100 L
b11100001110011 1
b11100001110011 M
b11110001010 6
0)
#19305
b101100 $
b101100 I
b101100 R
1)
b1001100100 E
b100111100 A
b101001100 @
b100 >
b11110001010 4
b1011101010 3
1(
b101100101 B
b1011100111 9
b1111111000 +
#19310
b0 Z
b0 \
b0 X
b0 U
b0 J
b0 [
b0 W
b0 V
b101100 7
b0 .
b0 K
b0 0
b0 L
b0 1
b0 M
0/
b11110001011 6
0)
#19315
0"
0T
1)
0(
b1011101000 9
b101100 +
#19320
b11 Y
b100011 \
b100011 X
b101111 J
b1100 [
b1100 W
b111 U
b1100 V
b0 7
b0 <
b1010 .
b1010 K
b1110011111010101 0
b1110011111010101 L
b1100110101000111 1
b1100110101000111 M
1/
b11110001100 6
0)
#19325
1"
b101111 $
b101111 I
b101111 R
1T
1)
b101001101 @
b100 >
b11110001100 4
1(
b1011101011 3
#19330
b1 Z
b1111001000 \
b11001000 X
b1111001000 J
b0 [
b0 W
b1111 V
b101111 7
b1 <
b1011 .
b1011 K
b1000 0
b1000 L
b1111000001110111 1
b1111000001110111 M
b11110001101 6
0)
#19335
b1111001000 $
b1111001000 I
b1111001000 R
1)
b1001100101 E
b101001111 @
b100 >
b11110001101 4
b1011101100 3
1(
b1011101001 9
b101111 +
#19340
b1011 U
b0 Z
b10 Y
b1010 \
b1010 X
b1100 J
b10 [
b10 W
b1 V
b11111111111111111111111111001000 7
b1100 .
b1100 K
b1000010100101110 0
b1000010100101110 L
b100000101111011 1
b100000101111011 M
b11110001110 6
0)
#19345
b1100 $
b1100 I
b1100 R
1)
b1001100110 E
b101010000 @
b100 >
b11110001110 4
b1011101101 3
1(
b101100110 B
b1011101010 9
b1111001000 +
#19350
b1 Z
b0 \
b0 X
b0 U
b1111111100 J
b1111111100 [
b11111100 W
b1100 V
b1100 7
b1101 .
b1101 K
b101101100011101 0
b101101100011101 L
b1100110000000001 1
b1100110000000001 M
b11110001111 6
0)
#19355
b1111111100 $
b1111111100 I
b1111111100 R
1)
b1001100111 E
b100 >
b11110001111 4
b1011101110 3
1(
b1011101011 9
b1100 +
#19360
b0 Z
b11 Y
b1111111000 \
b11111000 X
b1 U
b101001 J
b110001 [
b110001 W
b111 V
b11111111111111111111111111111100 7
b1110 .
b1110 K
b111000101111000 0
b111000101111000 L
b111000100010001 1
b111000100010001 M
b11110010000 6
0)
#19365
b101001 $
b101001 I
b101001 R
1)
b1001101000 E
b101010001 @
b100 >
b11110010000 4
b1011101111 3
1(
b101100111 B
b1011101100 9
b1111111100 +
#19370
b1 Z
b1000 \
b1000 X
b10 U
b1000 J
b0 [
b0 W
b101 V
b101001 7
b1111 .
b1111 K
b1011110000000100 0
b1011110000000100 L
b101111100101100 1
b101111100101100 M
b11110010001 6
0)
#19375
b1000 $
b1000 I
b1000 R
1)
b1001101001 E
b100 >
b11110010001 4
b1011110000 3
1(
b1011101101 9
b101001 +
#19380
0!
b0 Z
b10 Y
b1111101110 [
b11101110 W
b1111110100 J
b110 \
b110 X
b1101 U
b1101 V
b1000 7
b0 :
b0 .
b0 K
b1011011101101110 0
b1011011101101110 L
b111110111101101 1
b111110111101101 M
0*
b11110010010 6
0)
#19385
1)
b1110010111 F
b1000 +
12
#19390
b11110010011 6
0)
#19395
1)
b1110011000 F
#19400
b11110010100 6
0)
#19405
1)
b1110011001 F
#19410
b11110010101 6
0)
#19415
1)
b1110011010 F
#19420
1!
b1 :
1*
b11110010110 6
0)
#19425
b1111110100 $
b1111110100 I
b1111110100 R
1)
b1001101010 E
b101010010 @
b100 >
b11110010110 4
b1011110001 3
1(
b101 ?
b1011101110 9
02
#19430
b1 Z
b1111111001 \
b11111001 X
b111 U
b1111110001 J
b1111111000 [
b11111000 W
b1 V
b11111111111111111111111111110100 7
b1 .
b1 K
b1111110001111 0
b1111110001111 L
b1000000101111000 1
b1000000101111000 M
b11110010111 6
0)
#19435
b1111110001 $
b1111110001 I
b1111110001 R
1)
b1001101011 E
b101010011 @
b100111110 A
b100 >
b11110010111 4
b1011110010 3
1(
b1 ?
b101101000 B
b1011101111 9
b1111110100 +
#19440
0!
b0 Z
b11 Y
b1111111010 \
b11111010 X
b1110 U
b1111110001 J
b1111110111 [
b11110111 W
b1101 V
b11111111111111111111111111110001 7
b0 :
b10 .
b10 K
b111101100110011 0
b111101100110011 L
b1101111100011110 1
b1101111100011110 M
0*
b11110011000 6
0)
#19445
1)
b1110011011 F
b1111110001 +
12
#19450
1!
b1 :
1*
b11110011001 6
0)
#19455
1)
b1001101100 E
b100 >
b11110011001 4
b1011110011 3
1(
b10 ?
b101101001 B
b1011110000 9
02
#19460
0!
b1 Z
b0 \
b0 X
b1101 U
b10100 J
b10100 [
b10100 W
b1100 V
b0 :
b11 .
b11 K
b1001100110110000 0
b1001100110110000 L
b1100000111011010 1
b1100000111011010 M
0*
b11110011010 6
0)
#19465
1)
b1110011100 F
12
#19470
b11110011011 6
0)
#19475
1)
b1110011101 F
#19480
1!
b1 :
1*
b11110011100 6
0)
#19485
b10100 $
b10100 I
b10100 R
1)
b1001101101 E
b100 >
b11110011100 4
b1011110100 3
1(
b11 ?
b101101010 B
b1011110001 9
02
#19490
b0 Z
b10 Y
b0 U
b0 J
b0 [
b0 W
b0 V
b10100 7
b0 .
b0 K
b0 0
b0 L
b0 1
b0 M
0/
b11110011101 6
0)
#19495
0"
0T
1)
0(
b1 ?
b1011110010 9
b10100 +
#19500
b111 U
b111 V
b0 7
b0 <
b100 .
b100 K
b100000000000 0
b100000000000 L
b1000011101110111 1
b1000011101110111 M
1/
b11110011110 6
0)
#19505
1"
b0 $
b0 I
b0 R
1T
1)
b100111111 A
b101010110 @
b100 >
b11110011110 4
1(
b1011110101 3
#19510
0!
b1101 U
b1 Z
b1111111101 J
b1111111101 \
b11111101 X
b0 V
b1 <
b0 :
b101 .
b101 K
b11111101100001 0
b11111101100001 L
b1000000011010111 1
b1000000011010111 M
0*
b11110011111 6
0)
#19515
1)
b1110011110 F
b0 +
12
#19520
b11110100000 6
0)
#19525
1)
b1110011111 F
#19530
b11110100001 6
0)
#19535
1)
b1110100000 F
#19540
1!
b1 :
1*
b11110100010 6
0)
#19545
b1111111101 $
b1111111101 I
b1111111101 R
1)
b1001101110 E
b101000000 A
b101010111 @
b100 >
b11110100010 4
b1011110110 3
1(
b100 ?
b1011110011 9
02
#19550
b0 Z
b11 Y
b1000 \
b1000 X
b1111 U
b1101 J
b101 [
b101 W
b1111 V
b11111111111111111111111111111101 7
b110 .
b110 K
b1011001010111000 0
b1011001010111000 L
b1111101101011111 1
b1111101101011111 M
b11110100011 6
0)
#19555
b1101 $
b1101 I
b1101 R
1)
b1001101111 E
b100 >
b11110100011 4
b1011110111 3
1(
b1 ?
b101101011 B
b1011110100 9
b1111111101 +
#19560
b1 Z
b111 \
b111 X
b1 U
b111 J
b0 [
b0 W
b111 V
b1101 7
b111 .
b111 K
b100000000111 0
b100000000111 L
b111100000010001 1
b111100000010001 M
b11110100100 6
0)
#19565
b111 $
b111 I
b111 R
1)
b1001110000 E
b101011000 @
b101000001 A
b100 >
b11110100100 4
b1011111000 3
1(
b1011110101 9
b1101 +
#19570
b0 Z
b10 Y
b10100 [
b10100 W
b11000 J
b100 \
b100 X
b100 U
b100 V
b111 7
b1000 .
b1000 K
b110101001010001 0
b110101001010001 L
b1111010001010100 1
b1111010001010100 M
b11110100101 6
0)
#19575
b11000 $
b11000 I
b11000 R
1)
b1001110001 E
b100 >
b11110100101 4
b1011111001 3
1(
b1011110110 9
b111 +
#19580
b1 Z
b100011 \
b100011 X
b111 U
b100011 J
b0 [
b0 W
b0 V
b11000 7
b1001 .
b1001 K
b1001111001010101 0
b1001111001010101 L
b1101000001110101 1
b1101000001110101 M
b11110100110 6
0)
#19585
b100011 $
b100011 I
b100011 R
1)
b1001110010 E
b101011001 @
b100 >
b11110100110 4
b1011111010 3
1(
b1011110111 9
b11000 +
#19590
0!
b1111 U
b0 Z
b11 Y
b1111111001 \
b11111001 X
b1111111010 J
b1 [
b1 W
b1111 V
b100011 7
b0 :
b1010 .
b1010 K
b1000111111110111 0
b1000111111110111 L
b1111000101111111 1
b1111000101111111 M
0*
b11110100111 6
0)
#19595
1)
b1110100001 F
b100011 +
12
#19600
1!
b1 :
1*
b11110101000 6
0)
#19605
b1111111010 $
b1111111010 I
b1111111010 R
1)
b1001110011 E
b101011010 @
b100 >
b11110101000 4
b1011111011 3
1(
b10 ?
b1011111000 9
02
#19610
0!
b1 Z
b1111101000 \
b11101000 X
b11 U
b1111101000 J
b0 [
b0 W
b1000 V
b11111111111111111111111111111010 7
b0 :
b1011 .
b1011 K
b1101011100001000 0
b1101011100001000 L
b1000010100111010 1
b1000010100111010 M
0*
b11110101001 6
0)
#19615
1)
b1110100010 F
b1111111010 +
12
#19620
b11110101010 6
0)
#19625
1)
b1110100011 F
#19630
b11110101011 6
0)
#19635
1)
b1110100100 F
#19640
b11110101100 6
0)
#19645
1)
b1110100101 F
#19650
b11110101101 6
0)
#19655
1)
b1110100110 F
#19660
b11110101110 6
0)
#19665
1)
b1110100111 F
#19670
b11110101111 6
0)
#19675
1)
b1110101000 F
#19680
b11110110000 6
0)
#19685
1)
b1110101001 F
#19690
b11110110001 6
0)
#19695
1)
b1110101010 F
#19700
b11110110010 6
0)
#19705
1)
b1110101011 F
#19710
b11110110011 6
0)
#19715
1)
b1110101100 F
#19720
b11110110100 6
0)
#19725
1)
b1110101101 F
#19730
b11110110101 6
0)
#19735
1)
b1110101110 F
#19740
b11110110110 6
0)
#19745
1)
b1110101111 F
#19750
b11110110111 6
0)
#19755
1)
b1110110000 F
#19760
b11110111000 6
0)
#19765
1)
b1110110001 F
#19770
b11110111001 6
0)
#19775
1)
b1110110010 F
#19780
1!
b1 :
1*
b11110111010 6
0)
#19785
b1111101000 $
b1111101000 I
b1111101000 R
1)
b1001110100 E
b101000010 A
b100 >
b11110111010 4
b1011111100 3
1(
b10010 ?
b101101100 B
b1011111001 9
02
#19790
0!
b0 Z
b10 Y
b1000 [
b1000 W
b1111111110 J
b1111110110 \
b11110110 X
b1110 U
b1100 V
b11111111111111111111111111101000 7
b0 :
b1100 .
b1100 K
b100110011100101 0
b100110011100101 L
b1110001111110 1
b1110001111110 M
0*
b11110111011 6
0)
#19795
1)
b1110110011 F
b1111101000 +
12
#19800
1!
b1 :
1*
b11110111100 6
0)
#19805
b1111111110 $
b1111111110 I
b1111111110 R
1)
b1001110101 E
b101011011 @
b100 >
b11110111100 4
b1011111101 3
1(
b10 ?
b101101101 B
b1011111010 9
02
#19810
0!
b1 Z
b0 \
b0 X
b0 U
b0 J
b0 [
b0 W
b1000 V
b11111111111111111111111111111110 7
b0 :
b1101 .
b1101 K
b1111111100000001 0
b1111111100000001 L
b1100000001000 1
b1100000001000 M
0*
b11110111101 6
0)
#19815
1)
b1110110100 F
b1111111110 +
12
#19820
b11110111110 6
0)
#19825
1)
b1110110101 F
#19830
1!
b1 :
1*
b11110111111 6
0)
#19835
b0 $
b0 I
b0 R
1)
b1001110110 E
b101000100 A
b100 >
b11110111111 4
b1011111110 3
1(
b11 ?
b101101110 B
b1011111011 9
02
#19840
0!
b0 Z
b11 Y
b11000 [
b11000 W
b11111 J
b111 \
b111 X
b1111 U
b1100 V
b0 7
b0 :
b1110 .
b1110 K
b1001000110101001 0
b1001000110101001 L
b1100101000101111 1
b1100101000101111 M
0*
b11111000000 6
0)
#19845
1)
b1110110110 F
b0 +
12
#19850
1!
b1 :
1*
b11111000001 6
0)
#19855
b11111 $
b11111 I
b11111 R
1)
b1001110111 E
b100 >
b11111000001 4
b1011111111 3
1(
b10 ?
b1011111100 9
02
#19860
b1 Z
b1111111010 \
b11111010 X
b1 U
b11000 J
b11110 [
b11110 W
b1011 V
b11111 7
b1111 .
b1111 K
b1000000110101010 0
b1000000110101010 L
b1011110100010001 1
b1011110100010001 M
b11111000010 6
0)
#19865
b11000 $
b11000 I
b11000 R
1)
b1001111000 E
b100 >
b11111000010 4
b1100000000 3
1(
b1 ?
b1011111101 9
b11111 +
#19870
0!
b0 Z
b10 Y
b0 \
b0 X
b0 U
b1111111111 J
b1111111111 [
b11111111 W
b1111 V
b11000 7
b0 :
b0 .
b0 K
b1000100000011111 0
b1000100000011111 L
b1111101110000 1
b1111101110000 M
0*
b11111000011 6
0)
#19875
1)
b1110110111 F
b11000 +
12
#19880
1!
b1 :
1*
b11111000100 6
0)
#19885
b1111111111 $
b1111111111 I
b1111111111 R
1)
b1001111001 E
b101011100 @
b100 >
b11111000100 4
b1100000001 3
1(
b10 ?
b1011111110 9
02
#19890
0!
b0 J
b0 [
b0 W
b0 V
b11111111111111111111111111111111 7
b0 :
b0 0
b0 L
b0 1
b0 M
0*
0/
b11111000101 6
0)
#19895
1)
b1111111111 +
12
#19900
b1 Z
b100 \
b100 X
b1111100001 J
b1111011101 [
b11011101 W
b1 U
b111 V
b1 .
b1 K
b1111010110110100 0
b1111010110110100 L
b110011100010110 1
b110011100010110 M
1/
b11111000110 6
0)
#19905
1)
b1110111000 F
#19910
1!
b1 :
1*
b11111000111 6
0)
#19915
b1111100001 $
b1111100001 I
b1111100001 R
1)
b1001111010 E
b101011101 @
b100 >
b11111000111 4
b1100000010 3
1(
b11 ?
b101101111 B
b1011111111 9
02
#19920
0!
b0 Z
b11 Y
b10000 \
b10000 X
b100 U
b101100 J
b11100 [
b11100 W
b111 V
b11111111111111111111111111100001 7
b0 :
b10 .
b10 K
b1011000001000100 0
b1011000001000100 L
b111001011100100 1
b111001011100100 M
0*
b11111001000 6
0)
#19925
1)
b1110111001 F
b1111100001 +
12
#19930
1!
b1 :
1*
b11111001001 6
0)
#19935
b101100 $
b101100 I
b101100 R
1)
b1001111011 E
b101011110 @
b100 >
b11111001001 4
b1100000011 3
1(
b10 ?
b101110000 B
b1100000000 9
02
#19940
0!
b1 Z
b1111001000 \
b11001000 X
b1000 U
b1111001000 J
b0 [
b0 W
b0 V
b101100 7
b0 :
b11 .
b11 K
b1000101110111 0
b1000101110111 L
b110001111 1
b110001111 M
0*
b11111001010 6
0)
#19945
1)
b1110111010 F
b101100 +
12
#19950
1!
b1 :
1*
b11111001011 6
0)
#19955
b1111001000 $
b1111001000 I
b1111001000 R
1)
b1001111100 E
b101000101 A
b100 >
b11111001011 4
b1100000100 3
1(
b1100000001 9
02
#19960
0!
b0 Z
b10 Y
b0 J
b0 \
b0 X
b0 U
b11111111111111111111111111001000 7
b0 :
b0 .
b0 K
b0 0
b0 L
b0 1
b0 M
0*
0/
b11111001100 6
0)
#19965
1)
b1111001000 +
12
#19970
b10000 J
b10000 [
b10000 W
b1100 V
b100 .
b100 K
b1111000011000101 0
b1111000011000101 L
b1101110000110000 1
b1101110000110000 M
1/
b11111001101 6
0)
#19975
1)
b1110111011 F
#19980
1!
b1 :
1*
b11111001110 6
0)
#19985
b10000 $
b10000 I
b10000 R
1)
b1001111101 E
b100 >
b11111001110 4
b1100000101 3
1(
b11 ?
b101110001 B
b1100000010 9
02
#19990
b1 Z
b111000 \
b111000 X
b1000 U
b1010110 J
b11110 [
b11110 W
b101 V
b10000 7
b101 .
b101 K
b110000101101001 0
b110000101101001 L
b1010010110001011 1
b1010010110001011 M
b11111001111 6
0)
#19995
b1010110 $
b1010110 I
b1010110 R
1)
b1001111110 E
b101000110 A
b100 >
b11111001111 4
b1100000110 3
1(
b1 ?
b1100000011 9
b10000 +
#20000
b0 Z
b11 Y
b0 \
b0 X
b1111111111 J
b1111111111 [
b11111111 W
b1 V
b1010110 7
b110 .
b110 K
b1100011110000 0
b1100011110000 L
b1100010001000 1
b1100010001000 M
b11111010000 6
0)
#20005
b1111111111 $
b1111111111 I
b1111111111 R
1)
b1001111111 E
b101001001 A
b100 >
b11111010000 4
b1100000111 3
1(
b1100000100 9
b1010110 +
#20010
0!
b1 Z
b100000 \
b100000 X
b1100 U
b1010000 J
b110000 [
b110000 W
b1010 V
b11111111111111111111111111111111 7
b0 :
b111 .
b111 K
b1111110010001000 0
b1111110010001000 L
b1010011111000011 1
b1010011111000011 M
0*
b11111010001 6
0)
#20015
1)
b1110111100 F
b1111111111 +
12
#20020
1!
b1 :
1*
b11111010010 6
0)
#20025
b1010000 $
b1010000 I
b1010000 R
1)
b1010000000 E
b101011111 @
b100 >
b11111010010 4
b1100001000 3
1(
b10 ?
b101110010 B
b1100000101 9
02
#20030
b0 Z
b10 Y
b0 \
b0 X
b0 U
b0 J
b0 [
b0 W
b0 V
b1010000 7
b0 .
b0 K
b0 0
b0 L
b0 1
b0 M
0/
b11111010011 6
0)
#20035
0"
0T
1)
0(
b1 ?
b1100000110 9
b1010000 +
#20040
b11000 \
b11000 X
b10110 J
b1111111110 [
b11111110 W
b1010 U
b1110 V
b0 7
b0 <
b1000 .
b1000 K
b110010100011100 0
b110010100011100 L
b1010111010101010 1
b1010111010101010 M
0*
1/
b11111010100 6
0)
#20045
0!
1"
b10110 $
b10110 I
b10110 R
1T
1)
b100 >
b11111010100 4
1(
b1100001001 3
#20050
1!
b1 Z
b1000 \
b1000 X
b1111 U
b1 J
b1111111001 [
b11111001 W
b111 V
b10110 7
b1 <
b1001 .
b1001 K
b1111100011111000 0
b1111100011111000 L
b11111110000 1
b11111110000 M
1*
b11111010101 6
0)
#20055
b1 $
b1 I
b1 R
1)
b1010000001 E
b101100000 @
b100 >
b11111010101 4
b1100001010 3
1(
b1100000111 9
b10110 +
#20060
b0 Z
b0 \
b0 X
b0 U
b0 J
b0 [
b0 W
b0 V
b1 7
b0 .
b0 K
b0 0
b0 L
b0 1
b0 M
0/
b11111010110 6
0)
#20065
0"
0T
1)
0(
b1100001000 9
b1 +
#20070
b11 Y
b1111100111 \
b11100111 X
b1111001110 J
b1111100111 [
b11100111 W
b101 U
b1011 V
b0 7
b0 <
b1010 .
b1010 K
b1110101001011011 0
b1110101001011011 L
b1011100100010101 1
b1011100100010101 M
1/
b11111010111 6
0)
#20075
1"
b1111001110 $
b1111001110 I
b1111001110 R
1T
1)
b100 >
b11111010111 4
1(
b1100001011 3
#20080
b1 Z
b100011 \
b100011 X
b111 U
b111011 J
b11000 [
b11000 W
b1101 V
b11111111111111111111111111001110 7
b1 <
b1011 .
b1011 K
b110000110000101 0
b110000110000101 L
b1101000101110000 1
b1101000101110000 M
b11111011000 6
0)
#20085
b111011 $
b111011 I
b111011 R
1)
b1010000010 E
b101100001 @
b100 >
b11111011000 4
b1100001100 3
1(
b101110011 B
b1100001001 9
b1111001110 +
#20090
b0 Z
b10 Y
b0 \
b0 X
b1111 U
b0 J
b0 [
b0 W
b0 V
b111011 7
b1100 .
b1100 K
b1000100011110000 0
b1000100011110000 L
b1111000000001111 1
b1111000000001111 M
b11111011001 6
0)
#20095
b0 $
b0 I
b0 R
1)
b1010000011 E
b100 >
b11111011001 4
b1100001101 3
1(
b1100001010 9
b111011 +
#20100
b1 Z
b1111110110 \
b11110110 X
b10 U
b1111110100 J
b1111111110 [
b11111110 W
b1111 V
b0 7
b1101 .
b1101 K
b1000100101011 0
b1000100101011 L
b11111100100111 1
b11111100100111 M
b11111011010 6
0)
#20105
b1111110100 $
b1111110100 I
b1111110100 R
1)
b1010000100 E
b101100010 @
b100 >
b11111011010 4
b1100001110 3
1(
b1100001011 9
b0 +
#20110
0!
b0 Z
b11 Y
b1111111101 \
b11111101 X
b11 U
b1111111101 J
b0 [
b0 W
b0 V
b11111111111111111111111111110100 7
b0 :
b1110 .
b1110 K
b11001011111 0
b11001011111 L
b10111110011 1
b10111110011 M
0*
b11111011011 6
0)
#20115
1)
b1110111101 F
b1111110100 +
12
#20120
1!
b1 :
1*
b11111011100 6
0)
#20125
b1111111101 $
b1111111101 I
b1111111101 R
1)
b1010000101 E
b100 >
b11111011100 4
b1100001111 3
1(
b10 ?
b101110100 B
b1100001100 9
02
#20130
b1 Z
b110001 \
b110001 X
b111 U
b110010 J
b1 [
b1 W
b1111 V
b11111111111111111111111111111101 7
b1111 .
b1111 K
b1000100011110111 0
b1000100011110111 L
b1111011101111111 1
b1111011101111111 M
b11111011101 6
0)
#20135
b110010 $
b110010 I
b110010 R
1)
b1010000110 E
b101100100 @
b100 >
b11111011101 4
b1100010000 3
1(
b1 ?
b101110101 B
b1100001101 9
b1111111101 +
#20140
0!
b0 Z
b10 Y
b0 \
b0 X
b0 U
b1100 J
b1100 [
b1100 W
b11 V
b110010 7
b0 :
b0 .
b0 K
b1101011001001110 0
b1101011001001110 L
b1111010000 1
b1111010000 M
0*
b11111011110 6
0)
#20145
1)
b1110111110 F
b110010 +
12
#20150
b11111011111 6
0)
#20155
1)
b1110111111 F
#20160
b11111100000 6
0)
#20165
1)
b1111000000 F
#20170
b11111100001 6
0)
#20175
1)
b1111000001 F
#20180
b11111100010 6
0)
#20185
1)
b1111000010 F
#20190
b11111100011 6
0)
#20195
1)
b1111000011 F
#20200
b11111100100 6
0)
#20205
1)
b1111000100 F
#20210
b11111100101 6
0)
#20215
1)
b1111000101 F
#20220
b11111100110 6
0)
#20225
1)
b1111000110 F
#20230
b11111100111 6
0)
#20235
1)
b1111000111 F
#20240
b11111101000 6
0)
#20245
1)
b1111001000 F
#20250
b11111101001 6
0)
#20255
1)
b1111001001 F
#20260
b11111101010 6
0)
#20265
1)
b1111001010 F
#20270
b11111101011 6
0)
#20275
1)
b1111001011 F
#20280
b11111101100 6
0)
#20285
1)
b1111001100 F
#20290
b11111101101 6
0)
#20295
1)
b1111001101 F
#20300
b11111101110 6
0)
#20305
1)
b1111001110 F
#20310
b11111101111 6
0)
#20315
1)
b1111001111 F
#20320
1!
b1 :
1*
b11111110000 6
0)
#20325
b1100 $
b1100 I
b1100 R
1)
b1010000111 E
b100 >
b11111110000 4
b1100010001 3
1(
b10011 ?
b1100001110 9
02
#20330
0!
b1 Z
b111 \
b111 X
b1 U
b1111101110 J
b1111100111 [
b11100111 W
b1011 V
b1100 7
b0 :
b1 .
b1 K
b1110100101010111 0
b1110100101010111 L
b1101101100011011 1
b1101101100011011 M
0*
b11111110001 6
0)
#20335
1)
b1111010000 F
b1100 +
12
#20340
1!
b1 :
1*
b11111110010 6
0)
#20345
b1111101110 $
b1111101110 I
b1111101110 R
1)
b1010001000 E
b100 >
b11111110010 4
b1100010010 3
1(
b10 ?
b1100001111 9
02
#20350
b0 Z
b11 Y
b0 \
b0 X
b1111111001 J
b1111111001 [
b11111001 W
b111 V
b11111111111111111111111111101110 7
b10 .
b10 K
b1000011110000 0
b1000011110000 L
b111000100010001 1
b111000100010001 M
b11111110011 6
0)
#20355
b1111111001 $
b1111111001 I
b1111111001 R
1)
b1010001001 E
b101100101 @
b100 >
b11111110011 4
b1100010011 3
1(
b1 ?
b101110110 B
b1100010000 9
b1111101110 +
#20360
b10 Y
b0 U
b0 J
b0 [
b0 W
b0 V
b11111111111111111111111111111001 7
b0 .
b0 K
b0 0
b0 L
b0 1
b0 M
0/
b11111110100 6
0)
#20365
0"
0T
1)
0(
b101110111 B
b1100010001 9
b1111111001 +
#20370
b0 7
b0 <
b11111110101 6
0)
#20375
1)
#20380
b1 Z
b11 Y
b1111110000 \
b11110000 X
b1111111000 J
b1000 [
b1000 W
b100 U
b100 V
b11 .
b11 K
b1001011000101100 0
b1001011000101100 L
b100111001000100 1
b100111001000100 M
1/
b11111110110 6
0)
#20385
1"
b1111111000 $
b1111111000 I
b1111111000 R
1T
1)
b100 >
b11111110110 4
1(
b1100010100 3
#20390
0!
b0 Z
b10 Y
b1111101110 \
b11101110 X
b1010 U
b1111101110 J
b0 [
b0 W
b1010 V
b11111111111111111111111111111000 7
b1 <
b0 :
b100 .
b100 K
b111011000000011 0
b111011000000011 L
b1101101011111010 1
b1101101011111010 M
0*
b11111110111 6
0)
#20395
1)
b1111010001 F
b1111111000 +
12
#20400
b11111111000 6
0)
#20405
1)
b1111010010 F
#20410
1!
b1 :
1*
b11111111001 6
0)
#20415
b1111101110 $
b1111101110 I
b1111101110 R
1)
b1010001010 E
b100 >
b11111111001 4
b1100010101 3
1(
b11 ?
b101111000 B
b1100010010 9
02
#20420
b1 Z
b1 [
b1 W
b1 J
b0 \
b0 X
b0 U
b1111 V
b11111111111111111111111111101110 7
b101 .
b101 K
b111011111110111 0
b111011111110111 L
b111100000000 1
b111100000000 M
b11111111010 6
0)
#20425
b1 $
b1 I
b1 R
1)
b1010001011 E
b100 >
b11111111010 4
b1100010110 3
1(
b1 ?
b101111001 B
b1100010011 9
b1111101110 +
#20430
b0 Z
b11 Y
b1111110100 \
b11110100 X
b1010 U
b1111010001 J
b1111011101 [
b11011101 W
b111 V
b1 7
b110 .
b110 K
b1100110010110010 0
b1100110010110010 L
b111111011001010 1
b111111011001010 M
b11111111011 6
0)
#20435
b1111010001 $
b1111010001 I
b1111010001 R
1)
b1010001100 E
b101100110 @
b100 >
b11111111011 4
b1100010111 3
1(
b1100010100 9
b1 +
#20440
b1 Z
b1111110100 \
b11110100 X
b10 U
b1111110100 J
b0 [
b0 W
b1 V
b11111111111111111111111111010001 7
b111 .
b111 K
b100111000001010 0
b100111000001010 L
b1000100101111 1
b1000100101111 M
b11111111100 6
0)
#20445
b1111110100 $
b1111110100 I
b1111110100 R
1)
b1010001101 E
b100 >
b11111111100 4
b1100011000 3
1(
b101111010 B
b1100010101 9
b1111010001 +
#20450
b0 Z
b111 V
b10 Y
b1111001000 [
b11001000 W
b1111000000 J
b1111111000 \
b11111000 X
b1000 U
b11111111111111111111111111110100 7
b1000 .
b1000 K
b1000110000001 0
b1000110000001 L
b1011100011000 1
b1011100011000 M
b11111111101 6
0)
#20455
b1111000000 $
b1111000000 I
b1111000000 R
1)
b1010001110 E
b101100111 @
b101001010 A
b100 >
b11111111101 4
b1100011001 3
1(
b101111011 B
b1100010110 9
b1111110100 +
#20460
b1011 U
b1 Z
b0 \
b0 X
b1 J
b1 [
b1 W
b1111 V
b11111111111111111111111111000000 7
b1001 .
b1001 K
b1011100011110000 0
b1011100011110000 L
b100111110111000 1
b100111110111000 M
b11111111110 6
0)
#20465
b1 $
b1 I
b1 R
1)
b1010001111 E
b101001011 A
b100 >
b11111111110 4
b1100011010 3
1(
b101111100 B
b1100010111 9
b1111000000 +
#20470
b0 Z
b11 Y
b100100 \
b100100 X
b110 U
b100011 J
b1111111111 [
b11111111 W
b1111 V
b1 7
b1010 .
b1010 K
b1001111000010110 0
b1001111000010110 L
b1111101001010110 1
b1111101001010110 M
b11111111111 6
0)
#20475
b100011 $
b100011 I
b100011 R
1)
b1010010000 E
b100 >
b11111111111 4
b1100011011 3
1(
b1100011000 9
b1 +
#20480
b1 Z
b1 \
b1 X
b1111 U
b1000001 J
b1000000 [
b1000000 W
b1000 V
b100011 7
b1011 .
b1011 K
b1111110001111 0
b1111110001111 L
b1000100011110000 1
b1000100011110000 M
b100000000000 6
0)
#20485
b1000001 $
b1000001 I
b1000001 R
1)
b1010010001 E
b101001101 A
b100 >
b100000000000 4
b1100011100 3
1(
b1100011001 9
b100011 +
#20490
0!
b0 Z
b10 Y
b0 \
b0 X
b1100 U
b1111110100 J
b1111110100 [
b11110100 W
b1100 V
b1000001 7
b0 :
b1100 .
b1100 K
b1101010000110000 0
b1101010000110000 L
b110110001001100 1
b110110001001100 M
0*
b100000000001 6
0)
#20495
1)
b1111010011 F
b1000001 +
12
#20500
b100000000010 6
0)
#20505
1)
b1111010100 F
#20510
1!
b1 :
1*
b100000000011 6
0)
#20515
b1111110100 $
b1111110100 I
b1111110100 R
1)
b1010010010 E
b100 >
b100000000011 4
b1100011101 3
1(
b11 ?
b1100011010 9
02
#20520
0!
b1 Z
b1100 \
b1100 X
b1010 U
b1110 J
b10 [
b10 W
b10 V
b11111111111111111111111111110100 7
b0 :
b1101 .
b1101 K
b1001001000011110 0
b1001001000011110 L
b101001010101110 1
b101001010101110 M
0*
b100000000100 6
0)
#20525
1)
b1111010101 F
b1111110100 +
12
#20530
1!
b1 :
1*
b100000000101 6
0)
#20535
b1110 $
b1110 I
b1110 R
1)
b1010010011 E
b100 >
b100000000101 4
b1100011110 3
1(
b10 ?
b101111101 B
b1100011011 9
02
#20540
b0 Z
b11 Y
b1000 \
b1000 X
b1111 U
b1000 J
b0 [
b0 W
b1000 V
b1110 7
b1110 .
b1110 K
b1000 0
b1000 L
b1000111100001111 1
b1000111100001111 M
b100000000110 6
0)
#20545
b1000 $
b1000 I
b1000 R
1)
b1010010100 E
b101001110 A
b100 >
b100000000110 4
b1100011111 3
1(
b1 ?
b1100011100 9
b1110 +
#20550
b1 Z
b100100 [
b100100 W
b1000010 J
b11110 \
b11110 X
b101 U
b110 V
b1000 7
b1111 .
b1111 K
b1011001001100110 0
b1011001001100110 L
b110011001010000 1
b110011001010000 M
b100000000111 6
0)
#20555
b1000010 $
b1000010 I
b1000010 R
1)
b1010010101 E
b100 >
b100000000111 4
b1100100000 3
1(
b1100011101 9
b1000 +
#20560
b0 Z
b10 Y
b110 \
b110 X
b1101 U
b1010 J
b100 [
b100 W
b1111 V
b1000010 7
b0 .
b0 K
b111111011001110 0
b111111011001110 L
b1100111110111101 1
b1100111110111101 M
b100000001000 6
0)
#20565
b1010 $
b1010 I
b1010 R
1)
b1010010110 E
b100 >
b100000001000 4
b1100100001 3
1(
b1100011110 9
b1000010 +
#20570
b0 \
b0 X
b0 U
b0 J
b0 [
b0 W
b0 V
b1010 7
b0 0
b0 L
b0 1
b0 M
0/
b100000001001 6
0)
#20575
0"
0T
1)
0(
b1100011111 9
b1010 +
#20580
b111 J
b111 \
b111 X
b111 U
b1 Z
b0 7
b0 <
b1 .
b1 K
b1000011110000001 0
b1000011110000001 L
b1000001110000 1
b1000001110000 M
0*
1/
b100000001010 6
0)
#20585
0!
1"
b111 $
b111 I
b111 R
1T
1)
b101101000 @
b100 >
b100000001010 4
1(
b1100100010 3
#20590
1!
b0 Z
b11 Y
b1111101110 \
b11101110 X
b1101 U
b11110 J
b110000 [
b110000 W
b1010 V
b111 7
b1 <
b10 .
b10 K
b111100010000110 0
b111100010000110 L
b1010101001101101 1
b1010101001101101 M
1*
b100000001011 6
0)
#20595
b11110 $
b11110 I
b11110 R
1)
b1010010111 E
b100 >
b100000001011 4
b1100100011 3
1(
b1100100000 9
b111 +
#20600
b1 Z
b11000 \
b11000 X
b1010 U
b11111 J
b111 [
b111 W
b1111 V
b11110 7
b11 .
b11 K
b1111010110011100 0
b1111010110011100 L
b1111010110100101 1
b1111010110100101 M
b100000001100 6
0)
#20605
b11111 $
b11111 I
b11111 R
1)
b1010011000 E
b100 >
b100000001100 4
b1100100100 3
1(
b1100100001 9
b11110 +
#20610
0!
b0 Z
b10 Y
b0 \
b0 X
b0 U
b1111111000 J
b1111111000 [
b11111000 W
b1 V
b11111 7
b0 :
b100 .
b100 K
b1000111110000001 0
b1000111110000001 L
b1000100000000 1
b1000100000000 M
0*
b100000001101 6
0)
#20615
1)
b1111010110 F
b11111 +
12
#20620
b100000001110 6
0)
#20625
1)
b1111010111 F
#20630
1!
b1 :
1*
b100000001111 6
0)
#20635
b1111111000 $
b1111111000 I
b1111111000 R
1)
b1010011001 E
b100 >
b100000001111 4
b1100100101 3
1(
b11 ?
b1100100010 9
02
#20640
b1 Z
b111 \
b111 X
b1001 U
b10001 J
b1010 [
b1010 W
b101 V
b11111111111111111111111111111000 7
b101 .
b101 K
b1000100000101111 0
b1000100000101111 L
b1110010110010010 1
b1110010110010010 M
b100000010000 6
0)
#20645
b10001 $
b10001 I
b10001 R
1)
b1010011010 E
b100 >
b100000010000 4
b1100100110 3
1(
b1 ?
b101111110 B
b1100100011 9
b1111111000 +
#20650
0!
b0 Z
b0 \
b0 X
b0 U
b0 J
b0 [
b0 W
b0 V
b10001 7
b0 :
b0 .
b0 K
b0 0
b0 L
b0 1
b0 M
0*
0/
b100000010001 6
0)
#20655
1)
b10001 +
12
#20660
b11 Y
b1111011101 \
b11011101 X
b1111110010 J
b10101 [
b10101 W
b1011 U
b111 V
b110 .
b110 K
b100101100110111 0
b100101100110111 L
b111010110011011 1
b111010110011011 M
1/
b100000010010 6
0)
#20665
1)
b1111011000 F
#20670
b100000010011 6
0)
#20675
1)
b1111011001 F
#20680
b100000010100 6
0)
#20685
1)
b1111011010 F
#20690
b100000010101 6
0)
#20695
1)
b1111011011 F
#20700
b100000010110 6
0)
#20705
1)
b1111011100 F
#20710
b100000010111 6
0)
#20715
1)
b1111011101 F
#20720
b100000011000 6
0)
#20725
1)
b1111011110 F
#20730
b100000011001 6
0)
#20735
1)
b1111011111 F
#20740
b100000011010 6
0)
#20745
1)
b1111100000 F
#20750
b100000011011 6
0)
#20755
1)
b1111100001 F
#20760
b100000011100 6
0)
#20765
1)
b1111100010 F
#20770
b100000011101 6
0)
#20775
1)
b1111100011 F
#20780
b100000011110 6
0)
#20785
1)
b1111100100 F
#20790
b100000011111 6
0)
#20795
1)
b1111100101 F
#20800
b100000100000 6
0)
#20805
1)
b1111100110 F
#20810
b100000100001 6
0)
#20815
1)
b1111100111 F
#20820
b100000100010 6
0)
#20825
1)
b1111101000 F
#20830
b100000100011 6
0)
#20835
1)
b1111101001 F
#20840
b100000100100 6
0)
#20845
1)
b1111101010 F
#20850
b100000100101 6
0)
#20855
1)
b1111101011 F
#20860
1!
b1 :
1*
b100000100110 6
0)
#20865
b1111110010 $
b1111110010 I
b1111110010 R
1)
b1010011011 E
b101101001 @
b100 >
b100000100110 4
b1100100111 3
1(
b10110 ?
b1100100100 9
02
#20870
0!
b1 Z
b0 \
b0 X
b0 U
b1 J
b1 [
b1 W
b1 V
b11111111111111111111111111110010 7
b0 :
b111 .
b111 K
b1000111100010000 0
b1000111100010000 L
b1100000001111 1
b1100000001111 M
0*
b100000100111 6
0)
#20875
1)
b1111101100 F
b1111110010 +
12
#20880
1!
b1 :
1*
b100000101000 6
0)
#20885
b1 $
b1 I
b1 R
1)
b1010011100 E
b101001111 A
b100 >
b100000101000 4
b1100101000 3
1(
b10 ?
b101111111 B
b1100100101 9
02
#20890
b0 Z
b10 Y
b1111011101 \
b11011101 X
b111 U
b1111001001 J
b1111101100 [
b11101100 W
b1011 V
b1 7
b1000 .
b1000 K
b111101101001011 0
b111101101001011 L
b111101101000111 1
b111101101000111 M
b100000101001 6
0)
#20895
b1111001001 $
b1111001001 I
b1111001001 R
1)
b1010011101 E
b101101011 @
b100 >
b100000101001 4
b1100101001 3
1(
b1 ?
b1100100110 9
b1 +
#20900
0!
b1 Z
b100011 [
b100011 W
b11011 J
b1111111000 \
b11111000 X
b1000 U
b11111111111111111111111111001001 7
b0 :
b1001 .
b1001 K
b10110010001 0
b10110010001 L
b111101110000101 1
b111101110000101 M
0*
b100000101010 6
0)
#20905
1)
b1111101101 F
b1111001001 +
12
#20910
1!
b1 :
1*
b100000101011 6
0)
#20915
b11011 $
b11011 I
b11011 R
1)
b1010011110 E
b101101100 @
b101010000 A
b100 >
b100000101011 4
b1100101010 3
1(
b10 ?
b110000000 B
b1100100111 9
02
#20920
b0 Z
b11 Y
b1000 \
b1000 X
b1000 U
b1000 J
b0 [
b0 W
b0 V
b11011 7
b1010 .
b1010 K
b1000000100011111 0
b1000000100011111 L
b11100011000 1
b11100011000 M
b100000101100 6
0)
#20925
b1000 $
b1000 I
b1000 R
1)
b1010011111 E
b101101101 @
b101010001 A
b100 >
b100000101100 4
b1100101011 3
1(
b1 ?
b1100101000 9
b11011 +
#20930
0!
b1 Z
b111 \
b111 X
b1001 U
b1011 J
b100 [
b100 W
b1 V
b1000 7
b0 :
b1011 .
b1011 K
b101100001001111 0
b101100001001111 L
b1001010010001 1
b1001010010001 M
0*
b100000101101 6
0)
#20935
1)
b1111101110 F
b1000 +
12
#20940
b100000101110 6
0)
#20945
1)
b1111101111 F
#20950
b100000101111 6
0)
#20955
1)
b1111110000 F
#20960
b100000110000 6
0)
#20965
1)
b1111110001 F
#20970
1!
b1 :
1*
b100000110001 6
0)
#20975
b1011 $
b1011 I
b1011 R
1)
b1010100000 E
b100 >
b100000110001 4
b1100101100 3
1(
b101 ?
b1100101001 9
02
#20980
b0 Z
b111 V
b10 Y
b111 [
b111 W
b1111011101 J
b1111010110 \
b11010110 X
b110 U
b1011 7
b1100 .
b1100 K
b1100100000011001 0
b1100100000011001 L
b1011111000110 1
b1011111000110 M
b100000110010 6
0)
#20985
b1111011101 $
b1111011101 I
b1111011101 R
1)
b1010100001 E
b101101110 @
b100 >
b100000110010 4
b1100101101 3
1(
b1 ?
b1100101010 9
b1011 +
#20990
b1 Z
b0 [
b0 W
b1111001000 J
b1111001000 \
b11001000 X
b1000 U
b11111111111111111111111111011101 7
b1101 .
b1101 K
b1011100000111 0
b1011100000111 L
b1000011110000000 1
b1000011110000000 M
b100000110011 6
0)
#20995
b1111001000 $
b1111001000 I
b1111001000 R
1)
b1010100010 E
b101101111 @
b101010011 A
b100 >
b100000110011 4
b1100101110 3
1(
b110000001 B
b1100101011 9
b1111011101 +
#21000
0!
b0 Z
b11 Y
b1111100010 [
b11100010 W
b1111100011 J
b1 \
b1 X
b1111 U
b1011 V
b11111111111111111111111111001000 7
b0 :
b1110 .
b1110 K
b11010001101111 0
b11010001101111 L
b1011110000101111 1
b1011110000101111 M
0*
b100000110100 6
0)
#21005
1)
b1111110010 F
b1111001000 +
12
#21010
1!
b1 :
1*
b100000110101 6
0)
#21015
b1111100011 $
b1111100011 I
b1111100011 R
1)
b1010100011 E
b100 >
b100000110101 4
b1100101111 3
1(
b10 ?
b110000010 B
b1100101100 9
02
#21020
0!
b1 Z
b10010 \
b10010 X
b110 U
b1010 J
b1111111000 [
b11111000 W
b1 V
b11111111111111111111111111100011 7
b0 :
b1111 .
b1111 K
b111000010000011 0
b111000010000011 L
b1110101101100 1
b1110101101100 M
0*
b100000110110 6
0)
#21025
1)
b1111110011 F
b1111100011 +
12
#21030
1!
b1 :
1*
b100000110111 6
0)
#21035
b1010 $
b1010 I
b1010 R
1)
b1010100100 E
b100 >
b100000110111 4
b1100110000 3
1(
b110000011 B
b1100101101 9
02
#21040
b0 Z
b10 Y
b1111111000 \
b11111000 X
b1000 U
b1111110001 J
b1111111001 [
b11111001 W
b111 V
b1010 7
b0 .
b0 K
b100011110001 0
b100011110001 L
b1000011110001000 1
b1000011110001000 M
b100000111000 6
0)
#21045
b1111110001 $
b1111110001 I
b1111110001 R
1)
b1010100101 E
b101110000 @
b101010110 A
b100 >
b100000111000 4
b1100110001 3
1(
b1 ?
b1100101110 9
b1010 +
#21050
0!
b1 Z
b11000 \
b11000 X
b1010 U
b10100 J
b1111111100 [
b11111100 W
b1100 V
b11111111111111111111111111110001 7
b0 :
b1 .
b1 K
b1011100100011100 0
b1011100100011100 L
b100110010100010 1
b100110010100010 M
0*
b100000111001 6
0)
#21055
1)
b1111110100 F
b1111110001 +
12
#21060
1!
b1 :
1*
b100000111010 6
0)
#21065
b10100 $
b10100 I
b10100 R
1)
b1010100110 E
b100 >
b100000111010 4
b1100110010 3
1(
b10 ?
b110000100 B
b1100101111 9
02
#21070
0!
b0 Z
b0 \
b0 X
b0 U
b0 J
b0 [
b0 W
b0 V
b10100 7
b0 :
b0 .
b0 K
b0 0
b0 L
b0 1
b0 M
0*
0/
b100000111011 6
0)
#21075
1)
b10100 +
12
#21080
1!
b1 :
1*
b100000111100 6
0)
#21085
0"
0T
1)
0(
b1100110000 9
02
#21090
b11 Y
b1111110100 \
b11110100 X
b1000 J
b10100 [
b10100 W
b110 U
b1011 V
b0 7
b0 <
b10 .
b10 K
b1111000111001110 0
b1111000111001110 L
b1011011111000110 1
b1011011111000110 M
0*
1/
b100000111101 6
0)
#21095
0!
1"
b1000 $
b1000 I
b1000 R
1T
1)
b101110001 @
b100 >
b100000111101 4
1(
b1100110011 3
#21100
1!
b1 Z
b1111001000 \
b11001000 X
b1000 U
b1111000000 J
b1111111000 [
b11111000 W
b1000 V
b1000 7
b1 <
b11 .
b11 K
b111100010111 0
b111100010111 L
b1000000010001000 1
b1000000010001000 M
1*
b100000111110 6
0)
#21105
b1111000000 $
b1111000000 I
b1111000000 R
1)
b1010100111 E
b101011001 A
b100 >
b100000111110 4
b1100110100 3
1(
b1 ?
b1100110001 9
b1000 +
#21110
b0 Z
b10 Y
b10000 \
b10000 X
b1100 U
b11100 J
b1100 [
b1100 W
b10 V
b11111111111111111111111111000000 7
b100 .
b100 K
b1101100 0
b1101100 L
b100001011011100 1
b100001011011100 M
b100000111111 6
0)
#21115
b11100 $
b11100 I
b11100 R
1)
b1010101000 E
b100 >
b100000111111 4
b1100110101 3
1(
b110000101 B
b1100110010 9
b1111000000 +
#21120
0!
b1 Z
b100 \
b100 X
b1100 U
b1111101100 J
b1111101000 [
b11101000 W
b11 V
b11100 7
b0 :
b101 .
b101 K
b1110101110001111 0
b1110101110001111 L
b1100001111001101 1
b1100001111001101 M
0*
b100001000000 6
0)
#21125
1)
b1111110101 F
b11100 +
12
#21130
b100001000001 6
0)
#21135
1)
b1111110110 F
#21140
1!
b1 :
1*
b100001000010 6
0)
#21145
b1111101100 $
b1111101100 I
b1111101100 R
1)
b1010101001 E
b100 >
b100001000010 4
b1100110110 3
1(
b11 ?
b1100110011 9
02
#21150
b0 Z
b11 Y
b0 \
b0 X
b0 U
b0 J
b0 [
b0 W
b0 V
b11111111111111111111111111101100 7
b110 .
b110 K
b1111000100001000 0
b1111000100001000 L
b10000000 1
b10000000 M
b100001000011 6
0)
#21155
b0 $
b0 I
b0 R
1)
b1010101010 E
b101011010 A
b100 >
b100001000011 4
b1100110111 3
1(
b1 ?
b110000110 B
b1100110100 9
b1111101100 +
#21160
b1 Z
b1111101000 [
b11101000 W
b1111111010 J
b10010 \
b10010 X
b110 U
b1010 V
b0 7
b111 .
b111 K
b1101110101000011 0
b1101110101000011 L
b1010101101101101 1
b1010101101101101 M
b100001000100 6
0)
#21165
b1111111010 $
b1111111010 I
b1111111010 R
1)
b1010101011 E
b100 >
b100001000100 4
b1100111000 3
1(
b1100110101 9
b0 +
#21170
b0 Z
b1000 V
b10 Y
b110000 [
b110000 W
b101000 J
b1111111000 \
b11111000 X
b1110 U
b11111111111111111111111111111010 7
b1000 .
b1000 K
b1111110010100100 0
b1111110010100100 L
b1010100010101110 1
b1010100010101110 M
b100001000101 6
0)
#21175
b101000 $
b101000 I
b101000 R
1)
b1010101100 E
b101011011 A
b100 >
b100001000101 4
b1100111001 3
1(
b110000111 B
b1100110110 9
b1111111010 +
#21180
b1 Z
b1000000 \
b1000000 X
b1000 U
b111000 J
b1111111000 [
b11111000 W
b1 V
b101000 7
b1001 .
b1001 K
b110001000 0
b110001000 L
b1000110000001 1
b1000110000001 M
b100001000110 6
0)
#21185
b111000 $
b111000 I
b111000 R
1)
b1010101101 E
b101011100 A
b100 >
b100001000110 4
b1100111010 3
1(
b1100110111 9
b101000 +
#21190
0!
b0 Z
b0 \
b0 X
b0 U
b0 J
b0 [
b0 W
b0 V
b111000 7
b0 :
b0 .
b0 K
b0 0
b0 L
b0 1
b0 M
0*
0/
b100001000111 6
0)
#21195
1)
b111000 +
12
#21200
b100001001000 6
0)
#21205
1)
#21210
b100001001001 6
0)
#21215
1)
#21220
b100001001010 6
0)
#21225
1)
#21230
b11 Y
b1111110100 \
b11110100 X
b1111111101 J
b1001 [
b1001 W
b1110 U
b11 V
b1010 .
b1010 K
b100110000110110 0
b100110000110110 L
b11010111111110 1
b11010111111110 M
1/
b100001001011 6
0)
#21235
1)
b1111110111 F
#21240
b100001001100 6
0)
#21245
1)
b1111111000 F
#21250
b100001001101 6
0)
#21255
1)
b1111111001 F
#21260
b100001001110 6
0)
#21265
1)
b1111111010 F
#21270
b100001001111 6
0)
#21275
1)
b1111111011 F
#21280
b100001010000 6
0)
#21285
1)
b1111111100 F
#21290
b100001010001 6
0)
#21295
1)
b1111111101 F
#21300
b100001010010 6
0)
#21305
1)
b1111111110 F
#21310
b100001010011 6
0)
#21315
1)
b1111111111 F
#21320
b100001010100 6
0)
#21325
1)
b10000000000 F
#21330
b100001010101 6
0)
#21335
1)
b10000000001 F
#21340
b100001010110 6
0)
#21345
1)
b10000000010 F
#21350
b100001010111 6
0)
#21355
1)
b10000000011 F
#21360
b100001011000 6
0)
#21365
1)
b10000000100 F
#21370
b100001011001 6
0)
#21375
1)
b10000000101 F
#21380
1!
b1 :
1*
b100001011010 6
0)
#21385
b1111111101 $
b1111111101 I
b1111111101 R
1)
b1010101110 E
b100 >
b100001011010 4
b1100111011 3
1(
b10100 ?
b1100111000 9
02
#21390
b1 Z
b1 \
b1 X
b1 U
b1111111100 J
b1111111011 [
b11111011 W
b1 V
b11111111111111111111111111111101 7
b1011 .
b1011 K
b101111010110001 0
b101111010110001 L
b1010100011010 1
b1010100011010 M
b100001011011 6
0)
#21395
b1111111100 $
b1111111100 I
b1111111100 R
1)
b1010101111 E
b100 >
b100001011011 4
b1100111100 3
1(
b1 ?
b110001000 B
b1100111001 9
b1111111101 +
#21400
b0 \
b0 X
b0 U
b0 Z
b10 Y
b0 J
b0 [
b0 W
b0 V
b11111111111111111111111111111100 7
b1100 .
b1100 K
b1111000100000001 0
b1111000100000001 L
b111000000010000 1
b111000000010000 M
b100001011100 6
0)
#21405
b0 $
b0 I
b0 R
1)
b1010110000 E
b101110010 @
b100 >
b100001011100 4
b1100111101 3
1(
b110001001 B
b1100111010 9
b1111111100 +
#21410
b0 7
b0 .
b0 K
b0 0
b0 L
b0 1
b0 M
0/
b100001011101 6
0)
#21415
0"
0T
1)
0(
b1100111011 9
b0 +
#21420
b1 Z
b1111100010 \
b11100010 X
b0 J
b11110 [
b11110 W
b1011 U
b110 V
b0 <
b1101 .
b1101 K
b111000001010110 0
b111000001010110 L
b1010011010111010 1
b1010011010111010 M
1/
b100001011110 6
0)
#21425
1"
1T
1)
b100 >
b100001011110 4
1(
b1100111110 3
#21430
0!
b0 Z
b11 Y
b0 \
b0 X
b0 U
b1111111011 J
b1111111011 [
b11111011 W
b1111 V
b1 <
b0 :
b1110 .
b1110 K
b1000111001011101 0
b1000111001011101 L
b1111101101000000 1
b1111101101000000 M
0*
b100001011111 6
0)
#21435
1)
b10000000110 F
12
#21440
1!
b1 :
1*
b100001100000 6
0)
#21445
b1111111011 $
b1111111011 I
b1111111011 R
1)
b1010110001 E
b100 >
b100001100000 4
b1100111111 3
1(
b10 ?
b1100111100 9
02
#21450
0!
b1 Z
b1111111000 \
b11111000 X
b1 U
b1111110111 J
b1111111111 [
b11111111 W
b1 V
b11111111111111111111111111111011 7
b0 :
b1111 .
b1111 K
b1100011111000 0
b1100011111000 L
b1000000010001 1
b1000000010001 M
0*
b100001100001 6
0)
#21455
1)
b10000000111 F
b1111111011 +
12
#21460
1!
b1 :
1*
b100001100010 6
0)
#21465
b1111110111 $
b1111110111 I
b1111110111 R
1)
b1010110010 E
b100 >
b100001100010 4
b1101000000 3
1(
b110001010 B
b1100111101 9
02
#21470
0!
b1100 U
b0 Z
b10 Y
b1111111100 \
b11111100 X
b110 J
b1010 [
b1010 W
b101 V
b11111111111111111111111111110111 7
b0 :
b0 .
b0 K
b110011000100001 0
b110011000100001 L
b1100010100011100 1
b1100010100011100 M
0*
b100001100011 6
0)
#21475
1)
b10000001000 F
b1111110111 +
12
#21480
1!
b1 :
1*
b100001100100 6
0)
#21485
b110 $
b110 I
b110 R
1)
b1010110011 E
b100 >
b100001100100 4
b1101000001 3
1(
b110001011 B
b1100111110 9
02
#21490
b1 Z
b0 \
b0 X
b111 U
b100000 J
b100000 [
b100000 W
b1100 V
b110 7
b1 .
b1 K
b1000010110000000 0
b1000010110000000 L
b1101110001110001 1
b1101110001110001 M
b100001100101 6
0)
#21495
b100000 $
b100000 I
b100000 R
1)
b1010110100 E
b101110011 @
b100 >
b100001100101 4
b1101000010 3
1(
b1 ?
b1100111111 9
b110 +
#21500
b0 Z
b11 Y
b0 \
b0 X
b0 U
b0 J
b0 [
b0 W
b0 V
b100000 7
b10 .
b10 K
b1100000010111 0
b1100000010111 L
b111110000 1
b111110000 M
b100001100110 6
0)
#21505
b0 $
b0 I
b0 R
1)
b1010110101 E
b100 >
b100001100110 4
b1101000011 3
1(
b1101000000 9
b100000 +
#21510
b1 Z
b10 \
b10 X
b1110 U
b1111111100 J
b1111111010 [
b11111010 W
b1010 V
b0 7
b11 .
b11 K
b1110010000011111 0
b1110010000011111 L
b1010101011100101 1
b1010101011100101 M
b100001100111 6
0)
#21515
b1111111100 $
b1111111100 I
b1111111100 R
1)
b1010110110 E
b100 >
b100001100111 4
b1101000100 3
1(
b1101000001 9
b0 +
#21520
0!
b0 Z
b10 Y
b1111 \
b1111 X
b101 U
b100111 J
b11000 [
b11000 W
b110 V
b11111111111111111111111111111100 7
b0 :
b100 .
b100 K
b1111101101000011 0
b1111101101000011 L
b101011000110101 1
b101011000110101 M
0*
b100001101000 6
0)
#21525
1)
b10000001001 F
b1111111100 +
12
#21530
1!
b1 :
1*
b100001101001 6
0)
#21535
b100111 $
b100111 I
b100111 R
1)
b1010110111 E
b100 >
b100001101001 4
b1101000101 3
1(
b10 ?
b110001100 B
b1101000010 9
02
#21540
0!
b1 Z
b0 \
b0 X
b0 U
b1111111111 J
b1111111111 [
b11111111 W
b1111 V
b100111 7
b0 :
b101 .
b101 K
b100011111 0
b100011111 L
b1000111100001000 1
b1000111100001000 M
0*
b100001101010 6
0)
#21545
1)
b10000001010 F
b100111 +
12
#21550
1!
b1 :
1*
b100001101011 6
0)
#21555
b1111111111 $
b1111111111 I
b1111111111 R
1)
b1010111000 E
b101011110 A
b100 >
b100001101011 4
b1101000110 3
1(
b1101000011 9
02
#21560
b0 Z
b101 V
b11 Y
b0 [
b0 W
b1010 J
b1010 \
b1010 X
b101 U
b11111111111111111111111111111111 7
b110 .
b110 K
b10010000000010 0
b10010000000010 L
b101111111010101 1
b101111111010101 M
b100001101100 6
0)
#21565
b1010 $
b1010 I
b1010 R
1)
b1010111001 E
b100 >
b100001101100 4
b1101000111 3
1(
b1 ?
b110001101 B
b1101000100 9
b1111111111 +
#21570
b1 Z
b1111001111 [
b11001111 W
b1111000011 J
b1111110100 \
b11110100 X
b110 U
b111 V
b1010 7
b111 .
b111 K
b1001110110011110 0
b1001110110011110 L
b111100101100111 1
b111100101100111 M
b100001101101 6
0)
#21575
b1111000011 $
b1111000011 I
b1111000011 R
1)
b1010111010 E
b101110101 @
b100 >
b100001101101 4
b1101001000 3
1(
b1101000101 9
b1010 +
#21580
b0 Z
b1000 V
b10 Y
b1111111000 [
b11111000 W
b1111111000 J
b0 \
b0 X
b0 U
b11111111111111111111111111000011 7
b1000 .
b1000 K
b1000000010111 0
b1000000010111 L
b111100000000000 1
b111100000000000 M
b100001101110 6
0)
#21585
b1111111000 $
b1111111000 I
b1111111000 R
1)
b1010111011 E
b101110110 @
b101011111 A
b100 >
b100001101110 4
b1101001001 3
1(
b110001110 B
b1101000110 9
b1111000011 +
#21590
b1 Z
b10010 \
b10010 X
b1010 U
b100000 J
b1110 [
b1110 W
b1001 V
b11111111111111111111111111111000 7
b1001 .
b1001 K
b100101011101101 0
b100101011101101 L
b1010100110100101 1
b1010100110100101 M
b100001101111 6
0)
#21595
b100000 $
b100000 I
b100000 R
1)
b1010111100 E
b100 >
b100001101111 4
b1101001010 3
1(
b110001111 B
b1101000111 9
b1111111000 +
#21600
b0 Z
b11 Y
b10000 \
b10000 X
b1100 U
b100 J
b1111110100 [
b11110100 W
b1010 V
b100000 7
b1010 .
b1010 K
b1111010100101100 0
b1111010100101100 L
b1010001100011100 1
b1010001100011100 M
b100001110000 6
0)
#21605
b100 $
b100 I
b100 R
1)
b1010111101 E
b100 >
b100001110000 4
b1101001011 3
1(
b1101001000 9
b100000 +
#21610
b1 Z
b0 \
b0 X
b1000 U
b1111111000 J
b1111111000 [
b11111000 W
b1 V
b100 7
b1011 .
b1011 K
b110000000 0
b110000000 L
b1100010001000 1
b1100010001000 M
b100001110001 6
0)
#21615
b1111111000 $
b1111111000 I
b1111111000 R
1)
b1010111110 E
b101100010 A
b100 >
b100001110001 4
b1101001100 3
1(
b1101001001 9
b100 +
#21620
b0 Z
b10 Y
b1111110111 \
b11110111 X
b11 U
b1111110001 J
b1111111010 [
b11111010 W
b1111 V
b11111111111111111111111111111000 7
b1100 .
b1100 K
b1101110101101101 0
b1101110101101101 L
b111101100011 1
b111101100011 M
b100001110010 6
0)
#21625
b1111110001 $
b1111110001 I
b1111110001 R
1)
b1010111111 E
b100 >
b100001110010 4
b1101001101 3
1(
b110010000 B
b1101001010 9
b1111111000 +
#21630
b0 \
b0 X
b0 U
b0 J
b0 [
b0 W
b0 V
b11111111111111111111111111110001 7
b0 .
b0 K
b0 0
b0 L
b0 1
b0 M
0/
b100001110011 6
0)
#21635
0"
0T
1)
0(
b110010001 B
b1101001011 9
b1111110001 +
#21640
b1 Z
b1111101110 \
b11101110 X
b1111110110 J
b1000 [
b1000 W
b11 U
b1100 V
b0 7
b0 <
b1101 .
b1101 K
b11000111101010 0
b11000111101010 L
b100110000110110 1
b100110000110110 M
0*
1/
b100001110100 6
0)
#21645
0!
1"
b1111110110 $
b1111110110 I
b1111110110 R
1T
1)
b100 >
b100001110100 4
1(
b1101001110 3
#21650
b0 Z
b11 Y
b0 \
b0 X
b0 U
b0 J
b0 [
b0 W
b1000 V
b11111111111111111111111111110110 7
b1 <
b0 :
b1110 .
b1110 K
b111000100001111 0
b111000100001111 L
b1000011111110000 1
b1000011111110000 M
b100001110101 6
0)
#21655
1)
b10000001011 F
b1111110110 +
12
#21660
b100001110110 6
0)
#21665
1)
b10000001100 F
#21670
1!
b1 :
1*
b100001110111 6
0)
#21675
b0 $
b0 I
b0 R
1)
b1011000000 E
b101100011 A
b101110111 @
b100 >
b100001110111 4
b1101001111 3
1(
b11 ?
b110010010 B
b1101001100 9
02
#21680
b10 Y
b0 V
b0 7
b0 .
b0 K
b0 0
b0 L
b0 1
b0 M
0/
b100001111000 6
0)
#21685
0"
0T
1)
0(
b1 ?
b1101001101 9
b0 +
#21690
b1 Z
b11 Y
b1111011000 \
b11011000 X
b1111101010 J
b10010 [
b10010 W
b1000 U
b110 V
b0 <
b1111 .
b1111 K
b111000100110101 0
b111000100110101 L
b110100010000010 1
b110100010000010 M
0*
1/
b100001111001 6
0)
#21695
0!
1"
b1111101010 $
b1111101010 I
b1111101010 R
1T
1)
b101100101 A
b100 >
b100001111001 4
1(
b1101010000 3
#21700
b0 Z
b10 Y
b1111111101 \
b11111101 X
b1111 U
b100 J
b111 [
b111 W
b1 V
b11111111111111111111111111101010 7
b1 <
b0 :
b0 .
b0 K
b100001101110011 0
b100001101110011 L
b1110000111111111 1
b1110000111111111 M
b100001111010 6
0)
#21705
1)
b10000001101 F
b1111101010 +
12
#21710
1!
b1 :
1*
b100001111011 6
0)
#21715
b100 $
b100 I
b100 R
1)
b1011000001 E
b100 >
b100001111011 4
b1101010001 3
1(
b10 ?
b110010011 B
b1101001110 9
02
#21720
b0 \
b0 X
b0 U
b0 J
b0 [
b0 W
b0 V
b100 7
b0 0
b0 L
b0 1
b0 M
0/
b100001111100 6
0)
#21725
0"
0T
1)
0(
b1 ?
b1101001111 9
b100 +
#21730
b1 Z
b1000 \
b1000 X
b1001 J
b1 [
b1 W
b1000 U
b1111 V
b0 7
b0 <
b1 .
b1 K
b111111111 0
b111111111 L
b1000111110001000 1
b1000111110001000 M
0*
1/
b100001111101 6
0)
#21735
0!
1"
b1001 $
b1001 I
b1001 R
1T
1)
b101101000 A
b100 >
b100001111101 4
1(
b1101010010 3
#21740
b0 Z
b11 Y
b110001 \
b110001 X
b111 U
b111111 J
b1110 [
b1110 W
b1110 V
b1001 7
b1 <
b0 :
b10 .
b10 K
b1110011110010111 0
b1110011110010111 L
b1110010111100111 1
b1110010111100111 M
b100001111110 6
0)
#21745
1)
b10000001110 F
b1001 +
12
#21750
b100001111111 6
0)
#21755
1)
b10000001111 F
#21760
b100010000000 6
0)
#21765
1)
b10000010000 F
#21770
b100010000001 6
0)
#21775
1)
b10000010001 F
#21780
b100010000010 6
0)
#21785
1)
b10000010010 F
#21790
b100010000011 6
0)
#21795
1)
b10000010011 F
#21800
b100010000100 6
0)
#21805
1)
b10000010100 F
#21810
b100010000101 6
0)
#21815
1)
b10000010101 F
#21820
b100010000110 6
0)
#21825
1)
b10000010110 F
#21830
b100010000111 6
0)
#21835
1)
b10000010111 F
#21840
b100010001000 6
0)
#21845
1)
b10000011000 F
#21850
b100010001001 6
0)
#21855
1)
b10000011001 F
#21860
b100010001010 6
0)
#21865
1)
b10000011010 F
#21870
b100010001011 6
0)
#21875
1)
b10000011011 F
#21880
b100010001100 6
0)
#21885
1)
b10000011100 F
#21890
b100010001101 6
0)
#21895
1)
b10000011101 F
#21900
1!
b1 :
1*
b100010001110 6
0)
#21905
b111111 $
b111111 I
b111111 R
1)
b1011000010 E
b101111000 @
b100 >
b100010001110 4
b1101010011 3
1(
b10001 ?
b1101010000 9
02
#21910
b1 Z
b111 \
b111 X
b111 U
b111 J
b0 [
b0 W
b0 V
b111111 7
b11 .
b11 K
b1110011011000001 0
b1110011011000001 L
b100001110010 1
b100001110010 M
b100010001111 6
0)
#21915
b111 $
b111 I
b111 R
1)
b1011000011 E
b101101001 A
b101111001 @
b100 >
b100010001111 4
b1101010100 3
1(
b1 ?
b1101010001 9
b111111 +
#21920
0!
b0 Z
b10 Y
b0 \
b0 X
b0 U
b111 J
b111 [
b111 W
b1 V
b111 7
b0 :
b100 .
b100 K
b1000001110111 0
b1000001110111 L
b1111000111110000 1
b1111000111110000 M
0*
b100010010000 6
0)
#21925
1)
b10000011110 F
b111 +
12
#21930
1!
b1 :
1*
b100010010001 6
0)
#21935
1)
b1011000100 E
b100 >
b100010010001 4
b1101010101 3
1(
b10 ?
b1101010010 9
02
#21940
b0 J
b0 [
b0 W
b0 V
b0 .
b0 K
b0 0
b0 L
b0 1
b0 M
0/
b100010010010 6
0)
#21945
0"
0T
1)
0(
b1 ?
b1101010011 9
#21950
b0 7
b0 <
b100010010011 6
0)
#21955
1)
#21960
0*
b100010010100 6
0)
#21965
1)
#21970
b1 Z
b1111101000 \
b11101000 X
b1111110010 J
b1010 [
b1010 W
b1000 U
b1011 V
b101 .
b101 K
b1101110011100011 0
b1101110011100011 L
b1101110000010 1
b1101110000010 M
1/
b100010010101 6
0)
#21975
0!
1"
b1111110010 $
b1111110010 I
b1111110010 R
1T
1)
b101101010 A
b100 >
b100010010101 4
1(
b1101010110 3
#21980
b0 Z
b11 V
b11 Y
b1111110001 [
b11110001 W
b1111011101 J
b1111101100 \
b11101100 X
b101 U
b11111111111111111111111111110010 7
b1 <
b0 :
b110 .
b110 K
b110111100 0
b110111100 L
b11101100010101 1
b11101100010101 M
b100010010110 6
0)
#21985
1)
b10000011111 F
b1111110010 +
12
#21990
b100010010111 6
0)
#21995
1)
b10000100000 F
#22000
b100010011000 6
0)
#22005
1)
b10000100001 F
#22010
1!
b1 :
1*
b100010011001 6
0)
#22015
b1111011101 $
b1111011101 I
b1111011101 R
1)
b1011000101 E
b100 >
b100010011001 4
b1101010111 3
1(
b100 ?
b110010100 B
b1101010100 9
02
#22020
0!
b1 Z
b0 \
b0 X
b1 U
b1111111111 J
b1111111111 [
b11111111 W
b1 V
b11111111111111111111111111011101 7
b0 :
b111 .
b111 K
b11110000 0
b11110000 L
b1000000011111 1
b1000000011111 M
0*
b100010011010 6
0)
#22025
1)
b10000100010 F
b1111011101 +
12
#22030
b100010011011 6
0)
#22035
1)
b10000100011 F
#22040
b100010011100 6
0)
#22045
1)
b10000100100 F
#22050
1!
b1 :
1*
b100010011101 6
0)
#22055
b1111111111 $
b1111111111 I
b1111111111 R
1)
b1011000110 E
b100 >
b100010011101 4
b1101011000 3
1(
b110010101 B
b1101010101 9
02
#22060
b0 Z
b10 Y
b1111110000 \
b11110000 X
b1000 U
b1111101100 J
b1111111100 [
b11111100 W
b10 V
b11111111111111111111111111111111 7
b1000 .
b1000 K
b10111100010 0
b10111100010 L
b1111001011111000 1
b1111001011111000 M
b100010011110 6
0)
#22065
b1111101100 $
b1111101100 I
b1111101100 R
1)
b1011000111 E
b101101011 A
b100 >
b100010011110 4
b1101011001 3
1(
b1 ?
b110010110 B
b1101010110 9
b1111111111 +
#22070
0!
b1 Z
b1000000 \
b1000000 X
b1000 U
b1000000 J
b0 [
b0 W
b1 V
b11111111111111111111111111101100 7
b0 :
b1001 .
b1001 K
b1110110000001000 0
b1110110000001000 L
b1000110000010 1
b1000110000010 M
0*
b100010011111 6
0)
#22075
1)
b10000100101 F
b1111101100 +
12
#22080
1!
b1 :
1*
b100010100000 6
0)
#22085
b1000000 $
b1000000 I
b1000000 R
1)
b1011001000 E
b101101100 A
b100 >
b100010100000 4
b1101011010 3
1(
b10 ?
b110010111 B
b1101010111 9
02
#22090
0!
b0 Z
b0 J
b0 \
b0 X
b0 U
b0 V
b1000000 7
b0 :
b0 .
b0 K
b0 0
b0 L
b0 1
b0 M
0*
0/
b100010100001 6
0)
#22095
1)
b1000000 +
12
#22100
1!
b11 Y
b1 :
b1010 .
b1010 K
b1011111111000 0
b1011111111000 L
b10000000 1
b10000000 M
1*
1/
b100010100010 6
0)
#22105
b0 $
b0 I
b0 R
1)
b1011001001 E
b101101101 A
b100 >
b100010100010 4
b1101011011 3
1(
b1101011000 9
02
#22110
0!
b1111111010 \
b11111010 X
b1010 U
b1 Z
b1111 J
b10101 [
b10101 W
b111 V
b0 7
b0 :
b1011 .
b1011 K
b10100100110001 0
b10100100110001 L
b111011010100000 1
b111011010100000 M
0*
b100010100011 6
0)
#22115
1)
b10000100110 F
b0 +
12
#22120
1!
b1 :
1*
b100010100100 6
0)
#22125
b1111 $
b1111 I
b1111 R
1)
b1011001010 E
b101111010 @
b100 >
b100010100100 4
b1101011100 3
1(
b1101011001 9
02
#22130
b0 Z
b1101 V
b10 Y
b1111111010 [
b11111010 W
b11101 J
b100011 \
b100011 X
b101 U
b1111 7
b1100 .
b1100 K
b1111110000100111 0
b1111110000100111 L
b111110100000101 1
b111110100000101 M
b100010100101 6
0)
#22135
b11101 $
b11101 I
b11101 R
1)
b1011001011 E
b101111011 @
b100 >
b100010100101 4
b1101011101 3
1(
b1 ?
b1101011010 9
b1111 +
#22140
0!
b1 Z
b1111111001 \
b11111001 X
b1111 U
b1111000001 J
b1111001000 [
b11001000 W
b1000 V
b11101 7
b0 :
b1101 .
b1101 K
b111100001110111 0
b111100001110111 L
b111100011110000 1
b111100011110000 M
0*
b100010100110 6
0)
#22145
1)
b10000100111 F
b11101 +
12
#22150
1!
b1 :
1*
b100010100111 6
0)
#22155
b1111000001 $
b1111000001 I
b1111000001 R
1)
b1011001100 E
b101111100 @
b101101110 A
b100 >
b100010100111 4
b1101011110 3
1(
b10 ?
b1101011011 9
02
#22160
b0 Z
b11 Y
b1111111001 \
b11111001 X
b1111 U
b10 J
b1001 [
b1001 W
b11 V
b11111111111111111111111111000001 7
b1110 .
b1110 K
b1110100100110111 0
b1110100100110111 L
b11011111001111 1
b11011111001111 M
b100010101000 6
0)
#22165
b10 $
b10 I
b10 R
1)
b1011001101 E
b101111101 @
b100 >
b100010101000 4
b1101011111 3
1(
b1 ?
b110011000 B
b1101011100 9
b1111000001 +
#22170
b101 U
b1 Z
b1111011101 \
b11011101 X
b1111011001 J
b1111111100 [
b11111100 W
b1110 V
b10 7
b1111 .
b1111 K
b1010100100101001 0
b1010100100101001 L
b1110011101011111 1
b1110011101011111 M
b100010101001 6
0)
#22175
b1111011001 $
b1111011001 I
b1111011001 R
1)
b1011001110 E
b101111110 @
b100 >
b100010101001 4
b1101100000 3
1(
b1101011101 9
b10 +
#22180
0!
b0 Z
b10 Y
b0 \
b0 X
b0 U
b1000 J
b1000 [
b1000 W
b1000 V
b11111111111111111111111111011001 7
b0 :
b0 .
b0 K
b111111111110111 0
b111111111110111 L
b1100000000000 1
b1100000000000 M
0*
b100010101010 6
0)
#22185
1)
b10000101000 F
b1111011001 +
12
#22190
1!
b1 :
1*
b100010101011 6
0)
#22195
b1000 $
b1000 I
b1000 R
1)
b1011001111 E
b101101111 A
b100 >
b100010101011 4
b1101100001 3
1(
b10 ?
b110011001 B
b1101011110 9
02
#22200
0!
b1 Z
b1111111100 \
b11111100 X
b1100 U
b1111110100 J
b1111111000 [
b11111000 W
b100 V
b1000 7
b0 :
b1 .
b1 K
b111001011100001 0
b111001011100001 L
b1100010011001011 1
b1100010011001011 M
0*
b100010101100 6
0)
#22205
1)
b10000101001 F
b1000 +
12
#22210
b100010101101 6
0)
#22215
1)
b10000101010 F
#22220
1!
b1 :
1*
b100010101110 6
0)
#22225
b1111110100 $
b1111110100 I
b1111110100 R
1)
b1011010000 E
b100 >
b100010101110 4
b1101100010 3
1(
b11 ?
b1101011111 9
02
#22230
b0 Z
b11 Y
b1100 \
b1100 X
b1010 U
b11000 J
b1100 [
b1100 W
b100 V
b11111111111111111111111111110100 7
b10 .
b10 K
b111100000111110 0
b111100000111110 L
b100001001111010 1
b100001001111010 M
b100010101111 6
0)
#22235
b11000 $
b11000 I
b11000 R
1)
b1011010001 E
b101111111 @
b100 >
b100010101111 4
b1101100011 3
1(
b1 ?
b110011010 B
b1101100000 9
b1111110100 +
#22240
0!
b1 Z
b1111111001 \
b11111001 X
b111 U
b1 J
b1000 [
b1000 W
b1111 V
b11000 7
b0 :
b11 .
b11 K
b111000110001111 0
b111000110001111 L
b1111011101110001 1
b1111011101110001 M
0*
b100010110000 6
0)
#22245
1)
b10000101011 F
b11000 +
12
#22250
b100010110001 6
0)
#22255
1)
b10000101100 F
#22260
b100010110010 6
0)
#22265
1)
b10000101101 F
#22270
b100010110011 6
0)
#22275
1)
b10000101110 F
#22280
b100010110100 6
0)
#22285
1)
b10000101111 F
#22290
b100010110101 6
0)
#22295
1)
b10000110000 F
#22300
b100010110110 6
0)
#22305
1)
b10000110001 F
#22310
b100010110111 6
0)
#22315
1)
b10000110010 F
#22320
b100010111000 6
0)
#22325
1)
b10000110011 F
#22330
b100010111001 6
0)
#22335
1)
b10000110100 F
#22340
b100010111010 6
0)
#22345
1)
b10000110101 F
#22350
b100010111011 6
0)
#22355
1)
b10000110110 F
#22360
b100010111100 6
0)
#22365
1)
b10000110111 F
#22370
b100010111101 6
0)
#22375
1)
b10000111000 F
#22380
b100010111110 6
0)
#22385
1)
b10000111001 F
#22390
b100010111111 6
0)
#22395
1)
b10000111010 F
#22400
b100011000000 6
0)
#22405
1)
b10000111011 F
#22410
b100011000001 6
0)
#22415
1)
b10000111100 F
#22420
b100011000010 6
0)
#22425
1)
b10000111101 F
#22430
1!
b1 :
1*
b100011000011 6
0)
#22435
b1 $
b1 I
b1 R
1)
b1011010010 E
b110000001 @
b100 >
b100011000011 4
b1101100100 3
1(
b10100 ?
b1101100001 9
02
#22440
0!
b0 Z
b10 Y
b1010 \
b1010 X
b1011 U
b10 J
b1111111000 [
b11111000 W
b1100 V
b1 7
b0 :
b100 .
b100 K
b1010001100101110 0
b1010001100101110 L
b1011110000101011 1
b1011110000101011 M
0*
b100011000100 6
0)
#22445
1)
b10000111110 F
b1 +
12
#22450
b100011000101 6
0)
#22455
1)
b10000111111 F
#22460
1!
b1 :
1*
b100011000110 6
0)
#22465
b10 $
b10 I
b10 R
1)
b1011010011 E
b100 >
b100011000110 4
b1101100101 3
1(
b11 ?
b1101100010 9
02
#22470
b1 Z
b1111101100 \
b11101100 X
b1011 U
b1111000010 J
b1111010110 [
b11010110 W
b1001 V
b10 7
b101 .
b101 K
b11101100100 0
b11101100100 L
b1100110110101 1
b1100110110101 M
b100011000111 6
0)
#22475
b1111000010 $
b1111000010 I
b1111000010 R
1)
b1011010100 E
b100 >
b100011000111 4
b1101100110 3
1(
b1 ?
b1101100011 9
b10 +
#22480
b0 Z
b0 \
b0 X
b0 U
b0 J
b0 [
b0 W
b0 V
b11111111111111111111111111000010 7
b0 .
b0 K
b0 0
b0 L
b0 1
b0 M
0/
b100011001000 6
0)
#22485
0"
0T
1)
0(
b110011011 B
b1101100100 9
b1111000010 +
#22490
b0 7
b0 <
b100011001001 6
0)
#22495
1)
#22500
b11 Y
b1111111000 J
b1111111000 [
b11111000 W
b1000 V
b110 .
b110 K
b1000011100010111 0
b1000011100010111 L
b1000111100000000 1
b1000111100000000 M
1/
b100011001010 6
0)
#22505
1"
b1111111000 $
b1111111000 I
b1111111000 R
1T
1)
b101110000 A
b100 >
b100011001010 4
1(
b1101100111 3
#22510
0!
b1 Z
b1111101110 \
b11101110 X
b11 U
b1111111010 J
b1100 [
b1100 W
b1110 V
b11111111111111111111111111111000 7
b1 <
b0 :
b111 .
b111 K
b1100100110101010 0
b1100100110101010 L
b1110010100111110 1
b1110010100111110 M
0*
b100011001011 6
0)
#22515
1)
b10001000000 F
b1111111000 +
12
#22520
1!
b1 :
1*
b100011001100 6
0)
#22525
b1111111010 $
b1111111010 I
b1111111010 R
1)
b1011010101 E
b100 >
b100011001100 4
b1101101000 3
1(
b10 ?
b110011100 B
b1101100101 9
02
#22530
b0 Z
b10 Y
b0 \
b0 X
b1000 U
b1111010000 J
b1111010000 [
b11010000 W
b110 V
b11111111111111111111111111111010 7
b1000 .
b1000 K
b10110000000 0
b10110000000 L
b11001111000 1
b11001111000 M
b100011001101 6
0)
#22535
b1111010000 $
b1111010000 I
b1111010000 R
1)
b1011010110 E
b110000010 @
b101110001 A
b100 >
b100011001101 4
b1101101001 3
1(
b1 ?
b110011101 B
b1101100110 9
b1111111010 +
#22540
b1 Z
b1111111000 \
b11111000 X
b1000 U
b1111111000 J
b0 [
b0 W
b0 V
b11111111111111111111111111010000 7
b1001 .
b1001 K
b111011101110001 0
b111011101110001 L
b111000010001111 1
b111000010001111 M
b100011001110 6
0)
#22545
b1111111000 $
b1111111000 I
b1111111000 R
1)
b1011010111 E
b110000011 @
b101110010 A
b100 >
b100011001110 4
b1101101010 3
1(
b110011110 B
b1101100111 9
b1111010000 +
#22550
b1100 U
b0 Z
b1111101100 [
b11101100 W
b1100 V
b11 Y
b1111010000 J
b1111100100 \
b11100100 X
b11111111111111111111111111111000 7
b1010 .
b1010 K
b1000001101010111 0
b1000001101010111 L
b1100000010001100 1
b1100000010001100 M
b100011001111 6
0)
#22555
b1111010000 $
b1111010000 I
b1111010000 R
1)
b1011011000 E
b101110011 A
b100 >
b100011001111 4
b1101101011 3
1(
b110011111 B
b1101101000 9
b1111111000 +
#22560
b1 Z
b100011 \
b100011 X
b101 U
b1000110 J
b100011 [
b100011 W
b1011 V
b11111111111111111111111111010000 7
b1011 .
b1011 K
b1100010010010111 0
b1100010010010111 L
b1011100101010101 1
b1011100101010101 M
b100011010000 6
0)
#22565
b1000110 $
b1000110 I
b1000110 R
1)
b1011011001 E
b100 >
b100011010000 4
b1101101100 3
1(
b110100000 B
b1101101001 9
b1111010000 +
#22570
b0 Z
b10 Y
b1111111111 \
b11111111 X
b1 U
b110 J
b111 [
b111 W
b111 V
b1000110 7
b1100 .
b1100 K
b1111011100011111 0
b1111011100011111 L
b111011100010001 1
b111011100010001 M
b100011010001 6
0)
#22575
b110 $
b110 I
b110 R
1)
b1011011010 E
b110000101 @
b100 >
b100011010001 4
b1101101101 3
1(
b1101101010 9
b1000110 +
#22580
b1 Z
b0 \
b0 X
b0 U
b0 J
b0 [
b0 W
b0 V
b110 7
b1101 .
b1101 K
b11011010111111 0
b11011010111111 L
b1010000000000101 1
b1010000000000101 M
b100011010010 6
0)
#22585
b0 $
b0 I
b0 R
1)
b1011011011 E
b100 >
b100011010010 4
b1101101110 3
1(
b1101101011 9
b110 +
#22590
b0 Z
b0 7
b0 .
b0 K
b0 0
b0 L
b0 1
b0 M
0/
b100011010011 6
0)
#22595
0"
0T
1)
0(
b1101101100 9
b0 +
#22600
b11 Y
b101000 \
b101000 X
b1000000 J
b11000 [
b11000 W
b1011 U
b1100 V
b0 <
b1110 .
b1110 K
b1111001010101000 0
b1111001010101000 L
b1100111011011011 1
b1100111011011011 M
0*
1/
b100011010100 6
0)
#22605
0!
1"
b1000000 $
b1000000 I
b1000000 R
1T
1)
b100 >
b100011010100 4
1(
b1101101111 3
#22610
1!
b1 Z
b111 \
b111 X
b111 U
b1111001111 J
b1111001000 [
b11001000 W
b1000 V
b1000000 7
b1 <
b1111 .
b1111 K
b1000100001110001 0
b1000100001110001 L
b1000100001110000 1
b1000100001110000 M
1*
b100011010101 6
0)
#22615
b1111001111 $
b1111001111 I
b1111001111 R
1)
b1011011100 E
b101110101 A
b110000110 @
b100 >
b100011010101 4
b1101110000 3
1(
b1101101101 9
b1000000 +
#22620
b0 Z
b10 Y
b1011 J
b100 [
b100 W
b1110 V
b11111111111111111111111111001111 7
b0 .
b0 K
b110110011100001 0
b110110011100001 L
b101111001110111 1
b101111001110111 M
b100011010110 6
0)
#22625
b1011 $
b1011 I
b1011 R
1)
b1011011101 E
b110001000 @
b100 >
b100011010110 4
b1101110001 3
1(
b110100001 B
b1101101110 9
b1111001111 +
#22630
b1101 U
b1 Z
b110 \
b110 X
b1111111000 J
b1111110010 [
b11110010 W
b1001 V
b1011 7
b1 .
b1 K
b1110101100101110 0
b1110101100101110 L
b11100111010111 1
b11100111010111 M
b100011010111 6
0)
#22635
b1111111000 $
b1111111000 I
b1111111000 R
1)
b1011011110 E
b110001001 @
b100 >
b100011010111 4
b1101110010 3
1(
b1101101111 9
b1011 +
#22640
0!
b0 Z
b0 \
b0 X
b0 U
b0 J
b0 [
b0 W
b0 V
b11111111111111111111111111111000 7
b0 :
b0 .
b0 K
b0 0
b0 L
b0 1
b0 M
0*
0/
b100011011000 6
0)
#22645
1)
b1111111000 +
12
#22650
1!
b11 Y
b1111111111 \
b11111111 X
b1111111111 J
b0 [
b0 W
b1 U
b0 V
b1 :
b10 .
b10 K
b1111111111111111 0
b1111111111111111 L
b100010000001 1
b100010000001 M
1*
1/
b100011011001 6
0)
#22655
b1111111111 $
b1111111111 I
b1111111111 R
1)
b1011011111 E
b101110111 A
b100 >
b100011011001 4
b1101110011 3
1(
b10 ?
b110100010 B
b1101110000 9
02
#22660
0!
b10 Y
b0 J
b0 \
b0 X
b0 U
b11111111111111111111111111111111 7
b0 :
b0 .
b0 K
b0 0
b0 L
b0 1
b0 M
0*
0/
b100011011010 6
0)
#22665
1)
b1111111111 +
12
#22670
1!
b1 :
1*
b100011011011 6
0)
#22675
0"
0T
1)
0(
b110100011 B
b1101110001 9
02
#22680
b1 Z
b1111011000 [
b11011000 W
b1000 V
b11 Y
b1110100111 J
b1111001111 \
b11001111 X
b1001 U
b0 7
b0 <
b11 .
b11 K
b1100100101010111 0
b1100100101010111 L
b1000000010011100 1
b1000000010011100 M
1/
b100011011100 6
0)
#22685
1"
b1110100111 $
b1110100111 I
b1110100111 R
1T
1)
b101111000 A
b100 >
b100011011100 4
1(
b1101110100 3
#22690
0!
b0 Z
b10 Y
b1010 \
b1010 X
b10 U
b101 J
b1111111011 [
b11111011 W
b101 V
b11111111111111111111111110100111 7
b1 <
b0 :
b100 .
b100 K
b100001111110101 0
b100001111110101 L
b1010010101010010 1
b1010010101010010 M
0*
b100011011101 6
0)
#22695
1)
b10001000001 F
b1110100111 +
12
#22700
b100011011110 6
0)
#22705
1)
b10001000010 F
#22710
b100011011111 6
0)
#22715
1)
b10001000011 F
#22720
b100011100000 6
0)
#22725
1)
b10001000100 F
#22730
1!
b1 :
1*
b100011100001 6
0)
#22735
b101 $
b101 I
b101 R
1)
b1011100000 E
b100 >
b100011100001 4
b1101110101 3
1(
b101 ?
b110100100 B
b1101110010 9
02
#22740
0!
b0 \
b0 X
b0 U
b0 J
b0 [
b0 W
b0 V
b101 7
b0 :
b0 .
b0 K
b0 0
b0 L
b0 1
b0 M
0*
0/
b100011100010 6
0)
#22745
1)
b101 +
12
#22750
1!
b1 Z
b1 U
b1 :
b101 .
b101 K
b1100011110000 0
b1100011110000 L
b10111 1
b10111 M
1*
1/
b100011100011 6
0)
#22755
b0 $
b0 I
b0 R
1)
b1011100001 E
b110001010 @
b100 >
b100011100011 4
b1101110110 3
1(
b10 ?
b1101110011 9
02
#22760
b0 Z
b11 Y
b1111001000 \
b11001000 X
b1000 U
b1111100000 J
b11000 [
b11000 W
b100 V
b0 7
b110 .
b110 K
b1011110101100111 0
b1011110101100111 L
b100101100101000 1
b100101100101000 M
b100011100100 6
0)
#22765
b1111100000 $
b1111100000 I
b1111100000 R
1)
b1011100010 E
b101111001 A
b100 >
b100011100100 4
b1101110111 3
1(
b1 ?
b1101110100 9
b0 +
#22770
b1 Z
b11100 \
b11100 X
b1001 U
b1010100 J
b111000 [
b111000 W
b1000 V
b11111111111111111111111111100000 7
b111 .
b111 K
b110000110011100 0
b110000110011100 L
b1000111110010011 1
b1000111110010011 M
b100011100101 6
0)
#22775
b1010100 $
b1010100 I
b1010100 R
1)
b1011100011 E
b101111010 A
b100 >
b100011100101 4
b1101111000 3
1(
b110100101 B
b1101110101 9
b1111100000 +
#22780
b0 Z
b10 Y
b0 \
b0 X
b0 U
b0 J
b0 [
b0 W
b111 V
b1010100 7
b1000 .
b1000 K
b1000100000001 0
b1000100000001 L
b111011110000000 1
b111011110000000 M
b100011100110 6
0)
#22785
b0 $
b0 I
b0 R
1)
b1011100100 E
b110001100 @
b101111011 A
b100 >
b100011100110 4
b1101111001 3
1(
b1101110110 9
b1010100 +
#22790
0!
b0 V
b0 7
b0 :
b0 .
b0 K
b0 0
b0 L
b0 1
b0 M
0*
0/
b100011100111 6
0)
#22795
1)
b0 +
12
#22800
b1 Z
b1111110001 \
b11110001 X
b1111110110 J
b101 [
b101 W
b1011 U
b1111 V
b1001 .
b1001 K
b110001110110011 0
b110001110110011 L
b1101111110110100 1
b1101111110110100 M
1/
b100011101000 6
0)
#22805
1)
b10001000101 F
#22810
b100011101001 6
0)
#22815
1)
b10001000110 F
#22820
b100011101010 6
0)
#22825
1)
b10001000111 F
#22830
b100011101011 6
0)
#22835
1)
b10001001000 F
#22840
b100011101100 6
0)
#22845
1)
b10001001001 F
#22850
b100011101101 6
0)
#22855
1)
b10001001010 F
#22860
b100011101110 6
0)
#22865
1)
b10001001011 F
#22870
b100011101111 6
0)
#22875
1)
b10001001100 F
#22880
b100011110000 6
0)
#22885
1)
b10001001101 F
#22890
b100011110001 6
0)
#22895
1)
b10001001110 F
#22900
b100011110010 6
0)
#22905
1)
b10001001111 F
#22910
b100011110011 6
0)
#22915
1)
b10001010000 F
#22920
b100011110100 6
0)
#22925
1)
b10001010001 F
#22930
b100011110101 6
0)
#22935
1)
b10001010010 F
#22940
b100011110110 6
0)
#22945
1)
b10001010011 F
#22950
b100011110111 6
0)
#22955
1)
b10001010100 F
#22960
1!
b1 :
1*
b100011111000 6
0)
#22965
b1111110110 $
b1111110110 I
b1111110110 R
1)
b1011100101 E
b100 >
b100011111000 4
b1101111010 3
1(
b10010 ?
b1101110111 9
02
#22970
b0 Z
b11 Y
b11000 \
b11000 X
b1100 U
b1100 J
b1111110100 [
b11110100 W
b1110 V
b11111111111111111111111111110110 7
b1010 .
b1010 K
b1100011101101010 0
b1100011101101010 L
b1110010110011100 1
b1110010110011100 M
b100011111001 6
0)
#22975
b1100 $
b1100 I
b1100 R
1)
b1011100110 E
b100 >
b100011111001 4
b1101111011 3
1(
b1 ?
b110100110 B
b1101111000 9
b1111110110 +
#22980
b1 Z
b1111111111 \
b11111111 X
b1111 U
b110 J
b111 [
b111 W
b1 V
b1100 7
b1011 .
b1011 K
b1000111101110001 0
b1000111101110001 L
b1100011111000 1
b1100011111000 M
b100011111010 6
0)
#22985
b110 $
b110 I
b110 R
1)
b1011100111 E
b101111101 A
b100 >
b100011111010 4
b1101111100 3
1(
b1101111001 9
b1100 +
#22990
0!
b0 Z
b10 Y
b1111111110 \
b11111110 X
b1111 U
b1111110010 J
b1111110100 [
b11110100 W
b10 V
b110 7
b0 :
b1100 .
b1100 K
b1101011010100010 0
b1101011010100010 L
b1110001001101111 1
b1110001001101111 M
0*
b100011111011 6
0)
#22995
1)
b10001010101 F
b110 +
12
#23000
1!
b1 :
1*
b100011111100 6
0)
#23005
b1111110010 $
b1111110010 I
b1111110010 R
1)
b1011101000 E
b100 >
b100011111100 4
b1101111101 3
1(
b10 ?
b1101111010 9
02
#23010
b1 Z
b0 [
b0 W
b11110 J
b11110 \
b11110 X
b1010 U
b11111111111111111111111111110010 7
b1101 .
b1101 K
b1101010100001011 0
b1101010100001011 L
b1000001010100010 1
b1000001010100010 M
b100011111101 6
0)
#23015
b11110 $
b11110 I
b11110 R
1)
b1011101001 E
b101111110 A
b100 >
b100011111101 4
b1101111110 3
1(
b1 ?
b110100111 B
b1101111011 9
b1111110010 +
#23020
b0 Z
b11 Y
b1000 J
b1000 \
b1000 X
b1111 U
b1 V
b11110 7
b1110 .
b1110 K
b111111100001000 0
b111111100001000 L
b1100000001111 1
b1100000001111 M
b100011111110 6
0)
#23025
b1000 $
b1000 I
b1000 R
1)
b1011101010 E
b101111111 A
b100 >
b100011111110 4
b1101111111 3
1(
b1101111100 9
b11110 +
#23030
b1 Z
b0 J
b0 \
b0 X
b1 U
b0 V
b1000 7
b1111 .
b1111 K
b1100011000000000 0
b1100011000000000 L
b110000011101 1
b110000011101 M
b100011111111 6
0)
#23035
b0 $
b0 I
b0 R
1)
b1011101011 E
b100 >
b100011111111 4
b1110000000 3
1(
b1101111101 9
b1000 +
#23040
0!
b1111111101 \
b11111101 X
b0 Z
b10 Y
b1111110001 J
b1111110100 [
b11110100 W
b1 U
b110 V
b0 7
b0 :
b0 .
b0 K
b1100011011101101 0
b1100011011101101 L
b1110011000000001 1
b1110011000000001 M
0*
b100100000000 6
0)
#23045
1)
b10001010110 F
b0 +
12
#23050
1!
b1 :
1*
b100100000001 6
0)
#23055
b1111110001 $
b1111110001 I
b1111110001 R
1)
b1011101100 E
b100 >
b100100000001 4
b1110000001 3
1(
b10 ?
b1101111110 9
02
#23060
b0 \
b0 X
b0 U
b0 J
b0 [
b0 W
b0 V
b11111111111111111111111111110001 7
b0 0
b0 L
b0 1
b0 M
0/
b100100000010 6
0)
#23065
0"
0T
1)
0(
b1 ?
b110101000 B
b1101111111 9
b1111110001 +
#23070
b0 7
b0 <
b100100000011 6
0)
#23075
1)
#23080
b1 Z
b111 J
b111 [
b111 W
b0 U
b111 V
b1 .
b1 K
b1000100010000 0
b1000100010000 L
b1011100000111 1
b1011100000111 M
1/
b100100000100 6
0)
#23085
1"
b111 $
b111 I
b111 R
1T
1)
b110001110 @
b100 >
b100100000100 4
1(
b1110000010 3
#23090
0!
b0 Z
b11 Y
b1100 U
b1111110001 J
b1111110001 [
b11110001 W
b101 V
b111 7
b1 <
b0 :
b10 .
b10 K
b1110001011010000 0
b1110001011010000 L
b101100100111100 1
b101100100111100 M
0*
b100100000101 6
0)
#23095
1)
b10001010111 F
b111 +
12
#23100
1!
b1 :
1*
b100100000110 6
0)
#23105
b1111110001 $
b1111110001 I
b1111110001 R
1)
b1011101101 E
b100 >
b100100000110 4
b1110000011 3
1(
b10 ?
b1110000000 9
02
#23110
b10 Y
b0 U
b0 J
b0 [
b0 W
b0 V
b11111111111111111111111111110001 7
b0 .
b0 K
b0 0
b0 L
b0 1
b0 M
0/
b100100000111 6
0)
#23115
0"
0T
1)
0(
b1 ?
b110101001 B
b1110000001 9
b1111110001 +
#23120
b0 7
b0 <
b100100001000 6
0)
#23125
1)
#23130
b1 Z
b11 Y
b0 \
b0 X
b1111101000 J
b1111101000 [
b11101000 W
b0 U
b1100 V
b11 .
b11 K
b1100111001100011 0
b1100111001100011 L
b1100110000000100 1
b1100110000000100 M
0*
1/
b100100001001 6
0)
#23135
0!
1"
b1111101000 $
b1111101000 I
b1111101000 R
1T
1)
b100 >
b100100001001 4
1(
b1110000100 3
#23140
1!
b1111001000 \
b11001000 X
b111 U
b0 Z
b10 Y
b1111000111 J
b1111111111 [
b11111111 W
b1111 V
b11111111111111111111111111101000 7
b1 <
b100 .
b100 K
b1000011100011000 0
b1000011100011000 L
b111100000111 1
b111100000111 M
1*
b100100001010 6
0)
#23145
b1111000111 $
b1111000111 I
b1111000111 R
1)
b1011101110 E
b110001111 @
b100 >
b100100001010 4
b1110000101 3
1(
b110101010 B
b1110000010 9
b1111101000 +
#23150
b1 Z
b1111111010 \
b11111010 X
b1010 U
b1111101100 J
b1111110010 [
b11110010 W
b1110 V
b11111111111111111111111111000111 7
b101 .
b101 K
b1111001001110001 0
b1111001001110001 L
b1011111010100000 1
b1011111010100000 M
b100100001011 6
0)
#23155
b1111101100 $
b1111101100 I
b1111101100 R
1)
b1011101111 E
b100 >
b100100001011 4
b1110000110 3
1(
b110101011 B
b1110000011 9
b1111000111 +
#23160
0!
b0 Z
b11 Y
b1111111011 \
b11111011 X
b1 U
b101100 J
b110001 [
b110001 W
b1001 V
b11111111111111111111111111101100 7
b0 :
b110 .
b110 K
b1101100010011011 0
b1101100010011011 L
b1001001100000001 1
b1001001100000001 M
0*
b100100001100 6
0)
#23165
1)
b10001011000 F
b1111101100 +
12
#23170
1!
b1 :
1*
b100100001101 6
0)
#23175
b101100 $
b101100 I
b101100 R
1)
b1011110000 E
b100 >
b100100001101 4
b1110000111 3
1(
b10 ?
b110101100 B
b1110000100 9
02
#23180
b1 Z
b0 \
b0 X
b0 U
b1111111000 J
b1111111000 [
b11111000 W
b1000 V
b101100 7
b111 .
b111 K
b111011100011111 0
b111011100011111 L
b1000111100001111 1
b1000111100001111 M
b100100001110 6
0)
#23185
b1111111000 $
b1111111000 I
b1111111000 R
1)
b1011110001 E
b110000000 A
b100 >
b100100001110 4
b1110001000 3
1(
b1 ?
b1110000101 9
b101100 +
#23190
0!
b0 Z
b10 Y
b111 \
b111 X
b111 U
b111 J
b0 [
b0 W
b110 V
b11111111111111111111111111111000 7
b0 :
b1000 .
b1000 K
b100101100000001 0
b100101100000001 L
b1001011000100111 1
b1001011000100111 M
0*
b100100001111 6
0)
#23195
1)
b10001011001 F
b1111111000 +
12
#23200
1!
b1 :
1*
b100100010000 6
0)
#23205
b111 $
b111 I
b111 R
1)
b1011110010 E
b110010000 @
b100 >
b100100010000 4
b1110001001 3
1(
b10 ?
b110101101 B
b1110000110 9
02
#23210
0!
b1 Z
b1111111011 [
b11111011 W
b1111111101 J
b10 \
b10 X
b1 U
b1011 V
b111 7
b0 :
b1001 .
b1001 K
b10010 0
b10010 L
b1110101100010011 1
b1110101100010011 M
0*
b100100010001 6
0)
#23215
1)
b10001011010 F
b111 +
12
#23220
b100100010010 6
0)
#23225
1)
b10001011011 F
#23230
1!
b1 :
1*
b100100010011 6
0)
#23235
b1111111101 $
b1111111101 I
b1111111101 R
1)
b1011110011 E
b100 >
b100100010011 4
b1110001010 3
1(
b11 ?
b1110000111 9
02
#23240
0!
b0 Z
b11 Y
b1000 \
b1000 X
b1111 U
b10000 J
b1000 [
b1000 W
b1000 V
b11111111111111111111111111111101 7
b0 :
b1010 .
b1010 K
b111111000 0
b111111000 L
b1000011110001111 1
b1000011110001111 M
0*
b100100010100 6
0)
#23245
1)
b10001011100 F
b1111111101 +
12
#23250
b100100010101 6
0)
#23255
1)
b10001011101 F
#23260
1!
b1 :
1*
b100100010110 6
0)
#23265
b10000 $
b10000 I
b10000 R
1)
b1011110100 E
b110010001 @
b110000010 A
b100 >
b100100010110 4
b1110001011 3
1(
b110101110 B
b1110001000 9
02
#23270
b1 Z
b1111111011 \
b11111011 X
b101 U
b1111111011 J
b0 [
b0 W
b0 V
b10000 7
b1011 .
b1011 K
b1101000111011111 0
b1101000111011111 L
b1001011101 1
b1001011101 M
b100100010111 6
0)
#23275
b1111111011 $
b1111111011 I
b1111111011 R
1)
b1011110101 E
b100 >
b100100010111 4
b1110001100 3
1(
b1 ?
b1110001001 9
b10000 +
#23280
0!
b0 Z
b10 Y
b1111110001 \
b11110001 X
b1011 U
b1110111001 J
b1111001000 [
b11001000 W
b1000 V
b11111111111111111111111111111011 7
b0 :
b1100 .
b1100 K
b101110001110011 0
b101110001110011 L
b1111100011011011 1
b1111100011011011 M
0*
b100100011000 6
0)
#23285
1)
b10001011110 F
b1111111011 +
12
#23290
1!
b1 :
1*
b100100011001 6
0)
#23295
b1110111001 $
b1110111001 I
b1110111001 R
1)
b1011110110 E
b110000011 A
b100 >
b100100011001 4
b1110001101 3
1(
b10 ?
b110101111 B
b1110001010 9
02
#23300
b0 \
b0 X
b0 U
b0 J
b0 [
b0 W
b0 V
b11111111111111111111111110111001 7
b0 .
b0 K
b0 0
b0 L
b0 1
b0 M
0/
b100100011010 6
0)
#23305
0"
0T
1)
0(
b1 ?
b110110000 B
b1110001011 9
b1110111001 +
#23310
b1 Z
b1111001000 J
b1111001000 [
b11001000 W
b1 U
b111 V
b0 7
b0 <
b1101 .
b1101 K
b100010000000 0
b100010000000 L
b1000011100011111 1
b1000011100011111 M
0*
1/
b100100011011 6
0)
#23315
0!
1"
b1111001000 $
b1111001000 I
b1111001000 R
1T
1)
b110000100 A
b110010010 @
b100 >
b100100011011 4
1(
b1110001110 3
#23320
b0 Z
b11 Y
b10000 \
b10000 X
b1100 U
b1101 J
b1111111101 [
b11111101 W
b1101 V
b11111111111111111111111111001000 7
b1 <
b0 :
b1110 .
b1110 K
b1011000100011100 0
b1011000100011100 L
b1101100110001100 1
b1101100110001100 M
b100100011100 6
0)
#23325
1)
b10001011111 F
b1111001000 +
12
#23330
b100100011101 6
0)
#23335
1)
b10001100000 F
#23340
b100100011110 6
0)
#23345
1)
b10001100001 F
#23350
b100100011111 6
0)
#23355
1)
b10001100010 F
#23360
b100100100000 6
0)
#23365
1)
b10001100011 F
#23370
b100100100001 6
0)
#23375
1)
b10001100100 F
#23380
b100100100010 6
0)
#23385
1)
b10001100101 F
#23390
b100100100011 6
0)
#23395
1)
b10001100110 F
#23400
b100100100100 6
0)
#23405
1)
b10001100111 F
#23410
b100100100101 6
0)
#23415
1)
b10001101000 F
#23420
b100100100110 6
0)
#23425
1)
b10001101001 F
#23430
b100100100111 6
0)
#23435
1)
b10001101010 F
#23440
b100100101000 6
0)
#23445
1)
b10001101011 F
#23450
b100100101001 6
0)
#23455
1)
b10001101100 F
#23460
b100100101010 6
0)
#23465
1)
b10001101101 F
#23470
b100100101011 6
0)
#23475
1)
b10001101110 F
#23480
b100100101100 6
0)
#23485
1)
b10001101111 F
#23490
1!
b1 :
1*
b100100101101 6
0)
#23495
b1101 $
b1101 I
b1101 R
1)
b1011110111 E
b110000101 A
b100 >
b100100101101 4
b1110001111 3
1(
b10010 ?
b110110001 B
b1110001100 9
02
#23500
b1 Z
b1010 \
b1010 X
b101 U
b111 J
b1111111101 [
b11111101 W
b1 V
b1101 7
b1111 .
b1111 K
b110110011010010 0
b110110011010010 L
b1110001011101 1
b1110001011101 M
b100100101110 6
0)
#23505
b111 $
b111 I
b111 R
1)
b1011111000 E
b100 >
b100100101110 4
b1110010000 3
1(
b1 ?
b1110001101 9
b1101 +
#23510
b0 Z
b10 Y
b110001 \
b110001 X
b111 U
b110001 J
b0 [
b0 W
b1 V
b111 7
b0 .
b0 K
b111000100000111 0
b111000100000111 L
b111000100010111 1
b111000100010111 M
b100100101111 6
0)
#23515
b110001 $
b110001 I
b110001 R
1)
b1011111001 E
b110010100 @
b100 >
b100100101111 4
b1110010001 3
1(
b1110001110 9
b111 +
#23520
b1 Z
b1000 [
b1000 W
b1110 J
b110 \
b110 X
b1111 U
b100 V
b110001 7
b1 .
b1 K
b1011011000101010 0
b1011011000101010 L
b11010011110010 1
b11010011110010 M
b100100110000 6
0)
#23525
b1110 $
b1110 I
b1110 R
1)
b1011111010 E
b100 >
b100100110000 4
b1110010010 3
1(
b1110001111 9
b110001 +
#23530
b0 Z
b11 Y
b1111110110 \
b11110110 X
b1011 U
b1111101110 J
b1111111000 [
b11111000 W
b1100 V
b1110 7
b10 .
b10 K
b1000010100100010 0
b1000010100100010 L
b1100101100001011 1
b1100101100001011 M
b100100110001 6
0)
#23535
b1111101110 $
b1111101110 I
b1111101110 R
1)
b1011111011 E
b100 >
b100100110001 4
b1110010011 3
1(
b1110010000 9
b1110 +
#23540
b1 Z
b1111111000 \
b11111000 X
b1000 U
b1111111000 J
b0 [
b0 W
b111 V
b11111111111111111111111111101110 7
b11 .
b11 K
b1000000000000001 0
b1000000000000001 L
b111100010001111 1
b111100010001111 M
b100100110010 6
0)
#23545
b1111111000 $
b1111111000 I
b1111111000 R
1)
b1011111100 E
b110010101 @
b110000111 A
b100 >
b100100110010 4
b1110010100 3
1(
b110110010 B
b1110010001 9
b1111101110 +
#23550
b0 Z
b10 Y
b1111110110 [
b11110110 W
b1111101010 J
b1111110100 \
b11110100 X
b1100 U
b1011 V
b11111111111111111111111111111000 7
b100 .
b100 K
b110110000100011 0
b110110000100011 L
b11101100001100 1
b11101100001100 M
b100100110011 6
0)
#23555
b1111101010 $
b1111101010 I
b1111101010 R
1)
b1011111101 E
b100 >
b100100110011 4
b1110010101 3
1(
b110110011 B
b1110010010 9
b1111111000 +
#23560
b0 \
b0 X
b0 U
b0 J
b0 [
b0 W
b0 V
b11111111111111111111111111101010 7
b0 .
b0 K
b0 0
b0 L
b0 1
b0 M
0/
b100100110100 6
0)
#23565
0"
0T
1)
0(
b110110100 B
b1110010011 9
b1111101010 +
#23570
b0 7
b0 <
b100100110101 6
0)
#23575
1)
#23580
b1 Z
b1111110010 \
b11110010 X
b1111101000 J
b1111110110 [
b11110110 W
b1001 U
b10 V
b101 .
b101 K
b1001001010110010 0
b1001001010110010 L
b1001010010110 1
b1001010010110 M
0*
1/
b100100110110 6
0)
#23585
0!
1"
b1111101000 $
b1111101000 I
b1111101000 R
1T
1)
b100 >
b100100110110 4
1(
b1110010110 3
#23590
1!
b0 Z
b11 Y
b0 \
b0 X
b0 U
b0 J
b0 [
b0 W
b0 V
b11111111111111111111111111101000 7
b1 <
b110 .
b110 K
b111111111111 0
b111111111111 L
b111110000 1
b111110000 M
1*
b100100110111 6
0)
#23595
b0 $
b0 I
b0 R
1)
b1011111110 E
b100 >
b100100110111 4
b1110010111 3
1(
b110110101 B
b1110010100 9
b1111101000 +
#23600
b1 Z
b0 \
b0 X
b0 U
b100100 J
b100100 [
b100100 W
b1010 V
b0 7
b111 .
b111 K
b101111010100001 0
b101111010100001 L
b1010110000000110 1
b1010110000000110 M
b100100111000 6
0)
#23605
b100100 $
b100100 I
b100100 R
1)
b1011111111 E
b100 >
b100100111000 4
b1110011000 3
1(
b1110010101 9
b0 +
#23610
b0 Z
b10 Y
b0 J
b0 [
b0 W
b0 V
b100100 7
b0 .
b0 K
b0 0
b0 L
b0 1
b0 M
0/
b100100111001 6
0)
#23615
0"
0T
1)
0(
b1110010110 9
b100100 +
#23620
b0 7
b0 <
b100100111010 6
0)
#23625
1)
#23630
b1111011101 \
b11011101 X
b1111010111 J
b1111111010 [
b11111010 W
b1001 U
b1 V
b1000 .
b1000 K
b1111110010100101 0
b1111110010100101 L
b1101000110011001 1
b1101000110011001 M
1/
b100100111011 6
0)
#23635
1"
b1111010111 $
b1111010111 I
b1111010111 R
1T
1)
b100 >
b100100111011 4
1(
b1110011001 3
#23640
0!
b1 Z
b111 [
b111 W
b1111001111 J
b1111001000 \
b11001000 X
b111 U
b11111111111111111111111111010111 7
b1 <
b0 :
b1001 .
b1001 K
b111100001111000 0
b111100001111000 L
b1111000101111000 1
b1111000101111000 M
0*
b100100111100 6
0)
#23645
1)
b10001110000 F
b1111010111 +
12
#23650
1!
b1 :
1*
b100100111101 6
0)
#23655
b1111001111 $
b1111001111 I
b1111001111 R
1)
b1100000000 E
b110010110 @
b110001000 A
b100 >
b100100111101 4
b1110011010 3
1(
b10 ?
b110110110 B
b1110010111 9
02
#23660
0!
b0 Z
b11 Y
b100000 \
b100000 X
b1000 U
b10100 J
b1111110100 [
b11110100 W
b100 V
b11111111111111111111111111001111 7
b0 :
b1010 .
b1010 K
b111010011011100 0
b111010011011100 L
b100110011111000 1
b100110011111000 M
0*
b100100111110 6
0)
#23665
1)
b10001110001 F
b1111001111 +
12
#23670
1!
b1 :
1*
b100100111111 6
0)
#23675
b10100 $
b10100 I
b10100 R
1)
b1100000001 E
b110001001 A
b100 >
b100100111111 4
b1110011011 3
1(
b110110111 B
b1110011000 9
02
#23680
0!
b1 Z
b1111111000 \
b11111000 X
b1000 U
b110 J
b1110 [
b1110 W
b10 V
b10100 7
b0 :
b1011 .
b1011 K
b11100101110001 0
b11100101110001 L
b10111110000000 1
b10111110000000 M
0*
b100101000000 6
0)
#23685
1)
b10001110010 F
b10100 +
12
#23690
b100101000001 6
0)
#23695
1)
b10001110011 F
#23700
1!
b1 :
1*
b100101000010 6
0)
#23705
b110 $
b110 I
b110 R
1)
b1100000010 E
b110001010 A
b100 >
b100101000010 4
b1110011100 3
1(
b11 ?
b1110011001 9
02
#23710
0!
b0 Z
b10 Y
b0 \
b0 X
b0 U
b0 J
b0 [
b0 W
b0 V
b110 7
b0 :
b0 .
b0 K
b0 0
b0 L
b0 1
b0 M
0*
0/
b100101000011 6
0)
#23715
1)
b110 +
12
#23720
1!
b111 \
b111 X
b1000 J
b1 [
b1 W
b1 U
b1111 V
b1 :
b1100 .
b1100 K
b1111111111110111 0
b1111111111110111 L
b1111101110001 1
b1111101110001 M
1*
1/
b100101000100 6
0)
#23725
b1000 $
b1000 I
b1000 R
1)
b1100000011 E
b110010111 @
b100 >
b100101000100 4
b1110011101 3
1(
b10 ?
b1110011010 9
02
#23730
0!
b1 Z
b1000000 \
b1000000 X
b1000 U
b1001110 J
b1110 [
b1110 W
b111 V
b1000 7
b0 :
b1101 .
b1101 K
b100011100101000 0
b100011100101000 L
b1100011110000010 1
b1100011110000010 M
0*
b100101000101 6
0)
#23735
1)
b10001110100 F
b1000 +
12
#23740
1!
b1 :
1*
b100101000110 6
0)
#23745
b1001110 $
b1001110 I
b1001110 R
1)
b1100000100 E
b110011000 @
b110001011 A
b100 >
b100101000110 4
b1110011110 3
1(
b1110011011 9
02
#23750
b11 U
b0 Z
b1001 V
b11 Y
b1111110001 \
b11110001 X
b1111000000 J
b1111001111 [
b11001111 W
b1001110 7
b1110 .
b1110 K
b1010101001111011 0
b1010101001111011 L
b1001011110000011 1
b1001011110000011 M
b100101000111 6
0)
#23755
b1111000000 $
b1111000000 I
b1111000000 R
1)
b1100000101 E
b110011001 @
b110001100 A
b100 >
b100101000111 4
b1110011111 3
1(
b1 ?
b1110011100 9
b1001110 +
#23760
0!
b1 Z
b0 \
b0 X
b1 U
b111 J
b111 [
b111 W
b111 V
b11111111111111111111111111000000 7
b0 :
b1111 .
b1111 K
b1100000010000 0
b1100000010000 L
b111000000011111 1
b111000000011111 M
0*
b100101001000 6
0)
#23765
1)
b10001110101 F
b1111000000 +
12
#23770
1!
b1 :
1*
b100101001001 6
0)
#23775
b111 $
b111 I
b111 R
1)
b1100000110 E
b110011010 @
b100 >
b100101001001 4
b1110100000 3
1(
b10 ?
b110111000 B
b1110011101 9
02
#23780
b0 Z
b10 Y
b0 U
b0 J
b0 [
b0 W
b0 V
b111 7
b0 .
b0 K
b0 0
b0 L
b0 1
b0 M
0/
b100101001010 6
0)
#23785
0"
0T
1)
0(
b1 ?
b1110011110 9
b111 +
#23790
b0 7
b0 <
b100101001011 6
0)
#23795
1)
#23800
b1111110100 \
b11110100 X
b11 J
b1111 [
b1111 W
b110 U
b11 V
b101101001011110 0
b101101001011110 L
b111001100010110 1
b111001100010110 M
1/
b100101001100 6
0)
#23805
1"
b11 $
b11 I
b11 R
1T
1)
b110011011 @
b100 >
b100101001100 4
1(
b1110100001 3
#23810
b1 Z
b1111111010 \
b11111010 X
b11 U
b1111111110 J
b100 [
b100 W
b1100 V
b11 7
b1 <
b1 .
b1 K
b1111111111111110 0
b1111111111111110 L
b101110000111011 1
b101110000111011 M
b100101001101 6
0)
#23815
b1111111110 $
b1111111110 I
b1111111110 R
1)
b1100000111 E
b100 >
b100101001101 4
b1110100010 3
1(
b1110011111 9
b11 +
#23820
b0 Z
b11 Y
b0 \
b0 X
b111 U
b0 J
b0 [
b0 W
b1 V
b11111111111111111111111111111110 7
b10 .
b10 K
b1000100000000000 0
b1000100000000000 L
b1100000000111 1
b1100000000111 M
b100101001110 6
0)
#23825
b0 $
b0 I
b0 R
1)
b1100001000 E
b110001101 A
b110011100 @
b100 >
b100101001110 4
b1110100011 3
1(
b110111001 B
b1110100000 9
b1111111110 +
#23830
b10 Y
b0 U
b0 V
b0 7
b0 .
b0 K
b0 0
b0 L
b0 1
b0 M
0/
b100101001111 6
0)
#23835
0"
0T
1)
0(
b1110100001 9
b0 +
#23840
b1 Z
b11 Y
b1111111101 \
b11111101 X
b100 J
b111 [
b111 W
b1 U
b1 V
b0 <
b11 .
b11 K
b110011001111101 0
b110011001111101 L
b1010000010101 1
b1010000010101 M
1/
b100101010000 6
0)
#23845
1"
b100 $
b100 I
b100 R
1T
1)
b100 >
b100101010000 4
1(
b1110100100 3
#23850
0!
b0 Z
b10 Y
b110 \
b110 X
b1 U
b1111111000 J
b1111110010 [
b11110010 W
b1001 V
b100 7
b1 <
b0 :
b100 .
b100 K
b1000110100100110 0
b1000110100100110 L
b1011100101000001 1
b1011100101000001 M
0*
b100101010001 6
0)
#23855
1)
b10001110110 F
b100 +
12
#23860
b100101010010 6
0)
#23865
1)
b10001110111 F
#23870
b100101010011 6
0)
#23875
1)
b10001111000 F
#23880
b100101010100 6
0)
#23885
1)
b10001111001 F
#23890
b100101010101 6
0)
#23895
1)
b10001111010 F
#23900
b100101010110 6
0)
#23905
1)
b10001111011 F
#23910
b100101010111 6
0)
#23915
1)
b10001111100 F
#23920
b100101011000 6
0)
#23925
1)
b10001111101 F
#23930
b100101011001 6
0)
#23935
1)
b10001111110 F
#23940
b100101011010 6
0)
#23945
1)
b10001111111 F
#23950
b100101011011 6
0)
#23955
1)
b10010000000 F
#23960
b100101011100 6
0)
#23965
1)
b10010000001 F
#23970
b100101011101 6
0)
#23975
1)
b10010000010 F
#23980
b100101011110 6
0)
#23985
1)
b10010000011 F
#23990
b100101011111 6
0)
#23995
1)
b10010000100 F
#24000
b100101100000 6
0)
#24005
1)
b10010000101 F
#24010
b100101100001 6
0)
#24015
1)
b10010000110 F
#24020
b100101100010 6
0)
#24025
1)
b10010000111 F
#24030
1!
b1 :
1*
b100101100011 6
0)
#24035
b1111111000 $
b1111111000 I
b1111111000 R
1)
b1100001001 E
b100 >
b100101100011 4
b1110100101 3
1(
b10011 ?
b1110100010 9
02
#24040
0!
b111 U
b1 Z
b0 \
b0 X
b1111111001 J
b1111111001 [
b11111001 W
b111 V
b11111111111111111111111111111000 7
b0 :
b101 .
b101 K
b1000111111110000 0
b1000111111110000 L
b11101110001 1
b11101110001 M
0*
b100101100100 6
0)
#24045
1)
b10010001000 F
b1111111000 +
12
#24050
1!
b1 :
1*
b100101100101 6
0)
#24055
b1111111001 $
b1111111001 I
b1111111001 R
1)
b1100001010 E
b110011110 @
b100 >
b100101100101 4
b1110100110 3
1(
b10 ?
b110111010 B
b1110100011 9
02
#24060
b0 Z
b0 U
b0 J
b0 [
b0 W
b0 V
b11111111111111111111111111111001 7
b0 .
b0 K
b0 0
b0 L
b0 1
b0 M
0/
b100101100110 6
0)
#24065
0"
0T
1)
0(
b1 ?
b110111011 B
b1110100100 9
b1111111001 +
#24070
b11 Y
b1000 \
b1000 X
b1111111001 J
b1111110001 [
b11110001 W
b10 U
b11 V
b0 7
b0 <
b110 .
b110 K
b10001010110100 0
b10001010110100 L
b11001110000010 1
b11001110000010 M
1/
b100101100111 6
0)
#24075
1"
1T
1)
b110001110 A
b100 >
b100101100111 4
1(
b1110100111 3
#24080
b10 Y
b0 \
b0 X
b0 U
b0 J
b0 [
b0 W
b0 V
b11111111111111111111111111111001 7
b1 <
b0 .
b0 K
b0 0
b0 L
b0 1
b0 M
0/
b100101101000 6
0)
#24085
0"
0T
1)
0(
b110111100 B
b1110100101 9
#24090
b1 Z
b11 Y
b1111111000 \
b11111000 X
b1010 J
b10010 [
b10010 W
b1 U
b1101 V
b0 7
b0 <
b111 .
b111 K
b10011010101000 0
b10011010101000 L
b1101110000010010 1
b1101110000010010 M
0*
1/
b100101101001 6
0)
#24095
0!
1"
b1010 $
b1010 I
b1010 R
1T
1)
b100 >
b100101101001 4
1(
b1110101000 3
#24100
b0 Z
b10 Y
b0 \
b0 X
b111 U
b1111001000 J
b1111001000 [
b11001000 W
b1000 V
b1010 7
b1 <
b0 :
b1000 .
b1000 K
b1111000101110000 0
b1111000101110000 L
b1000100011110111 1
b1000100011110111 M
b100101101010 6
0)
#24105
1)
b10010001001 F
b1010 +
12
#24110
1!
b1 :
1*
b100101101011 6
0)
#24115
b1111001000 $
b1111001000 I
b1111001000 R
1)
b1100001011 E
b110010000 A
b110011111 @
b100 >
b100101101011 4
b1110101001 3
1(
b10 ?
b1110100110 9
02
#24120
b1111110100 \
b11110100 X
b1 Z
b10 U
b1111110100 J
b0 [
b0 W
b0 V
b11111111111111111111111111001000 7
b1001 .
b1001 K
b1010001100001010 0
b1010001100001010 L
b1000000000100000 1
b1000000000100000 M
b100101101100 6
0)
#24125
b1111110100 $
b1111110100 I
b1111110100 R
1)
b1100001100 E
b110010001 A
b100 >
b100101101100 4
b1110101010 3
1(
b1 ?
b110111101 B
b1110100111 9
b1111001000 +
#24130
b0 Z
b0 J
b0 \
b0 X
b0 U
b11111111111111111111111111110100 7
b0 .
b0 K
b0 0
b0 L
b0 1
b0 M
0/
b100101101101 6
0)
#24135
0"
0T
1)
0(
b110111110 B
b1110101000 9
b1111110100 +
#24140
b11 Y
b10100 \
b10100 X
b1111111100 J
b1111101000 [
b11101000 W
b100 U
b11 V
b0 7
b0 <
b1010 .
b1010 K
b110000101 0
b110000101 L
b11100000000100 1
b11100000000100 M
1/
b100101101110 6
0)
#24145
1"
b1111111100 $
b1111111100 I
b1111111100 R
1T
1)
b110010010 A
b100 >
b100101101110 4
1(
b1110101011 3
#24150
0!
b10 Y
b0 \
b0 X
b0 U
b0 J
b0 [
b0 W
b0 V
b11111111111111111111111111111100 7
b1 <
b0 :
b0 .
b0 K
b0 0
b0 L
b0 1
b0 M
0*
0/
b100101101111 6
0)
#24155
1)
b1111111100 +
12
#24160
1!
b1 Z
b11 Y
b0 \
b0 X
b1111111001 J
b1111111001 [
b11111001 W
b0 U
b1111 V
b1 :
b1011 .
b1011 K
b1111111101111000 0
b1111111101111000 L
b1111100000001000 1
b1111100000001000 M
1*
1/
b100101110000 6
0)
#24165
b1111111001 $
b1111111001 I
b1111111001 R
1)
b1100001101 E
b110010100 A
b100 >
b100101110000 4
b1110101100 3
1(
b10 ?
b110111111 B
b1110101001 9
02
#24170
b0 Z
b10 Y
b0 \
b0 X
b110 U
b110 J
b110 [
b110 W
b10 V
b11111111111111111111111111111001 7
b1100 .
b1100 K
b1100101100110000 0
b1100101100110000 L
b1010001010110110 1
b1010001010110110 M
b100101110001 6
0)
#24175
b110 $
b110 I
b110 R
1)
b1100001110 E
b100 >
b100101110001 4
b1110101101 3
1(
b1 ?
b111000000 B
b1110101010 9
b1111111001 +
#24180
b1 Z
b1111101110 \
b11101110 X
b110 U
b1111101110 J
b0 [
b0 W
b110 V
b110 7
b1101 .
b1101 K
b111001000001101 0
b111001000001101 L
b1111011001101010 1
b1111011001101010 M
b100101110010 6
0)
#24185
b1111101110 $
b1111101110 I
b1111101110 R
1)
b1100001111 E
b100 >
b100101110010 4
b1110101110 3
1(
b1110101011 9
b110 +
#24190
0!
b0 Z
b11 Y
b1111111001 [
b11111001 W
b1111111001 J
b0 \
b0 X
b0 U
b1111 V
b11111111111111111111111111101110 7
b0 :
b1110 .
b1110 K
b1000100001111111 0
b1000100001111111 L
b1111111100010000 1
b1111111100010000 M
0*
b100101110011 6
0)
#24195
1)
b10010001010 F
b1111101110 +
12
#24200
1!
b1 :
1*
b100101110100 6
0)
#24205
b1111111001 $
b1111111001 I
b1111111001 R
1)
b1100010000 E
b100 >
b100101110100 4
b1110101111 3
1(
b10 ?
b111000001 B
b1110101100 9
02
#24210
0!
b1 Z
b1100 \
b1100 X
b1100 U
b10110 J
b1010 [
b1010 W
b10 V
b11111111111111111111111111111001 7
b0 :
b1111 .
b1111 K
b1010101011101 0
b1010101011101 L
b10011011001001 1
b10011011001001 M
0*
b100101110101 6
0)
#24215
1)
b10010001011 F
b1111111001 +
12
#24220
1!
b1 :
1*
b100101110110 6
0)
#24225
b10110 $
b10110 I
b10110 R
1)
b1100010001 E
b100 >
b100101110110 4
b1110110000 3
1(
b111000010 B
b1110101101 9
02
#24230
b0 Z
b10 Y
b1111101100 \
b11101100 X
b101 U
b1100 J
b100000 [
b100000 W
b1000 V
b10110 7
b0 .
b0 K
b110000011001100 0
b110000011001100 L
b1010100011100101 1
b1010100011100101 M
b100101110111 6
0)
#24235
b1100 $
b1100 I
b1100 R
1)
b1100010010 E
b110010101 A
b100 >
b100101110111 4
b1110110001 3
1(
b1 ?
b1110101110 9
b10110 +
#24240
0!
b0 \
b0 X
b0 U
b0 J
b0 [
b0 W
b0 V
b1100 7
b0 :
b0 0
b0 L
b0 1
b0 M
0*
0/
b100101111000 6
0)
#24245
1)
b1100 +
12
#24250
b1 Z
b1111111001 J
b1111111001 \
b11111001 X
b111 U
b1000 V
b1 .
b1 K
b1000000000001111 0
b1000000000001111 L
b1000100001111111 1
b1000100001111111 M
1/
b100101111001 6
0)
#24255
1)
b10010001100 F
#24260
b100101111010 6
0)
#24265
1)
b10010001101 F
#24270
1!
b1 :
1*
b100101111011 6
0)
#24275
b1111111001 $
b1111111001 I
b1111111001 R
1)
b1100010011 E
b110010111 A
b110100000 @
b100 >
b100101111011 4
b1110110010 3
1(
b100 ?
b1110101111 9
02
#24280
b0 Z
b101 [
b101 W
b11 Y
b1100 J
b111 \
b111 X
b1001 U
b1111 V
b11111111111111111111111111111001 7
b10 .
b10 K
b1110011010111111 0
b1110011010111111 L
b1111000001011001 1
b1111000001011001 M
b100101111100 6
0)
#24285
b1100 $
b1100 I
b1100 R
1)
b1100010100 E
b100 >
b100101111100 4
b1110110011 3
1(
b1 ?
b111000011 B
b1110110000 9
b1111111001 +
#24290
b10 Y
b0 \
b0 X
b0 U
b0 J
b0 [
b0 W
b0 V
b1100 7
b0 .
b0 K
b0 0
b0 L
b0 1
b0 M
0/
b100101111101 6
0)
#24295
0"
0T
1)
0(
b1110110001 9
b1100 +
#24300
b1 Z
b11 Y
b1 \
b1 X
b110 J
b101 [
b101 W
b1111 U
b1111 V
b0 7
b0 <
b11 .
b11 K
b1011011010111111 0
b1011011010111111 L
b1111101111111010 1
b1111101111111010 M
1/
b100101111110 6
0)
#24305
1"
b110 $
b110 I
b110 R
1T
1)
b100 >
b100101111110 4
1(
b1110110100 3
#24310
b0 Z
b10 Y
b0 \
b0 X
b0 U
b0 J
b0 [
b0 W
b0 V
b110 7
b1 <
b100 .
b100 K
b111000100010111 0
b111000100010111 L
b1000000010000 1
b1000000010000 M
b100101111111 6
0)
#24315
b0 $
b0 I
b0 R
1)
b1100010101 E
b100 >
b100101111111 4
b1110110101 3
1(
b1110110010 9
b110 +
#24320
b0 7
b0 .
b0 K
b0 0
b0 L
b0 1
b0 M
0/
b100110000000 6
0)
#24325
0"
0T
1)
0(
b1110110011 9
b0 +
#24330
b0 <
b100110000001 6
0)
#24335
1)
#24340
0*
b100110000010 6
0)
#24345
1)
#24350
b1 Z
b1111101100 \
b11101100 X
b1111001110 J
b1111100010 [
b11100010 W
b100 U
b110 V
b101 .
b101 K
b111011010111011 0
b111011010111011 L
b1101011001000010 1
b1101011001000010 M
1/
b100110000011 6
0)
#24355
0!
1"
b1111001110 $
b1111001110 I
b1111001110 R
1T
1)
b100 >
b100110000011 4
1(
b1110110110 3
#24360
1!
b0 Z
b0 \
b0 X
b0 U
b0 J
b0 [
b0 W
b0 V
b11111111111111111111111111001110 7
b1 <
b0 .
b0 K
b0 0
b0 L
b0 1
b0 M
1*
0/
b100110000100 6
0)
#24365
0"
0T
1)
0(
b111000100 B
b1110110100 9
b1111001110 +
#24370
b11 Y
b10100 \
b10100 X
b10 J
b1111101110 [
b11101110 W
b1011 U
b11 V
b0 7
b0 <
b110 .
b110 K
b111010110101100 0
b111010110101100 L
b11111110101011 1
b11111110101011 M
1/
b100110000101 6
0)
#24375
1"
b10 $
b10 I
b10 R
1T
1)
b100 >
b100110000101 4
1(
b1110110111 3
#24380
0!
b10 Y
b0 \
b0 X
b0 U
b0 J
b0 [
b0 W
b0 V
b10 7
b1 <
b0 :
b0 .
b0 K
b0 0
b0 L
b0 1
b0 M
0*
0/
b100110000110 6
0)
#24385
1)
b10 +
12
#24390
b1 Z
b11 Y
b1 \
b1 X
b0 J
b1111111111 [
b11111111 W
b1 U
b1111 V
b111 .
b111 K
b1011100010001 0
b1011100010001 L
b1111011100010001 1
b1111011100010001 M
1/
b100110000111 6
0)
#24395
1)
b10010001110 F
#24400
b100110001000 6
0)
#24405
1)
b10010001111 F
#24410
b100110001001 6
0)
#24415
1)
b10010010000 F
#24420
b100110001010 6
0)
#24425
1)
b10010010001 F
#24430
b100110001011 6
0)
#24435
1)
b10010010010 F
#24440
b100110001100 6
0)
#24445
1)
b10010010011 F
#24450
b100110001101 6
0)
#24455
1)
b10010010100 F
#24460
b100110001110 6
0)
#24465
1)
b10010010101 F
#24470
b100110001111 6
0)
#24475
1)
b10010010110 F
#24480
b100110010000 6
0)
#24485
1)
b10010010111 F
#24490
b100110010001 6
0)
#24495
1)
b10010011000 F
#24500
b100110010010 6
0)
#24505
1)
b10010011001 F
#24510
b100110010011 6
0)
#24515
1)
b10010011010 F
#24520
b100110010100 6
0)
#24525
1)
b10010011011 F
#24530
b100110010101 6
0)
#24535
1)
b10010011100 F
#24540
b100110010110 6
0)
#24545
1)
b10010011101 F
#24550
b100110010111 6
0)
#24555
1)
b10010011110 F
#24560
1!
b1 :
1*
b100110011000 6
0)
#24565
b0 $
b0 I
b0 R
1)
b1100010110 E
b110100001 @
b100 >
b100110011000 4
b1110111000 3
1(
b10011 ?
b1110110101 9
02
#24570
b0 Z
b10 Y
b11 \
b11 X
b1 U
b110 J
b11 [
b11 W
b1101 V
b0 7
b1000 .
b1000 K
b1111111111110011 0
b1111111111110011 L
b10110110110001 1
b10110110110001 M
b100110011001 6
0)
#24575
b110 $
b110 I
b110 R
1)
b1100010111 E
b100 >
b100110011001 4
b1110111001 3
1(
b1 ?
b1110110110 9
b0 +
#24580
0!
b1 Z
b1111110000 \
b11110000 X
b100 U
b1111100010 J
b1111110010 [
b11110010 W
b111 V
b110 7
b0 :
b1001 .
b1001 K
b11111111101100 0
b11111111101100 L
b101011101000110 1
b101011101000110 M
0*
b100110011010 6
0)
#24585
1)
b10010011111 F
b110 +
12
#24590
1!
b1 :
1*
b100110011011 6
0)
#24595
b1111100010 $
b1111100010 I
b1111100010 R
1)
b1100011000 E
b110100010 @
b100 >
b100110011011 4
b1110111010 3
1(
b10 ?
b1110110111 9
02
#24600
0!
b0 Z
b11 Y
b0 \
b0 X
b0 U
b0 J
b0 [
b0 W
b0 V
b11111111111111111111111111100010 7
b0 :
b1010 .
b1010 K
b1011100011000 0
b1011100011000 L
b100010000000 1
b100010000000 M
0*
b100110011100 6
0)
#24605
1)
b10010100000 F
b1111100010 +
12
#24610
b100110011101 6
0)
#24615
1)
b10010100001 F
#24620
b100110011110 6
0)
#24625
1)
b10010100010 F
#24630
b100110011111 6
0)
#24635
1)
b10010100011 F
#24640
1!
b1 :
1*
b100110100000 6
0)
#24645
b0 $
b0 I
b0 R
1)
b1100011001 E
b110011001 A
b100 >
b100110100000 4
b1110111011 3
1(
b101 ?
b111000101 B
b1110111000 9
02
#24650
0!
b1 Z
b111000 \
b111000 X
b1000 U
b11010 J
b1111100010 [
b11100010 W
b1010 V
b0 7
b0 :
b1011 .
b1011 K
b1000111001011001 0
b1000111001011001 L
b1010010010000110 1
b1010010010000110 M
0*
b100110100001 6
0)
#24655
1)
b10010100100 F
b0 +
12
#24660
b100110100010 6
0)
#24665
1)
b10010100101 F
#24670
1!
b1 :
1*
b100110100011 6
0)
#24675
b11010 $
b11010 I
b11010 R
1)
b1100011010 E
b110011010 A
b100 >
b100110100011 4
b1110111100 3
1(
b11 ?
b1110111001 9
02
#24680
b0 Z
b10 Y
b1111111000 \
b11111000 X
b1100 U
b1111110010 J
b1111111010 [
b11111010 W
b11 V
b11010 7
b1100 .
b1100 K
b1110001111100010 0
b1110001111100010 L
b101001111101100 1
b101001111101100 M
b100110100100 6
0)
#24685
b1111110010 $
b1111110010 I
b1111110010 R
1)
b1100011011 E
b100 >
b100110100100 4
b1110111101 3
1(
b1 ?
b1110111010 9
b11010 +
#24690
b1 Z
b0 \
b0 X
b0 U
b0 J
b0 [
b0 W
b111 V
b11111111111111111111111111110010 7
b1101 .
b1101 K
b1000111100000111 0
b1000111100000111 L
b1000011100001111 1
b1000011100001111 M
b100110100101 6
0)
#24695
b0 $
b0 I
b0 R
1)
b1100011100 E
b110011011 A
b110100011 @
b100 >
b100110100101 4
b1110111110 3
1(
b111000110 B
b1110111011 9
b1111110010 +
#24700
0!
b0 Z
b11 Y
b1111101100 [
b11101100 W
b100100 J
b111000 \
b111000 X
b1001 U
b1011 V
b0 7
b0 :
b1110 .
b1110 K
b110010101001000 0
b110010101001000 L
b1011100000011001 1
b1011100000011001 M
0*
b100110100110 6
0)
#24705
1)
b10010100110 F
b0 +
12
#24710
1!
b1 :
1*
b100110100111 6
0)
#24715
b100100 $
b100100 I
b100100 R
1)
b1100011101 E
b110011100 A
b100 >
b100110100111 4
b1110111111 3
1(
b10 ?
b1110111100 9
02
#24720
b10 Y
b0 \
b0 X
b0 U
b0 J
b0 [
b0 W
b0 V
b100100 7
b0 .
b0 K
b0 0
b0 L
b0 1
b0 M
0/
b100110101000 6
0)
#24725
0"
0T
1)
0(
b1 ?
b1110111101 9
b100100 +
#24730
b1 Z
b11 Y
b111000 \
b111000 X
b1000100 J
b1100 [
b1100 W
b1000 U
b1100 V
b0 7
b0 <
b1111 .
b1111 K
b10011011011001 0
b10011011011001 L
b1100011010000011 1
b1100011010000011 M
1/
b100110101001 6
0)
#24735
1"
b1000100 $
b1000100 I
b1000100 R
1T
1)
b110011101 A
b100 >
b100110101001 4
1(
b1111000000 3
#24740
b0 Z
b10 Y
b1000 \
b1000 X
b1111 U
b1000 J
b0 [
b0 W
b1111 V
b1000100 7
b1 <
b0 .
b0 K
b1000 0
b1000 L
b1111100001111 1
b1111100001111 M
b100110101010 6
0)
#24745
b1000 $
b1000 I
b1000 R
1)
b1100011110 E
b100 >
b100110101010 4
b1111000001 3
1(
b1110111110 9
b1000100 +
#24750
b1 Z
b1111100010 [
b11100010 W
b10010 J
b110000 \
b110000 X
b1010 U
b1010 V
b1000 7
b1 .
b1 K
b111101101011000 0
b111101101011000 L
b110101010101000 1
b110101010101000 M
b100110101011 6
0)
#24755
b10010 $
b10010 I
b10010 R
1)
b1100011111 E
b110011110 A
b100 >
b100110101011 4
b1111000010 3
1(
b1110111111 9
b1000 +
#24760
b0 Z
b11 Y
b1111101000 \
b11101000 X
b1010 U
b11000 J
b110000 [
b110000 W
b1000 V
b10010 7
b10 .
b10 K
b100111110100100 0
b100111110100100 L
b1000000010111010 1
b1000000010111010 M
b100110101100 6
0)
#24765
b11000 $
b11000 I
b11000 R
1)
b1100100000 E
b110011111 A
b100 >
b100110101100 4
b1111000011 3
1(
b1111000000 9
b10010 +
#24770
b1 Z
b1000000 \
b1000000 X
b1000 U
b1000001 J
b1 [
b1 W
b1111 V
b11000 7
b11 .
b11 K
b1111000111111000 0
b1111000111111000 L
b1111000010000111 1
b1111000010000111 M
b100110101101 6
0)
#24775
b1000001 $
b1000001 I
b1000001 R
1)
b1100100001 E
b110100000 A
b110100100 @
b100 >
b100110101101 4
b1111000100 3
1(
b1111000001 9
b11000 +
#24780
0!
b1101 U
b0 Z
b10 Y
b11 \
b11 X
b1001 J
b110 [
b110 W
b1010 V
b1000001 7
b0 :
b100 .
b100 K
b10110111111111 0
b10110111111111 L
b1101101010001101 1
b1101101010001101 M
0*
b100110101110 6
0)
#24785
1)
b10010100111 F
b1000001 +
12
#24790
1!
b1 :
1*
b100110101111 6
0)
#24795
b1001 $
b1001 I
b1001 R
1)
b1100100010 E
b110100001 A
b100 >
b100110101111 4
b1111000101 3
1(
b10 ?
b1111000010 9
02
#24800
0!
b1 Z
b10100 \
b10100 X
b100 U
b110000 J
b11100 [
b11100 W
b1001 V
b1001 7
b0 :
b101 .
b101 K
b1110011111000101 0
b1110011111000101 L
b11100101000010 1
b11100101000010 M
0*
b100110110000 6
0)
#24805
1)
b10010101000 F
b1001 +
12
#24810
b100110110001 6
0)
#24815
1)
b10010101001 F
#24820
b100110110010 6
0)
#24825
1)
b10010101010 F
#24830
1!
b1 :
1*
b100110110011 6
0)
#24835
b110000 $
b110000 I
b110000 R
1)
b1100100011 E
b100 >
b100110110011 4
b1111000110 3
1(
b100 ?
b1111000011 9
02
#24840
b0 Z
b11 Y
b0 \
b0 X
b0 U
b111 J
b111 [
b111 W
b111 V
b110000 7
b110 .
b110 K
b1011100010000 0
b1011100010000 L
b111100011110000 1
b111100011110000 M
b100110110100 6
0)
#24845
b111 $
b111 I
b111 R
1)
b1100100100 E
b110100101 @
b110100010 A
b100 >
b100110110100 4
b1111000111 3
1(
b1 ?
b1111000100 9
b110000 +
#24850
b1 Z
b100 \
b100 X
b1 U
b10 J
b1111111110 [
b11111110 W
b10 V
b111 7
b111 .
b111 K
b100010111110100 0
b100010111110100 L
b10100100011111 1
b10100100011111 M
b100110110101 6
0)
#24855
b10 $
b10 I
b10 R
1)
b1100100101 E
b100 >
b100110110101 4
b1111001000 3
1(
b1111000101 9
b111 +
#24860
b0 Z
b10 Y
b1111111010 \
b11111010 X
b1010 U
b10011 J
b11001 [
b11001 W
b1011 V
b10 7
b1000 .
b1000 K
b1001011110110001 0
b1001011110110001 L
b1011101110101010 1
b1011101110101010 M
b100110110110 6
0)
#24865
b10011 $
b10011 I
b10011 R
1)
b1100100110 E
b100 >
b100110110110 4
b1111001001 3
1(
b1111000110 9
b10 +
#24870
b1 Z
b1000 \
b1000 X
b1111 U
b1111010000 J
b1111001000 [
b11001000 W
b1000 V
b10011 7
b1001 .
b1001 K
b1111111101111000 0
b1111111101111000 L
b111100011111000 1
b111100011111000 M
b100110110111 6
0)
#24875
b1111010000 $
b1111010000 I
b1111010000 R
1)
b1100100111 E
b110100110 @
b110100100 A
b100 >
b100110110111 4
b1111001010 3
1(
b1111000111 9
b10011 +
#24880
0!
b0 Z
b11 Y
b0 \
b0 X
b1111 U
b1111111101 J
b1111111101 [
b11111101 W
b1111 V
b11111111111111111111111111010000 7
b0 :
b1010 .
b1010 K
b10110000110000 0
b10110000110000 L
b1111010001011111 1
b1111010001011111 M
0*
b100110111000 6
0)
#24885
1)
b10010101011 F
b1111010000 +
12
#24890
b100110111001 6
0)
#24895
1)
b10010101100 F
#24900
1!
b1 :
1*
b100110111010 6
0)
#24905
b1111111101 $
b1111111101 I
b1111111101 R
1)
b1100101000 E
b100 >
b100110111010 4
b1111001011 3
1(
b11 ?
b111000111 B
b1111001000 9
02
#24910
0!
b1 Z
b1111101110 \
b11101110 X
b1101 U
b1111101110 J
b0 [
b0 W
b0 V
b11111111111111111111111111111101 7
b0 :
b1011 .
b1011 K
b1110000110010110 0
b1110000110010110 L
b11011010110 1
b11011010110 M
0*
b100110111011 6
0)
#24915
1)
b10010101101 F
b1111111101 +
12
#24920
b100110111100 6
0)
#24925
1)
b10010101110 F
#24930
b100110111101 6
0)
#24935
1)
b10010101111 F
#24940
b100110111110 6
0)
#24945
1)
b10010110000 F
#24950
b100110111111 6
0)
#24955
1)
b10010110001 F
#24960
b100111000000 6
0)
#24965
1)
b10010110010 F
#24970
b100111000001 6
0)
#24975
1)
b10010110011 F
#24980
b100111000010 6
0)
#24985
1)
b10010110100 F
#24990
b100111000011 6
0)
#24995
1)
b10010110101 F
#25000
b100111000100 6
0)
#25005
1)
b10010110110 F
#25010
b100111000101 6
0)
#25015
1)
b10010110111 F
#25020
b100111000110 6
0)
#25025
1)
b10010111000 F
#25030
b100111000111 6
0)
#25035
1)
b10010111001 F
#25040
b100111001000 6
0)
#25045
1)
b10010111010 F
#25050
b100111001001 6
0)
#25055
1)
b10010111011 F
#25060
b100111001010 6
0)
#25065
1)
b10010111100 F
#25070
b100111001011 6
0)
#25075
1)
b10010111101 F
#25080
b100111001100 6
0)
#25085
1)
b10010111110 F
#25090
b100111001101 6
0)
#25095
1)
b10010111111 F
#25100
b100111001110 6
0)
#25105
1)
b10011000000 F
#25110
b100111001111 6
0)
#25115
1)
b10011000001 F
#25120
1!
b1 :
1*
b100111010000 6
0)
#25125
b1111101110 $
b1111101110 I
b1111101110 R
1)
b1100101001 E
b100 >
b100111010000 4
b1111001100 3
1(
b10110 ?
b111001000 B
b1111001001 9
02
#25130
b0 Z
b1111111111 [
b11111111 W
b1 V
b10 Y
b0 J
b1 \
b1 X
b1111 U
b11111111111111111111111111101110 7
b1100 .
b1100 K
b1111111111111111 0
b1111111111111111 L
b101111111 1
b101111111 M
b100111010001 6
0)
#25135
b0 $
b0 I
b0 R
1)
b1100101010 E
b110100111 @
b100 >
b100111010001 4
b1111001101 3
1(
b1 ?
b111001001 B
b1111001010 9
b1111101110 +
#25140
b0 \
b0 X
b0 U
b0 J
b0 [
b0 W
b0 V
b0 7
b0 .
b0 K
b0 0
b0 L
b0 1
b0 M
0/
b100111010010 6
0)
#25145
0"
0T
1)
0(
b1111001011 9
b0 +
#25150
b1 Z
b101000 \
b101000 X
b101100 J
b100 [
b100 W
b1000 U
b1100 V
b0 <
b1101 .
b1101 K
b1000110011111011 0
b1000110011111011 L
b1010110010000011 1
b1010110010000011 M
1/
b100111010011 6
0)
#25155
1"
b101100 $
b101100 I
b101100 R
1T
1)
b110100101 A
b100 >
b100111010011 4
1(
b1111001110 3
#25160
0!
b0 Z
b11 Y
b0 \
b0 X
b1101 U
b1111101000 J
b1111101000 [
b11101000 W
b1000 V
b101100 7
b1 <
b0 :
b1110 .
b1110 K
b1110010000110000 0
b1110010000110000 L
b1000110101111101 1
b1000110101111101 M
0*
b100111010100 6
0)
#25165
1)
b10011000010 F
b101100 +
12
#25170
1!
b1 :
1*
b100111010101 6
0)
#25175
b1111101000 $
b1111101000 I
b1111101000 R
1)
b1100101011 E
b110100110 A
b110101000 @
b100 >
b100111010101 4
b1111001111 3
1(
b10 ?
b1111001100 9
02
#25180
0!
b1 Z
b1000 U
b110001 J
b110001 [
b110001 W
b111 V
b11111111111111111111111111101000 7
b0 :
b1111 .
b1111 K
b101110000 0
b101110000 L
b111000010000001 1
b111000010000001 M
0*
b100111010110 6
0)
#25185
1)
b10011000011 F
b1111101000 +
12
#25190
1!
b1 :
1*
b100111010111 6
0)
#25195
b110001 $
b110001 I
b110001 R
1)
b1100101100 E
b110101001 @
b110100111 A
b100 >
b100111010111 4
b1111010000 3
1(
b111001010 B
b1111001101 9
02
#25200
b0 Z
b10 Y
b1111101000 \
b11101000 X
b11 U
b1111101010 J
b10 [
b10 W
b10 V
b110001 7
b0 .
b0 K
b1000011100011000 0
b1000011100011000 L
b1100001000100011 1
b1100001000100011 M
b100111011000 6
0)
#25205
b1111101010 $
b1111101010 I
b1111101010 R
1)
b1100101101 E
b100 >
b100111011000 4
b1111010001 3
1(
b1 ?
b1111001110 9
b110001 +
#25210
b1 Z
b1100 \
b1100 X
b1010 U
b111101 J
b110001 [
b110001 W
b111 V
b11111111111111111111111111101010 7
b1 .
b1 K
b1011110001111110 0
b1011110001111110 L
b110011110101111 1
b110011110101111 M
b100111011001 6
0)
#25215
b111101 $
b111101 I
b111101 R
1)
b1100101110 E
b110101010 @
b100 >
b100111011001 4
b1111010010 3
1(
b111001011 B
b1111001111 9
b1111101010 +
#25220
0!
b0 Z
b11 Y
b1000 \
b1000 X
b1111 U
b1000 J
b0 [
b0 W
b1000 V
b111101 7
b0 :
b10 .
b10 K
b1111011100001000 0
b1111011100001000 L
b1000111100011111 1
b1000111100011111 M
0*
b100111011010 6
0)
#25225
1)
b10011000100 F
b111101 +
12
#25230
b100111011011 6
0)
#25235
1)
b10011000101 F
#25240
b100111011100 6
0)
#25245
1)
b10011000110 F
#25250
1!
b1 :
1*
b100111011101 6
0)
#25255
b1000 $
b1000 I
b1000 R
1)
b1100101111 E
b110101000 A
b100 >
b100111011101 4
b1111010011 3
1(
b100 ?
b1111010000 9
02
#25260
b1 Z
b1111111000 [
b11111000 W
b1111110000 J
b1111111000 \
b11111000 X
b100 U
b1000 7
b11 .
b11 K
b1011101000011110 0
b1011101000011110 L
b1000101001001110 1
b1000101001001110 M
b100111011110 6
0)
#25265
b1111110000 $
b1111110000 I
b1111110000 R
1)
b1100110000 E
b110101001 A
b100 >
b100111011110 4
b1111010100 3
1(
b1 ?
b1111010001 9
b1000 +
#25270
b0 Z
b10 Y
b110 \
b110 X
b1101 U
b10010 J
b1100 [
b1100 W
b11 V
b11111111111111111111111111110000 7
b100 .
b100 K
b1110000001001110 0
b1110000001001110 L
b1011001101101101 1
b1011001101101101 M
b100111011111 6
0)
#25275
b10010 $
b10010 I
b10010 R
1)
b1100110001 E
b100 >
b100111011111 4
b1111010101 3
1(
b111001100 B
b1111010010 9
b1111110000 +
#25280
0!
b1 Z
b1 \
b1 X
b1 U
b1111111010 J
b1111111001 [
b11111001 W
b1111 V
b10010 7
b0 :
b101 .
b101 K
b1000001110001 0
b1000001110001 L
b1000111100010000 1
b1000111100010000 M
0*
b100111100000 6
0)
#25285
1)
b10011000111 F
b10010 +
12
#25290
1!
b1 :
1*
b100111100001 6
0)
#25295
b1111111010 $
b1111111010 I
b1111111010 R
1)
b1100110010 E
b110101010 A
b100 >
b100111100001 4
b1111010110 3
1(
b10 ?
b1111010011 9
02
#25300
0!
b0 Z
b11 Y
b1111110001 \
b11110001 X
b101 U
b1111111101 J
b1100 [
b1100 W
b1101 V
b11111111111111111111111111111010 7
b0 :
b110 .
b110 K
b1100000011001101 0
b1100000011001101 L
b1101010110110101 1
b1101010110110101 M
0*
b100111100010 6
0)
#25305
1)
b10011001000 F
b1111111010 +
12
#25310
1!
b1 :
1*
b100111100011 6
0)
#25315
b1111111101 $
b1111111101 I
b1111111101 R
1)
b1100110011 E
b100 >
b100111100011 4
b1111010111 3
1(
b111001101 B
b1111010100 9
02
#25320
0!
b1 Z
b11 [
b11 W
b111 J
b100 \
b100 X
b1110 U
b11111111111111111111111111111101 7
b0 :
b111 .
b111 K
b1100110111111110 0
b1100110111111110 L
b1101011111101100 1
b1101011111101100 M
0*
b100111100100 6
0)
#25325
1)
b10011001001 F
b1111111101 +
12
#25330
1!
b1 :
1*
b100111100101 6
0)
#25335
b111 $
b111 I
b111 R
1)
b1100110100 E
b110101011 @
b100 >
b100111100101 4
b1111011000 3
1(
b111001110 B
b1111010101 9
02
#25340
0!
b0 Z
b10 Y
b0 \
b0 X
b1 U
b1111111000 J
b1111111000 [
b11111000 W
b1 V
b111 7
b0 :
b1000 .
b1000 K
b1000011110000000 0
b1000011110000000 L
b110000001 1
b110000001 M
0*
b100111100110 6
0)
#25345
1)
b10011001010 F
b111 +
12
#25350
1!
b1 :
1*
b100111100111 6
0)
#25355
b1111111000 $
b1111111000 I
b1111111000 R
1)
b1100110101 E
b110101011 A
b100 >
b100111100111 4
b1111011001 3
1(
b1111010110 9
02
#25360
b1 Z
b101000 \
b101000 X
b1000 U
b11001 J
b1111110001 [
b11110001 W
b1011 V
b11111111111111111111111111111000 7
b1001 .
b1001 K
b101111100111011 0
b101111100111011 L
b1010101110001000 1
b1010101110001000 M
b100111101000 6
0)
#25365
b11001 $
b11001 I
b11001 R
1)
b1100110110 E
b110101101 A
b100 >
b100111101000 4
b1111011010 3
1(
b1 ?
b111001111 B
b1111010111 9
b1111111000 +
#25370
b0 Z
b11 Y
b1111111010 \
b11111010 X
b10 U
b1111010111 J
b1111011101 [
b11011101 W
b101 V
b11001 7
b1010 .
b1010 K
b1110000110011101 0
b1110000110011101 L
b101010000110010 1
b101010000110010 M
b100111101001 6
0)
#25375
b1111010111 $
b1111010111 I
b1111010111 R
1)
b1100110111 E
b100 >
b100111101001 4
b1111011011 3
1(
b1111011000 9
b11001 +
#25380
b1 Z
b111 \
b111 X
b111 U
b1110 J
b111 [
b111 W
b1 V
b11111111111111111111111111010111 7
b1011 .
b1011 K
b1000101110001 0
b1000101110001 L
b1111101110111 1
b1111101110111 M
b100111101010 6
0)
#25385
b1110 $
b1110 I
b1110 R
1)
b1100111000 E
b110101101 @
b100 >
b100111101010 4
b1111011100 3
1(
b111010000 B
b1111011001 9
b1111010111 +
#25390
b0 Z
b10 Y
b1111111011 \
b11111011 X
b1111 U
b1111111011 J
b0 [
b0 W
b111 V
b1110 7
b1100 .
b1100 K
b101000100000101 0
b101000100000101 L
b101011110101111 1
b101011110101111 M
b100111101011 6
0)
#25395
b1111111011 $
b1111111011 I
b1111111011 R
1)
b1100111001 E
b110101110 @
b100 >
b100111101011 4
b1111011101 3
1(
b1111011010 9
b1110 +
#25400
b1 Z
b1111101011 [
b11101011 W
b11100 J
b110001 \
b110001 X
b111 U
b1001 V
b11111111111111111111111111111011 7
b1101 .
b1101 K
b111100000110111 0
b111100000110111 L
b110100101110000 1
b110100101110000 M
b100111101100 6
0)
#25405
b11100 $
b11100 I
b11100 R
1)
b1100111010 E
b110101111 @
b100 >
b100111101100 4
b1111011110 3
1(
b111010001 B
b1111011011 9
b1111111011 +
#25410
0!
b0 Z
b11 Y
b1111001000 \
b11001000 X
b111 U
b1111001000 J
b0 [
b0 W
b0 V
b11100 7
b0 :
b1110 .
b1110 K
b1000000100011000 0
b1000000100011000 L
b11110111 1
b11110111 M
0*
b100111101101 6
0)
#25415
1)
b10011001011 F
b11100 +
12
#25420
1!
b1 :
1*
b100111101110 6
0)
#25425
b1111001000 $
b1111001000 I
b1111001000 R
1)
b1100111011 E
b110110000 @
b100 >
b100111101110 4
b1111011111 3
1(
b10 ?
b1111011100 9
02
#25430
b1 Z
b1111110111 \
b11110111 X
b1101 U
b100001 J
b101010 [
b101010 W
b110 V
b11111111111111111111111111001000 7
b1111 .
b1111 K
b10000001110011 0
b10000001110011 L
b110011011011010 1
b110011011011010 M
b100111101111 6
0)
#25435
b100001 $
b100001 I
b100001 R
1)
b1100111100 E
b100 >
b100111101111 4
b1111100000 3
1(
b1 ?
b111010010 B
b1111011101 9
b1111001000 +
#25440
0!
b0 Z
b10 Y
b1111101000 \
b11101000 X
b100 U
b1111111010 J
b10010 [
b10010 W
b110 V
b100001 7
b0 :
b0 .
b0 K
b1100000100111010 0
b1100000100111010 L
b1000011011000100 1
b1000011011000100 M
0*
b100111110000 6
0)
#25445
1)
b10011001100 F
b100001 +
12
#25450
b100111110001 6
0)
#25455
1)
b10011001101 F
#25460
b100111110010 6
0)
#25465
1)
b10011001110 F
#25470
b100111110011 6
0)
#25475
1)
b10011001111 F
#25480
b100111110100 6
0)
#25485
1)
b10011010000 F
#25490
b100111110101 6
0)
#25495
1)
b10011010001 F
#25500
b100111110110 6
0)
#25505
1)
b10011010010 F
#25510
b100111110111 6
0)
#25515
1)
b10011010011 F
#25520
b100111111000 6
0)
#25525
1)
b10011010100 F
#25530
b100111111001 6
0)
#25535
1)
b10011010101 F
#25540
b100111111010 6
0)
#25545
1)
b10011010110 F
#25550
b100111111011 6
0)
#25555
1)
b10011010111 F
#25560
b100111111100 6
0)
#25565
1)
b10011011000 F
#25570
b100111111101 6
0)
#25575
1)
b10011011001 F
#25580
b100111111110 6
0)
#25585
1)
b10011011010 F
#25590
b100111111111 6
0)
#25595
1)
b10011011011 F
#25600
b101000000000 6
0)
#25605
1)
b10011011100 F
#25610
1!
b1 :
1*
b101000000001 6
0)
#25615
b1111111010 $
b1111111010 I
b1111111010 R
1)
b1100111101 E
b110101110 A
b100 >
b101000000001 4
b1111100001 3
1(
b10010 ?
b1111011110 9
02
#25620
0!
b1 Z
b0 \
b0 X
b0 U
b0 J
b0 [
b0 W
b0 V
b11111111111111111111111111111010 7
b0 :
b1 .
b1 K
b111100011110001 0
b111100011110001 L
b1000000000000 1
b1000000000000 M
0*
b101000000010 6
0)
#25625
1)
b10011011101 F
b1111111010 +
12
#25630
1!
b1 :
1*
b101000000011 6
0)
#25635
b0 $
b0 I
b0 R
1)
b1100111110 E
b100 >
b101000000011 4
b1111100010 3
1(
b10 ?
b111010011 B
b1111011111 9
02
#25640
b0 Z
b11 Y
b1111110000 \
b11110000 X
b1100 U
b1111101110 J
b1111111110 [
b11111110 W
b1111 V
b0 7
b10 .
b10 K
b1100010000100100 0
b1100010000100100 L
b1111001111101100 1
b1111001111101100 M
b101000000100 6
0)
#25645
b1111101110 $
b1111101110 I
b1111101110 R
1)
b1100111111 E
b100 >
b101000000100 4
b1111100011 3
1(
b1 ?
b1111100000 9
b0 +
#25650
b10 Y
b0 \
b0 X
b0 U
b0 J
b0 [
b0 W
b0 V
b11111111111111111111111111101110 7
b0 .
b0 K
b0 0
b0 L
b0 1
b0 M
0/
b101000000101 6
0)
#25655
0"
0T
1)
0(
b111010100 B
b1111100001 9
b1111101110 +
#25660
b1 Z
b11 Y
b110001 \
b110001 X
b101001 J
b1111111000 [
b11111000 W
b1001 U
b10 V
b0 7
b0 <
b11 .
b11 K
b1101011001001 0
b1101011001001 L
b10111110010110 1
b10111110010110 M
0*
1/
b101000000110 6
0)
#25665
0!
1"
b101001 $
b101001 I
b101001 R
1T
1)
b100 >
b101000000110 4
1(
b1111100100 3
#25670
1!
b0 Z
b10 Y
b0 \
b0 X
b0 U
b1111111111 J
b1111111111 [
b11111111 W
b1 V
b101001 7
b1 <
b100 .
b100 K
b111000011110001 0
b111000011110001 L
b100010000 1
b100010000 M
1*
b101000000111 6
0)
#25675
b1111111111 $
b1111111111 I
b1111111111 R
1)
b1101000000 E
b100 >
b101000000111 4
b1111100101 3
1(
b1111100010 9
b101001 +
#25680
0!
b0 J
b0 [
b0 W
b0 V
b11111111111111111111111111111111 7
b0 :
b0 .
b0 K
b0 0
b0 L
b0 1
b0 M
0*
0/
b101000001000 6
0)
#25685
1)
b1111111111 +
12
#25690
1!
b1 :
1*
b101000001001 6
0)
#25695
0"
0T
1)
0(
b10 ?
b111010101 B
b1111100011 9
02
#25700
b1111 U
b1 Z
b11 J
b11 [
b11 W
b1111 V
b0 7
b0 <
b101 .
b101 K
b1011011111010000 0
b1011011111010000 L
b111111111110000 1
b111111111110000 M
0*
1/
b101000001010 6
0)
#25705
0!
1"
b11 $
b11 I
b11 R
1T
1)
b110110001 @
b100 >
b101000001010 4
1(
b1111100110 3
#25710
1!
b0 Z
b0 U
b0 J
b0 [
b0 W
b0 V
b11 7
b1 <
b0 .
b0 K
b0 0
b0 L
b0 1
b0 M
1*
0/
b101000001011 6
0)
#25715
0"
0T
1)
0(
b1 ?
b1111100100 9
b11 +
#25720
b11 Y
b1111100010 J
b1111100010 [
b11100010 W
b1110 U
b101 V
b0 7
b0 <
b110 .
b110 K
b1011101110100000 0
b1011101110100000 L
b101101001111110 1
b101101001111110 M
1/
b101000001100 6
0)
#25725
1"
b1111100010 $
b1111100010 I
b1111100010 R
1T
1)
b110110010 @
b100 >
b101000001100 4
1(
b1111100111 3
#25730
b1111111000 \
b11111000 X
b1 Z
b1 U
b1111111001 J
b1 [
b1 W
b1 V
b11111111111111111111111111100010 7
b1 <
b111 .
b111 K
b11000 0
b11000 L
b1011100010000 1
b1011100010000 M
b101000001101 6
0)
#25735
b1111111001 $
b1111111001 I
b1111111001 R
1)
b1101000001 E
b110110011 @
b100 >
b101000001101 4
b1111101000 3
1(
b111010110 B
b1111100101 9
b1111100010 +
#25740
b0 Z
b10 Y
b0 \
b0 X
b0 U
b0 J
b0 [
b0 W
b0 V
b11111111111111111111111111111001 7
b0 .
b0 K
b0 0
b0 L
b0 1
b0 M
0/
b101000001110 6
0)
#25745
0"
0T
1)
0(
b111010111 B
b1111100110 9
b1111111001 +
#25750
b1100 \
b1100 X
b10100 J
b1000 [
b1000 W
b1100 U
b1100 V
b0 7
b0 <
b1000 .
b1000 K
b1100011111101101 0
b1100011111101101 L
b1001110001111100 1
b1001110001111100 M
1/
b101000001111 6
0)
#25755
1"
b10100 $
b10100 I
b10100 R
1T
1)
b110110100 @
b100 >
b101000001111 4
1(
b1111101001 3
#25760
0!
b1 Z
b1111001000 \
b11001000 X
b111 U
b1111001000 J
b0 [
b0 W
b0 V
b10100 7
b1 <
b0 :
b1001 .
b1001 K
b10010111000 0
b10010111000 L
b110000001111111 1
b110000001111111 M
0*
b101000010000 6
0)
#25765
1)
b10011011110 F
b10100 +
12
#25770
b101000010001 6
0)
#25775
1)
b10011011111 F
#25780
1!
b1 :
1*
b101000010010 6
0)
#25785
b1111001000 $
b1111001000 I
b1111001000 R
1)
b1101000010 E
b110110101 @
b100 >
b101000010010 4
b1111101010 3
1(
b11 ?
b1111100111 9
02
#25790
0!
b0 Z
b11 Y
b1111001000 \
b11001000 X
b111 U
b1111001000 J
b0 [
b0 W
b0 V
b11111111111111111111111111001000 7
b0 :
b1010 .
b1010 K
b1000111100001000 0
b1000111100001000 L
b111111110111 1
b111111110111 M
0*
b101000010011 6
0)
#25795
1)
b10011100000 F
b1111001000 +
12
#25800
b101000010100 6
0)
#25805
1)
b10011100001 F
#25810
1!
b1 :
1*
b101000010101 6
0)
#25815
1)
b1101000011 E
b110110110 @
b100 >
b101000010101 4
b1111101011 3
1(
b111011000 B
b1111101000 9
02
#25820
b1 Z
b10000 [
b10000 W
b1111111110 J
b1111101110 \
b11101110 X
b1101 U
b1100 V
b1011 .
b1011 K
b1000011111000110 0
b1000011111000110 L
b1100111111010000 1
b1100111111010000 M
b101000010110 6
0)
#25825
b1111111110 $
b1111111110 I
b1111111110 R
1)
b1101000100 E
b100 >
b101000010110 4
b1111101100 3
1(
b1 ?
b111011001 B
b1111101001 9
#25830
b0 Z
b10 Y
b1111111100 \
b11111100 X
b1100 U
b1111100111 J
b1111101011 [
b11101011 W
b11 V
b11111111111111111111111111111110 7
b1100 .
b1100 K
b110001010010001 0
b110001010010001 L
b1001111101100 1
b1001111101100 M
b101000010111 6
0)
#25835
b1111100111 $
b1111100111 I
b1111100111 R
1)
b1101000101 E
b100 >
b101000010111 4
b1111101101 3
1(
b111011010 B
b1111101010 9
b1111111110 +
#25840
b1 Z
b111 \
b111 X
b111 U
b1110 J
b111 [
b111 W
b1 V
b11111111111111111111111111100111 7
b1101 .
b1101 K
b1000000001110001 0
b1000000001110001 L
b101111000 1
b101111000 M
b101000011000 6
0)
#25845
b1110 $
b1110 I
b1110 R
1)
b1101000110 E
b110110111 @
b110101111 A
b100 >
b101000011000 4
b1111101110 3
1(
b111011011 B
b1111101011 9
b1111100111 +
#25850
b0 Z
b11 Y
b1100 \
b1100 X
b1100 U
b1111101110 J
b1111100010 [
b11100010 W
b110 V
b1110 7
b1110 .
b1110 K
b110001010111101 0
b110001010111101 L
b110111011111100 1
b110111011111100 M
b101000011001 6
0)
#25855
b1111101110 $
b1111101110 I
b1111101110 R
1)
b1101000111 E
b100 >
b101000011001 4
b1111101111 3
1(
b1111101100 9
b1110 +
#25860
b1 Z
b1111110000 \
b11110000 X
b100 U
b1111110000 J
b0 [
b0 W
b1101 V
b11111111111111111111111111101110 7
b1111 .
b1111 K
b1000010000001100 0
b1000010000001100 L
b1101110101000010 1
b1101110101000010 M
b101000011010 6
0)
#25865
b1111110000 $
b1111110000 I
b1111110000 R
1)
b1101001000 E
b100 >
b101000011010 4
b1111110000 3
1(
b111011100 B
b1111101101 9
b1111101110 +
#25870
b0 Z
b10 Y
b1111111000 [
b11111000 W
b0 J
b1000 \
b1000 X
b1111 U
b1000 V
b11111111111111111111111111110000 7
b0 .
b0 K
b111011100011000 0
b111011100011000 L
b1000100000011111 1
b1000100000011111 M
b101000011011 6
0)
#25875
b0 $
b0 I
b0 R
1)
b1101001001 E
b110110001 A
b100 >
b101000011011 4
b1111110001 3
1(
b111011101 B
b1111101110 9
b1111110000 +
#25880
b1 Z
b1111111110 \
b11111110 X
b1111 U
b100 J
b110 [
b110 W
b1111 V
b0 7
b1 .
b1 K
b100101010100010 0
b100101010100010 L
b1001111111111011 1
b1001111111111011 M
b101000011100 6
0)
#25885
b100 $
b100 I
b100 R
1)
b1101001010 E
b100 >
b101000011100 4
b1111110010 3
1(
b1111101111 9
b0 +
#25890
b0 Z
b11 Y
b1111110001 \
b11110001 X
b11 U
b1111010101 J
b1111100100 [
b11100100 W
b1100 V
b100 7
b10 .
b10 K
b10011001111011 0
b10011001111011 L
b1100100110110011 1
b1100100110110011 M
b101000011101 6
0)
#25895
b1111010101 $
b1111010101 I
b1111010101 R
1)
b1101001011 E
b100 >
b101000011101 4
b1111110011 3
1(
b1111110000 9
b100 +
#25900
b10 Y
b0 \
b0 X
b0 U
b0 J
b0 [
b0 W
b0 V
b11111111111111111111111111010101 7
b0 .
b0 K
b0 0
b0 L
b0 1
b0 M
0/
b101000011110 6
0)
#25905
0"
0T
1)
0(
b111011110 B
b1111110001 9
b1111010101 +
#25910
b1 Z
b11 Y
b0 \
b0 X
b1000000 J
b1000000 [
b1000000 W
b0 U
b1000 V
b0 7
b0 <
b11 .
b11 K
b1000000010000001 0
b1000000010000001 L
b1000100000001000 1
b1000100000001000 M
0*
1/
b101000011111 6
0)
#25915
0!
1"
b1000000 $
b1000000 I
b1000000 R
1T
1)
b110110100 A
b100 >
b101000011111 4
1(
b1111110100 3
#25920
1!
b1111111101 \
b11111101 X
b1111 U
b0 Z
b10 Y
b100000 J
b100011 [
b100011 W
b1001 V
b1000000 7
b1 <
b100 .
b100 K
b1111011110110011 0
b1111011110110011 L
b10100100001111 1
b10100100001111 M
1*
b101000100000 6
0)
#25925
b100000 $
b100000 I
b100000 R
1)
b1101001100 E
b100 >
b101000100000 4
b1111110101 3
1(
b1111110010 9
b1000000 +
#25930
b0 \
b0 X
b0 U
b0 J
b0 [
b0 W
b0 V
b100000 7
b0 .
b0 K
b0 0
b0 L
b0 1
b0 M
0/
b101000100001 6
0)
#25935
0"
0T
1)
0(
b1111110011 9
b100000 +
#25940
b1 Z
b10100 \
b10100 X
b100100 J
b10000 [
b10000 W
b1011 U
b1110 V
b0 7
b0 <
b101 .
b101 K
b1000110010001100 0
b1000110010001100 L
b1110111010110111 1
b1110111010110111 M
1/
b101000100010 6
0)
#25945
1"
b100100 $
b100100 I
b100100 R
1T
1)
b110111000 @
b100 >
b101000100010 4
1(
b1111110110 3
#25950
b0 Z
b11 Y
b1000 \
b1000 X
b1000 U
b1000 J
b0 [
b0 W
b0 V
b100100 7
b1 <
b110 .
b110 K
b1000011100001111 0
b1000011100001111 L
b11110001000 1
b11110001000 M
b101000100011 6
0)
#25955
b1000 $
b1000 I
b1000 R
1)
b1101001101 E
b110111001 @
b110110110 A
b100 >
b101000100011 4
b1111110111 3
1(
b1111110100 9
b100100 +
#25960
b1 Z
b10000 [
b10000 W
b1010 J
b1111111010 \
b11111010 X
b10 U
b1000 V
b1000 7
b111 .
b111 K
b1001010111101101 0
b1001010111101101 L
b1000111100101011 1
b1000111100101011 M
b101000100100 6
0)
#25965
b1010 $
b1010 I
b1010 R
1)
b1101001110 E
b110110111 A
b100 >
b101000100100 4
b1111111000 3
1(
b1111110101 9
b1000 +
#25970
0!
b0 Z
b10 Y
b100011 \
b100011 X
b1011 U
b101001 J
b110 [
b110 W
b1111 V
b1010 7
b0 :
b1000 .
b1000 K
b1101110101001 0
b1101110101001 L
b1101111110111011 1
b1101111110111011 M
0*
b101000100101 6
0)
#25975
1)
b10011100010 F
b1010 +
12
#25980
b101000100110 6
0)
#25985
1)
b10011100011 F
#25990
b101000100111 6
0)
#25995
1)
b10011100100 F
#26000
b101000101000 6
0)
#26005
1)
b10011100101 F
#26010
b101000101001 6
0)
#26015
1)
b10011100110 F
#26020
b101000101010 6
0)
#26025
1)
b10011100111 F
#26030
b101000101011 6
0)
#26035
1)
b10011101000 F
#26040
b101000101100 6
0)
#26045
1)
b10011101001 F
#26050
b101000101101 6
0)
#26055
1)
b10011101010 F
#26060
b101000101110 6
0)
#26065
1)
b10011101011 F
#26070
b101000101111 6
0)
#26075
1)
b10011101100 F
#26080
b101000110000 6
0)
#26085
1)
b10011101101 F
#26090
b101000110001 6
0)
#26095
1)
b10011101110 F
#26100
b101000110010 6
0)
#26105
1)
b10011101111 F
#26110
b101000110011 6
0)
#26115
1)
b10011110000 F
#26120
b101000110100 6
0)
#26125
1)
b10011110001 F
#26130
b101000110101 6
0)
#26135
1)
b10011110010 F
#26140
1!
b1 :
1*
b101000110110 6
0)
#26145
b101001 $
b101001 I
b101001 R
1)
b1101001111 E
b100 >
b101000110110 4
b1111111001 3
1(
b10010 ?
b1111110110 9
02
#26150
b0 \
b0 X
b0 U
b0 J
b0 [
b0 W
b0 V
b101001 7
b0 .
b0 K
b0 0
b0 L
b0 1
b0 M
0/
b101000110111 6
0)
#26155
0"
0T
1)
0(
b1 ?
b1111110111 9
b101001 +
#26160
b1 U
b1 Z
b1111111111 J
b1111111111 [
b11111111 W
b1111 V
b0 7
b0 <
b1001 .
b1001 K
b1111100000010000 0
b1111100000010000 L
b1111100010000 1
b1111100010000 M
1/
b101000111000 6
0)
#26165
1"
b1111111111 $
b1111111111 I
b1111111111 R
1T
1)
b100 >
b101000111000 4
1(
b1111111010 3
#26170
b0 Z
b0 U
b0 J
b0 [
b0 W
b0 V
b11111111111111111111111111111111 7
b1 <
b0 .
b0 K
b0 0
b0 L
b0 1
b0 M
0/
b101000111001 6
0)
#26175
0"
0T
1)
0(
b111011111 B
b1111111000 9
b1111111111 +
#26180
b0 7
b0 <
0*
b101000111010 6
0)
#26185
1)
#26190
b11 Y
b1111111101 \
b11111101 X
b1111011010 J
b1111011101 [
b11011101 W
b1111 U
b1001 V
b1010 .
b1010 K
b100011001010011 0
b100011001010011 L
b1001011010101111 1
b1001011010101111 M
1/
b101000111011 6
0)
#26195
0!
1"
b1111011010 $
b1111011010 I
b1111011010 R
1T
1)
b100 >
b101000111011 4
1(
b1111111011 3
#26200
1!
b1 Z
b1111101011 \
b11101011 X
b1101 U
b1111011011 J
b1111110000 [
b11110000 W
b10 V
b11111111111111111111111111011010 7
b1 <
b1011 .
b1011 K
b1000110010000111 0
b1000110010000111 L
b10100111010101 1
b10100111010101 M
1*
b101000111100 6
0)
#26205
b1111011011 $
b1111011011 I
b1111011011 R
1)
b1101010000 E
b100 >
b101000111100 4
b1111111100 3
1(
b111100000 B
b1111111001 9
b1111011010 +
#26210
b0 Z
b10 Y
b0 \
b0 X
b0 U
b0 J
b0 [
b0 W
b0 V
b11111111111111111111111111011011 7
b0 .
b0 K
b0 0
b0 L
b0 1
b0 M
0/
b101000111101 6
0)
#26215
0"
0T
1)
0(
b111100001 B
b1111111010 9
b1111011011 +
#26220
b1 J
b1 \
b1 X
b1111 U
b0 7
b0 <
b1100 .
b1100 K
b1000000100011111 0
b1000000100011111 L
b1111000000001111 1
b1111000000001111 M
1/
b101000111110 6
0)
#26225
1"
b1 $
b1 I
b1 R
1T
1)
b100 >
b101000111110 4
1(
b1111111101 3
#26230
0!
b0 J
b0 \
b0 X
b0 U
b1 7
b1 <
b0 :
b0 .
b0 K
b0 0
b0 L
b0 1
b0 M
0*
0/
b101000111111 6
0)
#26235
1)
b1 +
12
#26240
1!
b1 Z
b101000 J
b101000 \
b101000 X
b1011 U
b1 :
b1101 .
b1101 K
b111010011111000 0
b111010011111000 L
b1100000010110001 1
b1100000010110001 M
1*
1/
b101001000000 6
0)
#26245
b101000 $
b101000 I
b101000 R
1)
b1101010001 E
b100 >
b101001000000 4
b1111111110 3
1(
b10 ?
b1111111011 9
02
#26250
b0 Z
b11 Y
b100 \
b100 X
b1111 U
b100 J
b0 [
b0 W
b0 V
b101000 7
b1110 .
b1110 K
b1111001100011100 0
b1111001100011100 L
b1000111111 1
b1000111111 M
b101001000001 6
0)
#26255
b100 $
b100 I
b100 R
1)
b1101010010 E
b100 >
b101001000001 4
b1111111111 3
1(
b1 ?
b1111111100 9
b101000 +
#26260
b10 Y
b0 J
b0 \
b0 X
b0 U
b100 7
b0 .
b0 K
b0 0
b0 L
b0 1
b0 M
0/
b101001000010 6
0)
#26265
0"
0T
1)
0(
b1111111101 9
b100 +
#26270
b1000000 \
b1000000 X
b1000 U
b1 Z
b11 Y
b1001000 J
b1000 [
b1000 W
b1111 V
b0 7
b0 <
b1111 .
b1111 K
b10001000 0
b10001000 L
b1111111110000000 1
b1111111110000000 M
0*
1/
b101001000011 6
0)
#26275
0!
1"
b1001000 $
b1001000 I
b1001000 R
1T
1)
b110111000 A
b100 >
b101001000011 4
1(
b10000000000 3
#26280
1!
b0 Z
b10 Y
b11000 \
b11000 X
b110 U
b11011 J
b11 [
b11 W
b1 V
b1001000 7
b1 <
b0 .
b0 K
b1010111100110100 0
b1010111100110100 L
b1101000100000110 1
b1101000100000110 M
1*
b101001000100 6
0)
#26285
b11011 $
b11011 I
b11011 R
1)
b1101010011 E
b100 >
b101001000100 4
b10000000001 3
1(
b1111111110 9
b1001000 +
#26290
0!
b1011 U
b1 Z
b0 \
b0 X
b100011 J
b100011 [
b100011 W
b1011 V
b11011 7
b0 :
b1 .
b1 K
b111000110010000 0
b111000110010000 L
b1110101110110110 1
b1110101110110110 M
0*
b101001000101 6
0)
#26295
1)
b10011110011 F
b11011 +
12
#26300
b101001000110 6
0)
#26305
1)
b10011110100 F
#26310
b101001000111 6
0)
#26315
1)
b10011110101 F
#26320
1!
b1 :
1*
b101001001000 6
0)
#26325
b100011 $
b100011 I
b100011 R
1)
b1101010100 E
b100 >
b101001001000 4
b10000000010 3
1(
b100 ?
b1111111111 9
02
#26330
0!
b0 Z
b11 Y
b1111111000 \
b11111000 X
b1 U
b1111110111 J
b1111111111 [
b11111111 W
b1 V
b100011 7
b0 :
b10 .
b10 K
b11111000 0
b11111000 L
b1000111110001 1
b1000111110001 M
0*
b101001001001 6
0)
#26335
1)
b10011110110 F
b100011 +
12
#26340
1!
b1 :
1*
b101001001010 6
0)
#26345
b1111110111 $
b1111110111 I
b1111110111 R
1)
b1101010101 E
b100 >
b101001001010 4
b10000000011 3
1(
b10 ?
b10000000000 9
02
#26350
0!
b10 Y
b0 \
b0 X
b0 U
b0 J
b0 [
b0 W
b0 V
b11111111111111111111111111110111 7
b0 :
b0 .
b0 K
b0 0
b0 L
b0 1
b0 M
0*
0/
b101001001011 6
0)
#26355
1)
b1111110111 +
12
#26360
1!
b1 Z
b11 Y
b11000 \
b11000 X
b1111100000 J
b1111001000 [
b11001000 W
b110 U
b111 V
b1 :
b11 .
b11 K
b11001010000100 0
b11001010000100 L
b111100101101001 1
b111100101101001 M
1*
1/
b101001001100 6
0)
#26365
b1111100000 $
b1111100000 I
b1111100000 R
1)
b1101010110 E
b110111010 @
b100 >
b101001001100 4
b10000000100 3
1(
b111100010 B
b10000000001 9
02
#26370
0!
b0 Z
b1000 V
b10 Y
b1000 [
b1000 W
b10 J
b1111111010 \
b11111010 X
b1110 U
b11111111111111111111111111100000 7
b0 :
b100 .
b100 K
b1010110111110011 0
b1010110111110011 L
b111100010101110 1
b111100010101110 M
0*
b101001001101 6
0)
#26375
1)
b10011110111 F
b1111100000 +
12
#26380
1!
b1 :
1*
b101001001110 6
0)
#26385
b10 $
b10 I
b10 R
1)
b1101010111 E
b110111011 @
b110111001 A
b100 >
b101001001110 4
b10000000101 3
1(
b111100011 B
b10000000010 9
02
#26390
0!
b1 Z
b1000 \
b1000 X
b1000 U
b1000 J
b0 [
b0 W
b0 V
b10 7
b0 :
b101 .
b101 K
b1111111110001111 0
b1111111110001111 L
b1000010000001 1
b1000010000001 M
0*
b101001001111 6
0)
#26395
1)
b10011111000 F
b10 +
12
#26400
1!
b1 :
1*
b101001010000 6
0)
#26405
b1000 $
b1000 I
b1000 R
1)
b1101011000 E
b110111010 A
b100 >
b101001010000 4
b10000000110 3
1(
b10000000011 9
02
#26410
0!
b0 Z
b11 Y
b111000 \
b111000 X
b1001 U
b100000 J
b1111101000 [
b11101000 W
b110 V
b1000 7
b0 :
b110 .
b110 K
b11100111001000 0
b11100111001000 L
b110010010011001 1
b110010010011001 M
0*
b101001010001 6
0)
#26415
1)
b10011111001 F
b1000 +
12
#26420
b101001010010 6
0)
#26425
1)
b10011111010 F
#26430
1!
b1 :
1*
b101001010011 6
0)
#26435
b100000 $
b100000 I
b100000 R
1)
b1101011001 E
b100 >
b101001010011 4
b10000000111 3
1(
b11 ?
b10000000100 9
02
#26440
0!
b1 Z
b100100 \
b100100 X
b1010 U
b100100 J
b0 [
b0 W
b1110 V
b100000 7
b0 :
b111 .
b111 K
b101011000001010 0
b101011000001010 L
b1110110110101011 1
b1110110110101011 M
0*
b101001010100 6
0)
#26445
1)
b10011111011 F
b100000 +
12
#26450
1!
b1 :
1*
b101001010101 6
0)
#26455
b100100 $
b100100 I
b100100 R
1)
b1101011010 E
b100 >
b101001010101 4
b10000001000 3
1(
b10 ?
b10000000101 9
02
#26460
0!
b0 Z
b10 Y
b1111001000 [
b11001000 W
b1111001000 J
b0 \
b0 X
b0 U
b111 V
b100100 7
b0 :
b1000 .
b1000 K
b1000100010000000 0
b1000100010000000 L
b1111011101110000 1
b1111011101110000 M
0*
b101001010110 6
0)
#26465
1)
b10011111100 F
b100100 +
12
#26470
b101001010111 6
0)
#26475
1)
b10011111101 F
#26480
b101001011000 6
0)
#26485
1)
b10011111110 F
#26490
1!
b1 :
1*
b101001011001 6
0)
#26495
b1111001000 $
b1111001000 I
b1111001000 R
1)
b1101011011 E
b110111101 @
b100 >
b101001011001 4
b10000001001 3
1(
b100 ?
b10000000110 9
02
#26500
0!
b1 Z
b1111110110 \
b11110110 X
b1011 U
b1111101110 J
b1111111000 [
b11111000 W
b10 V
b11111111111111111111111111001000 7
b0 :
b1001 .
b1001 K
b1001011011000010 0
b1001011011000010 L
b1101001010110110 1
b1101001010110110 M
0*
b101001011010 6
0)
#26505
1)
b10011111111 F
b1111001000 +
12
#26510
b101001011011 6
0)
#26515
1)
b10100000000 F
#26520
b101001011100 6
0)
#26525
1)
b10100000001 F
#26530
b101001011101 6
0)
#26535
1)
b10100000010 F
#26540
b101001011110 6
0)
#26545
1)
b10100000011 F
#26550
b101001011111 6
0)
#26555
1)
b10100000100 F
#26560
b101001100000 6
0)
#26565
1)
b10100000101 F
#26570
b101001100001 6
0)
#26575
1)
b10100000110 F
#26580
b101001100010 6
0)
#26585
1)
b10100000111 F
#26590
b101001100011 6
0)
#26595
1)
b10100001000 F
#26600
b101001100100 6
0)
#26605
1)
b10100001001 F
#26610
b101001100101 6
0)
#26615
1)
b10100001010 F
#26620
b101001100110 6
0)
#26625
1)
b10100001011 F
#26630
b101001100111 6
0)
#26635
1)
b10100001100 F
#26640
b101001101000 6
0)
#26645
1)
b10100001101 F
#26650
b101001101001 6
0)
#26655
1)
b10100001110 F
#26660
b101001101010 6
0)
#26665
1)
b10100001111 F
#26670
1!
b1 :
1*
b101001101011 6
0)
#26675
b1111101110 $
b1111101110 I
b1111101110 R
1)
b1101011100 E
b100 >
b101001101011 4
b10000001010 3
1(
b10010 ?
b111100100 B
b10000000111 9
02
#26680
0!
b0 Z
b11 Y
b1111111000 \
b11111000 X
b1110 U
b1111100110 J
b1111101110 [
b11101110 W
b1010 V
b11111111111111111111111111101110 7
b0 :
b1010 .
b1010 K
b1010011100110100 0
b1010011100110100 L
b1010101111001110 1
b1010101111001110 M
0*
b101001101100 6
0)
#26685
1)
b10100010000 F
b1111101110 +
12
#26690
1!
b1 :
1*
b101001101101 6
0)
#26695
b1111100110 $
b1111100110 I
b1111100110 R
1)
b1101011101 E
b100 >
b101001101101 4
b10000001011 3
1(
b10 ?
b111100101 B
b10000001000 9
02
#26700
b1 Z
b111 \
b111 X
b111 U
b0 J
b1111111001 [
b11111001 W
b111 V
b11111111111111111111111111100110 7
b1011 .
b1011 K
b11110001 0
b11110001 L
b111111101110000 1
b111111101110000 M
b101001101110 6
0)
#26705
b0 $
b0 I
b0 R
1)
b1101011110 E
b110111111 @
b100 >
b101001101110 4
b10000001100 3
1(
b1 ?
b111100110 B
b10000001001 9
b1111100110 +
#26710
0!
b0 Z
b10 Y
b101 \
b101 X
b1 U
b1011 J
b110 [
b110 W
b110 V
b0 7
b0 :
b1100 .
b1100 K
b1101111100010101 0
b1101111100010101 L
b11011110001 1
b11011110001 M
0*
b101001101111 6
0)
#26715
1)
b10100010001 F
b0 +
12
#26720
1!
b1 :
1*
b101001110000 6
0)
#26725
b1011 $
b1011 I
b1011 R
1)
b1101011111 E
b100 >
b101001110000 4
b10000001101 3
1(
b10 ?
b10000001010 9
02
#26730
b1 Z
b100 \
b100 X
b1 U
b1111011010 J
b1111010110 [
b11010110 W
b111 V
b1011 7
b1101 .
b1101 K
b111000010100100 0
b111000010100100 L
b11011100011101 1
b11011100011101 M
b101001110001 6
0)
#26735
b1111011010 $
b1111011010 I
b1111011010 R
1)
b1101100000 E
b111000000 @
b100 >
b101001110001 4
b10000001110 3
1(
b1 ?
b10000001011 9
b1011 +
#26740
b0 Z
b11 Y
b1000000 \
b1000000 X
b1000 U
b10000000 J
b1000000 [
b1000000 W
b1000 V
b11111111111111111111111111011010 7
b1110 .
b1110 K
b111000110001000 0
b111000110001000 L
b1000000000001000 1
b1000000000001000 M
b101001110010 6
0)
#26745
b10000000 $
b10000000 I
b10000000 R
1)
b1101100001 E
b110111100 A
b100 >
b101001110010 4
b10000001111 3
1(
b111100111 B
b10000001100 9
b1111011010 +
#26750
0!
b10 Y
b0 \
b0 X
b0 U
b0 J
b0 [
b0 W
b0 V
b10000000 7
b0 :
b0 .
b0 K
b0 0
b0 L
b0 1
b0 M
0*
0/
b101001110011 6
0)
#26755
1)
b10000000 +
12
#26760
1!
b1 :
1*
b101001110100 6
0)
#26765
0"
0T
1)
0(
b10 ?
b10000001101 9
02
#26770
b1 Z
b11 Y
b1110 \
b1110 X
b1111111001 J
b1111101011 [
b11101011 W
b1001 U
b111 V
b0 7
b0 <
b1111 .
b1111 K
b111101011011110 0
b111101011011110 L
b111010110010010 1
b111010110010010 M
1/
b101001110101 6
0)
#26775
1"
b1111111001 $
b1111111001 I
b1111111001 R
1T
1)
b111000001 @
b100 >
b101001110101 4
1(
b10000010000 3
#26780
b0 Z
b10 Y
b1111101000 \
b11101000 X
b1100 U
b1111101111 J
b111 [
b111 W
b1 V
b11111111111111111111111111111001 7
b1 <
b0 .
b0 K
b100110001110110 0
b100110001110110 L
b1011000100011100 1
b1011000100011100 M
b101001110110 6
0)
#26785
b1111101111 $
b1111101111 I
b1111101111 R
1)
b1101100010 E
b100 >
b101001110110 4
b10000010001 3
1(
b1 ?
b111101000 B
b10000001110 9
b1111111001 +
#26790
b1 Z
b1000000 \
b1000000 X
b1000 U
b1000000 J
b0 [
b0 W
b0 V
b11111111111111111111111111101111 7
b1 .
b1 K
b1000111100001000 0
b1000111100001000 L
b1000010001111 1
b1000010001111 M
b101001110111 6
0)
#26795
b1000000 $
b1000000 I
b1000000 R
1)
b1101100011 E
b110111101 A
b100 >
b101001110111 4
b10000010010 3
1(
b111101001 B
b10000001111 9
b1111101111 +
#26800
b0 Z
b11 Y
b1111111010 [
b11111010 W
b1111111101 J
b11 \
b11 X
b11 U
b1111 V
b1000000 7
b10 .
b10 K
b1101101101100001 0
b1101101101100001 L
b1111011111010011 1
b1111011111010011 M
b101001111000 6
0)
#26805
b1111111101 $
b1111111101 I
b1111111101 R
1)
b1101100100 E
b111000010 @
b100 >
b101001111000 4
b10000010011 3
1(
b10000010000 9
b1000000 +
#26810
b10 Y
b0 \
b0 X
b0 U
b0 J
b0 [
b0 W
b0 V
b11111111111111111111111111111101 7
b0 .
b0 K
b0 0
b0 L
b0 1
b0 M
0/
b101001111001 6
0)
#26815
0"
0T
1)
0(
b111101010 B
b10000010001 9
b1111111101 +
#26820
b0 7
b0 <
b101001111010 6
0)
#26825
1)
#26830
b1111111000 \
b11111000 X
b1 U
b1 Z
b11 Y
b1111111000 J
b0 [
b0 W
b0 V
b11 .
b11 K
b11001101011000 0
b11001101011000 L
b111100010000 1
b111100010000 M
1/
b101001111011 6
0)
#26835
1"
b1111111000 $
b1111111000 I
b1111111000 R
1T
1)
b100 >
b101001111011 4
1(
b10000010100 3
#26840
b0 Z
b1111111111 [
b11111111 W
b1111 V
b10 Y
b1111111110 J
b1111111111 \
b11111111 X
b1111 U
b11111111111111111111111111111000 7
b1 <
b100 .
b100 K
b1111111100010001 0
b1111111100010001 L
b111110001111 1
b111110001111 M
b101001111100 6
0)
#26845
b1111111110 $
b1111111110 I
b1111111110 R
1)
b1101100101 E
b110111110 A
b100 >
b101001111100 4
b10000010101 3
1(
b111101011 B
b10000010010 9
b1111111000 +
#26850
b1 Z
b100100 \
b100100 X
b1010 U
b1000000 J
b11100 [
b11100 W
b1001 V
b11111111111111111111111111111110 7
b101 .
b101 K
b111100111001010 0
b111100111001010 L
b11100110100110 1
b11100110100110 M
b101001111101 6
0)
#26855
b1000000 $
b1000000 I
b1000000 R
1)
b1101100110 E
b100 >
b101001111101 4
b10000010110 3
1(
b111101100 B
b10000010011 9
b1111111110 +
#26860
0!
b0 Z
b10 V
b11 Y
b100 [
b100 W
b100 J
b0 \
b0 X
b0 U
b1000000 7
b0 :
b110 .
b110 K
b1110000000101000 0
b1110000000101000 L
b10100111110000 1
b10100111110000 M
0*
b101001111110 6
0)
#26865
1)
b10100010010 F
b1000000 +
12
#26870
1!
b1 :
1*
b101001111111 6
0)
#26875
b100 $
b100 I
b100 R
1)
b1101100111 E
b100 >
b101001111111 4
b10000010111 3
1(
b10 ?
b10000010100 9
02
#26880
0!
b1 Z
b1000000 \
b1000000 X
b1000 U
b1000000 J
b0 [
b0 W
b0 V
b100 7
b0 :
b111 .
b111 K
b1000111111111000 0
b1000111111111000 L
b10001000 1
b10001000 M
0*
b101010000000 6
0)
#26885
1)
b10100010011 F
b100 +
12
#26890
1!
b1 :
1*
b101010000001 6
0)
#26895
b1000000 $
b1000000 I
b1000000 R
1)
b1101101000 E
b111000000 A
b100 >
b101010000001 4
b10000011000 3
1(
b10000010101 9
02
#26900
0!
b0 Z
b1111111101 [
b11111101 W
b11 V
b10 Y
b1111010011 J
b1111010110 \
b11010110 X
b110 U
b1000000 7
b0 :
b1000 .
b1000 K
b1110101011111001 0
b1110101011111001 L
b1111110110 1
b1111110110 M
0*
b101010000010 6
0)
#26905
1)
b10100010100 F
b1000000 +
12
#26910
1!
b1 :
1*
b101010000011 6
0)
#26915
b1111010011 $
b1111010011 I
b1111010011 R
1)
b1101101001 E
b100 >
b101010000011 4
b10000011001 3
1(
b10000010110 9
02
#26920
b0 \
b0 X
b0 U
b0 J
b0 [
b0 W
b0 V
b11111111111111111111111111010011 7
b0 .
b0 K
b0 0
b0 L
b0 1
b0 M
0/
b101010000100 6
0)
#26925
0"
0T
1)
0(
b1 ?
b111101101 B
b10000010111 9
b1111010011 +
#26930
b1 Z
b1111 \
b1111 X
b10001 J
b10 [
b10 W
b101 U
b1 V
b0 7
b0 <
b1001 .
b1001 K
b1000111000100011 0
b1000111000100011 L
b11000101010100 1
b11000101010100 M
1/
b101010000101 6
0)
#26935
1"
b10001 $
b10001 I
b10001 R
1T
1)
b100 >
b101010000101 4
1(
b10000011010 3
#26940
0!
b0 Z
b11 Y
b1000 \
b1000 X
b1111 U
b1111 J
b111 [
b111 W
b1 V
b10001 7
b1 <
b0 :
b1010 .
b1010 K
b1111000001111000 0
b1111000001111000 L
b1100011111111 1
b1100011111111 M
0*
b101010000110 6
0)
#26945
1)
b10100010101 F
b10001 +
12
#26950
1!
b1 :
1*
b101010000111 6
0)
#26955
b1111 $
b1111 I
b1111 R
1)
b1101101010 E
b111000001 A
b100 >
b101010000111 4
b10000011011 3
1(
b10 ?
b10000011000 9
02
#26960
b1 Z
b111000 \
b111000 X
b1000 U
b110100 J
b1111111100 [
b11111100 W
b1110 V
b1111 7
b1011 .
b1011 K
b1100110100101001 0
b1100110100101001 L
b1110111010000111 1
b1110111010000111 M
b101010001000 6
0)
#26965
b110100 $
b110100 I
b110100 R
1)
b1101101011 E
b111000010 A
b111000011 @
b100 >
b101010001000 4
b10000011100 3
1(
b1 ?
b10000011001 9
b1111 +
#26970
b0 Z
b10 Y
b0 \
b0 X
b0 U
b0 J
b0 [
b0 W
b0 V
b110100 7
b0 .
b0 K
b0 0
b0 L
b0 1
b0 M
0/
b101010001001 6
0)
#26975
0"
0T
1)
0(
b10000011010 9
b110100 +
#26980
b0 7
b0 <
b101010001010 6
0)
#26985
1)
#26990
b10010 \
b10010 X
b1001 J
b1111110111 [
b11110111 W
b11 U
b11 V
b1100 .
b1100 K
b1010001011010110 0
b1010001011010110 L
b1110001111000011 1
b1110001111000011 M
0*
1/
b101010001011 6
0)
#26995
0!
1"
b1001 $
b1001 I
b1001 R
1T
1)
b100 >
b101010001011 4
1(
b10000011101 3
#27000
1!
b1 Z
b1 \
b1 X
b1 U
b1111111010 J
b1111111001 [
b11111001 W
b111 V
b1001 7
b1 <
b1101 .
b1101 K
b1000100011110001 0
b1000100011110001 L
b11100010000 1
b11100010000 M
1*
b101010001100 6
0)
#27005
b1111111010 $
b1111111010 I
b1111111010 R
1)
b1101101100 E
b111000100 @
b100 >
b101010001100 4
b10000011110 3
1(
b10000011011 9
b1001 +
#27010
b0 Z
b0 \
b0 X
b0 U
b0 J
b0 [
b0 W
b0 V
b11111111111111111111111111111010 7
b0 .
b0 K
b0 0
b0 L
b0 1
b0 M
0/
b101010001101 6
0)
#27015
0"
0T
1)
0(
b111101110 B
b10000011100 9
b1111111010 +
#27020
b0 7
b0 <
b101010001110 6
0)
#27025
1)
#27030
b11 Y
b10101 \
b10101 X
b11 J
b1111101110 [
b11101110 W
b1001 U
b1010 V
b1110 .
b1110 K
b11010000111101 0
b11010000111101 L
b1010001001101001 1
b1010001001101001 M
0*
1/
b101010001111 6
0)
#27035
0!
1"
b11 $
b11 I
b11 R
1T
1)
b100 >
b101010001111 4
1(
b10000011111 3
#27040
b1 Z
b0 \
b0 X
b1110 U
b101010 J
b101010 [
b101010 W
b110 V
b11 7
b1 <
b0 :
b1111 .
b1111 K
b1110110001110000 0
b1110110001110000 L
b110011011101010 1
b110011011101010 M
b101010010000 6
0)
#27045
1)
b10100010110 F
b11 +
12
#27050
b101010010001 6
0)
#27055
1)
b10100010111 F
#27060
b101010010010 6
0)
#27065
1)
b10100011000 F
#27070
b101010010011 6
0)
#27075
1)
b10100011001 F
#27080
b101010010100 6
0)
#27085
1)
b10100011010 F
#27090
b101010010101 6
0)
#27095
1)
b10100011011 F
#27100
b101010010110 6
0)
#27105
1)
b10100011100 F
#27110
b101010010111 6
0)
#27115
1)
b10100011101 F
#27120
b101010011000 6
0)
#27125
1)
b10100011110 F
#27130
b101010011001 6
0)
#27135
1)
b10100011111 F
#27140
b101010011010 6
0)
#27145
1)
b10100100000 F
#27150
b101010011011 6
0)
#27155
1)
b10100100001 F
#27160
b101010011100 6
0)
#27165
1)
b10100100010 F
#27170
b101010011101 6
0)
#27175
1)
b10100100011 F
#27180
b101010011110 6
0)
#27185
1)
b10100100100 F
#27190
b101010011111 6
0)
#27195
1)
b10100100101 F
#27200
b101010100000 6
0)
#27205
1)
b10100100110 F
#27210
b101010100001 6
0)
#27215
1)
b10100100111 F
#27220
1!
b1 :
1*
b101010100010 6
0)
#27225
b101010 $
b101010 I
b101010 R
1)
b1101101101 E
b100 >
b101010100010 4
b10000100000 3
1(
b10011 ?
b10000011101 9
02
#27230
b0 Z
b10 Y
b111 \
b111 X
b111 U
b110 J
b1111111111 [
b11111111 W
b1111 V
b101010 7
b0 .
b0 K
b1000100000010001 0
b1000100000010001 L
b1000111111110111 1
b1000111111110111 M
b101010100011 6
0)
#27235
b110 $
b110 I
b110 R
1)
b1101101110 E
b111000011 A
b111000101 @
b100 >
b101010100011 4
b10000100001 3
1(
b1 ?
b10000011110 9
b101010 +
#27240
0!
b0 \
b0 X
b0 U
b0 J
b0 [
b0 W
b0 V
b110 7
b0 :
b0 0
b0 L
b0 1
b0 M
0*
0/
b101010100100 6
0)
#27245
1)
b110 +
12
#27250
1!
b1 Z
b1111011101 J
b1111011101 [
b11011101 W
b1100 U
b1001 V
b1 :
b1 .
b1 K
b110101101010000 0
b110101101010000 L
b1100100111000101 1
b1100100111000101 M
1*
1/
b101010100101 6
0)
#27255
b1111011101 $
b1111011101 I
b1111011101 R
1)
b1101101111 E
b100 >
b101010100101 4
b10000100010 3
1(
b10 ?
b10000011111 9
02
#27260
b0 Z
b11 Y
b101 U
b1111100100 J
b1111100100 [
b11100100 W
b100 V
b11111111111111111111111111011101 7
b10 .
b10 K
b1100111010010000 0
b1100111010010000 L
b100001001010101 1
b100001001010101 M
b101010100110 6
0)
#27265
b1111100100 $
b1111100100 I
b1111100100 R
1)
b1101110000 E
b100 >
b101010100110 4
b10000100011 3
1(
b1 ?
b111101111 B
b10000100000 9
b1111011101 +
#27270
b10 Y
b0 U
b0 J
b0 [
b0 W
b0 V
b11111111111111111111111111100100 7
b0 .
b0 K
b0 0
b0 L
b0 1
b0 M
0/
b101010100111 6
0)
#27275
0"
0T
1)
0(
b111110000 B
b10000100001 9
b1111100100 +
#27280
b1 Z
b11 Y
b0 J
b0 \
b0 X
b0 U
b0 V
b0 7
b0 <
b11 .
b11 K
b111000000001000 0
b111000000001000 L
b11100001111 1
b11100001111 M
1/
b101010101000 6
0)
#27285
1"
b0 $
b0 I
b0 R
1T
1)
b111000110 @
b100 >
b101010101000 4
1(
b10000100100 3
#27290
b0 Z
b10 Y
b1111111011 J
b1111111011 \
b11111011 X
b1 U
b1110 V
b1 <
b100 .
b100 K
b101011100001011 0
b101011100001011 L
b10111001010001 1
b10111001010001 M
b101010101001 6
0)
#27295
b1111111011 $
b1111111011 I
b1111111011 R
1)
b1101110001 E
b100 >
b101010101001 4
b10000100101 3
1(
b10000100010 9
b0 +
#27300
0!
b1 Z
b1111111011 [
b11111011 W
b1111111110 J
b11 \
b11 X
b1 U
b1111 V
b11111111111111111111111111111011 7
b0 :
b101 .
b101 K
b1010010101010011 0
b1010010101010011 L
b110111100010010 1
b110111100010010 M
0*
b101010101010 6
0)
#27305
1)
b10100101000 F
b1111111011 +
12
#27310
1!
b1 :
1*
b101010101011 6
0)
#27315
b1111111110 $
b1111111110 I
b1111111110 R
1)
b1101110010 E
b100 >
b101010101011 4
b10000100110 3
1(
b10 ?
b111110001 B
b10000100011 9
02
#27320
b0 Z
b0 \
b0 X
b0 U
b0 J
b0 [
b0 W
b0 V
b11111111111111111111111111111110 7
b0 .
b0 K
b0 0
b0 L
b0 1
b0 M
0/
b101010101100 6
0)
#27325
0"
0T
1)
0(
b1 ?
b111110010 B
b10000100100 9
b1111111110 +
#27330
b0 7
b0 <
0*
b101010101101 6
0)
#27335
1)
#27340
b11 Y
b110001 J
b110001 [
b110001 W
b111 V
b110 .
b110 K
b111111101110000 0
b111111101110000 L
b111000110000000 1
b111000110000000 M
1*
1/
b101010101110 6
0)
#27345
1"
b110001 $
b110001 I
b110001 R
1T
1)
b111000111 @
b111000100 A
b100 >
b101010101110 4
1(
b10000100111 3
#27350
b1 Z
b11 \
b11 X
b1111 U
b1111111101 J
b1111111010 [
b11111010 W
b1111 V
b110001 7
b1 <
b111 .
b111 K
b110001101101 0
b110001101101 L
b1111111111110010 1
b1111111111110010 M
b101010101111 6
0)
#27355
b1111111101 $
b1111111101 I
b1111111101 R
1)
b1101110011 E
b100 >
b101010101111 4
b10000101000 3
1(
b10000100101 9
b110001 +
#27360
b0 Z
b10 Y
b1111011100 \
b11011100 X
b1010 U
b1110110010 J
b1111010110 [
b11010110 W
b111 V
b11111111111111111111111111111101 7
b1000 .
b1000 K
b111001110100110 0
b111001110100110 L
b101011110101010 1
b101011110101010 M
b101010110000 6
0)
#27365
b1110110010 $
b1110110010 I
b1110110010 R
1)
b1101110100 E
b111001000 @
b100 >
b101010110000 4
b10000101001 3
1(
b111110011 B
b10000100110 9
b1111111101 +
#27370
b1 Z
b1111111000 \
b11111000 X
b1000 U
b111000 J
b1000000 [
b1000000 W
b1000 V
b11111111111111111111111110110010 7
b1001 .
b1001 K
b10000001 0
b10000001 L
b1000100010000000 1
b1000100010000000 M
b101010110001 6
0)
#27375
b111000 $
b111000 I
b111000 R
1)
b1101110101 E
b111000111 A
b100 >
b101010110001 4
b10000101010 3
1(
b111110100 B
b10000100111 9
b1110110010 +
#27380
b0 Z
b1110 V
b11 Y
b1100 [
b1100 W
b0 J
b1111110100 \
b11110100 X
b11 U
b111000 7
b1010 .
b1010 K
b11111110101100 0
b11111110101100 L
b1110100000000011 1
b1110100000000011 M
b101010110010 6
0)
#27385
b0 $
b0 I
b0 R
1)
b1101110110 E
b111001000 A
b100 >
b101010110010 4
b10000101011 3
1(
b10000101000 9
b111000 +
#27390
b1 Z
b1100 \
b1100 X
b1101 U
b11100 J
b10000 [
b10000 W
b1000 V
b0 7
b1011 .
b1011 K
b1001111101100 0
b1001111101100 L
b1000010111010110 1
b1000010111010110 M
b101010110011 6
0)
#27395
b11100 $
b11100 I
b11100 R
1)
b1101110111 E
b111001001 A
b100 >
b101010110011 4
b10000101100 3
1(
b10000101001 9
b0 +
#27400
b0 Z
b10 Y
b0 \
b0 X
b0 U
b0 J
b0 [
b0 W
b0 V
b11100 7
b0 .
b0 K
b0 0
b0 L
b0 1
b0 M
0/
b101010110100 6
0)
#27405
0"
0T
1)
0(
b10000101010 9
b11100 +
#27410
b0 7
b0 <
0*
b101010110101 6
0)
#27415
1)
#27420
1*
b101010110110 6
0)
#27425
1)
#27430
b1111111111 \
b11111111 X
b1111111000 J
b1111111001 [
b11111001 W
b1111 U
b1111 V
b1100 .
b1100 K
b1111000101110001 0
b1111000101110001 L
b111100001111 1
b111100001111 M
1/
b101010110111 6
0)
#27435
1"
b1111111000 $
b1111111000 I
b1111111000 R
1T
1)
b100 >
b101010110111 4
1(
b10000101101 3
#27440
b0 \
b0 X
b0 U
b0 J
b0 [
b0 W
b0 V
b11111111111111111111111111111000 7
b1 <
b0 .
b0 K
b0 0
b0 L
b0 1
b0 M
0/
b101010111000 6
0)
#27445
0"
0T
1)
0(
b111110101 B
b10000101011 9
b1111111000 +
#27450
b0 7
b0 <
b101010111001 6
0)
#27455
1)
#27460
b1 Z
b1111011101 J
b1111011101 \
b11011101 X
b111 U
b1101 .
b1101 K
b1010100001011 0
b1010100001011 L
b1110000001111100 1
b1110000001111100 M
0*
1/
b101010111010 6
0)
#27465
0!
1"
b1111011101 $
b1111011101 I
b1111011101 R
1T
1)
b111001001 @
b100 >
b101010111010 4
1(
b10000101110 3
#27470
1!
b0 Z
b11 Y
b1111111100 [
b11111100 W
b1111111100 J
b0 \
b0 X
b0 U
b1110 V
b11111111111111111111111111011101 7
b1 <
b1110 .
b1110 K
b1010100100101100 0
b1010100100101100 L
b1110101010010000 1
b1110101010010000 M
1*
b101010111011 6
0)
#27475
b1111111100 $
b1111111100 I
b1111111100 R
1)
b1101111000 E
b100 >
b101010111011 4
b10000101111 3
1(
b111110110 B
b10000101100 9
b1111011101 +
#27480
b1 Z
b1 \
b1 X
b1 U
b110010 J
b110001 [
b110001 W
b111 V
b11111111111111111111111111111100 7
b1111 .
b1111 K
b111101110001 0
b111101110001 L
b111111100010111 1
b111111100010111 M
b101010111100 6
0)
#27485
b110010 $
b110010 I
b110010 R
1)
b1101111001 E
b111001011 @
b100 >
b101010111100 4
b10000110000 3
1(
b111110111 B
b10000101101 9
b1111111100 +
#27490
0!
b0 Z
b10 Y
b1000 \
b1000 X
b1110 U
b1111 J
b111 [
b111 W
b1111 V
b110010 7
b0 :
b0 .
b0 K
b111101010011100 0
b111101010011100 L
b1110111110011110 1
b1110111110011110 M
0*
b101010111101 6
0)
#27495
1)
b10100101001 F
b110010 +
12
#27500
b101010111110 6
0)
#27505
1)
b10100101010 F
#27510
1!
b1 :
1*
b101010111111 6
0)
#27515
b1111 $
b1111 I
b1111 R
1)
b1101111010 E
b100 >
b101010111111 4
b10000110001 3
1(
b11 ?
b10000101110 9
02
#27520
b0 \
b0 X
b0 U
b0 J
b0 [
b0 W
b0 V
b1111 7
b0 0
b0 L
b0 1
b0 M
0/
b101011000000 6
0)
#27525
0"
0T
1)
0(
b1 ?
b10000101111 9
b1111 +
#27530
b1 Z
b1111101100 \
b11101100 X
b1110111011 J
b1111001111 [
b11001111 W
b1011 U
b111 V
b0 7
b0 <
b1 .
b1 K
b1001010110010100 0
b1001010110010100 L
b10011110110011 1
b10011110110011 M
0*
1/
b101011000001 6
0)
#27535
0!
1"
b1110111011 $
b1110111011 I
b1110111011 R
1T
1)
b111001100 @
b100 >
b101011000001 4
1(
b10000110010 3
#27540
b0 Z
b11 Y
b0 \
b0 X
b1 U
b1111001000 J
b1111001000 [
b11001000 W
b1000 V
b11111111111111111111111110111011 7
b1 <
b0 :
b10 .
b10 K
b1111000101110000 0
b1111000101110000 L
b1000000011110001 1
b1000000011110001 M
b101011000010 6
0)
#27545
1)
b10100101011 F
b1110111011 +
12
#27550
b101011000011 6
0)
#27555
1)
b10100101100 F
#27560
b101011000100 6
0)
#27565
1)
b10100101101 F
#27570
b101011000101 6
0)
#27575
1)
b10100101110 F
#27580
b101011000110 6
0)
#27585
1)
b10100101111 F
#27590
b101011000111 6
0)
#27595
1)
b10100110000 F
#27600
b101011001000 6
0)
#27605
1)
b10100110001 F
#27610
b101011001001 6
0)
#27615
1)
b10100110010 F
#27620
b101011001010 6
0)
#27625
1)
b10100110011 F
#27630
b101011001011 6
0)
#27635
1)
b10100110100 F
#27640
b101011001100 6
0)
#27645
1)
b10100110101 F
#27650
b101011001101 6
0)
#27655
1)
b10100110110 F
#27660
b101011001110 6
0)
#27665
1)
b10100110111 F
#27670
b101011001111 6
0)
#27675
1)
b10100111000 F
#27680
b101011010000 6
0)
#27685
1)
b10100111001 F
#27690
b101011010001 6
0)
#27695
1)
b10100111010 F
#27700
b101011010010 6
0)
#27705
1)
b10100111011 F
#27710
b101011010011 6
0)
#27715
1)
b10100111100 F
#27720
b101011010100 6
0)
#27725
1)
b10100111101 F
#27730
1!
b1 :
1*
b101011010101 6
0)
#27735
b1111001000 $
b1111001000 I
b1111001000 R
1)
b1101111011 E
b111001010 A
b100 >
b101011010101 4
b10000110011 3
1(
b10100 ?
b111111000 B
b10000110000 9
02
#27740
b1 Z
b110 \
b110 X
b1110 U
b100110 J
b100000 [
b100000 W
b1100 V
b11111111111111111111111111001000 7
b11 .
b11 K
b1000010010001101 0
b1000010010001101 L
b1100100111101001 1
b1100100111101001 M
b101011010110 6
0)
#27745
b100110 $
b100110 I
b100110 R
1)
b1101111100 E
b100 >
b101011010110 4
b10000110100 3
1(
b1 ?
b111111001 B
b10000110001 9
b1111001000 +
#27750
0!
b0 Z
b10 Y
b1001 \
b1001 X
b1101 U
b110001 J
b101000 [
b101000 W
b1011 V
b100110 7
b0 :
b100 .
b100 K
b111010110001101 0
b111010110001101 L
b101101111111101 1
b101101111111101 M
0*
b101011010111 6
0)
#27755
1)
b10100111110 F
b100110 +
12
#27760
1!
b1 :
1*
b101011011000 6
0)
#27765
b110001 $
b110001 I
b110001 R
1)
b1101111101 E
b100 >
b101011011000 4
b10000110101 3
1(
b10 ?
b10000110010 9
02
#27770
b0 \
b0 X
b0 U
b0 J
b0 [
b0 W
b0 V
b110001 7
b0 .
b0 K
b0 0
b0 L
b0 1
b0 M
0/
b101011011001 6
0)
#27775
0"
0T
1)
0(
b1 ?
b10000110011 9
b110001 +
#27780
b1 Z
b110001 \
b110001 X
b101001 J
b1111111000 [
b11111000 W
b111 U
b1 V
b0 7
b0 <
b101 .
b101 K
b1000000110000111 0
b1000000110000111 L
b1000000101111000 1
b1000000101111000 M
1/
b101011011010 6
0)
#27785
1"
b101001 $
b101001 I
b101001 R
1T
1)
b111001101 @
b111001100 A
b100 >
b101011011010 4
1(
b10000110110 3
#27790
b0 Z
b11 Y
b1111101110 \
b11101110 X
b110 U
b110 J
b11000 [
b11000 W
b110 V
b101001 7
b1 <
b110 .
b110 K
b1010011101001101 0
b1010011101001101 L
b110100111110110 1
b110100111110110 M
b101011011011 6
0)
#27795
b110 $
b110 I
b110 R
1)
b1101111110 E
b100 >
b101011011011 4
b10000110111 3
1(
b10000110100 9
b101001 +
#27800
b10 Y
b0 \
b0 X
b0 U
b0 J
b0 [
b0 W
b0 V
b110 7
b0 .
b0 K
b0 0
b0 L
b0 1
b0 M
0/
b101011011100 6
0)
#27805
0"
0T
1)
0(
b10000110101 9
b110 +
#27810
b1 Z
b11 Y
b100 \
b100 X
b1111101111 J
b1111101011 [
b11101011 W
b1 U
b1001 V
b0 7
b0 <
b111 .
b111 K
b111100110100 0
b111100110100 L
b1001011000010101 1
b1001011000010101 M
1/
b101011011101 6
0)
#27815
1"
b1111101111 $
b1111101111 I
b1111101111 R
1T
1)
b100 >
b101011011101 4
1(
b10000111000 3
#27820
b0 Z
b10 Y
b0 \
b0 X
b1 U
b1000 J
b1000 [
b1000 W
b1000 V
b11111111111111111111111111101111 7
b1 <
b1000 .
b1000 K
b1100011110000 0
b1100011110000 L
b111100010000001 1
b111100010000001 M
b101011011110 6
0)
#27825
b1000 $
b1000 I
b1000 R
1)
b1101111111 E
b111001110 @
b111001110 A
b100 >
b101011011110 4
b10000111001 3
1(
b111111010 B
b10000110110 9
b1111101111 +
#27830
b1 Z
b1111111000 \
b11111000 X
b100 U
b1111110001 J
b1111111001 [
b11111001 W
b1 V
b1000 7
b1001 .
b1001 K
b1111100010011110 0
b1111100010011110 L
b101000101000110 1
b101000101000110 M
b101011011111 6
0)
#27835
b1111110001 $
b1111110001 I
b1111110001 R
1)
b1110000000 E
b100 >
b101011011111 4
b10000111010 3
1(
b10000110111 9
b1000 +
#27840
b0 Z
b11 Y
b1111010110 \
b11010110 X
b110 U
b1111011100 J
b110 [
b110 W
b1010 V
b11111111111111111111111111110001 7
b1010 .
b1010 K
b1100101011111001 0
b1100101011111001 L
b1010110010110110 1
b1010110010110110 M
b101011100000 6
0)
#27845
b1111011100 $
b1111011100 I
b1111011100 R
1)
b1110000001 E
b100 >
b101011100000 4
b10000111011 3
1(
b111111011 B
b10000111000 9
b1111110001 +
#27850
0!
b1 Z
b1111111111 \
b11111111 X
b1 U
b1111111111 J
b0 [
b0 W
b1000 V
b11111111111111111111111111011100 7
b0 :
b1011 .
b1011 K
b1000111100001111 0
b1000111100001111 L
b1000111100010000 1
b1000111100010000 M
0*
b101011100001 6
0)
#27855
1)
b10100111111 F
b1111011100 +
12
#27860
1!
b1 :
1*
b101011100010 6
0)
#27865
b1111111111 $
b1111111111 I
b1111111111 R
1)
b1110000010 E
b111001111 A
b100 >
b101011100010 4
b10000111100 3
1(
b10 ?
b111111100 B
b10000111001 9
02
#27870
0!
b0 Z
b10 Y
b1111 [
b1111 W
b0 J
b1111110001 \
b11110001 X
b101 U
b1101 V
b11111111111111111111111111111111 7
b0 :
b1100 .
b1100 K
b1010011010111101 0
b1010011010111101 L
b101110101100101 1
b101110101100101 M
0*
b101011100011 6
0)
#27875
1)
b10101000000 F
b1111111111 +
12
#27880
1!
b1 :
1*
b101011100100 6
0)
#27885
b0 $
b0 I
b0 R
1)
b1110000011 E
b100 >
b101011100100 4
b10000111101 3
1(
b111111101 B
b10000111010 9
02
#27890
0!
b0 \
b0 X
b0 U
b0 J
b0 [
b0 W
b0 V
b0 7
b0 :
b0 .
b0 K
b0 0
b0 L
b0 1
b0 M
0*
0/
b101011100101 6
0)
#27895
1)
b0 +
12
#27900
1!
b1 Z
b1111101110 \
b11101110 X
b1111100101 J
b1111110111 [
b11110111 W
b11 U
b11 V
b1 :
b1101 .
b1101 K
b110001111011010 0
b110001111011010 L
b1011001100110111 1
b1011001100110111 M
1*
1/
b101011100110 6
0)
#27905
b1111100101 $
b1111100101 I
b1111100101 R
1)
b1110000100 E
b111001111 @
b100 >
b101011100110 4
b10000111110 3
1(
b10000111011 9
02
#27910
0!
b0 Z
b11 Y
b110001 \
b110001 X
b111 U
b111000 J
b111 [
b111 W
b1 V
b11111111111111111111111111100101 7
b0 :
b1110 .
b1110 K
b1111000001110111 0
b1111000001110111 L
b1011100010111 1
b1011100010111 M
0*
b101011100111 6
0)
#27915
1)
b10101000001 F
b1111100101 +
12
#27920
1!
b1 :
1*
b101011101000 6
0)
#27925
b111000 $
b111000 I
b111000 R
1)
b1110000101 E
b111010001 @
b100 >
b101011101000 4
b10000111111 3
1(
b111111110 B
b10000111100 9
02
#27930
b1 Z
b100 [
b100 W
b101110 J
b101010 \
b101010 X
b110 U
b111000 7
b1111 .
b1111 K
b101100001000111 0
b101100001000111 L
b1010101101111 1
b1010101101111 M
b101011101001 6
0)
#27935
b101110 $
b101110 I
b101110 R
1)
b1110000110 E
b100 >
b101011101001 4
b10001000000 3
1(
b1 ?
b10000111101 9
b111000 +
#27940
b0 Z
b10 Y
b11100 \
b11100 X
b100 U
b110001 J
b10101 [
b10101 W
b111 V
b101110 7
b0 .
b0 K
b1000011100110111 0
b1000011100110111 L
b101011111110100 1
b101011111110100 M
b101011101010 6
0)
#27945
b110001 $
b110001 I
b110001 R
1)
b1110000111 E
b111010010 @
b100 >
b101011101010 4
b10001000001 3
1(
b10000111110 9
b101110 +
#27950
b1 Z
b0 \
b0 X
b0 U
b0 J
b0 [
b0 W
b0 V
b110001 7
b1 .
b1 K
b1000011101110000 0
b1000011101110000 L
b1111000000000111 1
b1111000000000111 M
b101011101011 6
0)
#27955
b0 $
b0 I
b0 R
1)
b1110001000 E
b111010011 @
b100 >
b101011101011 4
b10001000010 3
1(
b10000111111 9
b110001 +
#27960
b0 Z
b11 Y
b100100 \
b100100 X
b1010 U
b110100 J
b10000 [
b10000 W
b1100 V
b0 7
b10 .
b10 K
b100111001010 0
b100111001010 L
b1100001111101010 1
b1100001111101010 M
b101011101100 6
0)
#27965
b110100 $
b110100 I
b110100 R
1)
b1110001001 E
b100 >
b101011101100 4
b10001000011 3
1(
b10001000000 9
b0 +
#27970
b1 Z
b1111101110 \
b11101110 X
b1101 U
b1111110000 J
b10 [
b10 W
b1110 V
b110100 7
b11 .
b11 K
b1011101111110110 0
b1011101111110110 L
b1110000111010010 1
b1110000111010010 M
b101011101101 6
0)
#27975
b1111110000 $
b1111110000 I
b1111110000 R
1)
b1110001010 E
b100 >
b101011101101 4
b10001000100 3
1(
b10001000001 9
b110100 +
#27980
b0 Z
b10 Y
b1 \
b1 X
b1111 U
b0 J
b1111111111 [
b11111111 W
b1111 V
b11111111111111111111111111110000 7
b100 .
b100 K
b1111000000011111 0
b1111000000011111 L
b1000111110001111 1
b1000111110001111 M
b101011101110 6
0)
#27985
b0 $
b0 I
b0 R
1)
b1110001011 E
b111010001 A
b100 >
b101011101110 4
b10001000101 3
1(
b111111111 B
b10001000010 9
b1111110000 +
#27990
0!
b1 Z
b10010 \
b10010 X
b1101 U
b1111111110 J
b1111101100 [
b11101100 W
b101 V
b0 7
b0 :
b101 .
b101 K
b101101011001010 0
b101101011001010 L
b1101010111011101 1
b1101010111011101 M
0*
b101011101111 6
0)
#27995
1)
b10101000010 F
b0 +
12
#28000
1!
b1 :
1*
b101011110000 6
0)
#28005
b1111111110 $
b1111111110 I
b1111111110 R
1)
b1110001100 E
b100 >
b101011110000 4
b10001000110 3
1(
b10 ?
b10001000011 9
02
#28010
b0 Z
b0 \
b0 X
b0 U
b0 J
b0 [
b0 W
b0 V
b11111111111111111111111111111110 7
b0 .
b0 K
b0 0
b0 L
b0 1
b0 M
0/
b101011110001 6
0)
#28015
0"
0T
1)
0(
b1 ?
b1000000000 B
b10001000100 9
b1111111110 +
#28020
b0 7
b0 <
b101011110010 6
0)
#28025
1)
#28030
b101011110011 6
0)
#28035
1)
#28040
b11 Y
b110000 J
b110000 [
b110000 W
b1001 U
b1000 V
b110 .
b110 K
b10010100000 0
b10010100000 L
b1000011000011001 1
b1000011000011001 M
1/
b101011110100 6
0)
#28045
1"
b110000 $
b110000 I
b110000 R
1T
1)
b111010010 A
b100 >
b101011110100 4
1(
b10001000111 3
#28050
b10 Y
b0 U
b0 J
b0 [
b0 W
b0 V
b110000 7
b1 <
b0 .
b0 K
b0 0
b0 L
b0 1
b0 M
0/
b101011110101 6
0)
#28055
0"
0T
1)
0(
b10001000101 9
b110000 +
#28060
b1 Z
b11 Y
b1111001000 \
b11001000 X
b1111001111 J
b111 [
b111 W
b1000 U
b111 V
b0 7
b0 <
b111 .
b111 K
b1000011100010111 0
b1000011100010111 L
b111111110000001 1
b111111110000001 M
1/
b101011110110 6
0)
#28065
1"
b1111001111 $
b1111001111 I
b1111001111 R
1T
1)
b111010100 @
b111010011 A
b100 >
b101011110110 4
1(
b10001001000 3
#28070
b0 Z
b10 Y
b1111111100 \
b11111100 X
b10 U
b100110 J
b101010 [
b101010 W
b1001 V
b11111111111111111111111111001111 7
b1 <
b1000 .
b1000 K
b1001100110101110 0
b1001100110101110 L
b1100100100110010 1
b1100100100110010 M
b101011110111 6
0)
#28075
b100110 $
b100110 I
b100110 R
1)
b1110001101 E
b100 >
b101011110111 4
b10001001001 3
1(
b1000000001 B
b10001000110 9
b1111001111 +
#28080
0!
b1 Z
b1010 \
b1010 X
b1110 U
b1010 J
b0 [
b0 W
b0 V
b100110 7
b0 :
b1001 .
b1001 K
b10001111101011 0
b10001111101011 L
b1000000011101101 1
b1000000011101101 M
0*
b101011111000 6
0)
#28085
1)
b10101000011 F
b100110 +
12
#28090
b101011111001 6
0)
#28095
1)
b10101000100 F
#28100
b101011111010 6
0)
#28105
1)
b10101000101 F
#28110
b101011111011 6
0)
#28115
1)
b10101000110 F
#28120
b101011111100 6
0)
#28125
1)
b10101000111 F
#28130
b101011111101 6
0)
#28135
1)
b10101001000 F
#28140
b101011111110 6
0)
#28145
1)
b10101001001 F
#28150
b101011111111 6
0)
#28155
1)
b10101001010 F
#28160
b101100000000 6
0)
#28165
1)
b10101001011 F
#28170
b101100000001 6
0)
#28175
1)
b10101001100 F
#28180
b101100000010 6
0)
#28185
1)
b10101001101 F
#28190
b101100000011 6
0)
#28195
1)
b10101001110 F
#28200
b101100000100 6
0)
#28205
1)
b10101001111 F
#28210
b101100000101 6
0)
#28215
1)
b10101010000 F
#28220
b101100000110 6
0)
#28225
1)
b10101010001 F
#28230
b101100000111 6
0)
#28235
1)
b10101010010 F
#28240
b101100001000 6
0)
#28245
1)
b10101010011 F
#28250
b101100001001 6
0)
#28255
1)
b10101010100 F
#28260
1!
b1 :
1*
b101100001010 6
0)
#28265
b1010 $
b1010 I
b1010 R
1)
b1110001110 E
b111010100 A
b100 >
b101100001010 4
b10001001010 3
1(
b10011 ?
b10001000111 9
02
#28270
b0 Z
b11 Y
b0 \
b0 X
b1000 U
b111 J
b111 [
b111 W
b111 V
b1010 7
b1010 .
b1010 K
b1100000010000 0
b1100000010000 L
b111000111111000 1
b111000111111000 M
b101100001011 6
0)
#28275
b111 $
b111 I
b111 R
1)
b1110001111 E
b111010101 @
b111010101 A
b100 >
b101100001011 4
b10001001011 3
1(
b1 ?
b10001001000 9
b1010 +
#28280
0!
b1 Z
b11 \
b11 X
b1101 U
b10101 J
b10010 [
b10010 W
b1010 V
b111 7
b0 :
b1011 .
b1011 K
b1110110111011111 0
b1110110111011111 L
b1010011111011010 1
b1010011111011010 M
0*
b101100001100 6
0)
#28285
1)
b10101010101 F
b111 +
12
#28290
b101100001101 6
0)
#28295
1)
b10101010110 F
#28300
1!
b1 :
1*
b101100001110 6
0)
#28305
b10101 $
b10101 I
b10101 R
1)
b1110010000 E
b111010110 @
b100 >
b101100001110 4
b10001001100 3
1(
b11 ?
b10001001001 9
02
#28310
b0 Z
b10 Y
b100 \
b100 X
b10 U
b1100 J
b1000 [
b1000 W
b1111 V
b10101 7
b1100 .
b1100 K
b1010001010000010 0
b1010001010000010 L
b1110111110110010 1
b1110111110110010 M
b101100001111 6
0)
#28315
b1100 $
b1100 I
b1100 R
1)
b1110010001 E
b100 >
b101100001111 4
b10001001101 3
1(
b1 ?
b10001001010 9
b10101 +
#28320
b0 \
b0 X
b0 U
b0 J
b0 [
b0 W
b0 V
b1100 7
b0 .
b0 K
b0 0
b0 L
b0 1
b0 M
0/
b101100010000 6
0)
#28325
0"
0T
1)
0(
b10001001011 9
b1100 +
#28330
b1111 U
b1 Z
b0 7
b0 <
b1101 .
b1101 K
b111100000000 0
b111100000000 L
b1000000011110000 1
b1000000011110000 M
0*
1/
b101100010001 6
0)
#28335
0!
1"
b0 $
b0 I
b0 R
1T
1)
b111010110 A
b100 >
b101100010001 4
1(
b10001001110 3
#28340
1!
b0 Z
b0 U
b1 <
b0 .
b0 K
b0 0
b0 L
b0 1
b0 M
1*
0/
b101100010010 6
0)
#28345
0"
0T
1)
0(
b10001001100 9
b0 +
#28350
b0 <
b101100010011 6
0)
#28355
1)
#28360
b101100010100 6
0)
#28365
1)
#28370
b101100010101 6
0)
#28375
1)
#28380
b1111111100 [
b11111100 W
b1100 V
b11 Y
b1111111101 J
b1 \
b1 X
b1111 U
b1110 .
b1110 K
b1100100000011111 0
b1100100000011111 L
b1100000001001111 1
b1100000001001111 M
1/
b101100010110 6
0)
#28385
1"
b1111111101 $
b1111111101 I
b1111111101 R
1T
1)
b100 >
b101100010110 4
1(
b10001001111 3
#28390
0!
b1 Z
b1111010110 \
b11010110 X
b1010 U
b1110011110 J
b1111001000 [
b11001000 W
b1000 V
b11111111111111111111111111111101 7
b1 <
b0 :
b1111 .
b1111 K
b1100101001110111 0
b1100101001110111 L
b1000001010100000 1
b1000001010100000 M
0*
b101100010111 6
0)
#28395
1)
b10101010111 F
b1111111101 +
12
#28400
b101100011000 6
0)
#28405
1)
b10101011000 F
#28410
1!
b1 :
1*
b101100011001 6
0)
#28415
b1110011110 $
b1110011110 I
b1110011110 R
1)
b1110010010 E
b111010111 A
b100 >
b101100011001 4
b10001010000 3
1(
b11 ?
b1000000010 B
b10001001101 9
02
#28420
b0 Z
b10 Y
b0 \
b0 X
b0 U
b0 J
b0 [
b0 W
b0 V
b11111111111111111111111110011110 7
b0 .
b0 K
b1011101110111 0
b1011101110111 L
b1000011110000 1
b1000011110000 M
b101100011010 6
0)
#28425
b0 $
b0 I
b0 R
1)
b1110010011 E
b100 >
b101100011010 4
b10001010001 3
1(
b1 ?
b1000000011 B
b10001001110 9
b1110011110 +
#28430
b1 Z
b1000000 J
b1000000 \
b1000000 X
b1000 U
b0 7
b1 .
b1 K
b111011110111000 0
b111011110111000 L
b10000011 1
b10000011 M
b101100011011 6
0)
#28435
b1000000 $
b1000000 I
b1000000 R
1)
b1110010100 E
b111011000 A
b100 >
b101100011011 4
b10001010010 3
1(
b10001001111 9
b0 +
#28440
0!
b0 Z
b11 Y
b111 \
b111 X
b1 U
b10011 J
b1100 [
b1100 W
b1101 V
b1000000 7
b0 :
b10 .
b10 K
b111000111 0
b111000111 L
b1101101001100001 1
b1101101001100001 M
0*
b101100011100 6
0)
#28445
1)
b10101011001 F
b1000000 +
12
#28450
b101100011101 6
0)
#28455
1)
b10101011010 F
#28460
b101100011110 6
0)
#28465
1)
b10101011011 F
#28470
1!
b1 :
1*
b101100011111 6
0)
#28475
b10011 $
b10011 I
b10011 R
1)
b1110010101 E
b100 >
b101100011111 4
b10001010011 3
1(
b100 ?
b10001010000 9
02
#28480
0!
b1 Z
b0 \
b0 X
b1 U
b1111001000 J
b1111001000 [
b11001000 W
b1000 V
b10011 7
b0 :
b11 .
b11 K
b1111100001110000 0
b1111100001110000 L
b1000100000011000 1
b1000100000011000 M
0*
b101100100000 6
0)
#28485
1)
b10101011100 F
b10011 +
12
#28490
b101100100001 6
0)
#28495
1)
b10101011101 F
#28500
b101100100010 6
0)
#28505
1)
b10101011110 F
#28510
1!
b1 :
1*
b101100100011 6
0)
#28515
b1111001000 $
b1111001000 I
b1111001000 R
1)
b1110010110 E
b111011011 A
b100 >
b101100100011 4
b10001010100 3
1(
b10001010001 9
02
#28520
b0 Z
b10 Y
b110 \
b110 X
b1110 U
b10110 J
b10000 [
b10000 W
b100 V
b11111111111111111111111111001000 7
b100 .
b100 K
b1110011101001101 0
b1110011101001101 L
b10010001101110 1
b10010001101110 M
b101100100100 6
0)
#28525
b10110 $
b10110 I
b10110 R
1)
b1110010111 E
b100 >
b101100100100 4
b10001010101 3
1(
b1 ?
b1000000100 B
b10001010010 9
b1111001000 +
#28530
0!
b0 \
b0 X
b0 U
b0 J
b0 [
b0 W
b0 V
b10110 7
b0 :
b0 .
b0 K
b0 0
b0 L
b0 1
b0 M
0*
0/
b101100100101 6
0)
#28535
1)
b10110 +
12
#28540
b111 U
b1 Z
b10010 J
b10010 [
b10010 W
b1101 V
b101 .
b101 K
b1000110110100000 0
b1000110110100000 L
b10110101110000 1
b10110101110000 M
1/
b101100100110 6
0)
#28545
1)
b10101011111 F
#28550
1!
b1 :
1*
b101100100111 6
0)
#28555
b10010 $
b10010 I
b10010 R
1)
b1110011000 E
b111010111 @
b100 >
b101100100111 4
b10001010110 3
1(
b11 ?
b10001010011 9
02
#28560
0!
b0 Z
b11 Y
b1 U
b111 J
b111 [
b111 W
b111 V
b10010 7
b0 :
b110 .
b110 K
b1000100000010000 0
b1000100000010000 L
b111000100000001 1
b111000100000001 M
0*
b101100101000 6
0)
#28565
1)
b10101100000 F
b10010 +
12
#28570
b101100101001 6
0)
#28575
1)
b10101100001 F
#28580
b101100101010 6
0)
#28585
1)
b10101100010 F
#28590
1!
b1 :
1*
b101100101011 6
0)
#28595
b111 $
b111 I
b111 R
1)
b1110011001 E
b111011000 @
b100 >
b101100101011 4
b10001010111 3
1(
b100 ?
b10001010100 9
02
#28600
0!
b10 Y
b0 U
b0 J
b0 [
b0 W
b0 V
b111 7
b0 :
b0 .
b0 K
b0 0
b0 L
b0 1
b0 M
0*
0/
b101100101100 6
0)
#28605
1)
b111 +
12
#28610
b101100101101 6
0)
#28615
1)
#28620
b101100101110 6
0)
#28625
1)
#28630
b101100101111 6
0)
#28635
1)
#28640
b1 Z
b11 Y
b0 \
b0 X
b1111111100 J
b1111111100 [
b11111100 W
b0 U
b1100 V
b111 .
b111 K
b1100010100011001 0
b1100010100011001 L
b1100011000000001 1
b1100011000000001 M
1/
b101100110000 6
0)
#28645
1)
b10101100011 F
#28650
b101100110001 6
0)
#28655
1)
b10101100100 F
#28660
b101100110010 6
0)
#28665
1)
b10101100101 F
#28670
b101100110011 6
0)
#28675
1)
b10101100110 F
#28680
b101100110100 6
0)
#28685
1)
b10101100111 F
#28690
b101100110101 6
0)
#28695
1)
b10101101000 F
#28700
b101100110110 6
0)
#28705
1)
b10101101001 F
#28710
b101100110111 6
0)
#28715
1)
b10101101010 F
#28720
b101100111000 6
0)
#28725
1)
b10101101011 F
#28730
b101100111001 6
0)
#28735
1)
b10101101100 F
#28740
b101100111010 6
0)
#28745
1)
b10101101101 F
#28750
b101100111011 6
0)
#28755
1)
b10101101110 F
#28760
b101100111100 6
0)
#28765
1)
b10101101111 F
#28770
b101100111101 6
0)
#28775
1)
b10101110000 F
#28780
b101100111110 6
0)
#28785
1)
b10101110001 F
#28790
1!
b1 :
1*
b101100111111 6
0)
#28795
b1111111100 $
b1111111100 I
b1111111100 R
1)
b1110011010 E
b100 >
b101100111111 4
b10001011000 3
1(
b10100 ?
b10001010101 9
02
#28800
0!
b0 Z
b10 Y
b0 J
b0 [
b0 W
b0 V
b11111111111111111111111111111100 7
b0 :
b0 .
b0 K
b0 0
b0 L
b0 1
b0 M
0*
0/
b101101000000 6
0)
#28805
1)
b1111111100 +
12
#28810
1!
b1 :
1*
b101101000001 6
0)
#28815
0"
0T
1)
0(
b10 ?
b1000000101 B
b10001010110 9
02
#28820
b0 7
b0 <
b101101000010 6
0)
#28825
1)
#28830
b101101000011 6
0)
#28835
1)
#28840
0*
b101101000100 6
0)
#28845
1)
#28850
b1111101000 J
b1111101000 [
b11101000 W
b11 V
b1000 .
b1000 K
b1010101110000011 0
b1010101110000011 L
b110001101010000 1
b110001101010000 M
1/
b101101000101 6
0)
#28855
0!
1"
b1111101000 $
b1111101000 I
b1111101000 R
1T
1)
b100 >
b101101000101 4
1(
b10001011001 3
#28860
1!
b1 Z
b0 \
b0 X
b0 U
b111 J
b111 [
b111 W
b1 V
b11111111111111111111111111101000 7
b1 <
b1001 .
b1001 K
b111111101111000 0
b111111101111000 L
b1000000100001000 1
b1000000100001000 M
1*
b101101000110 6
0)
#28865
b111 $
b111 I
b111 R
1)
b1110011011 E
b111011101 A
b100 >
b101101000110 4
b10001011010 3
1(
b1 ?
b1000000110 B
b10001010111 9
b1111101000 +
#28870
b0 Z
b11 Y
b1111111110 \
b11111110 X
b10 U
b1111110010 J
b1111110100 [
b11110100 W
b1010 V
b111 7
b1010 .
b1010 K
b1100111100101111 0
b1100111100101111 L
b1010100110100010 1
b1010100110100010 M
b101101000111 6
0)
#28875
b1111110010 $
b1111110010 I
b1111110010 R
1)
b1110011100 E
b100 >
b101101000111 4
b10001011011 3
1(
b10001011000 9
b111 +
#28880
0!
b110 U
b1 Z
b1111011100 \
b11011100 X
b1111100000 J
b100 [
b100 W
b1100 V
b11111111111111111111111111110010 7
b0 :
b1011 .
b1011 K
b1010011111111010 0
b1010011111111010 L
b1100110101100010 1
b1100110101100010 M
0*
b101101001000 6
0)
#28885
1)
b10101110010 F
b1111110010 +
12
#28890
b101101001001 6
0)
#28895
1)
b10101110011 F
#28900
b101101001010 6
0)
#28905
1)
b10101110100 F
#28910
1!
b1 :
1*
b101101001011 6
0)
#28915
b1111100000 $
b1111100000 I
b1111100000 R
1)
b1110011101 E
b100 >
b101101001011 4
b10001011100 3
1(
b100 ?
b1000000111 B
b10001011001 9
02
#28920
0!
b0 Z
b10 Y
b0 \
b0 X
b0 U
b0 J
b0 [
b0 W
b0 V
b11111111111111111111111111100000 7
b0 :
b0 .
b0 K
b0 0
b0 L
b0 1
b0 M
0*
0/
b101101001100 6
0)
#28925
1)
b1111100000 +
12
#28930
b1111111000 \
b11111000 X
b1111000000 J
b1111001000 [
b11001000 W
b1000 U
b1000 V
b1100 .
b1100 K
b111000001110001 0
b111000001110001 L
b1000100011111000 1
b1000100011111000 M
1/
b101101001101 6
0)
#28935
1)
b10101110101 F
#28940
b101101001110 6
0)
#28945
1)
b10101110110 F
#28950
1!
b1 :
1*
b101101001111 6
0)
#28955
b1111000000 $
b1111000000 I
b1111000000 R
1)
b1110011110 E
b111100000 A
b100 >
b101101001111 4
b10001011101 3
1(
b1000001000 B
b10001011010 9
02
#28960
0!
b1 Z
b0 \
b0 X
b10 U
b1111111001 J
b1111111001 [
b11111001 W
b1001 V
b11111111111111111111111111000000 7
b0 :
b1101 .
b1101 K
b101000100010000 0
b101000100010000 L
b100100100100011 1
b100100100100011 M
0*
b101101010000 6
0)
#28965
1)
b10101110111 F
b1111000000 +
12
#28970
b101101010001 6
0)
#28975
1)
b10101111000 F
#28980
1!
b1 :
1*
b101101010010 6
0)
#28985
b1111111001 $
b1111111001 I
b1111111001 R
1)
b1110011111 E
b100 >
b101101010010 4
b10001011110 3
1(
b11 ?
b1000001001 B
b10001011011 9
02
#28990
0!
b0 Z
b11 Y
b10 \
b10 X
b10 U
b1111110011 J
b1111110001 [
b11110001 W
b1011 V
b11111111111111111111111111111001 7
b0 :
b1110 .
b1110 K
b1010001100110001 0
b1010001100110001 L
b1011110110110010 1
b1011110110110010 M
0*
b101101010011 6
0)
#28995
1)
b10101111001 F
b1111111001 +
12
#29000
b101101010100 6
0)
#29005
1)
b10101111010 F
#29010
1!
b1 :
1*
b101101010101 6
0)
#29015
b1111110011 $
b1111110011 I
b1111110011 R
1)
b1110100000 E
b100 >
b101101010101 4
b10001011111 3
1(
b1000001010 B
b10001011100 9
02
#29020
b1 Z
b1111111111 \
b11111111 X
b1 U
b1111111110 J
b1111111111 [
b11111111 W
b1111 V
b11111111111111111111111111110011 7
b1111 .
b1111 K
b1000000011111 0
b1000000011111 L
b1111000000011000 1
b1111000000011000 M
b101101010110 6
0)
#29025
b1111111110 $
b1111111110 I
b1111111110 R
1)
b1110100001 E
b111100001 A
b100 >
b101101010110 4
b10001100000 3
1(
b1 ?
b1000001011 B
b10001011101 9
b1111110011 +
#29030
0!
b0 Z
b10 Y
b0 \
b0 X
b1100 U
b1111111101 J
b1111111101 [
b11111101 W
b1 V
b11111111111111111111111111111110 7
b0 :
b0 .
b0 K
b1000101111010000 0
b1000101111010000 L
b1000101101100 1
b1000101101100 M
0*
b101101010111 6
0)
#29035
1)
b10101111011 F
b1111111110 +
12
#29040
1!
b1 :
1*
b101101011000 6
0)
#29045
b1111111101 $
b1111111101 I
b1111111101 R
1)
b1110100010 E
b100 >
b101101011000 4
b10001100001 3
1(
b10 ?
b1000001100 B
b10001011110 9
02
#29050
b1 Z
b1111111000 \
b11111000 X
b1100 U
b1111111011 J
b11 [
b11 W
b11 V
b11111111111111111111111111111101 7
b1 .
b1 K
b111000100010010 0
b111000100010010 L
b1000001111001111 1
b1000001111001111 M
b101101011001 6
0)
#29055
b1111111011 $
b1111111011 I
b1111111011 R
1)
b1110100011 E
b111100010 A
b100 >
b101101011001 4
b10001100010 3
1(
b1 ?
b1000001101 B
b10001011111 9
b1111111101 +
#29060
b0 Z
b11 Y
b1000000 \
b1000000 X
b1000 U
b1000001 J
b1 [
b1 W
b1111 V
b11111111111111111111111111111011 7
b10 .
b10 K
b1000011111000 0
b1000011111000 L
b1111011101111000 1
b1111011101111000 M
b101101011010 6
0)
#29065
b1000001 $
b1000001 I
b1000001 R
1)
b1110100100 E
b111011010 @
b111100011 A
b100 >
b101101011010 4
b10001100011 3
1(
b1000001110 B
b10001100000 9
b1111111011 +
#29070
0!
b1 Z
b10100 \
b10100 X
b1011 U
b110010 J
b11110 [
b11110 W
b1010 V
b1000001 7
b0 :
b11 .
b11 K
b1001101110111100 0
b1001101110111100 L
b1010001010111100 1
b1010001010111100 M
0*
b101101011011 6
0)
#29075
1)
b10101111100 F
b1000001 +
12
#29080
1!
b1 :
1*
b101101011100 6
0)
#29085
b110010 $
b110010 I
b110010 R
1)
b1110100101 E
b100 >
b101101011100 4
b10001100100 3
1(
b10 ?
b10001100001 9
02
#29090
b0 Z
b10 Y
b11100 \
b11100 X
b111 U
b10110 J
b1111111010 [
b11111010 W
b1 V
b110010 7
b100 .
b100 K
b1001011110100100 0
b1001011110100100 L
b1011000111110111 1
b1011000111110111 M
b101101011101 6
0)
#29095
b10110 $
b10110 I
b10110 R
1)
b1110100110 E
b111011011 @
b100 >
b101101011101 4
b10001100101 3
1(
b1 ?
b10001100010 9
b110010 +
#29100
0!
b1 Z
b0 \
b0 X
b0 U
b1111111001 J
b1111111001 [
b11111001 W
b111 V
b10110 7
b0 :
b101 .
b101 K
b1100011111000 0
b1100011111000 L
b111011100001000 1
b111011100001000 M
0*
b101101011110 6
0)
#29105
1)
b10101111101 F
b10110 +
12
#29110
1!
b1 :
1*
b101101011111 6
0)
#29115
b1111111001 $
b1111111001 I
b1111111001 R
1)
b1110100111 E
b111011101 @
b111100100 A
b100 >
b101101011111 4
b10001100110 3
1(
b10 ?
b10001100011 9
02
#29120
0!
b0 Z
b1111 V
b11 Y
b1111111001 [
b11111001 W
b1111101001 J
b1111110000 \
b11110000 X
b1100 U
b11111111111111111111111111111001 7
b0 :
b110 .
b110 K
b100111001110100 0
b100111001110100 L
b1111011100011100 1
b1111011100011100 M
0*
b101101100000 6
0)
#29125
1)
b10101111110 F
b1111111001 +
12
#29130
1!
b1 :
1*
b101101100001 6
0)
#29135
b1111101001 $
b1111101001 I
b1111101001 R
1)
b1110101000 E
b111011110 @
b100 >
b101101100001 4
b10001100111 3
1(
b1000001111 B
b10001100100 9
02
#29140
b1 Z
b1111001111 \
b11001111 X
b1001 U
b1111001111 J
b0 [
b0 W
b1110 V
b11111111111111111111111111101001 7
b111 .
b111 K
b1110000000000111 0
b1110000000000111 L
b1110001010011101 1
b1110001010011101 M
b101101100010 6
0)
#29145
b1111001111 $
b1111001111 I
b1111001111 R
1)
b1110101001 E
b100 >
b101101100010 4
b10001101000 3
1(
b1 ?
b1000010000 B
b10001100101 9
b1111101001 +
#29150
0!
b0 Z
b10 Y
b0 J
b0 \
b0 X
b0 U
b0 V
b11111111111111111111111111001111 7
b0 :
b0 .
b0 K
b0 0
b0 L
b0 1
b0 M
0*
0/
b101101100011 6
0)
#29155
1)
b1111001111 +
12
#29160
b1111111111 \
b11111111 X
b1111111110 J
b1111111111 [
b11111111 W
b1111 U
b1 V
b1000 .
b1000 K
b111011111110001 0
b111011111110001 L
b1000000101111111 1
b1000000101111111 M
1/
b101101100100 6
0)
#29165
1)
b10101111111 F
#29170
b101101100101 6
0)
#29175
1)
b10110000000 F
#29180
b101101100110 6
0)
#29185
1)
b10110000001 F
#29190
b101101100111 6
0)
#29195
1)
b10110000010 F
#29200
b101101101000 6
0)
#29205
1)
b10110000011 F
#29210
b101101101001 6
0)
#29215
1)
b10110000100 F
#29220
b101101101010 6
0)
#29225
1)
b10110000101 F
#29230
b101101101011 6
0)
#29235
1)
b10110000110 F
#29240
b101101101100 6
0)
#29245
1)
b10110000111 F
#29250
b101101101101 6
0)
#29255
1)
b10110001000 F
#29260
b101101101110 6
0)
#29265
1)
b10110001001 F
#29270
b101101101111 6
0)
#29275
1)
b10110001010 F
#29280
b101101110000 6
0)
#29285
1)
b10110001011 F
#29290
b101101110001 6
0)
#29295
1)
b10110001100 F
#29300
b101101110010 6
0)
#29305
1)
b10110001101 F
#29310
b101101110011 6
0)
#29315
1)
b10110001110 F
#29320
1!
b1 :
1*
b101101110100 6
0)
#29325
b1111111110 $
b1111111110 I
b1111111110 R
1)
b1110101010 E
b111100101 A
b111011111 @
b100 >
b101101110100 4
b10001101001 3
1(
b10010 ?
b1000010001 B
b10001100110 9
02
#29330
b0 \
b0 X
b0 U
b0 J
b0 [
b0 W
b0 V
b11111111111111111111111111111110 7
b0 .
b0 K
b0 0
b0 L
b0 1
b0 M
0/
b101101110101 6
0)
#29335
0"
0T
1)
0(
b1 ?
b1000010010 B
b10001100111 9
b1111111110 +
#29340
b1 Z
b1111010000 \
b11010000 X
b1110100110 J
b1111010110 [
b11010110 W
b110 U
b110 V
b0 7
b0 <
b1001 .
b1001 K
b1011010110011000 0
b1011010110011000 L
b1000011001101001 1
b1000011001101001 M
0*
1/
b101101110110 6
0)
#29345
0!
1"
b1110100110 $
b1110100110 I
b1110100110 R
1T
1)
b111100110 A
b100 >
b101101110110 4
1(
b10001101010 3
#29350
b0 Z
b11 Y
b0 \
b0 X
b0 U
b1111111110 J
b1111111110 [
b11111110 W
b1 V
b11111111111111111111111110100110 7
b1 <
b0 :
b1010 .
b1010 K
b1011111100011 0
b1011111100011 L
b1001001010000 1
b1001001010000 M
b101101110111 6
0)
#29355
1)
b10110001111 F
b1110100110 +
12
#29360
1!
b1 :
1*
b101101111000 6
0)
#29365
b1111111110 $
b1111111110 I
b1111111110 R
1)
b1110101011 E
b100 >
b101101111000 4
b10001101011 3
1(
b10 ?
b1000010011 B
b10001101000 9
02
#29370
0!
b1 Z
b1111111001 \
b11111001 X
b111 U
b1111111001 J
b0 [
b0 W
b0 V
b11111111111111111111111111111110 7
b0 :
b1011 .
b1011 K
b111000011111111 0
b111000011111111 L
b1110001 1
b1110001 M
0*
b101101111001 6
0)
#29375
1)
b10110010000 F
b1111111110 +
12
#29380
1!
b1 :
1*
b101101111010 6
0)
#29385
b1111111001 $
b1111111001 I
b1111111001 R
1)
b1110101100 E
b111100000 @
b100 >
b101101111010 4
b10001101100 3
1(
b1000010100 B
b10001101001 9
02
#29390
b0 Z
b10 Y
b0 J
b0 \
b0 X
b0 U
b11111111111111111111111111111001 7
b0 .
b0 K
b0 0
b0 L
b0 1
b0 M
0/
b101101111011 6
0)
#29395
0"
0T
1)
0(
b1 ?
b1000010101 B
b10001101010 9
b1111111001 +
#29400
b0 7
b0 <
b101101111100 6
0)
#29405
1)
#29410
b1111111100 \
b11111100 X
b1111011001 J
b1111011101 [
b11011101 W
b1 U
b1011 V
b1100 .
b1100 K
b110010101111100 0
b110010101111100 L
b10101101000001 1
b10101101000001 M
1/
b101101111101 6
0)
#29415
1"
b1111011001 $
b1111011001 I
b1111011001 R
1T
1)
b100 >
b101101111101 4
1(
b10001101101 3
#29420
0!
b1 Z
b1100 \
b1100 X
b11 U
b11110 J
b10010 [
b10010 W
b110 V
b11111111111111111111111111011001 7
b1 <
b0 :
b1101 .
b1101 K
b11110100110100 0
b11110100110100 L
b101011000110011 1
b101011000110011 M
0*
b101101111110 6
0)
#29425
1)
b10110010001 F
b1111011001 +
12
#29430
1!
b1 :
1*
b101101111111 6
0)
#29435
b11110 $
b11110 I
b11110 R
1)
b1110101101 E
b100 >
b101101111111 4
b10001101110 3
1(
b10 ?
b1000010110 B
b10001101011 9
02
#29440
b0 Z
b0 \
b0 X
b0 U
b0 J
b0 [
b0 W
b0 V
b11110 7
b0 .
b0 K
b0 0
b0 L
b0 1
b0 M
0/
b101110000000 6
0)
#29445
0"
0T
1)
0(
b1 ?
b10001101100 9
b11110 +
#29450
b11 Y
b111 U
b111 V
b0 7
b0 <
b1110 .
b1110 K
b1011100000000 0
b1011100000000 L
b111100010000111 1
b111100010000111 M
1/
b101110000001 6
0)
#29455
1"
b0 $
b0 I
b0 R
1T
1)
b111101000 A
b111100010 @
b100 >
b101110000001 4
1(
b10001101111 3
#29460
0!
b1100 U
b1 Z
b100 \
b100 X
b10 J
b1111111110 [
b11111110 W
b1111 V
b1 <
b0 :
b1111 .
b1111 K
b10100000101111 0
b10100000101111 L
b1111010111000111 1
b1111010111000111 M
0*
b101110000010 6
0)
#29465
1)
b10110010010 F
b0 +
12
#29470
1!
b1 :
1*
b101110000011 6
0)
#29475
b10 $
b10 I
b10 R
1)
b1110101110 E
b111100011 @
b100 >
b101110000011 4
b10001110000 3
1(
b10 ?
b10001101101 9
02
#29480
0!
b0 Z
b10 Y
b0 \
b0 X
b0 U
b10 J
b10 [
b10 W
b1110 V
b10 7
b0 :
b0 .
b0 K
b1100010011110000 0
b1100010011110000 L
b1111010000000 1
b1111010000000 M
0*
b101110000100 6
0)
#29485
1)
b10110010011 F
b10 +
12
#29490
b101110000101 6
0)
#29495
1)
b10110010100 F
#29500
b101110000110 6
0)
#29505
1)
b10110010101 F
#29510
1!
b1 :
1*
b101110000111 6
0)
#29515
1)
b1110101111 E
b111101001 A
b100 >
b101110000111 4
b10001110001 3
1(
b100 ?
b10001101110 9
02
#29520
b1 Z
b1000000 \
b1000000 X
b1000 U
b1001000 J
b1000 [
b1000 W
b1111 V
b1 .
b1 K
b1000010001000 0
b1000010001000 L
b111111110001000 1
b111111110001000 M
b101110001000 6
0)
#29525
b1001000 $
b1001000 I
b1001000 R
1)
b1110110000 E
b111100100 @
b111101011 A
b100 >
b101110001000 4
b10001110010 3
1(
b1 ?
b10001101111 9
#29530
b0 Z
b0 \
b0 X
b0 U
b0 J
b0 [
b0 W
b0 V
b1001000 7
b0 .
b0 K
b0 0
b0 L
b0 1
b0 M
0/
b101110001001 6
0)
#29535
0"
0T
1)
0(
b10001110000 9
b1001000 +
#29540
b11 Y
b1100 \
b1100 X
b1111 J
b11 [
b11 W
b1100 U
b1101 V
b0 7
b0 <
b10 .
b10 K
b1010111111111101 0
b1010111111111101 L
b1101111110101100 1
b1101111110101100 M
1/
b101110001010 6
0)
#29545
1"
b1111 $
b1111 I
b1111 R
1T
1)
b100 >
b101110001010 4
1(
b10001110011 3
#29550
b1 Z
b10010 \
b10010 X
b1010 U
b100000 J
b1110 [
b1110 W
b1110 V
b1111 7
b1 <
b11 .
b11 K
b1101010011101 0
b1101010011101 L
b1110111010101001 1
b1110111010101001 M
b101110001011 6
0)
#29555
b100000 $
b100000 I
b100000 R
1)
b1110110001 E
b100 >
b101110001011 4
b10001110100 3
1(
b10001110001 9
b1111 +
#29560
0!
b0 Z
b10 Y
b1111001000 \
b11001000 X
b111 U
b1111001111 J
b111 [
b111 W
b111 V
b100000 7
b0 :
b100 .
b100 K
b111100011000 0
b111100011000 L
b111011110000111 1
b111011110000111 M
0*
b101110001100 6
0)
#29565
1)
b10110010110 F
b100000 +
12
#29570
1!
b1 :
1*
b101110001101 6
0)
#29575
b1111001111 $
b1111001111 I
b1111001111 R
1)
b1110110010 E
b111101100 A
b111100111 @
b100 >
b101110001101 4
b10001110101 3
1(
b10 ?
b10001110010 9
02
#29580
0!
b1 Z
b111000 \
b111000 X
b1000 U
b110001 J
b1111111001 [
b11111001 W
b1 V
b11111111111111111111111111001111 7
b0 :
b101 .
b101 K
b1100101110011001 0
b1100101110011001 L
b10000110001011 1
b10000110001011 M
0*
b101110001110 6
0)
#29585
1)
b10110010111 F
b1111001111 +
12
#29590
1!
b1 :
1*
b101110001111 6
0)
#29595
b110001 $
b110001 I
b110001 R
1)
b1110110011 E
b111101101 A
b100 >
b101110001111 4
b10001110110 3
1(
b1000010111 B
b10001110011 9
02
#29600
0!
b0 Z
b0 \
b0 X
b0 U
b0 J
b0 [
b0 W
b0 V
b110001 7
b0 :
b0 .
b0 K
b0 0
b0 L
b0 1
b0 M
0*
0/
b101110010000 6
0)
#29605
1)
b110001 +
12
#29610
1!
b1000 [
b1000 W
b1110 V
b11 Y
b10010 J
b1010 \
b1010 X
b1110 U
b1 :
b110 .
b110 K
b1001110011001011 0
b1001110011001011 L
b1110000001001110 1
b1110000001001110 M
1*
1/
b101110010001 6
0)
#29615
b10010 $
b10010 I
b10010 R
1)
b1110110100 E
b100 >
b101110010001 4
b10001110111 3
1(
b10001110100 9
02
#29620
0!
b10 Y
b0 \
b0 X
b0 U
b0 J
b0 [
b0 W
b0 V
b10010 7
b0 :
b0 .
b0 K
b0 0
b0 L
b0 1
b0 M
0*
0/
b101110010010 6
0)
#29625
1)
b10010 +
12
#29630
b1 Z
b1111001000 [
b11001000 W
b111 V
b11 Y
b1111000111 J
b1111111111 \
b11111111 X
b1 U
b111 .
b111 K
b11110001111 0
b11110001111 L
b111000000011111 1
b111000000011111 M
1/
b101110010011 6
0)
#29635
1)
b10110011000 F
#29640
1!
b1 :
1*
b101110010100 6
0)
#29645
b1111000111 $
b1111000111 I
b1111000111 R
1)
b1110110101 E
b111101000 @
b100 >
b101110010100 4
b10001111000 3
1(
b11 ?
b10001110101 9
02
#29650
b0 Z
b10 Y
b111000 \
b111000 X
b1001 U
b101111 J
b1111110111 [
b11110111 W
b11 V
b11111111111111111111111111000111 7
b1000 .
b1000 K
b1100001111011000 0
b1100001111011000 L
b110001101111001 1
b110001101111001 M
b101110010101 6
0)
#29655
b101111 $
b101111 I
b101111 R
1)
b1110110110 E
b111101001 @
b100 >
b101110010101 4
b10001111001 3
1(
b1 ?
b1000011000 B
b10001110110 9
b1111000111 +
#29660
0!
b0 \
b0 X
b0 U
b0 J
b0 [
b0 W
b0 V
b101111 7
b0 :
b0 .
b0 K
b0 0
b0 L
b0 1
b0 M
0*
0/
b101110010110 6
0)
#29665
1)
b101111 +
12
#29670
1!
b1 Z
b1111110100 \
b11110100 X
b100101 J
b110001 [
b110001 W
b110 U
b111 V
b1 :
b1001 .
b1001 K
b1110010101111110 0
b1110010101111110 L
b1001011101100101 1
b1001011101100101 M
1*
1/
b101110010111 6
0)
#29675
b100101 $
b100101 I
b100101 R
1)
b1110110111 E
b111101010 @
b100 >
b101110010111 4
b10001111010 3
1(
b10 ?
b10001110111 9
02
#29680
0!
b0 Z
b11 Y
b0 \
b0 X
b0 U
b110001 J
b110001 [
b110001 W
b111 V
b100101 7
b0 :
b1010 .
b1010 K
b111000101110000 0
b111000101110000 L
b111100000010000 1
b111100000010000 M
0*
b101110011000 6
0)
#29685
1)
b10110011001 F
b100101 +
12
#29690
b101110011001 6
0)
#29695
1)
b10110011010 F
#29700
b101110011010 6
0)
#29705
1)
b10110011011 F
#29710
b101110011011 6
0)
#29715
1)
b10110011100 F
#29720
b101110011100 6
0)
#29725
1)
b10110011101 F
#29730
b101110011101 6
0)
#29735
1)
b10110011110 F
#29740
b101110011110 6
0)
#29745
1)
b10110011111 F
#29750
b101110011111 6
0)
#29755
1)
b10110100000 F
#29760
b101110100000 6
0)
#29765
1)
b10110100001 F
#29770
b101110100001 6
0)
#29775
1)
b10110100010 F
#29780
b101110100010 6
0)
#29785
1)
b10110100011 F
#29790
b101110100011 6
0)
#29795
1)
b10110100100 F
#29800
b101110100100 6
0)
#29805
1)
b10110100101 F
#29810
b101110100101 6
0)
#29815
1)
b10110100110 F
#29820
b101110100110 6
0)
#29825
1)
b10110100111 F
#29830
b101110100111 6
0)
#29835
1)
b10110101000 F
#29840
b101110101000 6
0)
#29845
1)
b10110101001 F
#29850
1!
b1 :
1*
b101110101001 6
0)
#29855
b110001 $
b110001 I
b110001 R
1)
b1110111000 E
b111101011 @
b111101110 A
b100 >
b101110101001 4
b10001111011 3
1(
b10010 ?
b10001111000 9
02
#29860
0!
b1 Z
b1111101000 \
b11101000 X
b1010 U
b1111001010 J
b1111100010 [
b11100010 W
b1011 V
b110001 7
b0 :
b1011 .
b1011 K
b111110101100100 0
b111110101100100 L
b1011111010101100 1
b1011111010101100 M
0*
b101110101010 6
0)
#29865
1)
b10110101010 F
b110001 +
12
#29870
1!
b1 :
1*
b101110101011 6
0)
#29875
b1111001010 $
b1111001010 I
b1111001010 R
1)
b1110111001 E
b100 >
b101110101011 4
b10001111100 3
1(
b10 ?
b10001111001 9
02
#29880
0!
b0 Z
b10 Y
b10010 \
b10010 X
b1010 U
b1111111110 J
b1111101100 [
b11101100 W
b1011 V
b11111111111111111111111111001010 7
b0 :
b1100 .
b1100 K
b1100000101001101 0
b1100000101001101 L
b1000101100111010 1
b1000101100111010 M
0*
b101110101100 6
0)
#29885
1)
b10110101011 F
b1111001010 +
12
#29890
1!
b1 :
1*
b101110101101 6
0)
#29895
b1111111110 $
b1111111110 I
b1111111110 R
1)
b1110111010 E
b111101111 A
b100 >
b101110101101 4
b10001111101 3
1(
b1000011001 B
b10001111010 9
02
#29900
b1 Z
b1111111001 \
b11111001 X
b1111 U
b1111110010 J
b1111111001 [
b11111001 W
b1111 V
b11111111111111111111111111111110 7
b1101 .
b1101 K
b1111111101110111 0
b1111111101110111 L
b1111111111111111 1
b1111111111111111 M
b101110101110 6
0)
#29905
b1111110010 $
b1111110010 I
b1111110010 R
1)
b1110111011 E
b100 >
b101110101110 4
b10001111110 3
1(
b1 ?
b1000011010 B
b10001111011 9
b1111111110 +
#29910
b0 Z
b0 \
b0 X
b0 U
b0 J
b0 [
b0 W
b0 V
b11111111111111111111111111110010 7
b0 .
b0 K
b0 0
b0 L
b0 1
b0 M
0/
b101110101111 6
0)
#29915
0"
0T
1)
0(
b1000011011 B
b10001111100 9
b1111110010 +
#29920
b0 7
b0 <
0*
b101110110000 6
0)
#29925
1)
#29930
b11 Y
b0 J
b0 [
b0 W
b1100 U
b0 V
b1110 .
b1110 K
b100000101110000 0
b100000101110000 L
b101011101100 1
b101011101100 M
1/
b101110110001 6
0)
#29935
0!
1"
b0 $
b0 I
b0 R
1T
1)
b100 >
b101110110001 4
1(
b10001111111 3
#29940
b1 Z
b10 \
b10 X
b1 U
b110010 J
b110000 [
b110000 W
b1000 V
b1 <
b0 :
b1111 .
b1111 K
b101000110100010 0
b101000110100010 L
b1000100100011010 1
b1000100100011010 M
b101110110010 6
0)
#29945
1)
b10110101100 F
b0 +
12
#29950
1!
b1 :
1*
b101110110011 6
0)
#29955
b110010 $
b110010 I
b110010 R
1)
b1110111100 E
b111110000 A
b100 >
b101110110011 4
b10010000000 3
1(
b10 ?
b10001111101 9
02
#29960
b0 Z
b10 Y
b1000000 \
b1000000 X
b1000 U
b1000001 J
b1 [
b1 W
b1111 V
b110010 7
b0 .
b0 K
b1111000011111000 0
b1111000011111000 L
b1111111110001000 1
b1111111110001000 M
b101110110100 6
0)
#29965
b1000001 $
b1000001 I
b1000001 R
1)
b1110111101 E
b111110010 A
b100 >
b101110110100 4
b10010000001 3
1(
b1 ?
b10001111110 9
b110010 +
#29970
0!
b0 \
b0 X
b0 U
b0 J
b0 [
b0 W
b0 V
b1000001 7
b0 :
b0 0
b0 L
b0 1
b0 M
0*
0/
b101110110101 6
0)
#29975
1)
b1000001 +
12
#29980
1!
b1 Z
b1111101100 \
b11101100 X
b1111111000 J
b1100 [
b1100 W
b1100 U
b1101 V
b1 :
b1 .
b1 K
b1101001111000101 0
b1101001111000101 L
b1111110111001110 1
b1111110111001110 M
1*
1/
b101110110110 6
0)
#29985
b1111111000 $
b1111111000 I
b1111111000 R
1)
b1110111110 E
b100 >
b101110110110 4
b10010000010 3
1(
b10 ?
b10001111111 9
02
#29990
0!
b0 Z
b11 Y
b10100 \
b10100 X
b100 U
b111110 J
b101010 [
b101010 W
b1010 V
b11111111111111111111111111111000 7
b0 :
b10 .
b10 K
b1011100010010101 0
b1011100010010101 L
b1010100001010100 1
b1010100001010100 M
0*
b101110110111 6
0)
#29995
1)
b10110101101 F
b1111111000 +
12
#30000
1!
b1 :
1*
b101110111000 6
0)
#30005
b111110 $
b111110 I
b111110 R
1)
b1110111111 E
b111110011 A
b100 >
b101110111000 4
b10010000011 3
1(
b1000011100 B
b10010000000 9
02
#30010
b1 Z
b1111111001 \
b11111001 X
b111 U
b1111111001 J
b0 [
b0 W
b0 V
b111110 7
b11 .
b11 K
b1111000011111111 0
b1111000011111111 L
b100001110111 1
b100001110111 M
b101110111001 6
0)
#30015
b1111111001 $
b1111111001 I
b1111111001 R
1)
b1111000000 E
b111110100 A
b111101101 @
b100 >
b101110111001 4
b10010000100 3
1(
b1 ?
b10010000001 9
b111110 +
#30020
b0 Z
b10 Y
b10 \
b10 X
b1111 U
b1111101110 J
b1111101100 [
b11101100 W
b1011 V
b11111111111111111111111111111001 7
b100 .
b100 K
b1010100101001110 0
b1010100101001110 L
b1110101110001111 1
b1110101110001111 M
b101110111010 6
0)
#30025
b1111101110 $
b1111101110 I
b1111101110 R
1)
b1111000001 E
b111110101 A
b100 >
b101110111010 4
b10010000101 3
1(
b1000011101 B
b10010000010 9
b1111111001 +
#30030
b1 Z
b1111101110 \
b11101110 X
b11 U
b11000 J
b101010 [
b101010 W
b1001 V
b11111111111111111111111111101110 7
b101 .
b101 K
b100100010101010 0
b100100010101010 L
b1101100100110111 1
b1101100100110111 M
b101110111011 6
0)
#30035
b11000 $
b11000 I
b11000 R
1)
b1111000010 E
b111101110 @
b100 >
b101110111011 4
b10010000110 3
1(
b1000011110 B
b10010000011 9
b1111101110 +
#30040
0!
b0 Z
b0 \
b0 X
b0 U
b0 J
b0 [
b0 W
b0 V
b11000 7
b0 :
b0 .
b0 K
b0 0
b0 L
b0 1
b0 M
0*
0/
b101110111100 6
0)
#30045
1)
b11000 +
12
#30050
1!
b11 Y
b1000 U
b1111 V
b1 :
b110 .
b110 K
b1111100000000000 0
b1111100000000000 L
b1111111101111000 1
b1111111101111000 M
1*
1/
b101110111101 6
0)
#30055
b0 $
b0 I
b0 R
1)
b1111000011 E
b111101111 @
b111110110 A
b100 >
b101110111101 4
b10010000111 3
1(
b10 ?
b10010000100 9
02
#30060
b10 Y
b0 U
b0 V
b0 7
b0 .
b0 K
b0 0
b0 L
b0 1
b0 M
0/
b101110111110 6
0)
#30065
0"
0T
1)
0(
b1 ?
b10010000101 9
b0 +
#30070
b1 Z
b11 Y
b0 \
b0 X
b1111111001 J
b1111111001 [
b11111001 W
b0 U
b1 V
b0 <
b111 .
b111 K
b1010010010010100 0
b1010010010010100 L
b1010100000110 1
b1010100000110 M
1/
b101110111111 6
0)
#30075
1"
b1111111001 $
b1111111001 I
b1111111001 R
1T
1)
b100 >
b101110111111 4
1(
b10010001000 3
#30080
b0 Z
b10 Y
b0 \
b0 X
b101 U
b1111101100 J
b1111101100 [
b11101100 W
b1011 V
b11111111111111111111111111111001 7
b1 <
b1000 .
b1000 K
b100100001000000 0
b100100001000000 L
b100101111000101 1
b100101111000101 M
b101111000000 6
0)
#30085
b1111101100 $
b1111101100 I
b1111101100 R
1)
b1111000100 E
b100 >
b101111000000 4
b10010001001 3
1(
b1000011111 B
b10010000110 9
b1111111001 +
#30090
b1 Z
b110001 \
b110001 X
b111 U
b1111111001 J
b1111001000 [
b11001000 W
b111 V
b11111111111111111111111111101100 7
b1001 .
b1001 K
b111111110000111 0
b111111110000111 L
b1111011101111000 1
b1111011101111000 M
b101111000001 6
0)
#30095
b1111111001 $
b1111111001 I
b1111111001 R
1)
b1111000101 E
b111110001 @
b111110111 A
b100 >
b101111000001 4
b10010001010 3
1(
b1000100000 B
b10010000111 9
b1111101100 +
#30100
b0 Z
b0 \
b0 X
b0 U
b0 J
b0 [
b0 W
b0 V
b11111111111111111111111111111001 7
b0 .
b0 K
b0 0
b0 L
b0 1
b0 M
0/
b101111000010 6
0)
#30105
0"
0T
1)
0(
b1000100001 B
b10010001000 9
b1111111001 +
#30110
b11 Y
b11000 \
b11000 X
b110110 J
b11110 [
b11110 W
b1101 U
b1011 V
b0 7
b0 <
b1010 .
b1010 K
b11101110101000 0
b11101110101000 L
b1011001100011101 1
b1011001100011101 M
0*
1/
b101111000011 6
0)
#30115
0!
1"
b110110 $
b110110 I
b110110 R
1T
1)
b100 >
b101111000011 4
1(
b10010001011 3
#30120
b1 Z
b1111110100 \
b11110100 X
b110 U
b1111100110 J
b1111110010 [
b11110010 W
b1001 V
b110110 7
b1 <
b0 :
b1011 .
b1011 K
b1100001000101110 0
b1100001000101110 L
b1001100001101010 1
b1001100001101010 M
b101111000100 6
0)
#30125
1)
b10110101110 F
b110110 +
12
#30130
1!
b1 :
1*
b101111000101 6
0)
#30135
b1111100110 $
b1111100110 I
b1111100110 R
1)
b1111000110 E
b111111000 A
b100 >
b101111000101 4
b10010001100 3
1(
b10 ?
b10010001001 9
02
#30140
b0 Z
b10 Y
b0 \
b0 X
b0 U
b0 J
b0 [
b0 W
b0 V
b11111111111111111111111111100110 7
b0 .
b0 K
b0 0
b0 L
b0 1
b0 M
0/
b101111000110 6
0)
#30145
0"
0T
1)
0(
b1 ?
b1000100010 B
b10010001010 9
b1111100110 +
#30150
b1111111000 \
b11111000 X
b0 J
b1000 [
b1000 W
b1000 U
b1000 V
b0 7
b0 <
b1100 .
b1100 K
b1111111110001 0
b1111111110001 L
b1111100010001000 1
b1111100010001000 M
0*
1/
b101111000111 6
0)
#30155
0!
1"
b0 $
b0 I
b0 R
1T
1)
b111111011 A
b100 >
b101111000111 4
1(
b10010001101 3
#30160
1!
b1 Z
b1111110111 \
b11110111 X
b11 U
b1111110011 J
b1111111100 [
b11111100 W
b1110 V
b1 <
b1101 .
b1101 K
b101011000101101 0
b101011000101101 L
b111000111101 1
b111000111101 M
1*
b101111001000 6
0)
#30165
b1111110011 $
b1111110011 I
b1111110011 R
1)
b1111000111 E
b100 >
b101111001000 4
b10010001110 3
1(
b10010001011 9
b0 +
#30170
0!
b0 Z
b11 Y
b0 \
b0 X
b110 U
b10010 J
b10010 [
b10010 W
b1010 V
b11111111111111111111111111110011 7
b0 :
b1110 .
b1110 K
b11011111010000 0
b11011111010000 L
b1010111110110110 1
b1010111110110110 M
0*
b101111001001 6
0)
#30175
1)
b10110101111 F
b1111110011 +
12
#30180
1!
b1 :
1*
b101111001010 6
0)
#30185
b10010 $
b10010 I
b10010 R
1)
b1111001000 E
b100 >
b101111001010 4
b10010001111 3
1(
b10 ?
b1000100011 B
b10010001100 9
02
#30190
0!
b1 Z
b1 \
b1 X
b1 U
b1000 J
b111 [
b111 W
b1 V
b10010 7
b0 :
b1111 .
b1111 K
b1111100001110001 0
b1111100001110001 L
b1111100011111 1
b1111100011111 M
0*
b101111001011 6
0)
#30195
1)
b10110110000 F
b10010 +
12
#30200
1!
b1 :
1*
b101111001100 6
0)
#30205
b1000 $
b1000 I
b1000 R
1)
b1111001001 E
b100 >
b101111001100 4
b10010010000 3
1(
b10010001101 9
02
#30210
0!
b0 Z
b10 Y
b10 \
b10 X
b1 U
b10 J
b0 [
b0 W
b1001 V
b1000 7
b0 :
b0 .
b0 K
b1100010100000010 0
b1100010100000010 L
b100100111100001 1
b100100111100001 M
0*
b101111001101 6
0)
#30215
1)
b10110110001 F
b1000 +
12
#30220
b101111001110 6
0)
#30225
1)
b10110110010 F
#30230
b101111001111 6
0)
#30235
1)
b10110110011 F
#30240
b101111010000 6
0)
#30245
1)
b10110110100 F
#30250
b101111010001 6
0)
#30255
1)
b10110110101 F
#30260
b101111010010 6
0)
#30265
1)
b10110110110 F
#30270
b101111010011 6
0)
#30275
1)
b10110110111 F
#30280
b101111010100 6
0)
#30285
1)
b10110111000 F
#30290
b101111010101 6
0)
#30295
1)
b10110111001 F
#30300
b101111010110 6
0)
#30305
1)
b10110111010 F
#30310
b101111010111 6
0)
#30315
1)
b10110111011 F
#30320
b101111011000 6
0)
#30325
1)
b10110111100 F
#30330
b101111011001 6
0)
#30335
1)
b10110111101 F
#30340
b101111011010 6
0)
#30345
1)
b10110111110 F
#30350
b101111011011 6
0)
#30355
1)
b10110111111 F
#30360
b101111011100 6
0)
#30365
1)
b10111000000 F
#30370
b101111011101 6
0)
#30375
1)
b10111000001 F
#30380
1!
b1 :
1*
b101111011110 6
0)
#30385
b10 $
b10 I
b10 R
1)
b1111001010 E
b100 >
b101111011110 4
b10010010001 3
1(
b10010 ?
b10010001110 9
02
#30390
0!
b1 Z
b1111100100 [
b11100100 W
b1111011010 J
b1111110110 \
b11110110 X
b101 U
b1100 V
b10 7
b0 :
b1 .
b1 K
b101001001111110 0
b101001001111110 L
b11110001010011 1
b11110001010011 M
0*
b101111011111 6
0)
#30395
1)
b10111000010 F
b10 +
12
#30400
1!
b1 :
1*
b101111100000 6
0)
#30405
b1111011010 $
b1111011010 I
b1111011010 R
1)
b1111001011 E
b100 >
b101111100000 4
b10010010010 3
1(
b10 ?
b10010001111 9
02
#30410
b0 Z
b0 \
b0 X
b0 U
b0 J
b0 [
b0 W
b0 V
b11111111111111111111111111011010 7
b0 .
b0 K
b0 0
b0 L
b0 1
b0 M
0/
b101111100001 6
0)
#30415
0"
0T
1)
0(
b1 ?
b1000100100 B
b10010010000 9
b1111011010 +
#30420
b11 Y
b1111111001 \
b11111001 X
b1111110010 J
b1111111001 [
b11111001 W
b1111 U
b1111 V
b0 7
b0 <
b10 .
b10 K
b1111101110111 0
b1111101110111 L
b1111100000001111 1
b1111100000001111 M
0*
1/
b101111100010 6
0)
#30425
0!
1"
b1111110010 $
b1111110010 I
b1111110010 R
1T
1)
b111111100 A
b100 >
b101111100010 4
1(
b10010010011 3
#30430
1!
b1 Z
b11000 \
b11000 X
b1010 U
b101100 J
b10100 [
b10100 W
b100 V
b11111111111111111111111111110010 7
b1 <
b11 .
b11 K
b1001001101011100 0
b1001001101011100 L
b100110110101001 1
b100110110101001 M
1*
b101111100011 6
0)
#30435
b101100 $
b101100 I
b101100 R
1)
b1111001100 E
b100 >
b101111100011 4
b10010010100 3
1(
b1000100101 B
b10010010001 9
b1111110010 +
#30440
b0 Z
b10 Y
b0 \
b0 X
b0 U
b10000 J
b10000 [
b10000 W
b1110 V
b101100 7
b100 .
b100 K
b111101110000010 0
b111101110000010 L
b1111111011110000 1
b1111111011110000 M
b101111100100 6
0)
#30445
b10000 $
b10000 I
b10000 R
1)
b1111001101 E
b100 >
b101111100100 4
b10010010101 3
1(
b10010010010 9
b101100 +
#30450
0!
b0 J
b0 [
b0 W
b0 V
b10000 7
b0 :
b0 .
b0 K
b0 0
b0 L
b0 1
b0 M
0*
0/
b101111100101 6
0)
#30455
1)
b10000 +
12
#30460
b1 Z
b0 \
b0 X
b1000 J
b1000 [
b1000 W
b0 U
b1000 V
b101 .
b101 K
b111110001 0
b111110001 L
b100000000001 1
b100000000001 M
1/
b101111100110 6
0)
#30465
1)
b10111000011 F
#30470
1!
b1 :
1*
b101111100111 6
0)
#30475
b1000 $
b1000 I
b1000 R
1)
b1111001110 E
b111111101 A
b100 >
b101111100111 4
b10010010110 3
1(
b11 ?
b10010010011 9
02
#30480
b0 Z
b11 Y
b1111111100 \
b11111100 X
b1110 U
b1111110101 J
b1111111001 [
b11111001 W
b1111 V
b1000 7
b110 .
b110 K
b111001101110010 0
b111001101110010 L
b1111110100101110 1
b1111110100101110 M
b101111101000 6
0)
#30485
b1111110101 $
b1111110101 I
b1111110101 R
1)
b1111001111 E
b100 >
b101111101000 4
b10010010111 3
1(
b1 ?
b10010010100 9
b1000 +
#30490
b10 Y
b0 \
b0 X
b0 U
b0 J
b0 [
b0 W
b0 V
b11111111111111111111111111110101 7
b0 .
b0 K
b0 0
b0 L
b0 1
b0 M
0/
b101111101001 6
0)
#30495
0"
0T
1)
0(
b1000100110 B
b10010010101 9
b1111110101 +
#30500
b1 Z
b11 Y
b100011 \
b100011 X
b1001011 J
b101000 [
b101000 W
b101 U
b1000 V
b0 7
b0 <
b111 .
b111 K
b100011010110111 0
b100011010110111 L
b1000111101011011 1
b1000111101011011 M
0*
1/
b101111101010 6
0)
#30505
0!
1"
b1001011 $
b1001011 I
b1001011 R
1T
1)
b111111110 A
b100 >
b101111101010 4
1(
b10010011000 3
#30510
b0 Z
b10 Y
b1000 [
b1000 W
b1000 J
b0 \
b0 X
b1111 U
b1001011 7
b1 <
b0 :
b1000 .
b1000 K
b111111111110000 0
b111111111110000 L
b1000100000011111 1
b1000100000011111 M
b101111101011 6
0)
#30515
1)
b10111000100 F
b1001011 +
12
#30520
b101111101100 6
0)
#30525
1)
b10111000101 F
#30530
1!
b1 :
1*
b101111101101 6
0)
#30535
b1000 $
b1000 I
b1000 R
1)
b1111010000 E
b1000000000 A
b100 >
b101111101101 4
b10010011001 3
1(
b11 ?
b10010010110 9
02
#30540
0!
b1 Z
b100011 \
b100011 X
b101 U
b11101 J
b1111111010 [
b11111010 W
b1110 V
b1000 7
b0 :
b1001 .
b1001 K
b1100110100110111 0
b1100110100110111 L
b111001011001 1
b111001011001 M
0*
b101111101110 6
0)
#30545
1)
b10111000110 F
b1000 +
12
#30550
1!
b1 :
1*
b101111101111 6
0)
#30555
b11101 $
b11101 I
b11101 R
1)
b1111010001 E
b100 >
b101111101111 4
b10010011010 3
1(
b10 ?
b10010010111 9
02
#30560
0!
b0 Z
b11 Y
b0 \
b0 X
b0 U
b1111111110 J
b1111111110 [
b11111110 W
b10 V
b11101 7
b0 :
b1010 .
b1010 K
b1101011111000 0
b1101011111000 L
b10001000100000 1
b10001000100000 M
0*
b101111110000 6
0)
#30565
1)
b10111000111 F
b11101 +
12
#30570
1!
b1 :
1*
b101111110001 6
0)
#30575
b1111111110 $
b1111111110 I
b1111111110 R
1)
b1111010010 E
b100 >
b101111110001 4
b10010011011 3
1(
b10010011000 9
02
#30580
0!
b1111001000 \
b11001000 X
b1000 U
b1 Z
b1111010000 J
b1000 [
b1000 W
b1111 V
b11111111111111111111111111111110 7
b0 :
b1011 .
b1011 K
b1000110000111 0
b1000110000111 L
b1111011110000000 1
b1111011110000000 M
0*
b101111110010 6
0)
#30585
1)
b10111001000 F
b1111111110 +
12
#30590
b101111110011 6
0)
#30595
1)
b10111001001 F
#30600
1!
b1 :
1*
b101111110100 6
0)
#30605
b1111010000 $
b1111010000 I
b1111010000 R
1)
b1111010011 E
b111110010 @
b1000000001 A
b100 >
b101111110100 4
b10010011100 3
1(
b11 ?
b1000100111 B
b10010011001 9
02
#30610
b0 Z
b10 Y
b10 \
b10 X
b1110 U
b1111101001 J
b1111100111 [
b11100111 W
b1011 V
b11111111111111111111111111010000 7
b1100 .
b1100 K
b1011110001011111 0
b1011110001011111 L
b110101111011110 1
b110101111011110 M
b101111110101 6
0)
#30615
b1111101001 $
b1111101001 I
b1111101001 R
1)
b1111010100 E
b100 >
b101111110101 4
b10010011101 3
1(
b1 ?
b1000101000 B
b10010011010 9
b1111010000 +
#30620
b1 Z
b100000 \
b100000 X
b1100 U
b111000 J
b11000 [
b11000 W
b1010 V
b11111111111111111111111111101001 7
b1101 .
b1101 K
b1110011011001000 0
b1110011011001000 L
b111101011000001 1
b111101011000001 M
b101111110110 6
0)
#30625
b111000 $
b111000 I
b111000 R
1)
b1111010101 E
b111110011 @
b100 >
b101111110110 4
b10010011110 3
1(
b1000101001 B
b10010011011 9
b1111101001 +
#30630
0!
b0 Z
b0 \
b0 X
b0 U
b0 J
b0 [
b0 W
b0 V
b111000 7
b0 :
b0 .
b0 K
b0 0
b0 L
b0 1
b0 M
0*
0/
b101111110111 6
0)
#30635
1)
b111000 +
12
#30640
1!
b1111111111 J
b1111111111 [
b11111111 W
b1 V
b11 Y
b1 :
b1110 .
b1110 K
b1111011111111111 0
b1111011111111111 L
b1000001110000 1
b1000001110000 M
1*
1/
b101111111000 6
0)
#30645
b1111111111 $
b1111111111 I
b1111111111 R
1)
b1111010110 E
b111110100 @
b100 >
b101111111000 4
b10010011111 3
1(
b10 ?
b10010011100 9
02
#30650
b1 Z
b1110 \
b1110 X
b10 U
b110001 J
b100011 [
b100011 W
b1001 V
b11111111111111111111111111111111 7
b1111 .
b1111 K
b1101110010110111 0
b1101110010110111 L
b1001100000101001 1
b1001100000101001 M
b101111111001 6
0)
#30655
b110001 $
b110001 I
b110001 R
1)
b1111010111 E
b1000000010 A
b100 >
b101111111001 4
b10010100000 3
1(
b1 ?
b1000101010 B
b10010011101 9
b1111111111 +
#30660
0!
b0 Z
b10 Y
b0 \
b0 X
b0 U
b0 J
b0 [
b0 W
b0 V
b110001 7
b0 :
b0 .
b0 K
b0 0
b0 L
b0 1
b0 M
0*
0/
b101111111010 6
0)
#30665
1)
b110001 +
12
#30670
1!
b1 :
1*
b101111111011 6
0)
#30675
0"
0T
1)
0(
b10 ?
b10010011110 9
02
#30680
b1111110110 \
b11110110 X
b1111000101 J
b1111001111 [
b11001111 W
b101 U
b1001 V
b0 7
b0 <
b11001001111110 0
b11001001111110 L
b100110000101 1
b100110000101 M
0*
1/
b101111111100 6
0)
#30685
0!
1"
b1111000101 $
b1111000101 I
b1111000101 R
1T
1)
b1000000011 A
b100 >
b101111111100 4
1(
b10010100001 3
#30690
b1 Z
b0 \
b0 X
b0 U
b0 J
b0 [
b0 W
b0 V
b11111111111111111111111111000101 7
b1 <
b0 :
b1 .
b1 K
b1111111110001111 0
b1111111110001111 L
b1000000000001000 1
b1000000000001000 M
b101111111101 6
0)
#30695
1)
b10111001010 F
b1111000101 +
12
#30700
b101111111110 6
0)
#30705
1)
b10111001011 F
#30710
b101111111111 6
0)
#30715
1)
b10111001100 F
#30720
b110000000000 6
0)
#30725
1)
b10111001101 F
#30730
1!
b1 :
1*
b110000000001 6
0)
#30735
b0 $
b0 I
b0 R
1)
b1111011000 E
b1000000101 A
b100 >
b110000000001 4
b10010100010 3
1(
b101 ?
b1000101011 B
b10010011111 9
02
#30740
0!
b0 Z
b0 7
b0 :
b0 .
b0 K
b0 0
b0 L
b0 1
b0 M
0*
0/
b110000000010 6
0)
#30745
1)
b0 +
12
#30750
b11 Y
b100 \
b100 X
b1010 J
b110 [
b110 W
b1111 U
b1111 V
b10 .
b10 K
b110000110101100 0
b110000110101100 L
b1111001110011111 1
b1111001110011111 M
1/
b110000000011 6
0)
#30755
1)
b10111001110 F
#30760
b110000000100 6
0)
#30765
1)
b10111001111 F
#30770
b110000000101 6
0)
#30775
1)
b10111010000 F
#30780
b110000000110 6
0)
#30785
1)
b10111010001 F
#30790
b110000000111 6
0)
#30795
1)
b10111010010 F
#30800
b110000001000 6
0)
#30805
1)
b10111010011 F
#30810
b110000001001 6
0)
#30815
1)
b10111010100 F
#30820
b110000001010 6
0)
#30825
1)
b10111010101 F
#30830
b110000001011 6
0)
#30835
1)
b10111010110 F
#30840
b110000001100 6
0)
#30845
1)
b10111010111 F
#30850
b110000001101 6
0)
#30855
1)
b10111011000 F
#30860
b110000001110 6
0)
#30865
1)
b10111011001 F
#30870
b110000001111 6
0)
#30875
1)
b10111011010 F
#30880
b110000010000 6
0)
#30885
1)
b10111011011 F
#30890
b110000010001 6
0)
#30895
1)
b10111011100 F
#30900
b110000010010 6
0)
#30905
1)
b10111011101 F
#30910
b110000010011 6
0)
#30915
1)
b10111011110 F
#30920
b110000010100 6
0)
#30925
1)
b10111011111 F
#30930
1!
b1 :
1*
b110000010101 6
0)
#30935
b1010 $
b1010 I
b1010 R
1)
b1111011001 E
b100 >
b110000010101 4
b10010100011 3
1(
b10100 ?
b10010100000 9
02
#30940
b1 Z
b0 \
b0 X
b1011 U
b1111100010 J
b1111100010 [
b11100010 W
b1011 V
b1010 7
b11 .
b11 K
b10000001100000 0
b10000001100000 L
b1011100010110111 1
b1011100010110111 M
b110000010110 6
0)
#30945
b1111100010 $
b1111100010 I
b1111100010 R
1)
b1111011010 E
b1000000110 A
b111110101 @
b100 >
b110000010110 4
b10010100100 3
1(
b1 ?
b10010100001 9
b1010 +
#30950
0!
b0 Z
b10 Y
b0 U
b1111111111 J
b1111111111 [
b11111111 W
b1111 V
b11111111111111111111111111100010 7
b0 :
b100 .
b100 K
b111000100010000 0
b111000100010000 L
b1111111110000 1
b1111111110000 M
0*
b110000010111 6
0)
#30955
1)
b10111100000 F
b1111100010 +
12
#30960
1!
b1 :
1*
b110000011000 6
0)
#30965
b1111111111 $
b1111111111 I
b1111111111 R
1)
b1111011011 E
b100 >
b110000011000 4
b10010100101 3
1(
b10 ?
b1000101100 B
b10010100010 9
02
#30970
b1 Z
b10 \
b10 X
b10 U
b10000 J
b1110 [
b1110 W
b1001 V
b11111111111111111111111111111111 7
b101 .
b101 K
b1000111011100001 0
b1000111011100001 L
b100100100100011 1
b100100100100011 M
b110000011001 6
0)
#30975
b10000 $
b10000 I
b10000 R
1)
b1111011100 E
b100 >
b110000011001 4
b10010100110 3
1(
b1 ?
b1000101101 B
b10010100011 9
b1111111111 +
#30980
0!
b0 Z
b11 Y
b1111101110 \
b11101110 X
b1101 U
b1111100010 J
b1111110100 [
b11110100 W
b10 V
b10000 7
b0 :
b110 .
b110 K
b1100001010100110 0
b1100001010100110 L
b10110000001101 1
b10110000001101 M
0*
b110000011010 6
0)
#30985
1)
b10111100001 F
b10000 +
12
#30990
b110000011011 6
0)
#30995
1)
b10111100010 F
#31000
b110000011100 6
0)
#31005
1)
b10111100011 F
#31010
1!
b1 :
1*
b110000011101 6
0)
#31015
b1111100010 $
b1111100010 I
b1111100010 R
1)
b1111011101 E
b100 >
b110000011101 4
b10010100111 3
1(
b100 ?
b10010100100 9
02
#31020
b1 Z
b111 \
b111 X
b111 U
b111 J
b0 [
b0 W
b0 V
b11111111111111111111111111100010 7
b111 .
b111 K
b1111011111110001 0
b1111011111110001 L
b101110001 1
b101110001 M
b110000011110 6
0)
#31025
b111 $
b111 I
b111 R
1)
b1111011110 E
b111110110 @
b100 >
b110000011110 4
b10010101000 3
1(
b1 ?
b1000101110 B
b10010100101 9
b1111100010 +
#31030
b0 Z
b10 Y
b0 J
b0 \
b0 X
b0 U
b111 7
b0 .
b0 K
b0 0
b0 L
b0 1
b0 M
0/
b110000011111 6
0)
#31035
0"
0T
1)
0(
b10010100110 9
b111 +
#31040
b100 \
b100 X
b1111011010 J
b1111010110 [
b11010110 W
b1 U
b1001 V
b0 7
b0 <
b1000 .
b1000 K
b1100100001100100 0
b1100100001100100 L
b1010100110110001 1
b1010100110110001 M
1/
b110000100000 6
0)
#31045
1"
b1111011010 $
b1111011010 I
b1111011010 R
1T
1)
b100 >
b110000100000 4
1(
b10010101001 3
#31050
b1 Z
b11000 \
b11000 X
b1000 U
b11001 J
b1 [
b1 W
b1111 V
b11111111111111111111111111011010 7
b1 <
b1001 .
b1001 K
b1000011111111101 0
b1000011111111101 L
b111110001100 1
b111110001100 M
b110000100001 6
0)
#31055
b11001 $
b11001 I
b11001 R
1)
b1111011111 E
b1000000111 A
b100 >
b110000100001 4
b10010101010 3
1(
b1000101111 B
b10010100111 9
b1111011010 +
#31060
b1 U
b0 Z
b11 Y
b1111111000 \
b11111000 X
b1111110111 J
b1111111111 [
b11111111 W
b1111 V
b11001 7
b1010 .
b1010 K
b1111111100011000 0
b1111111100011000 L
b1111000110000001 1
b1111000110000001 M
b110000100010 6
0)
#31065
b1111110111 $
b1111110111 I
b1111110111 R
1)
b1111100000 E
b1000001000 A
b100 >
b110000100010 4
b10010101011 3
1(
b10010101000 9
b11001 +
#31070
0!
b1 Z
b101 \
b101 X
b1111 U
b1111110001 J
b1111101100 [
b11101100 W
b101 V
b11111111111111111111111111110111 7
b0 :
b1011 .
b1011 K
b10101111001011 0
b10101111001011 L
b101110011110010 1
b101110011110010 M
0*
b110000100011 6
0)
#31075
1)
b10111100100 F
b1111110111 +
12
#31080
1!
b1 :
1*
b110000100100 6
0)
#31085
b1111110001 $
b1111110001 I
b1111110001 R
1)
b1111100001 E
b100 >
b110000100100 4
b10010101100 3
1(
b10 ?
b1000110000 B
b10010101001 9
02
#31090
b0 Z
b10 Y
b0 \
b0 X
b0 U
b0 J
b0 [
b0 W
b0 V
b11111111111111111111111111110001 7
b0 .
b0 K
b0 0
b0 L
b0 1
b0 M
0/
b110000100101 6
0)
#31095
0"
0T
1)
0(
b1 ?
b1000110001 B
b10010101010 9
b1111110001 +
#31100
b1111100100 J
b1111100100 [
b11100100 W
b100 V
b0 7
b0 <
b1100 .
b1100 K
b1001001010011111 0
b1001001010011111 L
b1001010001010000 1
b1001010001010000 M
1/
b110000100110 6
0)
#31105
1"
b1111100100 $
b1111100100 I
b1111100100 R
1T
1)
b100 >
b110000100110 4
1(
b10010101101 3
#31110
b1111111111 \
b11111111 X
b1111 U
b1 Z
b1111111111 J
b0 [
b0 W
b1111 V
b11111111111111111111111111100100 7
b1 <
b1101 .
b1101 K
b100000000001 0
b100000000001 L
b111111110000 1
b111111110000 M
b110000100111 6
0)
#31115
b1111111111 $
b1111111111 I
b1111111111 R
1)
b1111100010 E
b100 >
b110000100111 4
b10010101110 3
1(
b1000110010 B
b10010101011 9
b1111100100 +
#31120
b0 Z
b11 Y
b0 [
b0 W
b1111111101 J
b1111111101 \
b11111101 X
b1101 U
b0 V
b11111111111111111111111111111111 7
b1110 .
b1110 K
b111010001000001 0
b111010001000001 L
b10001111101 1
b10001111101 M
b110000101000 6
0)
#31125
b1111111101 $
b1111111101 I
b1111111101 R
1)
b1111100011 E
b111110111 @
b100 >
b110000101000 4
b10010101111 3
1(
b1000110011 B
b10010101100 9
b1111111111 +
#31130
b10 Y
b0 J
b0 \
b0 X
b0 U
b11111111111111111111111111111101 7
b0 .
b0 K
b0 0
b0 L
b0 1
b0 M
0/
b110000101001 6
0)
#31135
0"
0T
1)
0(
b1000110100 B
b10010101101 9
b1111111101 +
#31140
b0 7
b0 <
0*
b110000101010 6
0)
#31145
1)
#31150
b1 Z
b11 Y
b1111111000 \
b11111000 X
b1111011111 J
b1111100111 [
b11100111 W
b10 U
b1011 V
b1111 .
b1111 K
b100001011100 0
b100001011100 L
b1011111100101100 1
b1011111100101100 M
1*
1/
b110000101011 6
0)
#31155
1"
b1111011111 $
b1111011111 I
b1111011111 R
1T
1)
b100 >
b110000101011 4
1(
b10010110000 3
#31160
b0 Z
b10 Y
b0 \
b0 X
b0 U
b0 J
b0 [
b0 W
b0 V
b11111111111111111111111111011111 7
b1 <
b0 .
b0 K
b0 0
b0 L
b0 1
b0 M
0/
b110000101100 6
0)
#31165
0"
0T
1)
0(
b1000110101 B
b10010101110 9
b1111011111 +
#31170
b111 \
b111 X
b1111 J
b1000 [
b1000 W
b1 U
b1000 V
b0 7
b0 <
b111110111 0
b111110111 L
b100011110001 1
b100011110001 M
1/
b110000101101 6
0)
#31175
1"
b1111 $
b1111 I
b1111 R
1T
1)
b1000001001 A
b100 >
b110000101101 4
1(
b10010110001 3
#31180
b1 Z
b11000 \
b11000 X
b1010 U
b11011 J
b11 [
b11 W
b1111 V
b1111 7
b1 <
b1 .
b1 K
b111111111011100 0
b111111111011100 L
b10111110101000 1
b10111110101000 M
b110000101110 6
0)
#31185
b11011 $
b11011 I
b11011 R
1)
b1111100100 E
b1000001010 A
b100 >
b110000101110 4
b10010110010 3
1(
b10010101111 9
b1111 +
#31190
b0 Z
b11 Y
b10000 \
b10000 X
b1100 U
b10000 J
b0 [
b0 W
b10 V
b11011 7
b10 .
b10 K
b101101000001100 0
b101101000001100 L
b10001000001100 1
b10001000001100 M
b110000101111 6
0)
#31195
b10000 $
b10000 I
b10000 R
1)
b1111100101 E
b100 >
b110000101111 4
b10010110011 3
1(
b10010110000 9
b11011 +
#31200
b1 Z
b1111111000 [
b11111000 W
b1111111000 J
b0 \
b0 X
b1111 U
b1 V
b10000 7
b11 .
b11 K
b1011110000000 0
b1011110000000 L
b1000011110001 1
b1000011110001 M
b110000110000 6
0)
#31205
b1111111000 $
b1111111000 I
b1111111000 R
1)
b1111100110 E
b100 >
b110000110000 4
b10010110100 3
1(
b10010110001 9
b10000 +
#31210
b0 Z
b10 Y
b1111010000 \
b11010000 X
b1000 U
b1110111011 J
b1111101011 [
b11101011 W
b1101 V
b11111111111111111111111111111000 7
b100 .
b100 K
b1011001101110110 0
b1011001101110110 L
b110110101111000 1
b110110101111000 M
b110000110001 6
0)
#31215
b1110111011 $
b1110111011 I
b1110111011 R
1)
b1111100111 E
b111111000 @
b1000001011 A
b100 >
b110000110001 4
b10010110101 3
1(
b1000110110 B
b10010110010 9
b1111111000 +
#31220
0!
b0 \
b0 X
b0 U
b0 J
b0 [
b0 W
b0 V
b11111111111111111111111110111011 7
b0 :
b0 .
b0 K
b0 0
b0 L
b0 1
b0 M
0*
0/
b110000110010 6
0)
#31225
1)
b1110111011 +
12
#31230
b110000110011 6
0)
#31235
1)
#31240
b1 Z
b1111010110 \
b11010110 X
b1111010100 J
b1111111110 [
b11111110 W
b110 U
b1110 V
b101 .
b101 K
b100000000011001 0
b100000000011001 L
b10111001101111 1
b10111001101111 M
1/
b110000110100 6
0)
#31245
1)
b10111100101 F
#31250
1!
b1 :
1*
b110000110101 6
0)
#31255
b1111010100 $
b1111010100 I
b1111010100 R
1)
b1111101000 E
b100 >
b110000110101 4
b10010110110 3
1(
b100 ?
b1000110111 B
b10010110011 9
02
#31260
b0 Z
b11 Y
b1000 \
b1000 X
b1111 U
b1000 J
b0 [
b0 W
b0 V
b11111111111111111111111111010100 7
b110 .
b110 K
b100011111000 0
b100011111000 L
b100001111 1
b100001111 M
b110000110110 6
0)
#31265
b1000 $
b1000 I
b1000 R
1)
b1111101001 E
b100 >
b110000110110 4
b10010110111 3
1(
b1 ?
b1000111000 B
b10010110100 9
b1111010100 +
#31270
0!
b1 Z
b1111111100 \
b11111100 X
b100 U
b1000 J
b1100 [
b1100 W
b11 V
b1000 7
b0 :
b111 .
b111 K
b110110101001111 0
b110110101001111 L
b11110001001101 1
b11110001001101 M
0*
b110000110111 6
0)
#31275
1)
b10111100110 F
b1000 +
12
#31280
b110000111000 6
0)
#31285
1)
b10111100111 F
#31290
b110000111001 6
0)
#31295
1)
b10111101000 F
#31300
b110000111010 6
0)
#31305
1)
b10111101001 F
#31310
b110000111011 6
0)
#31315
1)
b10111101010 F
#31320
b110000111100 6
0)
#31325
1)
b10111101011 F
#31330
b110000111101 6
0)
#31335
1)
b10111101100 F
#31340
b110000111110 6
0)
#31345
1)
b10111101101 F
#31350
b110000111111 6
0)
#31355
1)
b10111101110 F
#31360
b110001000000 6
0)
#31365
1)
b10111101111 F
#31370
b110001000001 6
0)
#31375
1)
b10111110000 F
#31380
b110001000010 6
0)
#31385
1)
b10111110001 F
#31390
b110001000011 6
0)
#31395
1)
b10111110010 F
#31400
b110001000100 6
0)
#31405
1)
b10111110011 F
#31410
b110001000101 6
0)
#31415
1)
b10111110100 F
#31420
b110001000110 6
0)
#31425
1)
b10111110101 F
#31430
b110001000111 6
0)
#31435
1)
b10111110110 F
#31440
b110001001000 6
0)
#31445
1)
b10111110111 F
#31450
b110001001001 6
0)
#31455
1)
b10111111000 F
#31460
1!
b1 :
1*
b110001001010 6
0)
#31465
1)
b1111101010 E
b100 >
b110001001010 4
b10010111000 3
1(
b10100 ?
b10010110101 9
02
#31470
b0 Z
b10 Y
b1111111011 \
b11111011 X
b1 U
b1111010011 J
b1111011000 [
b11011000 W
b1000 V
b1000 .
b1000 K
b111000101011011 0
b111000101011011 L
b1000100010100001 1
b1000100010100001 M
b110001001011 6
0)
#31475
b1111010011 $
b1111010011 I
b1111010011 R
1)
b1111101011 E
b1000001101 A
b100 >
b110001001011 4
b10010111001 3
1(
b1 ?
b10010110110 9
#31480
b1 Z
b0 \
b0 X
b111 U
b1 J
b1 [
b1 W
b1 V
b11111111111111111111111111010011 7
b1001 .
b1001 K
b1100000010000 0
b1100000010000 L
b111000101110111 1
b111000101110111 M
b110001001100 6
0)
#31485
b1 $
b1 I
b1 R
1)
b1111101100 E
b111111011 @
b100 >
b110001001100 4
b10010111010 3
1(
b1000111001 B
b10010110111 9
b1111010011 +
#31490
0!
b1100 U
b0 Z
b11 Y
b1111111100 \
b11111100 X
b11100 J
b100000 [
b100000 W
b1000 V
b1 7
b0 :
b1010 .
b1010 K
b1100110111000001 0
b1100110111000001 L
b1000110001111100 1
b1000110001111100 M
0*
b110001001101 6
0)
#31495
1)
b10111111001 F
b1 +
12
#31500
1!
b1 :
1*
b110001001110 6
0)
#31505
b11100 $
b11100 I
b11100 R
1)
b1111101101 E
b1000001110 A
b111111100 @
b100 >
b110001001110 4
b10010111011 3
1(
b10 ?
b10010111000 9
02
#31510
b1 Z
b1111111000 [
b11111000 W
b10110 J
b11110 \
b11110 X
b1010 U
b11100 7
b1011 .
b1011 K
b10001000011011 0
b10001000011011 L
b1000000110101001 1
b1000000110101001 M
b110001001111 6
0)
#31515
b10110 $
b10110 I
b10110 R
1)
b1111101110 E
b1000001111 A
b100 >
b110001001111 4
b10010111100 3
1(
b1 ?
b10010111001 9
b11100 +
#31520
b0 Z
b10 Y
b0 \
b0 X
b1000 U
b0 J
b0 [
b0 W
b1000 V
b10110 7
b1100 .
b1100 K
b111100000000 0
b111100000000 L
b1111100000001000 1
b1111100000001000 M
b110001010000 6
0)
#31525
b0 $
b0 I
b0 R
1)
b1111101111 E
b1000010001 A
b100 >
b110001010000 4
b10010111101 3
1(
b10010111010 9
b10110 +
#31530
b1 Z
b1111111000 \
b11111000 X
b111 J
b1111 [
b1111 W
b100 U
b11 V
b0 7
b1101 .
b1101 K
b111011001011110 0
b111011001011110 L
b1111001101001111 1
b1111001101001111 M
b110001010001 6
0)
#31535
b111 $
b111 I
b111 R
1)
b1111110000 E
b100 >
b110001010001 4
b10010111110 3
1(
b10010111011 9
b0 +
#31540
0!
b0 Z
b11 Y
b1111111011 \
b11111011 X
b1 U
b1111110111 J
b1111111100 [
b11111100 W
b1111 V
b111 7
b0 :
b1110 .
b1110 K
b101000001001011 0
b101000001001011 L
b1111011111000001 1
b1111011111000001 M
0*
b110001010010 6
0)
#31545
1)
b10111111010 F
b111 +
12
#31550
b110001010011 6
0)
#31555
1)
b10111111011 F
#31560
b110001010100 6
0)
#31565
1)
b10111111100 F
#31570
b110001010101 6
0)
#31575
1)
b10111111101 F
#31580
b110001010110 6
0)
#31585
1)
b10111111110 F
#31590
b110001010111 6
0)
#31595
1)
b10111111111 F
#31600
1!
b1 :
1*
b110001011000 6
0)
#31605
b1111110111 $
b1111110111 I
b1111110111 R
1)
b1111110001 E
b111111101 @
b100 >
b110001011000 4
b10010111111 3
1(
b111 ?
b10010111100 9
02
#31610
b1 Z
b1111111001 [
b11111001 W
b1111111001 J
b0 \
b0 X
b0 U
b11111111111111111111111111110111 7
b1111 .
b1111 K
b100001110001 0
b100001110001 L
b1111011100000000 1
b1111011100000000 M
b110001011001 6
0)
#31615
b1111111001 $
b1111111001 I
b1111111001 R
1)
b1111110010 E
b111111110 @
b100 >
b110001011001 4
b10011000000 3
1(
b1 ?
b1000111010 B
b10010111101 9
b1111110111 +
#31620
0!
b0 Z
b10 Y
b0 J
b0 [
b0 W
b0 V
b11111111111111111111111111111001 7
b0 :
b0 .
b0 K
b0 0
b0 L
b0 1
b0 M
0*
0/
b110001011010 6
0)
#31625
1)
b1111111001 +
12
#31630
1!
b1111111001 \
b11111001 X
b1111110001 J
b1111111000 [
b11111000 W
b1 U
b1000 V
b1 :
b1011000011001 0
b1011000011001 L
b1100100000110001 1
b1100100000110001 M
1*
1/
b110001011011 6
0)
#31635
b1111110001 $
b1111110001 I
b1111110001 R
1)
b1111110011 E
b1000010010 A
b100 >
b110001011011 4
b10011000001 3
1(
b10 ?
b1000111011 B
b10010111110 9
02
#31640
b1 Z
b110000 [
b110000 W
b1000101 J
b10101 \
b10101 X
b11 U
b11111111111111111111111111110001 7
b1 .
b1 K
b111110010100111 0
b111110010100111 L
b10100000111000 1
b10100000111000 M
b110001011100 6
0)
#31645
b1000101 $
b1000101 I
b1000101 R
1)
b1111110100 E
b1000010100 A
b100 >
b110001011100 4
b10011000010 3
1(
b1 ?
b1000111100 B
b10010111111 9
b1111110001 +
#31650
0!
b0 Z
b11 Y
b0 \
b0 X
b1111 U
b1 J
b1 [
b1 W
b1 V
b1000101 7
b0 :
b10 .
b10 K
b1111100010000 0
b1111100010000 L
b1000101111111 1
b1000101111111 M
0*
b110001011101 6
0)
#31655
1)
b11000000000 F
b1000101 +
12
#31660
1!
b1 :
1*
b110001011110 6
0)
#31665
b1 $
b1 I
b1 R
1)
b1111110101 E
b111111111 @
b100 >
b110001011110 4
b10011000011 3
1(
b10 ?
b10011000000 9
02
#31670
b1 Z
b1000 \
b1000 X
b10 U
b1111101000 J
b1111100000 [
b11100000 W
b100 V
b1 7
b11 .
b11 K
b100101110000100 0
b100101110000100 L
b100111000100111 1
b100111000100111 M
b110001011111 6
0)
#31675
b1111101000 $
b1111101000 I
b1111101000 R
1)
b1111110110 E
b1000000000 @
b100 >
b110001011111 4
b10011000100 3
1(
b1 ?
b10011000001 9
b1 +
#31680
0!
b0 Z
b10 Y
b1111101110 \
b11101110 X
b11 U
b1111111100 J
b1110 [
b1110 W
b1001 V
b11111111111111111111111111101000 7
b0 :
b100 .
b100 K
b100001111101010 0
b100001111101010 L
b1100101010011 1
b1100101010011 M
0*
b110001100000 6
0)
#31685
1)
b11000000001 F
b1111101000 +
12
#31690
b110001100001 6
0)
#31695
1)
b11000000010 F
#31700
1!
b1 :
1*
b110001100010 6
0)
#31705
b1111111100 $
b1111111100 I
b1111111100 R
1)
b1111110111 E
b100 >
b110001100010 4
b10011000101 3
1(
b11 ?
b1000111101 B
b10011000010 9
02
#31710
b1 Z
b1111111000 \
b11111000 X
b1 U
b1111111111 J
b111 [
b111 W
b1 V
b11111111111111111111111111111100 7
b101 .
b101 K
b111111101111000 0
b111111101111000 L
b1111000100011000 1
b1111000100011000 M
b110001100011 6
0)
#31715
b1111111111 $
b1111111111 I
b1111111111 R
1)
b1111111000 E
b1000010101 A
b100 >
b110001100011 4
b10011000110 3
1(
b1 ?
b1000111110 B
b10011000011 9
b1111111100 +
#31720
0!
b0 Z
b11 Y
b1111110010 \
b11110010 X
b1110 U
b100 J
b10010 [
b10010 W
b11 V
b11111111111111111111111111111111 7
b0 :
b110 .
b110 K
b111010101100111 0
b111010101100111 L
b11011001111110 1
b11011001111110 M
0*
b110001100100 6
0)
#31725
1)
b11000000011 F
b1111111111 +
12
#31730
1!
b1 :
1*
b110001100101 6
0)
#31735
b100 $
b100 I
b100 R
1)
b1111111001 E
b1000000001 @
b100 >
b110001100101 4
b10011000111 3
1(
b10 ?
b1000111111 B
b10011000100 9
02
#31740
0!
b10 Y
b0 \
b0 X
b0 U
b0 J
b0 [
b0 W
b0 V
b100 7
b0 :
b0 .
b0 K
b0 0
b0 L
b0 1
b0 M
0*
0/
b110001100110 6
0)
#31745
1)
b100 +
12
#31750
1!
b1 :
1*
b110001100111 6
0)
#31755
0"
0T
1)
0(
b10011000101 9
02
#31760
b0 7
b0 <
b110001101000 6
0)
#31765
1)
#31770
b1 Z
b11 Y
b1111110100 \
b11110100 X
b1111100110 J
b1111110010 [
b11110010 W
b1101 U
b1001 V
b111 .
b111 K
b1110000100100100 0
b1110000100100100 L
b1001111111011111 1
b1001111111011111 M
1/
b110001101001 6
0)
#31775
1"
b1111100110 $
b1111100110 I
b1111100110 R
1T
1)
b100 >
b110001101001 4
1(
b10011001000 3
#31780
b0 Z
b10 Y
b0 \
b0 X
b0 U
b1111111001 J
b1111111001 [
b11111001 W
b1111 V
b11111111111111111111111111100110 7
b1 <
b1000 .
b1000 K
b100001110000 0
b100001110000 L
b1000111100010000 1
b1000111100010000 M
b110001101010 6
0)
#31785
b1111111001 $
b1111111001 I
b1111111001 R
1)
b1111111010 E
b1000010110 A
b100 >
b110001101010 4
b10011001001 3
1(
b1 ?
b1001000000 B
b10011000110 9
b1111100110 +
#31790
b1 Z
b1111010110 \
b11010110 X
b1111010010 J
b1111111100 [
b11111100 W
b1010 U
b11111111111111111111111111111001 7
b1001 .
b1001 K
b110010001000111 0
b110010001000111 L
b100111110101000 1
b100111110101000 M
b110001101011 6
0)
#31795
b1111010010 $
b1111010010 I
b1111010010 R
1)
b1111111011 E
b1000010111 A
b100 >
b110001101011 4
b10011001010 3
1(
b1001000001 B
b10011000111 9
b1111111001 +
#31800
0!
b0 Z
b0 \
b0 X
b0 U
b0 J
b0 [
b0 W
b0 V
b11111111111111111111111111010010 7
b0 :
b0 .
b0 K
b0 0
b0 L
b0 1
b0 M
0*
0/
b110001101100 6
0)
#31805
1)
b1111010010 +
12
#31810
b11 Y
b1111111101 \
b11111101 X
b1111111111 J
b10 [
b10 W
b1111 U
b1 V
b1010 .
b1010 K
b101110000100011 0
b101110000100011 L
b1010100111111 1
b1010100111111 M
1/
b110001101101 6
0)
#31815
1)
b11000000100 F
#31820
b110001101110 6
0)
#31825
1)
b11000000101 F
#31830
b110001101111 6
0)
#31835
1)
b11000000110 F
#31840
b110001110000 6
0)
#31845
1)
b11000000111 F
#31850
b110001110001 6
0)
#31855
1)
b11000001000 F
#31860
b110001110010 6
0)
#31865
1)
b11000001001 F
#31870
b110001110011 6
0)
#31875
1)
b11000001010 F
#31880
b110001110100 6
0)
#31885
1)
b11000001011 F
#31890
b110001110101 6
0)
#31895
1)
b11000001100 F
#31900
b110001110110 6
0)
#31905
1)
b11000001101 F
#31910
b110001110111 6
0)
#31915
1)
b11000001110 F
#31920
b110001111000 6
0)
#31925
1)
b11000001111 F
#31930
b110001111001 6
0)
#31935
1)
b11000010000 F
#31940
b110001111010 6
0)
#31945
1)
b11000010001 F
#31950
b110001111011 6
0)
#31955
1)
b11000010010 F
#31960
b110001111100 6
0)
#31965
1)
b11000010011 F
#31970
b110001111101 6
0)
#31975
1)
b11000010100 F
#31980
b110001111110 6
0)
#31985
1)
b11000010101 F
#31990
1!
b1 :
1*
b110001111111 6
0)
#31995
b1111111111 $
b1111111111 I
b1111111111 R
1)
b1111111100 E
b100 >
b110001111111 4
b10011001011 3
1(
b10100 ?
b1001000010 B
b10011001000 9
02
#32000
b1 Z
b1000 \
b1000 X
b1000 U
b10000 J
b1000 [
b1000 W
b1000 V
b11111111111111111111111111111111 7
b1011 .
b1011 K
b111111111111 0
b111111111111 L
b1000011110000111 1
b1000011110000111 M
b110010000000 6
0)
#32005
b10000 $
b10000 I
b10000 R
1)
b1111111101 E
b1000011001 A
b1000000011 @
b100 >
b110010000000 4
b10011001100 3
1(
b1 ?
b1001000011 B
b10011001001 9
b1111111111 +
#32010
0!
b0 Z
b10 Y
b0 \
b0 X
b0 U
b0 J
b0 [
b0 W
b0 V
b10000 7
b0 :
b0 .
b0 K
b0 0
b0 L
b0 1
b0 M
0*
0/
b110010000001 6
0)
#32015
1)
b10000 +
12
#32020
1!
b1111011101 J
b1111011101 [
b11011101 W
b1100 U
b111 V
b1 :
b1100 .
b1100 K
b1101011010110000 0
b1101011010110000 L
b1111011101001100 1
b1111011101001100 M
1*
1/
b110010000010 6
0)
#32025
b1111011101 $
b1111011101 I
b1111011101 R
1)
b1111111110 E
b1000000100 @
b100 >
b110010000010 4
b10011001101 3
1(
b10 ?
b10011001010 9
02
#32030
b1 Z
b1111101011 \
b11101011 X
b11 U
b1111101011 J
b0 [
b0 W
b0 V
b11111111111111111111111111011101 7
b1101 .
b1101 K
b1010011001 0
b1010011001 L
b1101000000111000 1
b1101000000111000 M
b110010000011 6
0)
#32035
b1111101011 $
b1111101011 I
b1111101011 R
1)
b1111111111 E
b1000011010 A
b100 >
b110010000011 4
b10011001110 3
1(
b1 ?
b1001000100 B
b10011001011 9
b1111011101 +
#32040
b0 Z
b11 Y
b1111111001 \
b11111001 X
b1111 U
b1111110001 J
b1111111000 [
b11111000 W
b1 V
b11111111111111111111111111101011 7
b1110 .
b1110 K
b1000111110000111 0
b1000111110000111 L
b1011100001111 1
b1011100001111 M
b110010000100 6
0)
#32045
b1111110001 $
b1111110001 I
b1111110001 R
1)
b10000000000 E
b1000000101 @
b100 >
b110010000100 4
b10011001111 3
1(
b1001000101 B
b10011001100 9
b1111101011 +
#32050
0!
b10 Y
b0 \
b0 X
b0 U
b0 J
b0 [
b0 W
b0 V
b11111111111111111111111111110001 7
b0 :
b0 .
b0 K
b0 0
b0 L
b0 1
b0 M
0*
0/
b110010000101 6
0)
#32055
1)
b1111110001 +
12
#32060
1!
b1 Z
b11 Y
b11001 \
b11001 X
b101000 J
b1111 [
b1111 W
b101 U
b101 V
b1 :
b1111 .
b1111 K
b101111100110101 0
b101111100110101 L
b101100001010101 1
b101100001010101 M
1*
1/
b110010000110 6
0)
#32065
b101000 $
b101000 I
b101000 R
1)
b10000000001 E
b1000011011 A
b100 >
b110010000110 4
b10011010000 3
1(
b10 ?
b1001000110 B
b10011001101 9
02
#32070
b0 Z
b10 Y
b0 \
b0 X
b0 U
b0 J
b0 [
b0 W
b0 V
b101000 7
b0 .
b0 K
b0 0
b0 L
b0 1
b0 M
0/
b110010000111 6
0)
#32075
0"
0T
1)
0(
b1 ?
b10011001110 9
b101000 +
#32080
b1100 \
b1100 X
b1111110111 J
b1111101011 [
b11101011 W
b1101 U
b1101 V
b0 7
b0 <
b1111001111100 0
b1111001111100 L
b101110110001101 1
b101110110001101 M
1/
b110010001000 6
0)
#32085
1"
b1111110111 $
b1111110111 I
b1111110111 R
1T
1)
b1000011100 A
b100 >
b110010001000 4
1(
b10011010001 3
#32090
0!
b1 Z
b0 \
b0 X
b0 U
b0 J
b0 [
b0 W
b1000 V
b11111111111111111111111111110111 7
b1 <
b0 :
b1 .
b1 K
b1000 0
b1000 L
b1000100000000111 1
b1000100000000111 M
0*
b110010001001 6
0)
#32095
1)
b11000010110 F
b1111110111 +
12
#32100
1!
b1 :
1*
b110010001010 6
0)
#32105
b0 $
b0 I
b0 R
1)
b10000000010 E
b1000011110 A
b1000000110 @
b100 >
b110010001010 4
b10011010010 3
1(
b10 ?
b1001000111 B
b10011001111 9
02
#32110
b0 Z
b11 Y
b100100 [
b100100 W
b11011 J
b1111110111 \
b11110111 X
b1101 U
b1010 V
b0 7
b10 .
b10 K
b11001010100011 0
b11001010100011 L
b1010000101101101 1
b1010000101101101 M
b110010001011 6
0)
#32115
b11011 $
b11011 I
b11011 R
1)
b10000000011 E
b100 >
b110010001011 4
b10011010011 3
1(
b1 ?
b10011010000 9
b0 +
#32120
0!
b1 Z
b111 \
b111 X
b1 U
b1111101110 J
b1111100111 [
b11100111 W
b101 V
b11011 7
b0 :
b11 .
b11 K
b1001110010110111 0
b1001110010110111 L
b101100100011100 1
b101100100011100 M
0*
b110010001100 6
0)
#32125
1)
b11000010111 F
b11011 +
12
#32130
1!
b1 :
1*
b110010001101 6
0)
#32135
b1111101110 $
b1111101110 I
b1111101110 R
1)
b10000000100 E
b100 >
b110010001101 4
b10011010100 3
1(
b10 ?
b10011010001 9
02
#32140
b0 Z
b10 Y
b0 \
b0 X
b0 U
b1000000 J
b1000000 [
b1000000 W
b1000 V
b11111111111111111111111111101110 7
b100 .
b100 K
b1011110000111 0
b1011110000111 L
b100000000000 1
b100000000000 M
b110010001110 6
0)
#32145
b1000000 $
b1000000 I
b1000000 R
1)
b10000000101 E
b1000011111 A
b100 >
b110010001110 4
b10011010101 3
1(
b1 ?
b1001001000 B
b10011010010 9
b1111101110 +
#32150
b1 Z
b110001 \
b110001 X
b1001 U
b1101 J
b1111011100 [
b11011100 W
b1010 V
b1000000 7
b101 .
b101 K
b111001001101001 0
b111001001101001 L
b11101010010101 1
b11101010010101 M
b110010001111 6
0)
#32155
b1101 $
b1101 I
b1101 R
1)
b10000000110 E
b100 >
b110010001111 4
b10011010110 3
1(
b10011010011 9
b1000000 +
#32160
b0 Z
b11 Y
b1100 \
b1100 X
b100 U
b10010 J
b110 [
b110 W
b11 V
b1101 7
b110 .
b110 K
b100010100100011 0
b100010100100011 L
b11010000010100 1
b11010000010100 M
b110010010000 6
0)
#32165
b10010 $
b10010 I
b10010 R
1)
b10000000111 E
b100 >
b110010010000 4
b10011010111 3
1(
b10011010100 9
b1101 +
#32170
0!
b1 Z
b1111111000 \
b11111000 X
b1000 U
b101001 J
b110001 [
b110001 W
b111 V
b10010 7
b0 :
b111 .
b111 K
b1000000001110001 0
b1000000001110001 L
b111000010000111 1
b111000010000111 M
0*
b110010010001 6
0)
#32175
1)
b11000011000 F
b10010 +
12
#32180
1!
b1 :
1*
b110010010010 6
0)
#32185
b101001 $
b101001 I
b101001 R
1)
b10000001000 E
b1000100000 A
b1000001000 @
b100 >
b110010010010 4
b10011011000 3
1(
b10 ?
b10011010101 9
02
#32190
0!
b0 Z
b10 Y
b1 \
b1 X
b1111 U
b1111111010 J
b1111111001 [
b11111001 W
b111 V
b101001 7
b0 :
b1000 .
b1000 K
b1111011111111111 0
b1111011111111111 L
b1110011110111111 1
b1110011110111111 M
0*
b110010010011 6
0)
#32195
1)
b11000011001 F
b101001 +
12
#32200
1!
b1 :
1*
b110010010100 6
0)
#32205
b1111111010 $
b1111111010 I
b1111111010 R
1)
b10000001001 E
b1000001001 @
b100 >
b110010010100 4
b10011011001 3
1(
b10011010110 9
02
#32210
b1 Z
b1100 \
b1100 X
b10 U
b1100 J
b0 [
b0 W
b0 V
b11111111111111111111111111111010 7
b1001 .
b1001 K
b111011011100110 0
b111011011100110 L
b100000000100001 1
b100000000100001 M
b110010010101 6
0)
#32215
b1100 $
b1100 I
b1100 R
1)
b10000001010 E
b100 >
b110010010101 4
b10011011010 3
1(
b1 ?
b1001001001 B
b10011010111 9
b1111111010 +
#32220
0!
b0 Z
b11 Y
b0 \
b0 X
b1000 U
b1111111001 J
b1111111001 [
b11111001 W
b111 V
b1100 7
b0 :
b1010 .
b1010 K
b1111000111110000 0
b1111000111110000 L
b111111100011000 1
b111111100011000 M
0*
b110010010110 6
0)
#32225
1)
b11000011010 F
b1100 +
12
#32230
1!
b1 :
1*
b110010010111 6
0)
#32235
b1111111001 $
b1111111001 I
b1111111001 R
1)
b10000001011 E
b1000001010 @
b1000100001 A
b100 >
b110010010111 4
b10011011011 3
1(
b10 ?
b10011011000 9
02
#32240
0!
b1 Z
b110001 J
b110001 [
b110001 W
b1110 U
b11111111111111111111111111111001 7
b0 :
b1011 .
b1011 K
b1000001110000 0
b1000001110000 L
b111010011101001 1
b111010011101001 M
0*
b110010011000 6
0)
#32245
1)
b11000011011 F
b1111111001 +
12
#32250
1!
b1 :
1*
b110010011001 6
0)
#32255
b110001 $
b110001 I
b110001 R
1)
b10000001100 E
b1000001011 @
b100 >
b110010011001 4
b10011011100 3
1(
b1001001010 B
b10011011001 9
02
#32260
0!
b0 Z
b10 Y
b101010 \
b101010 X
b1001 U
b0 J
b1111010110 [
b11010110 W
b111 V
b110001 7
b0 :
b1100 .
b1100 K
b1011101110101010 0
b1011101110101010 L
b11011111111001 1
b11011111111001 M
0*
b110010011010 6
0)
#32265
1)
b11000011100 F
b110001 +
12
#32270
1!
b1 :
1*
b110010011011 6
0)
#32275
b0 $
b0 I
b0 R
1)
b10000001101 E
b1000001100 @
b100 >
b110010011011 4
b10011011101 3
1(
b10011011010 9
02
#32280
b1 Z
b1111111111 \
b11111111 X
b1 U
b1111111111 J
b0 [
b0 W
b1 V
b0 7
b1101 .
b1101 K
b1111011100001111 0
b1111011100001111 L
b1000000100010001 1
b1000000100010001 M
b110010011100 6
0)
#32285
b1111111111 $
b1111111111 I
b1111111111 R
1)
b10000001110 E
b1000100010 A
b100 >
b110010011100 4
b10011011110 3
1(
b1 ?
b10011011011 9
b0 +
#32290
b0 Z
b0 J
b0 \
b0 X
b0 U
b0 V
b11111111111111111111111111111111 7
b0 .
b0 K
b0 0
b0 L
b0 1
b0 M
0/
b110010011101 6
0)
#32295
0"
0T
1)
0(
b1001001011 B
b10011011100 9
b1111111111 +
#32300
b11 Y
b1111011100 \
b11011100 X
b1111011100 J
b0 [
b0 W
b1010 U
b0 V
b0 7
b0 <
b1110 .
b1110 K
b1111100010010110 0
b1111100010010110 L
b101101101010 1
b101101101010 M
0*
1/
b110010011110 6
0)
#32305
0!
1"
b1111011100 $
b1111011100 I
b1111011100 R
1T
1)
b100 >
b110010011110 4
1(
b10011011111 3
#32310
1!
b10 Y
b0 J
b0 \
b0 X
b0 U
b11111111111111111111111111011100 7
b1 <
b0 .
b0 K
b0 0
b0 L
b0 1
b0 M
1*
0/
b110010011111 6
0)
#32315
0"
0T
1)
0(
b1001001100 B
b10011011101 9
b1111011100 +
#32320
b1 Z
b11 Y
b1111100010 \
b11100010 X
b0 J
b11110 [
b11110 W
b110 U
b1010 V
b0 7
b0 <
b1111 .
b1111 K
b1001111010111011 0
b1001111010111011 L
b1010110101101110 1
b1010110101101110 M
1/
b110010100000 6
0)
#32325
1"
b0 $
b0 I
b0 R
1T
1)
b100 >
b110010100000 4
1(
b10011100000 3
#32330
0!
b0 Z
b10 Y
b1111001000 \
b11001000 X
b1000 U
b1110010000 J
b1111001000 [
b11001000 W
b111 V
b1 <
b0 :
b0 .
b0 K
b111100010000111 0
b111100010000111 L
b1011100001000 1
b1011100001000 M
0*
b110010100001 6
0)
#32335
1)
b11000011101 F
b0 +
12
#32340
b110010100010 6
0)
#32345
1)
b11000011110 F
#32350
b110010100011 6
0)
#32355
1)
b11000011111 F
#32360
b110010100100 6
0)
#32365
1)
b11000100000 F
#32370
b110010100101 6
0)
#32375
1)
b11000100001 F
#32380
b110010100110 6
0)
#32385
1)
b11000100010 F
#32390
b110010100111 6
0)
#32395
1)
b11000100011 F
#32400
b110010101000 6
0)
#32405
1)
b11000100100 F
#32410
b110010101001 6
0)
#32415
1)
b11000100101 F
#32420
b110010101010 6
0)
#32425
1)
b11000100110 F
#32430
b110010101011 6
0)
#32435
1)
b11000100111 F
#32440
b110010101100 6
0)
#32445
1)
b11000101000 F
#32450
b110010101101 6
0)
#32455
1)
b11000101001 F
#32460
b110010101110 6
0)
#32465
1)
b11000101010 F
#32470
b110010101111 6
0)
#32475
1)
b11000101011 F
#32480
b110010110000 6
0)
#32485
1)
b11000101100 F
#32490
b110010110001 6
0)
#32495
1)
b11000101101 F
#32500
b110010110010 6
0)
#32505
1)
b11000101110 F
#32510
b110010110011 6
0)
#32515
1)
b11000101111 F
#32520
1!
b1 :
1*
b110010110100 6
0)
#32525
b1110010000 $
b1110010000 I
b1110010000 R
1)
b10000001111 E
b1000001101 @
b1000100011 A
b100 >
b110010110100 4
b10011100001 3
1(
b10100 ?
b10011011110 9
02
#32530
b1 Z
b1100 \
b1100 X
b10 U
b1111011100 J
b1111010000 [
b11010000 W
b110 V
b11111111111111111111111110010000 7
b1 .
b1 K
b11000010000110 0
b11000010000110 L
b10011000101101 1
b10011000101101 M
b110010110101 6
0)
#32535
b1111011100 $
b1111011100 I
b1111011100 R
1)
b10000010000 E
b100 >
b110010110101 4
b10011100010 3
1(
b1 ?
b1001001101 B
b10011011111 9
b1110010000 +
#32540
b0 Z
b0 \
b0 X
b0 U
b0 J
b0 [
b0 W
b0 V
b11111111111111111111111111011100 7
b0 .
b0 K
b0 0
b0 L
b0 1
b0 M
0/
b110010110110 6
0)
#32545
0"
0T
1)
0(
b1001001110 B
b10011100000 9
b1111011100 +
#32550
b11 Y
b1111101000 \
b11101000 X
b1111110100 J
b1100 [
b1100 W
b1010 U
b1100 V
b0 7
b0 <
b10 .
b10 K
b1101011011010100 0
b1101011011010100 L
b1100100010011010 1
b1100100010011010 M
0*
1/
b110010110111 6
0)
#32555
0!
1"
b1111110100 $
b1111110100 I
b1111110100 R
1T
1)
b1000100100 A
b100 >
b110010110111 4
1(
b10011100011 3
#32560
b1 Z
b1000 \
b1000 X
b1111 U
b10000 J
b1000 [
b1000 W
b1111 V
b11111111111111111111111111110100 7
b1 <
b0 :
b11 .
b11 K
b1011110001000 0
b1011110001000 L
b1111000011111000 1
b1111000011111000 M
b110010111000 6
0)
#32565
1)
b11000110000 F
b1111110100 +
12
#32570
1!
b1 :
1*
b110010111001 6
0)
#32575
b10000 $
b10000 I
b10000 R
1)
b10000010001 E
b1000100101 A
b100 >
b110010111001 4
b10011100100 3
1(
b10 ?
b1001001111 B
b10011100001 9
02
#32580
b0 Z
b10 Y
b11100 \
b11100 X
b1100 U
b101010 J
b1110 [
b1110 W
b10 V
b10000 7
b100 .
b100 K
b100110001111001 0
b100110001111001 L
b101001010111100 1
b101001010111100 M
b110010111010 6
0)
#32585
b101010 $
b101010 I
b101010 R
1)
b10000010010 E
b100 >
b110010111010 4
b10011100101 3
1(
b1 ?
b10011100010 9
b10000 +
#32590
b0 \
b0 X
b0 U
b0 J
b0 [
b0 W
b0 V
b101010 7
b0 .
b0 K
b0 0
b0 L
b0 1
b0 M
0/
b110010111011 6
0)
#32595
0"
0T
1)
0(
b10011100011 9
b101010 +
#32600
b0 7
b0 <
0*
b110010111100 6
0)
#32605
1)
#32610
b1 Z
b1010 J
b1010 [
b1010 W
b0 U
b1011 V
b101 .
b101 K
b1101110011100000 0
b1101110011100000 L
b1001101100001001 1
b1001101100001001 M
1/
b110010111101 6
0)
#32615
0!
1"
b1010 $
b1010 I
b1010 R
1T
1)
b100 >
b110010111101 4
1(
b10011100110 3
#32620
1!
b0 Z
b11 Y
b0 \
b0 X
b0 U
b111 J
b111 [
b111 W
b111 V
b1010 7
b1 <
b110 .
b110 K
b1000111100011000 0
b1000111100011000 L
b111000001110000 1
b111000001110000 M
1*
b110010111110 6
0)
#32625
b111 $
b111 I
b111 R
1)
b10000010011 E
b1000001111 @
b100 >
b110010111110 4
b10011100111 3
1(
b10011100100 9
b1010 +
#32630
0!
b1 Z
b101 \
b101 X
b1 U
b101 J
b0 [
b0 W
b1100 V
b111 7
b0 :
b111 .
b111 K
b1100100000101 0
b1100100000101 L
b1100000100010011 1
b1100000100010011 M
0*
b110010111111 6
0)
#32635
1)
b11000110001 F
b111 +
12
#32640
b110011000000 6
0)
#32645
1)
b11000110010 F
#32650
b110011000001 6
0)
#32655
1)
b11000110011 F
#32660
1!
b1 :
1*
b110011000010 6
0)
#32665
b101 $
b101 I
b101 R
1)
b10000010100 E
b100 >
b110011000010 4
b10011101000 3
1(
b100 ?
b10011100101 9
02
#32670
b0 Z
b10 Y
b0 J
b0 \
b0 X
b0 U
b0 V
b101 7
b0 .
b0 K
b0 0
b0 L
b0 1
b0 M
0/
b110011000011 6
0)
#32675
0"
0T
1)
0(
b1 ?
b10011100110 9
b101 +
#32680
b0 7
b0 <
b110011000100 6
0)
#32685
1)
#32690
b1111101110 \
b11101110 X
b1111001011 J
b1111011101 [
b11011101 W
b1010 U
b1001 V
b1000 .
b1000 K
b10101101010011 0
b10101101010011 L
b1100111001010 1
b1100111001010 M
1/
b110011000101 6
0)
#32695
1"
b1111001011 $
b1111001011 I
b1111001011 R
1T
1)
b100 >
b110011000101 4
1(
b10011101001 3
#32700
b0 \
b0 X
b0 U
b0 J
b0 [
b0 W
b0 V
b11111111111111111111111111001011 7
b1 <
b0 .
b0 K
b0 0
b0 L
b0 1
b0 M
0/
b110011000110 6
0)
#32705
0"
0T
1)
0(
b1001010000 B
b10011100111 9
b1111001011 +
#32710
b1 Z
b0 \
b0 X
b1000000 J
b1000000 [
b1000000 W
b0 U
b1000 V
b0 7
b0 <
b1001 .
b1001 K
b1000000110001111 0
b1000000110001111 L
b1100000001111 1
b1100000001111 M
1/
b110011000111 6
0)
#32715
1"
b1000000 $
b1000000 I
b1000000 R
1T
1)
b1000100110 A
b100 >
b110011000111 4
1(
b10011101010 3
#32720
b0 Z
b11 Y
b10000 \
b10000 X
b100 U
b101110 J
b11110 [
b11110 W
b1011 V
b1000000 7
b1 <
b1010 .
b1010 K
b1011000110100100 0
b1011000110100100 L
b1011111011010100 1
b1011111011010100 M
b110011001000 6
0)
#32725
b101110 $
b101110 I
b101110 R
1)
b10000010101 E
b100 >
b110011001000 4
b10011101011 3
1(
b10011101000 9
b1000000 +
#32730
0!
b1 Z
b10100 \
b10100 X
b100 U
b100100 J
b10000 [
b10000 W
b1110 V
b101110 7
b0 :
b1011 .
b1011 K
b101110110000101 0
b101110110000101 L
b1110010101000010 1
b1110010101000010 M
0*
b110011001001 6
0)
#32735
1)
b11000110100 F
b101110 +
12
#32740
1!
b1 :
1*
b110011001010 6
0)
#32745
b100100 $
b100100 I
b100100 R
1)
b10000010110 E
b100 >
b110011001010 4
b10011101100 3
1(
b10 ?
b10011101001 9
02
#32750
0!
b0 Z
b10 Y
b0 \
b0 X
b0 U
b0 J
b0 [
b0 W
b0 V
b100100 7
b0 :
b0 .
b0 K
b0 0
b0 L
b0 1
b0 M
0*
0/
b110011001011 6
0)
#32755
1)
b100100 +
12
#32760
1!
b1111 U
b1 :
b1100 .
b1100 K
b100010000000 0
b100010000000 L
b1111000011111111 1
b1111000011111111 M
1*
1/
b110011001100 6
0)
#32765
b0 $
b0 I
b0 R
1)
b10000010111 E
b100 >
b110011001100 4
b10011101101 3
1(
b10011101010 9
02
#32770
b1 Z
b10100 J
b10100 \
b10100 X
b1100 U
b0 7
b1101 .
b1101 K
b1010110100101011 0
b1010110100101011 L
b1100000011001001 1
b1100000011001001 M
b110011001101 6
0)
#32775
b10100 $
b10100 I
b10100 R
1)
b10000011000 E
b100 >
b110011001101 4
b10011101110 3
1(
b1 ?
b10011101011 9
b0 +
#32780
b0 Z
b11 Y
b110 \
b110 X
b1 U
b1111010101 J
b1111001111 [
b11001111 W
b111 V
b10100 7
b1110 .
b1110 K
b111000110010110 0
b111000110010110 L
b111010100000001 1
b111010100000001 M
b110011001110 6
0)
#32785
b1111010101 $
b1111010101 I
b1111010101 R
1)
b10000011001 E
b1000010000 @
b100 >
b110011001110 4
b10011101111 3
1(
b10011101100 9
b10100 +
#32790
b10 Y
b0 \
b0 X
b0 U
b0 J
b0 [
b0 W
b0 V
b11111111111111111111111111010101 7
b0 .
b0 K
b0 0
b0 L
b0 1
b0 M
0/
b110011001111 6
0)
#32795
0"
0T
1)
0(
b1001010001 B
b10011101101 9
b1111010101 +
#32800
b1 Z
b11 Y
b0 \
b0 X
b1000 J
b1000 [
b1000 W
b0 U
b1111 V
b0 7
b0 <
b1111 .
b1111 K
b1000011110001111 0
b1000011110001111 L
b1111011100001111 1
b1111011100001111 M
1/
b110011010000 6
0)
#32805
1"
b1000 $
b1000 I
b1000 R
1T
1)
b1000010001 @
b100 >
b110011010000 4
1(
b10011110000 3
#32810
0!
b0 Z
b10 Y
b1111110001 \
b11110001 X
b101 U
b1111100001 J
b1111110000 [
b11110000 W
b1100 V
b1000 7
b1 <
b0 :
b0 .
b0 K
b100100001001101 0
b100100001001101 L
b11110010110101 1
b11110010110101 M
0*
b110011010001 6
0)
#32815
1)
b11000110101 F
b1000 +
12
#32820
b110011010010 6
0)
#32825
1)
b11000110110 F
#32830
1!
b1 :
1*
b110011010011 6
0)
#32835
b1111100001 $
b1111100001 I
b1111100001 R
1)
b10000011010 E
b100 >
b110011010011 4
b10011110001 3
1(
b11 ?
b10011101110 9
02
#32840
b1 Z
b1111010110 \
b11010110 X
b110 U
b1111101111 J
b11001 [
b11001 W
b1011 V
b11111111111111111111111111100001 7
b1 .
b1 K
b1110001110111001 0
b1110001110111001 L
b1010101101101010 1
b1010101101101010 M
b110011010100 6
0)
#32845
b1111101111 $
b1111101111 I
b1111101111 R
1)
b10000011011 E
b100 >
b110011010100 4
b10011110010 3
1(
b1 ?
b1001010010 B
b10011101111 9
b1111100001 +
#32850
b0 Z
b0 \
b0 X
b0 U
b0 J
b0 [
b0 W
b0 V
b11111111111111111111111111101111 7
b0 .
b0 K
b0 0
b0 L
b0 1
b0 M
0/
b110011010101 6
0)
#32855
0"
0T
1)
0(
b1001010011 B
b10011110000 9
b1111101111 +
#32860
b11 Y
b111 J
b111 [
b111 W
b1 U
b111 V
b0 7
b0 <
b10 .
b10 K
b1111100010000 0
b1111100010000 L
b111011110000001 1
b111011110000001 M
0*
1/
b110011010110 6
0)
#32865
0!
1"
b111 $
b111 I
b111 R
1T
1)
b1000010011 @
b1000100111 A
b100 >
b110011010110 4
1(
b10011110011 3
#32870
b10 Y
b0 U
b0 J
b0 [
b0 W
b0 V
b111 7
b1 <
b0 :
b0 .
b0 K
b0 0
b0 L
b0 1
b0 M
0/
b110011010111 6
0)
#32875
1)
b111 +
12
#32880
b110011011000 6
0)
#32885
1)
#32890
b1 Z
b11 Y
b1001 \
b1001 X
b100001 J
b11000 [
b11000 W
b11 U
b1100 V
b11 .
b11 K
b110110110100011 0
b110110110100011 L
b1100010100111010 1
b1100010100111010 M
1/
b110011011001 6
0)
#32895
1)
b11000110111 F
#32900
b110011011010 6
0)
#32905
1)
b11000111000 F
#32910
b110011011011 6
0)
#32915
1)
b11000111001 F
#32920
b110011011100 6
0)
#32925
1)
b11000111010 F
#32930
b110011011101 6
0)
#32935
1)
b11000111011 F
#32940
b110011011110 6
0)
#32945
1)
b11000111100 F
#32950
b110011011111 6
0)
#32955
1)
b11000111101 F
#32960
b110011100000 6
0)
#32965
1)
b11000111110 F
#32970
b110011100001 6
0)
#32975
1)
b11000111111 F
#32980
b110011100010 6
0)
#32985
1)
b11001000000 F
#32990
b110011100011 6
0)
#32995
1)
b11001000001 F
#33000
b110011100100 6
0)
#33005
1)
b11001000010 F
#33010
b110011100101 6
0)
#33015
1)
b11001000011 F
#33020
b110011100110 6
0)
#33025
1)
b11001000100 F
#33030
1!
b1 :
1*
b110011100111 6
0)
#33035
b100001 $
b100001 I
b100001 R
1)
b10000011100 E
b100 >
b110011100111 4
b10011110100 3
1(
b10001 ?
b10011110001 9
02
#33040
0!
b0 Z
b10 Y
b11100 \
b11100 X
b1100 U
b100110 J
b1010 [
b1010 W
b1011 V
b100001 7
b0 :
b100 .
b100 K
b1011010111101001 0
b1011010111101001 L
b10101101111100 1
b10101101111100 M
0*
b110011101000 6
0)
#33045
1)
b11001000101 F
b100001 +
12
#33050
1!
b1 :
1*
b110011101001 6
0)
#33055
b100110 $
b100110 I
b100110 R
1)
b10000011101 E
b1000010100 @
b100 >
b110011101001 4
b10011110101 3
1(
b10 ?
b10011110010 9
02
#33060
b1 Z
b1 \
b1 X
b1111 U
b1111111010 J
b1111111001 [
b11111001 W
b111 V
b100110 7
b101 .
b101 K
b1111000111111111 0
b1111000111111111 L
b111011111110111 1
b111011111110111 M
b110011101010 6
0)
#33065
b1111111010 $
b1111111010 I
b1111111010 R
1)
b10000011110 E
b1000010111 @
b100 >
b110011101010 4
b10011110110 3
1(
b1 ?
b10011110011 9
b100110 +
#33070
b0 Z
b11 Y
b1111111010 \
b11111010 X
b1101 U
b1111110110 J
b1111111100 [
b11111100 W
b1111 V
b11111111111111111111111111111010 7
b110 .
b110 K
b111100101000010 0
b111100101000010 L
b1111010001111101 1
b1111010001111101 M
b110011101011 6
0)
#33075
b1111110110 $
b1111110110 I
b1111110110 R
1)
b10000011111 E
b1000011000 @
b100 >
b110011101011 4
b10011110111 3
1(
b1001010100 B
b10011110100 9
b1111111010 +
#33080
0!
b1 Z
b1111111000 \
b11111000 X
b1000 U
b10000 J
b11000 [
b11000 W
b110 V
b11111111111111111111111111110110 7
b0 :
b111 .
b111 K
b111011001000001 0
b111011001000001 L
b110101110000101 1
b110101110000101 M
0*
b110011101100 6
0)
#33085
1)
b11001000110 F
b1111110110 +
12
#33090
b110011101101 6
0)
#33095
1)
b11001000111 F
#33100
b110011101110 6
0)
#33105
1)
b11001001000 F
#33110
b110011101111 6
0)
#33115
1)
b11001001001 F
#33120
b110011110000 6
0)
#33125
1)
b11001001010 F
#33130
b110011110001 6
0)
#33135
1)
b11001001011 F
#33140
1!
b1 :
1*
b110011110010 6
0)
#33145
b10000 $
b10000 I
b10000 R
1)
b10000100000 E
b1000101000 A
b100 >
b110011110010 4
b10011111000 3
1(
b111 ?
b1001010101 B
b10011110101 9
02
#33150
0!
b0 Z
b10 Y
b0 \
b0 X
b1000 U
b1111001000 J
b1111001000 [
b11001000 W
b1000 V
b10000 7
b0 :
b1000 .
b1000 K
b111000001110000 0
b111000001110000 L
b1100000011000 1
b1100000011000 M
0*
b110011110011 6
0)
#33155
1)
b11001001100 F
b10000 +
12
#33160
1!
b1 :
1*
b110011110100 6
0)
#33165
b1111001000 $
b1111001000 I
b1111001000 R
1)
b10000100001 E
b1000101010 A
b100 >
b110011110100 4
b10011111001 3
1(
b10 ?
b10011110110 9
02
#33170
b0 U
b0 J
b0 [
b0 W
b0 V
b11111111111111111111111111001000 7
b0 .
b0 K
b0 0
b0 L
b0 1
b0 M
0/
b110011110101 6
0)
#33175
0"
0T
1)
0(
b1 ?
b1001010110 B
b10011110111 9
b1111001000 +
#33180
b0 7
b0 <
b110011110110 6
0)
#33185
1)
#33190
b1 Z
b0 \
b0 X
b100 J
b100 [
b100 W
b0 U
b10 V
b1001 .
b1001 K
b1100100100101110 0
b1100100100101110 L
b11001000001010 1
b11001000001010 M
1/
b110011110111 6
0)
#33195
1"
b100 $
b100 I
b100 R
1T
1)
b100 >
b110011110111 4
1(
b10011111010 3
#33200
b0 Z
b11 Y
b1111001111 \
b11001111 X
b111 U
b1111001111 J
b0 [
b0 W
b1001 V
b100 7
b1 <
b1010 .
b1010 K
b1101010100001001 0
b1101010100001001 L
b1001010011000111 1
b1001010011000111 M
b110011111000 6
0)
#33205
b1111001111 $
b1111001111 I
b1111001111 R
1)
b10000100010 E
b1000011001 @
b100 >
b110011111000 4
b10011111011 3
1(
b10011111000 9
b100 +
#33210
b1 Z
b1000 J
b1000 \
b1000 X
b1111 U
b0 V
b11111111111111111111111111001111 7
b1011 .
b1011 K
b1000000010001000 0
b1000000010001000 L
b111111111111 1
b111111111111 M
b110011111001 6
0)
#33215
b1000 $
b1000 I
b1000 R
1)
b10000100011 E
b100 >
b110011111001 4
b10011111100 3
1(
b1001010111 B
b10011111001 9
b1111001111 +
#33220
0!
b0 Z
b10 Y
b1111110001 \
b11110001 X
b11 U
b1111101011 J
b1111111010 [
b11111010 W
b10 V
b1000 7
b0 :
b1100 .
b1100 K
b11011011011 0
b11011011011 L
b10001001010011 1
b10001001010011 M
0*
b110011111010 6
0)
#33225
1)
b11001001101 F
b1000 +
12
#33230
b110011111011 6
0)
#33235
1)
b11001001110 F
#33240
b110011111100 6
0)
#33245
1)
b11001001111 F
#33250
b110011111101 6
0)
#33255
1)
b11001010000 F
#33260
b110011111110 6
0)
#33265
1)
b11001010001 F
#33270
b110011111111 6
0)
#33275
1)
b11001010010 F
#33280
b110100000000 6
0)
#33285
1)
b11001010011 F
#33290
1!
b1 :
1*
b110100000001 6
0)
#33295
b1111101011 $
b1111101011 I
b1111101011 R
1)
b10000100100 E
b100 >
b110100000001 4
b10011111101 3
1(
b1000 ?
b10011111010 9
02
#33300
b1 Z
b1111110100 \
b11110100 X
b1100 U
b110 J
b10010 [
b10010 W
b11 V
b11111111111111111111111111101011 7
b1101 .
b1101 K
b1011101101100011 0
b1011101101100011 L
b1000001111001101 1
b1000001111001101 M
b110100000010 6
0)
#33305
b110 $
b110 I
b110 R
1)
b10000100101 E
b1000101011 A
b100 >
b110100000010 4
b10011111110 3
1(
b1 ?
b1001011000 B
b10011111011 9
b1111101011 +
#33310
b0 Z
b11 Y
b1 \
b1 X
b1111 U
b10 J
b1 [
b1 W
b1 V
b110 7
b1110 .
b1110 K
b111000100011111 0
b111000100011111 L
b1000000011111 1
b1000000011111 M
b110100000011 6
0)
#33315
b10 $
b10 I
b10 R
1)
b10000100110 E
b100 >
b110100000011 4
b10011111111 3
1(
b10011111100 9
b110 +
#33320
0!
b10 Y
b0 \
b0 X
b0 U
b0 J
b0 [
b0 W
b0 V
b10 7
b0 :
b0 .
b0 K
b0 0
b0 L
b0 1
b0 M
0*
0/
b110100000100 6
0)
#33325
1)
b10 +
12
#33330
b1 Z
b11 Y
b1111111000 J
b1111111000 [
b11111000 W
b1001 U
b1100 V
b1111 .
b1111 K
b11101000100000 0
b11101000100000 L
b1100111110011101 1
b1100111110011101 M
1/
b110100000101 6
0)
#33335
1)
b11001010100 F
#33340
b110100000110 6
0)
#33345
1)
b11001010101 F
#33350
b110100000111 6
0)
#33355
1)
b11001010110 F
#33360
b110100001000 6
0)
#33365
1)
b11001010111 F
#33370
1!
b1 :
1*
b110100001001 6
0)
#33375
b1111111000 $
b1111111000 I
b1111111000 R
1)
b10000100111 E
b100 >
b110100001001 4
b10100000000 3
1(
b110 ?
b10011111101 9
02
#33380
0!
b0 Z
b10 Y
b0 \
b0 X
b0 U
b1111111000 J
b1111111000 [
b11111000 W
b10 V
b11111111111111111111111111111000 7
b0 :
b0 .
b0 K
b1110110111000101 0
b1110110111000101 L
b1001100000 1
b1001100000 M
0*
b110100001010 6
0)
#33385
1)
b11001011000 F
b1111111000 +
12
#33390
b110100001011 6
0)
#33395
1)
b11001011001 F
#33400
b110100001100 6
0)
#33405
1)
b11001011010 F
#33410
b110100001101 6
0)
#33415
1)
b11001011011 F
#33420
b110100001110 6
0)
#33425
1)
b11001011100 F
#33430
b110100001111 6
0)
#33435
1)
b11001011101 F
#33440
b110100010000 6
0)
#33445
1)
b11001011110 F
#33450
b110100010001 6
0)
#33455
1)
b11001011111 F
#33460
b110100010010 6
0)
#33465
1)
b11001100000 F
#33470
b110100010011 6
0)
#33475
1)
b11001100001 F
#33480
b110100010100 6
0)
#33485
1)
b11001100010 F
#33490
b110100010101 6
0)
#33495
1)
b11001100011 F
#33500
b110100010110 6
0)
#33505
1)
b11001100100 F
#33510
b110100010111 6
0)
#33515
1)
b11001100101 F
#33520
b110100011000 6
0)
#33525
1)
b11001100110 F
#33530
b110100011001 6
0)
#33535
1)
b11001100111 F
#33540
b110100011010 6
0)
#33545
1)
b11001101000 F
#33550
b110100011011 6
0)
#33555
1)
b11001101001 F
#33560
1!
b1 :
1*
b110100011100 6
0)
#33565
1)
b10000101000 E
b100 >
b110100011100 4
b10100000001 3
1(
b10011 ?
b1001011001 B
b10011111110 9
02
#33570
b1 Z
b1111111001 \
b11111001 X
b1111 U
b1111111001 J
b0 [
b0 W
b111 V
b1 .
b1 K
b1000100000000111 0
b1000100000000111 L
b111011111110001 1
b111011111110001 M
b110100011101 6
0)
#33575
b1111111001 $
b1111111001 I
b1111111001 R
1)
b10000101001 E
b1000011011 @
b100 >
b110100011101 4
b10100000010 3
1(
b1 ?
b1001011010 B
b10011111111 9
#33580
0!
b0 Z
b11 Y
b1111001000 [
b11001000 W
b1111010110 J
b1110 \
b1110 X
b111 U
b111 V
b11111111111111111111111111111001 7
b0 :
b10 .
b10 K
b11110110000010 0
b11110110000010 L
b111101001000111 1
b111101001000111 M
0*
b110100011110 6
0)
#33585
1)
b11001101010 F
b1111111001 +
12
#33590
1!
b1 :
1*
b110100011111 6
0)
#33595
b1111010110 $
b1111010110 I
b1111010110 R
1)
b10000101010 E
b1000011101 @
b100 >
b110100011111 4
b10100000011 3
1(
b10 ?
b1001011011 B
b10100000000 9
02
#33600
b1 Z
b1111110001 \
b11110001 X
b1011 U
b1101 J
b11100 [
b11100 W
b100 V
b11111111111111111111111111010110 7
b11 .
b11 K
b1110101001110011 0
b1110101001110011 L
b100110010111100 1
b100110010111100 M
b110100100000 6
0)
#33605
b1101 $
b1101 I
b1101 R
1)
b10000101011 E
b100 >
b110100100000 4
b10100000100 3
1(
b1 ?
b1001011100 B
b10100000001 9
b1111010110 +
#33610
0!
b0 Z
b10 Y
b0 \
b0 X
b1 U
b0 J
b0 [
b0 W
b1 V
b1101 7
b0 :
b100 .
b100 K
b1111111100000000 0
b1111111100000000 L
b1000100000001 1
b1000100000001 M
0*
b110100100001 6
0)
#33615
1)
b11001101011 F
b1101 +
12
#33620
1!
b1 :
1*
b110100100010 6
0)
#33625
b0 $
b0 I
b0 R
1)
b10000101100 E
b100 >
b110100100010 4
b10100000101 3
1(
b10 ?
b10100000010 9
02
#33630
0!
b0 U
b0 V
b0 7
b0 :
b0 .
b0 K
b0 0
b0 L
b0 1
b0 M
0*
0/
b110100100011 6
0)
#33635
1)
b0 +
12
#33640
1!
b1 :
1*
b110100100100 6
0)
#33645
0"
0T
1)
0(
b10100000011 9
02
#33650
b1 Z
b101000 J
b101000 \
b101000 X
b1011 U
b0 <
b101 .
b101 K
b100010001011000 0
b100010001011000 L
b1011000010110001 1
b1011000010110001 M
1/
b110100100101 6
0)
#33655
1"
b101000 $
b101000 I
b101000 R
1T
1)
b100 >
b110100100101 4
1(
b10100000110 3
#33660
b0 Z
b0 J
b0 \
b0 X
b0 U
b101000 7
b1 <
b0 .
b0 K
b0 0
b0 L
b0 1
b0 M
0/
b110100100110 6
0)
#33665
0"
0T
1)
0(
b1 ?
b10100000100 9
b101000 +
#33670
b11 Y
b1111010000 \
b11010000 X
b1111000100 J
b1111110100 [
b11110100 W
b110 U
b1010 V
b0 7
b0 <
b110 .
b110 K
b1110000100101000 0
b1110000100101000 L
b1010101101100110 1
b1010101101100110 M
0*
1/
b110100100111 6
0)
#33675
0!
1"
b1111000100 $
b1111000100 I
b1111000100 R
1T
1)
b100 >
b110100100111 4
1(
b10100000111 3
#33680
1!
b10 Y
b0 \
b0 X
b0 U
b0 J
b0 [
b0 W
b0 V
b11111111111111111111111111000100 7
b1 <
b0 .
b0 K
b0 0
b0 L
b0 1
b0 M
1*
0/
b110100101000 6
0)
#33685
0"
0T
1)
0(
b1001011101 B
b10100000101 9
b1111000100 +
#33690
b1 Z
b11 Y
b1111001000 \
b11001000 X
b1000 J
b1000000 [
b1000000 W
b1000 U
b1000 V
b0 7
b0 <
b111 .
b111 K
b1011110000111 0
b1011110000111 L
b1000000110000111 1
b1000000110000111 M
0*
1/
b110100101001 6
0)
#33695
0!
1"
b1000 $
b1000 I
b1000 R
1T
1)
b1000101101 A
b1000011110 @
b100 >
b110100101001 4
1(
b10100001000 3
#33700
b0 Z
b1100 V
b10 Y
b1000 [
b1000 W
b110 J
b1111111110 \
b11111110 X
b1110 U
b1000 7
b1 <
b0 :
b1000 .
b1000 K
b110000011100001 0
b110000011100001 L
b1000110010011110 1
b1000110010011110 M
b110100101010 6
0)
#33705
1)
b11001101100 F
b1000 +
12
#33710
b110100101011 6
0)
#33715
1)
b11001101101 F
#33720
1!
b1 :
1*
b110100101100 6
0)
#33725
b110 $
b110 I
b110 R
1)
b10000101101 E
b1000101110 A
b100 >
b110100101100 4
b10100001001 3
1(
b11 ?
b10100000110 9
02
#33730
b1 Z
b1111111101 \
b11111101 X
b1101 U
b1100 J
b1111 [
b1111 W
b101 V
b110 7
b1001 .
b1001 K
b1111011000110001 0
b1111011000110001 L
b1101010111010100 1
b1101010111010100 M
b110100101101 6
0)
#33735
b1100 $
b1100 I
b1100 R
1)
b10000101110 E
b100 >
b110100101101 4
b10100001010 3
1(
b1 ?
b10100000111 9
b110 +
#33740
b0 Z
b11 Y
b1111111000 \
b11111000 X
b1 U
b101001 J
b110001 [
b110001 W
b111 V
b1100 7
b1010 .
b1010 K
b1111000001111000 0
b1111000001111000 L
b111111100000001 1
b111111100000001 M
b110100101110 6
0)
#33745
b101001 $
b101001 I
b101001 R
1)
b10000101111 E
b1000011111 @
b100 >
b110100101110 4
b10100001011 3
1(
b10100001000 9
b1100 +
#33750
0!
b1 Z
b10101 [
b10101 W
b11100 J
b111 \
b111 X
b1111 U
b101001 7
b0 :
b1011 .
b1011 K
b1101101100111001 0
b1101101100111001 L
b111010011111001 1
b111010011111001 M
0*
b110100101111 6
0)
#33755
1)
b11001101110 F
b101001 +
12
#33760
1!
b1 :
1*
b110100110000 6
0)
#33765
b11100 $
b11100 I
b11100 R
1)
b10000110000 E
b1000100000 @
b100 >
b110100110000 4
b10100001100 3
1(
b10 ?
b10100001001 9
02
#33770
0!
b0 Z
b10 Y
b10100 \
b10100 X
b1100 U
b10100 J
b0 [
b0 W
b0 V
b11100 7
b0 :
b1100 .
b1100 K
b1110010111101011 0
b1110010111101011 L
b1111000010101100 1
b1111000010101100 M
0*
b110100110001 6
0)
#33775
1)
b11001101111 F
b11100 +
12
#33780
1!
b1 :
1*
b110100110010 6
0)
#33785
b10100 $
b10100 I
b10100 R
1)
b10000110001 E
b100 >
b110100110010 4
b10100001101 3
1(
b10100001010 9
02
#33790
b1 Z
b1000000 J
b1000000 \
b1000000 X
b1000 U
b10100 7
b1101 .
b1101 K
b1000011111000 0
b1000011111000 L
b111000010000000 1
b111000010000000 M
b110100110011 6
0)
#33795
b1000000 $
b1000000 I
b1000000 R
1)
b10000110010 E
b1000100001 @
b1000101111 A
b100 >
b110100110011 4
b10100001110 3
1(
b1 ?
b10100001011 9
b10100 +
#33800
b0 Z
b11 Y
b1111101110 \
b11101110 X
b110 U
b1111110010 J
b100 [
b100 W
b1 V
b1000000 7
b1110 .
b1110 K
b110001001001101 0
b110001001001101 L
b1111100100110 1
b1111100100110 M
b110100110100 6
0)
#33805
b1111110010 $
b1111110010 I
b1111110010 R
1)
b10000110011 E
b100 >
b110100110100 4
b10100001111 3
1(
b10100001100 9
b1000000 +
#33810
b1011 U
b1 Z
b11110 \
b11110 X
b100101 J
b111 [
b111 W
b111 V
b11111111111111111111111111110010 7
b1111 .
b1111 K
b1101011100011010 0
b1101011100011010 L
b111001010110110 1
b111001010110110 M
b110100110101 6
0)
#33815
b100101 $
b100101 I
b100101 R
1)
b10000110100 E
b1000100010 @
b100 >
b110100110101 4
b10100010000 3
1(
b1001011110 B
b10100001101 9
b1111110010 +
#33820
b0 Z
b10 Y
b1 \
b1 X
b1 U
b0 J
b1111111111 [
b11111111 W
b1111 V
b100101 7
b0 .
b0 K
b1000000100010001 0
b1000000100010001 L
b1111100000001 1
b1111100000001 M
b110100110110 6
0)
#33825
b0 $
b0 I
b0 R
1)
b10000110101 E
b100 >
b110100110110 4
b10100010001 3
1(
b10100001110 9
b100101 +
#33830
0!
b1 Z
b1111101011 \
b11101011 X
b1101 U
b1111101011 J
b0 [
b0 W
b0 V
b0 7
b0 :
b1 .
b1 K
b1000011001100111 0
b1000011001100111 L
b110000011010010 1
b110000011010010 M
0*
b110100110111 6
0)
#33835
1)
b11001110000 F
b0 +
12
#33840
b110100111000 6
0)
#33845
1)
b11001110001 F
#33850
1!
b1 :
1*
b110100111001 6
0)
#33855
b1111101011 $
b1111101011 I
b1111101011 R
1)
b10000110110 E
b100 >
b110100111001 4
b10100010010 3
1(
b11 ?
b10100001111 9
02
#33860
b0 Z
b0 J
b0 \
b0 X
b0 U
b11111111111111111111111111101011 7
b0 .
b0 K
b0 0
b0 L
b0 1
b0 M
0/
b110100111010 6
0)
#33865
0"
0T
1)
0(
b1 ?
b1001011111 B
b10100010000 9
b1111101011 +
#33870
b11 Y
b1111111111 \
b11111111 X
b1111001111 J
b1111010000 [
b11010000 W
b1111 U
b110 V
b0 7
b0 <
b10 .
b10 K
b100000110000001 0
b100000110000001 L
b110010010001111 1
b110010010001111 M
1/
b110100111011 6
0)
#33875
1"
b1111001111 $
b1111001111 I
b1111001111 R
1T
1)
b1000110000 A
b100 >
b110100111011 4
1(
b10100010011 3
#33880
0!
b1 Z
b1000 \
b1000 X
b1111010000 J
b1111001000 [
b11001000 W
b1000 V
b11111111111111111111111111001111 7
b1 <
b0 :
b11 .
b11 K
b1000011101111000 0
b1000011101111000 L
b1000000111111111 1
b1000000111111111 M
0*
b110100111100 6
0)
#33885
1)
b11001110010 F
b1111001111 +
12
#33890
1!
b1 :
1*
b110100111101 6
0)
#33895
b1111010000 $
b1111010000 I
b1111010000 R
1)
b10000110111 E
b1000110001 A
b100 >
b110100111101 4
b10100010100 3
1(
b10 ?
b1001100000 B
b10100010001 9
02
#33900
b0 Z
b10 Y
b0 \
b0 X
b0 U
b1111101110 J
b1111101110 [
b11101110 W
b110 V
b11111111111111111111111111010000 7
b100 .
b100 K
b1010011011010110 0
b1010011011010110 L
b1011001000000 1
b1011001000000 M
b110100111110 6
0)
#33905
b1111101110 $
b1111101110 I
b1111101110 R
1)
b10000111000 E
b100 >
b110100111110 4
b10100010101 3
1(
b1 ?
b1001100001 B
b10100010010 9
b1111010000 +
#33910
b0 J
b0 [
b0 W
b0 V
b11111111111111111111111111101110 7
b0 .
b0 K
b0 0
b0 L
b0 1
b0 M
0/
b110100111111 6
0)
#33915
0"
0T
1)
0(
b1001100010 B
b10100010011 9
b1111101110 +
#33920
b0 7
b0 <
0*
b110101000000 6
0)
#33925
1)
#33930
b1 Z
b1111011000 \
b11011000 X
b1111010011 J
b1111111011 [
b11111011 W
b101 U
b1011 V
b101 .
b101 K
b11100000011000 0
b11100000011000 L
b1111101101011000 1
b1111101101011000 M
1/
b110101000001 6
0)
#33935
0!
1"
b1111010011 $
b1111010011 I
b1111010011 R
1T
1)
b1000110010 A
b100 >
b110101000001 4
1(
b10100010110 3
#33940
b0 Z
b0 \
b0 X
b0 U
b0 J
b0 [
b0 W
b0 V
b11111111111111111111111111010011 7
b1 <
b0 :
b0 .
b0 K
b0 0
b0 L
b0 1
b0 M
0/
b110101000010 6
0)
#33945
1)
b1111010011 +
12
#33950
b11 Y
b1111111111 \
b11111111 X
b111111 J
b1000000 [
b1000000 W
b1 U
b1000 V
b110 .
b110 K
b111110001111 0
b111110001111 L
b1000100000000001 1
b1000100000000001 M
1/
b110101000011 6
0)
#33955
1)
b11001110011 F
#33960
b110101000100 6
0)
#33965
1)
b11001110100 F
#33970
b110101000101 6
0)
#33975
1)
b11001110101 F
#33980
b110101000110 6
0)
#33985
1)
b11001110110 F
#33990
b110101000111 6
0)
#33995
1)
b11001110111 F
#34000
b110101001000 6
0)
#34005
1)
b11001111000 F
#34010
b110101001001 6
0)
#34015
1)
b11001111001 F
#34020
b110101001010 6
0)
#34025
1)
b11001111010 F
#34030
b110101001011 6
0)
#34035
1)
b11001111011 F
#34040
b110101001100 6
0)
#34045
1)
b11001111100 F
#34050
b110101001101 6
0)
#34055
1)
b11001111101 F
#34060
b110101001110 6
0)
#34065
1)
b11001111110 F
#34070
b110101001111 6
0)
#34075
1)
b11001111111 F
#34080
b110101010000 6
0)
#34085
1)
b11010000000 F
#34090
b110101010001 6
0)
#34095
1)
b11010000001 F
#34100
b110101010010 6
0)
#34105
1)
b11010000010 F
#34110
b110101010011 6
0)
#34115
1)
b11010000011 F
#34120
1!
b1 :
1*
b110101010100 6
0)
#34125
b111111 $
b111111 I
b111111 R
1)
b10000111001 E
b1000110100 A
b100 >
b110101010100 4
b10100010111 3
1(
b10011 ?
b1001100011 B
b10100010100 9
02
#34130
b1 Z
b11110 \
b11110 X
b1010 U
b111010 J
b11100 [
b11100 W
b100 V
b111111 7
b111 .
b111 K
b1010000001111011 0
b1010000001111011 L
b100011010100011 1
b100011010100011 M
b110101010101 6
0)
#34135
b111010 $
b111010 I
b111010 R
1)
b10000111010 E
b100 >
b110101010101 4
b10100011000 3
1(
b1 ?
b10100010101 9
b111111 +
#34140
b0 Z
b10 Y
b0 \
b0 X
b0 U
b0 J
b0 [
b0 W
b0 V
b111010 7
b0 .
b0 K
b0 0
b0 L
b0 1
b0 M
0/
b110101010110 6
0)
#34145
0"
0T
1)
0(
b10100010110 9
b111010 +
#34150
b1111110110 \
b11110110 X
b1111110010 J
b1111111100 [
b11111100 W
b1110 U
b1111 V
b0 7
b0 <
b1000 .
b1000 K
b1001101101000101 0
b1001101101000101 L
b1111100111110 1
b1111100111110 M
1/
b110101010111 6
0)
#34155
1"
b1111110010 $
b1111110010 I
b1111110010 R
1T
1)
b100 >
b110101010111 4
1(
b10100011001 3
#34160
b1 Z
b0 \
b0 X
b1000 U
b0 J
b0 [
b0 W
b111 V
b11111111111111111111111111110010 7
b1 <
b1001 .
b1001 K
b1111100000000000 0
b1111100000000000 L
b1011110000111 1
b1011110000111 M
b110101011000 6
0)
#34165
b0 $
b0 I
b0 R
1)
b10000111011 E
b1000110101 A
b1000100100 @
b100 >
b110101011000 4
b10100011010 3
1(
b1001100100 B
b10100010111 9
b1111110010 +
#34170
b0 Z
b11 Y
b1001 \
b1001 X
b10101 J
b1100 [
b1100 W
b11 U
b100 V
b0 7
b1010 .
b1010 K
b110111100110011 0
b110111100110011 L
b100010100110011 1
b100010100110011 M
b110101011001 6
0)
#34175
b10101 $
b10101 I
b10101 R
1)
b10000111100 E
b100 >
b110101011001 4
b10100011011 3
1(
b10100011000 9
b0 +
#34180
b10 Y
b0 \
b0 X
b0 U
b0 J
b0 [
b0 W
b0 V
b10101 7
b0 .
b0 K
b0 0
b0 L
b0 1
b0 M
0/
b110101011010 6
0)
#34185
0"
0T
1)
0(
b10100011001 9
b10101 +
#34190
b1 Z
b11 Y
b1111110111 \
b11110111 X
b1111101110 J
b1111110111 [
b11110111 W
b1101 U
b11 V
b0 7
b0 <
b1011 .
b1011 K
b110010111010011 0
b110010111010011 L
b11011011010010 1
b11011011010010 M
1/
b110101011011 6
0)
#34195
1"
b1111101110 $
b1111101110 I
b1111101110 R
1T
1)
b100 >
b110101011011 4
1(
b10100011100 3
#34200
b0 Z
b10 Y
b0 \
b0 X
b0 U
b1111111111 J
b1111111111 [
b11111111 W
b1111 V
b11111111111111111111111111101110 7
b1 <
b1100 .
b1100 K
b111000000011111 0
b111000000011111 L
b111111100000000 1
b111111100000000 M
b110101011100 6
0)
#34205
b1111111111 $
b1111111111 I
b1111111111 R
1)
b10000111101 E
b1000100101 @
b100 >
b110101011100 4
b10100011101 3
1(
b1001100101 B
b10100011010 9
b1111101110 +
#34210
0!
b1 Z
b100 [
b100 W
b1000 J
b100 \
b100 X
b1111 U
b11111111111111111111111111111111 7
b0 :
b1101 .
b1101 K
b1001101011001100 0
b1001101011001100 L
b100111111111010 1
b100111111111010 M
0*
b110101011101 6
0)
#34215
1)
b11010000100 F
b1111111111 +
12
#34220
1!
b1 :
1*
b110101011110 6
0)
#34225
b1000 $
b1000 I
b1000 R
1)
b10000111110 E
b100 >
b110101011110 4
b10100011110 3
1(
b10 ?
b1001100110 B
b10100011011 9
02
#34230
b0 Z
b0 \
b0 X
b0 U
b0 J
b0 [
b0 W
b0 V
b1000 7
b0 .
b0 K
b0 0
b0 L
b0 1
b0 M
0/
b110101011111 6
0)
#34235
0"
0T
1)
0(
b1 ?
b10100011100 9
b1000 +
#34240
b11 Y
b11 \
b11 X
b1111111001 J
b1111110110 [
b11110110 W
b1 U
b10 V
b0 7
b0 <
b1110 .
b1110 K
b100100110110011 0
b100100110110011 L
b10111101010001 1
b10111101010001 M
1/
b110101100000 6
0)
#34245
1"
b1111111001 $
b1111111001 I
b1111111001 R
1T
1)
b100 >
b110101100000 4
1(
b10100011111 3
#34250
b10 Y
b0 \
b0 X
b0 U
b0 J
b0 [
b0 W
b0 V
b11111111111111111111111111111001 7
b1 <
b0 .
b0 K
b0 0
b0 L
b0 1
b0 M
0/
b110101100001 6
0)
#34255
0"
0T
1)
0(
b1001100111 B
b10100011101 9
b1111111001 +
#34260
b1000 \
b1000 X
b1000 U
b1 Z
b11 Y
b111 J
b1111111111 [
b11111111 W
b1 V
b0 7
b0 <
b1111 .
b1111 K
b1000000011111111 0
b1000000011111111 L
b1000110000000 1
b1000110000000 M
1/
b110101100010 6
0)
#34265
1"
b111 $
b111 I
b111 R
1T
1)
b1000110110 A
b100 >
b110101100010 4
1(
b10100100000 3
#34270
b0 Z
b10 Y
b1111 \
b1111 X
b11 U
b11 J
b1111110100 [
b11110100 W
b11 V
b111 7
b1 <
b0 .
b0 K
b111100011000101 0
b111100011000101 L
b110001111100011 1
b110001111100011 M
b110101100011 6
0)
#34275
b11 $
b11 I
b11 R
1)
b10000111111 E
b100 >
b110101100011 4
b10100100001 3
1(
b10100011110 9
b111 +
#34280
b0 \
b0 X
b0 U
b0 J
b0 [
b0 W
b0 V
b11 7
b0 0
b0 L
b0 1
b0 M
0/
b110101100100 6
0)
#34285
0"
0T
1)
0(
b10100011111 9
b11 +
#34290
b1 Z
b0 \
b0 X
b10100 J
b10100 [
b10100 W
b0 U
b101 V
b0 7
b0 <
b1 .
b1 K
b1000010101000001 0
b1000010101000001 L
b11010100000100 1
b11010100000100 M
0*
1/
b110101100101 6
0)
#34295
0!
1"
b10100 $
b10100 I
b10100 R
1T
1)
b100 >
b110101100101 4
1(
b10100100010 3
#34300
1!
b0 Z
b11 Y
b1111111000 \
b11111000 X
b1000 U
b1111111001 J
b1 [
b1 W
b1 V
b10100 7
b1 <
b10 .
b10 K
b100010001 0
b100010001 L
b1100001111000 1
b1100001111000 M
1*
b110101100110 6
0)
#34305
b1111111001 $
b1111111001 I
b1111111001 R
1)
b10001000000 E
b1000100110 @
b1000111000 A
b100 >
b110101100110 4
b10100100011 3
1(
b10100100000 9
b10100 +
#34310
b1011 U
b1 Z
b100011 \
b100011 X
b1010100 J
b110001 [
b110001 W
b111 V
b11111111111111111111111111111001 7
b11 .
b11 K
b111001001111001 0
b111001001111001 L
b111100010111000 1
b111100010111000 M
b110101100111 6
0)
#34315
b1010100 $
b1010100 I
b1010100 R
1)
b10001000001 E
b1000100111 @
b1000111010 A
b100 >
b110101100111 4
b10100100100 3
1(
b1001101000 B
b10100100001 9
b1111111001 +
#34320
b0 Z
b10 Y
b1111011101 \
b11011101 X
b1001 U
b1111010111 J
b1111111010 [
b11111010 W
b1 V
b1010100 7
b100 .
b100 K
b1011000110100101 0
b1011000110100101 L
b1111000111111001 1
b1111000111111001 M
b110101101000 6
0)
#34325
b1111010111 $
b1111010111 I
b1111010111 R
1)
b10001000010 E
b100 >
b110101101000 4
b10100100101 3
1(
b10100100010 9
b1010100 +
#34330
0!
b1 Z
b0 \
b0 X
b0 U
b0 J
b0 [
b0 W
b111 V
b11111111111111111111111111010111 7
b0 :
b101 .
b101 K
b1000000001000 0
b1000000001000 L
b111011100000001 1
b111011100000001 M
0*
b110101101001 6
0)
#34335
1)
b11010000101 F
b1111010111 +
12
#34340
1!
b1 :
1*
b110101101010 6
0)
#34345
b0 $
b0 I
b0 R
1)
b10001000011 E
b1000101001 @
b100 >
b110101101010 4
b10100100110 3
1(
b10 ?
b1001101001 B
b10100100011 9
02
#34350
0!
b0 Z
b11 Y
b1111100010 [
b11100010 W
b1111010011 J
b1111110001 \
b11110001 X
b1101 U
b110 V
b0 7
b0 :
b110 .
b110 K
b1010101010110101 0
b1010101010110101 L
b110100110001101 1
b110100110001101 M
0*
b110101101011 6
0)
#34355
1)
b11010000110 F
b0 +
12
#34360
1!
b1 :
1*
b110101101100 6
0)
#34365
b1111010011 $
b1111010011 I
b1111010011 R
1)
b10001000100 E
b1000111011 A
b100 >
b110101101100 4
b10100100111 3
1(
b10100100100 9
02
#34370
b1 Z
b1111111010 \
b11111010 X
b10 U
b1111010000 J
b1111010110 [
b11010110 W
b111 V
b11111111111111111111111111010011 7
b111 .
b111 K
b1000011010101101 0
b1000011010101101 L
b111011100100011 1
b111011100100011 M
b110101101101 6
0)
#34375
b1111010000 $
b1111010000 I
b1111010000 R
1)
b10001000101 E
b1000101011 @
b100 >
b110101101101 4
b10100101000 3
1(
b1 ?
b1001101010 B
b10100100101 9
b1111010011 +
#34380
b0 Z
b10 Y
b1111111000 \
b11111000 X
b1000 U
b1111111111 J
b111 [
b111 W
b1 V
b11111111111111111111111111010000 7
b1000 .
b1000 K
b1111101110001 0
b1111101110001 L
b1000101111000 1
b1000101111000 M
b110101101110 6
0)
#34385
b1111111111 $
b1111111111 I
b1111111111 R
1)
b10001000110 E
b1000101100 @
b1000111100 A
b100 >
b110101101110 4
b10100101001 3
1(
b1001101011 B
b10100100110 9
b1111010000 +
#34390
b1 Z
b1111111010 \
b11111010 X
b10 U
b110 J
b1100 [
b1100 W
b1100 V
b11111111111111111111111111111111 7
b1001 .
b1001 K
b1100111011101 0
b1100111011101 L
b1000110000100101 1
b1000110000100101 M
b110101101111 6
0)
#34395
b110 $
b110 I
b110 R
1)
b10001000111 E
b1000111101 A
b100 >
b110101101111 4
b10100101010 3
1(
b1001101100 B
b10100100111 9
b1111111111 +
#34400
b0 Z
b11 Y
b1111101100 \
b11101100 X
b1011 U
b1111110101 J
b1001 [
b1001 W
b1101 V
b110 7
b1010 .
b1010 K
b1111101111010100 0
b1111101111010100 L
b1101001010011011 1
b1101001010011011 M
b110101110000 6
0)
#34405
b1111110101 $
b1111110101 I
b1111110101 R
1)
b10001001000 E
b100 >
b110101110000 4
b10100101011 3
1(
b10100101000 9
b110 +
#34410
b1 Z
b1111111000 \
b11111000 X
b1 U
b1111111111 J
b111 [
b111 W
b1 V
b11111111111111111111111111110101 7
b1011 .
b1011 K
b1111000 0
b1111000 L
b1100000010001 1
b1100000010001 M
b110101110001 6
0)
#34415
b1111111111 $
b1111111111 I
b1111111111 R
1)
b10001001001 E
b1000111110 A
b100 >
b110101110001 4
b10100101100 3
1(
b1001101101 B
b10100101001 9
b1111110101 +
#34420
b0 Z
b10 Y
b1111111010 \
b11111010 X
b1111 U
b1111111010 J
b0 [
b0 W
b0 V
b11111111111111111111111111111111 7
b1100 .
b1100 K
b110111011110110 0
b110111011110110 L
b1011000011001111 1
b1011000011001111 M
b110101110010 6
0)
#34425
b1111111010 $
b1111111010 I
b1111111010 R
1)
b10001001010 E
b100 >
b110101110010 4
b10100101101 3
1(
b1001101110 B
b10100101010 9
b1111111111 +
#34430
b1 Z
b10 \
b10 X
b1110 U
b101100 J
b101010 [
b101010 W
b1010 V
b11111111111111111111111111111010 7
b1101 .
b1101 K
b1010101110011111 0
b1010101110011111 L
b1100101011101011 1
b1100101011101011 M
b110101110011 6
0)
#34435
b101100 $
b101100 I
b101100 R
1)
b10001001011 E
b100 >
b110101110011 4
b10100101110 3
1(
b1001101111 B
b10100101011 9
b1111111010 +
#34440
0!
b0 Z
b11 Y
b1111001000 \
b11001000 X
b111 U
b1111001001 J
b1 [
b1 W
b1 V
b101100 7
b0 :
b1110 .
b1110 K
b111111100011000 0
b111111100011000 L
b1111100000111 1
b1111100000111 M
0*
b110101110100 6
0)
#34445
1)
b11010000111 F
b101100 +
12
#34450
b110101110101 6
0)
#34455
1)
b11010001000 F
#34460
b110101110110 6
0)
#34465
1)
b11010001001 F
#34470
b110101110111 6
0)
#34475
1)
b11010001010 F
#34480
b110101111000 6
0)
#34485
1)
b11010001011 F
#34490
b110101111001 6
0)
#34495
1)
b11010001100 F
#34500
b110101111010 6
0)
#34505
1)
b11010001101 F
#34510
b110101111011 6
0)
#34515
1)
b11010001110 F
#34520
b110101111100 6
0)
#34525
1)
b11010001111 F
#34530
b110101111101 6
0)
#34535
1)
b11010010000 F
#34540
b110101111110 6
0)
#34545
1)
b11010010001 F
#34550
b110101111111 6
0)
#34555
1)
b11010010010 F
#34560
b110110000000 6
0)
#34565
1)
b11010010011 F
#34570
b110110000001 6
0)
#34575
1)
b11010010100 F
#34580
b110110000010 6
0)
#34585
1)
b11010010101 F
#34590
b110110000011 6
0)
#34595
1)
b11010010110 F
#34600
b110110000100 6
0)
#34605
1)
b11010010111 F
#34610
b110110000101 6
0)
#34615
1)
b11010011000 F
#34620
1!
b1 :
1*
b110110000110 6
0)
#34625
b1111001001 $
b1111001001 I
b1111001001 R
1)
b10001001100 E
b1000101101 @
b100 >
b110110000110 4
b10100101111 3
1(
b10011 ?
b10100101100 9
02
#34630
b1 Z
b1111010110 \
b11010110 X
b1001 U
b1111000111 J
b1111110001 [
b11110001 W
b1011 V
b11111111111111111111111111001001 7
b1111 .
b1111 K
b1001010000110110 0
b1001010000110110 L
b1011011010010001 1
b1011011010010001 M
b110110000111 6
0)
#34635
b1111000111 $
b1111000111 I
b1111000111 R
1)
b10001001101 E
b100 >
b110110000111 4
b10100110000 3
1(
b1 ?
b1001110000 B
b10100101101 9
b1111001001 +
#34640
b0 Z
b10 Y
b1111100100 \
b11100100 X
b1100 U
b1111010101 J
b1111110001 [
b11110001 W
b101 V
b11111111111111111111111111000111 7
b0 .
b0 K
b100011111010111 0
b100011111010111 L
b1100010100011100 1
b1100010100011100 M
b110110001000 6
0)
#34645
b1111010101 $
b1111010101 I
b1111010101 R
1)
b10001001110 E
b100 >
b110110001000 4
b10100110001 3
1(
b1001110001 B
b10100101110 9
b1111000111 +
#34650
0!
b0 \
b0 X
b0 U
b0 J
b0 [
b0 W
b0 V
b11111111111111111111111111010101 7
b0 :
b0 0
b0 L
b0 1
b0 M
0*
0/
b110110001001 6
0)
#34655
1)
b1111010101 +
12
#34660
1!
b1 :
1*
b110110001010 6
0)
#34665
0"
0T
1)
0(
b10 ?
b1001110010 B
b10100101111 9
02
#34670
b0 7
b0 <
b110110001011 6
0)
#34675
1)
#34680
b1 Z
b1 V
b1 .
b1 K
b111000100000111 0
b111000100000111 L
b111000100000000 1
b111000100000000 M
1/
b110110001100 6
0)
#34685
1"
b0 $
b0 I
b0 R
1T
1)
b1000101110 @
b100 >
b110110001100 4
1(
b10100110010 3
#34690
b0 Z
b0 V
b1 <
b0 .
b0 K
b0 0
b0 L
b0 1
b0 M
0/
b110110001101 6
0)
#34695
0"
0T
1)
0(
b1 ?
b10100110000 9
b0 +
#34700
b11 Y
b111 \
b111 X
b100 J
b1111111101 [
b11111101 W
b1 U
b11 V
b0 <
b10 .
b10 K
b11001011110111 0
b11001011110111 L
b11010100000001 1
b11010100000001 M
1/
b110110001110 6
0)
#34705
1"
b100 $
b100 I
b100 R
1T
1)
b100 >
b110110001110 4
1(
b10100110011 3
#34710
b10 Y
b0 \
b0 X
b0 U
b0 J
b0 [
b0 W
b0 V
b100 7
b1 <
b0 .
b0 K
b0 0
b0 L
b0 1
b0 M
0/
b110110001111 6
0)
#34715
0"
0T
1)
0(
b10100110001 9
b100 +
#34720
b1 Z
b11 Y
b1111101110 \
b11101110 X
b1111110110 J
b1000 [
b1000 W
b1101 U
b1000 V
b0 7
b0 <
b11 .
b11 K
b100000011110110 0
b100000011110110 L
b1000011011010001 1
b1000011011010001 M
1/
b110110010000 6
0)
#34725
1"
b1111110110 $
b1111110110 I
b1111110110 R
1T
1)
b1000111111 A
b100 >
b110110010000 4
1(
b10100110100 3
#34730
b0 Z
b10 Y
b0 \
b0 X
b111 U
b0 J
b0 [
b0 W
b1 V
b11111111111111111111111111110110 7
b1 <
b100 .
b100 K
b1111011100000000 0
b1111011100000000 L
b1000110000111 1
b1000110000111 M
b110110010001 6
0)
#34735
b0 $
b0 I
b0 R
1)
b10001001111 E
b1001000000 A
b1000101111 @
b100 >
b110110010001 4
b10100110101 3
1(
b1001110011 B
b10100110010 9
b1111110110 +
#34740
0!
b1 Z
b101 \
b101 X
b1111110001 J
b1111101100 [
b11101100 W
b1011 U
b101 V
b0 7
b0 :
b101 .
b101 K
b110010111001111 0
b110010111001111 L
b10110110110 1
b10110110110 M
0*
b110110010010 6
0)
#34745
1)
b11010011001 F
b0 +
12
#34750
1!
b1 :
1*
b110110010011 6
0)
#34755
b1111110001 $
b1111110001 I
b1111110001 R
1)
b10001010000 E
b100 >
b110110010011 4
b10100110110 3
1(
b10 ?
b10100110011 9
02
#34760
0!
b0 Z
b11 Y
b1111111100 \
b11111100 X
b1100 U
b11111 J
b100011 [
b100011 W
b1011 V
b11111111111111111111111111110001 7
b0 :
b110 .
b110 K
b1100001010010001 0
b1100001010010001 L
b1011011000011100 1
b1011011000011100 M
0*
b110110010100 6
0)
#34765
1)
b11010011010 F
b1111110001 +
12
#34770
1!
b1 :
1*
b110110010101 6
0)
#34775
b11111 $
b11111 I
b11111 R
1)
b10001010001 E
b100 >
b110110010101 4
b10100110111 3
1(
b1001110100 B
b10100110100 9
02
#34780
b1 Z
b1 \
b1 X
b1 U
b10 J
b1 [
b1 W
b1111 V
b11111 7
b111 .
b111 K
b1111111110001 0
b1111111110001 L
b1111000000010000 1
b1111000000010000 M
b110110010110 6
0)
#34785
b10 $
b10 I
b10 R
1)
b10001010010 E
b100 >
b110110010110 4
b10100111000 3
1(
b1 ?
b10100110101 9
b11111 +
#34790
b0 Z
b10 Y
b1111110100 \
b11110100 X
b1110 U
b1111111000 J
b100 [
b100 W
b10 V
b10 7
b1000 .
b1000 K
b110100000100110 0
b110100000100110 L
b11001011001110 1
b11001011001110 M
b110110010111 6
0)
#34795
b1111111000 $
b1111111000 I
b1111111000 R
1)
b10001010011 E
b100 >
b110110010111 4
b10100111001 3
1(
b10100110110 9
b10 +
#34800
b1 Z
b1111010110 \
b11010110 X
b111 U
b1111011110 J
b1000 [
b1000 W
b1110 V
b11111111111111111111111111111000 7
b1001 .
b1001 K
b110100111001010 0
b110100111001010 L
b1000111001110110 1
b1000111001110110 M
b110110011000 6
0)
#34805
b1111011110 $
b1111011110 I
b1111011110 R
1)
b10001010100 E
b1001000001 A
b1000110000 @
b100 >
b110110011000 4
b10100111010 3
1(
b1001110101 B
b10100110111 9
b1111111000 +
#34810
b0 Z
b11 Y
b1111111111 \
b11111111 X
b1111 U
b110 J
b111 [
b111 W
b111 V
b11111111111111111111111111011110 7
b1010 .
b1010 K
b1111000000010001 0
b1111000000010001 L
b111000000011111 1
b111000000011111 M
b110110011001 6
0)
#34815
b110 $
b110 I
b110 R
1)
b10001010101 E
b1000110001 @
b100 >
b110110011001 4
b10100111011 3
1(
b1001110110 B
b10100111000 9
b1111011110 +
#34820
b1 Z
b1111101000 \
b11101000 X
b11 U
b1111111010 J
b10010 [
b10010 W
b110 V
b110 7
b1011 .
b1011 K
b111001100111000 0
b111001100111000 L
b110111000110101 1
b110111000110101 M
b110110011010 6
0)
#34825
b1111111010 $
b1111111010 I
b1111111010 R
1)
b10001010110 E
b100 >
b110110011010 4
b10100111100 3
1(
b10100111001 9
b110 +
#34830
0!
b0 Z
b10 Y
b1 \
b1 X
b1111 U
b1111111011 J
b1111111010 [
b11111010 W
b110 V
b11111111111111111111111111111010 7
b0 :
b1100 .
b1100 K
b1000011111111 0
b1000011111111 L
b1011011001011111 1
b1011011001011111 M
0*
b110110011011 6
0)
#34835
1)
b11010011011 F
b1111111010 +
12
#34840
1!
b1 :
1*
b110110011100 6
0)
#34845
b1111111011 $
b1111111011 I
b1111111011 R
1)
b10001010111 E
b100 >
b110110011100 4
b10100111101 3
1(
b10 ?
b1001110111 B
b10100111010 9
02
#34850
0!
b0 \
b0 X
b0 U
b0 J
b0 [
b0 W
b0 V
b11111111111111111111111111111011 7
b0 :
b0 .
b0 K
b0 0
b0 L
b0 1
b0 M
0*
0/
b110110011101 6
0)
#34855
1)
b1111111011 +
12
#34860
b1000 \
b1000 X
b1111 U
b1 Z
b1 J
b1111111001 [
b11111001 W
b1111 V
b1101 .
b1101 K
b1111111101111000 0
b1111111101111000 L
b1000111111110000 1
b1000111111110000 M
1/
b110110011110 6
0)
#34865
1)
b11010011100 F
#34870
1!
b1 :
1*
b110110011111 6
0)
#34875
b1 $
b1 I
b1 R
1)
b10001011000 E
b1001000010 A
b100 >
b110110011111 4
b10100111110 3
1(
b11 ?
b1001111000 B
b10100111011 9
02
#34880
b0 Z
b0 \
b0 X
b0 U
b0 J
b0 [
b0 W
b0 V
b1 7
b0 .
b0 K
b0 0
b0 L
b0 1
b0 M
0/
b110110100000 6
0)
#34885
0"
0T
1)
0(
b1 ?
b10100111100 9
b1 +
#34890
b11 Y
b11 \
b11 X
b1111110100 J
b1111110001 [
b11110001 W
b1111 U
b1101 V
b0 7
b0 <
b1110 .
b1110 K
b1101101001011101 0
b1101101001011101 L
b1101000100011111 1
b1101000100011111 M
1/
b110110100001 6
0)
#34895
1"
b1111110100 $
b1111110100 I
b1111110100 R
1T
1)
b100 >
b110110100001 4
1(
b10100111111 3
#34900
b10 Y
b0 \
b0 X
b0 U
b0 J
b0 [
b0 W
b0 V
b11111111111111111111111111110100 7
b1 <
b0 .
b0 K
b0 0
b0 L
b0 1
b0 M
0/
b110110100010 6
0)
#34905
0"
0T
1)
0(
b1001111001 B
b10100111101 9
b1111110100 +
#34910
b1 Z
b11 Y
b11 \
b11 X
b1111110001 J
b1111101110 [
b11101110 W
b11 U
b1010 V
b0 7
b0 <
b1111 .
b1111 K
b1100110100110001 0
b1100110100110001 L
b1010010000111111 1
b1010010000111111 M
1/
b110110100011 6
0)
#34915
1"
b1111110001 $
b1111110001 I
b1111110001 R
1T
1)
b100 >
b110110100011 4
1(
b10101000000 3
#34920
b0 Z
b10 Y
b111 \
b111 X
b1 U
b111000 J
b110001 [
b110001 W
b111 V
b11111111111111111111111111110001 7
b1 <
b0 .
b0 K
b1000011101110111 0
b1000011101110111 L
b11111110001 1
b11111110001 M
b110110100100 6
0)
#34925
b111000 $
b111000 I
b111000 R
1)
b10001011001 E
b1000110010 @
b100 >
b110110100100 4
b10101000001 3
1(
b1001111010 B
b10100111110 9
b1111110001 +
#34930
0!
b1 Z
b1111110010 \
b11110010 X
b111 U
b1111101010 J
b1111111000 [
b11111000 W
b1110 V
b111000 7
b0 :
b1 .
b1 K
b1110101101001110 0
b1110101101001110 L
b1111111001111101 1
b1111111001111101 M
0*
b110110100101 6
0)
#34935
1)
b11010011101 F
b111000 +
12
#34940
1!
b1 :
1*
b110110100110 6
0)
#34945
b1111101010 $
b1111101010 I
b1111101010 R
1)
b10001011010 E
b1000110011 @
b100 >
b110110100110 4
b10101000010 3
1(
b10 ?
b10100111111 9
02
#34950
b0 Z
b0 \
b0 X
b0 U
b0 J
b0 [
b0 W
b0 V
b11111111111111111111111111101010 7
b0 .
b0 K
b0 0
b0 L
b0 1
b0 M
0/
b110110100111 6
0)
#34955
0"
0T
1)
0(
b1 ?
b1001111011 B
b10101000000 9
b1111101010 +
#34960
b11 Y
b110 \
b110 X
b1111111111 J
b1111111001 [
b11111001 W
b10 U
b1111 V
b0 7
b0 <
b10 .
b10 K
b1111111001110011 0
b1111111001110011 L
b1111101101010010 1
b1111101101010010 M
1/
b110110101000 6
0)
#34965
1"
b1111111111 $
b1111111111 I
b1111111111 R
1T
1)
b100 >
b110110101000 4
1(
b10101000011 3
#34970
b10 Y
b0 \
b0 X
b0 U
b0 J
b0 [
b0 W
b0 V
b11111111111111111111111111111111 7
b1 <
b0 .
b0 K
b0 0
b0 L
b0 1
b0 M
0/
b110110101001 6
0)
#34975
0"
0T
1)
0(
b1001111100 B
b10101000001 9
b1111111111 +
#34980
b1 Z
b11 Y
b110001 J
b110001 [
b110001 W
b1 U
b111 V
b0 7
b0 <
b11 .
b11 K
b1000100001110000 0
b1000100001110000 L
b111000100010111 1
b111000100010111 M
0*
1/
b110110101010 6
0)
#34985
0!
1"
b110001 $
b110001 I
b110001 R
1T
1)
b1000110101 @
b100 >
b110110101010 4
1(
b10101000100 3
#34990
b0 Z
b10 Y
b101 U
b10100 J
b10100 [
b10100 W
b101 V
b110001 7
b1 <
b0 :
b100 .
b100 K
b111011101000000 0
b111011101000000 L
b100010111100101 1
b100010111100101 M
b110110101011 6
0)
#34995
1)
b11010011110 F
b110001 +
12
#35000
b110110101100 6
0)
#35005
1)
b11010011111 F
#35010
b110110101101 6
0)
#35015
1)
b11010100000 F
#35020
b110110101110 6
0)
#35025
1)
b11010100001 F
#35030
b110110101111 6
0)
#35035
1)
b11010100010 F
#35040
b110110110000 6
0)
#35045
1)
b11010100011 F
#35050
b110110110001 6
0)
#35055
1)
b11010100100 F
#35060
b110110110010 6
0)
#35065
1)
b11010100101 F
#35070
b110110110011 6
0)
#35075
1)
b11010100110 F
#35080
b110110110100 6
0)
#35085
1)
b11010100111 F
#35090
b110110110101 6
0)
#35095
1)
b11010101000 F
#35100
b110110110110 6
0)
#35105
1)
b11010101001 F
#35110
b110110110111 6
0)
#35115
1)
b11010101010 F
#35120
b110110111000 6
0)
#35125
1)
b11010101011 F
#35130
b110110111001 6
0)
#35135
1)
b11010101100 F
#35140
b110110111010 6
0)
#35145
1)
b11010101101 F
#35150
b110110111011 6
0)
#35155
1)
b11010101110 F
#35160
1!
b1 :
1*
b110110111100 6
0)
#35165
b10100 $
b10100 I
b10100 R
1)
b10001011011 E
b100 >
b110110111100 4
b10101000101 3
1(
b10010 ?
b10101000010 9
02
#35170
b0 U
b0 J
b0 [
b0 W
b0 V
b10100 7
b0 .
b0 K
b0 0
b0 L
b0 1
b0 M
0/
b110110111101 6
0)
#35175
0"
0T
1)
0(
b1 ?
b10101000011 9
b10100 +
#35180
b1 Z
b1111111000 \
b11111000 X
b1111100000 J
b1111101000 [
b11101000 W
b1100 U
b1000 V
b0 7
b0 <
b101 .
b101 K
b101000100110010 0
b101000100110010 L
b1011100011001110 1
b1011100011001110 M
0*
1/
b110110111110 6
0)
#35185
0!
1"
b1111100000 $
b1111100000 I
b1111100000 R
1T
1)
b1001000011 A
b100 >
b110110111110 4
1(
b10101000110 3
#35190
b0 Z
b11 Y
b0 \
b0 X
b0 U
b1111001000 J
b1111001000 [
b11001000 W
b111 V
b11111111111111111111111111100000 7
b1 <
b0 :
b110 .
b110 K
b110000111 0
b110000111 L
b111111100010000 1
b111111100010000 M
b110110111111 6
0)
#35195
1)
b11010101111 F
b1111100000 +
12
#35200
1!
b1 :
1*
b110111000000 6
0)
#35205
b1111001000 $
b1111001000 I
b1111001000 R
1)
b10001011100 E
b1000110110 @
b100 >
b110111000000 4
b10101000111 3
1(
b10 ?
b1001111101 B
b10101000100 9
02
#35210
0!
b1 Z
b1 \
b1 X
b1111 U
b11101 J
b11100 [
b11100 W
b1001 V
b11111111111111111111111111001000 7
b0 :
b111 .
b111 K
b11010011001111 0
b11010011001111 L
b1001111011110101 1
b1001111011110101 M
0*
b110111000001 6
0)
#35215
1)
b11010110000 F
b1111001000 +
12
#35220
1!
b1 :
1*
b110111000010 6
0)
#35225
b11101 $
b11101 I
b11101 R
1)
b10001011101 E
b100 >
b110111000010 4
b10101001000 3
1(
b1001111110 B
b10101000101 9
02
#35230
b0 Z
b10 Y
b1111111011 \
b11111011 X
b1111 U
b10 J
b111 [
b111 W
b1111 V
b11101 7
b1000 .
b1000 K
b1101110010010101 0
b1101110010010101 L
b110111110001111 1
b110111110001111 M
b110111000011 6
0)
#35235
b10 $
b10 I
b10 R
1)
b10001011110 E
b1001000100 A
b100 >
b110111000011 4
b10101001001 3
1(
b1 ?
b10101000110 9
b11101 +
#35240
b1 Z
b1000 [
b1000 W
b1111 J
b111 \
b111 X
b111 U
b10 7
b1001 .
b1001 K
b1111011110000001 0
b1111011110000001 L
b1111101110111 1
b1111101110111 M
b110111000100 6
0)
#35245
b1111 $
b1111 I
b1111 R
1)
b10001011111 E
b1000111000 @
b100 >
b110111000100 4
b10101001010 3
1(
b10101000111 9
b10 +
#35250
b0 Z
b11 Y
b100000 \
b100000 X
b1100 U
b1011 J
b1111101011 [
b11101011 W
b11 V
b1111 7
b1010 .
b1010 K
b1110011000 0
b1110011000 L
b11011000101100 1
b11011000101100 M
b110111000101 6
0)
#35255
b1011 $
b1011 I
b1011 R
1)
b10001100000 E
b100 >
b110111000101 4
b10101001011 3
1(
b10101001000 9
b1111 +
#35260
b10 Y
b0 \
b0 X
b0 U
b0 J
b0 [
b0 W
b0 V
b1011 7
b0 .
b0 K
b0 0
b0 L
b0 1
b0 M
0/
b110111000110 6
0)
#35265
0"
0T
1)
0(
b10101001001 9
b1011 +
#35270
b1 Z
b11 Y
b1111110001 \
b11110001 X
b1111011101 J
b1111101100 [
b11101100 W
b1101 U
b101 V
b0 7
b0 <
b1011 .
b1011 K
b1100100011000101 0
b1100100011000101 L
b101101111010101 1
b101101111010101 M
1/
b110111000111 6
0)
#35275
1"
b1111011101 $
b1111011101 I
b1111011101 R
1T
1)
b100 >
b110111000111 4
1(
b10101001100 3
#35280
b0 Z
b10 Y
b0 \
b0 X
b0 U
b111 J
b111 [
b111 W
b111 V
b11111111111111111111111111011101 7
b1 <
b1100 .
b1100 K
b1000011100011111 0
b1000011100011111 L
b111011101110000 1
b111011101110000 M
b110111001000 6
0)
#35285
b111 $
b111 I
b111 R
1)
b10001100001 E
b1000111011 @
b100 >
b110111001000 4
b10101001101 3
1(
b1001111111 B
b10101001010 9
b1111011101 +
#35290
b1 Z
b1010 \
b1010 X
b101 U
b1111110001 J
b1111100111 [
b11100111 W
b101 V
b111 7
b1101 .
b1101 K
b110110110010 0
b110110110010 L
b101010101011101 1
b101010101011101 M
b110111001001 6
0)
#35295
b1111110001 $
b1111110001 I
b1111110001 R
1)
b10001100010 E
b100 >
b110111001001 4
b10101001110 3
1(
b10101001011 9
b111 +
#35300
b0 Z
b11 Y
b1000 \
b1000 X
b1110 U
b1111100101 J
b1111011101 [
b11011101 W
b1001 V
b11111111111111111111111111110001 7
b1110 .
b1110 K
b1110101011100 0
b1110101011100 L
b1001000000011110 1
b1001000000011110 M
b110111001010 6
0)
#35305
b1111100101 $
b1111100101 I
b1111100101 R
1)
b10001100011 E
b100 >
b110111001010 4
b10101001111 3
1(
b1010000000 B
b10101001100 9
b1111110001 +
#35310
b10 Y
b0 \
b0 X
b0 U
b0 J
b0 [
b0 W
b0 V
b11111111111111111111111111100101 7
b0 .
b0 K
b0 0
b0 L
b0 1
b0 M
0/
b110111001011 6
0)
#35315
0"
0T
1)
0(
b1010000001 B
b10101001101 9
b1111100101 +
#35320
b1111111001 \
b11111001 X
b111 U
b1 Z
b11 Y
b1 J
b1000 [
b1000 W
b1000 V
b0 7
b0 <
b1111 .
b1111 K
b1000111111111111 0
b1000111111111111 L
b1000111101110000 1
b1000111101110000 M
1/
b110111001100 6
0)
#35325
1"
b1 $
b1 I
b1 R
1T
1)
b1001000101 A
b1000111100 @
b100 >
b110111001100 4
1(
b10101010000 3
#35330
0!
b0 Z
b10 Y
b110 \
b110 X
b1110 U
b110 J
b0 [
b0 W
b0 V
b1 7
b1 <
b0 :
b0 .
b0 K
b10011110011101 0
b10011110011101 L
b1011110 1
b1011110 M
0*
b110111001101 6
0)
#35335
1)
b11010110001 F
b1 +
12
#35340
1!
b1 :
1*
b110111001110 6
0)
#35345
b110 $
b110 I
b110 R
1)
b10001100100 E
b100 >
b110111001110 4
b10101010001 3
1(
b10 ?
b10101001110 9
02
#35350
b1 Z
b10100 \
b10100 X
b1100 U
b1111101010 J
b1111010110 [
b11010110 W
b111 V
b110 7
b1 .
b1 K
b10010101011 0
b10010101011 L
b1011111000101 1
b1011111000101 M
b110111001111 6
0)
#35355
b1111101010 $
b1111101010 I
b1111101010 R
1)
b10001100101 E
b1000111101 @
b100 >
b110111001111 4
b10101010010 3
1(
b1 ?
b10101001111 9
b110 +
#35360
b0 Z
b11 Y
b0 \
b0 X
b1 U
b1000 J
b1000 [
b1000 W
b1000 V
b11111111111111111111111111101010 7
b10 .
b10 K
b111111111110000 0
b111111111110000 L
b1000000101110001 1
b1000000101110001 M
b110111010000 6
0)
#35365
b1000 $
b1000 I
b1000 R
1)
b10001100110 E
b1001000110 A
b1000111110 @
b100 >
b110111010000 4
b10101010011 3
1(
b1010000010 B
b10101010000 9
b1111101010 +
#35370
0!
b1 Z
b110001 \
b110001 X
b1001 U
b1001010 J
b11001 [
b11001 W
b1011 V
b1000 7
b0 :
b11 .
b11 K
b101010010111001 0
b101010010111001 L
b1011000110010110 1
b1011000110010110 M
0*
b110111010001 6
0)
#35375
1)
b11010110010 F
b1000 +
12
#35380
b110111010010 6
0)
#35385
1)
b11010110011 F
#35390
b110111010011 6
0)
#35395
1)
b11010110100 F
#35400
b110111010100 6
0)
#35405
1)
b11010110101 F
#35410
1!
b1 :
1*
b110111010101 6
0)
#35415
b1001010 $
b1001010 I
b1001010 R
1)
b10001100111 E
b100 >
b110111010101 4
b10101010100 3
1(
b101 ?
b10101010001 9
02
#35420
b0 Z
b10 Y
b0 \
b0 X
b0 U
b0 J
b0 [
b0 W
b0 V
b1001010 7
b0 .
b0 K
b0 0
b0 L
b0 1
b0 M
0/
b110111010110 6
0)
#35425
0"
0T
1)
0(
b1 ?
b10101010010 9
b1001010 +
#35430
b1111101100 \
b11101100 X
b1111100111 J
b1111111011 [
b11111011 W
b1100 U
b1 V
b0 7
b0 <
b100 .
b100 K
b100101110110101 0
b100101110110101 L
b10000101111100 1
b10000101111100 M
0*
1/
b110111010111 6
0)
#35435
0!
1"
b1111100111 $
b1111100111 I
b1111100111 R
1T
1)
b1000111111 @
b100 >
b110111010111 4
1(
b10101010101 3
#35440
1!
b1 Z
b1111111001 \
b11111001 X
b1111 U
b1111111001 J
b0 [
b0 W
b0 V
b11111111111111111111111111100111 7
b1 <
b101 .
b101 K
b1000000111110111 0
b1000000111110111 L
b1000011110000 1
b1000011110000 M
1*
b110111011000 6
0)
#35445
b1111111001 $
b1111111001 I
b1111111001 R
1)
b10001101000 E
b100 >
b110111011000 4
b10101010110 3
1(
b1010000011 B
b10101010011 9
b1111100111 +
#35450
b0 Z
b11 Y
b11001 \
b11001 X
b101 U
b1111110001 J
b1111011000 [
b11011000 W
b1000 V
b11111111111111111111111111111001 7
b110 .
b110 K
b1000111101010101 0
b1000111101010101 L
b1000001100110101 1
b1000001100110101 M
b110111011001 6
0)
#35455
b1111110001 $
b1111110001 I
b1111110001 R
1)
b10001101001 E
b1001000111 A
b100 >
b110111011001 4
b10101010111 3
1(
b1010000100 B
b10101010100 9
b1111111001 +
#35460
0!
b10 Y
b0 \
b0 X
b0 U
b0 J
b0 [
b0 W
b0 V
b11111111111111111111111111110001 7
b0 :
b0 .
b0 K
b0 0
b0 L
b0 1
b0 M
0*
0/
b110111011010 6
0)
#35465
1)
b1111110001 +
12
#35470
1!
b1 Z
b11 Y
b1000 \
b1000 X
b1100 J
b100 [
b100 W
b1110 U
b10 V
b1 :
b111 .
b111 K
b101111100101100 0
b101111100101100 L
b10110111100101 1
b10110111100101 M
1*
1/
b110111011011 6
0)
#35475
b1100 $
b1100 I
b1100 R
1)
b10001101010 E
b100 >
b110111011011 4
b10101011000 3
1(
b10 ?
b1010000101 B
b10101010101 9
02
#35480
0!
b0 Z
b10 Y
b0 \
b0 X
b0 U
b0 J
b0 [
b0 W
b0 V
b1100 7
b0 :
b0 .
b0 K
b0 0
b0 L
b0 1
b0 M
0*
0/
b110111011100 6
0)
#35485
1)
b1100 +
12
#35490
1!
b1000 \
b1000 X
b1111 J
b111 [
b111 W
b1000 U
b111 V
b1 :
b1000 .
b1000 K
b111111100011111 0
b111111100011111 L
b111011100011000 1
b111011100011000 M
1*
1/
b110111011101 6
0)
#35495
b1111 $
b1111 I
b1111 R
1)
b10001101011 E
b1001000001 @
b1001001000 A
b100 >
b110111011101 4
b10101011001 3
1(
b10101010110 9
02
#35500
b1 Z
b1111100100 \
b11100100 X
b1001 U
b1111110000 J
b1100 [
b1100 W
b11 V
b1111 7
b1001 .
b1001 K
b1001101000100 0
b1001101000100 L
b11001110011110 1
b11001110011110 M
b110111011110 6
0)
#35505
b1111110000 $
b1111110000 I
b1111110000 R
1)
b10001101100 E
b100 >
b110111011110 4
b10101011010 3
1(
b1 ?
b10101010111 9
b1111 +
#35510
0!
b0 Z
b11 Y
b10101 \
b10101 X
b11 U
b10101 J
b0 [
b0 W
b0 V
b11111111111111111111111111110000 7
b0 :
b1010 .
b1010 K
b1110100000010111 0
b1110100000010111 L
b11100010011 1
b11100010011 M
0*
b110111011111 6
0)
#35515
1)
b11010110110 F
b1111110000 +
12
#35520
b110111100000 6
0)
#35525
1)
b11010110111 F
#35530
b110111100001 6
0)
#35535
1)
b11010111000 F
#35540
b110111100010 6
0)
#35545
1)
b11010111001 F
#35550
b110111100011 6
0)
#35555
1)
b11010111010 F
#35560
b110111100100 6
0)
#35565
1)
b11010111011 F
#35570
b110111100101 6
0)
#35575
1)
b11010111100 F
#35580
b110111100110 6
0)
#35585
1)
b11010111101 F
#35590
b110111100111 6
0)
#35595
1)
b11010111110 F
#35600
b110111101000 6
0)
#35605
1)
b11010111111 F
#35610
b110111101001 6
0)
#35615
1)
b11011000000 F
#35620
b110111101010 6
0)
#35625
1)
b11011000001 F
#35630
b110111101011 6
0)
#35635
1)
b11011000010 F
#35640
b110111101100 6
0)
#35645
1)
b11011000011 F
#35650
b110111101101 6
0)
#35655
1)
b11011000100 F
#35660
b110111101110 6
0)
#35665
1)
b11011000101 F
#35670
b110111101111 6
0)
#35675
1)
b11011000110 F
#35680
1!
b1 :
1*
b110111110000 6
0)
#35685
b10101 $
b10101 I
b10101 R
1)
b10001101101 E
b1001000010 @
b100 >
b110111110000 4
b10101011011 3
1(
b10010 ?
b1010000110 B
b10101011000 9
02
#35690
0!
b10 Y
b0 J
b0 \
b0 X
b0 U
b10101 7
b0 :
b0 .
b0 K
b0 0
b0 L
b0 1
b0 M
0*
0/
b110111110001 6
0)
#35695
1)
b10101 +
12
#35700
1!
b1 :
1*
b110111110010 6
0)
#35705
0"
0T
1)
0(
b10 ?
b10101011001 9
02
#35710
b1 Z
b1000 [
b1000 W
b1000 V
b11 Y
b1001000 J
b1000000 \
b1000000 X
b1000 U
b0 7
b0 <
b1011 .
b1011 K
b111111111000 0
b111111111000 L
b1000000010000001 1
b1000000010000001 M
0*
1/
b110111110011 6
0)
#35715
0!
1"
b1001000 $
b1001000 I
b1001000 R
1T
1)
b1001001010 A
b100 >
b110111110011 4
1(
b10101011100 3
#35720
1!
b1001 U
b0 Z
b10 Y
b1111110010 \
b11110010 X
b1111110010 J
b0 [
b0 W
b1011 V
b1001000 7
b1 <
b1100 .
b1100 K
b1111101000000010 0
b1111101000000010 L
b1001101110001001 1
b1001101110001001 M
1*
b110111110100 6
0)
#35725
b1111110010 $
b1111110010 I
b1111110010 R
1)
b10001101110 E
b1001001011 A
b100 >
b110111110100 4
b10101011101 3
1(
b1 ?
b10101011010 9
b1001000 +
#35730
b1 Z
b100100 [
b100100 W
b1001110 J
b101010 \
b101010 X
b111 U
b1010 V
b11111111111111111111111111110010 7
b1101 .
b1101 K
b1001100010100110 0
b1001100010100110 L
b1101001110101 1
b1101001110101 M
b110111110101 6
0)
#35735
b1001110 $
b1001110 I
b1001110 R
1)
b10001101111 E
b1001000011 @
b100 >
b110111110101 4
b10101011110 3
1(
b1010000111 B
b10101011011 9
b1111110010 +
#35740
b0 Z
b11 Y
b0 \
b0 X
b1111 U
b0 J
b0 [
b0 W
b0 V
b1001110 7
b1110 .
b1110 K
b1000111101110000 0
b1000111101110000 L
b111100011111 1
b111100011111 M
b110111110110 6
0)
#35745
b0 $
b0 I
b0 R
1)
b10001110000 E
b100 >
b110111110110 4
b10101011111 3
1(
b10101011100 9
b1001110 +
#35750
0!
b1111101000 \
b11101000 X
b1 Z
b1100 U
b1111110000 J
b1000 [
b1000 W
b100 V
b0 7
b0 :
b1111 .
b1111 K
b10010100100110 0
b10010100100110 L
b100111011000000 1
b100111011000000 M
0*
b110111110111 6
0)
#35755
1)
b11011000111 F
b0 +
12
#35760
1!
b1 :
1*
b110111111000 6
0)
#35765
b1111110000 $
b1111110000 I
b1111110000 R
1)
b10001110001 E
b100 >
b110111111000 4
b10101100000 3
1(
b10 ?
b10101011101 9
02
#35770
b0 Z
b10 Y
b0 \
b0 X
b110 U
b0 J
b0 [
b0 W
b1101 V
b11111111111111111111111111110000 7
b0 .
b0 K
b1101000000000000 0
b1101000000000000 L
b11110100000110 1
b11110100000110 M
b110111111001 6
0)
#35775
b0 $
b0 I
b0 R
1)
b10001110010 E
b100 >
b110111111001 4
b10101100001 3
1(
b1 ?
b1010001000 B
b10101011110 9
b1111110000 +
#35780
0!
b1 Z
b1111111000 J
b1111111000 [
b11111000 W
b1111 U
b1 V
b0 7
b0 :
b1 .
b1 K
b1000111110000000 0
b1000111110000000 L
b111111000 1
b111111000 M
0*
b110111111010 6
0)
#35785
1)
b11011001000 F
b0 +
12
#35790
b110111111011 6
0)
#35795
1)
b11011001001 F
#35800
1!
b1 :
1*
b110111111100 6
0)
#35805
b1111111000 $
b1111111000 I
b1111111000 R
1)
b10001110011 E
b1001001100 A
b100 >
b110111111100 4
b10101100010 3
1(
b11 ?
b10101011111 9
02
#35810
0!
b0 Z
b11 Y
b100100 \
b100100 X
b110 U
b100100 J
b0 [
b0 W
b0 V
b11111111111111111111111111111000 7
b0 :
b10 .
b10 K
b1000100110110 0
b1000100110110 L
b100000010110 1
b100000010110 M
0*
b110111111101 6
0)
#35815
1)
b11011001010 F
b1111111000 +
12
#35820
b110111111110 6
0)
#35825
1)
b11011001011 F
#35830
1!
b1 :
1*
b110111111111 6
0)
#35835
b100100 $
b100100 I
b100100 R
1)
b10001110100 E
b1001001101 A
b100 >
b110111111111 4
b10101100011 3
1(
b1010001001 B
b10101100000 9
02
#35840
0!
b1 Z
b11001 \
b11001 X
b1011 U
b11001 J
b0 [
b0 W
b1101 V
b100100 7
b0 :
b11 .
b11 K
b100111000001011 0
b100111000001011 L
b1101001010110001 1
b1101001010110001 M
0*
b111000000000 6
0)
#35845
1)
b11011001100 F
b100100 +
12
#35850
b111000000001 6
0)
#35855
1)
b11011001101 F
#35860
1!
b1 :
1*
b111000000010 6
0)
#35865
b11001 $
b11001 I
b11001 R
1)
b10001110101 E
b100 >
b111000000010 4
b10101100100 3
1(
b10101100001 9
02
#35870
0!
b0 Z
b10 Y
b0 [
b0 W
b0 J
b0 \
b0 X
b0 U
b0 V
b11001 7
b0 :
b100 .
b100 K
b1111111110001000 0
b1111111110001000 L
b1111000001110000 1
b1111000001110000 M
0*
b111000000011 6
0)
#35875
1)
b11011001110 F
b11001 +
12
#35880
1!
b1 :
1*
b111000000100 6
0)
#35885
b0 $
b0 I
b0 R
1)
b10001110110 E
b1001000100 @
b100 >
b111000000100 4
b10101100101 3
1(
b10 ?
b10101100010 9
02
#35890
0!
b1 Z
b110 \
b110 X
b1101 U
b101001 J
b100011 [
b100011 W
b101 V
b0 7
b0 :
b101 .
b101 K
b1000001001111110 0
b1000001001111110 L
b1000010111011000 1
b1000010111011000 M
0*
b111000000101 6
0)
#35895
1)
b11011001111 F
b0 +
12
#35900
b111000000110 6
0)
#35905
1)
b11011010000 F
#35910
1!
b1 :
1*
b111000000111 6
0)
#35915
b101001 $
b101001 I
b101001 R
1)
b10001110111 E
b1001001111 A
b100 >
b111000000111 4
b10101100110 3
1(
b11 ?
b10101100011 9
02
#35920
b0 Z
b11 Y
b1111101011 \
b11101011 X
b111 U
b1111000001 J
b1111010110 [
b11010110 W
b110 V
b101001 7
b110 .
b110 K
b11011110011101 0
b11011110011101 L
b110011111100111 1
b110011111100111 M
b111000001000 6
0)
#35925
b1111000001 $
b1111000001 I
b1111000001 R
1)
b10001111000 E
b1001000110 @
b100 >
b111000001000 4
b10101100111 3
1(
b1 ?
b10101100100 9
b101001 +
#35930
0!
b1 Z
b1000 \
b1000 X
b1111 U
b1111 J
b111 [
b111 W
b1 V
b11111111111111111111111111000001 7
b0 :
b111 .
b111 K
b11101111000 0
b11101111000 L
b1011111111000 1
b1011111111000 M
0*
b111000001001 6
0)
#35935
1)
b11011010001 F
b1111000001 +
12
#35940
1!
b1 :
1*
b111000001010 6
0)
#35945
b1111 $
b1111 I
b1111 R
1)
b10001111001 E
b1001000111 @
b1001010000 A
b100 >
b111000001010 4
b10101101000 3
1(
b10 ?
b1010001010 B
b10101100101 9
02
#35950
b0 Z
b10 Y
b1111010000 \
b11010000 X
b110 U
b1111011000 J
b1000 [
b1000 W
b10 V
b1111 7
b1000 .
b1000 K
b1110101101001000 0
b1110101101001000 L
b10001011100110 1
b10001011100110 M
b111000001011 6
0)
#35955
b1111011000 $
b1111011000 I
b1111011000 R
1)
b10001111010 E
b100 >
b111000001011 4
b10101101001 3
1(
b1 ?
b10101100110 9
b1111 +
#35960
b1 Z
b1010 \
b1010 X
b10 U
b10010 J
b1000 [
b1000 W
b100 V
b11111111111111111111111111011000 7
b1001 .
b1001 K
b11001000100101 0
b11001000100101 L
b1100010000100000 1
b1100010000100000 M
b111000001100 6
0)
#35965
b10010 $
b10010 I
b10010 R
1)
b10001111011 E
b100 >
b111000001100 4
b10101101010 3
1(
b1010001011 B
b10101100111 9
b1111011000 +
#35970
b0 Z
b11 Y
b1 \
b1 X
b1 U
b1 J
b0 [
b0 W
b1000 V
b10010 7
b1010 .
b1010 K
b111000000000001 0
b111000000000001 L
b1000000101110001 1
b1000000101110001 M
b111000001101 6
0)
#35975
b1 $
b1 I
b1 R
1)
b10001111100 E
b1001010001 A
b1001001000 @
b100 >
b111000001101 4
b10101101011 3
1(
b10101101000 9
b10010 +
#35980
b1 Z
b1111111101 [
b11111101 W
b1111110001 J
b1111110100 \
b11110100 X
b1010 U
b1101 V
b1 7
b1011 .
b1011 K
b1000000010010 0
b1000000010010 L
b1101100110101011 1
b1101100110101011 M
b111000001110 6
0)
#35985
b1111110001 $
b1111110001 I
b1111110001 R
1)
b10001111101 E
b100 >
b111000001110 4
b10101101100 3
1(
b10101101001 9
b1 +
#35990
0!
b0 Z
b10 Y
b1111101000 \
b11101000 X
b1010 U
b1111000000 J
b1111011000 [
b11011000 W
b101 V
b11111111111111111111111111110001 7
b0 :
b1100 .
b1100 K
b11011110000100 0
b11011110000100 L
b111010100111010 1
b111010100111010 M
0*
b111000001111 6
0)
#35995
1)
b11011010010 F
b1111110001 +
12
#36000
1!
b1 :
1*
b111000010000 6
0)
#36005
b1111000000 $
b1111000000 I
b1111000000 R
1)
b10001111110 E
b1001001001 @
b100 >
b111000010000 4
b10101101101 3
1(
b10 ?
b1010001100 B
b10101101010 9
02
#36010
0!
b1 Z
b1111001000 \
b11001000 X
b111 U
b1110010000 J
b1111001000 [
b11001000 W
b111 V
b11111111111111111111111111000000 7
b0 :
b1101 .
b1101 K
b1000000010001000 0
b1000000010001000 L
b111011101111000 1
b111011101111000 M
0*
b111000010001 6
0)
#36015
1)
b11011010011 F
b1111000000 +
12
#36020
1!
b1 :
1*
b111000010010 6
0)
#36025
b1110010000 $
b1110010000 I
b1110010000 R
1)
b10001111111 E
b1001001100 @
b1001010010 A
b100 >
b111000010010 4
b10101101110 3
1(
b1010001101 B
b10101101011 9
02
#36030
b0 Z
b11 Y
b111 \
b111 X
b1001 U
b1111101001 J
b1111100010 [
b11100010 W
b1011 V
b11111111111111111111111110010000 7
b1110 .
b1110 K
b1000000101101111 0
b1000000101101111 L
b1011101001011001 1
b1011101001011001 M
b111000010011 6
0)
#36035
b1111101001 $
b1111101001 I
b1111101001 R
1)
b10010000000 E
b100 >
b111000010011 4
b10101101111 3
1(
b1 ?
b1010001110 B
b10101101100 9
b1110010000 +
#36040
0!
b1 Z
b1111111100 \
b11111100 X
b1 U
b1111111100 J
b0 [
b0 W
b0 V
b11111111111111111111111111101001 7
b0 :
b1111 .
b1111 K
b1111001101001100 0
b1111001101001100 L
b101100010101 1
b101100010101 M
0*
b111000010100 6
0)
#36045
1)
b11011010100 F
b1111101001 +
12
#36050
b111000010101 6
0)
#36055
1)
b11011010101 F
#36060
b111000010110 6
0)
#36065
1)
b11011010110 F
#36070
b111000010111 6
0)
#36075
1)
b11011010111 F
#36080
b111000011000 6
0)
#36085
1)
b11011011000 F
#36090
b111000011001 6
0)
#36095
1)
b11011011001 F
#36100
b111000011010 6
0)
#36105
1)
b11011011010 F
#36110
b111000011011 6
0)
#36115
1)
b11011011011 F
#36120
b111000011100 6
0)
#36125
1)
b11011011100 F
#36130
b111000011101 6
0)
#36135
1)
b11011011101 F
#36140
b111000011110 6
0)
#36145
1)
b11011011110 F
#36150
b111000011111 6
0)
#36155
1)
b11011011111 F
#36160
b111000100000 6
0)
#36165
1)
b11011100000 F
#36170
b111000100001 6
0)
#36175
1)
b11011100001 F
#36180
b111000100010 6
0)
#36185
1)
b11011100010 F
#36190
b111000100011 6
0)
#36195
1)
b11011100011 F
#36200
b111000100100 6
0)
#36205
1)
b11011100100 F
#36210
b111000100101 6
0)
#36215
1)
b11011100101 F
#36220
1!
b1 :
1*
b111000100110 6
0)
#36225
b1111111100 $
b1111111100 I
b1111111100 R
1)
b10010000001 E
b100 >
b111000100110 4
b10101110000 3
1(
b10011 ?
b1010001111 B
b10101101101 9
02
#36230
0!
b0 Z
b10 Y
b0 \
b0 X
b0 U
b1 J
b1 [
b1 W
b1 V
b11111111111111111111111111111100 7
b0 :
b0 .
b0 K
b1100000010000 0
b1100000010000 L
b1000000110000000 1
b1000000110000000 M
0*
b111000100111 6
0)
#36235
1)
b11011100110 F
b1111111100 +
12
#36240
b111000101000 6
0)
#36245
1)
b11011100111 F
#36250
b111000101001 6
0)
#36255
1)
b11011101000 F
#36260
1!
b1 :
1*
b111000101010 6
0)
#36265
b1 $
b1 I
b1 R
1)
b10010000010 E
b1001010100 A
b100 >
b111000101010 4
b10101110001 3
1(
b100 ?
b1010010000 B
b10101101110 9
02
#36270
0!
b1 Z
b100011 \
b100011 X
b101 U
b100111 J
b100 [
b100 W
b10 V
b1 7
b0 :
b1 .
b1 K
b1111101000100111 0
b1111101000100111 L
b1111001001010001 1
b1111001001010001 M
0*
b111000101011 6
0)
#36275
1)
b11011101001 F
b1 +
12
#36280
b111000101100 6
0)
#36285
1)
b11011101010 F
#36290
1!
b1 :
1*
b111000101101 6
0)
#36295
b100111 $
b100111 I
b100111 R
1)
b10010000011 E
b100 >
b111000101101 4
b10101110010 3
1(
b11 ?
b10101101111 9
02
#36300
b0 Z
b0 \
b0 X
b0 U
b0 J
b0 [
b0 W
b0 V
b100111 7
b0 .
b0 K
b0 0
b0 L
b0 1
b0 M
0/
b111000101110 6
0)
#36305
0"
0T
1)
0(
b1 ?
b10101110000 9
b100111 +
#36310
b11 Y
b1000 \
b1000 X
b1000 J
b0 [
b0 W
b1110 U
b0 V
b0 7
b0 <
b10 .
b10 K
b1111101111011100 0
b1111101111011100 L
b100000101110 1
b100000101110 M
0*
1/
b111000101111 6
0)
#36315
0!
1"
b1000 $
b1000 I
b1000 R
1T
1)
b1001010101 A
b100 >
b111000101111 4
1(
b10101110011 3
#36320
b1 Z
b0 \
b0 X
b0 U
b1111111111 J
b1111111111 [
b11111111 W
b1 V
b1000 7
b1 <
b0 :
b11 .
b11 K
b111100011110001 0
b111100011110001 L
b1111100000000 1
b1111100000000 M
b111000110000 6
0)
#36325
1)
b11011101011 F
b1000 +
12
#36330
b111000110001 6
0)
#36335
1)
b11011101100 F
#36340
1!
b1 :
1*
b111000110010 6
0)
#36345
b1111111111 $
b1111111111 I
b1111111111 R
1)
b10010000100 E
b100 >
b111000110010 4
b10101110100 3
1(
b11 ?
b10101110001 9
02
#36350
b0 Z
b10 Y
b1111111001 \
b11111001 X
b1001 U
b1111110010 J
b1111111001 [
b11111001 W
b1001 V
b11111111111111111111111111111111 7
b100 .
b100 K
b101100000010001 0
b101100000010001 L
b1000100111101001 1
b1000100111101001 M
b111000110011 6
0)
#36355
b1111110010 $
b1111110010 I
b1111110010 R
1)
b10010000101 E
b1001010110 A
b100 >
b111000110011 4
b10101110101 3
1(
b1 ?
b1010010001 B
b10101110010 9
b1111111111 +
#36360
0!
b1 Z
b1110 \
b1110 X
b111 U
b1111110000 J
b1111100010 [
b11100010 W
b101 V
b11111111111111111111111111110010 7
b0 :
b101 .
b101 K
b110000010100010 0
b110000010100010 L
b1110010101110010 1
b1110010101110010 M
0*
b111000110100 6
0)
#36365
1)
b11011101101 F
b1111110010 +
12
#36370
1!
b1 :
1*
b111000110101 6
0)
#36375
b1111110000 $
b1111110000 I
b1111110000 R
1)
b10010000110 E
b1001001101 @
b100 >
b111000110101 4
b10101110110 3
1(
b10 ?
b1010010010 B
b10101110011 9
02
#36380
b0 Z
b11 Y
b1111111111 \
b11111111 X
b1111 U
b1111111111 J
b0 [
b0 W
b1111 V
b11111111111111111111111111110000 7
b110 .
b110 K
b1000100000001 0
b1000100000001 L
b1111100011111111 1
b1111100011111111 M
b111000110110 6
0)
#36385
b1111111111 $
b1111111111 I
b1111111111 R
1)
b10010000111 E
b1001010111 A
b100 >
b111000110110 4
b10101110111 3
1(
b1 ?
b1010010011 B
b10101110100 9
b1111110000 +
#36390
0!
b1 U
b1 Z
b1111111111 \
b11111111 X
b110 J
b111 [
b111 W
b111 V
b11111111111111111111111111111111 7
b0 :
b111 .
b111 K
b1101000100011111 0
b1101000100011111 L
b111001100011111 1
b111001100011111 M
0*
b111000110111 6
0)
#36395
1)
b11011101110 F
b1111111111 +
12
#36400
1!
b1 :
1*
b111000111000 6
0)
#36405
b110 $
b110 I
b110 R
1)
b10010001000 E
b1001001110 @
b100 >
b111000111000 4
b10101111000 3
1(
b10 ?
b1010010100 B
b10101110101 9
02
#36410
b0 Z
b10 Y
b1111101100 \
b11101100 X
b101 U
b1111101100 J
b0 [
b0 W
b1101 V
b110 7
b1000 .
b1000 K
b1010011100001100 0
b1010011100001100 L
b101110101010101 1
b101110101010101 M
b111000111001 6
0)
#36415
b1111101100 $
b1111101100 I
b1111101100 R
1)
b10010001001 E
b100 >
b111000111001 4
b10101111001 3
1(
b1 ?
b10101110110 9
b110 +
#36420
0!
b1 Z
b110001 [
b110001 W
b1111111001 J
b1111001000 \
b11001000 X
b111 U
b111 V
b11111111111111111111111111101100 7
b0 :
b1001 .
b1001 K
b1000000101111000 0
b1000000101111000 L
b1000011101111000 1
b1000011101111000 M
0*
b111000111010 6
0)
#36425
1)
b11011101111 F
b1111101100 +
12
#36430
1!
b1 :
1*
b111000111011 6
0)
#36435
b1111111001 $
b1111111001 I
b1111111001 R
1)
b10010001010 E
b1001010000 @
b1001011001 A
b100 >
b111000111011 4
b10101111010 3
1(
b10 ?
b1010010101 B
b10101110111 9
02
#36440
0!
b0 Z
b11 Y
b1111101100 \
b11101100 X
b101 U
b11101 J
b110001 [
b110001 W
b1001 V
b11111111111111111111111111111001 7
b0 :
b1010 .
b1010 K
b110001110011100 0
b110001110011100 L
b1001101010000101 1
b1001101010000101 M
0*
b111000111100 6
0)
#36445
1)
b11011110000 F
b1111111001 +
12
#36450
b111000111101 6
0)
#36455
1)
b11011110001 F
#36460
1!
b1 :
1*
b111000111110 6
0)
#36465
b11101 $
b11101 I
b11101 R
1)
b10010001011 E
b1001011010 A
b100 >
b111000111110 4
b10101111011 3
1(
b11 ?
b1010010110 B
b10101111000 9
02
#36470
b1 Z
b100 \
b100 X
b10 U
b1111101100 J
b1111101000 [
b11101000 W
b100 V
b11101 7
b1011 .
b1011 K
b1010100010 0
b1010100010 L
b100110000100000 1
b100110000100000 M
b111000111111 6
0)
#36475
b1111101100 $
b1111101100 I
b1111101100 R
1)
b10010001100 E
b100 >
b111000111111 4
b10101111100 3
1(
b1 ?
b10101111001 9
b11101 +
#36480
b0 Z
b10 Y
b110001 \
b110001 X
b111 U
b110001 J
b0 [
b0 W
b1000 V
b11111111111111111111111111101100 7
b1100 .
b1100 K
b111000100000111 0
b111000100000111 L
b1100000010111 1
b1100000010111 M
b111001000000 6
0)
#36485
b110001 $
b110001 I
b110001 R
1)
b10010001101 E
b1001011011 A
b1001010001 @
b100 >
b111001000000 4
b10101111101 3
1(
b1010010111 B
b10101111010 9
b1111101100 +
#36490
b1 Z
b1100 [
b1100 W
b10010 J
b110 \
b110 X
b1010 U
b1110 V
b110001 7
b1101 .
b1101 K
b1010010101111 0
b1010010101111 L
b100111010101000 1
b100111010101000 M
b111001000001 6
0)
#36495
b10010 $
b10010 I
b10010 R
1)
b10010001110 E
b1001011100 A
b100 >
b111001000001 4
b10101111110 3
1(
b10101111011 9
b110001 +
#36500
b0 Z
b11 Y
b1111100100 \
b11100100 X
b100 U
b1111111100 J
b11000 [
b11000 W
b1000 V
b10010 7
b1110 .
b1110 K
b10011011001 0
b10011011001 L
b1000001001110100 1
b1000001001110100 M
b111001000010 6
0)
#36505
b1111111100 $
b1111111100 I
b1111111100 R
1)
b10010001111 E
b1001011101 A
b1001010010 @
b100 >
b111001000010 4
b10101111111 3
1(
b10101111100 9
b10010 +
#36510
b1 Z
b1000 \
b1000 X
b1000 U
b1001 J
b1 [
b1 W
b1111 V
b11111111111111111111111111111100 7
b1111 .
b1111 K
b111100011111111 0
b111100011111111 L
b1111011110000111 1
b1111011110000111 M
b111001000011 6
0)
#36515
b1001 $
b1001 I
b1001 R
1)
b10010010000 E
b1001011110 A
b1001010100 @
b100 >
b111001000011 4
b10110000000 3
1(
b1010011000 B
b10101111101 9
b1111111100 +
#36520
0!
b0 Z
b10 Y
b11 \
b11 X
b1 U
b1111100101 J
b1111100010 [
b11100010 W
b101 V
b1001 7
b0 :
b0 .
b0 K
b10110110100011 0
b10110110100011 L
b1110010111110001 1
b1110010111110001 M
0*
b111001000100 6
0)
#36525
1)
b11011110010 F
b1001 +
12
#36530
1!
b1 :
1*
b111001000101 6
0)
#36535
b1111100101 $
b1111100101 I
b1111100101 R
1)
b10010010001 E
b100 >
b111001000101 4
b10110000001 3
1(
b10 ?
b10101111110 9
02
#36540
0!
b0 \
b0 X
b0 U
b0 J
b0 [
b0 W
b0 V
b11111111111111111111111111100101 7
b0 :
b0 0
b0 L
b0 1
b0 M
0*
0/
b111001000110 6
0)
#36545
1)
b1111100101 +
12
#36550
1!
b1 Z
b0 \
b0 X
b1111011101 J
b1111011101 [
b11011101 W
b0 U
b111 V
b1 :
b1 .
b1 K
b1011111110111000 0
b1011111110111000 L
b1100011100000001 1
b1100011100000001 M
1*
1/
b111001000111 6
0)
#36555
b1111011101 $
b1111011101 I
b1111011101 R
1)
b10010010010 E
b1001010101 @
b100 >
b111001000111 4
b10110000010 3
1(
b1010011001 B
b10101111111 9
02
#36560
0!
b0 Z
b11 Y
b0 \
b0 X
b0 U
b111 J
b111 [
b111 W
b111 V
b11111111111111111111111111011101 7
b0 :
b10 .
b10 K
b1000000010000 0
b1000000010000 L
b111111100010000 1
b111111100010000 M
0*
b111001001000 6
0)
#36565
1)
b11011110011 F
b1111011101 +
12
#36570
b111001001001 6
0)
#36575
1)
b11011110100 F
#36580
b111001001010 6
0)
#36585
1)
b11011110101 F
#36590
b111001001011 6
0)
#36595
1)
b11011110110 F
#36600
b111001001100 6
0)
#36605
1)
b11011110111 F
#36610
b111001001101 6
0)
#36615
1)
b11011111000 F
#36620
b111001001110 6
0)
#36625
1)
b11011111001 F
#36630
b111001001111 6
0)
#36635
1)
b11011111010 F
#36640
b111001010000 6
0)
#36645
1)
b11011111011 F
#36650
b111001010001 6
0)
#36655
1)
b11011111100 F
#36660
b111001010010 6
0)
#36665
1)
b11011111101 F
#36670
b111001010011 6
0)
#36675
1)
b11011111110 F
#36680
b111001010100 6
0)
#36685
1)
b11011111111 F
#36690
b111001010101 6
0)
#36695
1)
b11100000000 F
#36700
b111001010110 6
0)
#36705
1)
b11100000001 F
#36710
b111001010111 6
0)
#36715
1)
b11100000010 F
#36720
b111001011000 6
0)
#36725
1)
b11100000011 F
#36730
b111001011001 6
0)
#36735
1)
b11100000100 F
#36740
1!
b1 :
1*
b111001011010 6
0)
#36745
b111 $
b111 I
b111 R
1)
b10010010011 E
b1001010110 @
b100 >
b111001011010 4
b10110000011 3
1(
b10011 ?
b1010011010 B
b10110000000 9
02
#36750
b1 Z
b101 \
b101 X
b101 U
b101 J
b0 [
b0 W
b0 V
b111 7
b11 .
b11 K
b1110110100110001 0
b1110110100110001 L
b101101010111 1
b101101010111 M
b111001011011 6
0)
#36755
b101 $
b101 I
b101 R
1)
b10010010100 E
b1001010111 @
b100 >
b111001011011 4
b10110000100 3
1(
b1 ?
b10110000001 9
b111 +
#36760
b0 Z
b10 Y
b0 \
b0 X
b0 U
b1111110100 J
b1111110100 [
b11110100 W
b1010 V
b101 7
b100 .
b100 K
b110110100100001 0
b110110100100001 L
b1011101011100000 1
b1011101011100000 M
b111001011100 6
0)
#36765
b1111110100 $
b1111110100 I
b1111110100 R
1)
b10010010101 E
b100 >
b111001011100 4
b10110000101 3
1(
b10110000010 9
b101 +
#36770
b1 Z
b0 \
b0 X
b1111 U
b1111111001 J
b1111111001 [
b11111001 W
b1111 V
b11111111111111111111111111110100 7
b101 .
b101 K
b111000001110000 0
b111000001110000 L
b111111111110001 1
b111111111110001 M
b111001011101 6
0)
#36775
b1111111001 $
b1111111001 I
b1111111001 R
1)
b10010010110 E
b1001011000 @
b100 >
b111001011101 4
b10110000110 3
1(
b1010011011 B
b10110000011 9
b1111110100 +
#36780
0!
b0 Z
b0 U
b0 J
b0 [
b0 W
b0 V
b11111111111111111111111111111001 7
b0 :
b0 .
b0 K
b0 0
b0 L
b0 1
b0 M
0*
0/
b111001011110 6
0)
#36785
1)
b1111111001 +
12
#36790
1!
b11 Y
b1111111101 \
b11111101 X
b1111101110 J
b1111110001 [
b11110001 W
b11 U
b1101 V
b1 :
b110 .
b110 K
b1101101001011111 0
b1101101001011111 L
b1101111100010011 1
b1101111100010011 M
1*
1/
b111001011111 6
0)
#36795
b1111101110 $
b1111101110 I
b1111101110 R
1)
b10010010111 E
b100 >
b111001011111 4
b10110000111 3
1(
b10 ?
b1010011100 B
b10110000100 9
02
#36800
0!
b1 Z
b1100 \
b1100 X
b1110 U
b10001 J
b101 [
b101 W
b1011 V
b11111111111111111111111111101110 7
b0 :
b111 .
b111 K
b1000011111111010 0
b1000011111111010 L
b1011011111101110 1
b1011011111101110 M
0*
b111001100000 6
0)
#36805
1)
b11100000101 F
b1111101110 +
12
#36810
b111001100001 6
0)
#36815
1)
b11100000110 F
#36820
b111001100010 6
0)
#36825
1)
b11100000111 F
#36830
1!
b1 :
1*
b111001100011 6
0)
#36835
b10001 $
b10001 I
b10001 R
1)
b10010011000 E
b1001011001 @
b100 >
b111001100011 4
b10110001000 3
1(
b100 ?
b1010011101 B
b10110000101 9
02
#36840
0!
b0 Z
b10 Y
b1111111111 \
b11111111 X
b1111 U
b1111111111 J
b0 [
b0 W
b1 V
b10001 7
b0 :
b1000 .
b1000 K
b111111100000001 0
b111111100000001 L
b1111000101111111 1
b1111000101111111 M
0*
b111001100100 6
0)
#36845
1)
b11100001000 F
b10001 +
12
#36850
1!
b1 :
1*
b111001100101 6
0)
#36855
b1111111111 $
b1111111111 I
b1111111111 R
1)
b10010011001 E
b1001011010 @
b100 >
b111001100101 4
b10110001001 3
1(
b10 ?
b10110000110 9
02
#36860
b1 Z
b1111111010 [
b11111010 W
b1111110101 J
b1111111011 \
b11111011 X
b1111 U
b1010 V
b11111111111111111111111111111111 7
b1001 .
b1001 K
b1100010100010101 0
b1100010100010101 L
b1001101011110011 1
b1001101011110011 M
b111001100110 6
0)
#36865
b1111110101 $
b1111110101 I
b1111110101 R
1)
b10010011010 E
b100 >
b111001100110 4
b10110001010 3
1(
b1 ?
b1010011110 B
b10110000111 9
b1111111111 +
#36870
b0 Z
b11 Y
b1111110010 \
b11110010 X
b111 U
b1111001000 J
b1111010110 [
b11010110 W
b1001 V
b11111111111111111111111111110101 7
b1010 .
b1010 K
b1010101101101110 0
b1010101101101110 L
b1001111100100111 1
b1001111100100111 M
b111001100111 6
0)
#36875
b1111001000 $
b1111001000 I
b1111001000 R
1)
b10010011011 E
b1001011011 @
b100 >
b111001100111 4
b10110001011 3
1(
b1010011111 B
b10110001000 9
b1111110101 +
#36880
b1 Z
b0 \
b0 X
b0 U
b0 J
b0 [
b0 W
b1 V
b11111111111111111111111111001000 7
b1011 .
b1011 K
b1 0
b1 L
b1011100000000 1
b1011100000000 M
b111001101000 6
0)
#36885
b0 $
b0 I
b0 R
1)
b10010011100 E
b1001011100 @
b100 >
b111001101000 4
b10110001100 3
1(
b1010100000 B
b10110001001 9
b1111001000 +
#36890
b0 Z
b1011 V
b10 Y
b1111100010 [
b11100010 W
b1111100111 J
b101 \
b101 X
b101 U
b0 7
b1100 .
b1100 K
b110011001100001 0
b110011001100001 L
b1101111010101 1
b1101111010101 M
b111001101001 6
0)
#36895
b1111100111 $
b1111100111 I
b1111100111 R
1)
b10010011101 E
b100 >
b111001101001 4
b10110001101 3
1(
b10110001010 9
b0 +
#36900
0!
b1 Z
b1111111100 \
b11111100 X
b1100 U
b0 J
b100 [
b100 W
b1 V
b11111111111111111111111111100111 7
b0 :
b1101 .
b1101 K
b1111010001000001 0
b1111010001000001 L
b1010000111000001 1
b1010000111000001 M
0*
b111001101010 6
0)
#36905
1)
b11100001001 F
b1111100111 +
12
#36910
1!
b1 :
1*
b111001101011 6
0)
#36915
b0 $
b0 I
b0 R
1)
b10010011110 E
b100 >
b111001101011 4
b10110001110 3
1(
b10 ?
b1010100001 B
b10110001011 9
02
#36920
b0 Z
b0 V
b11 Y
b0 [
b0 W
b1000000 J
b1000000 \
b1000000 X
b1000 U
b0 7
b1110 .
b1110 K
b1000000100001000 0
b1000000100001000 L
b100001000 1
b100001000 M
b111001101100 6
0)
#36925
b1000000 $
b1000000 I
b1000000 R
1)
b10010011111 E
b1001011111 A
b100 >
b111001101100 4
b10110001111 3
1(
b1 ?
b10110001100 9
b0 +
#36930
b1 Z
b100000 J
b100000 \
b100000 X
b1100 U
b111 V
b1000000 7
b1111 .
b1111 K
b10101100001000 0
b10101100001000 L
b111100111000100 1
b111100111000100 M
b111001101101 6
0)
#36935
b100000 $
b100000 I
b100000 R
1)
b10010100000 E
b1001011101 @
b100 >
b111001101101 4
b10110010000 3
1(
b10110001101 9
b1000000 +
#36940
b0 Z
b10 Y
b1111111101 [
b11111101 W
b10101 J
b11000 \
b11000 X
b100 U
b1111 V
b100000 7
b0 .
b0 K
b1011111000110110 0
b1011111000110110 L
b1100111111010100 1
b1100111111010100 M
b111001101110 6
0)
#36945
b10101 $
b10101 I
b10101 R
1)
b10010100001 E
b100 >
b111001101110 4
b10110010001 3
1(
b10110001110 9
b100000 +
#36950
b0 \
b0 X
b0 U
b0 J
b0 [
b0 W
b0 V
b10101 7
b0 0
b0 L
b0 1
b0 M
0/
b111001101111 6
0)
#36955
0"
0T
1)
0(
b10110001111 9
b10101 +
#36960
b1 Z
b1111111000 J
b1111111000 \
b11111000 X
b1000 U
b0 7
b0 <
b1 .
b1 K
b111100001110001 0
b111100001110001 L
b1000000010001111 1
b1000000010001111 M
0*
1/
b111001110000 6
0)
#36965
0!
1"
b1111111000 $
b1111111000 I
b1111111000 R
1T
1)
b1001100001 A
b100 >
b111001110000 4
1(
b10110010010 3
#36970
1!
b0 Z
b11 Y
b11110 \
b11110 X
b110 U
b11010 J
b1111111100 [
b11111100 W
b1111 V
b11111111111111111111111111111000 7
b1 <
b10 .
b10 K
b1110010001000101 0
b1110010001000101 L
b1111011111100110 1
b1111011111100110 M
1*
b111001110001 6
0)
#36975
b11010 $
b11010 I
b11010 R
1)
b10010100010 E
b1001011110 @
b100 >
b111001110001 4
b10110010011 3
1(
b1010100010 B
b10110010000 9
b1111111000 +
#36980
0!
b1110 U
b1 Z
b1111111110 \
b11111110 X
b1 J
b11 [
b11 W
b1101 V
b11010 7
b0 :
b11 .
b11 K
b100101111110001 0
b100101111110001 L
b1101000111100110 1
b1101000111100110 M
0*
b111001110010 6
0)
#36985
1)
b11100001010 F
b11010 +
12
#36990
b111001110011 6
0)
#36995
1)
b11100001011 F
#37000
b111001110100 6
0)
#37005
1)
b11100001100 F
#37010
b111001110101 6
0)
#37015
1)
b11100001101 F
#37020
b111001110110 6
0)
#37025
1)
b11100001110 F
#37030
1!
b1 :
1*
b111001110111 6
0)
#37035
b1 $
b1 I
b1 R
1)
b10010100011 E
b100 >
b111001110111 4
b10110010100 3
1(
b110 ?
b10110010001 9
02
#37040
0!
b0 Z
b10 Y
b1111111111 \
b11111111 X
b1 U
b0 J
b1 [
b1 W
b1 V
b1 7
b0 :
b100 .
b100 K
b100011111 0
b100011111 L
b1000100000001 1
b1000100000001 M
0*
b111001111000 6
0)
#37045
1)
b11100001111 F
b1 +
12
#37050
1!
b1 :
1*
b111001111001 6
0)
#37055
b0 $
b0 I
b0 R
1)
b10010100100 E
b100 >
b111001111001 4
b10110010101 3
1(
b10 ?
b10110010010 9
02
#37060
b1 Z
b1111110000 \
b11110000 X
b100 U
b1111101010 J
b1111111010 [
b11111010 W
b1111 V
b0 7
b101 .
b101 K
b1111011101101100 0
b1111011101101100 L
b1111111101000110 1
b1111111101000110 M
b111001111010 6
0)
#37065
b1111101010 $
b1111101010 I
b1111101010 R
1)
b10010100101 E
b100 >
b111001111010 4
b10110010110 3
1(
b1 ?
b10110010011 9
b0 +
#37070
b0 Z
b11 Y
b1111110001 \
b11110001 X
b1011 U
b1111110001 J
b0 [
b0 W
b1101 V
b11111111111111111111111111101010 7
b110 .
b110 K
b100101000000011 0
b100101000000011 L
b1101101101111011 1
b1101101101111011 M
b111001111011 6
0)
#37075
b1111110001 $
b1111110001 I
b1111110001 R
1)
b10010100110 E
b1001011111 @
b100 >
b111001111011 4
b10110010111 3
1(
b1010100011 B
b10110010100 9
b1111101010 +
#37080
0!
b1 Z
b1111001000 [
b11001000 W
b1111001001 J
b1 \
b1 X
b1 U
b1000 V
b11111111111111111111111111110001 7
b0 :
b111 .
b111 K
b111101110001 0
b111101110001 L
b1000111100010000 1
b1000111100010000 M
0*
b111001111100 6
0)
#37085
1)
b11100010000 F
b1111110001 +
12
#37090
b111001111101 6
0)
#37095
1)
b11100010001 F
#37100
b111001111110 6
0)
#37105
1)
b11100010010 F
#37110
b111001111111 6
0)
#37115
1)
b11100010011 F
#37120
b111010000000 6
0)
#37125
1)
b11100010100 F
#37130
b111010000001 6
0)
#37135
1)
b11100010101 F
#37140
b111010000010 6
0)
#37145
1)
b11100010110 F
#37150
b111010000011 6
0)
#37155
1)
b11100010111 F
#37160
b111010000100 6
0)
#37165
1)
b11100011000 F
#37170
b111010000101 6
0)
#37175
1)
b11100011001 F
#37180
b111010000110 6
0)
#37185
1)
b11100011010 F
#37190
b111010000111 6
0)
#37195
1)
b11100011011 F
#37200
b111010001000 6
0)
#37205
1)
b11100011100 F
#37210
b111010001001 6
0)
#37215
1)
b11100011101 F
#37220
b111010001010 6
0)
#37225
1)
b11100011110 F
#37230
b111010001011 6
0)
#37235
1)
b11100011111 F
#37240
b111010001100 6
0)
#37245
1)
b11100100000 F
#37250
b111010001101 6
0)
#37255
1)
b11100100001 F
#37260
b111010001110 6
0)
#37265
1)
b11100100010 F
#37270
1!
b1 :
1*
b111010001111 6
0)
#37275
b1111001001 $
b1111001001 I
b1111001001 R
1)
b10010100111 E
b1001100010 A
b100 >
b111010001111 4
b10110011000 3
1(
b10100 ?
b1010100100 B
b10110010101 9
02
#37280
b0 Z
b10 Y
b1111101100 \
b11101100 X
b1100 U
b1111111000 J
b1100 [
b1100 W
b110 V
b11111111111111111111111111001001 7
b1000 .
b1000 K
b110001100100101 0
b110001100100101 L
b11011001011100 1
b11011001011100 M
b111010010000 6
0)
#37285
b1111111000 $
b1111111000 I
b1111111000 R
1)
b10010101000 E
b100 >
b111010010000 4
b10110011001 3
1(
b1 ?
b1010100101 B
b10110010110 9
b1111001001 +
#37290
b1 Z
b1111100111 \
b11100111 X
b101 U
b1111000111 J
b1111100000 [
b11100000 W
b100 V
b11111111111111111111111111111000 7
b1001 .
b1001 K
b100011110001011 0
b100011110001011 L
b110010001010111 1
b110010001010111 M
b111010010001 6
0)
#37295
b1111000111 $
b1111000111 I
b1111000111 R
1)
b10010101001 E
b1001100000 @
b100 >
b111010010001 4
b10110011010 3
1(
b1010100110 B
b10110010111 9
b1111111000 +
#37300
0!
b0 Z
b11 Y
b0 \
b0 X
b0 U
b1000 J
b1000 [
b1000 W
b1000 V
b11111111111111111111111111000111 7
b0 :
b1010 .
b1010 K
b1111111111111 0
b1111111111111 L
b1000011111110000 1
b1000011111110000 M
0*
b111010010010 6
0)
#37305
1)
b11100100011 F
b1111000111 +
12
#37310
1!
b1 :
1*
b111010010011 6
0)
#37315
b1000 $
b1000 I
b1000 R
1)
b10010101010 E
b1001100011 A
b1001100001 @
b100 >
b111010010011 4
b10110011011 3
1(
b10 ?
b1010100111 B
b10110011000 9
02
#37320
b10 Y
b0 J
b0 [
b0 W
b0 V
b1000 7
b0 .
b0 K
b0 0
b0 L
b0 1
b0 M
0/
b111010010100 6
0)
#37325
0"
0T
1)
0(
b1 ?
b10110011001 9
b1000 +
#37330
b1 Z
b11 Y
b1111011000 \
b11011000 X
b1111010100 J
b1111111100 [
b11111100 W
b101 U
b1111 V
b0 7
b0 <
b1011 .
b1011 K
b100001101001000 0
b100001101001000 L
b1111111001010111 1
b1111111001010111 M
1/
b111010010101 6
0)
#37335
1"
b1111010100 $
b1111010100 I
b1111010100 R
1T
1)
b1001100010 @
b100 >
b111010010101 4
1(
b10110011100 3
#37340
b0 Z
b10 Y
b1111111110 [
b11111110 W
b1111011010 J
b1111011100 \
b11011100 X
b110 U
b11111111111111111111111111010100 7
b1 <
b1100 .
b1100 K
b100100101010 0
b100100101010 L
b1111111100100110 1
b1111111100100110 M
b111010010110 6
0)
#37345
b1111011010 $
b1111011010 I
b1111011010 R
1)
b10010101011 E
b100 >
b111010010110 4
b10110011101 3
1(
b1010101000 B
b10110011010 9
b1111010100 +
#37350
b1 Z
b1000 \
b1000 X
b1111 U
b1111 J
b111 [
b111 W
b1 V
b11111111111111111111111111011010 7
b1101 .
b1101 K
b1111111101111000 0
b1111111101111000 L
b1000111110001 1
b1000111110001 M
b111010010111 6
0)
#37355
b1111 $
b1111 I
b1111 R
1)
b10010101100 E
b100 >
b111010010111 4
b10110011110 3
1(
b1010101001 B
b10110011011 9
b1111011010 +
#37360
b0 Z
b11 Y
b11 \
b11 X
b1 U
b11 J
b0 [
b0 W
b0 V
b1111 7
b1110 .
b1110 K
b1010001010110011 0
b1010001010110011 L
b10000100001 1
b10000100001 M
b111010011000 6
0)
#37365
b11 $
b11 I
b11 R
1)
b10010101101 E
b100 >
b111010011000 4
b10110011111 3
1(
b10110011100 9
b1111 +
#37370
0!
b1 Z
b10101 \
b10101 X
b1101 U
b1111 J
b1111111010 [
b11111010 W
b1 V
b11 7
b0 :
b1111 .
b1111 K
b1101110101001 0
b1101110101001 L
b1010011011011 1
b1010011011011 M
0*
b111010011001 6
0)
#37375
1)
b11100100100 F
b11 +
12
#37380
1!
b1 :
1*
b111010011010 6
0)
#37385
b1111 $
b1111 I
b1111 R
1)
b10010101110 E
b100 >
b111010011010 4
b10110100000 3
1(
b10 ?
b10110011101 9
02
#37390
0!
b0 Z
b10 Y
b1111111001 \
b11111001 X
b1111 U
b0 J
b111 [
b111 W
b1 V
b1111 7
b0 :
b0 .
b0 K
b1100001110111 0
b1100001110111 L
b1111000101111111 1
b1111000101111111 M
0*
b111010011011 6
0)
#37395
1)
b11100100101 F
b1111 +
12
#37400
b111010011100 6
0)
#37405
1)
b11100100110 F
#37410
1!
b1 :
1*
b111010011101 6
0)
#37415
b0 $
b0 I
b0 R
1)
b10010101111 E
b1001100011 @
b100 >
b111010011101 4
b10110100001 3
1(
b11 ?
b10110011110 9
02
#37420
b1 Z
b10010 \
b10010 X
b110 U
b10100 J
b10 [
b10 W
b10 V
b0 7
b1 .
b1 K
b1100010011 0
b1100010011 L
b1111001001101010 1
b1111001001101010 M
b111010011110 6
0)
#37425
b10100 $
b10100 I
b10100 R
1)
b10010110000 E
b100 >
b111010011110 4
b10110100010 3
1(
b1 ?
b10110011111 9
b0 +
#37430
b0 Z
b11 Y
b1110 \
b1110 X
b1110 U
b10 J
b1111110100 [
b11110100 W
b100 V
b10100 7
b10 .
b10 K
b10011011011001 0
b10011011011001 L
b100000100011110 1
b100000100011110 M
b111010011111 6
0)
#37435
b10 $
b10 I
b10 R
1)
b10010110001 E
b100 >
b111010011111 4
b10110100011 3
1(
b10110100000 9
b10100 +
#37440
0!
b1 Z
b111 \
b111 X
b111 U
b1111001111 J
b1111001000 [
b11001000 W
b1000 V
b10 7
b0 :
b11 .
b11 K
b1000111101110001 0
b1000111101110001 L
b1000100001111111 1
b1000100001111111 M
0*
b111010100000 6
0)
#37445
1)
b11100100111 F
b10 +
12
#37450
b111010100001 6
0)
#37455
1)
b11100101000 F
#37460
1!
b1 :
1*
b111010100010 6
0)
#37465
b1111001111 $
b1111001111 I
b1111001111 R
1)
b10010110010 E
b1001100101 A
b1001100100 @
b100 >
b111010100010 4
b10110100100 3
1(
b11 ?
b10110100001 9
02
#37470
b0 Z
b10 Y
b110000 \
b110000 X
b1010 U
b101000 J
b1111111000 [
b11111000 W
b10 V
b11111111111111111111111111001111 7
b100 .
b100 K
b1011101011001000 0
b1011101011001000 L
b10001000111010 1
b10001000111010 M
b111010100011 6
0)
#37475
b101000 $
b101000 I
b101000 R
1)
b10010110011 E
b100 >
b111010100011 4
b10110100101 3
1(
b1 ?
b1010101010 B
b10110100010 9
b1111001111 +
#37480
b1 Z
b11110 \
b11110 X
b110 U
b100100 J
b110 [
b110 W
b1010 V
b101000 7
b101 .
b101 K
b1111100111110101 0
b1111100111110101 L
b110101001100111 1
b110101001100111 M
b111010100100 6
0)
#37485
b100100 $
b100100 I
b100100 R
1)
b10010110100 E
b1001100101 @
b100 >
b111010100100 4
b10110100110 3
1(
b10110100011 9
b101000 +
#37490
0!
b0 Z
b0 \
b0 X
b0 U
b0 J
b0 [
b0 W
b0 V
b100100 7
b0 :
b0 .
b0 K
b0 0
b0 L
b0 1
b0 M
0*
0/
b111010100101 6
0)
#37495
1)
b100100 +
12
#37500
1!
b11 Y
b1111001000 J
b1111001000 [
b11001000 W
b1111 U
b1000 V
b1 :
b110 .
b110 K
b111000001110000 0
b111000001110000 L
b1000000111111111 1
b1000000111111111 M
1*
1/
b111010100110 6
0)
#37505
b1111001000 $
b1111001000 I
b1111001000 R
1)
b10010110101 E
b1001100110 A
b100 >
b111010100110 4
b10110100111 3
1(
b10 ?
b10110100100 9
02
#37510
b1 Z
b100 \
b100 X
b1 U
b1010 J
b110 [
b110 W
b110 V
b11111111111111111111111111001000 7
b111 .
b111 K
b1010100000010100 0
b1010100000010100 L
b110011000010001 1
b110011000010001 M
b111010100111 6
0)
#37515
b1010 $
b1010 I
b1010 R
1)
b10010110110 E
b100 >
b111010100111 4
b10110101000 3
1(
b1 ?
b1010101011 B
b10110100101 9
b1111001000 +
#37520
b0 Z
b10 Y
b0 \
b0 X
b0 U
b0 J
b0 [
b0 W
b0 V
b1010 7
b0 .
b0 K
b0 0
b0 L
b0 1
b0 M
0/
b111010101000 6
0)
#37525
0"
0T
1)
0(
b10110100110 9
b1010 +
#37530
b1111110111 \
b11110111 X
b1111110011 J
b1111111100 [
b11111100 W
b11 U
b1100 V
b0 7
b0 <
b1000 .
b1000 K
b1101100100011101 0
b1101100100011101 L
b1001110001010011 1
b1001110001010011 M
0*
1/
b111010101001 6
0)
#37535
0!
1"
b1111110011 $
b1111110011 I
b1111110011 R
1T
1)
b100 >
b111010101001 4
1(
b10110101001 3
#37540
1!
b1 Z
b1111111001 \
b11111001 X
b111 U
b1 J
b1000 [
b1000 W
b1000 V
b11111111111111111111111111110011 7
b1 <
b1001 .
b1001 K
b11111111 0
b11111111 L
b100001111000 1
b100001111000 M
1*
b111010101010 6
0)
#37545
b1 $
b1 I
b1 R
1)
b10010110111 E
b1001100110 @
b1001101000 A
b100 >
b111010101010 4
b10110101010 3
1(
b1010101100 B
b10110100111 9
b1111110011 +
#37550
b0 Z
b11 Y
b101 \
b101 X
b1 U
b1111 J
b1010 [
b1010 W
b1110 V
b1 7
b1010 .
b1010 K
b1110100010110101 0
b1110100010110101 L
b1110001000100001 1
b1110001000100001 M
b111010101011 6
0)
#37555
b1111 $
b1111 I
b1111 R
1)
b10010111000 E
b100 >
b111010101011 4
b10110101011 3
1(
b10110101000 9
b1 +
#37560
0!
b1 Z
b0 \
b0 X
b0 U
b0 J
b0 [
b0 W
b110 V
b1111 7
b0 :
b1011 .
b1011 K
b1011111100001000 0
b1011111100001000 L
b110111000000100 1
b110111000000100 M
0*
b111010101100 6
0)
#37565
1)
b11100101001 F
b1111 +
12
#37570
1!
b1 :
1*
b111010101101 6
0)
#37575
b0 $
b0 I
b0 R
1)
b10010111001 E
b100 >
b111010101101 4
b10110101100 3
1(
b10 ?
b10110101001 9
02
#37580
0!
b0 Z
b10 Y
b1111111111 J
b1111111111 \
b11111111 X
b1111 U
b1 V
b0 7
b0 :
b1100 .
b1100 K
b111100000001 0
b111100000001 L
b1111000110001111 1
b1111000110001111 M
0*
b111010101110 6
0)
#37585
1)
b11100101010 F
b0 +
12
#37590
1!
b1 :
1*
b111010101111 6
0)
#37595
b1111111111 $
b1111111111 I
b1111111111 R
1)
b10010111010 E
b1001101001 A
b100 >
b111010101111 4
b10110101101 3
1(
b10110101010 9
02
#37600
b1 Z
b11000 [
b11000 W
b110100 J
b11100 \
b11100 X
b1001 U
b100 V
b11111111111111111111111111111111 7
b1101 .
b1101 K
b1010000001101100 0
b1010000001101100 L
b10010010010101 1
b10010010010101 M
b111010110000 6
0)
#37605
b110100 $
b110100 I
b110100 R
1)
b10010111011 E
b100 >
b111010110000 4
b10110101110 3
1(
b1 ?
b1010101101 B
b10110101011 9
b1111111111 +
#37610
0!
b0 Z
b11 Y
b1111001000 \
b11001000 X
b111 U
b1110101010 J
b1111100010 [
b11100010 W
b110 V
b110100 7
b0 :
b1110 .
b1110 K
b1111101010111000 0
b1111101010111000 L
b110111100010111 1
b110111100010111 M
0*
b111010110001 6
0)
#37615
1)
b11100101011 F
b110100 +
12
#37620
1!
b1 :
1*
b111010110010 6
0)
#37625
b1110101010 $
b1110101010 I
b1110101010 R
1)
b10010111100 E
b1001100111 @
b100 >
b111010110010 4
b10110101111 3
1(
b10 ?
b10110101100 9
02
#37630
0!
b1 Z
b1111111111 \
b11111111 X
b1 U
b1111000111 J
b1111001000 [
b11001000 W
b1000 V
b11111111111111111111111110101010 7
b0 :
b1111 .
b1111 K
b1000001111111 0
b1000001111111 L
b1000100000011000 1
b1000100000011000 M
0*
b111010110011 6
0)
#37635
1)
b11100101100 F
b1110101010 +
12
#37640
b111010110100 6
0)
#37645
1)
b11100101101 F
#37650
b111010110101 6
0)
#37655
1)
b11100101110 F
#37660
b111010110110 6
0)
#37665
1)
b11100101111 F
#37670
b111010110111 6
0)
#37675
1)
b11100110000 F
#37680
b111010111000 6
0)
#37685
1)
b11100110001 F
#37690
b111010111001 6
0)
#37695
1)
b11100110010 F
#37700
b111010111010 6
0)
#37705
1)
b11100110011 F
#37710
b111010111011 6
0)
#37715
1)
b11100110100 F
#37720
b111010111100 6
0)
#37725
1)
b11100110101 F
#37730
b111010111101 6
0)
#37735
1)
b11100110110 F
#37740
b111010111110 6
0)
#37745
1)
b11100110111 F
#37750
b111010111111 6
0)
#37755
1)
b11100111000 F
#37760
b111011000000 6
0)
#37765
1)
b11100111001 F
#37770
b111011000001 6
0)
#37775
1)
b11100111010 F
#37780
b111011000010 6
0)
#37785
1)
b11100111011 F
#37790
b111011000011 6
0)
#37795
1)
b11100111100 F
#37800
b111011000100 6
0)
#37805
1)
b11100111101 F
#37810
b111011000101 6
0)
#37815
1)
b11100111110 F
#37820
b111011000110 6
0)
#37825
1)
b11100111111 F
#37830
1!
b1 :
1*
b111011000111 6
0)
#37835
b1111000111 $
b1111000111 I
b1111000111 R
1)
b10010111101 E
b1001101100 A
b100 >
b111011000111 4
b10110110000 3
1(
b10101 ?
b1010101110 B
b10110101101 9
02
#37840
b0 Z
b10 Y
b0 \
b0 X
b0 U
b0 J
b0 [
b0 W
b0 V
b11111111111111111111111111000111 7
b0 .
b0 K
b0 0
b0 L
b0 1
b0 M
0/
b111011001000 6
0)
#37845
0"
0T
1)
0(
b1 ?
b1010101111 B
b10110101110 9
b1111000111 +
#37850
b1111101100 \
b11101100 X
b1111111110 J
b10010 [
b10010 W
b101 U
b1010 V
b0 7
b0 <
b1111010111011100 0
b1111010111011100 L
b10101011010101 1
b10101011010101 M
1/
b111011001001 6
0)
#37855
1"
b1111111110 $
b1111111110 I
b1111111110 R
1T
1)
b100 >
b111011001001 4
1(
b10110110001 3
#37860
0!
b1 Z
b0 [
b0 W
b100011 J
b100011 \
b100011 X
b1001 U
b11111111111111111111111111111110 7
b1 <
b0 :
b1 .
b1 K
b1101001100001011 0
b1101001100001011 L
b1011101010011001 1
b1011101010011001 M
0*
b111011001010 6
0)
#37865
1)
b11101000000 F
b1111111110 +
12
#37870
1!
b1 :
1*
b111011001011 6
0)
#37875
b100011 $
b100011 I
b100011 R
1)
b10010111110 E
b100 >
b111011001011 4
b10110110010 3
1(
b10 ?
b1010110000 B
b10110101111 9
02
#37880
0!
b0 Z
b11 Y
b1111111111 [
b11111111 W
b1111111111 J
b0 \
b0 X
b1000 U
b1111 V
b100011 7
b0 :
b10 .
b10 K
b1100000010000 0
b1100000010000 L
b1111111111111000 1
b1111111111111000 M
0*
b111011001100 6
0)
#37885
1)
b11101000001 F
b100011 +
12
#37890
1!
b1 :
1*
b111011001101 6
0)
#37895
b1111111111 $
b1111111111 I
b1111111111 R
1)
b10010111111 E
b1001101101 A
b100 >
b111011001101 4
b10110110011 3
1(
b10110110000 9
02
#37900
b10 Y
b0 U
b0 J
b0 [
b0 W
b0 V
b11111111111111111111111111111111 7
b0 .
b0 K
b0 0
b0 L
b0 1
b0 M
0/
b111011001110 6
0)
#37905
0"
0T
1)
0(
b1 ?
b1010110001 B
b10110110001 9
b1111111111 +
#37910
b1 Z
b11 Y
b1 J
b1 \
b1 X
b1111 U
b100 V
b0 7
b0 <
b11 .
b11 K
b101110100001111 0
b101110100001111 L
b100010011111011 1
b100010011111011 M
1/
b111011001111 6
0)
#37915
1"
b1 $
b1 I
b1 R
1T
1)
b100 >
b111011001111 4
1(
b10110110100 3
#37920
0!
b0 Z
b10 Y
b100 [
b100 W
b1 J
b1111111101 \
b11111101 X
b11 U
b1100 V
b1 7
b1 <
b0 :
b100 .
b100 K
b10000011111111 0
b10000011111111 L
b110110010010011 1
b110110010010011 M
0*
b111011010000 6
0)
#37925
1)
b11101000010 F
b1 +
12
#37930
1!
b1 :
1*
b111011010001 6
0)
#37935
1)
b10011000000 E
b100 >
b111011010001 4
b10110110101 3
1(
b10 ?
b10110110010 9
02
#37940
b0 \
b0 X
b0 U
b0 J
b0 [
b0 W
b0 V
b0 .
b0 K
b0 0
b0 L
b0 1
b0 M
0/
b111011010010 6
0)
#37945
0"
0T
1)
0(
b1 ?
b10110110011 9
#37950
b1 Z
b1000000 \
b1000000 X
b1110001 J
b110001 [
b110001 W
b1000 U
b111 V
b0 7
b0 <
b101 .
b101 K
b11101111000 0
b11101111000 L
b11110001000 1
b11110001000 M
0*
1/
b111011010011 6
0)
#37955
0!
1"
b1110001 $
b1110001 I
b1110001 R
1T
1)
b1001101000 @
b1001101111 A
b100 >
b111011010011 4
1(
b10110110110 3
#37960
1!
b0 Z
b11 Y
b1111111111 \
b11111111 X
b1 U
b1111111010 J
b1111111011 [
b11111011 W
b101 V
b1110001 7
b1 <
b110 .
b110 K
b101111111111111 0
b101111111111111 L
b101110000010001 1
b101110000010001 M
1*
b111011010100 6
0)
#37965
b1111111010 $
b1111111010 I
b1111111010 R
1)
b10011000001 E
b100 >
b111011010100 4
b10110110111 3
1(
b10110110100 9
b1110001 +
#37970
0!
b1 Z
b1000 \
b1000 X
b1100 U
b11 J
b1111111011 [
b11111011 W
b1111 V
b11111111111111111111111111111010 7
b0 :
b111 .
b111 K
b11110101011110 0
b11110101011110 L
b1111010111001111 1
b1111010111001111 M
0*
b111011010101 6
0)
#37975
1)
b11101000011 F
b1111111010 +
12
#37980
b111011010110 6
0)
#37985
1)
b11101000100 F
#37990
1!
b1 :
1*
b111011010111 6
0)
#37995
b11 $
b11 I
b11 R
1)
b10011000010 E
b100 >
b111011010111 4
b10110111000 3
1(
b11 ?
b1010110010 B
b10110110101 9
02
#38000
0!
b0 Z
b0 V
b10 Y
b0 [
b0 W
b0 J
b0 \
b0 X
b0 U
b11 7
b0 :
b1000 .
b1000 K
b1111100001111111 0
b1111100001111111 L
b1111000001110000 1
b1111000001110000 M
0*
b111011011000 6
0)
#38005
1)
b11101000101 F
b11 +
12
#38010
1!
b1 :
1*
b111011011001 6
0)
#38015
b0 $
b0 I
b0 R
1)
b10011000011 E
b1001101001 @
b100 >
b111011011001 4
b10110111001 3
1(
b10 ?
b10110110110 9
02
#38020
0!
b0 7
b0 :
b0 .
b0 K
b0 0
b0 L
b0 1
b0 M
0*
0/
b111011011010 6
0)
#38025
1)
b0 +
12
#38030
b1111111000 \
b11111000 X
b1 U
b1 Z
b1111010101 J
b1111011101 [
b11011101 W
b111 V
b1001 .
b1001 K
b1100100110111000 0
b1100100110111000 L
b1101011100010000 1
b1101011100010000 M
1/
b111011011011 6
0)
#38035
1)
b11101000110 F
#38040
b111011011100 6
0)
#38045
1)
b11101000111 F
#38050
1!
b1 :
1*
b111011011101 6
0)
#38055
b1111010101 $
b1111010101 I
b1111010101 R
1)
b10011000100 E
b1001101010 @
b100 >
b111011011101 4
b10110111010 3
1(
b100 ?
b10110110111 9
02
#38060
b0 Z
b1101 V
b11 Y
b1111110111 [
b11110111 W
b111 J
b10000 \
b10000 X
b1110 U
b11111111111111111111111111010101 7
b1010 .
b1010 K
b1010001100111000 0
b1010001100111000 L
b1101011111001110 1
b1101011111001110 M
b111011011110 6
0)
#38065
b111 $
b111 I
b111 R
1)
b10011000101 E
b1001101011 @
b100 >
b111011011110 4
b10110111011 3
1(
b1 ?
b1010110011 B
b10110111000 9
b1111010101 +
#38070
b1 Z
b0 \
b0 X
b0 U
b1111111001 J
b1111111001 [
b11111001 W
b1111 V
b111 7
b1011 .
b1011 K
b1000001111111 0
b1000001111111 L
b1111011100001000 1
b1111011100001000 M
b111011011111 6
0)
#38075
b1111111001 $
b1111111001 I
b1111111001 R
1)
b10011000110 E
b1001101100 @
b1001110000 A
b100 >
b111011011111 4
b10110111100 3
1(
b10110111001 9
b111 +
#38080
b0 Z
b10 Y
b1111110010 \
b11110010 X
b111 U
b11100 J
b101010 [
b101010 W
b111 V
b11111111111111111111111111111001 7
b1100 .
b1100 K
b10101101101110 0
b10101101101110 L
b1100011100010111 1
b1100011100010111 M
b111011100000 6
0)
#38085
b11100 $
b11100 I
b11100 R
1)
b10011000111 E
b1001101110 @
b100 >
b111011100000 4
b10110111101 3
1(
b1010110100 B
b10110111010 9
b1111111001 +
#38090
b0 \
b0 X
b0 U
b0 J
b0 [
b0 W
b0 V
b11100 7
b0 .
b0 K
b0 0
b0 L
b0 1
b0 M
0/
b111011100001 6
0)
#38095
0"
0T
1)
0(
b10110111011 9
b11100 +
#38100
b1 Z
b1111111010 J
b1111111010 \
b11111010 X
b110 U
b0 7
b0 <
b1101 .
b1101 K
b1010100001111111 0
b1010100001111111 L
b11000001100110 1
b11000001100110 M
0*
1/
b111011100010 6
0)
#38105
0!
1"
b1111111010 $
b1111111010 I
b1111111010 R
1T
1)
b100 >
b111011100010 4
1(
b10110111110 3
#38110
1!
b0 Z
b0 J
b0 \
b0 X
b0 U
b11111111111111111111111111111010 7
b1 <
b0 .
b0 K
b0 0
b0 L
b0 1
b0 M
1*
0/
b111011100011 6
0)
#38115
0"
0T
1)
0(
b1010110101 B
b10110111100 9
b1111111010 +
#38120
b0 7
b0 <
0*
b111011100100 6
0)
#38125
1)
#38130
b111011100101 6
0)
#38135
1)
#38140
b111011100110 6
0)
#38145
1)
#38150
b11 Y
b1 \
b1 X
b1000 J
b111 [
b111 W
b1 U
b1 V
b1110 .
b1110 K
b1000011101110001 0
b1000011101110001 L
b1011100010001 1
b1011100010001 M
1/
b111011100111 6
0)
#38155
0!
1"
b1000 $
b1000 I
b1000 R
1T
1)
b1001101111 @
b100 >
b111011100111 4
1(
b10110111111 3
#38160
b1 Z
b0 \
b0 X
b101 U
b1111011000 J
b1111011000 [
b11011000 W
b101 V
b1000 7
b1 <
b0 :
b1111 .
b1111 K
b1100001010000000 0
b1100001010000000 L
b101110101011111 1
b101110101011111 M
b111011101000 6
0)
#38165
1)
b11101001000 F
b1000 +
12
#38170
b111011101001 6
0)
#38175
1)
b11101001001 F
#38180
b111011101010 6
0)
#38185
1)
b11101001010 F
#38190
b111011101011 6
0)
#38195
1)
b11101001011 F
#38200
b111011101100 6
0)
#38205
1)
b11101001100 F
#38210
b111011101101 6
0)
#38215
1)
b11101001101 F
#38220
b111011101110 6
0)
#38225
1)
b11101001110 F
#38230
b111011101111 6
0)
#38235
1)
b11101001111 F
#38240
b111011110000 6
0)
#38245
1)
b11101010000 F
#38250
b111011110001 6
0)
#38255
1)
b11101010001 F
#38260
b111011110010 6
0)
#38265
1)
b11101010010 F
#38270
b111011110011 6
0)
#38275
1)
b11101010011 F
#38280
b111011110100 6
0)
#38285
1)
b11101010100 F
#38290
b111011110101 6
0)
#38295
1)
b11101010101 F
#38300
b111011110110 6
0)
#38305
1)
b11101010110 F
#38310
b111011110111 6
0)
#38315
1)
b11101010111 F
#38320
b111011111000 6
0)
#38325
1)
b11101011000 F
#38330
b111011111001 6
0)
#38335
1)
b11101011001 F
#38340
1!
b1 :
1*
b111011111010 6
0)
#38345
b1111011000 $
b1111011000 I
b1111011000 R
1)
b10011001000 E
b100 >
b111011111010 4
b10111000000 3
1(
b10011 ?
b10110111101 9
02
#38350
b0 Z
b10 Y
b10101 \
b10101 X
b11 U
b1111110001 J
b1111011100 [
b11011100 W
b110 V
b11111111111111111111111111011000 7
b0 .
b0 K
b1110001010100111 0
b1110001010100111 L
b11011010011 1
b11011010011 M
b111011111011 6
0)
#38355
b1111110001 $
b1111110001 I
b1111110001 R
1)
b10011001001 E
b100 >
b111011111011 4
b10111000001 3
1(
b1 ?
b1010110110 B
b10110111110 9
b1111011000 +
#38360
b0 \
b0 X
b0 U
b0 J
b0 [
b0 W
b0 V
b11111111111111111111111111110001 7
b0 0
b0 L
b0 1
b0 M
0/
b111011111100 6
0)
#38365
0"
0T
1)
0(
b1010110111 B
b10110111111 9
b1111110001 +
#38370
b0 7
b0 <
0*
b111011111101 6
0)
#38375
1)
#38380
1*
b111011111110 6
0)
#38385
1)
#38390
0*
b111011111111 6
0)
#38395
1)
#38400
b1 Z
b1111111000 \
b11111000 X
b1111110001 J
b1111111001 [
b11111001 W
b1 U
b111 V
b1 .
b1 K
b11111111000 0
b11111111000 L
b1111011100010001 1
b1111011100010001 M
1/
b111100000000 6
0)
#38405
0!
1"
1T
1)
b1001110000 @
b100 >
b111100000000 4
1(
b10111000010 3
#38410
b110 U
b0 Z
b11 Y
b10010 \
b10010 X
b1110 J
b1111111100 [
b11111100 W
b10 V
b11111111111111111111111111110001 7
b1 <
b0 :
b10 .
b10 K
b1000101011100011 0
b1000101011100011 L
b10101100010110 1
b10101100010110 M
b111100000001 6
0)
#38415
1)
b11101011010 F
12
#38420
1!
b1 :
1*
b111100000010 6
0)
#38425
b1110 $
b1110 I
b1110 R
1)
b10011001010 E
b100 >
b111100000010 4
b10111000011 3
1(
b10 ?
b1010111000 B
b10111000000 9
02
#38430
b1 Z
b1111101000 \
b11101000 X
b100 U
b1110111110 J
b1111010110 [
b11010110 W
b111 V
b1110 7
b11 .
b11 K
b1000110010101010 0
b1000110010101010 L
b111110001000100 1
b111110001000100 M
b111100000011 6
0)
#38435
b1110111110 $
b1110111110 I
b1110111110 R
1)
b10011001011 E
b1001110001 @
b100 >
b111100000011 4
b10111000100 3
1(
b1 ?
b10111000001 9
b1110 +
#38440
0!
b0 Z
b10 Y
b0 \
b0 X
b0 U
b0 J
b0 [
b0 W
b0 V
b11111111111111111111111110111110 7
b0 :
b0 .
b0 K
b0 0
b0 L
b0 1
b0 M
0*
0/
b111100000100 6
0)
#38445
1)
b1110111110 +
12
#38450
1!
b1 :
1*
b111100000101 6
0)
#38455
0"
0T
1)
0(
b10 ?
b1010111001 B
b10111000010 9
02
#38460
b1 V
b0 7
b0 <
b100 .
b100 K
b111100000000000 0
b111100000000000 L
b111000111110000 1
b111000111110000 M
1/
b111100000110 6
0)
#38465
1"
b0 $
b0 I
b0 R
1T
1)
b1001110010 @
b100 >
b111100000110 4
1(
b10111000101 3
#38470
b1 Z
b10 \
b10 X
b10100 J
b10010 [
b10010 W
b1110 U
b1101 V
b1 <
b101 .
b101 K
b1011001010101111 0
b1011001010101111 L
b110110111101100 1
b110110111101100 M
b111100000111 6
0)
#38475
b10100 $
b10100 I
b10100 R
1)
b10011001100 E
b100 >
b111100000111 4
b10111000110 3
1(
b1 ?
b10111000011 9
b0 +
#38480
0!
b0 Z
b11 Y
b10101 \
b10101 X
b11 U
b1101 J
b1111111000 [
b11111000 W
b1100 V
b10100 7
b0 :
b110 .
b110 K
b111110100100111 0
b111110100100111 L
b1100101010100011 1
b1100101010100011 M
0*
b111100001000 6
0)
#38485
1)
b11101011011 F
b10100 +
12
#38490
1!
b1 :
1*
b111100001001 6
0)
#38495
b1101 $
b1101 I
b1101 R
1)
b10011001101 E
b100 >
b111100001001 4
b10111000111 3
1(
b10 ?
b10111000100 9
02
#38500
b1 Z
b0 \
b0 X
b0 U
b1111111000 J
b1111111000 [
b11111000 W
b1000 V
b1101 7
b111 .
b111 K
b1111000000011000 0
b1111000000011000 L
b1000100000001111 1
b1000100000001111 M
b111100001010 6
0)
#38505
b1111111000 $
b1111111000 I
b1111111000 R
1)
b10011001110 E
b1001110010 A
b100 >
b111100001010 4
b10111001000 3
1(
b1 ?
b10111000101 9
b1101 +
#38510
b0 Z
b10 Y
b11100 \
b11100 X
b100 U
b100100 J
b1000 [
b1000 W
b1110 V
b11111111111111111111111111111000 7
b1000 .
b1000 K
b111011000111 0
b111011000111 L
b1011111011000100 1
b1011111011000100 M
b111100001011 6
0)
#38515
b100100 $
b100100 I
b100100 R
1)
b10011001111 E
b100 >
b111100001011 4
b10111001001 3
1(
b1010111010 B
b10111000110 9
b1111111000 +
#38520
b1 Z
b1111101011 \
b11101011 X
b1101 U
b1111101011 J
b0 [
b0 W
b1000 V
b100100 7
b1001 .
b1001 K
b1100010000000111 0
b1100010000000111 L
b1011100011010010 1
b1011100011010010 M
b111100001100 6
0)
#38525
b1111101011 $
b1111101011 I
b1111101011 R
1)
b10011010000 E
b1001110011 A
b100 >
b111100001100 4
b10111001010 3
1(
b10111000111 9
b100100 +
#38530
0!
b0 Z
b0 J
b0 \
b0 X
b0 U
b0 V
b11111111111111111111111111101011 7
b0 :
b0 .
b0 K
b0 0
b0 L
b0 1
b0 M
0*
0/
b111100001101 6
0)
#38535
1)
b1111101011 +
12
#38540
1!
b11 Y
b1000 \
b1000 X
b10000 J
b1000 [
b1000 W
b1111 U
b1111 V
b1 :
b1010 .
b1010 K
b1111000010001000 0
b1111000010001000 L
b1111100001111111 1
b1111100001111111 M
1*
1/
b111100001110 6
0)
#38545
b10000 $
b10000 I
b10000 R
1)
b10011010001 E
b1001110100 A
b1001110011 @
b100 >
b111100001110 4
b10111001011 3
1(
b10 ?
b1010111011 B
b10111001000 9
02
#38550
b10 Y
b0 \
b0 X
b0 U
b0 J
b0 [
b0 W
b0 V
b10000 7
b0 .
b0 K
b0 0
b0 L
b0 1
b0 M
0/
b111100001111 6
0)
#38555
0"
0T
1)
0(
b1 ?
b10111001001 9
b10000 +
#38560
b0 7
b0 <
0*
b111100010000 6
0)
#38565
1)
#38570
b1 Z
b11 Y
b11110 \
b11110 X
b1111111110 J
b1111100000 [
b11100000 W
b1011 U
b1000 V
b1011 .
b1011 K
b1110100101001010 0
b1110100101001010 L
b1000100110111001 1
b1000100110111001 M
1/
b111100010001 6
0)
#38575
0!
1"
b1111111110 $
b1111111110 I
b1111111110 R
1T
1)
b1001110101 A
b100 >
b111100010001 4
1(
b10111001100 3
#38580
1!
b0 Z
b10 Y
b1111101000 \
b11101000 X
b110 U
b1111010110 J
b1111101110 [
b11101110 W
b11 V
b11111111111111111111111111111110 7
b1 <
b1100 .
b1100 K
b1110111010101100 0
b1110111010101100 L
b1111110110 1
b1111110110 M
1*
b111100010010 6
0)
#38585
b1111010110 $
b1111010110 I
b1111010110 R
1)
b10011010010 E
b100 >
b111100010010 4
b10111001101 3
1(
b1010111100 B
b10111001010 9
b1111111110 +
#38590
0!
b1 Z
b1 \
b1 X
b1 U
b1 J
b0 [
b0 W
b0 V
b11111111111111111111111111010110 7
b0 :
b1101 .
b1101 K
b1111011100000001 0
b1111011100000001 L
b1000000000010001 1
b1000000000010001 M
0*
b111100010011 6
0)
#38595
1)
b11101011100 F
b1111010110 +
12
#38600
1!
b1 :
1*
b111100010100 6
0)
#38605
b1 $
b1 I
b1 R
1)
b10011010011 E
b1001110110 A
b100 >
b111100010100 4
b10111001110 3
1(
b10 ?
b1010111101 B
b10111001011 9
02
#38610
b0 Z
b11 Y
b11001 [
b11001 W
b1111110001 J
b1111011000 \
b11011000 X
b101 U
b101 V
b1 7
b1110 .
b1110 K
b100101101011000 0
b100101101011000 L
b101110001010101 1
b101110001010101 M
b111100010101 6
0)
#38615
b1111110001 $
b1111110001 I
b1111110001 R
1)
b10011010100 E
b100 >
b111100010101 4
b10111001111 3
1(
b1 ?
b10111001100 9
b1 +
#38620
0!
b10 Y
b0 \
b0 X
b0 U
b0 J
b0 [
b0 W
b0 V
b11111111111111111111111111110001 7
b0 :
b0 .
b0 K
b0 0
b0 L
b0 1
b0 M
0*
0/
b111100010110 6
0)
#38625
1)
b1111110001 +
12
#38630
1!
b1 Z
b11 Y
b1111011101 \
b11011101 X
b1111011101 J
b0 [
b0 W
b1001 U
b0 V
b1 :
b1111 .
b1111 K
b1100111110000101 0
b1100111110000101 L
b111110010110 1
b111110010110 M
1*
1/
b111100010111 6
0)
#38635
b1111011101 $
b1111011101 I
b1111011101 R
1)
b10011010101 E
b100 >
b111100010111 4
b10111010000 3
1(
b10 ?
b1010111110 B
b10111001101 9
02
#38640
0!
b0 Z
b10 Y
b1 \
b1 X
b1111 U
b1111001001 J
b1111001000 [
b11001000 W
b1000 V
b11111111111111111111111111011101 7
b0 :
b0 .
b0 K
b1011101111111 0
b1011101111111 L
b1111100011111111 1
b1111100011111111 M
0*
b111100011000 6
0)
#38645
1)
b11101011101 F
b1111011101 +
12
#38650
b111100011001 6
0)
#38655
1)
b11101011110 F
#38660
1!
b1 :
1*
b111100011010 6
0)
#38665
b1111001001 $
b1111001001 I
b1111001001 R
1)
b10011010110 E
b1001110111 A
b100 >
b111100011010 4
b10111010001 3
1(
b11 ?
b1010111111 B
b10111001110 9
02
#38670
b0 \
b0 X
b0 U
b0 J
b0 [
b0 W
b0 V
b11111111111111111111111111001001 7
b0 0
b0 L
b0 1
b0 M
0/
b111100011011 6
0)
#38675
0"
0T
1)
0(
b1 ?
b1011000000 B
b10111001111 9
b1111001001 +
#38680
b1 Z
b10 \
b10 X
b1111111011 J
b1111111001 [
b11111001 W
b1 U
b111 V
b0 7
b0 <
b1 .
b1 K
b100110111110010 0
b100110111110010 L
b100011100011110 1
b100011100011110 M
1/
b111100011100 6
0)
#38685
1"
b1111111011 $
b1111111011 I
b1111111011 R
1T
1)
b1001110100 @
b100 >
b111100011100 4
1(
b10111010010 3
#38690
0!
b1100 U
b0 Z
b11 Y
b10100 \
b10100 X
b110 J
b1111110010 [
b11110010 W
b10 V
b11111111111111111111111111111011 7
b1 <
b0 :
b10 .
b10 K
b10111010011011 0
b10111010011011 L
b10110100011100 1
b10110100011100 M
0*
b111100011101 6
0)
#38695
1)
b11101011111 F
b1111111011 +
12
#38700
b111100011110 6
0)
#38705
1)
b11101100000 F
#38710
b111100011111 6
0)
#38715
1)
b11101100001 F
#38720
b111100100000 6
0)
#38725
1)
b11101100010 F
#38730
b111100100001 6
0)
#38735
1)
b11101100011 F
#38740
b111100100010 6
0)
#38745
1)
b11101100100 F
#38750
b111100100011 6
0)
#38755
1)
b11101100101 F
#38760
b111100100100 6
0)
#38765
1)
b11101100110 F
#38770
b111100100101 6
0)
#38775
1)
b11101100111 F
#38780
b111100100110 6
0)
#38785
1)
b11101101000 F
#38790
b111100100111 6
0)
#38795
1)
b11101101001 F
#38800
b111100101000 6
0)
#38805
1)
b11101101010 F
#38810
b111100101001 6
0)
#38815
1)
b11101101011 F
#38820
b111100101010 6
0)
#38825
1)
b11101101100 F
#38830
b111100101011 6
0)
#38835
1)
b11101101101 F
#38840
b111100101100 6
0)
#38845
1)
b11101101110 F
#38850
b111100101101 6
0)
#38855
1)
b11101101111 F
#38860
1!
b1 :
1*
b111100101110 6
0)
#38865
b110 $
b110 I
b110 R
1)
b10011010111 E
b100 >
b111100101110 4
b10111010011 3
1(
b10010 ?
b1011000001 B
b10111010000 9
02
#38870
b1 Z
b0 \
b0 X
b0 U
b0 J
b0 [
b0 W
b0 V
b110 7
b11 .
b11 K
b111011110000000 0
b111011110000000 L
b100000000000 1
b100000000000 M
b111100101111 6
0)
#38875
b0 $
b0 I
b0 R
1)
b10011011000 E
b1001111000 A
b100 >
b111100101111 4
b10111010100 3
1(
b1 ?
b10111010001 9
b110 +
#38880
0!
b0 Z
b10 Y
b0 7
b0 :
b0 .
b0 K
b0 0
b0 L
b0 1
b0 M
0*
0/
b111100110000 6
0)
#38885
1)
b0 +
12
#38890
1!
b1110 \
b1110 X
b10110 J
b1000 [
b1000 W
b111 U
b1110 V
b1 :
b100 .
b100 K
b1111000011000010 0
b1111000011000010 L
b10111001000111 1
b10111001000111 M
1*
1/
b111100110001 6
0)
#38895
b10110 $
b10110 I
b10110 R
1)
b10011011001 E
b1001110101 @
b100 >
b111100110001 4
b10111010101 3
1(
b10 ?
b10111010010 9
02
#38900
0!
b1 Z
b1111110100 \
b11110100 X
b1010 U
b1111111100 J
b1000 [
b1000 W
b1111 V
b10110 7
b0 :
b101 .
b101 K
b111110000010 0
b111110000010 L
b111110100101 1
b111110100101 M
0*
b111100110010 6
0)
#38905
1)
b11101110000 F
b10110 +
12
#38910
1!
b1 :
1*
b111100110011 6
0)
#38915
b1111111100 $
b1111111100 I
b1111111100 R
1)
b10011011010 E
b100 >
b111100110011 4
b10111010110 3
1(
b10111010011 9
02
#38920
0!
b0 Z
b0 \
b0 X
b0 U
b0 J
b0 [
b0 W
b0 V
b11111111111111111111111111111100 7
b0 :
b0 .
b0 K
b0 0
b0 L
b0 1
b0 M
0*
0/
b111100110100 6
0)
#38925
1)
b1111111100 +
12
#38930
1!
b11 Y
b1111001000 \
b11001000 X
b1111000000 J
b1111111000 [
b11111000 W
b1000 U
b1 V
b1 :
b110 .
b110 K
b100010000111 0
b100010000111 L
b1000111111000 1
b1000111111000 M
1*
1/
b111100110101 6
0)
#38935
b1111000000 $
b1111000000 I
b1111000000 R
1)
b10011011011 E
b1001111001 A
b100 >
b111100110101 4
b10111010111 3
1(
b1011000010 B
b10111010100 9
02
#38940
0!
b1 Z
b110 \
b110 X
b1010 U
b1111111111 J
b1111111001 [
b11111001 W
b1001 V
b11111111111111111111111111000000 7
b0 :
b111 .
b111 K
b1101100100011111 0
b1101100100011111 L
b1001010110101101 1
b1001010110101101 M
0*
b111100110110 6
0)
#38945
1)
b11101110001 F
b1111000000 +
12
#38950
1!
b1 :
1*
b111100110111 6
0)
#38955
b1111111111 $
b1111111111 I
b1111111111 R
1)
b10011011100 E
b100 >
b111100110111 4
b10111011000 3
1(
b1011000011 B
b10111010101 9
02
#38960
b0 Z
b10 Y
b0 \
b0 X
b1100 U
b1111110111 J
b1111110111 [
b11110111 W
b1101 V
b11111111111111111111111111111111 7
b1000 .
b1000 K
b111110100110000 0
b111110100110000 L
b110100001100 1
b110100001100 M
b111100111000 6
0)
#38965
b1111110111 $
b1111110111 I
b1111110111 R
1)
b10011011101 E
b100 >
b111100111000 4
b10111011001 3
1(
b1 ?
b1011000100 B
b10111010110 9
b1111111111 +
#38970
b1 Z
b0 \
b0 X
b0 U
b1111111001 J
b1111111001 [
b11111001 W
b111 V
b11111111111111111111111111110111 7
b1001 .
b1001 K
b111111111111111 0
b111111111111111 L
b1111011100001111 1
b1111011100001111 M
b111100111001 6
0)
#38975
b1111111001 $
b1111111001 I
b1111111001 R
1)
b10011011110 E
b1001110110 @
b100 >
b111100111001 4
b10111011010 3
1(
b1011000101 B
b10111010111 9
b1111110111 +
#38980
b0 Z
b11 Y
b0 \
b0 X
b0 U
b0 J
b0 [
b0 W
b0 V
b11111111111111111111111111111001 7
b1010 .
b1010 K
b1001000000101001 0
b1001000000101001 L
b111110100000 1
b111110100000 M
b111100111010 6
0)
#38985
b0 $
b0 I
b0 R
1)
b10011011111 E
b100 >
b111100111010 4
b10111011011 3
1(
b1011000110 B
b10111011000 9
b1111111001 +
#38990
b1 Z
b101 \
b101 X
b1 U
b1111100101 J
b1111100000 [
b11100000 W
b1000 V
b0 7
b1011 .
b1011 K
b1110010101000101 0
b1110010101000101 L
b1000011000010010 1
b1000011000010010 M
b111100111011 6
0)
#38995
b1111100101 $
b1111100101 I
b1111100101 R
1)
b10011100000 E
b1001111010 A
b100 >
b111100111011 4
b10111011100 3
1(
b10111011001 9
b0 +
#39000
0!
b0 Z
b10 Y
b0 \
b0 X
b0 U
b0 J
b0 [
b0 W
b0 V
b11111111111111111111111111100101 7
b0 :
b0 .
b0 K
b0 0
b0 L
b0 1
b0 M
0*
0/
b111100111100 6
0)
#39005
1)
b1111100101 +
12
#39010
b1111111111 \
b11111111 X
b1111000111 J
b1111001000 [
b11001000 W
b1 U
b1000 V
b1100 .
b1100 K
b1111000001111111 0
b1111000001111111 L
b1000100010000001 1
b1000100010000001 M
1/
b111100111101 6
0)
#39015
1)
b11101110010 F
#39020
1!
b1 :
1*
b111100111110 6
0)
#39025
b1111000111 $
b1111000111 I
b1111000111 R
1)
b10011100001 E
b1001111101 A
b100 >
b111100111110 4
b10111011101 3
1(
b11 ?
b1011000111 B
b10111011010 9
02
#39030
b0 \
b0 X
b0 U
b0 J
b0 [
b0 W
b0 V
b11111111111111111111111111000111 7
b0 .
b0 K
b0 0
b0 L
b0 1
b0 M
0/
b111100111111 6
0)
#39035
0"
0T
1)
0(
b1 ?
b1011001000 B
b10111011011 9
b1111000111 +
#39040
b0 7
b0 <
0*
b111101000000 6
0)
#39045
1)
#39050
b1 Z
b1111001000 \
b11001000 X
b1111011000 J
b10000 [
b10000 W
b1000 U
b1110 V
b1101 .
b1101 K
b1010111010000111 0
b1010111010000111 L
b101111010001001 1
b101111010001001 M
1/
b111101000001 6
0)
#39055
0!
1"
b1111011000 $
b1111011000 I
b1111011000 R
1T
1)
b1001111110 A
b100 >
b111101000001 4
1(
b10111011110 3
#39060
1!
b0 Z
b11 Y
b1100 \
b1100 X
b1100 U
b11010 J
b1110 [
b1110 W
b1001 V
b11111111111111111111111111011000 7
b1 <
b1110 .
b1110 K
b111001111101101 0
b111001111101101 L
b1001011011001100 1
b1001011011001100 M
1*
b111101000010 6
0)
#39065
b11010 $
b11010 I
b11010 R
1)
b10011100010 E
b100 >
b111101000010 4
b10111011111 3
1(
b1011001001 B
b10111011100 9
b1111011000 +
#39070
0!
b1 Z
b0 \
b0 X
b0 U
b0 J
b0 [
b0 W
b0 V
b11010 7
b0 :
b1111 .
b1111 K
b111100000000111 0
b111100000000111 L
b100000000111 1
b100000000111 M
0*
b111101000011 6
0)
#39075
1)
b11101110011 F
b11010 +
12
#39080
b111101000100 6
0)
#39085
1)
b11101110100 F
#39090
b111101000101 6
0)
#39095
1)
b11101110101 F
#39100
1!
b1 :
1*
b111101000110 6
0)
#39105
b0 $
b0 I
b0 R
1)
b10011100011 E
b1001111111 A
b1001110111 @
b100 >
b111101000110 4
b10111100000 3
1(
b100 ?
b10111011101 9
02
#39110
b0 Z
b10 Y
b0 7
b0 .
b0 K
b0 0
b0 L
b0 1
b0 M
0/
b111101000111 6
0)
#39115
0"
0T
1)
0(
b1 ?
b10111011110 9
b0 +
#39120
b1111111101 \
b11111101 X
b111 J
b1010 [
b1010 W
b1 U
b1011 V
b0 <
b1111101011101101 0
b1111101011101101 L
b1100101101010001 1
b1100101101010001 M
1/
b111101001000 6
0)
#39125
1"
b111 $
b111 I
b111 R
1T
1)
b100 >
b111101001000 4
1(
b10111100001 3
#39130
b0 \
b0 X
b0 U
b0 J
b0 [
b0 W
b0 V
b111 7
b1 <
b0 0
b0 L
b0 1
b0 M
0/
b111101001001 6
0)
#39135
0"
0T
1)
0(
b10111011111 9
b111 +
#39140
b1 Z
b1111110000 \
b11110000 X
b1111101010 J
b1111111010 [
b11111010 W
b1000 U
b11 V
b0 7
b0 <
b1 .
b1 K
b110011011100010 0
b110011011100010 L
b1110000111 1
b1110000111 M
1/
b111101001010 6
0)
#39145
1"
b1111101010 $
b1111101010 I
b1111101010 R
1T
1)
b1010000000 A
b1001111000 @
b100 >
b111101001010 4
1(
b10111100010 3
#39150
b0 U
b0 Z
b11 Y
b0 \
b0 X
b1111111111 J
b1111111111 [
b11111111 W
b1111 V
b11111111111111111111111111101010 7
b1 <
b10 .
b10 K
b1000100000011111 0
b1000100000011111 L
b1111011110000000 1
b1111011110000000 M
b111101001011 6
0)
#39155
b1111111111 $
b1111111111 I
b1111111111 R
1)
b10011100100 E
b1001111001 @
b1010000001 A
b100 >
b111101001011 4
b10111100011 3
1(
b1011001010 B
b10111100000 9
b1111101010 +
#39160
b1 Z
b1111111011 \
b11111011 X
b1011 U
b1101 J
b10010 [
b10010 W
b1010 V
b11111111111111111111111111111111 7
b11 .
b11 K
b1111001011010001 0
b1111001011010001 L
b1010101110111100 1
b1010101110111100 M
b111101001100 6
0)
#39165
b1101 $
b1101 I
b1101 R
1)
b10011100101 E
b100 >
b111101001100 4
b10111100100 3
1(
b1011001011 B
b10111100001 9
b1111111111 +
#39170
b1010 U
b0 Z
b10 Y
b1111100010 \
b11100010 X
b1111100110 J
b100 [
b100 W
b100 V
b1101 7
b100 .
b100 K
b10101 0
b10101 L
b1010010111010 1
b1010010111010 M
b111101001101 6
0)
#39175
b1111100110 $
b1111100110 I
b1111100110 R
1)
b10011100110 E
b100 >
b111101001101 4
b10111100101 3
1(
b10111100010 9
b1101 +
#39180
0!
b1 Z
b1111111111 \
b11111111 X
b1111 U
b111111 J
b1000000 [
b1000000 W
b1000 V
b11111111111111111111111111100110 7
b0 :
b101 .
b101 K
b111000010000001 0
b111000010000001 L
b111100011110111 1
b111100011110111 M
0*
b111101001110 6
0)
#39185
1)
b11101110110 F
b1111100110 +
12
#39190
b111101001111 6
0)
#39195
1)
b11101110111 F
#39200
1!
b1 :
1*
b111101010000 6
0)
#39205
b111111 $
b111111 I
b111111 R
1)
b10011100111 E
b1010000010 A
b1001111011 @
b100 >
b111101010000 4
b10111100110 3
1(
b11 ?
b1011001100 B
b10111100011 9
02
#39210
b0 Z
b11 Y
b1111111010 \
b11111010 X
b1110 U
b101010 J
b110000 [
b110000 W
b1000 V
b111111 7
b110 .
b110 K
b1000100110100011 0
b1000100110100011 L
b1000011110001110 1
b1000011110001110 M
b111101010001 6
0)
#39215
b101010 $
b101010 I
b101010 R
1)
b10011101000 E
b1001111100 @
b1010000100 A
b100 >
b111101010001 4
b10111100111 3
1(
b1 ?
b10111100100 9
b111111 +
#39220
0!
b1 Z
b1100 \
b1100 X
b1110 U
b110 J
b1111111010 [
b11111010 W
b11 V
b101010 7
b0 :
b111 .
b111 K
b10101011101010 0
b10101011101010 L
b11001111101001 1
b11001111101001 M
0*
b111101010010 6
0)
#39225
1)
b11101111000 F
b101010 +
12
#39230
b111101010011 6
0)
#39235
1)
b11101111001 F
#39240
b111101010100 6
0)
#39245
1)
b11101111010 F
#39250
b111101010101 6
0)
#39255
1)
b11101111011 F
#39260
b111101010110 6
0)
#39265
1)
b11101111100 F
#39270
b111101010111 6
0)
#39275
1)
b11101111101 F
#39280
b111101011000 6
0)
#39285
1)
b11101111110 F
#39290
b111101011001 6
0)
#39295
1)
b11101111111 F
#39300
b111101011010 6
0)
#39305
1)
b11110000000 F
#39310
b111101011011 6
0)
#39315
1)
b11110000001 F
#39320
b111101011100 6
0)
#39325
1)
b11110000010 F
#39330
b111101011101 6
0)
#39335
1)
b11110000011 F
#39340
b111101011110 6
0)
#39345
1)
b11110000100 F
#39350
b111101011111 6
0)
#39355
1)
b11110000101 F
#39360
b111101100000 6
0)
#39365
1)
b11110000110 F
#39370
b111101100001 6
0)
#39375
1)
b11110000111 F
#39380
b111101100010 6
0)
#39385
1)
b11110001000 F
#39390
1!
b1 :
1*
b111101100011 6
0)
#39395
b110 $
b110 I
b110 R
1)
b10011101001 E
b100 >
b111101100011 4
b10111101000 3
1(
b10010 ?
b10111100101 9
02
#39400
b0 Z
b10 Y
b0 \
b0 X
b0 U
b0 J
b0 [
b0 W
b0 V
b110 7
b0 .
b0 K
b0 0
b0 L
b0 1
b0 M
0/
b111101100100 6
0)
#39405
0"
0T
1)
0(
b1 ?
b10111100110 9
b110 +
#39410
b1111001000 J
b1111001000 \
b11001000 X
b1000 U
b0 7
b0 <
b1000 .
b1000 K
b111011110000111 0
b111011110000111 L
b1000000001111000 1
b1000000001111000 M
0*
1/
b111101100101 6
0)
#39415
0!
1"
b1111001000 $
b1111001000 I
b1111001000 R
1T
1)
b1001111101 @
b1010000110 A
b100 >
b111101100101 4
1(
b10111101001 3
#39420
b1 Z
b0 \
b0 X
b0 U
b1111010110 J
b1111010110 [
b11010110 W
b1001 V
b11111111111111111111111111001000 7
b1 <
b0 :
b1001 .
b1001 K
b1011000001100010 0
b1011000001100010 L
b111100100000010 1
b111100100000010 M
b111101100110 6
0)
#39425
1)
b11110001001 F
b1111001000 +
12
#39430
b111101100111 6
0)
#39435
1)
b11110001010 F
#39440
1!
b1 :
1*
b111101101000 6
0)
#39445
b1111010110 $
b1111010110 I
b1111010110 R
1)
b10011101010 E
b1001111110 @
b100 >
b111101101000 4
b10111101010 3
1(
b11 ?
b1011001101 B
b10111100111 9
02
#39450
0!
b0 Z
b0 J
b0 [
b0 W
b0 V
b11111111111111111111111111010110 7
b0 :
b0 .
b0 K
b0 0
b0 L
b0 1
b0 M
0*
0/
b111101101001 6
0)
#39455
1)
b1111010110 +
12
#39460
b11 Y
b1111011101 \
b11011101 X
b1111100000 J
b11 [
b11 W
b101 U
b11 V
b1010 .
b1010 K
b1000000011001 0
b1000000011001 L
b11110011010101 1
b11110011010101 M
1/
b111101101010 6
0)
#39465
1)
b11110001011 F
#39470
1!
b1 :
1*
b111101101011 6
0)
#39475
b1111100000 $
b1111100000 I
b1111100000 R
1)
b10011101011 E
b100 >
b111101101011 4
b10111101011 3
1(
b1011001110 B
b10111101000 9
02
#39480
b1 Z
b0 \
b0 X
b1111 U
b1 J
b1 [
b1 W
b1111 V
b11111111111111111111111111100000 7
b1011 .
b1011 K
b1111111111110000 0
b1111111111110000 L
b1111000111110001 1
b1111000111110001 M
b111101101100 6
0)
#39485
b1 $
b1 I
b1 R
1)
b10011101100 E
b100 >
b111101101100 4
b10111101100 3
1(
b1 ?
b1011001111 B
b10111101001 9
b1111100000 +
#39490
0!
b0 Z
b10 Y
b0 U
b0 J
b0 [
b0 W
b0 V
b1 7
b0 :
b0 .
b0 K
b0 0
b0 L
b0 1
b0 M
0*
0/
b111101101101 6
0)
#39495
1)
b1 +
12
#39500
1!
b1111111010 \
b11111010 X
b1111101000 J
b1111101110 [
b11101110 W
b1111 U
b110 V
b1 :
b1100 .
b1100 K
b1011111111010110 0
b1011111111010110 L
b1100011000111111 1
b1100011000111111 M
1*
1/
b111101101110 6
0)
#39505
b1111101000 $
b1111101000 I
b1111101000 R
1)
b10011101101 E
b100 >
b111101101110 4
b10111101101 3
1(
b10 ?
b10111101010 9
02
#39510
0!
b1 Z
b1111111101 \
b11111101 X
b1 U
b1111111001 J
b1111111100 [
b11111100 W
b100 V
b11111111111111111111111111101000 7
b0 :
b1101 .
b1101 K
b101101111111101 0
b101101111111101 L
b110010000010100 1
b110010000010100 M
0*
b111101101111 6
0)
#39515
1)
b11110001100 F
b1111101000 +
12
#39520
1!
b1 :
1*
b111101110000 6
0)
#39525
b1111111001 $
b1111111001 I
b1111111001 R
1)
b10011101110 E
b100 >
b111101110000 4
b10111101110 3
1(
b1011010000 B
b10111101011 9
02
#39530
b0 Z
b0 \
b0 X
b0 U
b0 J
b0 [
b0 W
b0 V
b11111111111111111111111111111001 7
b0 .
b0 K
b0 0
b0 L
b0 1
b0 M
0/
b111101110001 6
0)
#39535
0"
0T
1)
0(
b1 ?
b1011010001 B
b10111101100 9
b1111111001 +
#39540
b11 Y
b1111111111 \
b11111111 X
b1111110111 J
b1111111000 [
b11111000 W
b1111 U
b1000 V
b0 7
b0 <
b1110 .
b1110 K
b1111111100010001 0
b1111111100010001 L
b1000011100011111 1
b1000011100011111 M
1/
b111101110010 6
0)
#39545
1"
b1111110111 $
b1111110111 I
b1111110111 R
1T
1)
b1010000111 A
b1001111111 @
b100 >
b111101110010 4
1(
b10111101111 3
#39550
b1 Z
b1110 \
b1110 X
b1110 U
b10101 J
b111 [
b111 W
b111 V
b11111111111111111111111111110111 7
b1 <
b1111 .
b1111 K
b1110000000011001 0
b1110000000011001 L
b111000111100101 1
b111000111100101 M
b111101110011 6
0)
#39555
b10101 $
b10101 I
b10101 R
1)
b10011101111 E
b1010000000 @
b100 >
b111101110011 4
b10111110000 3
1(
b1011010010 B
b10111101101 9
b1111110111 +
#39560
b0 Z
b10 Y
b1111110001 \
b11110001 X
b11 U
b1111101110 J
b1111111101 [
b11111101 W
b1 V
b10101 7
b0 .
b0 K
b1000101011011011 0
b1000101011011011 L
b1011000111110011 1
b1011000111110011 M
b111101110100 6
0)
#39565
b1111101110 $
b1111101110 I
b1111101110 R
1)
b10011110000 E
b100 >
b111101110100 4
b10111110001 3
1(
b10111101110 9
b10101 +
#39570
b1 Z
b1111001000 \
b11001000 X
b111 U
b1111001000 J
b0 [
b0 W
b111 V
b11111111111111111111111111101110 7
b1 .
b1 K
b111111100001000 0
b111111100001000 L
b1111011101111111 1
b1111011101111111 M
b111101110101 6
0)
#39575
b1111001000 $
b1111001000 I
b1111001000 R
1)
b10011110001 E
b1010000010 @
b100 >
b111101110101 4
b10111110010 3
1(
b1011010011 B
b10111101111 9
b1111101110 +
#39580
b0 Z
b11 Y
b0 J
b0 \
b0 X
b110 U
b1000 V
b11111111111111111111111111001000 7
b10 .
b10 K
b100110100000000 0
b100110100000000 L
b1000110010010110 1
b1000110010010110 M
b111101110110 6
0)
#39585
b0 $
b0 I
b0 R
1)
b10011110010 E
b1010001000 A
b100 >
b111101110110 4
b10111110011 3
1(
b1011010100 B
b10111110000 9
b1111001000 +
#39590
b1111111110 J
b1111111110 \
b11111110 X
b1 Z
b1111 U
b0 V
b0 7
b11 .
b11 K
b100101111110010 0
b100101111110010 L
b100011110000 1
b100011110000 M
b111101110111 6
0)
#39595
b1111111110 $
b1111111110 I
b1111111110 R
1)
b10011110011 E
b1010001001 A
b100 >
b111101110111 4
b10111110100 3
1(
b10111110001 9
b0 +
#39600
b0 Z
b10 Y
b0 \
b0 X
b0 U
b1111001000 J
b1111001000 [
b11001000 W
b1000 V
b11111111111111111111111111111110 7
b100 .
b100 K
b111000101111111 0
b111000101111111 L
b1000100010000000 1
b1000100010000000 M
b111101111000 6
0)
#39605
b1111001000 $
b1111001000 I
b1111001000 R
1)
b10011110100 E
b1010001100 A
b100 >
b111101111000 4
b10111110101 3
1(
b1011010101 B
b10111110010 9
b1111111110 +
#39610
b0 J
b0 [
b0 W
b0 V
b11111111111111111111111111001000 7
b0 .
b0 K
b0 0
b0 L
b0 1
b0 M
0/
b111101111001 6
0)
#39615
0"
0T
1)
0(
b1011010110 B
b10111110011 9
b1111001000 +
#39620
b0 7
b0 <
b111101111010 6
0)
#39625
1)
#39630
b1 Z
b1111111010 \
b11111010 X
b1111111000 J
b1111111110 [
b11111110 W
b11 U
b1 V
b101 .
b101 K
b11101110 0
b11101110 L
b1111000100111001 1
b1111000100111001 M
1/
b111101111011 6
0)
#39635
1"
b1111111000 $
b1111111000 I
b1111111000 R
1T
1)
b100 >
b111101111011 4
1(
b10111110110 3
#39640
b0 Z
b11 Y
b0 \
b0 X
b1100 U
b1111111111 J
b1111111111 [
b11111111 W
b1 V
b11111111111111111111111111111000 7
b1 <
b110 .
b110 K
b1100011011110000 0
b1100011011110000 L
b1000000101100 1
b1000000101100 M
b111101111100 6
0)
#39645
b1111111111 $
b1111111111 I
b1111111111 R
1)
b10011110101 E
b100 >
b111101111100 4
b10111110111 3
1(
b1011010111 B
b10111110100 9
b1111111000 +
#39650
0!
b1 Z
b111 J
b111 [
b111 W
b1111 U
b11111111111111111111111111111111 7
b0 :
b111 .
b111 K
b1000111101110000 0
b1000111101110000 L
b1000111110111 1
b1000111110111 M
0*
b111101111101 6
0)
#39655
1)
b11110001101 F
b1111111111 +
12
#39660
b111101111110 6
0)
#39665
1)
b11110001110 F
#39670
1!
b1 :
1*
b111101111111 6
0)
#39675
b111 $
b111 I
b111 R
1)
b10011110110 E
b1010000011 @
b100 >
b111101111111 4
b10111111000 3
1(
b11 ?
b1011011000 B
b10111110101 9
02
#39680
b0 Z
b10 Y
b1111010000 \
b11010000 X
b1000 U
b1111000110 J
b1111110110 [
b11110110 W
b1110 V
b111 7
b1000 .
b1000 K
b1101000001010110 0
b1101000001010110 L
b1011111010111000 1
b1011111010111000 M
b111110000000 6
0)
#39685
b1111000110 $
b1111000110 I
b1111000110 R
1)
b10011110111 E
b1010001101 A
b100 >
b111110000000 4
b10111111001 3
1(
b1 ?
b10111110110 9
b111 +
#39690
0!
b1 Z
b1111101100 \
b11101100 X
b100 U
b1110111100 J
b1111010000 [
b11010000 W
b110 V
b11111111111111111111111111000110 7
b0 :
b1001 .
b1001 K
b1000000010001011 0
b1000000010001011 L
b1000011001000100 1
b1000011001000100 M
0*
b111110000001 6
0)
#39695
1)
b11110001111 F
b1111000110 +
12
#39700
1!
b1 :
1*
b111110000010 6
0)
#39705
b1110111100 $
b1110111100 I
b1110111100 R
1)
b10011111000 E
b1010001110 A
b100 >
b111110000010 4
b10111111010 3
1(
b10 ?
b1011011001 B
b10111110111 9
02
#39710
0!
b0 Z
b11 Y
b111 \
b111 X
b111 U
b1111111111 J
b1111111000 [
b11111000 W
b1000 V
b11111111111111111111111110111100 7
b0 :
b1010 .
b1010 K
b1000000100010001 0
b1000000100010001 L
b1000000000010111 1
b1000000000010111 M
0*
b111110000011 6
0)
#39715
1)
b11110010000 F
b1110111100 +
12
#39720
1!
b1 :
1*
b111110000100 6
0)
#39725
b1111111111 $
b1111111111 I
b1111111111 R
1)
b10011111001 E
b1010001111 A
b1010000100 @
b100 >
b111110000100 4
b10111111011 3
1(
b1011011010 B
b10111111000 9
02
#39730
0!
b1 Z
b0 \
b0 X
b1000 U
b1111110000 J
b1111110000 [
b11110000 W
b100 V
b11111111111111111111111111111111 7
b0 :
b1011 .
b1011 K
b100101011000000 0
b100101011000000 L
b100010110001100 1
b100010110001100 M
0*
b111110000101 6
0)
#39735
1)
b11110010001 F
b1111111111 +
12
#39740
b111110000110 6
0)
#39745
1)
b11110010010 F
#39750
b111110000111 6
0)
#39755
1)
b11110010011 F
#39760
b111110001000 6
0)
#39765
1)
b11110010100 F
#39770
b111110001001 6
0)
#39775
1)
b11110010101 F
#39780
b111110001010 6
0)
#39785
1)
b11110010110 F
#39790
b111110001011 6
0)
#39795
1)
b11110010111 F
#39800
b111110001100 6
0)
#39805
1)
b11110011000 F
#39810
b111110001101 6
0)
#39815
1)
b11110011001 F
#39820
b111110001110 6
0)
#39825
1)
b11110011010 F
#39830
b111110001111 6
0)
#39835
1)
b11110011011 F
#39840
b111110010000 6
0)
#39845
1)
b11110011100 F
#39850
b111110010001 6
0)
#39855
1)
b11110011101 F
#39860
b111110010010 6
0)
#39865
1)
b11110011110 F
#39870
b111110010011 6
0)
#39875
1)
b11110011111 F
#39880
b111110010100 6
0)
#39885
1)
b11110100000 F
#39890
b111110010101 6
0)
#39895
1)
b11110100001 F
#39900
b111110010110 6
0)
#39905
1)
b11110100010 F
#39910
b111110010111 6
0)
#39915
1)
b11110100011 F
#39920
1!
b1 :
1*
b111110011000 6
0)
#39925
b1111110000 $
b1111110000 I
b1111110000 R
1)
b10011111010 E
b1010010000 A
b100 >
b111110011000 4
b10111111100 3
1(
b10100 ?
b1011011011 B
b10111111001 9
02
#39930
0!
b0 Z
b10 Y
b1111111001 \
b11111001 X
b1111 U
b1111111111 J
b110 [
b110 W
b11 V
b11111111111111111111111111110000 7
b0 :
b1100 .
b1100 K
b101101000100111 0
b101101000100111 L
b1001110011111 1
b1001110011111 M
0*
b111110011001 6
0)
#39935
1)
b11110100100 F
b1111110000 +
12
#39940
1!
b1 :
1*
b111110011010 6
0)
#39945
b1111111111 $
b1111111111 I
b1111111111 R
1)
b10011111011 E
b100 >
b111110011010 4
b10111111101 3
1(
b10 ?
b1011011100 B
b10111111010 9
02
#39950
b1 Z
b111 \
b111 X
b1 U
b111000 J
b110001 [
b110001 W
b111 V
b11111111111111111111111111111111 7
b1101 .
b1101 K
b11101110111 0
b11101110111 L
b111011100010111 1
b111011100010111 M
b111110011011 6
0)
#39955
b111000 $
b111000 I
b111000 R
1)
b10011111100 E
b1010000111 @
b100 >
b111110011011 4
b10111111110 3
1(
b1 ?
b1011011101 B
b10111111011 9
b1111111111 +
#39960
0!
b0 Z
b11 Y
b110 \
b110 X
b1 U
b1111101010 J
b1111100100 [
b11100100 W
b100 V
b111000 7
b0 :
b1110 .
b1110 K
b10001010010110 0
b10001010010110 L
b100010101010001 1
b100010101010001 M
0*
b111110011100 6
0)
#39965
1)
b11110100101 F
b111000 +
12
#39970
b111110011101 6
0)
#39975
1)
b11110100110 F
#39980
b111110011110 6
0)
#39985
1)
b11110100111 F
#39990
1!
b1 :
1*
b111110011111 6
0)
#39995
b1111101010 $
b1111101010 I
b1111101010 R
1)
b10011111101 E
b100 >
b111110011111 4
b10111111111 3
1(
b100 ?
b10111111100 9
02
#40000
0!
b1 Z
b1111010110 \
b11010110 X
b1001 U
b111 J
b110001 [
b110001 W
b111 V
b11111111111111111111111111101010 7
b0 :
b1111 .
b1111 K
b1000011101110110 0
b1000011101110110 L
b111011010011011 1
b111011010011011 M
0*
b111110100000 6
0)
#40005
1)
b11110101000 F
b1111101010 +
12
#40010
b111110100001 6
0)
#40015
1)
b11110101001 F
#40020
1!
b1 :
1*
b111110100010 6
0)
#40025
b111 $
b111 I
b111 R
1)
b10011111110 E
b1010001000 @
b100 >
b111110100010 4
b11000000000 3
1(
b11 ?
b1011011110 B
b10111111101 9
02
#40030
b0 Z
b10 Y
b0 \
b0 X
b1000 U
b0 J
b0 [
b0 W
b0 V
b111 7
b0 .
b0 K
b1111000101110000 0
b1111000101110000 L
b11111000 1
b11111000 M
b111110100011 6
0)
#40035
b0 $
b0 I
b0 R
1)
b10011111111 E
b1010010001 A
b100 >
b111110100011 4
b11000000001 3
1(
b1 ?
b10111111110 9
b111 +
#40040
b0 U
b0 7
b0 0
b0 L
b0 1
b0 M
0/
b111110100100 6
0)
#40045
0"
0T
1)
0(
b10111111111 9
b0 +
#40050
b1111010110 \
b11010110 X
b110 U
b1 Z
b1111101110 J
b11000 [
b11000 W
b1100 V
b0 <
b1 .
b1 K
b10011110101001 0
b10011110101001 L
b1101110001100000 1
b1101110001100000 M
1/
b111110100101 6
0)
#40055
1"
b1111101110 $
b1111101110 I
b1111101110 R
1T
1)
b100 >
b111110100101 4
1(
b11000000010 3
#40060
0!
b0 Z
b11 Y
b11110 \
b11110 X
b101 U
b1111111010 J
b1111011100 [
b11011100 W
b110 V
b11111111111111111111111111101110 7
b1 <
b0 :
b10 .
b10 K
b1010011110100110 0
b1010011110100110 L
b110000000110101 1
b110000000110101 M
0*
b111110100110 6
0)
#40065
1)
b11110101010 F
b1111101110 +
12
#40070
b111110100111 6
0)
#40075
1)
b11110101011 F
#40080
1!
b1 :
1*
b111110101000 6
0)
#40085
b1111111010 $
b1111111010 I
b1111111010 R
1)
b10100000000 E
b100 >
b111110101000 4
b11000000011 3
1(
b11 ?
b1011011111 B
b11000000000 9
02
#40090
b1 Z
b1111001000 \
b11001000 X
b111 U
b1111001001 J
b1 [
b1 W
b1111 V
b11111111111111111111111111111010 7
b11 .
b11 K
b1000000111111000 0
b1000000111111000 L
b1111100001110111 1
b1111100001110111 M
b111110101001 6
0)
#40095
b1111001001 $
b1111001001 I
b1111001001 R
1)
b10100000001 E
b1010010010 A
b1010001010 @
b100 >
b111110101001 4
b11000000100 3
1(
b1 ?
b1011100000 B
b11000000001 9
b1111111010 +
#40100
b0 Z
b10 Y
b1111010000 \
b11010000 X
b110 U
b1111001000 J
b1111111000 [
b11111000 W
b1100 V
b11111111111111111111111111001001 7
b100 .
b100 K
b1001010000101000 0
b1001010000101000 L
b10110010000110 1
b10110010000110 M
b111110101010 6
0)
#40105
b1111001000 $
b1111001000 I
b1111001000 R
1)
b10100000010 E
b1010010011 A
b100 >
b111110101010 4
b11000000101 3
1(
b1011100001 B
b11000000010 9
b1111001001 +
#40110
b0 \
b0 X
b0 U
b0 J
b0 [
b0 W
b0 V
b11111111111111111111111111001000 7
b0 .
b0 K
b0 0
b0 L
b0 1
b0 M
0/
b111110101011 6
0)
#40115
0"
0T
1)
0(
b1011100010 B
b11000000011 9
b1111001000 +
#40120
b1 Z
b1100 \
b1100 X
b10000 J
b100 [
b100 W
b1100 U
b1 V
b0 7
b0 <
b101 .
b101 K
b1111001101001101 0
b1111001101001101 L
b1110000111001011 1
b1110000111001011 M
0*
1/
b111110101100 6
0)
#40125
0!
1"
b10000 $
b10000 I
b10000 R
1T
1)
b100 >
b111110101100 4
1(
b11000000110 3
#40130
1!
b0 Z
b11 Y
b110001 \
b110001 X
b111 U
b101010 J
b1111111001 [
b11111001 W
b111 V
b10000 7
b1 <
b110 .
b110 K
b111011111110111 0
b111011111110111 L
b111011111110111 1
b111011111110111 M
1*
b111110101101 6
0)
#40135
b101010 $
b101010 I
b101010 R
1)
b10100000011 E
b1010001101 @
b100 >
b111110101101 4
b11000000111 3
1(
b11000000100 9
b10000 +
#40140
b1 Z
b1111110110 \
b11110110 X
b1110 U
b1111111101 J
b111 [
b111 W
b1111 V
b101010 7
b111 .
b111 K
b110111110010101 0
b110111110010101 L
b1111111111101100 1
b1111111111101100 M
b111110101110 6
0)
#40145
b1111111101 $
b1111111101 I
b1111111101 R
1)
b10100000100 E
b100 >
b111110101110 4
b11000001000 3
1(
b11000000101 9
b101010 +
#40150
0!
b0 Z
b10 Y
b1111101100 \
b11101100 X
b1100 U
b1111 J
b100011 [
b100011 W
b111 V
b11111111111111111111111111111101 7
b0 :
b1000 .
b1000 K
b1101111001010101 0
b1101111001010101 L
b11111111100 1
b11111111100 M
0*
b111110101111 6
0)
#40155
1)
b11110101100 F
b1111111101 +
12
#40160
1!
b1 :
1*
b111110110000 6
0)
#40165
b1111 $
b1111 I
b1111 R
1)
b10100000101 E
b1010001110 @
b100 >
b111110110000 4
b11000001001 3
1(
b10 ?
b1011100011 B
b11000000110 9
02
#40170
b1 Z
b1111111000 \
b11111000 X
b1000 U
b1111111000 J
b0 [
b0 W
b0 V
b1111 7
b1001 .
b1001 K
b11110000001 0
b11110000001 L
b1000000010000000 1
b1000000010000000 M
b111110110001 6
0)
#40175
b1111111000 $
b1111111000 I
b1111111000 R
1)
b10100000110 E
b1010010101 A
b100 >
b111110110001 4
b11000001010 3
1(
b1 ?
b11000000111 9
b1111 +
#40180
0!
b0 Z
b11 Y
b1111111001 \
b11111001 X
b1001 U
b1111110001 J
b1111111000 [
b11111000 W
b1110 V
b11111111111111111111111111111000 7
b0 :
b1010 .
b1010 K
b10010101000001 0
b10010101000001 L
b1110011100011001 1
b1110011100011001 M
0*
b111110110010 6
0)
#40185
1)
b11110101101 F
b1111111000 +
12
#40190
1!
b1 :
1*
b111110110011 6
0)
#40195
b1111110001 $
b1111110001 I
b1111110001 R
1)
b10100000111 E
b1010001111 @
b100 >
b111110110011 4
b11000001011 3
1(
b10 ?
b1011100100 B
b11000001000 9
02
#40200
b11 U
b1 Z
b1111110100 \
b11110100 X
b1111111010 J
b110 [
b110 W
b1101 V
b11111111111111111111111111110001 7
b1011 .
b1011 K
b10010111101100 0
b10010111101100 L
b1101110100111001 1
b1101110100111001 M
b111110110100 6
0)
#40205
b1111111010 $
b1111111010 I
b1111111010 R
1)
b10100001000 E
b100 >
b111110110100 4
b11000001100 3
1(
b1 ?
b1011100101 B
b11000001001 9
b1111110001 +
#40210
b0 Z
b10 Y
b0 \
b0 X
b0 U
b0 J
b0 [
b0 W
b0 V
b11111111111111111111111111111010 7
b0 .
b0 K
b0 0
b0 L
b0 1
b0 M
0/
b111110110101 6
0)
#40215
0"
0T
1)
0(
b1011100110 B
b11000001010 9
b1111111010 +
#40220
b111 \
b111 X
b1111 J
b1000 [
b1000 W
b1 U
b1111 V
b0 7
b0 <
b1100 .
b1100 K
b1111110000111 0
b1111110000111 L
b111111110000001 1
b111111110000001 M
1/
b111110110110 6
0)
#40225
1"
b1111 $
b1111 I
b1111 R
1T
1)
b1010010000 @
b1010010110 A
b100 >
b111110110110 4
1(
b11000001101 3
#40230
b1 Z
b0 \
b0 X
b0 U
b0 J
b0 [
b0 W
b110 V
b1111 7
b1 <
b1101 .
b1101 K
b1101100100001110 0
b1101100100001110 L
b10011000000111 1
b10011000000111 M
b111110110111 6
0)
#40235
b0 $
b0 I
b0 R
1)
b10100001001 E
b1010010001 @
b100 >
b111110110111 4
b11000001110 3
1(
b11000001011 9
b1111 +
#40240
b0 Z
b0 V
b0 7
b0 .
b0 K
b0 0
b0 L
b0 1
b0 M
0/
b111110111000 6
0)
#40245
0"
0T
1)
0(
b11000001100 9
b0 +
#40250
b11 Y
b1111101110 \
b11101110 X
b1111101110 J
b0 [
b0 W
b11 U
b0 V
b0 <
b1110 .
b1110 K
b110111101010 0
b110111101010 L
b100110011 1
b100110011 M
1/
b111110111001 6
0)
#40255
1"
b1111101110 $
b1111101110 I
b1111101110 R
1T
1)
b100 >
b111110111001 4
1(
b11000001111 3
#40260
0!
b1 Z
b110001 \
b110001 X
b111 U
b111000 J
b111 [
b111 W
b1 V
b11111111111111111111111111101110 7
b1 <
b0 :
b1111 .
b1111 K
b111011101110111 0
b111011101110111 L
b1100001110001 1
b1100001110001 M
0*
b111110111010 6
0)
#40265
1)
b11110101110 F
b1111101110 +
12
#40270
b111110111011 6
0)
#40275
1)
b11110101111 F
#40280
b111110111100 6
0)
#40285
1)
b11110110000 F
#40290
b111110111101 6
0)
#40295
1)
b11110110001 F
#40300
b111110111110 6
0)
#40305
1)
b11110110010 F
#40310
b111110111111 6
0)
#40315
1)
b11110110011 F
#40320
b111111000000 6
0)
#40325
1)
b11110110100 F
#40330
b111111000001 6
0)
#40335
1)
b11110110101 F
#40340
b111111000010 6
0)
#40345
1)
b11110110110 F
#40350
b111111000011 6
0)
#40355
1)
b11110110111 F
#40360
b111111000100 6
0)
#40365
1)
b11110111000 F
#40370
b111111000101 6
0)
#40375
1)
b11110111001 F
#40380
b111111000110 6
0)
#40385
1)
b11110111010 F
#40390
b111111000111 6
0)
#40395
1)
b11110111011 F
#40400
b111111001000 6
0)
#40405
1)
b11110111100 F
#40410
b111111001001 6
0)
#40415
1)
b11110111101 F
#40420
b111111001010 6
0)
#40425
1)
b11110111110 F
#40430
b111111001011 6
0)
#40435
1)
b11110111111 F
#40440
b111111001100 6
0)
#40445
1)
b11111000000 F
#40450
b111111001101 6
0)
#40455
1)
b11111000001 F
#40460
b111111001110 6
0)
#40465
1)
b11111000010 F
#40470
1!
b1 :
1*
b111111001111 6
0)
#40475
b111000 $
b111000 I
b111000 R
1)
b10100001010 E
b1010010111 A
b1010010010 @
b100 >
b111111001111 4
b11000010000 3
1(
b10110 ?
b1011100111 B
b11000001101 9
02
#40480
b0 Z
b10 Y
b0 \
b0 X
b0 U
b0 J
b0 [
b0 W
b0 V
b111000 7
b0 .
b0 K
b0 0
b0 L
b0 1
b0 M
0/
b111111010000 6
0)
#40485
0"
0T
1)
0(
b1 ?
b11000001110 9
b111000 +
#40490
b0 7
b0 <
b111111010001 6
0)
#40495
1)
#40500
b1111111011 \
b11111011 X
b1111010111 J
b1111011100 [
b11011100 W
b1111 U
b110 V
b10110100101 0
b10110100101 L
b11010011111 1
b11010011111 M
0*
1/
b111111010010 6
0)
#40505
0!
1"
b1111010111 $
b1111010111 I
b1111010111 R
1T
1)
b100 >
b111111010010 4
1(
b11000010001 3
#40510
1!
b0 \
b0 X
b0 U
b0 J
b0 [
b0 W
b0 V
b11111111111111111111111111010111 7
b1 <
b0 0
b0 L
b0 1
b0 M
1*
0/
b111111010011 6
0)
#40515
0"
0T
1)
0(
b1011101000 B
b11000001111 9
b1111010111 +
#40520
b1 Z
b1110 \
b1110 X
b1111111110 J
b1111110000 [
b11110000 W
b1001 U
b100 V
b0 7
b0 <
b1 .
b1 K
b100111111001110 0
b100111111001110 L
b1000010010011111 1
b1000010010011111 M
0*
1/
b111111010100 6
0)
#40525
0!
1"
b1111111110 $
b1111111110 I
b1111111110 R
1T
1)
b1010011000 A
b100 >
b111111010100 4
1(
b11000010010 3
#40530
1!
b0 Z
b0 \
b0 X
b0 U
b0 J
b0 [
b0 W
b0 V
b11111111111111111111111111111110 7
b1 <
b0 .
b0 K
b0 0
b0 L
b0 1
b0 M
1*
0/
b111111010101 6
0)
#40535
0"
0T
1)
0(
b1011101001 B
b11000010000 9
b1111111110 +
#40540
b0 7
b0 <
b111111010110 6
0)
#40545
1)
#40550
b11 Y
b0 V
b10 .
b10 K
b1000100000111 0
b1000100000111 L
b111101110000 1
b111101110000 M
1/
b111111010111 6
0)
#40555
1"
b0 $
b0 I
b0 R
1T
1)
b1010010011 @
b100 >
b111111010111 4
1(
b11000010011 3
#40560
0!
b1 Z
b1111111010 [
b11111010 W
b1111100101 J
b1111101011 \
b11101011 X
b111 U
b1111 V
b1 <
b0 :
b11 .
b11 K
b1110111001101101 0
b1110111001101101 L
b1111001101111101 1
b1111001101111101 M
0*
b111111011000 6
0)
#40565
1)
b11111000011 F
b0 +
12
#40570
1!
b1 :
1*
b111111011001 6
0)
#40575
b1111100101 $
b1111100101 I
b1111100101 R
1)
b10100001011 E
b1010010100 @
b100 >
b111111011001 4
b11000010100 3
1(
b10 ?
b11000010001 9
02
#40580
b0 Z
b10 Y
b1111111010 \
b11111010 X
b1111 U
b110 J
b1100 [
b1100 W
b11 V
b11111111111111111111111111100101 7
b100 .
b100 K
b110011101000110 0
b110011101000110 L
b1001100111111 1
b1001100111111 M
b111111011010 6
0)
#40585
b110 $
b110 I
b110 R
1)
b10100001100 E
b100 >
b111111011010 4
b11000010101 3
1(
b1 ?
b1011101010 B
b11000010010 9
b1111100101 +
#40590
b1 Z
b0 \
b0 X
b0 J
b0 [
b0 W
b1111 V
b110 7
b101 .
b101 K
b111111100000000 0
b111111100000000 L
b1111111111111 1
b1111111111111 M
b111111011011 6
0)
#40595
b0 $
b0 I
b0 R
1)
b10100001101 E
b100 >
b111111011011 4
b11000010110 3
1(
b11000010011 9
b110 +
#40600
0!
b0 Z
b11 Y
b1111111000 J
b1111111000 \
b11111000 X
b100 U
b0 V
b0 7
b0 :
b110 .
b110 K
b100000001110 0
b100000001110 L
b10001100100 1
b10001100100 M
0*
b111111011100 6
0)
#40605
1)
b11111000100 F
b0 +
12
#40610
1!
b1 :
1*
b111111011101 6
0)
#40615
b1111111000 $
b1111111000 I
b1111111000 R
1)
b10100001110 E
b100 >
b111111011101 4
b11000010111 3
1(
b10 ?
b11000010100 9
02
#40620
b10 Y
b0 J
b0 \
b0 X
b0 U
b11111111111111111111111111111000 7
b0 .
b0 K
b0 0
b0 L
b0 1
b0 M
0/
b111111011110 6
0)
#40625
0"
0T
1)
0(
b1 ?
b1011101011 B
b11000010101 9
b1111111000 +
#40630
b1 Z
b1111101110 [
b11101110 W
b11 V
b11 Y
b1111110010 J
b100 \
b100 X
b1100 U
b0 7
b0 <
b111 .
b111 K
b100010010101111 0
b100010010101111 L
b11000011001011 1
b11000011001011 M
1/
b111111011111 6
0)
#40635
1"
b1111110010 $
b1111110010 I
b1111110010 R
1T
1)
b100 >
b111111011111 4
1(
b11000011000 3
#40640
0!
b0 Z
b10 Y
b0 \
b0 X
b1111 U
b0 J
b0 [
b0 W
b1 V
b11111111111111111111111111110010 7
b1 <
b0 :
b1000 .
b1000 K
b111000000000000 0
b111000000000000 L
b1000110001111 1
b1000110001111 M
0*
b111111100000 6
0)
#40645
1)
b11111000101 F
b1111110010 +
12
#40650
b111111100001 6
0)
#40655
1)
b11111000110 F
#40660
b111111100010 6
0)
#40665
1)
b11111000111 F
#40670
1!
b1 :
1*
b111111100011 6
0)
#40675
b0 $
b0 I
b0 R
1)
b10100001111 E
b1010011001 A
b100 >
b111111100011 4
b11000011001 3
1(
b100 ?
b1011101100 B
b11000010110 9
02
#40680
b1 Z
b1000 J
b1000 [
b1000 W
b100 U
b1111 V
b0 7
b1001 .
b1001 K
b1100011010000000 0
b1100011010000000 L
b1111101000100 1
b1111101000100 M
b111111100100 6
0)
#40685
b1000 $
b1000 I
b1000 R
1)
b10100010000 E
b100 >
b111111100100 4
b11000011010 3
1(
b1 ?
b11000010111 9
b0 +
#40690
0!
b0 Z
b11 Y
b0 \
b0 X
b0 U
b100000 J
b100000 [
b100000 W
b1100 V
b1000 7
b0 :
b1010 .
b1010 K
b111010010001110 0
b111010010001110 L
b1100101100010000 1
b1100101100010000 M
0*
b111111100101 6
0)
#40695
1)
b11111001000 F
b1000 +
12
#40700
1!
b1 :
1*
b111111100110 6
0)
#40705
b100000 $
b100000 I
b100000 R
1)
b10100010001 E
b100 >
b111111100110 4
b11000011011 3
1(
b10 ?
b11000011000 9
02
#40710
0!
b1 Z
b1111111001 \
b11111001 X
b1111 U
b1111111001 J
b0 [
b0 W
b1 V
b100000 7
b0 :
b1011 .
b1011 K
b1111100000000111 0
b1111100000000111 L
b1011111111111 1
b1011111111111 M
0*
b111111100111 6
0)
#40715
1)
b11111001001 F
b100000 +
12
#40720
1!
b1 :
1*
b111111101000 6
0)
#40725
b1111111001 $
b1111111001 I
b1111111001 R
1)
b10100010010 E
b1010010101 @
b100 >
b111111101000 4
b11000011100 3
1(
b11000011001 9
02
#40730
0!
b0 Z
b10 Y
b1111101100 [
b11101100 W
b1111101001 J
b1111111101 \
b11111101 X
b1101 U
b100 V
b11111111111111111111111111111001 7
b0 :
b1100 .
b1100 K
b1000001010110001 0
b1000001010110001 L
b10010000001101 1
b10010000001101 M
0*
b111111101001 6
0)
#40735
1)
b11111001010 F
b1111111001 +
12
#40740
1!
b1 :
1*
b111111101010 6
0)
#40745
b1111101001 $
b1111101001 I
b1111101001 R
1)
b10100010011 E
b100 >
b111111101010 4
b11000011101 3
1(
b1011101101 B
b11000011010 9
02
#40750
0!
b1 Z
b1111111001 \
b11111001 X
b1 U
b1 J
b1000 [
b1000 W
b1111 V
b11111111111111111111111111101001 7
b0 :
b1101 .
b1101 K
b101110110001001 0
b101110110001001 L
b1001111100010000 1
b1001111100010000 M
0*
b111111101011 6
0)
#40755
1)
b11111001011 F
b1111101001 +
12
#40760
1!
b1 :
1*
b111111101100 6
0)
#40765
b1 $
b1 I
b1 R
1)
b10100010100 E
b100 >
b111111101100 4
b11000011110 3
1(
b1011101110 B
b11000011011 9
02
#40770
b0 Z
b11 Y
b1111111111 \
b11111111 X
b1111 U
b0 J
b1 [
b1 W
b1 V
b1 7
b1110 .
b1110 K
b1111111100010001 0
b1111111100010001 L
b1000000001111 1
b1000000001111 M
b111111101101 6
0)
#40775
b0 $
b0 I
b0 R
1)
b10100010101 E
b100 >
b111111101101 4
b11000011111 3
1(
b1 ?
b11000011100 9
b1 +
#40780
0!
b10 Y
b0 \
b0 X
b0 U
b0 J
b0 [
b0 W
b0 V
b0 7
b0 :
b0 .
b0 K
b0 0
b0 L
b0 1
b0 M
0*
0/
b111111101110 6
0)
#40785
1)
b0 +
12
#40790
1!
b1 :
1*
b111111101111 6
0)
#40795
0"
0T
1)
0(
b10 ?
b11000011101 9
02
#40800
b1 Z
b11 Y
b0 \
b0 X
b11001 J
b11001 [
b11001 W
b0 U
b1011 V
b0 <
b1111 .
b1111 K
b1110001010111110 0
b1110001010111110 L
b1011111100001101 1
b1011111100001101 M
1/
b111111110000 6
0)
#40805
1"
b11001 $
b11001 I
b11001 R
1T
1)
b100 >
b111111110000 4
1(
b11000100000 3
#40810
0!
b0 Z
b10 Y
b1111111101 \
b11111101 X
b1 U
b100101 J
b101000 [
b101000 W
b1000 V
b11001 7
b1 <
b0 :
b0 .
b0 K
b1110001110111101 0
b1110001110111101 L
b1100000010001 1
b1100000010001 M
0*
b111111110001 6
0)
#40815
1)
b11111001100 F
b11001 +
12
#40820
b111111110010 6
0)
#40825
1)
b11111001101 F
#40830
b111111110011 6
0)
#40835
1)
b11111001110 F
#40840
b111111110100 6
0)
#40845
1)
b11111001111 F
#40850
b111111110101 6
0)
#40855
1)
b11111010000 F
#40860
b111111110110 6
0)
#40865
1)
b11111010001 F
#40870
b111111110111 6
0)
#40875
1)
b11111010010 F
#40880
b111111111000 6
0)
#40885
1)
b11111010011 F
#40890
b111111111001 6
0)
#40895
1)
b11111010100 F
#40900
b111111111010 6
0)
#40905
1)
b11111010101 F
#40910
b111111111011 6
0)
#40915
1)
b11111010110 F
#40920
b111111111100 6
0)
#40925
1)
b11111010111 F
#40930
b111111111101 6
0)
#40935
1)
b11111011000 F
#40940
b111111111110 6
0)
#40945
1)
b11111011001 F
#40950
b111111111111 6
0)
#40955
1)
b11111011010 F
#40960
b1000000000000 6
0)
#40965
1)
b11111011011 F
#40970
b1000000000001 6
0)
#40975
1)
b11111011100 F
#40980
b1000000000010 6
0)
#40985
1)
b11111011101 F
#40990
1!
b1 :
1*
b1000000000011 6
0)
#40995
b100101 $
b100101 I
b100101 R
1)
b10100010110 E
b1010011010 A
b100 >
b1000000000011 4
b11000100001 3
1(
b10011 ?
b11000011110 9
02
#41000
0!
b0 \
b0 X
b0 U
b0 J
b0 [
b0 W
b0 V
b100101 7
b0 :
b0 0
b0 L
b0 1
b0 M
0*
0/
b1000000000100 6
0)
#41005
1)
b100101 +
12
#41010
1!
b1 Z
b1000 J
b1000 \
b1000 X
b1111 U
b1000 V
b1 :
b1 .
b1 K
b111000000001000 0
b111000000001000 L
b100011111000 1
b100011111000 M
1*
1/
b1000000000101 6
0)
#41015
b1000 $
b1000 I
b1000 R
1)
b10100010111 E
b1010011100 A
b100 >
b1000000000101 4
b11000100010 3
1(
b10 ?
b11000011111 9
02
#41020
b0 Z
b0 J
b0 \
b0 X
b0 U
b0 V
b1000 7
b0 .
b0 K
b0 0
b0 L
b0 1
b0 M
0/
b1000000000110 6
0)
#41025
0"
0T
1)
0(
b1 ?
b11000100000 9
b1000 +
#41030
b11 Y
b1100 \
b1100 X
b1001 J
b1111111101 [
b11111101 W
b110 U
b1101 V
b0 7
b0 <
b10 .
b10 K
b1010100100010010 0
b1010100100010010 L
b1101001101110110 1
b1101001101110110 M
1/
b1000000000111 6
0)
#41035
1"
b1001 $
b1001 I
b1001 R
1T
1)
b1010010110 @
b100 >
b1000000000111 4
1(
b11000100011 3
#41040
b1000 U
b1 Z
b10000 \
b10000 X
b1111111000 J
b1111101000 [
b11101000 W
b110 V
b1001 7
b1 <
b11 .
b11 K
b1010110111001110 0
b1010110111001110 L
b110101110000110 1
b110101110000110 M
b1000000001000 6
0)
#41045
b1111111000 $
b1111111000 I
b1111111000 R
1)
b10100011000 E
b1010011101 A
b100 >
b1000000001000 4
b11000100100 3
1(
b11000100001 9
b1001 +
#41050
0!
b0 Z
b10 Y
b0 \
b0 X
b0 U
b0 J
b0 [
b0 W
b0 V
b11111111111111111111111111111000 7
b0 :
b0 .
b0 K
b0 0
b0 L
b0 1
b0 M
0*
0/
b1000000001001 6
0)
#41055
1)
b1111111000 +
12
#41060
1!
b1 :
1*
b1000000001010 6
0)
#41065
0"
0T
1)
0(
b10 ?
b1011101111 B
b11000100010 9
02
#41070
b1111111001 \
b11111001 X
b1 J
b1000 [
b1000 W
b111 U
b1111 V
b0 7
b0 <
b100 .
b100 K
b111000010001111 0
b111000010001111 L
b111111110000111 1
b111111110000111 M
1/
b1000000001011 6
0)
#41075
1"
b1 $
b1 I
b1 R
1T
1)
b1010011110 A
b1010011000 @
b100 >
b1000000001011 4
1(
b11000100101 3
#41080
0!
b1 Z
b1111110010 \
b11110010 X
b1110 U
b10110 J
b100100 [
b100100 W
b1010 V
b1 7
b1 <
b0 :
b101 .
b101 K
b111110110100111 0
b111110110100111 L
b1100101011101101 1
b1100101011101101 M
0*
b1000000001100 6
0)
#41085
1)
b11111011110 F
b1 +
12
#41090
b1000000001101 6
0)
#41095
1)
b11111011111 F
#41100
b1000000001110 6
0)
#41105
1)
b11111100000 F
#41110
b1000000001111 6
0)
#41115
1)
b11111100001 F
#41120
b1000000010000 6
0)
#41125
1)
b11111100010 F
#41130
b1000000010001 6
0)
#41135
1)
b11111100011 F
#41140
1!
b1 :
1*
b1000000010010 6
0)
#41145
b10110 $
b10110 I
b10110 R
1)
b10100011001 E
b100 >
b1000000010010 4
b11000100110 3
1(
b111 ?
b11000100011 9
02
#41150
b0 Z
b0 \
b0 X
b0 U
b0 J
b0 [
b0 W
b0 V
b10110 7
b0 .
b0 K
b0 0
b0 L
b0 1
b0 M
0/
b1000000010011 6
0)
#41155
0"
0T
1)
0(
b1 ?
b11000100100 9
b10110 +
#41160
b11 Y
b10010 \
b10010 X
b1100 J
b1111111010 [
b11111010 W
b1101 U
b10 V
b0 7
b0 <
b110 .
b110 K
b100011111011010 0
b100011111011010 L
b10110001011101 1
b10110001011101 M
1/
b1000000010100 6
0)
#41165
1"
b1100 $
b1100 I
b1100 R
1T
1)
b100 >
b1000000010100 4
1(
b11000100111 3
#41170
b10 Y
b0 \
b0 X
b0 U
b0 J
b0 [
b0 W
b0 V
b1100 7
b1 <
b0 .
b0 K
b0 0
b0 L
b0 1
b0 M
0/
b1000000010101 6
0)
#41175
0"
0T
1)
0(
b11000100101 9
b1100 +
#41180
b1 Z
b11 Y
b0 U
b1000 V
b0 7
b0 <
b111 .
b111 K
b1100000000000 0
b1100000000000 L
b1000111100001111 1
b1000111100001111 M
0*
1/
b1000000010110 6
0)
#41185
0!
1"
b0 $
b0 I
b0 R
1T
1)
b1010011111 A
b100 >
b1000000010110 4
1(
b11000101000 3
#41190
b0 Z
b10 Y
b1000 \
b1000 X
b1100 J
b100 [
b100 W
b1100 U
b10 V
b1 <
b0 :
b1000 .
b1000 K
b1011101000101110 0
b1011101000101110 L
b110001011011100 1
b110001011011100 M
b1000000010111 6
0)
#41195
1)
b11111100100 F
b0 +
12
#41200
b1000000011000 6
0)
#41205
1)
b11111100101 F
#41210
1!
b1 :
1*
b1000000011001 6
0)
#41215
b1100 $
b1100 I
b1100 R
1)
b10100011010 E
b100 >
b1000000011001 4
b11000101001 3
1(
b11 ?
b11000100110 9
02
#41220
b0 \
b0 X
b0 U
b0 J
b0 [
b0 W
b0 V
b1100 7
b0 .
b0 K
b0 0
b0 L
b0 1
b0 M
0/
b1000000011010 6
0)
#41225
0"
0T
1)
0(
b1 ?
b11000100111 9
b1100 +
#41230
b0 7
b0 <
b1000000011011 6
0)
#41235
1)
#41240
b1 Z
b110 \
b110 X
b10100 J
b1110 [
b1110 W
b1110 U
b1001 V
b1001 .
b1001 K
b1110101111101101 0
b1110101111101101 L
b11100111100011 1
b11100111100011 M
0*
1/
b1000000011100 6
0)
#41245
0!
1"
b10100 $
b10100 I
b10100 R
1T
1)
b100 >
b1000000011100 4
1(
b11000101010 3
#41250
b0 Z
b11 Y
b0 \
b0 X
b0 U
b1111111000 J
b1111111000 [
b11111000 W
b1000 V
b10100 7
b1 <
b0 :
b1010 .
b1010 K
b111011100011111 0
b111011100011111 L
b1000100011110000 1
b1000100011110000 M
b1000000011101 6
0)
#41255
1)
b11111100110 F
b10100 +
12
#41260
1!
b1 :
1*
b1000000011110 6
0)
#41265
b1111111000 $
b1111111000 I
b1111111000 R
1)
b10100011011 E
b1010100001 A
b100 >
b1000000011110 4
b11000101011 3
1(
b10 ?
b11000101000 9
02
#41270
b1 Z
b1111111010 \
b11111010 X
b1101 U
b1111101100 J
b1111110010 [
b11110010 W
b111 V
b11111111111111111111111111111000 7
b1011 .
b1011 K
b1110001011100010 0
b1110001011100010 L
b111101111010001 1
b111101111010001 M
b1000000011111 6
0)
#41275
b1111101100 $
b1111101100 I
b1111101100 R
1)
b10100011100 E
b1010011001 @
b100 >
b1000000011111 4
b11000101100 3
1(
b1 ?
b1011110000 B
b11000101001 9
b1111111000 +
#41280
b0 Z
b10 Y
b0 \
b0 X
b0 U
b0 J
b0 [
b0 W
b0 V
b11111111111111111111111111101100 7
b0 .
b0 K
b0 0
b0 L
b0 1
b0 M
0/
b1000000100000 6
0)
#41285
0"
0T
1)
0(
b1011110001 B
b11000101010 9
b1111101100 +
#41290
b1100 \
b1100 X
b100101 J
b11001 [
b11001 W
b1101 U
b1011 V
b0 7
b0 <
b1100 .
b1100 K
b1111101110111100 0
b1111101110111100 L
b1011101111001101 1
b1011101111001101 M
1/
b1000000100001 6
0)
#41295
1"
b100101 $
b100101 I
b100101 R
1T
1)
b100 >
b1000000100001 4
1(
b11000101101 3
#41300
b1 Z
b0 \
b0 X
b0 U
b1 J
b1 [
b1 W
b1 V
b100101 7
b1 <
b1101 .
b1101 K
b1111011100010111 0
b1111011100010111 L
b1000100000000 1
b1000100000000 M
b1000000100010 6
0)
#41305
b1 $
b1 I
b1 R
1)
b10100011101 E
b100 >
b1000000100010 4
b11000101110 3
1(
b11000101011 9
b100101 +
#41310
b0 Z
b11 Y
b0 \
b0 X
b0 U
b0 J
b0 [
b0 W
b0 V
b1 7
b1110 .
b1110 K
b10010001111 0
b10010001111 L
b10001010000 1
b10001010000 M
b1000000100011 6
0)
#41315
b0 $
b0 I
b0 R
1)
b10100011110 E
b100 >
b1000000100011 4
b11000101111 3
1(
b11000101100 9
b1 +
#41320
b1 Z
b1111100010 \
b11100010 X
b1010 U
b1111110010 J
b10000 [
b10000 W
b1000 V
b0 7
b1111 .
b1111 K
b100111111100101 0
b100111111100101 L
b1000011010100001 1
b1000011010100001 M
b1000000100100 6
0)
#41325
b1111110010 $
b1111110010 I
b1111110010 R
1)
b10100011111 E
b1010100010 A
b100 >
b1000000100100 4
b11000110000 3
1(
b11000101101 9
b0 +
#41330
b0 Z
b10 Y
b1 \
b1 X
b1 U
b1 J
b0 [
b0 W
b111 V
b11111111111111111111111111110010 7
b0 .
b0 K
b1000000100000001 0
b1000000100000001 L
b1011111110001 1
b1011111110001 M
b1000000100101 6
0)
#41335
b1 $
b1 I
b1 R
1)
b10100100000 E
b1010011010 @
b100 >
b1000000100101 4
b11000110001 3
1(
b1011110010 B
b11000101110 9
b1111110010 +
#41340
0!
b1 Z
b1111111111 [
b11111111 W
b1011 J
b1100 \
b1100 X
b100 U
b1 V
b1 7
b0 :
b1 .
b1 K
b111110011110011 0
b111110011110011 L
b110000101000101 1
b110000101000101 M
0*
b1000000100110 6
0)
#41345
1)
b11111100111 F
b1 +
12
#41350
b1000000100111 6
0)
#41355
1)
b11111101000 F
#41360
b1000000101000 6
0)
#41365
1)
b11111101001 F
#41370
b1000000101001 6
0)
#41375
1)
b11111101010 F
#41380
b1000000101010 6
0)
#41385
1)
b11111101011 F
#41390
b1000000101011 6
0)
#41395
1)
b11111101100 F
#41400
b1000000101100 6
0)
#41405
1)
b11111101101 F
#41410
b1000000101101 6
0)
#41415
1)
b11111101110 F
#41420
b1000000101110 6
0)
#41425
1)
b11111101111 F
#41430
b1000000101111 6
0)
#41435
1)
b11111110000 F
#41440
b1000000110000 6
0)
#41445
1)
b11111110001 F
#41450
b1000000110001 6
0)
#41455
1)
b11111110010 F
#41460
b1000000110010 6
0)
#41465
1)
b11111110011 F
#41470
b1000000110011 6
0)
#41475
1)
b11111110100 F
#41480
b1000000110100 6
0)
#41485
1)
b11111110101 F
#41490
b1000000110101 6
0)
#41495
1)
b11111110110 F
#41500
b1000000110110 6
0)
#41505
1)
b11111110111 F
#41510
b1000000110111 6
0)
#41515
1)
b11111111000 F
#41520
b1000000111000 6
0)
#41525
1)
b11111111001 F
#41530
b1000000111001 6
0)
#41535
1)
b11111111010 F
#41540
1!
b1 :
1*
b1000000111010 6
0)
#41545
b1011 $
b1011 I
b1011 R
1)
b10100100001 E
b100 >
b1000000111010 4
b11000110010 3
1(
b10101 ?
b11000101111 9
02
#41550
0!
b0 Z
b11 Y
b1111001000 \
b11001000 X
b111 U
b1110111100 J
b1111110100 [
b11110100 W
b110 V
b1011 7
b0 :
b10 .
b10 K
b1101110011101000 0
b1101110011101000 L
b110011010000111 1
b110011010000111 M
0*
b1000000111011 6
0)
#41555
1)
b11111111011 F
b1011 +
12
#41560
b1000000111100 6
0)
#41565
1)
b11111111100 F
#41570
1!
b1 :
1*
b1000000111101 6
0)
#41575
b1110111100 $
b1110111100 I
b1110111100 R
1)
b10100100010 E
b1010100011 A
b1010011011 @
b100 >
b1000000111101 4
b11000110011 3
1(
b11 ?
b11000110000 9
02
#41580
b10 Y
b0 \
b0 X
b0 U
b0 J
b0 [
b0 W
b0 V
b11111111111111111111111110111100 7
b0 .
b0 K
b0 0
b0 L
b0 1
b0 M
0/
b1000000111110 6
0)
#41585
0"
0T
1)
0(
b1 ?
b1011110011 B
b11000110001 9
b1110111100 +
#41590
b0 7
b0 <
b1000000111111 6
0)
#41595
1)
#41600
b1 Z
b1000 V
b11 Y
b1111111000 J
b1111111000 \
b11111000 X
b1 U
b11 .
b11 K
b100000001000 0
b100000001000 L
b1000000000010001 1
b1000000000010001 M
0*
1/
b1000001000000 6
0)
#41605
0!
1"
b1111111000 $
b1111111000 I
b1111111000 R
1T
1)
b1010100100 A
b100 >
b1000001000000 4
1(
b11000110100 3
#41610
b0 Z
b10 Y
b1010 J
b1010 \
b1010 X
b1011 U
b1100 V
b11111111111111111111111111111000 7
b1 <
b0 :
b100 .
b100 K
b1000101000001110 0
b1000101000001110 L
b1111110011001011 1
b1111110011001011 M
b1000001000001 6
0)
#41615
1)
b11111111101 F
b1111111000 +
12
#41620
1!
b1 :
1*
b1000001000010 6
0)
#41625
b1010 $
b1010 I
b1010 R
1)
b10100100011 E
b100 >
b1000001000010 4
b11000110101 3
1(
b10 ?
b1011110100 B
b11000110010 9
02
#41630
b0 J
b0 \
b0 X
b0 U
b0 V
b1010 7
b0 .
b0 K
b0 0
b0 L
b0 1
b0 M
0/
b1000001000011 6
0)
#41635
0"
0T
1)
0(
b1 ?
b11000110011 9
b1010 +
#41640
b1 Z
b1111111101 \
b11111101 X
b10101 J
b11000 [
b11000 W
b11 U
b100 V
b0 7
b0 <
b101 .
b101 K
b111000001101111 0
b111000001101111 L
b1111010000110111 1
b1111010000110111 M
1/
b1000001000100 6
0)
#41645
1"
b10101 $
b10101 I
b10101 R
1T
1)
b1010011100 @
b100 >
b1000001000100 4
1(
b11000110110 3
#41650
b0 Z
b11 Y
b1000 \
b1000 X
b1000 U
b1 J
b1111111001 [
b11111001 W
b1111 V
b10101 7
b1 <
b110 .
b110 K
b1000000101111111 0
b1000000101111111 L
b1111000001111000 1
b1111000001111000 M
b1000001000101 6
0)
#41655
b1 $
b1 I
b1 R
1)
b10100100100 E
b1010011101 @
b1010100101 A
b100 >
b1000001000101 4
b11000110111 3
1(
b11000110100 9
b10101 +
#41660
0!
b1001 U
b1 Z
b1111010110 \
b11010110 X
b1111010001 J
b1111111011 [
b11111011 W
b1 7
b0 :
b111 .
b111 K
b1101101010110 0
b1101101010110 L
b1111101010011000 1
b1111101010011000 M
0*
b1000001000110 6
0)
#41665
1)
b11111111110 F
b1 +
12
#41670
1!
b1 :
1*
b1000001000111 6
0)
#41675
b1111010001 $
b1111010001 I
b1111010001 R
1)
b10100100101 E
b1010100110 A
b100 >
b1000001000111 4
b11000111000 3
1(
b10 ?
b11000110101 9
02
#41680
b0 Z
b10 Y
b0 \
b0 X
b0 U
b11000 J
b11000 [
b11000 W
b110 V
b11111111111111111111111111010001 7
b1000 .
b1000 K
b1000000101001111 0
b1000000101001111 L
b1011011001110000 1
b1011011001110000 M
b1000001001000 6
0)
#41685
b11000 $
b11000 I
b11000 R
1)
b10100100110 E
b1010011110 @
b100 >
b1000001001000 4
b11000111001 3
1(
b1 ?
b1011110101 B
b11000110110 9
b1111010001 +
#41690
0!
b0 J
b0 [
b0 W
b0 V
b11000 7
b0 :
b0 .
b0 K
b0 0
b0 L
b0 1
b0 M
0*
0/
b1000001001001 6
0)
#41695
1)
b11000 +
12
#41700
1!
b1 Z
b1111001000 \
b11001000 X
b1111111001 J
b110001 [
b110001 W
b111 U
b111 V
b1 :
b1001 .
b1001 K
b1111000001111000 0
b1111000001111000 L
b1011101111111 1
b1011101111111 M
1*
1/
b1000001001010 6
0)
#41705
b1111111001 $
b1111111001 I
b1111111001 R
1)
b10100100111 E
b1010100000 @
b100 >
b1000001001010 4
b11000111010 3
1(
b10 ?
b11000110111 9
02
#41710
0!
b0 Z
b11 Y
b1100 \
b1100 X
b110 U
b101111 J
b100011 [
b100011 W
b111 V
b11111111111111111111111111111001 7
b0 :
b1010 .
b1010 K
b11001001010010 0
b11001001010010 L
b111001111110110 1
b111001111110110 M
0*
b1000001001011 6
0)
#41715
1)
b11111111111 F
b1111111001 +
12
#41720
b1000001001100 6
0)
#41725
1)
b100000000000 F
#41730
1!
b1 :
1*
b1000001001101 6
0)
#41735
b101111 $
b101111 I
b101111 R
1)
b10100101000 E
b1010100001 @
b100 >
b1000001001101 4
b11000111011 3
1(
b11 ?
b1011110110 B
b11000111000 9
02
#41740
b10 Y
b0 \
b0 X
b0 U
b0 J
b0 [
b0 W
b0 V
b101111 7
b0 .
b0 K
b0 0
b0 L
b0 1
b0 M
0/
b1000001001110 6
0)
#41745
0"
0T
1)
0(
b1 ?
b11000111001 9
b101111 +
#41750
b1 Z
b11 Y
b1111 \
b1111 X
b1011 J
b1111111100 [
b11111100 W
b1101 U
b100 V
b0 7
b0 <
b1011 .
b1011 K
b11100011111011 0
b11100011111011 L
b100000111010111 1
b100000111010111 M
0*
1/
b1000001001111 6
0)
#41755
0!
1"
b1011 $
b1011 I
b1011 R
1T
1)
b1010100010 @
b100 >
b1000001001111 4
1(
b11000111100 3
#41760
1!
b0 Z
b10 Y
b1111111000 \
b11111000 X
b1 U
b1111110000 J
b1111111000 [
b11111000 W
b1000 V
b1011 7
b1 <
b1100 .
b1100 K
b1111011100011000 0
b1111011100011000 L
b1000100000000001 1
b1000100000000001 M
1*
b1000001010000 6
0)
#41765
b1111110000 $
b1111110000 I
b1111110000 R
1)
b10100101001 E
b1010101000 A
b100 >
b1000001010000 4
b11000111101 3
1(
b11000111010 9
b1011 +
#41770
b1 Z
b0 \
b0 X
b0 U
b1111101100 J
b1111101100 [
b11101100 W
b101 V
b11111111111111111111111111110000 7
b1101 .
b1101 K
b10010011000000 0
b10010011000000 L
b1000010100001100 1
b1000010100001100 M
b1000001010001 6
0)
#41775
b1111101100 $
b1111101100 I
b1111101100 R
1)
b10100101010 E
b1010101001 A
b100 >
b1000001010001 4
b11000111110 3
1(
b1011110111 B
b11000111011 9
b1111110000 +
#41780
0!
b0 Z
b11 Y
b1111111110 \
b11111110 X
b10 U
b1111110000 J
b1111110010 [
b11110010 W
b1110 V
b11111111111111111111111111101100 7
b0 :
b1110 .
b1110 K
b10010001111111 0
b10010001111111 L
b1110101010010010 1
b1110101010010010 M
0*
b1000001010010 6
0)
#41785
1)
b100000000001 F
b1111101100 +
12
#41790
1!
b1 :
1*
b1000001010011 6
0)
#41795
b1111110000 $
b1111110000 I
b1111110000 R
1)
b10100101011 E
b100 >
b1000001010011 4
b11000111111 3
1(
b10 ?
b1011111000 B
b11000111100 9
02
#41800
b10 Y
b0 \
b0 X
b0 U
b0 J
b0 [
b0 W
b0 V
b11111111111111111111111111110000 7
b0 .
b0 K
b0 0
b0 L
b0 1
b0 M
0/
b1000001010100 6
0)
#41805
0"
0T
1)
0(
b1 ?
b1011111001 B
b11000111101 9
b1111110000 +
#41810
b0 7
b0 <
b1000001010101 6
0)
#41815
1)
#41820
b1000001010110 6
0)
#41825
1)
#41830
0*
b1000001010111 6
0)
#41835
1)
#41840
b1 Z
b11 Y
b1000 U
b1111 V
b1111 .
b1111 K
b11100000000 0
b11100000000 L
b1111011110000111 1
b1111011110000111 M
1*
1/
b1000001011000 6
0)
#41845
1"
b0 $
b0 I
b0 R
1T
1)
b1010101010 A
b1010100100 @
b100 >
b1000001011000 4
1(
b11001000000 3
#41850
b0 Z
b10 Y
b0 U
b0 V
b1 <
b0 .
b0 K
b0 0
b0 L
b0 1
b0 M
0/
b1000001011001 6
0)
#41855
0"
0T
1)
0(
b11000111110 9
b0 +
#41860
b0 <
b1000001011010 6
0)
#41865
1)
#41870
b1000001011011 6
0)
#41875
1)
#41880
b100000000 >
b1000001011100 6
0)
