seed,regime,capacity,remote_ns,sample_rate,policy,migration_pair_ns,placement,moved_pairs,service_cost_ns,migration_cost_ns,total_cost_ns,static_cost_ns,speedup
0,frequency-aligned,2,200,0.01,frequency,0,5;7,2,558800.0,0,558800.0,557300.0,0.9973156764495347
0,frequency-aligned,2,200,0.01,frequency,5000,5;7,2,558800.0,10000,568800.0,557300.0,0.9797819971870605
0,frequency-aligned,2,200,0.01,frequency,20000,5;7,2,558800.0,40000,598800.0,557300.0,0.9306947227788911
0,frequency-aligned,2,200,0.01,residual,0,5;7,2,558800.0,0,558800.0,557300.0,0.9973156764495347
0,frequency-aligned,2,200,0.01,residual,5000,5;7,2,558800.0,10000,568800.0,557300.0,0.9797819971870605
0,frequency-aligned,2,200,0.01,residual,20000,5;7,2,558800.0,40000,598800.0,557300.0,0.9306947227788911
0,frequency-aligned,2,200,0.01,oracle,0,0;4,1,553100.0,0,553100.0,557300.0,1.007593563550895
0,frequency-aligned,2,200,0.01,oracle,5000,0;4,1,553100.0,5000,558100.0,557300.0,0.9985665651316968
0,frequency-aligned,2,200,0.01,oracle,20000,0;4,1,553100.0,20000,573100.0,557300.0,0.9724306403768975
0,frequency-aligned,2,200,0.1,frequency,0,5;7,2,558800.0,0,558800.0,557300.0,0.9973156764495347
0,frequency-aligned,2,200,0.1,frequency,5000,5;7,2,558800.0,10000,568800.0,557300.0,0.9797819971870605
0,frequency-aligned,2,200,0.1,frequency,20000,5;7,2,558800.0,40000,598800.0,557300.0,0.9306947227788911
0,frequency-aligned,2,200,0.1,residual,0,5;7,2,558800.0,0,558800.0,557300.0,0.9973156764495347
0,frequency-aligned,2,200,0.1,residual,5000,5;7,2,558800.0,10000,568800.0,557300.0,0.9797819971870605
0,frequency-aligned,2,200,0.1,residual,20000,5;7,2,558800.0,40000,598800.0,557300.0,0.9306947227788911
0,frequency-aligned,2,200,0.1,oracle,0,0;4,1,553100.0,0,553100.0,557300.0,1.007593563550895
0,frequency-aligned,2,200,0.1,oracle,5000,0;4,1,553100.0,5000,558100.0,557300.0,0.9985665651316968
0,frequency-aligned,2,200,0.1,oracle,20000,0;4,1,553100.0,20000,573100.0,557300.0,0.9724306403768975
0,frequency-aligned,2,200,1.0,frequency,0,0;6,1,554000.0,0,554000.0,557300.0,1.005956678700361
0,frequency-aligned,2,200,1.0,frequency,5000,0;6,1,554000.0,5000,559000.0,557300.0,0.99695885509839
0,frequency-aligned,2,200,1.0,frequency,20000,0;6,1,554000.0,20000,574000.0,557300.0,0.9709059233449477
0,frequency-aligned,2,200,1.0,residual,0,0;6,1,554000.0,0,554000.0,557300.0,1.005956678700361
0,frequency-aligned,2,200,1.0,residual,5000,0;6,1,554000.0,5000,559000.0,557300.0,0.99695885509839
0,frequency-aligned,2,200,1.0,residual,20000,0;6,1,554000.0,20000,574000.0,557300.0,0.9709059233449477
0,frequency-aligned,2,200,1.0,oracle,0,0;4,1,553100.0,0,553100.0,557300.0,1.007593563550895
0,frequency-aligned,2,200,1.0,oracle,5000,0;4,1,553100.0,5000,558100.0,557300.0,0.9985665651316968
0,frequency-aligned,2,200,1.0,oracle,20000,0;4,1,553100.0,20000,573100.0,557300.0,0.9724306403768975
0,frequency-aligned,2,300,0.01,frequency,0,5;7,2,757600.0,0,757600.0,754600.0,0.9960401267159451
0,frequency-aligned,2,300,0.01,frequency,5000,5;7,2,757600.0,10000,767600.0,754600.0,0.9830640958832726
0,frequency-aligned,2,300,0.01,frequency,20000,5;7,2,757600.0,40000,797600.0,754600.0,0.9460882647943831
0,frequency-aligned,2,300,0.01,residual,0,5;7,2,757600.0,0,757600.0,754600.0,0.9960401267159451
0,frequency-aligned,2,300,0.01,residual,5000,5;7,2,757600.0,10000,767600.0,754600.0,0.9830640958832726
0,frequency-aligned,2,300,0.01,residual,20000,5;7,2,757600.0,40000,797600.0,754600.0,0.9460882647943831
0,frequency-aligned,2,300,0.01,oracle,0,0;4,1,746200.0,0,746200.0,754600.0,1.0112570356472796
0,frequency-aligned,2,300,0.01,oracle,5000,0;4,1,746200.0,5000,751200.0,754600.0,1.0045260915867944
0,frequency-aligned,2,300,0.01,oracle,20000,0;4,1,746200.0,20000,766200.0,754600.0,0.9848603497781259
0,frequency-aligned,2,300,0.1,frequency,0,5;7,2,757600.0,0,757600.0,754600.0,0.9960401267159451
0,frequency-aligned,2,300,0.1,frequency,5000,5;7,2,757600.0,10000,767600.0,754600.0,0.9830640958832726
0,frequency-aligned,2,300,0.1,frequency,20000,5;7,2,757600.0,40000,797600.0,754600.0,0.9460882647943831
0,frequency-aligned,2,300,0.1,residual,0,5;7,2,757600.0,0,757600.0,754600.0,0.9960401267159451
0,frequency-aligned,2,300,0.1,residual,5000,5;7,2,757600.0,10000,767600.0,754600.0,0.9830640958832726
0,frequency-aligned,2,300,0.1,residual,20000,5;7,2,757600.0,40000,797600.0,754600.0,0.9460882647943831
0,frequency-aligned,2,300,0.1,oracle,0,0;4,1,746200.0,0,746200.0,754600.0,1.0112570356472796
0,frequency-aligned,2,300,0.1,oracle,5000,0;4,1,746200.0,5000,751200.0,754600.0,1.0045260915867944
0,frequency-aligned,2,300,0.1,oracle,20000,0;4,1,746200.0,20000,766200.0,754600.0,0.9848603497781259
0,frequency-aligned,2,300,1.0,frequency,0,0;6,1,748000.0,0,748000.0,754600.0,1.0088235294117647
0,frequency-aligned,2,300,1.0,frequency,5000,0;6,1,748000.0,5000,753000.0,754600.0,1.0021248339973439
0,frequency-aligned,2,300,1.0,frequency,20000,0;6,1,748000.0,20000,768000.0,754600.0,0.9825520833333333
0,frequency-aligned,2,300,1.0,residual,0,0;6,1,748000.0,0,748000.0,754600.0,1.0088235294117647
0,frequency-aligned,2,300,1.0,residual,5000,0;6,1,748000.0,5000,753000.0,754600.0,1.0021248339973439
0,frequency-aligned,2,300,1.0,residual,20000,0;6,1,748000.0,20000,768000.0,754600.0,0.9825520833333333
0,frequency-aligned,2,300,1.0,oracle,0,0;4,1,746200.0,0,746200.0,754600.0,1.0112570356472796
0,frequency-aligned,2,300,1.0,oracle,5000,0;4,1,746200.0,5000,751200.0,754600.0,1.0045260915867944
0,frequency-aligned,2,300,1.0,oracle,20000,0;4,1,746200.0,20000,766200.0,754600.0,0.9848603497781259
0,frequency-aligned,2,400,0.01,frequency,0,5;7,2,956400.0,0,956400.0,951900.0,0.9952948557089084
0,frequency-aligned,2,400,0.01,frequency,5000,5;7,2,956400.0,10000,966400.0,951900.0,0.9849958609271523
0,frequency-aligned,2,400,0.01,frequency,20000,5;7,2,956400.0,40000,996400.0,951900.0,0.9553392211963067
0,frequency-aligned,2,400,0.01,residual,0,5;7,2,956400.0,0,956400.0,951900.0,0.9952948557089084
0,frequency-aligned,2,400,0.01,residual,5000,5;7,2,956400.0,10000,966400.0,951900.0,0.9849958609271523
0,frequency-aligned,2,400,0.01,residual,20000,5;7,2,956400.0,40000,996400.0,951900.0,0.9553392211963067
0,frequency-aligned,2,400,0.01,oracle,0,0;4,1,939300.0,0,939300.0,951900.0,1.0134142446502714
0,frequency-aligned,2,400,0.01,oracle,5000,0;4,1,939300.0,5000,944300.0,951900.0,1.0080482897384306
0,frequency-aligned,2,400,0.01,oracle,20000,0;4,1,939300.0,20000,959300.0,951900.0,0.9922860419055561
0,frequency-aligned,2,400,0.1,frequency,0,5;7,2,956400.0,0,956400.0,951900.0,0.9952948557089084
0,frequency-aligned,2,400,0.1,frequency,5000,5;7,2,956400.0,10000,966400.0,951900.0,0.9849958609271523
0,frequency-aligned,2,400,0.1,frequency,20000,5;7,2,956400.0,40000,996400.0,951900.0,0.9553392211963067
0,frequency-aligned,2,400,0.1,residual,0,5;7,2,956400.0,0,956400.0,951900.0,0.9952948557089084
0,frequency-aligned,2,400,0.1,residual,5000,5;7,2,956400.0,10000,966400.0,951900.0,0.9849958609271523
0,frequency-aligned,2,400,0.1,residual,20000,5;7,2,956400.0,40000,996400.0,951900.0,0.9553392211963067
0,frequency-aligned,2,400,0.1,oracle,0,0;4,1,939300.0,0,939300.0,951900.0,1.0134142446502714
0,frequency-aligned,2,400,0.1,oracle,5000,0;4,1,939300.0,5000,944300.0,951900.0,1.0080482897384306
0,frequency-aligned,2,400,0.1,oracle,20000,0;4,1,939300.0,20000,959300.0,951900.0,0.9922860419055561
0,frequency-aligned,2,400,1.0,frequency,0,0;6,1,942000.0,0,942000.0,951900.0,1.0105095541401274
0,frequency-aligned,2,400,1.0,frequency,5000,0;6,1,942000.0,5000,947000.0,951900.0,1.0051742344244985
0,frequency-aligned,2,400,1.0,frequency,20000,0;6,1,942000.0,20000,962000.0,951900.0,0.9895010395010395
0,frequency-aligned,2,400,1.0,residual,0,0;6,1,942000.0,0,942000.0,951900.0,1.0105095541401274
0,frequency-aligned,2,400,1.0,residual,5000,0;6,1,942000.0,5000,947000.0,951900.0,1.0051742344244985
0,frequency-aligned,2,400,1.0,residual,20000,0;6,1,942000.0,20000,962000.0,951900.0,0.9895010395010395
0,frequency-aligned,2,400,1.0,oracle,0,0;4,1,939300.0,0,939300.0,951900.0,1.0134142446502714
0,frequency-aligned,2,400,1.0,oracle,5000,0;4,1,939300.0,5000,944300.0,951900.0,1.0080482897384306
0,frequency-aligned,2,400,1.0,oracle,20000,0;4,1,939300.0,20000,959300.0,951900.0,0.9922860419055561
0,frequency-aligned,4,200,0.01,frequency,0,0;2;5;7,2,512800.0,0,512800.0,514600.0,1.0035101404056161
0,frequency-aligned,4,200,0.01,frequency,5000,0;2;5;7,2,512800.0,10000,522800.0,514600.0,0.9843152257077277
0,frequency-aligned,4,200,0.01,frequency,20000,0;2;5;7,2,512800.0,40000,552800.0,514600.0,0.9308972503617945
0,frequency-aligned,4,200,0.01,residual,0,0;2;5;7,2,512800.0,0,512800.0,514600.0,1.0035101404056161
0,frequency-aligned,4,200,0.01,residual,5000,0;2;5;7,2,512800.0,10000,522800.0,514600.0,0.9843152257077277
0,frequency-aligned,4,200,0.01,residual,20000,0;2;5;7,2,512800.0,40000,552800.0,514600.0,0.9308972503617945
0,frequency-aligned,4,200,0.01,oracle,0,0;2;4;6,2,507500.0,0,507500.0,514600.0,1.0139901477832511
0,frequency-aligned,4,200,0.01,oracle,5000,0;2;4;6,2,507500.0,10000,517500.0,514600.0,0.9943961352657005
0,frequency-aligned,4,200,0.01,oracle,20000,0;2;4;6,2,507500.0,40000,547500.0,514600.0,0.9399086757990868
0,frequency-aligned,4,200,0.1,frequency,0,0;3;5;7,2,515700.0,0,515700.0,514600.0,0.9978669769245685
0,frequency-aligned,4,200,0.1,frequency,5000,0;3;5;7,2,515700.0,10000,525700.0,514600.0,0.9788852957960814
0,frequency-aligned,4,200,0.1,frequency,20000,0;3;5;7,2,515700.0,40000,555700.0,514600.0,0.9260392298002519
0,frequency-aligned,4,200,0.1,residual,0,0;3;5;7,2,515700.0,0,515700.0,514600.0,0.9978669769245685
0,frequency-aligned,4,200,0.1,residual,5000,0;3;5;7,2,515700.0,10000,525700.0,514600.0,0.9788852957960814
0,frequency-aligned,4,200,0.1,residual,20000,0;3;5;7,2,515700.0,40000,555700.0,514600.0,0.9260392298002519
0,frequency-aligned,4,200,0.1,oracle,0,0;2;4;6,2,507500.0,0,507500.0,514600.0,1.0139901477832511
0,frequency-aligned,4,200,0.1,oracle,5000,0;2;4;6,2,507500.0,10000,517500.0,514600.0,0.9943961352657005
0,frequency-aligned,4,200,0.1,oracle,20000,0;2;4;6,2,507500.0,40000,547500.0,514600.0,0.9399086757990868
0,frequency-aligned,4,200,1.0,frequency,0,0;2;3;6,1,511300.0,0,511300.0,514600.0,1.0064541365147663
0,frequency-aligned,4,200,1.0,frequency,5000,0;2;3;6,1,511300.0,5000,516300.0,514600.0,0.9967073406933953
0,frequency-aligned,4,200,1.0,frequency,20000,0;2;3;6,1,511300.0,20000,531300.0,514600.0,0.9685676642198381
0,frequency-aligned,4,200,1.0,residual,0,0;2;3;6,1,511300.0,0,511300.0,514600.0,1.0064541365147663
0,frequency-aligned,4,200,1.0,residual,5000,0;2;3;6,1,511300.0,5000,516300.0,514600.0,0.9967073406933953
0,frequency-aligned,4,200,1.0,residual,20000,0;2;3;6,1,511300.0,20000,531300.0,514600.0,0.9685676642198381
0,frequency-aligned,4,200,1.0,oracle,0,0;2;4;6,2,507500.0,0,507500.0,514600.0,1.0139901477832511
0,frequency-aligned,4,200,1.0,oracle,5000,0;2;4;6,2,507500.0,10000,517500.0,514600.0,0.9943961352657005
0,frequency-aligned,4,200,1.0,oracle,20000,0;2;4;6,2,507500.0,40000,547500.0,514600.0,0.9399086757990868
0,frequency-aligned,4,300,0.01,frequency,0,0;2;5;7,2,665600.0,0,665600.0,669200.0,1.0054086538461537
0,frequency-aligned,4,300,0.01,frequency,5000,0;2;5;7,2,665600.0,10000,675600.0,669200.0,0.9905269390171699
0,frequency-aligned,4,300,0.01,frequency,20000,0;2;5;7,2,665600.0,40000,705600.0,669200.0,0.9484126984126984
0,frequency-aligned,4,300,0.01,residual,0,0;2;5;7,2,665600.0,0,665600.0,669200.0,1.0054086538461537
0,frequency-aligned,4,300,0.01,residual,5000,0;2;5;7,2,665600.0,10000,675600.0,669200.0,0.9905269390171699
0,frequency-aligned,4,300,0.01,residual,20000,0;2;5;7,2,665600.0,40000,705600.0,669200.0,0.9484126984126984
0,frequency-aligned,4,300,0.01,oracle,0,0;2;4;6,2,655000.0,0,655000.0,669200.0,1.0216793893129772
0,frequency-aligned,4,300,0.01,oracle,5000,0;2;4;6,2,655000.0,10000,665000.0,669200.0,1.0063157894736843
0,frequency-aligned,4,300,0.01,oracle,20000,0;2;4;6,2,655000.0,40000,695000.0,669200.0,0.9628776978417266
0,frequency-aligned,4,300,0.1,frequency,0,0;3;5;7,2,671400.0,0,671400.0,669200.0,0.9967232648197796
0,frequency-aligned,4,300,0.1,frequency,5000,0;3;5;7,2,671400.0,10000,681400.0,669200.0,0.9820956853536836
0,frequency-aligned,4,300,0.1,frequency,20000,0;3;5;7,2,671400.0,40000,711400.0,669200.0,0.9406803486083778
0,frequency-aligned,4,300,0.1,residual,0,0;3;5;7,2,671400.0,0,671400.0,669200.0,0.9967232648197796
0,frequency-aligned,4,300,0.1,residual,5000,0;3;5;7,2,671400.0,10000,681400.0,669200.0,0.9820956853536836
0,frequency-aligned,4,300,0.1,residual,20000,0;3;5;7,2,671400.0,40000,711400.0,669200.0,0.9406803486083778
0,frequency-aligned,4,300,0.1,oracle,0,0;2;4;6,2,655000.0,0,655000.0,669200.0,1.0216793893129772
0,frequency-aligned,4,300,0.1,oracle,5000,0;2;4;6,2,655000.0,10000,665000.0,669200.0,1.0063157894736843
0,frequency-aligned,4,300,0.1,oracle,20000,0;2;4;6,2,655000.0,40000,695000.0,669200.0,0.9628776978417266
0,frequency-aligned,4,300,1.0,frequency,0,0;2;3;6,1,662600.0,0,662600.0,669200.0,1.0099607606399035
0,frequency-aligned,4,300,1.0,frequency,5000,0;2;3;6,1,662600.0,5000,667600.0,669200.0,1.0023966446974235
0,frequency-aligned,4,300,1.0,frequency,20000,0;2;3;6,1,662600.0,20000,682600.0,669200.0,0.9803691766774099
0,frequency-aligned,4,300,1.0,residual,0,0;2;3;6,1,662600.0,0,662600.0,669200.0,1.0099607606399035
0,frequency-aligned,4,300,1.0,residual,5000,0;2;3;6,1,662600.0,5000,667600.0,669200.0,1.0023966446974235
0,frequency-aligned,4,300,1.0,residual,20000,0;2;3;6,1,662600.0,20000,682600.0,669200.0,0.9803691766774099
0,frequency-aligned,4,300,1.0,oracle,0,0;2;4;6,2,655000.0,0,655000.0,669200.0,1.0216793893129772
0,frequency-aligned,4,300,1.0,oracle,5000,0;2;4;6,2,655000.0,10000,665000.0,669200.0,1.0063157894736843
0,frequency-aligned,4,300,1.0,oracle,20000,0;2;4;6,2,655000.0,40000,695000.0,669200.0,0.9628776978417266
0,frequency-aligned,4,400,0.01,frequency,0,0;2;5;7,2,818400.0,0,818400.0,823800.0,1.0065982404692082
0,frequency-aligned,4,400,0.01,frequency,5000,0;2;5;7,2,818400.0,10000,828400.0,823800.0,0.9944471269917914
0,frequency-aligned,4,400,0.01,frequency,20000,0;2;5;7,2,818400.0,40000,858400.0,823800.0,0.9596924510717614
0,frequency-aligned,4,400,0.01,residual,0,0;2;5;7,2,818400.0,0,818400.0,823800.0,1.0065982404692082
0,frequency-aligned,4,400,0.01,residual,5000,0;2;5;7,2,818400.0,10000,828400.0,823800.0,0.9944471269917914
0,frequency-aligned,4,400,0.01,residual,20000,0;2;5;7,2,818400.0,40000,858400.0,823800.0,0.9596924510717614
0,frequency-aligned,4,400,0.01,oracle,0,0;2;4;6,2,802500.0,0,802500.0,823800.0,1.0265420560747665
0,frequency-aligned,4,400,0.01,oracle,5000,0;2;4;6,2,802500.0,10000,812500.0,823800.0,1.0139076923076924
0,frequency-aligned,4,400,0.01,oracle,20000,0;2;4;6,2,802500.0,40000,842500.0,823800.0,0.9778041543026706
0,frequency-aligned,4,400,0.1,frequency,0,0;3;5;7,2,827100.0,0,827100.0,823800.0,0.9960101559666305
0,frequency-aligned,4,400,0.1,frequency,5000,0;3;5;7,2,827100.0,10000,837100.0,823800.0,0.984111814598017
0,frequency-aligned,4,400,0.1,frequency,20000,0;3;5;7,2,827100.0,40000,867100.0,823800.0,0.9500634298235497
0,frequency-aligned,4,400,0.1,residual,0,0;3;5;7,2,827100.0,0,827100.0,823800.0,0.9960101559666305
0,frequency-aligned,4,400,0.1,residual,5000,0;3;5;7,2,827100.0,10000,837100.0,823800.0,0.984111814598017
0,frequency-aligned,4,400,0.1,residual,20000,0;3;5;7,2,827100.0,40000,867100.0,823800.0,0.9500634298235497
0,frequency-aligned,4,400,0.1,oracle,0,0;2;4;6,2,802500.0,0,802500.0,823800.0,1.0265420560747665
0,frequency-aligned,4,400,0.1,oracle,5000,0;2;4;6,2,802500.0,10000,812500.0,823800.0,1.0139076923076924
0,frequency-aligned,4,400,0.1,oracle,20000,0;2;4;6,2,802500.0,40000,842500.0,823800.0,0.9778041543026706
0,frequency-aligned,4,400,1.0,frequency,0,0;2;3;6,1,813900.0,0,813900.0,823800.0,1.0121636564688536
0,frequency-aligned,4,400,1.0,frequency,5000,0;2;3;6,1,813900.0,5000,818900.0,823800.0,1.0059836365856636
0,frequency-aligned,4,400,1.0,frequency,20000,0;2;3;6,1,813900.0,20000,833900.0,823800.0,0.9878882359995204
0,frequency-aligned,4,400,1.0,residual,0,0;2;3;6,1,813900.0,0,813900.0,823800.0,1.0121636564688536
0,frequency-aligned,4,400,1.0,residual,5000,0;2;3;6,1,813900.0,5000,818900.0,823800.0,1.0059836365856636
0,frequency-aligned,4,400,1.0,residual,20000,0;2;3;6,1,813900.0,20000,833900.0,823800.0,0.9878882359995204
0,frequency-aligned,4,400,1.0,oracle,0,0;2;4;6,2,802500.0,0,802500.0,823800.0,1.0265420560747665
0,frequency-aligned,4,400,1.0,oracle,5000,0;2;4;6,2,802500.0,10000,812500.0,823800.0,1.0139076923076924
0,frequency-aligned,4,400,1.0,oracle,20000,0;2;4;6,2,802500.0,40000,842500.0,823800.0,0.9778041543026706
0,frequency-aligned,8,200,0.01,frequency,0,0;2;3;5;6;7;9;13,2,452500.0,0,452500.0,426900.0,0.9434254143646409
0,frequency-aligned,8,200,0.01,frequency,5000,0;2;3;5;6;7;9;13,2,452500.0,10000,462500.0,426900.0,0.923027027027027
0,frequency-aligned,8,200,0.01,frequency,20000,0;2;3;5;6;7;9;13,2,452500.0,40000,492500.0,426900.0,0.8668020304568528
0,frequency-aligned,8,200,0.01,residual,0,0;2;3;5;6;7;9;13,2,452500.0,0,452500.0,426900.0,0.9434254143646409
0,frequency-aligned,8,200,0.01,residual,5000,0;2;3;5;6;7;9;13,2,452500.0,10000,462500.0,426900.0,0.923027027027027
0,frequency-aligned,8,200,0.01,residual,20000,0;2;3;5;6;7;9;13,2,452500.0,40000,492500.0,426900.0,0.8668020304568528
0,frequency-aligned,8,200,0.01,oracle,0,0;1;2;3;4;5;6;7,0,426900.0,0,426900.0,426900.0,1.0
0,frequency-aligned,8,200,0.01,oracle,5000,0;1;2;3;4;5;6;7,0,426900.0,0,426900.0,426900.0,1.0
0,frequency-aligned,8,200,0.01,oracle,20000,0;1;2;3;4;5;6;7,0,426900.0,0,426900.0,426900.0,1.0
0,frequency-aligned,8,200,0.1,frequency,0,0;1;2;3;4;5;6;7,0,426900.0,0,426900.0,426900.0,1.0
0,frequency-aligned,8,200,0.1,frequency,5000,0;1;2;3;4;5;6;7,0,426900.0,0,426900.0,426900.0,1.0
0,frequency-aligned,8,200,0.1,frequency,20000,0;1;2;3;4;5;6;7,0,426900.0,0,426900.0,426900.0,1.0
0,frequency-aligned,8,200,0.1,residual,0,0;1;2;3;4;5;6;7,0,426900.0,0,426900.0,426900.0,1.0
0,frequency-aligned,8,200,0.1,residual,5000,0;1;2;3;4;5;6;7,0,426900.0,0,426900.0,426900.0,1.0
0,frequency-aligned,8,200,0.1,residual,20000,0;1;2;3;4;5;6;7,0,426900.0,0,426900.0,426900.0,1.0
0,frequency-aligned,8,200,0.1,oracle,0,0;1;2;3;4;5;6;7,0,426900.0,0,426900.0,426900.0,1.0
0,frequency-aligned,8,200,0.1,oracle,5000,0;1;2;3;4;5;6;7,0,426900.0,0,426900.0,426900.0,1.0
0,frequency-aligned,8,200,0.1,oracle,20000,0;1;2;3;4;5;6;7,0,426900.0,0,426900.0,426900.0,1.0
0,frequency-aligned,8,200,1.0,frequency,0,0;1;2;3;4;5;6;7,0,426900.0,0,426900.0,426900.0,1.0
0,frequency-aligned,8,200,1.0,frequency,5000,0;1;2;3;4;5;6;7,0,426900.0,0,426900.0,426900.0,1.0
0,frequency-aligned,8,200,1.0,frequency,20000,0;1;2;3;4;5;6;7,0,426900.0,0,426900.0,426900.0,1.0
0,frequency-aligned,8,200,1.0,residual,0,0;1;2;3;4;5;6;7,0,426900.0,0,426900.0,426900.0,1.0
0,frequency-aligned,8,200,1.0,residual,5000,0;1;2;3;4;5;6;7,0,426900.0,0,426900.0,426900.0,1.0
0,frequency-aligned,8,200,1.0,residual,20000,0;1;2;3;4;5;6;7,0,426900.0,0,426900.0,426900.0,1.0
0,frequency-aligned,8,200,1.0,oracle,0,0;1;2;3;4;5;6;7,0,426900.0,0,426900.0,426900.0,1.0
0,frequency-aligned,8,200,1.0,oracle,5000,0;1;2;3;4;5;6;7,0,426900.0,0,426900.0,426900.0,1.0
0,frequency-aligned,8,200,1.0,oracle,20000,0;1;2;3;4;5;6;7,0,426900.0,0,426900.0,426900.0,1.0
0,frequency-aligned,8,300,0.01,frequency,0,0;2;3;5;6;7;9;13,2,545000.0,0,545000.0,493800.0,0.9060550458715596
0,frequency-aligned,8,300,0.01,frequency,5000,0;2;3;5;6;7;9;13,2,545000.0,10000,555000.0,493800.0,0.8897297297297297
0,frequency-aligned,8,300,0.01,frequency,20000,0;2;3;5;6;7;9;13,2,545000.0,40000,585000.0,493800.0,0.8441025641025641
0,frequency-aligned,8,300,0.01,residual,0,0;2;3;5;6;7;9;13,2,545000.0,0,545000.0,493800.0,0.9060550458715596
0,frequency-aligned,8,300,0.01,residual,5000,0;2;3;5;6;7;9;13,2,545000.0,10000,555000.0,493800.0,0.8897297297297297
0,frequency-aligned,8,300,0.01,residual,20000,0;2;3;5;6;7;9;13,2,545000.0,40000,585000.0,493800.0,0.8441025641025641
0,frequency-aligned,8,300,0.01,oracle,0,0;1;2;3;4;5;6;7,0,493800.0,0,493800.0,493800.0,1.0
0,frequency-aligned,8,300,0.01,oracle,5000,0;1;2;3;4;5;6;7,0,493800.0,0,493800.0,493800.0,1.0
0,frequency-aligned,8,300,0.01,oracle,20000,0;1;2;3;4;5;6;7,0,493800.0,0,493800.0,493800.0,1.0
0,frequency-aligned,8,300,0.1,frequency,0,0;1;2;3;4;5;6;7,0,493800.0,0,493800.0,493800.0,1.0
0,frequency-aligned,8,300,0.1,frequency,5000,0;1;2;3;4;5;6;7,0,493800.0,0,493800.0,493800.0,1.0
0,frequency-aligned,8,300,0.1,frequency,20000,0;1;2;3;4;5;6;7,0,493800.0,0,493800.0,493800.0,1.0
0,frequency-aligned,8,300,0.1,residual,0,0;1;2;3;4;5;6;7,0,493800.0,0,493800.0,493800.0,1.0
0,frequency-aligned,8,300,0.1,residual,5000,0;1;2;3;4;5;6;7,0,493800.0,0,493800.0,493800.0,1.0
0,frequency-aligned,8,300,0.1,residual,20000,0;1;2;3;4;5;6;7,0,493800.0,0,493800.0,493800.0,1.0
0,frequency-aligned,8,300,0.1,oracle,0,0;1;2;3;4;5;6;7,0,493800.0,0,493800.0,493800.0,1.0
0,frequency-aligned,8,300,0.1,oracle,5000,0;1;2;3;4;5;6;7,0,493800.0,0,493800.0,493800.0,1.0
0,frequency-aligned,8,300,0.1,oracle,20000,0;1;2;3;4;5;6;7,0,493800.0,0,493800.0,493800.0,1.0
0,frequency-aligned,8,300,1.0,frequency,0,0;1;2;3;4;5;6;7,0,493800.0,0,493800.0,493800.0,1.0
0,frequency-aligned,8,300,1.0,frequency,5000,0;1;2;3;4;5;6;7,0,493800.0,0,493800.0,493800.0,1.0
0,frequency-aligned,8,300,1.0,frequency,20000,0;1;2;3;4;5;6;7,0,493800.0,0,493800.0,493800.0,1.0
0,frequency-aligned,8,300,1.0,residual,0,0;1;2;3;4;5;6;7,0,493800.0,0,493800.0,493800.0,1.0
0,frequency-aligned,8,300,1.0,residual,5000,0;1;2;3;4;5;6;7,0,493800.0,0,493800.0,493800.0,1.0
0,frequency-aligned,8,300,1.0,residual,20000,0;1;2;3;4;5;6;7,0,493800.0,0,493800.0,493800.0,1.0
0,frequency-aligned,8,300,1.0,oracle,0,0;1;2;3;4;5;6;7,0,493800.0,0,493800.0,493800.0,1.0
0,frequency-aligned,8,300,1.0,oracle,5000,0;1;2;3;4;5;6;7,0,493800.0,0,493800.0,493800.0,1.0
0,frequency-aligned,8,300,1.0,oracle,20000,0;1;2;3;4;5;6;7,0,493800.0,0,493800.0,493800.0,1.0
0,frequency-aligned,8,400,0.01,frequency,0,0;2;3;5;6;7;9;13,2,637500.0,0,637500.0,560700.0,0.8795294117647059
0,frequency-aligned,8,400,0.01,frequency,5000,0;2;3;5;6;7;9;13,2,637500.0,10000,647500.0,560700.0,0.865945945945946
0,frequency-aligned,8,400,0.01,frequency,20000,0;2;3;5;6;7;9;13,2,637500.0,40000,677500.0,560700.0,0.8276014760147602
0,frequency-aligned,8,400,0.01,residual,0,0;2;3;5;6;7;9;13,2,637500.0,0,637500.0,560700.0,0.8795294117647059
0,frequency-aligned,8,400,0.01,residual,5000,0;2;3;5;6;7;9;13,2,637500.0,10000,647500.0,560700.0,0.865945945945946
0,frequency-aligned,8,400,0.01,residual,20000,0;2;3;5;6;7;9;13,2,637500.0,40000,677500.0,560700.0,0.8276014760147602
0,frequency-aligned,8,400,0.01,oracle,0,0;1;2;3;4;5;6;7,0,560700.0,0,560700.0,560700.0,1.0
0,frequency-aligned,8,400,0.01,oracle,5000,0;1;2;3;4;5;6;7,0,560700.0,0,560700.0,560700.0,1.0
0,frequency-aligned,8,400,0.01,oracle,20000,0;1;2;3;4;5;6;7,0,560700.0,0,560700.0,560700.0,1.0
0,frequency-aligned,8,400,0.1,frequency,0,0;1;2;3;4;5;6;7,0,560700.0,0,560700.0,560700.0,1.0
0,frequency-aligned,8,400,0.1,frequency,5000,0;1;2;3;4;5;6;7,0,560700.0,0,560700.0,560700.0,1.0
0,frequency-aligned,8,400,0.1,frequency,20000,0;1;2;3;4;5;6;7,0,560700.0,0,560700.0,560700.0,1.0
0,frequency-aligned,8,400,0.1,residual,0,0;1;2;3;4;5;6;7,0,560700.0,0,560700.0,560700.0,1.0
0,frequency-aligned,8,400,0.1,residual,5000,0;1;2;3;4;5;6;7,0,560700.0,0,560700.0,560700.0,1.0
0,frequency-aligned,8,400,0.1,residual,20000,0;1;2;3;4;5;6;7,0,560700.0,0,560700.0,560700.0,1.0
0,frequency-aligned,8,400,0.1,oracle,0,0;1;2;3;4;5;6;7,0,560700.0,0,560700.0,560700.0,1.0
0,frequency-aligned,8,400,0.1,oracle,5000,0;1;2;3;4;5;6;7,0,560700.0,0,560700.0,560700.0,1.0
0,frequency-aligned,8,400,0.1,oracle,20000,0;1;2;3;4;5;6;7,0,560700.0,0,560700.0,560700.0,1.0
0,frequency-aligned,8,400,1.0,frequency,0,0;1;2;3;4;5;6;7,0,560700.0,0,560700.0,560700.0,1.0
0,frequency-aligned,8,400,1.0,frequency,5000,0;1;2;3;4;5;6;7,0,560700.0,0,560700.0,560700.0,1.0
0,frequency-aligned,8,400,1.0,frequency,20000,0;1;2;3;4;5;6;7,0,560700.0,0,560700.0,560700.0,1.0
0,frequency-aligned,8,400,1.0,residual,0,0;1;2;3;4;5;6;7,0,560700.0,0,560700.0,560700.0,1.0
0,frequency-aligned,8,400,1.0,residual,5000,0;1;2;3;4;5;6;7,0,560700.0,0,560700.0,560700.0,1.0
0,frequency-aligned,8,400,1.0,residual,20000,0;1;2;3;4;5;6;7,0,560700.0,0,560700.0,560700.0,1.0
0,frequency-aligned,8,400,1.0,oracle,0,0;1;2;3;4;5;6;7,0,560700.0,0,560700.0,560700.0,1.0
0,frequency-aligned,8,400,1.0,oracle,5000,0;1;2;3;4;5;6;7,0,560700.0,0,560700.0,560700.0,1.0
0,frequency-aligned,8,400,1.0,oracle,20000,0;1;2;3;4;5;6;7,0,560700.0,0,560700.0,560700.0,1.0
0,prefetch-hidden,2,200,0.01,frequency,0,3;7,2,258080.44443237275,0,258080.44443237275,258111.76221066105,1.000121348900949
0,prefetch-hidden,2,200,0.01,frequency,5000,3;7,2,258080.44443237275,10000,268080.44443237275,258111.76221066105,0.9628145863350117
0,prefetch-hidden,2,200,0.01,frequency,20000,3;7,2,258080.44443237275,40000,298080.44443237275,258111.76221066105,0.865913101754048
0,prefetch-hidden,2,200,0.01,residual,0,9;11,2,240156.99320730352,0,240156.99320730352,258111.76221066105,1.0747626324079556
0,prefetch-hidden,2,200,0.01,residual,5000,9;11,2,240156.99320730352,10000,250156.99320730352,258111.76221066105,1.0317991070382169
0,prefetch-hidden,2,200,0.01,residual,20000,9;11,2,240156.99320730352,40000,280156.9932073035,258111.76221066105,0.9213111522069699
0,prefetch-hidden,2,200,0.01,oracle,0,11;14,2,238656.99320730352,0,238656.99320730352,258111.76221066105,1.0815176992800652
0,prefetch-hidden,2,200,0.01,oracle,5000,11;14,2,238656.99320730352,10000,248656.99320730352,258111.76221066105,1.0380233384205493
0,prefetch-hidden,2,200,0.01,oracle,20000,11;14,2,238656.99320730352,40000,278656.9932073035,258111.76221066105,0.9262705351113938
0,prefetch-hidden,2,200,0.1,frequency,0,4;6,2,258076.3194364675,0,258076.3194364675,258111.76221066105,1.0001373344686213
0,prefetch-hidden,2,200,0.1,frequency,5000,4;6,2,258076.3194364675,10000,268076.3194364675,258111.76221066105,0.9628294015422426
0,prefetch-hidden,2,200,0.1,frequency,20000,4;6,2,258076.3194364675,40000,298076.3194364675,258111.76221066105,0.8659250848864412
0,prefetch-hidden,2,200,0.1,residual,0,12;14,2,239856.99320730352,0,239856.99320730352,258111.76221066105,1.0761068866880203
0,prefetch-hidden,2,200,0.1,residual,5000,12;14,2,239856.99320730352,10000,249856.99320730352,258111.76221066105,1.0330379746325877
0,prefetch-hidden,2,200,0.1,residual,20000,12;14,2,239856.99320730352,40000,279856.9932073035,258111.76221066105,0.9222987757160146
0,prefetch-hidden,2,200,0.1,oracle,0,11;14,2,238656.99320730352,0,238656.99320730352,258111.76221066105,1.0815176992800652
0,prefetch-hidden,2,200,0.1,oracle,5000,11;14,2,238656.99320730352,10000,248656.99320730352,258111.76221066105,1.0380233384205493
0,prefetch-hidden,2,200,0.1,oracle,20000,11;14,2,238656.99320730352,40000,278656.9932073035,258111.76221066105,0.9262705351113938
0,prefetch-hidden,2,200,1.0,frequency,0,3;6,2,258094.71422771853,0,258094.71422771853,258111.76221066105,1.0000660532045127
0,prefetch-hidden,2,200,1.0,frequency,5000,3;6,2,258094.71422771853,10000,268094.71422771853,258111.76221066105,0.9627633388975435
0,prefetch-hidden,2,200,1.0,frequency,20000,3;6,2,258094.71422771853,40000,298094.71422771853,258111.76221066105,0.8658716504898709
0,prefetch-hidden,2,200,1.0,residual,0,8;13,2,240956.99320730352,0,240956.99320730352,258111.76221066105,1.0711943188492508
0,prefetch-hidden,2,200,1.0,residual,5000,8;13,2,240956.99320730352,10000,250956.99320730352,258111.76221066105,1.0285099407349343
0,prefetch-hidden,2,200,1.0,residual,20000,8;13,2,240956.99320730352,40000,280956.9932073035,258111.76221066105,0.9186878008059185
0,prefetch-hidden,2,200,1.0,oracle,0,11;14,2,238656.99320730352,0,238656.99320730352,258111.76221066105,1.0815176992800652
0,prefetch-hidden,2,200,1.0,oracle,5000,11;14,2,238656.99320730352,10000,248656.99320730352,258111.76221066105,1.0380233384205493
0,prefetch-hidden,2,200,1.0,oracle,20000,11;14,2,238656.99320730352,40000,278656.9932073035,258111.76221066105,0.9262705351113938
0,prefetch-hidden,2,300,0.01,frequency,0,3;7,2,343516.0841665495,0,343516.0841665495,344161.53684159036,1.0018789591078592
0,prefetch-hidden,2,300,0.01,frequency,5000,3;7,2,343516.0841665495,10000,353516.0841665495,344161.53684159036,0.9735385524338632
0,prefetch-hidden,2,300,0.01,frequency,20000,3;7,2,343516.0841665495,40000,383516.0841665495,344161.53684159036,0.8973848843641493
0,prefetch-hidden,2,300,0.01,residual,0,9;11,2,313389.9098703986,0,313389.9098703986,344161.53684159036,1.0981895906729011
0,prefetch-hidden,2,300,0.01,residual,5000,9;11,2,313389.9098703986,10000,323389.9098703986,344161.53684159036,1.064230906213234
0,prefetch-hidden,2,300,0.01,residual,20000,9;11,2,313389.9098703986,40000,353389.9098703986,344161.53684159036,0.9738861445359529
0,prefetch-hidden,2,300,0.01,oracle,0,11;14,2,310389.9098703986,0,310389.9098703986,344161.53684159036,1.1088038814963184
0,prefetch-hidden,2,300,0.01,oracle,5000,11;14,2,310389.9098703986,10000,320389.9098703986,344161.53684159036,1.074195928894289
0,prefetch-hidden,2,300,0.01,oracle,20000,11;14,2,310389.9098703986,40000,350389.9098703986,344161.53684159036,0.9822244509520496
0,prefetch-hidden,2,300,0.1,frequency,0,4;6,2,343617.2893603358,0,343617.2893603358,344161.53684159036,1.0015838768831096
0,prefetch-hidden,2,300,0.1,frequency,5000,4;6,2,343617.2893603358,10000,353617.2893603358,344161.53684159036,0.973259925905065
0,prefetch-hidden,2,300,0.1,frequency,20000,4;6,2,343617.2893603358,40000,383617.2893603358,344161.53684159036,0.897148137967045
0,prefetch-hidden,2,300,0.1,residual,0,12;14,2,312789.9098703986,0,312789.9098703986,344161.53684159036,1.100296160397854
0,prefetch-hidden,2,300,0.1,residual,5000,12;14,2,312789.9098703986,10000,322789.9098703986,344161.53684159036,1.0662090924086585
0,prefetch-hidden,2,300,0.1,residual,20000,12;14,2,312789.9098703986,40000,352789.9098703986,344161.53684159036,0.9755424608601251
0,prefetch-hidden,2,300,0.1,oracle,0,11;14,2,310389.9098703986,0,310389.9098703986,344161.53684159036,1.1088038814963184
0,prefetch-hidden,2,300,0.1,oracle,5000,11;14,2,310389.9098703986,10000,320389.9098703986,344161.53684159036,1.074195928894289
0,prefetch-hidden,2,300,0.1,oracle,20000,11;14,2,310389.9098703986,40000,350389.9098703986,344161.53684159036,0.9822244509520496
0,prefetch-hidden,2,300,1.0,frequency,0,3;6,2,343594.08008971903,0,343594.08008971903,344161.53684159036,1.0016515323888093
0,prefetch-hidden,2,300,1.0,frequency,5000,3;6,2,343594.08008971903,10000,353594.08008971903,344161.53684159036,0.9733238089118027
0,prefetch-hidden,2,300,1.0,frequency,20000,3;6,2,343594.08008971903,40000,383594.08008971903,344161.53684159036,0.8972024197065143
0,prefetch-hidden,2,300,1.0,residual,0,8;13,2,314989.9098703986,0,314989.9098703986,344161.53684159036,1.092611306131026
0,prefetch-hidden,2,300,1.0,residual,5000,8;13,2,314989.9098703986,10000,324989.9098703986,344161.53684159036,1.0589914529310684
0,prefetch-hidden,2,300,1.0,residual,20000,8;13,2,314989.9098703986,40000,354989.9098703986,344161.53684159036,0.9694966737709207
0,prefetch-hidden,2,300,1.0,oracle,0,11;14,2,310389.9098703986,0,310389.9098703986,344161.53684159036,1.1088038814963184
0,prefetch-hidden,2,300,1.0,oracle,5000,11;14,2,310389.9098703986,10000,320389.9098703986,344161.53684159036,1.074195928894289
0,prefetch-hidden,2,300,1.0,oracle,20000,11;14,2,310389.9098703986,40000,350389.9098703986,344161.53684159036,0.9822244509520496
0,prefetch-hidden,2,400,0.01,frequency,0,3;7,2,443626.2691723383,0,443626.2691723383,445168.220789891,1.0034757897011588
0,prefetch-hidden,2,400,0.01,frequency,5000,3;7,2,443626.2691723383,10000,453626.2691723383,445168.220789891,0.9813545886619852
0,prefetch-hidden,2,400,0.01,frequency,20000,3;7,2,443626.2691723383,40000,483626.2691723383,445168.220789891,0.9204798191622985
0,prefetch-hidden,2,400,0.01,residual,0,9;11,2,406316.9746458833,0,406316.9746458833,445168.220789891,1.0956180730029004
0,prefetch-hidden,2,400,0.01,residual,5000,9;11,2,406316.9746458833,10000,416316.9746458833,445168.220789891,1.0693011524897547
0,prefetch-hidden,2,400,0.01,residual,20000,9;11,2,406316.9746458833,40000,446316.9746458833,445168.220789891,0.997426147959298
0,prefetch-hidden,2,400,0.01,oracle,0,11;14,2,401816.9746458833,0,401816.9746458833,445168.220789891,1.1078880407733214
0,prefetch-hidden,2,400,0.01,oracle,5000,11;14,2,401816.9746458833,10000,411816.9746458833,445168.220789891,1.0809856033076006
0,prefetch-hidden,2,400,0.01,oracle,20000,11;14,2,401816.9746458833,40000,441816.9746458833,445168.220789891,1.007585145742066
0,prefetch-hidden,2,400,0.1,frequency,0,4;6,2,443574.8993287988,0,443574.8993287988,445168.220789891,1.0035920009529467
0,prefetch-hidden,2,400,0.1,frequency,5000,4;6,2,443574.8993287988,10000,453574.8993287988,445168.220789891,0.9814657324482726
0,prefetch-hidden,2,400,0.1,frequency,20000,4;6,2,443574.8993287988,40000,483574.8993287988,445168.220789891,0.9205776011281475
0,prefetch-hidden,2,400,0.1,residual,0,12;14,2,405416.9746458833,0,405416.9746458833,445168.220789891,1.0980502757160797
0,prefetch-hidden,2,400,0.1,residual,5000,12;14,2,405416.9746458833,10000,415416.9746458833,445168.220789891,1.0716177911828682
0,prefetch-hidden,2,400,0.1,residual,20000,12;14,2,405416.9746458833,40000,445416.9746458833,445168.220789891,0.9994415258731663
0,prefetch-hidden,2,400,0.1,oracle,0,11;14,2,401816.9746458833,0,401816.9746458833,445168.220789891,1.1078880407733214
0,prefetch-hidden,2,400,0.1,oracle,5000,11;14,2,401816.9746458833,10000,411816.9746458833,445168.220789891,1.0809856033076006
0,prefetch-hidden,2,400,0.1,oracle,20000,11;14,2,401816.9746458833,40000,441816.9746458833,445168.220789891,1.007585145742066
0,prefetch-hidden,2,400,1.0,frequency,0,3;6,2,443623.8164786277,0,443623.8164786277,445168.220789891,1.0034813376872378
0,prefetch-hidden,2,400,1.0,frequency,5000,3;6,2,443623.8164786277,10000,453623.8164786277,445168.220789891,0.9813598947375043
0,prefetch-hidden,2,400,1.0,frequency,20000,3;6,2,443623.8164786277,40000,483623.8164786277,445168.220789891,0.9204844873671847
0,prefetch-hidden,2,400,1.0,residual,0,8;13,2,408716.9746458833,0,408716.9746458833,445168.220789891,1.089184566350809
0,prefetch-hidden,2,400,1.0,residual,5000,8;13,2,408716.9746458833,10000,418716.9746458833,445168.220789891,1.0631721371372107
0,prefetch-hidden,2,400,1.0,residual,20000,8;13,2,408716.9746458833,40000,448716.9746458833,445168.220789891,0.9920913313814507
0,prefetch-hidden,2,400,1.0,oracle,0,11;14,2,401816.9746458833,0,401816.9746458833,445168.220789891,1.1078880407733214
0,prefetch-hidden,2,400,1.0,oracle,5000,11;14,2,401816.9746458833,10000,411816.9746458833,445168.220789891,1.0809856033076006
0,prefetch-hidden,2,400,1.0,oracle,20000,11;14,2,401816.9746458833,40000,441816.9746458833,445168.220789891,1.007585145742066
0,prefetch-hidden,4,200,0.01,frequency,0,0;3;4;7,2,257919.3441221941,0,257919.3441221941,257968.79403235286,1.0001917262558457
0,prefetch-hidden,4,200,0.01,frequency,5000,0;3;4;7,2,257919.3441221941,10000,267919.3441221941,257968.79403235286,0.9628599042654309
0,prefetch-hidden,4,200,0.01,frequency,20000,0;3;4;7,2,257919.3441221941,40000,297919.3441221941,257968.79403235286,0.8659014566256054
0,prefetch-hidden,4,200,0.01,residual,0,8;9;11;12,4,223656.99320730352,0,223656.99320730352,257968.79403235286,1.153412599950525
0,prefetch-hidden,4,200,0.01,residual,5000,8;9;11;12,4,223656.99320730352,20000,243656.99320730352,257968.79403235286,1.0587374925573052
0,prefetch-hidden,4,200,0.01,residual,20000,8;9;11;12,4,223656.99320730352,80000,303656.9932073035,257968.79403235286,0.8495401054578717
0,prefetch-hidden,4,200,0.01,oracle,0,9;11;13;14,4,220956.99320730352,0,220956.99320730352,257968.79403235286,1.1675068088491076
0,prefetch-hidden,4,200,0.01,oracle,5000,9;11;13;14,4,220956.99320730352,20000,240956.99320730352,257968.79403235286,1.0706009840121697
0,prefetch-hidden,4,200,0.01,oracle,20000,9;11;13;14,4,220956.99320730352,80000,300956.9932073035,257968.79403235286,0.8571616538402224
0,prefetch-hidden,4,200,0.1,frequency,0,4;5;6;7,4,257888.19917495066,0,257888.19917495066,257968.79403235286,1.000312518593949
0,prefetch-hidden,4,200,0.1,frequency,5000,4;5;6;7,4,257888.19917495066,20000,277888.19917495066,257968.79403235286,0.9283186360495391
0,prefetch-hidden,4,200,0.1,frequency,20000,4;5;6;7,4,257888.19917495066,80000,337888.19917495066,257968.79403235286,0.763473819631039
0,prefetch-hidden,4,200,0.1,residual,0,8;10;12;14,4,224356.99320730352,0,224356.99320730352,257968.79403235286,1.1498139208613498
0,prefetch-hidden,4,200,0.1,residual,5000,8;10;12;14,4,224356.99320730352,20000,244356.99320730352,257968.79403235286,1.055704568330081
0,prefetch-hidden,4,200,0.1,residual,20000,8;10;12;14,4,224356.99320730352,80000,304356.9932073035,257968.79403235286,0.847586222067338
0,prefetch-hidden,4,200,0.1,oracle,0,9;11;13;14,4,220956.99320730352,0,220956.99320730352,257968.79403235286,1.1675068088491076
0,prefetch-hidden,4,200,0.1,oracle,5000,9;11;13;14,4,220956.99320730352,20000,240956.99320730352,257968.79403235286,1.0706009840121697
0,prefetch-hidden,4,200,0.1,oracle,20000,9;11;13;14,4,220956.99320730352,80000,300956.9932073035,257968.79403235286,0.8571616538402224
0,prefetch-hidden,4,200,1.0,frequency,0,1;2;3;6,1,257949.22057169545,0,257949.22057169545,257968.79403235286,1.000075881061451
0,prefetch-hidden,4,200,1.0,frequency,5000,1;2;3;6,1,257949.22057169545,5000,262949.2205716955,257968.79403235286,0.9810593599459457
0,prefetch-hidden,4,200,1.0,frequency,20000,1;2;3;6,1,257949.22057169545,20000,277949.2205716955,257968.79403235286,0.9281148315571952
0,prefetch-hidden,4,200,1.0,residual,0,8;10;11;13,4,224356.99320730352,0,224356.99320730352,257968.79403235286,1.1498139208613498
0,prefetch-hidden,4,200,1.0,residual,5000,8;10;11;13,4,224356.99320730352,20000,244356.99320730352,257968.79403235286,1.055704568330081
0,prefetch-hidden,4,200,1.0,residual,20000,8;10;11;13,4,224356.99320730352,80000,304356.9932073035,257968.79403235286,0.847586222067338
0,prefetch-hidden,4,200,1.0,oracle,0,9;11;13;14,4,220956.99320730352,0,220956.99320730352,257968.79403235286,1.1675068088491076
0,prefetch-hidden,4,200,1.0,oracle,5000,9;11;13;14,4,220956.99320730352,20000,240956.99320730352,257968.79403235286,1.0706009840121697
0,prefetch-hidden,4,200,1.0,oracle,20000,9;11;13;14,4,220956.99320730352,80000,300956.9932073035,257968.79403235286,0.8571616538402224
0,prefetch-hidden,4,300,0.01,frequency,0,0;3;4;7,2,337726.7576061232,0,337726.7576061232,338220.39201715577,1.0014616384397006
0,prefetch-hidden,4,300,0.01,frequency,5000,0;3;4;7,2,337726.7576061232,10000,347726.7576061232,338220.39201715577,0.9726613917939111
0,prefetch-hidden,4,300,0.01,frequency,20000,0;3;4;7,2,337726.7576061232,40000,377726.7576061232,338220.39201715577,0.8954102011746731
0,prefetch-hidden,4,300,0.01,residual,0,8;9;11;12,4,280389.9098703986,0,280389.9098703986,338220.39201715577,1.2062502255287557
0,prefetch-hidden,4,300,0.01,residual,5000,8;9;11;12,4,280389.9098703986,20000,300389.9098703986,338220.39201715577,1.125937925688246
0,prefetch-hidden,4,300,0.01,residual,20000,8;9;11;12,4,280389.9098703986,80000,360389.9098703986,338220.39201715577,0.9384846322106651
0,prefetch-hidden,4,300,0.01,oracle,0,9;11;13;14,4,274989.9098703986,0,274989.9098703986,338220.39201715577,1.2299374627111133
0,prefetch-hidden,4,300,0.01,oracle,5000,9;11;13;14,4,274989.9098703986,20000,294989.9098703986,338220.39201715577,1.1465490198147799
0,prefetch-hidden,4,300,0.01,oracle,20000,9;11;13;14,4,274989.9098703986,80000,354989.9098703986,338220.39201715577,0.9527605788588045
0,prefetch-hidden,4,300,0.1,frequency,0,4;5;6;7,4,337769.5178532428,0,337769.5178532428,338220.39201715577,1.00133485746961
0,prefetch-hidden,4,300,0.1,frequency,5000,4;5;6;7,4,337769.5178532428,20000,357769.5178532428,338220.39201715577,0.9453583246739704
0,prefetch-hidden,4,300,0.1,frequency,20000,4;5;6;7,4,337769.5178532428,80000,417769.5178532428,338220.39201715577,0.809586093679454
0,prefetch-hidden,4,300,0.1,residual,0,8;10;12;14,4,281789.9098703986,0,281789.9098703986,338220.39201715577,1.2002572844879749
0,prefetch-hidden,4,300,0.1,residual,5000,8;10;12;14,4,281789.9098703986,20000,301789.9098703986,338220.39201715577,1.120714712305663
0,prefetch-hidden,4,300,0.1,residual,20000,8;10;12;14,4,281789.9098703986,80000,361789.9098703986,338220.39201715577,0.9348530259959822
0,prefetch-hidden,4,300,0.1,oracle,0,9;11;13;14,4,274989.9098703986,0,274989.9098703986,338220.39201715577,1.2299374627111133
0,prefetch-hidden,4,300,0.1,oracle,5000,9;11;13;14,4,274989.9098703986,20000,294989.9098703986,338220.39201715577,1.1465490198147799
0,prefetch-hidden,4,300,0.1,oracle,20000,9;11;13;14,4,274989.9098703986,80000,354989.9098703986,338220.39201715577,0.9527605788588045
0,prefetch-hidden,4,300,1.0,frequency,0,1;2;3;6,1,338037.0980675194,0,338037.0980675194,338220.39201715577,1.0005422302779317
0,prefetch-hidden,4,300,1.0,frequency,5000,1;2;3;6,1,338037.0980675194,5000,343037.0980675194,338220.39201715577,0.9859586438974145
0,prefetch-hidden,4,300,1.0,frequency,20000,1;2;3;6,1,338037.0980675194,20000,358037.0980675194,338220.39201715577,0.9446518079905046
0,prefetch-hidden,4,300,1.0,residual,0,8;10;11;13,4,281789.9098703986,0,281789.9098703986,338220.39201715577,1.2002572844879749
0,prefetch-hidden,4,300,1.0,residual,5000,8;10;11;13,4,281789.9098703986,20000,301789.9098703986,338220.39201715577,1.120714712305663
0,prefetch-hidden,4,300,1.0,residual,20000,8;10;11;13,4,281789.9098703986,80000,361789.9098703986,338220.39201715577,0.9348530259959822
0,prefetch-hidden,4,300,1.0,oracle,0,9;11;13;14,4,274989.9098703986,0,274989.9098703986,338220.39201715577,1.2299374627111133
0,prefetch-hidden,4,300,1.0,oracle,5000,9;11;13;14,4,274989.9098703986,20000,294989.9098703986,338220.39201715577,1.1465490198147799
0,prefetch-hidden,4,300,1.0,oracle,20000,9;11;13;14,4,274989.9098703986,80000,354989.9098703986,338220.39201715577,0.9527605788588045
0,prefetch-hidden,4,400,0.01,frequency,0,0;3;4;7,2,427265.1446681186,0,427265.1446681186,428670.51570530864,1.0032892246295486
0,prefetch-hidden,4,400,0.01,frequency,5000,0;3;4;7,2,427265.1446681186,10000,437265.1446681186,428670.51570530864,0.9803445825316508
0,prefetch-hidden,4,400,0.01,frequency,20000,0;3;4;7,2,427265.1446681186,40000,467265.1446681186,428670.51570530864,0.9174031502173732
0,prefetch-hidden,4,400,0.01,residual,0,8;9;11;12,4,356816.9746458833,0,356816.9746458833,428670.51570530864,1.2013736625919635
0,prefetch-hidden,4,400,0.01,residual,5000,8;9;11;12,4,356816.9746458833,20000,376816.9746458833,428670.51570530864,1.1376093555980462
0,prefetch-hidden,4,400,0.01,residual,20000,8;9;11;12,4,356816.9746458833,80000,436816.9746458833,428670.51570530864,0.9813504066613281
0,prefetch-hidden,4,400,0.01,oracle,0,9;11;13;14,4,348716.9746458833,0,348716.9746458833,428670.51570530864,1.2292791773059426
0,prefetch-hidden,4,400,0.01,oracle,5000,9;11;13;14,4,348716.9746458833,20000,368716.9746458833,428670.51570530864,1.1626004366004707
0,prefetch-hidden,4,400,0.01,oracle,20000,9;11;13;14,4,348716.9746458833,80000,428716.9746458833,428670.51570530864,0.9998916326077057
0,prefetch-hidden,4,400,0.1,frequency,0,4;5;6;7,4,427146.45894057467,0,427146.45894057467,428670.51570530864,1.0035679957841954
0,prefetch-hidden,4,400,0.1,frequency,5000,4;5;6;7,4,427146.45894057467,20000,447146.45894057467,428670.51570530864,0.9586803319900126
0,prefetch-hidden,4,400,0.1,frequency,20000,4;5;6;7,4,427146.45894057467,80000,507146.45894057467,428670.51570530864,0.845259802465738
0,prefetch-hidden,4,400,0.1,residual,0,8;10;12;14,4,358916.9746458833,0,358916.9746458833,428670.51570530864,1.1943445030100512
0,prefetch-hidden,4,400,0.1,residual,5000,8;10;12;14,4,358916.9746458833,20000,378916.9746458833,428670.51570530864,1.1313045980743472
0,prefetch-hidden,4,400,0.1,residual,20000,8;10;12;14,4,358916.9746458833,80000,438916.9746458833,428670.51570530864,0.9766551317618977
0,prefetch-hidden,4,400,0.1,oracle,0,9;11;13;14,4,348716.9746458833,0,348716.9746458833,428670.51570530864,1.2292791773059426
0,prefetch-hidden,4,400,0.1,oracle,5000,9;11;13;14,4,348716.9746458833,20000,368716.9746458833,428670.51570530864,1.1626004366004707
0,prefetch-hidden,4,400,0.1,oracle,20000,9;11;13;14,4,348716.9746458833,80000,428716.9746458833,428670.51570530864,0.9998916326077057
0,prefetch-hidden,4,400,1.0,frequency,0,1;2;3;6,1,427989.5648924439,0,427989.5648924439,428670.51570530864,1.001591045363538
0,prefetch-hidden,4,400,1.0,frequency,5000,1;2;3;6,1,427989.5648924439,5000,432989.5648924439,428670.51570530864,0.990025050169031
0,prefetch-hidden,4,400,1.0,frequency,20000,1;2;3;6,1,427989.5648924439,20000,447989.5648924439,428670.51570530864,0.9568761178806174
0,prefetch-hidden,4,400,1.0,residual,0,8;10;11;13,4,358916.9746458833,0,358916.9746458833,428670.51570530864,1.1943445030100512
0,prefetch-hidden,4,400,1.0,residual,5000,8;10;11;13,4,358916.9746458833,20000,378916.9746458833,428670.51570530864,1.1313045980743472
0,prefetch-hidden,4,400,1.0,residual,20000,8;10;11;13,4,358916.9746458833,80000,438916.9746458833,428670.51570530864,0.9766551317618977
0,prefetch-hidden,4,400,1.0,oracle,0,9;11;13;14,4,348716.9746458833,0,348716.9746458833,428670.51570530864,1.2292791773059426
0,prefetch-hidden,4,400,1.0,oracle,5000,9;11;13;14,4,348716.9746458833,20000,368716.9746458833,428670.51570530864,1.1626004366004707
0,prefetch-hidden,4,400,1.0,oracle,20000,9;11;13;14,4,348716.9746458833,80000,428716.9746458833,428670.51570530864,0.9998916326077057
0,prefetch-hidden,8,200,0.01,frequency,0,0;3;4;5;6;7;9;11,2,239645.49365602309,0,239645.49365602309,257600.0,1.074921109802916
0,prefetch-hidden,8,200,0.01,frequency,5000,0;3;4;5;6;7;9;11,2,239645.49365602309,10000,249645.49365602309,257600.0,1.0318632082137125
0,prefetch-hidden,8,200,0.01,frequency,20000,0;3;4;5;6;7;9;11,2,239645.49365602309,40000,279645.49365602306,257600.0,0.9211662831830216
0,prefetch-hidden,8,200,0.01,residual,0,1;3;6;7;8;9;11;12,4,223315.63997507287,0,223315.63997507287,257600.0,1.1535242226149232
0,prefetch-hidden,8,200,0.01,residual,5000,1;3;6;7;8;9;11;12,4,223315.63997507287,20000,243315.63997507287,257600.0,1.058707118154799
0,prefetch-hidden,8,200,0.01,residual,20000,1;3;6;7;8;9;11;12,4,223315.63997507287,80000,303315.6399750729,257600.0,0.8492803075409172
0,prefetch-hidden,8,200,0.01,oracle,0,8;9;10;11;12;13;14;15,8,189456.99320730352,0,189456.99320730352,257600.0,1.3596753312670518
0,prefetch-hidden,8,200,0.01,oracle,5000,8;9;10;11;12;13;14;15,8,189456.99320730352,40000,229456.99320730352,257600.0,1.1226504644696995
0,prefetch-hidden,8,200,0.01,oracle,20000,8;9;10;11;12;13;14;15,8,189456.99320730352,160000,349456.9932073035,257600.0,0.737143640010625
0,prefetch-hidden,8,200,0.1,frequency,0,0;1;2;3;4;5;6;7,0,257600.0,0,257600.0,257600.0,1.0
0,prefetch-hidden,8,200,0.1,frequency,5000,0;1;2;3;4;5;6;7,0,257600.0,0,257600.0,257600.0,1.0
0,prefetch-hidden,8,200,0.1,frequency,20000,0;1;2;3;4;5;6;7,0,257600.0,0,257600.0,257600.0,1.0
0,prefetch-hidden,8,200,0.1,residual,0,8;9;10;11;12;13;14;15,8,189456.99320730352,0,189456.99320730352,257600.0,1.3596753312670518
0,prefetch-hidden,8,200,0.1,residual,5000,8;9;10;11;12;13;14;15,8,189456.99320730352,40000,229456.99320730352,257600.0,1.1226504644696995
0,prefetch-hidden,8,200,0.1,residual,20000,8;9;10;11;12;13;14;15,8,189456.99320730352,160000,349456.9932073035,257600.0,0.737143640010625
0,prefetch-hidden,8,200,0.1,oracle,0,8;9;10;11;12;13;14;15,8,189456.99320730352,0,189456.99320730352,257600.0,1.3596753312670518
0,prefetch-hidden,8,200,0.1,oracle,5000,8;9;10;11;12;13;14;15,8,189456.99320730352,40000,229456.99320730352,257600.0,1.1226504644696995
0,prefetch-hidden,8,200,0.1,oracle,20000,8;9;10;11;12;13;14;15,8,189456.99320730352,160000,349456.9932073035,257600.0,0.737143640010625
0,prefetch-hidden,8,200,1.0,frequency,0,0;1;2;3;4;5;6;7,0,257600.0,0,257600.0,257600.0,1.0
0,prefetch-hidden,8,200,1.0,frequency,5000,0;1;2;3;4;5;6;7,0,257600.0,0,257600.0,257600.0,1.0
0,prefetch-hidden,8,200,1.0,frequency,20000,0;1;2;3;4;5;6;7,0,257600.0,0,257600.0,257600.0,1.0
0,prefetch-hidden,8,200,1.0,residual,0,8;9;10;11;12;13;14;15,8,189456.99320730352,0,189456.99320730352,257600.0,1.3596753312670518
0,prefetch-hidden,8,200,1.0,residual,5000,8;9;10;11;12;13;14;15,8,189456.99320730352,40000,229456.99320730352,257600.0,1.1226504644696995
0,prefetch-hidden,8,200,1.0,residual,20000,8;9;10;11;12;13;14;15,8,189456.99320730352,160000,349456.9932073035,257600.0,0.737143640010625
0,prefetch-hidden,8,200,1.0,oracle,0,8;9;10;11;12;13;14;15,8,189456.99320730352,0,189456.99320730352,257600.0,1.3596753312670518
0,prefetch-hidden,8,200,1.0,oracle,5000,8;9;10;11;12;13;14;15,8,189456.99320730352,40000,229456.99320730352,257600.0,1.1226504644696995
0,prefetch-hidden,8,200,1.0,oracle,20000,8;9;10;11;12;13;14;15,8,189456.99320730352,160000,349456.9932073035,257600.0,0.737143640010625
0,prefetch-hidden,8,300,0.01,frequency,0,0;3;4;5;6;7;9;11,2,295756.98202219966,0,295756.98202219966,326400.0,1.1036087728792832
0,prefetch-hidden,8,300,0.01,frequency,5000,0;3;4;5;6;7;9;11,2,295756.98202219966,10000,305756.98202219966,326400.0,1.0675144614565222
0,prefetch-hidden,8,300,0.01,frequency,20000,0;3;4;5;6;7;9;11,2,295756.98202219966,40000,335756.98202219966,326400.0,0.97213168296354
0,prefetch-hidden,8,300,0.01,residual,0,1;3;6;7;8;9;11;12,4,268704.41718810494,0,268704.41718810494,326400.0,1.2147176567309856
0,prefetch-hidden,8,300,0.01,residual,5000,1;3;6;7;8;9;11;12,4,268704.41718810494,20000,288704.41718810494,326400.0,1.130568084752699
0,prefetch-hidden,8,300,0.01,residual,20000,1;3;6;7;8;9;11;12,4,268704.41718810494,80000,348704.41718810494,326400.0,0.9360363216274572
0,prefetch-hidden,8,300,0.01,oracle,0,8;9;10;11;12;13;14;15,8,211989.90987039858,0,211989.90987039858,326400.0,1.5396959232613796
0,prefetch-hidden,8,300,0.01,oracle,5000,8;9;10;11;12;13;14;15,8,211989.90987039858,40000,251989.90987039858,326400.0,1.295289958903003
0,prefetch-hidden,8,300,0.01,oracle,20000,8;9;10;11;12;13;14;15,8,211989.90987039858,160000,371989.9098703986,326400.0,0.8774431546106126
0,prefetch-hidden,8,300,0.1,frequency,0,0;1;2;3;4;5;6;7,0,326400.0,0,326400.0,326400.0,1.0
0,prefetch-hidden,8,300,0.1,frequency,5000,0;1;2;3;4;5;6;7,0,326400.0,0,326400.0,326400.0,1.0
0,prefetch-hidden,8,300,0.1,frequency,20000,0;1;2;3;4;5;6;7,0,326400.0,0,326400.0,326400.0,1.0
0,prefetch-hidden,8,300,0.1,residual,0,8;9;10;11;12;13;14;15,8,211989.90987039858,0,211989.90987039858,326400.0,1.5396959232613796
0,prefetch-hidden,8,300,0.1,residual,5000,8;9;10;11;12;13;14;15,8,211989.90987039858,40000,251989.90987039858,326400.0,1.295289958903003
0,prefetch-hidden,8,300,0.1,residual,20000,8;9;10;11;12;13;14;15,8,211989.90987039858,160000,371989.9098703986,326400.0,0.8774431546106126
0,prefetch-hidden,8,300,0.1,oracle,0,8;9;10;11;12;13;14;15,8,211989.90987039858,0,211989.90987039858,326400.0,1.5396959232613796
0,prefetch-hidden,8,300,0.1,oracle,5000,8;9;10;11;12;13;14;15,8,211989.90987039858,40000,251989.90987039858,326400.0,1.295289958903003
0,prefetch-hidden,8,300,0.1,oracle,20000,8;9;10;11;12;13;14;15,8,211989.90987039858,160000,371989.9098703986,326400.0,0.8774431546106126
0,prefetch-hidden,8,300,1.0,frequency,0,0;1;2;3;4;5;6;7,0,326400.0,0,326400.0,326400.0,1.0
0,prefetch-hidden,8,300,1.0,frequency,5000,0;1;2;3;4;5;6;7,0,326400.0,0,326400.0,326400.0,1.0
0,prefetch-hidden,8,300,1.0,frequency,20000,0;1;2;3;4;5;6;7,0,326400.0,0,326400.0,326400.0,1.0
0,prefetch-hidden,8,300,1.0,residual,0,8;9;10;11;12;13;14;15,8,211989.90987039858,0,211989.90987039858,326400.0,1.5396959232613796
0,prefetch-hidden,8,300,1.0,residual,5000,8;9;10;11;12;13;14;15,8,211989.90987039858,40000,251989.90987039858,326400.0,1.295289958903003
0,prefetch-hidden,8,300,1.0,residual,20000,8;9;10;11;12;13;14;15,8,211989.90987039858,160000,371989.9098703986,326400.0,0.8774431546106126
0,prefetch-hidden,8,300,1.0,oracle,0,8;9;10;11;12;13;14;15,8,211989.90987039858,0,211989.90987039858,326400.0,1.5396959232613796
0,prefetch-hidden,8,300,1.0,oracle,5000,8;9;10;11;12;13;14;15,8,211989.90987039858,40000,251989.90987039858,326400.0,1.295289958903003
0,prefetch-hidden,8,300,1.0,oracle,20000,8;9;10;11;12;13;14;15,8,211989.90987039858,160000,371989.9098703986,326400.0,0.8774431546106126
0,prefetch-hidden,8,400,0.01,frequency,0,0;3;4;5;6;7;9;11,2,356534.25158618385,0,356534.25158618385,395200.0,1.1084489028523803
0,prefetch-hidden,8,400,0.01,frequency,5000,0;3;4;5;6;7;9;11,2,356534.25158618385,10000,366534.25158618385,395200.0,1.0782075571103236
0,prefetch-hidden,8,400,0.01,frequency,20000,0;3;4;5;6;7;9;11,2,356534.25158618385,40000,396534.25158618385,395200.0,0.9966352173088537
0,prefetch-hidden,8,400,0.01,residual,0,3;4;6;7;8;9;11;12,4,322784.19385525386,0,322784.19385525386,395200.0,1.2243474356034285
0,prefetch-hidden,8,400,0.01,residual,5000,3;4;6;7;8;9;11;12,4,322784.19385525386,20000,342784.19385525386,395200.0,1.1529119693508376
0,prefetch-hidden,8,400,0.01,residual,20000,3;4;6;7;8;9;11;12,4,322784.19385525386,80000,402784.19385525386,395200.0,0.9811705772695257
0,prefetch-hidden,8,400,0.01,oracle,0,8;9;10;11;12;13;14;15,8,254216.9746458833,0,254216.9746458833,395200.0,1.554577543653416
0,prefetch-hidden,8,400,0.01,oracle,5000,8;9;10;11;12;13;14;15,8,254216.9746458833,40000,294216.9746458833,395200.0,1.343226373922371
0,prefetch-hidden,8,400,0.01,oracle,20000,8;9;10;11;12;13;14;15,8,254216.9746458833,160000,414216.9746458833,395200.0,0.9540893401045647
0,prefetch-hidden,8,400,0.1,frequency,0,0;1;2;3;4;5;6;7,0,395200.0,0,395200.0,395200.0,1.0
0,prefetch-hidden,8,400,0.1,frequency,5000,0;1;2;3;4;5;6;7,0,395200.0,0,395200.0,395200.0,1.0
0,prefetch-hidden,8,400,0.1,frequency,20000,0;1;2;3;4;5;6;7,0,395200.0,0,395200.0,395200.0,1.0
0,prefetch-hidden,8,400,0.1,residual,0,8;9;10;11;12;13;14;15,8,254216.9746458833,0,254216.9746458833,395200.0,1.554577543653416
0,prefetch-hidden,8,400,0.1,residual,5000,8;9;10;11;12;13;14;15,8,254216.9746458833,40000,294216.9746458833,395200.0,1.343226373922371
0,prefetch-hidden,8,400,0.1,residual,20000,8;9;10;11;12;13;14;15,8,254216.9746458833,160000,414216.9746458833,395200.0,0.9540893401045647
0,prefetch-hidden,8,400,0.1,oracle,0,8;9;10;11;12;13;14;15,8,254216.9746458833,0,254216.9746458833,395200.0,1.554577543653416
0,prefetch-hidden,8,400,0.1,oracle,5000,8;9;10;11;12;13;14;15,8,254216.9746458833,40000,294216.9746458833,395200.0,1.343226373922371
0,prefetch-hidden,8,400,0.1,oracle,20000,8;9;10;11;12;13;14;15,8,254216.9746458833,160000,414216.9746458833,395200.0,0.9540893401045647
0,prefetch-hidden,8,400,1.0,frequency,0,0;1;2;3;4;5;6;7,0,395200.0,0,395200.0,395200.0,1.0
0,prefetch-hidden,8,400,1.0,frequency,5000,0;1;2;3;4;5;6;7,0,395200.0,0,395200.0,395200.0,1.0
0,prefetch-hidden,8,400,1.0,frequency,20000,0;1;2;3;4;5;6;7,0,395200.0,0,395200.0,395200.0,1.0
0,prefetch-hidden,8,400,1.0,residual,0,8;9;10;11;12;13;14;15,8,254216.9746458833,0,254216.9746458833,395200.0,1.554577543653416
0,prefetch-hidden,8,400,1.0,residual,5000,8;9;10;11;12;13;14;15,8,254216.9746458833,40000,294216.9746458833,395200.0,1.343226373922371
0,prefetch-hidden,8,400,1.0,residual,20000,8;9;10;11;12;13;14;15,8,254216.9746458833,160000,414216.9746458833,395200.0,0.9540893401045647
0,prefetch-hidden,8,400,1.0,oracle,0,8;9;10;11;12;13;14;15,8,254216.9746458833,0,254216.9746458833,395200.0,1.554577543653416
0,prefetch-hidden,8,400,1.0,oracle,5000,8;9;10;11;12;13;14;15,8,254216.9746458833,40000,294216.9746458833,395200.0,1.343226373922371
0,prefetch-hidden,8,400,1.0,oracle,20000,8;9;10;11;12;13;14;15,8,254216.9746458833,160000,414216.9746458833,395200.0,0.9540893401045647
0,phase-reversal,2,200,0.01,frequency,0,3;7,2,422363.616454798,0,422363.616454798,424163.616454798,1.0042617307217623
0,phase-reversal,2,200,0.01,frequency,5000,3;7,2,422363.616454798,10000,432363.616454798,424163.616454798,0.9810344818853247
0,phase-reversal,2,200,0.01,frequency,20000,3;7,2,422363.616454798,40000,462363.616454798,424163.616454798,0.9173810424511754
0,phase-reversal,2,200,0.01,residual,0,9;11,2,464799.5078075929,0,464799.5078075929,424163.616454798,0.9125732909131726
0,phase-reversal,2,200,0.01,residual,5000,9;11,2,464799.5078075929,10000,474799.5078075929,424163.616454798,0.8933531090067715
0,phase-reversal,2,200,0.01,residual,20000,9;11,2,464799.5078075929,40000,504799.5078075929,424163.616454798,0.8402615491781942
0,phase-reversal,2,200,0.01,oracle,0,2;6,2,419163.616454798,0,419163.616454798,424163.616454798,1.0119285162254514
0,phase-reversal,2,200,0.01,oracle,5000,2;6,2,419163.616454798,10000,429163.616454798,424163.616454798,0.988349431759142
0,phase-reversal,2,200,0.01,oracle,20000,2;6,2,419163.616454798,40000,459163.616454798,424163.616454798,0.9237744482669707
0,phase-reversal,2,200,0.1,frequency,0,4;6,2,419463.616454798,0,419463.616454798,424163.616454798,1.0112047858637256
0,phase-reversal,2,200,0.1,frequency,5000,4;6,2,419463.616454798,10000,429463.616454798,424163.616454798,0.9876590244273746
0,phase-reversal,2,200,0.1,frequency,20000,4;6,2,419463.616454798,40000,459463.616454798,424163.616454798,0.9231712833491076
0,phase-reversal,2,200,0.1,residual,0,12;14,2,464797.8963767856,0,464797.8963767856,424163.616454798,0.9125764547586341
0,phase-reversal,2,200,0.1,residual,5000,12;14,2,464797.8963767856,10000,474797.8963767856,424163.616454798,0.8933561409846564
0,phase-reversal,2,200,0.1,residual,20000,12;14,2,464797.8963767856,40000,504797.8963767856,424163.616454798,0.8402642314860174
0,phase-reversal,2,200,0.1,oracle,0,2;6,2,419163.616454798,0,419163.616454798,424163.616454798,1.0119285162254514
0,phase-reversal,2,200,0.1,oracle,5000,2;6,2,419163.616454798,10000,429163.616454798,424163.616454798,0.988349431759142
0,phase-reversal,2,200,0.1,oracle,20000,2;6,2,419163.616454798,40000,459163.616454798,424163.616454798,0.9237744482669707
0,phase-reversal,2,200,1.0,frequency,0,3;6,2,421063.616454798,0,421063.616454798,424163.616454798,1.0073623079241585
0,phase-reversal,2,200,1.0,frequency,5000,3;6,2,421063.616454798,10000,431063.616454798,424163.616454798,0.983993081910397
0,phase-reversal,2,200,1.0,frequency,20000,3;6,2,421063.616454798,40000,461063.616454798,424163.616454798,0.9199676602466904
0,phase-reversal,2,200,1.0,residual,0,8;13,2,464796.0528306897,0,464796.0528306897,424163.616454798,0.9125800743607158
0,phase-reversal,2,200,1.0,residual,5000,8;13,2,464796.0528306897,10000,474796.0528306897,424163.616454798,0.8933596097228992
0,phase-reversal,2,200,1.0,residual,20000,8;13,2,464796.0528306897,40000,504796.0528306897,424163.616454798,0.8402673001824439
0,phase-reversal,2,200,1.0,oracle,0,2;6,2,419163.616454798,0,419163.616454798,424163.616454798,1.0119285162254514
0,phase-reversal,2,200,1.0,oracle,5000,2;6,2,419163.616454798,10000,429163.616454798,424163.616454798,0.988349431759142
0,phase-reversal,2,200,1.0,oracle,20000,2;6,2,419163.616454798,40000,459163.616454798,424163.616454798,0.9237744482669707
0,phase-reversal,2,300,0.01,frequency,0,3;7,2,561028.8820616573,0,561028.8820616573,564628.8820616573,1.006416781943152
0,phase-reversal,2,300,0.01,frequency,5000,3;7,2,561028.8820616573,10000,571028.8820616573,564628.8820616573,0.9887921606050936
0,phase-reversal,2,300,0.01,frequency,20000,3;7,2,561028.8820616573,40000,601028.8820616573,564628.8820616573,0.9394371866537591
0,phase-reversal,2,300,0.01,residual,0,9;11,2,643582.9823629223,0,643582.9823629223,564628.8820616573,0.8773210254699648
0,phase-reversal,2,300,0.01,residual,5000,9;11,2,643582.9823629223,10000,653582.9823629223,564628.8820616573,0.8638977716652505
0,phase-reversal,2,300,0.01,residual,20000,9;11,2,643582.9823629223,40000,683582.9823629223,564628.8820616573,0.8259844036929069
0,phase-reversal,2,300,0.01,oracle,0,2;6,2,554628.8820616573,0,554628.8820616573,564628.8820616573,1.0180300743856472
0,phase-reversal,2,300,0.01,oracle,5000,2;6,2,554628.8820616573,10000,564628.8820616573,564628.8820616573,1.0
0,phase-reversal,2,300,0.01,oracle,20000,2;6,2,554628.8820616573,40000,594628.8820616573,564628.8820616573,0.9495483638534576
0,phase-reversal,2,300,0.1,frequency,0,4;6,2,555228.8820616573,0,555228.8820616573,564628.8820616573,1.016929955021605
0,phase-reversal,2,300,0.1,frequency,5000,4;6,2,555228.8820616573,10000,565228.8820616573,564628.8820616573,0.9989384831188889
0,phase-reversal,2,300,0.1,frequency,20000,4;6,2,555228.8820616573,40000,595228.8820616573,564628.8820616573,0.948591204287647
0,phase-reversal,2,300,0.1,residual,0,12;14,2,643752.0023424957,0,643752.0023424957,564628.8820616573,0.8770906808943135
0,phase-reversal,2,300,0.1,residual,5000,12;14,2,643752.0023424957,10000,653752.0023424957,564628.8820616573,0.8636744209402092
0,phase-reversal,2,300,0.1,residual,20000,12;14,2,643752.0023424957,40000,683752.0023424957,564628.8820616573,0.8257802245949857
0,phase-reversal,2,300,0.1,oracle,0,2;6,2,554628.8820616573,0,554628.8820616573,564628.8820616573,1.0180300743856472
0,phase-reversal,2,300,0.1,oracle,5000,2;6,2,554628.8820616573,10000,564628.8820616573,564628.8820616573,1.0
0,phase-reversal,2,300,0.1,oracle,20000,2;6,2,554628.8820616573,40000,594628.8820616573,564628.8820616573,0.9495483638534576
0,phase-reversal,2,300,1.0,frequency,0,3;6,2,558428.8820616573,0,558428.8820616573,564628.8820616573,1.0111025776050664
0,phase-reversal,2,300,1.0,frequency,5000,3;6,2,558428.8820616573,10000,568428.8820616573,564628.8820616573,0.9933149068952696
0,phase-reversal,2,300,1.0,frequency,20000,3;6,2,558428.8820616573,40000,598428.8820616573,564628.8820616573,0.9435187688743313
0,phase-reversal,2,300,1.0,residual,0,8;13,2,643792.1074749553,0,643792.1074749553,564628.8820616573,0.8770360423898523
0,phase-reversal,2,300,1.0,residual,5000,8;13,2,643792.1074749553,10000,653792.1074749553,564628.8820616573,0.8636214411372142
0,phase-reversal,2,300,1.0,residual,20000,8;13,2,643792.1074749553,40000,683792.1074749553,564628.8820616573,0.8257317917088381
0,phase-reversal,2,300,1.0,oracle,0,2;6,2,554628.8820616573,0,554628.8820616573,564628.8820616573,1.0180300743856472
0,phase-reversal,2,300,1.0,oracle,5000,2;6,2,554628.8820616573,10000,564628.8820616573,564628.8820616573,1.0
0,phase-reversal,2,300,1.0,oracle,20000,2;6,2,554628.8820616573,40000,594628.8820616573,564628.8820616573,0.9495483638534576
0,phase-reversal,2,400,0.01,frequency,0,3;7,2,707532.9692822243,0,707532.9692822243,712932.9692822243,1.0076321531779335
0,phase-reversal,2,400,0.01,frequency,5000,3;7,2,707532.9692822243,10000,717532.9692822243,712932.9692822243,0.9935891447544194
0,phase-reversal,2,400,0.01,frequency,20000,3;7,2,707532.9692822243,40000,747532.9692822243,712932.9692822243,0.9537144160568294
0,phase-reversal,2,400,0.01,residual,0,9;11,2,828171.1068810003,0,828171.1068810003,712932.9692822243,0.8608522603103388
0,phase-reversal,2,400,0.01,residual,5000,9;11,2,828171.1068810003,10000,838171.1068810003,712932.9692822243,0.850581657407863
0,phase-reversal,2,400,0.01,residual,20000,9;11,2,828171.1068810003,40000,868171.1068810003,712932.9692822243,0.8211894678728874
0,phase-reversal,2,400,0.01,oracle,0,2;6,2,697932.9692822243,0,697932.9692822243,712932.9692822243,1.0214920352815922
0,phase-reversal,2,400,0.01,oracle,5000,2;6,2,697932.9692822243,10000,707932.9692822243,712932.9692822243,1.0070628155728776
0,phase-reversal,2,400,0.01,oracle,20000,2;6,2,697932.9692822243,40000,737932.9692822243,712932.9692822243,0.9661215841537517
0,phase-reversal,2,400,0.1,frequency,0,4;6,2,698832.9692822243,0,698832.9692822243,712932.9692822243,1.0201764951279877
0,phase-reversal,2,400,0.1,frequency,5000,4;6,2,698832.9692822243,10000,708832.9692822243,712932.9692822243,1.0057841553337337
0,phase-reversal,2,400,0.1,frequency,20000,4;6,2,698832.9692822243,40000,738832.9692822243,712932.9692822243,0.9649447154136045
0,phase-reversal,2,400,0.1,residual,0,12;14,2,828728.3325912852,0,828728.3325912852,712932.9692822243,0.8602734349059968
0,phase-reversal,2,400,0.1,residual,5000,12;14,2,828728.3325912852,10000,838728.3325912852,712932.9692822243,0.8500165567074489
0,phase-reversal,2,400,0.1,residual,20000,12;14,2,828728.3325912852,40000,868728.3325912852,712932.9692822243,0.8206627348686246
0,phase-reversal,2,400,0.1,oracle,0,2;6,2,697932.9692822243,0,697932.9692822243,712932.9692822243,1.0214920352815922
0,phase-reversal,2,400,0.1,oracle,5000,2;6,2,697932.9692822243,10000,707932.9692822243,712932.9692822243,1.0070628155728776
0,phase-reversal,2,400,0.1,oracle,20000,2;6,2,697932.9692822243,40000,737932.9692822243,712932.9692822243,0.9661215841537517
0,phase-reversal,2,400,1.0,frequency,0,3;6,2,703632.9692822243,0,703632.9692822243,712932.9692822243,1.0132171180231746
0,phase-reversal,2,400,1.0,frequency,5000,3;6,2,703632.9692822243,10000,713632.9692822243,712932.9692822243,0.9990191036146998
0,phase-reversal,2,400,1.0,frequency,20000,3;6,2,703632.9692822243,40000,743632.9692822243,712932.9692822243,0.9587161929767147
0,phase-reversal,2,400,1.0,residual,0,8;13,2,828708.4999851487,0,828708.4999851487,712932.9692822243,0.8602940229224159
0,phase-reversal,2,400,1.0,residual,5000,8;13,2,828708.4999851487,10000,838708.4999851487,712932.9692822243,0.8500366567107028
0,phase-reversal,2,400,1.0,residual,20000,8;13,2,828708.4999851487,40000,868708.4999851487,712932.9692822243,0.8206814705904368
0,phase-reversal,2,400,1.0,oracle,0,2;6,2,697932.9692822243,0,697932.9692822243,712932.9692822243,1.0214920352815922
0,phase-reversal,2,400,1.0,oracle,5000,2;6,2,697932.9692822243,10000,707932.9692822243,712932.9692822243,1.0070628155728776
0,phase-reversal,2,400,1.0,oracle,20000,2;6,2,697932.9692822243,40000,737932.9692822243,712932.9692822243,0.9661215841537517
0,phase-reversal,4,200,0.01,frequency,0,0;3;4;7,2,378763.616454798,0,378763.616454798,380663.616454798,1.0050163213082182
0,phase-reversal,4,200,0.01,frequency,5000,0;3;4;7,2,378763.616454798,10000,388763.616454798,380663.616454798,0.9791647169201035
0,phase-reversal,4,200,0.01,frequency,20000,0;3;4;7,2,378763.616454798,40000,418763.616454798,380663.616454798,0.9090178838301427
0,phase-reversal,4,200,0.01,residual,0,8;9;11;12,4,464728.1076857065,0,464728.1076857065,380663.616454798,0.8191103790783385
0,phase-reversal,4,200,0.01,residual,5000,8;9;11;12,4,464728.1076857065,20000,484728.1076857065,380663.616454798,0.7853136849691764
0,phase-reversal,4,200,0.01,residual,20000,8;9;11;12,4,464728.1076857065,80000,544728.1076857066,380663.616454798,0.698813979091438
0,phase-reversal,4,200,0.01,oracle,0,2;4;6;7,3,375063.616454798,0,375063.616454798,380663.616454798,1.0149308004144275
0,phase-reversal,4,200,0.01,oracle,5000,2;4;6;7,3,375063.616454798,15000,390063.616454798,380663.616454798,0.9759013668451456
0,phase-reversal,4,200,0.01,oracle,20000,2;4;6;7,3,375063.616454798,60000,435063.616454798,380663.616454798,0.8749608150566826
0,phase-reversal,4,200,0.1,frequency,0,4;5;6;7,4,376763.616454798,0,376763.616454798,380663.616454798,1.0103513179873829
0,phase-reversal,4,200,0.1,frequency,5000,4;5;6;7,4,376763.616454798,20000,396763.616454798,380663.616454798,0.9594216825023969
0,phase-reversal,4,200,0.1,frequency,20000,4;5;6;7,4,376763.616454798,80000,456763.616454798,380663.616454798,0.8333930346934036
0,phase-reversal,4,200,0.1,residual,0,8;10;12;14,4,464730.1826759431,0,464730.1826759431,380663.616454798,0.8191067218034236
0,phase-reversal,4,200,0.1,residual,5000,8;10;12;14,4,464730.1826759431,20000,484730.1826759431,380663.616454798,0.7853103232675799
0,phase-reversal,4,200,0.1,residual,20000,8;10;12;14,4,464730.1826759431,80000,544730.1826759431,380663.616454798,0.6988113171640657
0,phase-reversal,4,200,0.1,oracle,0,2;4;6;7,3,375063.616454798,0,375063.616454798,380663.616454798,1.0149308004144275
0,phase-reversal,4,200,0.1,oracle,5000,2;4;6;7,3,375063.616454798,15000,390063.616454798,380663.616454798,0.9759013668451456
0,phase-reversal,4,200,0.1,oracle,20000,2;4;6;7,3,375063.616454798,60000,435063.616454798,380663.616454798,0.8749608150566826
0,phase-reversal,4,200,1.0,frequency,0,1;2;3;6,1,378863.616454798,0,378863.616454798,380663.616454798,1.004751050039704
0,phase-reversal,4,200,1.0,frequency,5000,1;2;3;6,1,378863.616454798,5000,383863.616454798,380663.616454798,0.9916637059027531
0,phase-reversal,4,200,1.0,frequency,20000,1;2;3;6,1,378863.616454798,20000,398863.616454798,380663.616454798,0.9543703680928176
0,phase-reversal,4,200,1.0,residual,0,8;10;11;13,4,464727.6602958327,0,464727.6602958327,380663.616454798,0.8191111676298288
0,phase-reversal,4,200,1.0,residual,5000,8;10;11;13,4,464727.6602958327,20000,484727.6602958327,380663.616454798,0.7853144097914203
0,phase-reversal,4,200,1.0,residual,20000,8;10;11;13,4,464727.6602958327,80000,544727.6602958327,380663.616454798,0.6988145530338331
0,phase-reversal,4,200,1.0,oracle,0,2;4;6;7,3,375063.616454798,0,375063.616454798,380663.616454798,1.0149308004144275
0,phase-reversal,4,200,1.0,oracle,5000,2;4;6;7,3,375063.616454798,15000,390063.616454798,380663.616454798,0.9759013668451456
0,phase-reversal,4,200,1.0,oracle,20000,2;4;6;7,3,375063.616454798,60000,435063.616454798,380663.616454798,0.8749608150566826
0,phase-reversal,4,300,0.01,frequency,0,0;3;4;7,2,473828.88206165726,0,473828.88206165726,477628.88206165726,1.0080197728417608
0,phase-reversal,4,300,0.01,frequency,5000,0;3;4;7,2,473828.88206165726,10000,483828.88206165726,477628.88206165726,0.987185552103502
0,phase-reversal,4,300,0.01,frequency,20000,0;3;4;7,2,473828.88206165726,40000,513828.88206165726,477628.88206165726,0.929548530135649
0,phase-reversal,4,300,0.01,residual,0,8;9;11;12,4,641504.1233484014,0,641504.1233484014,477628.88206165726,0.744545303261062
0,phase-reversal,4,300,0.01,residual,5000,8;9;11;12,4,641504.1233484014,20000,661504.1233484014,477628.88206165726,0.7220346256407224
0,phase-reversal,4,300,0.01,residual,20000,8;9;11;12,4,641504.1233484014,80000,721504.1233484014,477628.88206165726,0.6619905092780999
0,phase-reversal,4,300,0.01,oracle,0,2;4;6;7,3,466428.88206165726,0,466428.88206165726,477628.88206165726,1.0240122351568262
0,phase-reversal,4,300,0.01,oracle,5000,2;4;6;7,3,466428.88206165726,15000,481428.88206165726,477628.88206165726,0.9921068300187413
0,phase-reversal,4,300,0.01,oracle,20000,2;4;6;7,3,466428.88206165726,60000,526428.8820616573,477628.88206165726,0.9072999190149215
0,phase-reversal,4,300,0.1,frequency,0,4;5;6;7,4,469828.88206165726,0,469828.88206165726,477628.88206165726,1.0166017890721677
0,phase-reversal,4,300,0.1,frequency,5000,4;5;6;7,4,469828.88206165726,20000,489828.88206165726,477628.88206165726,0.9750933429065044
0,phase-reversal,4,300,0.1,frequency,20000,4;5;6;7,4,469828.88206165726,80000,549828.8820616573,477628.88206165726,0.8686864179828524
0,phase-reversal,4,300,0.1,residual,0,8;10;12;14,4,641712.946683947,0,641712.946683947,477628.88206165726,0.7443030166834026
0,phase-reversal,4,300,0.1,residual,5000,8;10;12;14,4,641712.946683947,20000,661712.946683947,477628.88206165726,0.7218067659930287
0,phase-reversal,4,300,0.1,residual,20000,8;10;12;14,4,641712.946683947,80000,721712.946683947,477628.88206165726,0.6617989662735271
0,phase-reversal,4,300,0.1,oracle,0,2;4;6;7,3,466428.88206165726,0,466428.88206165726,477628.88206165726,1.0240122351568262
0,phase-reversal,4,300,0.1,oracle,5000,2;4;6;7,3,466428.88206165726,15000,481428.88206165726,477628.88206165726,0.9921068300187413
0,phase-reversal,4,300,0.1,oracle,20000,2;4;6;7,3,466428.88206165726,60000,526428.8820616573,477628.88206165726,0.9072999190149215
0,phase-reversal,4,300,1.0,frequency,0,1;2;3;6,1,474028.88206165726,0,474028.88206165726,477628.88206165726,1.0075944739576685
0,phase-reversal,4,300,1.0,frequency,5000,1;2;3;6,1,474028.88206165726,5000,479028.88206165726,477628.88206165726,0.9970774204804215
0,phase-reversal,4,300,1.0,frequency,20000,1;2;3;6,1,474028.88206165726,20000,494028.88206165726,477628.88206165726,0.9668035602866774
0,phase-reversal,4,300,1.0,residual,0,8;10;11;13,4,641428.571461905,0,641428.571461905,477628.88206165726,0.7446330009482967
0,phase-reversal,4,300,1.0,residual,5000,8;10;11;13,4,641428.571461905,20000,661428.571461905,477628.88206165726,0.722117100272809
0,phase-reversal,4,300,1.0,residual,20000,8;10;11;13,4,641428.571461905,80000,721428.571461905,477628.88206165726,0.6620598364905186
0,phase-reversal,4,300,1.0,oracle,0,2;4;6;7,3,466428.88206165726,0,466428.88206165726,477628.88206165726,1.0240122351568262
0,phase-reversal,4,300,1.0,oracle,5000,2;4;6;7,3,466428.88206165726,15000,481428.88206165726,477628.88206165726,0.9921068300187413
0,phase-reversal,4,300,1.0,oracle,20000,2;4;6;7,3,466428.88206165726,60000,526428.8820616573,477628.88206165726,0.9072999190149215
0,phase-reversal,4,400,0.01,frequency,0,0;3;4;7,2,576732.9692822243,0,576732.9692822243,582432.9692822243,1.009883256729876
0,phase-reversal,4,400,0.01,frequency,5000,0;3;4;7,2,576732.9692822243,10000,586732.9692822243,582432.9692822243,0.9926712828064522
0,phase-reversal,4,400,0.01,frequency,20000,0;3;4;7,2,576732.9692822243,40000,616732.9692822243,582432.9692822243,0.9443843580473417
0,phase-reversal,4,400,0.01,residual,0,8;9;11;12,4,822170.3092462784,0,822170.3092462784,582432.9692822243,0.7084091492140693
0,phase-reversal,4,400,0.01,residual,5000,8;9;11;12,4,822170.3092462784,20000,842170.3092462784,582432.9692822243,0.6915857313985427
0,phase-reversal,4,400,0.01,residual,20000,8;9;11;12,4,822170.3092462784,80000,902170.3092462784,582432.9692822243,0.6455909303519645
0,phase-reversal,4,400,0.01,oracle,0,2;4;6;7,3,565632.9692822243,0,565632.9692822243,582432.9692822243,1.0297012389877465
0,phase-reversal,4,400,0.01,oracle,5000,2;4;6;7,3,565632.9692822243,15000,580632.9692822243,582432.9692822243,1.0031000650931434
0,phase-reversal,4,400,0.01,oracle,20000,2;4;6;7,3,565632.9692822243,60000,625632.9692822243,582432.9692822243,0.9309499305166694
0,phase-reversal,4,400,0.1,frequency,0,4;5;6;7,4,570732.9692822243,0,570732.9692822243,582432.9692822243,1.020499954671822
0,phase-reversal,4,400,0.1,frequency,5000,4;5;6;7,4,570732.9692822243,20000,590732.9692822243,582432.9692822243,0.9859496584216638
0,phase-reversal,4,400,0.1,frequency,20000,4;5;6;7,4,570732.9692822243,80000,650732.9692822243,582432.9692822243,0.8950414329316422
0,phase-reversal,4,400,0.1,residual,0,8;10;12;14,4,822843.4786117361,0,822843.4786117361,582432.9692822243,0.707829598728641
0,phase-reversal,4,400,0.1,residual,5000,8;10;12;14,4,822843.4786117361,20000,842843.4786117361,582432.9692822243,0.6910333698512575
0,phase-reversal,4,400,0.1,residual,20000,8;10;12;14,4,822843.4786117361,80000,902843.4786117361,582432.9692822243,0.6451095711272198
0,phase-reversal,4,400,0.1,oracle,0,2;4;6;7,3,565632.9692822243,0,565632.9692822243,582432.9692822243,1.0297012389877465
0,phase-reversal,4,400,0.1,oracle,5000,2;4;6;7,3,565632.9692822243,15000,580632.9692822243,582432.9692822243,1.0031000650931434
0,phase-reversal,4,400,0.1,oracle,20000,2;4;6;7,3,565632.9692822243,60000,625632.9692822243,582432.9692822243,0.9309499305166694
0,phase-reversal,4,400,1.0,frequency,0,1;2;3;6,1,577032.9692822243,0,577032.9692822243,582432.9692822243,1.0093582174459061
0,phase-reversal,4,400,1.0,frequency,5000,1;2;3;6,1,577032.9692822243,5000,582032.9692822243,582432.9692822243,1.000687246292067
0,phase-reversal,4,400,1.0,frequency,20000,1;2;3;6,1,577032.9692822243,20000,597032.9692822243,582432.9692822243,0.9755457390945216
0,phase-reversal,4,400,1.0,residual,0,8;10;11;13,4,822080.9400790131,0,822080.9400790131,582432.9692822243,0.708486161017484
0,phase-reversal,4,400,1.0,residual,5000,8;10;11;13,4,822080.9400790131,20000,842080.9400790131,582432.9692822243,0.691659128667102
0,phase-reversal,4,400,1.0,residual,20000,8;10;11;13,4,822080.9400790131,80000,902080.9400790131,582432.9692822243,0.6456548890515402
0,phase-reversal,4,400,1.0,oracle,0,2;4;6;7,3,565632.9692822243,0,565632.9692822243,582432.9692822243,1.0297012389877465
0,phase-reversal,4,400,1.0,oracle,5000,2;4;6;7,3,565632.9692822243,15000,580632.9692822243,582432.9692822243,1.0031000650931434
0,phase-reversal,4,400,1.0,oracle,20000,2;4;6;7,3,565632.9692822243,60000,625632.9692822243,582432.9692822243,0.9309499305166694
0,phase-reversal,8,200,0.01,frequency,0,0;3;4;5;6;7;9;11,2,334699.5078075929,0,334699.5078075929,292563.616454798,0.8741082960390327
0,phase-reversal,8,200,0.01,frequency,5000,0;3;4;5;6;7;9;11,2,334699.5078075929,10000,344699.5078075929,292563.616454798,0.8487497365911628
0,phase-reversal,8,200,0.01,frequency,20000,0;3;4;5;6;7;9;11,2,334699.5078075929,40000,374699.5078075929,292563.616454798,0.7807953049274581
0,phase-reversal,8,200,0.01,residual,0,1;3;6;7;8;9;11;12,4,379728.10768570646,0,379728.10768570646,292563.616454798,0.7704555194448423
0,phase-reversal,8,200,0.01,residual,5000,1;3;6;7;8;9;11;12,4,379728.10768570646,20000,399728.10768570646,292563.616454798,0.7319065405448832
0,phase-reversal,8,200,0.01,residual,20000,1;3;6;7;8;9;11;12,4,379728.10768570646,80000,459728.10768570646,292563.616454798,0.6363840095128779
0,phase-reversal,8,200,0.01,oracle,0,0;1;2;3;4;5;6;7,0,292563.616454798,0,292563.616454798,292563.616454798,1.0
0,phase-reversal,8,200,0.01,oracle,5000,0;1;2;3;4;5;6;7,0,292563.616454798,0,292563.616454798,292563.616454798,1.0
0,phase-reversal,8,200,0.01,oracle,20000,0;1;2;3;4;5;6;7,0,292563.616454798,0,292563.616454798,292563.616454798,1.0
0,phase-reversal,8,200,0.1,frequency,0,0;1;2;3;4;5;6;7,0,292563.616454798,0,292563.616454798,292563.616454798,1.0
0,phase-reversal,8,200,0.1,frequency,5000,0;1;2;3;4;5;6;7,0,292563.616454798,0,292563.616454798,292563.616454798,1.0
0,phase-reversal,8,200,0.1,frequency,20000,0;1;2;3;4;5;6;7,0,292563.616454798,0,292563.616454798,292563.616454798,1.0
0,phase-reversal,8,200,0.1,residual,0,8;9;10;11;12;13;14;15,8,464600.0,0,464600.0,292563.616454798,0.6297107543151054
0,phase-reversal,8,200,0.1,residual,5000,8;9;10;11;12;13;14;15,8,464600.0,40000,504600.0,292563.616454798,0.5797931360578636
0,phase-reversal,8,200,0.1,residual,20000,8;9;10;11;12;13;14;15,8,464600.0,160000,624600.0,292563.616454798,0.4684015633282068
0,phase-reversal,8,200,0.1,oracle,0,0;1;2;3;4;5;6;7,0,292563.616454798,0,292563.616454798,292563.616454798,1.0
0,phase-reversal,8,200,0.1,oracle,5000,0;1;2;3;4;5;6;7,0,292563.616454798,0,292563.616454798,292563.616454798,1.0
0,phase-reversal,8,200,0.1,oracle,20000,0;1;2;3;4;5;6;7,0,292563.616454798,0,292563.616454798,292563.616454798,1.0
0,phase-reversal,8,200,1.0,frequency,0,0;1;2;3;4;5;6;7,0,292563.616454798,0,292563.616454798,292563.616454798,1.0
0,phase-reversal,8,200,1.0,frequency,5000,0;1;2;3;4;5;6;7,0,292563.616454798,0,292563.616454798,292563.616454798,1.0
0,phase-reversal,8,200,1.0,frequency,20000,0;1;2;3;4;5;6;7,0,292563.616454798,0,292563.616454798,292563.616454798,1.0
0,phase-reversal,8,200,1.0,residual,0,8;9;10;11;12;13;14;15,8,464600.0,0,464600.0,292563.616454798,0.6297107543151054
0,phase-reversal,8,200,1.0,residual,5000,8;9;10;11;12;13;14;15,8,464600.0,40000,504600.0,292563.616454798,0.5797931360578636
0,phase-reversal,8,200,1.0,residual,20000,8;9;10;11;12;13;14;15,8,464600.0,160000,624600.0,292563.616454798,0.4684015633282068
0,phase-reversal,8,200,1.0,oracle,0,0;1;2;3;4;5;6;7,0,292563.616454798,0,292563.616454798,292563.616454798,1.0
0,phase-reversal,8,200,1.0,oracle,5000,0;1;2;3;4;5;6;7,0,292563.616454798,0,292563.616454798,292563.616454798,1.0
0,phase-reversal,8,200,1.0,oracle,20000,0;1;2;3;4;5;6;7,0,292563.616454798,0,292563.616454798,292563.616454798,1.0
0,phase-reversal,8,300,0.01,frequency,0,0;3;4;5;6;7;9;11,2,383382.98236292234,0,383382.98236292234,301428.88206165726,0.7862343816197748
0,phase-reversal,8,300,0.01,frequency,5000,0;3;4;5;6;7;9;11,2,383382.98236292234,10000,393382.98236292234,301428.88206165726,0.7662478947387937
0,phase-reversal,8,300,0.01,frequency,20000,0;3;4;5;6;7;9;11,2,383382.98236292234,40000,423382.98236292234,301428.88206165726,0.7119532305700316
0,phase-reversal,8,300,0.01,residual,0,1;3;6;7;8;9;11;12,4,471504.12334840145,0,471504.12334840145,301428.88206165726,0.6392921442999279
0,phase-reversal,8,300,0.01,residual,5000,1;3;6;7;8;9;11;12,4,471504.12334840145,20000,491504.12334840145,301428.88206165726,0.6132784400833808
0,phase-reversal,8,300,0.01,residual,20000,1;3;6;7;8;9;11;12,4,471504.12334840145,80000,551504.1233484014,301428.88206165726,0.5465578031068242
0,phase-reversal,8,300,0.01,oracle,0,0;1;2;3;4;5;6;7,0,301428.88206165726,0,301428.88206165726,301428.88206165726,1.0
0,phase-reversal,8,300,0.01,oracle,5000,0;1;2;3;4;5;6;7,0,301428.88206165726,0,301428.88206165726,301428.88206165726,1.0
0,phase-reversal,8,300,0.01,oracle,20000,0;1;2;3;4;5;6;7,0,301428.88206165726,0,301428.88206165726,301428.88206165726,1.0
0,phase-reversal,8,300,0.1,frequency,0,0;1;2;3;4;5;6;7,0,301428.88206165726,0,301428.88206165726,301428.88206165726,1.0
0,phase-reversal,8,300,0.1,frequency,5000,0;1;2;3;4;5;6;7,0,301428.88206165726,0,301428.88206165726,301428.88206165726,1.0
0,phase-reversal,8,300,0.1,frequency,20000,0;1;2;3;4;5;6;7,0,301428.88206165726,0,301428.88206165726,301428.88206165726,1.0
0,phase-reversal,8,300,0.1,residual,0,8;9;10;11;12;13;14;15,8,636900.0,0,636900.0,301428.88206165726,0.4732750542654377
0,phase-reversal,8,300,0.1,residual,5000,8;9;10;11;12;13;14;15,8,636900.0,40000,676900.0,301428.88206165726,0.44530784763134473
0,phase-reversal,8,300,0.1,residual,20000,8;9;10;11;12;13;14;15,8,636900.0,160000,796900.0,301428.88206165726,0.37825182841216876
0,phase-reversal,8,300,0.1,oracle,0,0;1;2;3;4;5;6;7,0,301428.88206165726,0,301428.88206165726,301428.88206165726,1.0
0,phase-reversal,8,300,0.1,oracle,5000,0;1;2;3;4;5;6;7,0,301428.88206165726,0,301428.88206165726,301428.88206165726,1.0
0,phase-reversal,8,300,0.1,oracle,20000,0;1;2;3;4;5;6;7,0,301428.88206165726,0,301428.88206165726,301428.88206165726,1.0
0,phase-reversal,8,300,1.0,frequency,0,0;1;2;3;4;5;6;7,0,301428.88206165726,0,301428.88206165726,301428.88206165726,1.0
0,phase-reversal,8,300,1.0,frequency,5000,0;1;2;3;4;5;6;7,0,301428.88206165726,0,301428.88206165726,301428.88206165726,1.0
0,phase-reversal,8,300,1.0,frequency,20000,0;1;2;3;4;5;6;7,0,301428.88206165726,0,301428.88206165726,301428.88206165726,1.0
0,phase-reversal,8,300,1.0,residual,0,8;9;10;11;12;13;14;15,8,636900.0,0,636900.0,301428.88206165726,0.4732750542654377
0,phase-reversal,8,300,1.0,residual,5000,8;9;10;11;12;13;14;15,8,636900.0,40000,676900.0,301428.88206165726,0.44530784763134473
0,phase-reversal,8,300,1.0,residual,20000,8;9;10;11;12;13;14;15,8,636900.0,160000,796900.0,301428.88206165726,0.37825182841216876
0,phase-reversal,8,300,1.0,oracle,0,0;1;2;3;4;5;6;7,0,301428.88206165726,0,301428.88206165726,301428.88206165726,1.0
0,phase-reversal,8,300,1.0,oracle,5000,0;1;2;3;4;5;6;7,0,301428.88206165726,0,301428.88206165726,301428.88206165726,1.0
0,phase-reversal,8,300,1.0,oracle,20000,0;1;2;3;4;5;6;7,0,301428.88206165726,0,301428.88206165726,301428.88206165726,1.0
0,phase-reversal,8,400,0.01,frequency,0,0;3;4;5;6;7;9;11,2,437871.1068810004,0,437871.1068810004,318132.9692822243,0.7265447851727811
0,phase-reversal,8,400,0.01,frequency,5000,0;3;4;5;6;7;9;11,2,437871.1068810004,10000,447871.1068810004,318132.9692822243,0.7103226003966191
0,phase-reversal,8,400,0.01,frequency,20000,0;3;4;5;6;7;9;11,2,437871.1068810004,40000,477871.1068810004,318132.9692822243,0.6657296595281411
0,phase-reversal,8,400,0.01,residual,0,3;4;6;7;8;9;11;12,4,558470.3092462784,0,558470.3092462784,318132.9692822243,0.5696506403564807
0,phase-reversal,8,400,0.01,residual,5000,3;4;6;7;8;9;11;12,4,558470.3092462784,20000,578470.3092462784,318132.9692822243,0.5499555710935929
0,phase-reversal,8,400,0.01,residual,20000,3;4;6;7;8;9;11;12,4,558470.3092462784,80000,638470.3092462784,318132.9692822243,0.49827370932531534
0,phase-reversal,8,400,0.01,oracle,0,0;1;2;3;4;5;6;7,0,318132.9692822243,0,318132.9692822243,318132.9692822243,1.0
0,phase-reversal,8,400,0.01,oracle,5000,0;1;2;3;4;5;6;7,0,318132.9692822243,0,318132.9692822243,318132.9692822243,1.0
0,phase-reversal,8,400,0.01,oracle,20000,0;1;2;3;4;5;6;7,0,318132.9692822243,0,318132.9692822243,318132.9692822243,1.0
0,phase-reversal,8,400,0.1,frequency,0,0;1;2;3;4;5;6;7,0,318132.9692822243,0,318132.9692822243,318132.9692822243,1.0
0,phase-reversal,8,400,0.1,frequency,5000,0;1;2;3;4;5;6;7,0,318132.9692822243,0,318132.9692822243,318132.9692822243,1.0
0,phase-reversal,8,400,0.1,frequency,20000,0;1;2;3;4;5;6;7,0,318132.9692822243,0,318132.9692822243,318132.9692822243,1.0
0,phase-reversal,8,400,0.1,residual,0,8;9;10;11;12;13;14;15,8,809200.0,0,809200.0,318132.9692822243,0.3931450436013647
0,phase-reversal,8,400,0.1,residual,5000,8;9;10;11;12;13;14;15,8,809200.0,40000,849200.0,318132.9692822243,0.37462667131679733
0,phase-reversal,8,400,0.1,residual,20000,8;9;10;11;12;13;14;15,8,809200.0,160000,969200.0,318132.9692822243,0.32824284903242296
0,phase-reversal,8,400,0.1,oracle,0,0;1;2;3;4;5;6;7,0,318132.9692822243,0,318132.9692822243,318132.9692822243,1.0
0,phase-reversal,8,400,0.1,oracle,5000,0;1;2;3;4;5;6;7,0,318132.9692822243,0,318132.9692822243,318132.9692822243,1.0
0,phase-reversal,8,400,0.1,oracle,20000,0;1;2;3;4;5;6;7,0,318132.9692822243,0,318132.9692822243,318132.9692822243,1.0
0,phase-reversal,8,400,1.0,frequency,0,0;1;2;3;4;5;6;7,0,318132.9692822243,0,318132.9692822243,318132.9692822243,1.0
0,phase-reversal,8,400,1.0,frequency,5000,0;1;2;3;4;5;6;7,0,318132.9692822243,0,318132.9692822243,318132.9692822243,1.0
0,phase-reversal,8,400,1.0,frequency,20000,0;1;2;3;4;5;6;7,0,318132.9692822243,0,318132.9692822243,318132.9692822243,1.0
0,phase-reversal,8,400,1.0,residual,0,8;9;10;11;12;13;14;15,8,809200.0,0,809200.0,318132.9692822243,0.3931450436013647
0,phase-reversal,8,400,1.0,residual,5000,8;9;10;11;12;13;14;15,8,809200.0,40000,849200.0,318132.9692822243,0.37462667131679733
0,phase-reversal,8,400,1.0,residual,20000,8;9;10;11;12;13;14;15,8,809200.0,160000,969200.0,318132.9692822243,0.32824284903242296
0,phase-reversal,8,400,1.0,oracle,0,0;1;2;3;4;5;6;7,0,318132.9692822243,0,318132.9692822243,318132.9692822243,1.0
0,phase-reversal,8,400,1.0,oracle,5000,0;1;2;3;4;5;6;7,0,318132.9692822243,0,318132.9692822243,318132.9692822243,1.0
0,phase-reversal,8,400,1.0,oracle,20000,0;1;2;3;4;5;6;7,0,318132.9692822243,0,318132.9692822243,318132.9692822243,1.0
1,frequency-aligned,2,200,0.01,frequency,0,4;6,2,558700.0,0,558700.0,555300.0,0.9939144442455701
1,frequency-aligned,2,200,0.01,frequency,5000,4;6,2,558700.0,10000,568700.0,555300.0,0.9764374890100228
1,frequency-aligned,2,200,0.01,frequency,20000,4;6,2,558700.0,40000,598700.0,555300.0,0.9275096041423083
1,frequency-aligned,2,200,0.01,residual,0,4;6,2,558700.0,0,558700.0,555300.0,0.9939144442455701
1,frequency-aligned,2,200,0.01,residual,5000,4;6,2,558700.0,10000,568700.0,555300.0,0.9764374890100228
1,frequency-aligned,2,200,0.01,residual,20000,4;6,2,558700.0,40000,598700.0,555300.0,0.9275096041423083
1,frequency-aligned,2,200,0.01,oracle,0,1;5,1,551700.0,0,551700.0,555300.0,1.0065252854812399
1,frequency-aligned,2,200,0.01,oracle,5000,1;5,1,551700.0,5000,556700.0,555300.0,0.9974851805281121
1,frequency-aligned,2,200,0.01,oracle,20000,1;5,1,551700.0,20000,571700.0,555300.0,0.9713136260276368
1,frequency-aligned,2,200,0.1,frequency,0,0;4,1,559000.0,0,559000.0,555300.0,0.9933810375670841
1,frequency-aligned,2,200,0.1,frequency,5000,0;4,1,559000.0,5000,564000.0,555300.0,0.9845744680851064
1,frequency-aligned,2,200,0.1,frequency,20000,0;4,1,559000.0,20000,579000.0,555300.0,0.9590673575129534
1,frequency-aligned,2,200,0.1,residual,0,0;4,1,559000.0,0,559000.0,555300.0,0.9933810375670841
1,frequency-aligned,2,200,0.1,residual,5000,0;4,1,559000.0,5000,564000.0,555300.0,0.9845744680851064
1,frequency-aligned,2,200,0.1,residual,20000,0;4,1,559000.0,20000,579000.0,555300.0,0.9590673575129534
1,frequency-aligned,2,200,0.1,oracle,0,1;5,1,551700.0,0,551700.0,555300.0,1.0065252854812399
1,frequency-aligned,2,200,0.1,oracle,5000,1;5,1,551700.0,5000,556700.0,555300.0,0.9974851805281121
1,frequency-aligned,2,200,0.1,oracle,20000,1;5,1,551700.0,20000,571700.0,555300.0,0.9713136260276368
1,frequency-aligned,2,200,1.0,frequency,0,4;7,2,558700.0,0,558700.0,555300.0,0.9939144442455701
1,frequency-aligned,2,200,1.0,frequency,5000,4;7,2,558700.0,10000,568700.0,555300.0,0.9764374890100228
1,frequency-aligned,2,200,1.0,frequency,20000,4;7,2,558700.0,40000,598700.0,555300.0,0.9275096041423083
1,frequency-aligned,2,200,1.0,residual,0,4;7,2,558700.0,0,558700.0,555300.0,0.9939144442455701
1,frequency-aligned,2,200,1.0,residual,5000,4;7,2,558700.0,10000,568700.0,555300.0,0.9764374890100228
1,frequency-aligned,2,200,1.0,residual,20000,4;7,2,558700.0,40000,598700.0,555300.0,0.9275096041423083
1,frequency-aligned,2,200,1.0,oracle,0,1;5,1,551700.0,0,551700.0,555300.0,1.0065252854812399
1,frequency-aligned,2,200,1.0,oracle,5000,1;5,1,551700.0,5000,556700.0,555300.0,0.9974851805281121
1,frequency-aligned,2,200,1.0,oracle,20000,1;5,1,551700.0,20000,571700.0,555300.0,0.9713136260276368
1,frequency-aligned,2,300,0.01,frequency,0,4;6,2,757400.0,0,757400.0,750600.0,0.9910219170847636
1,frequency-aligned,2,300,0.01,frequency,5000,4;6,2,757400.0,10000,767400.0,750600.0,0.9781078967943706
1,frequency-aligned,2,300,0.01,frequency,20000,4;6,2,757400.0,40000,797400.0,750600.0,0.9413092550790068
1,frequency-aligned,2,300,0.01,residual,0,4;6,2,757400.0,0,757400.0,750600.0,0.9910219170847636
1,frequency-aligned,2,300,0.01,residual,5000,4;6,2,757400.0,10000,767400.0,750600.0,0.9781078967943706
1,frequency-aligned,2,300,0.01,residual,20000,4;6,2,757400.0,40000,797400.0,750600.0,0.9413092550790068
1,frequency-aligned,2,300,0.01,oracle,0,1;5,1,743400.0,0,743400.0,750600.0,1.0096852300242132
1,frequency-aligned,2,300,0.01,oracle,5000,1;5,1,743400.0,5000,748400.0,750600.0,1.0029396044895778
1,frequency-aligned,2,300,0.01,oracle,20000,1;5,1,743400.0,20000,763400.0,750600.0,0.9832329054231072
1,frequency-aligned,2,300,0.1,frequency,0,0;4,1,758000.0,0,758000.0,750600.0,0.9902374670184697
1,frequency-aligned,2,300,0.1,frequency,5000,0;4,1,758000.0,5000,763000.0,750600.0,0.9837483617300131
1,frequency-aligned,2,300,0.1,frequency,20000,0;4,1,758000.0,20000,778000.0,750600.0,0.9647814910025707
1,frequency-aligned,2,300,0.1,residual,0,0;4,1,758000.0,0,758000.0,750600.0,0.9902374670184697
1,frequency-aligned,2,300,0.1,residual,5000,0;4,1,758000.0,5000,763000.0,750600.0,0.9837483617300131
1,frequency-aligned,2,300,0.1,residual,20000,0;4,1,758000.0,20000,778000.0,750600.0,0.9647814910025707
1,frequency-aligned,2,300,0.1,oracle,0,1;5,1,743400.0,0,743400.0,750600.0,1.0096852300242132
1,frequency-aligned,2,300,0.1,oracle,5000,1;5,1,743400.0,5000,748400.0,750600.0,1.0029396044895778
1,frequency-aligned,2,300,0.1,oracle,20000,1;5,1,743400.0,20000,763400.0,750600.0,0.9832329054231072
1,frequency-aligned,2,300,1.0,frequency,0,4;7,2,757400.0,0,757400.0,750600.0,0.9910219170847636
1,frequency-aligned,2,300,1.0,frequency,5000,4;7,2,757400.0,10000,767400.0,750600.0,0.9781078967943706
1,frequency-aligned,2,300,1.0,frequency,20000,4;7,2,757400.0,40000,797400.0,750600.0,0.9413092550790068
1,frequency-aligned,2,300,1.0,residual,0,4;7,2,757400.0,0,757400.0,750600.0,0.9910219170847636
1,frequency-aligned,2,300,1.0,residual,5000,4;7,2,757400.0,10000,767400.0,750600.0,0.9781078967943706
1,frequency-aligned,2,300,1.0,residual,20000,4;7,2,757400.0,40000,797400.0,750600.0,0.9413092550790068
1,frequency-aligned,2,300,1.0,oracle,0,1;5,1,743400.0,0,743400.0,750600.0,1.0096852300242132
1,frequency-aligned,2,300,1.0,oracle,5000,1;5,1,743400.0,5000,748400.0,750600.0,1.0029396044895778
1,frequency-aligned,2,300,1.0,oracle,20000,1;5,1,743400.0,20000,763400.0,750600.0,0.9832329054231072
1,frequency-aligned,2,400,0.01,frequency,0,4;6,2,956100.0,0,956100.0,945900.0,0.9893316598682146
1,frequency-aligned,2,400,0.01,frequency,5000,4;6,2,956100.0,10000,966100.0,945900.0,0.9790911913880551
1,frequency-aligned,2,400,0.01,frequency,20000,4;6,2,956100.0,40000,996100.0,945900.0,0.9496034534685273
1,frequency-aligned,2,400,0.01,residual,0,4;6,2,956100.0,0,956100.0,945900.0,0.9893316598682146
1,frequency-aligned,2,400,0.01,residual,5000,4;6,2,956100.0,10000,966100.0,945900.0,0.9790911913880551
1,frequency-aligned,2,400,0.01,residual,20000,4;6,2,956100.0,40000,996100.0,945900.0,0.9496034534685273
1,frequency-aligned,2,400,0.01,oracle,0,1;5,1,935100.0,0,935100.0,945900.0,1.0115495668912415
1,frequency-aligned,2,400,0.01,oracle,5000,1;5,1,935100.0,5000,940100.0,945900.0,1.006169556430167
1,frequency-aligned,2,400,0.01,oracle,20000,1;5,1,935100.0,20000,955100.0,945900.0,0.990367500785258
1,frequency-aligned,2,400,0.1,frequency,0,0;4,1,957000.0,0,957000.0,945900.0,0.9884012539184953
1,frequency-aligned,2,400,0.1,frequency,5000,0;4,1,957000.0,5000,962000.0,945900.0,0.9832640332640332
1,frequency-aligned,2,400,0.1,frequency,20000,0;4,1,957000.0,20000,977000.0,945900.0,0.9681678607983624
1,frequency-aligned,2,400,0.1,residual,0,0;4,1,957000.0,0,957000.0,945900.0,0.9884012539184953
1,frequency-aligned,2,400,0.1,residual,5000,0;4,1,957000.0,5000,962000.0,945900.0,0.9832640332640332
1,frequency-aligned,2,400,0.1,residual,20000,0;4,1,957000.0,20000,977000.0,945900.0,0.9681678607983624
1,frequency-aligned,2,400,0.1,oracle,0,1;5,1,935100.0,0,935100.0,945900.0,1.0115495668912415
1,frequency-aligned,2,400,0.1,oracle,5000,1;5,1,935100.0,5000,940100.0,945900.0,1.006169556430167
1,frequency-aligned,2,400,0.1,oracle,20000,1;5,1,935100.0,20000,955100.0,945900.0,0.990367500785258
1,frequency-aligned,2,400,1.0,frequency,0,4;7,2,956100.0,0,956100.0,945900.0,0.9893316598682146
1,frequency-aligned,2,400,1.0,frequency,5000,4;7,2,956100.0,10000,966100.0,945900.0,0.9790911913880551
1,frequency-aligned,2,400,1.0,frequency,20000,4;7,2,956100.0,40000,996100.0,945900.0,0.9496034534685273
1,frequency-aligned,2,400,1.0,residual,0,4;7,2,956100.0,0,956100.0,945900.0,0.9893316598682146
1,frequency-aligned,2,400,1.0,residual,5000,4;7,2,956100.0,10000,966100.0,945900.0,0.9790911913880551
1,frequency-aligned,2,400,1.0,residual,20000,4;7,2,956100.0,40000,996100.0,945900.0,0.9496034534685273
1,frequency-aligned,2,400,1.0,oracle,0,1;5,1,935100.0,0,935100.0,945900.0,1.0115495668912415
1,frequency-aligned,2,400,1.0,oracle,5000,1;5,1,935100.0,5000,940100.0,945900.0,1.006169556430167
1,frequency-aligned,2,400,1.0,oracle,20000,1;5,1,935100.0,20000,955100.0,945900.0,0.990367500785258
1,frequency-aligned,4,200,0.01,frequency,0,4;6;7;14,4,527800.0,0,527800.0,513400.0,0.9727169382341796
1,frequency-aligned,4,200,0.01,frequency,5000,4;6;7;14,4,527800.0,20000,547800.0,513400.0,0.9372033588901059
1,frequency-aligned,4,200,0.01,frequency,20000,4;6;7;14,4,527800.0,80000,607800.0,513400.0,0.8446857518920697
1,frequency-aligned,4,200,0.01,residual,0,4;6;7;14,4,527800.0,0,527800.0,513400.0,0.9727169382341796
1,frequency-aligned,4,200,0.01,residual,5000,4;6;7;14,4,527800.0,20000,547800.0,513400.0,0.9372033588901059
1,frequency-aligned,4,200,0.01,residual,20000,4;6;7;14,4,527800.0,80000,607800.0,513400.0,0.8446857518920697
1,frequency-aligned,4,200,0.01,oracle,0,1;3;5;6,2,508600.0,0,508600.0,513400.0,1.0094376720408966
1,frequency-aligned,4,200,0.01,oracle,5000,1;3;5;6,2,508600.0,10000,518600.0,513400.0,0.9899730042421905
1,frequency-aligned,4,200,0.01,oracle,20000,1;3;5;6,2,508600.0,40000,548600.0,513400.0,0.935836675173168
1,frequency-aligned,4,200,0.1,frequency,0,0;4;5;6,3,513700.0,0,513700.0,513400.0,0.9994160015573291
1,frequency-aligned,4,200,0.1,frequency,5000,0;4;5;6,3,513700.0,15000,528700.0,513400.0,0.9710610932475884
1,frequency-aligned,4,200,0.1,frequency,20000,0;4;5;6,3,513700.0,60000,573700.0,513400.0,0.8948928011155656
1,frequency-aligned,4,200,0.1,residual,0,0;4;5;6,3,513700.0,0,513700.0,513400.0,0.9994160015573291
1,frequency-aligned,4,200,0.1,residual,5000,0;4;5;6,3,513700.0,15000,528700.0,513400.0,0.9710610932475884
1,frequency-aligned,4,200,0.1,residual,20000,0;4;5;6,3,513700.0,60000,573700.0,513400.0,0.8948928011155656
1,frequency-aligned,4,200,0.1,oracle,0,1;3;5;6,2,508600.0,0,508600.0,513400.0,1.0094376720408966
1,frequency-aligned,4,200,0.1,oracle,5000,1;3;5;6,2,508600.0,10000,518600.0,513400.0,0.9899730042421905
1,frequency-aligned,4,200,0.1,oracle,20000,1;3;5;6,2,508600.0,40000,548600.0,513400.0,0.935836675173168
1,frequency-aligned,4,200,1.0,frequency,0,3;4;5;7,3,512300.0,0,512300.0,513400.0,1.002147179387078
1,frequency-aligned,4,200,1.0,frequency,5000,3;4;5;7,3,512300.0,15000,527300.0,513400.0,0.973639294519249
1,frequency-aligned,4,200,1.0,frequency,20000,3;4;5;7,3,512300.0,60000,572300.0,513400.0,0.89708195002621
1,frequency-aligned,4,200,1.0,residual,0,3;4;5;7,3,512300.0,0,512300.0,513400.0,1.002147179387078
1,frequency-aligned,4,200,1.0,residual,5000,3;4;5;7,3,512300.0,15000,527300.0,513400.0,0.973639294519249
1,frequency-aligned,4,200,1.0,residual,20000,3;4;5;7,3,512300.0,60000,572300.0,513400.0,0.89708195002621
1,frequency-aligned,4,200,1.0,oracle,0,1;3;5;6,2,508600.0,0,508600.0,513400.0,1.0094376720408966
1,frequency-aligned,4,200,1.0,oracle,5000,1;3;5;6,2,508600.0,10000,518600.0,513400.0,0.9899730042421905
1,frequency-aligned,4,200,1.0,oracle,20000,1;3;5;6,2,508600.0,40000,548600.0,513400.0,0.935836675173168
1,frequency-aligned,4,300,0.01,frequency,0,4;6;7;14,4,695600.0,0,695600.0,666800.0,0.9585968947671075
1,frequency-aligned,4,300,0.01,frequency,5000,4;6;7;14,4,695600.0,20000,715600.0,666800.0,0.9318054779206261
1,frequency-aligned,4,300,0.01,frequency,20000,4;6;7;14,4,695600.0,80000,775600.0,666800.0,0.8597215059308922
1,frequency-aligned,4,300,0.01,residual,0,4;6;7;14,4,695600.0,0,695600.0,666800.0,0.9585968947671075
1,frequency-aligned,4,300,0.01,residual,5000,4;6;7;14,4,695600.0,20000,715600.0,666800.0,0.9318054779206261
1,frequency-aligned,4,300,0.01,residual,20000,4;6;7;14,4,695600.0,80000,775600.0,666800.0,0.8597215059308922
1,frequency-aligned,4,300,0.01,oracle,0,1;3;5;6,2,657200.0,0,657200.0,666800.0,1.014607425441266
1,frequency-aligned,4,300,0.01,oracle,5000,1;3;5;6,2,657200.0,10000,667200.0,666800.0,0.999400479616307
1,frequency-aligned,4,300,0.01,oracle,20000,1;3;5;6,2,657200.0,40000,697200.0,666800.0,0.9563970166379805
1,frequency-aligned,4,300,0.1,frequency,0,0;4;5;6,3,667400.0,0,667400.0,666800.0,0.9991009889121966
1,frequency-aligned,4,300,0.1,frequency,5000,0;4;5;6,3,667400.0,15000,682400.0,666800.0,0.9771395076201641
1,frequency-aligned,4,300,0.1,frequency,20000,0;4;5;6,3,667400.0,60000,727400.0,666800.0,0.9166895793236184
1,frequency-aligned,4,300,0.1,residual,0,0;4;5;6,3,667400.0,0,667400.0,666800.0,0.9991009889121966
1,frequency-aligned,4,300,0.1,residual,5000,0;4;5;6,3,667400.0,15000,682400.0,666800.0,0.9771395076201641
1,frequency-aligned,4,300,0.1,residual,20000,0;4;5;6,3,667400.0,60000,727400.0,666800.0,0.9166895793236184
1,frequency-aligned,4,300,0.1,oracle,0,1;3;5;6,2,657200.0,0,657200.0,666800.0,1.014607425441266
1,frequency-aligned,4,300,0.1,oracle,5000,1;3;5;6,2,657200.0,10000,667200.0,666800.0,0.999400479616307
1,frequency-aligned,4,300,0.1,oracle,20000,1;3;5;6,2,657200.0,40000,697200.0,666800.0,0.9563970166379805
1,frequency-aligned,4,300,1.0,frequency,0,3;4;5;7,3,664600.0,0,664600.0,666800.0,1.003310261811616
1,frequency-aligned,4,300,1.0,frequency,5000,3;4;5;7,3,664600.0,15000,679600.0,666800.0,0.9811653914067098
1,frequency-aligned,4,300,1.0,frequency,20000,3;4;5;7,3,664600.0,60000,724600.0,666800.0,0.920231852056307
1,frequency-aligned,4,300,1.0,residual,0,3;4;5;7,3,664600.0,0,664600.0,666800.0,1.003310261811616
1,frequency-aligned,4,300,1.0,residual,5000,3;4;5;7,3,664600.0,15000,679600.0,666800.0,0.9811653914067098
1,frequency-aligned,4,300,1.0,residual,20000,3;4;5;7,3,664600.0,60000,724600.0,666800.0,0.920231852056307
1,frequency-aligned,4,300,1.0,oracle,0,1;3;5;6,2,657200.0,0,657200.0,666800.0,1.014607425441266
1,frequency-aligned,4,300,1.0,oracle,5000,1;3;5;6,2,657200.0,10000,667200.0,666800.0,0.999400479616307
1,frequency-aligned,4,300,1.0,oracle,20000,1;3;5;6,2,657200.0,40000,697200.0,666800.0,0.9563970166379805
1,frequency-aligned,4,400,0.01,frequency,0,4;6;7;14,4,863400.0,0,863400.0,820200.0,0.9499652536483669
1,frequency-aligned,4,400,0.01,frequency,5000,4;6;7;14,4,863400.0,20000,883400.0,820200.0,0.9284582295675798
1,frequency-aligned,4,400,0.01,frequency,20000,4;6;7;14,4,863400.0,80000,943400.0,820200.0,0.8694085223659105
1,frequency-aligned,4,400,0.01,residual,0,4;6;7;14,4,863400.0,0,863400.0,820200.0,0.9499652536483669
1,frequency-aligned,4,400,0.01,residual,5000,4;6;7;14,4,863400.0,20000,883400.0,820200.0,0.9284582295675798
1,frequency-aligned,4,400,0.01,residual,20000,4;6;7;14,4,863400.0,80000,943400.0,820200.0,0.8694085223659105
1,frequency-aligned,4,400,0.01,oracle,0,1;3;5;6,2,805800.0,0,805800.0,820200.0,1.0178704393149665
1,frequency-aligned,4,400,0.01,oracle,5000,1;3;5;6,2,805800.0,10000,815800.0,820200.0,1.005393478793822
1,frequency-aligned,4,400,0.01,oracle,20000,1;3;5;6,2,805800.0,40000,845800.0,820200.0,0.9697327973516198
1,frequency-aligned,4,400,0.1,frequency,0,0;4;5;6,3,821100.0,0,821100.0,820200.0,0.9989039093898429
1,frequency-aligned,4,400,0.1,frequency,5000,0;4;5;6,3,821100.0,15000,836100.0,820200.0,0.9809831359885182
1,frequency-aligned,4,400,0.1,frequency,20000,0;4;5;6,3,821100.0,60000,881100.0,820200.0,0.9308818522301668
1,frequency-aligned,4,400,0.1,residual,0,0;4;5;6,3,821100.0,0,821100.0,820200.0,0.9989039093898429
1,frequency-aligned,4,400,0.1,residual,5000,0;4;5;6,3,821100.0,15000,836100.0,820200.0,0.9809831359885182
1,frequency-aligned,4,400,0.1,residual,20000,0;4;5;6,3,821100.0,60000,881100.0,820200.0,0.9308818522301668
1,frequency-aligned,4,400,0.1,oracle,0,1;3;5;6,2,805800.0,0,805800.0,820200.0,1.0178704393149665
1,frequency-aligned,4,400,0.1,oracle,5000,1;3;5;6,2,805800.0,10000,815800.0,820200.0,1.005393478793822
1,frequency-aligned,4,400,0.1,oracle,20000,1;3;5;6,2,805800.0,40000,845800.0,820200.0,0.9697327973516198
1,frequency-aligned,4,400,1.0,frequency,0,3;4;5;7,3,816900.0,0,816900.0,820200.0,1.0040396621373484
1,frequency-aligned,4,400,1.0,frequency,5000,3;4;5;7,3,816900.0,15000,831900.0,820200.0,0.985935809592499
1,frequency-aligned,4,400,1.0,frequency,20000,3;4;5;7,3,816900.0,60000,876900.0,820200.0,0.9353404036948341
1,frequency-aligned,4,400,1.0,residual,0,3;4;5;7,3,816900.0,0,816900.0,820200.0,1.0040396621373484
1,frequency-aligned,4,400,1.0,residual,5000,3;4;5;7,3,816900.0,15000,831900.0,820200.0,0.985935809592499
1,frequency-aligned,4,400,1.0,residual,20000,3;4;5;7,3,816900.0,60000,876900.0,820200.0,0.9353404036948341
1,frequency-aligned,4,400,1.0,oracle,0,1;3;5;6,2,805800.0,0,805800.0,820200.0,1.0178704393149665
1,frequency-aligned,4,400,1.0,oracle,5000,1;3;5;6,2,805800.0,10000,815800.0,820200.0,1.005393478793822
1,frequency-aligned,4,400,1.0,oracle,20000,1;3;5;6,2,805800.0,40000,845800.0,820200.0,0.9697327973516198
1,frequency-aligned,8,200,0.01,frequency,0,0;1;4;6;7;12;13;14,3,464500.0,0,464500.0,426800.0,0.9188374596340151
1,frequency-aligned,8,200,0.01,frequency,5000,0;1;4;6;7;12;13;14,3,464500.0,15000,479500.0,426800.0,0.8900938477580813
1,frequency-aligned,8,200,0.01,frequency,20000,0;1;4;6;7;12;13;14,3,464500.0,60000,524500.0,426800.0,0.8137273593898952
1,frequency-aligned,8,200,0.01,residual,0,0;1;4;6;7;12;13;14,3,464500.0,0,464500.0,426800.0,0.9188374596340151
1,frequency-aligned,8,200,0.01,residual,5000,0;1;4;6;7;12;13;14,3,464500.0,15000,479500.0,426800.0,0.8900938477580813
1,frequency-aligned,8,200,0.01,residual,20000,0;1;4;6;7;12;13;14,3,464500.0,60000,524500.0,426800.0,0.8137273593898952
1,frequency-aligned,8,200,0.01,oracle,0,0;1;2;3;4;5;6;7,0,426800.0,0,426800.0,426800.0,1.0
1,frequency-aligned,8,200,0.01,oracle,5000,0;1;2;3;4;5;6;7,0,426800.0,0,426800.0,426800.0,1.0
1,frequency-aligned,8,200,0.01,oracle,20000,0;1;2;3;4;5;6;7,0,426800.0,0,426800.0,426800.0,1.0
1,frequency-aligned,8,200,0.1,frequency,0,0;1;2;3;4;5;6;7,0,426800.0,0,426800.0,426800.0,1.0
1,frequency-aligned,8,200,0.1,frequency,5000,0;1;2;3;4;5;6;7,0,426800.0,0,426800.0,426800.0,1.0
1,frequency-aligned,8,200,0.1,frequency,20000,0;1;2;3;4;5;6;7,0,426800.0,0,426800.0,426800.0,1.0
1,frequency-aligned,8,200,0.1,residual,0,0;1;2;3;4;5;6;7,0,426800.0,0,426800.0,426800.0,1.0
1,frequency-aligned,8,200,0.1,residual,5000,0;1;2;3;4;5;6;7,0,426800.0,0,426800.0,426800.0,1.0
1,frequency-aligned,8,200,0.1,residual,20000,0;1;2;3;4;5;6;7,0,426800.0,0,426800.0,426800.0,1.0
1,frequency-aligned,8,200,0.1,oracle,0,0;1;2;3;4;5;6;7,0,426800.0,0,426800.0,426800.0,1.0
1,frequency-aligned,8,200,0.1,oracle,5000,0;1;2;3;4;5;6;7,0,426800.0,0,426800.0,426800.0,1.0
1,frequency-aligned,8,200,0.1,oracle,20000,0;1;2;3;4;5;6;7,0,426800.0,0,426800.0,426800.0,1.0
1,frequency-aligned,8,200,1.0,frequency,0,0;1;2;3;4;5;6;7,0,426800.0,0,426800.0,426800.0,1.0
1,frequency-aligned,8,200,1.0,frequency,5000,0;1;2;3;4;5;6;7,0,426800.0,0,426800.0,426800.0,1.0
1,frequency-aligned,8,200,1.0,frequency,20000,0;1;2;3;4;5;6;7,0,426800.0,0,426800.0,426800.0,1.0
1,frequency-aligned,8,200,1.0,residual,0,0;1;2;3;4;5;6;7,0,426800.0,0,426800.0,426800.0,1.0
1,frequency-aligned,8,200,1.0,residual,5000,0;1;2;3;4;5;6;7,0,426800.0,0,426800.0,426800.0,1.0
1,frequency-aligned,8,200,1.0,residual,20000,0;1;2;3;4;5;6;7,0,426800.0,0,426800.0,426800.0,1.0
1,frequency-aligned,8,200,1.0,oracle,0,0;1;2;3;4;5;6;7,0,426800.0,0,426800.0,426800.0,1.0
1,frequency-aligned,8,200,1.0,oracle,5000,0;1;2;3;4;5;6;7,0,426800.0,0,426800.0,426800.0,1.0
1,frequency-aligned,8,200,1.0,oracle,20000,0;1;2;3;4;5;6;7,0,426800.0,0,426800.0,426800.0,1.0
1,frequency-aligned,8,300,0.01,frequency,0,0;1;4;6;7;12;13;14,3,569000.0,0,569000.0,493600.0,0.8674868189806678
1,frequency-aligned,8,300,0.01,frequency,5000,0;1;4;6;7;12;13;14,3,569000.0,15000,584000.0,493600.0,0.8452054794520548
1,frequency-aligned,8,300,0.01,frequency,20000,0;1;4;6;7;12;13;14,3,569000.0,60000,629000.0,493600.0,0.7847376788553259
1,frequency-aligned,8,300,0.01,residual,0,0;1;4;6;7;12;13;14,3,569000.0,0,569000.0,493600.0,0.8674868189806678
1,frequency-aligned,8,300,0.01,residual,5000,0;1;4;6;7;12;13;14,3,569000.0,15000,584000.0,493600.0,0.8452054794520548
1,frequency-aligned,8,300,0.01,residual,20000,0;1;4;6;7;12;13;14,3,569000.0,60000,629000.0,493600.0,0.7847376788553259
1,frequency-aligned,8,300,0.01,oracle,0,0;1;2;3;4;5;6;7,0,493600.0,0,493600.0,493600.0,1.0
1,frequency-aligned,8,300,0.01,oracle,5000,0;1;2;3;4;5;6;7,0,493600.0,0,493600.0,493600.0,1.0
1,frequency-aligned,8,300,0.01,oracle,20000,0;1;2;3;4;5;6;7,0,493600.0,0,493600.0,493600.0,1.0
1,frequency-aligned,8,300,0.1,frequency,0,0;1;2;3;4;5;6;7,0,493600.0,0,493600.0,493600.0,1.0
1,frequency-aligned,8,300,0.1,frequency,5000,0;1;2;3;4;5;6;7,0,493600.0,0,493600.0,493600.0,1.0
1,frequency-aligned,8,300,0.1,frequency,20000,0;1;2;3;4;5;6;7,0,493600.0,0,493600.0,493600.0,1.0
1,frequency-aligned,8,300,0.1,residual,0,0;1;2;3;4;5;6;7,0,493600.0,0,493600.0,493600.0,1.0
1,frequency-aligned,8,300,0.1,residual,5000,0;1;2;3;4;5;6;7,0,493600.0,0,493600.0,493600.0,1.0
1,frequency-aligned,8,300,0.1,residual,20000,0;1;2;3;4;5;6;7,0,493600.0,0,493600.0,493600.0,1.0
1,frequency-aligned,8,300,0.1,oracle,0,0;1;2;3;4;5;6;7,0,493600.0,0,493600.0,493600.0,1.0
1,frequency-aligned,8,300,0.1,oracle,5000,0;1;2;3;4;5;6;7,0,493600.0,0,493600.0,493600.0,1.0
1,frequency-aligned,8,300,0.1,oracle,20000,0;1;2;3;4;5;6;7,0,493600.0,0,493600.0,493600.0,1.0
1,frequency-aligned,8,300,1.0,frequency,0,0;1;2;3;4;5;6;7,0,493600.0,0,493600.0,493600.0,1.0
1,frequency-aligned,8,300,1.0,frequency,5000,0;1;2;3;4;5;6;7,0,493600.0,0,493600.0,493600.0,1.0
1,frequency-aligned,8,300,1.0,frequency,20000,0;1;2;3;4;5;6;7,0,493600.0,0,493600.0,493600.0,1.0
1,frequency-aligned,8,300,1.0,residual,0,0;1;2;3;4;5;6;7,0,493600.0,0,493600.0,493600.0,1.0
1,frequency-aligned,8,300,1.0,residual,5000,0;1;2;3;4;5;6;7,0,493600.0,0,493600.0,493600.0,1.0
1,frequency-aligned,8,300,1.0,residual,20000,0;1;2;3;4;5;6;7,0,493600.0,0,493600.0,493600.0,1.0
1,frequency-aligned,8,300,1.0,oracle,0,0;1;2;3;4;5;6;7,0,493600.0,0,493600.0,493600.0,1.0
1,frequency-aligned,8,300,1.0,oracle,5000,0;1;2;3;4;5;6;7,0,493600.0,0,493600.0,493600.0,1.0
1,frequency-aligned,8,300,1.0,oracle,20000,0;1;2;3;4;5;6;7,0,493600.0,0,493600.0,493600.0,1.0
1,frequency-aligned,8,400,0.01,frequency,0,0;1;4;6;7;12;13;14,3,673500.0,0,673500.0,560400.0,0.8320712694877506
1,frequency-aligned,8,400,0.01,frequency,5000,0;1;4;6;7;12;13;14,3,673500.0,15000,688500.0,560400.0,0.8139433551198257
1,frequency-aligned,8,400,0.01,frequency,20000,0;1;4;6;7;12;13;14,3,673500.0,60000,733500.0,560400.0,0.7640081799591002
1,frequency-aligned,8,400,0.01,residual,0,0;1;4;6;7;12;13;14,3,673500.0,0,673500.0,560400.0,0.8320712694877506
1,frequency-aligned,8,400,0.01,residual,5000,0;1;4;6;7;12;13;14,3,673500.0,15000,688500.0,560400.0,0.8139433551198257
1,frequency-aligned,8,400,0.01,residual,20000,0;1;4;6;7;12;13;14,3,673500.0,60000,733500.0,560400.0,0.7640081799591002
1,frequency-aligned,8,400,0.01,oracle,0,0;1;2;3;4;5;6;7,0,560400.0,0,560400.0,560400.0,1.0
1,frequency-aligned,8,400,0.01,oracle,5000,0;1;2;3;4;5;6;7,0,560400.0,0,560400.0,560400.0,1.0
1,frequency-aligned,8,400,0.01,oracle,20000,0;1;2;3;4;5;6;7,0,560400.0,0,560400.0,560400.0,1.0
1,frequency-aligned,8,400,0.1,frequency,0,0;1;2;3;4;5;6;7,0,560400.0,0,560400.0,560400.0,1.0
1,frequency-aligned,8,400,0.1,frequency,5000,0;1;2;3;4;5;6;7,0,560400.0,0,560400.0,560400.0,1.0
1,frequency-aligned,8,400,0.1,frequency,20000,0;1;2;3;4;5;6;7,0,560400.0,0,560400.0,560400.0,1.0
1,frequency-aligned,8,400,0.1,residual,0,0;1;2;3;4;5;6;7,0,560400.0,0,560400.0,560400.0,1.0
1,frequency-aligned,8,400,0.1,residual,5000,0;1;2;3;4;5;6;7,0,560400.0,0,560400.0,560400.0,1.0
1,frequency-aligned,8,400,0.1,residual,20000,0;1;2;3;4;5;6;7,0,560400.0,0,560400.0,560400.0,1.0
1,frequency-aligned,8,400,0.1,oracle,0,0;1;2;3;4;5;6;7,0,560400.0,0,560400.0,560400.0,1.0
1,frequency-aligned,8,400,0.1,oracle,5000,0;1;2;3;4;5;6;7,0,560400.0,0,560400.0,560400.0,1.0
1,frequency-aligned,8,400,0.1,oracle,20000,0;1;2;3;4;5;6;7,0,560400.0,0,560400.0,560400.0,1.0
1,frequency-aligned,8,400,1.0,frequency,0,0;1;2;3;4;5;6;7,0,560400.0,0,560400.0,560400.0,1.0
1,frequency-aligned,8,400,1.0,frequency,5000,0;1;2;3;4;5;6;7,0,560400.0,0,560400.0,560400.0,1.0
1,frequency-aligned,8,400,1.0,frequency,20000,0;1;2;3;4;5;6;7,0,560400.0,0,560400.0,560400.0,1.0
1,frequency-aligned,8,400,1.0,residual,0,0;1;2;3;4;5;6;7,0,560400.0,0,560400.0,560400.0,1.0
1,frequency-aligned,8,400,1.0,residual,5000,0;1;2;3;4;5;6;7,0,560400.0,0,560400.0,560400.0,1.0
1,frequency-aligned,8,400,1.0,residual,20000,0;1;2;3;4;5;6;7,0,560400.0,0,560400.0,560400.0,1.0
1,frequency-aligned,8,400,1.0,oracle,0,0;1;2;3;4;5;6;7,0,560400.0,0,560400.0,560400.0,1.0
1,frequency-aligned,8,400,1.0,oracle,5000,0;1;2;3;4;5;6;7,0,560400.0,0,560400.0,560400.0,1.0
1,frequency-aligned,8,400,1.0,oracle,20000,0;1;2;3;4;5;6;7,0,560400.0,0,560400.0,560400.0,1.0
1,prefetch-hidden,2,200,0.01,frequency,0,0;1,0,254251.60707181666,0,254251.60707181666,254251.60707181666,1.0
1,prefetch-hidden,2,200,0.01,frequency,5000,0;1,0,254251.60707181666,0,254251.60707181666,254251.60707181666,1.0
1,prefetch-hidden,2,200,0.01,frequency,20000,0;1,0,254251.60707181666,0,254251.60707181666,254251.60707181666,1.0
1,prefetch-hidden,2,200,0.01,residual,0,9;11,2,238183.6044173032,0,238183.6044173032,254251.60707181666,1.067460573929186
1,prefetch-hidden,2,200,0.01,residual,5000,9;11,2,238183.6044173032,10000,248183.6044173032,254251.60707181666,1.0244496515745276
1,prefetch-hidden,2,200,0.01,residual,20000,9;11,2,238183.6044173032,40000,278183.6044173032,254251.60707181666,0.91397049658762
1,prefetch-hidden,2,200,0.01,oracle,0,11;14,2,234283.6044173032,0,234283.6044173032,254251.60707181666,1.0852300471651728
1,prefetch-hidden,2,200,0.01,oracle,5000,11;14,2,234283.6044173032,10000,244283.6044173032,254251.60707181666,1.0408050416575867
1,prefetch-hidden,2,200,0.01,oracle,20000,11;14,2,234283.6044173032,40000,274283.6044173032,254251.60707181666,0.9269661145512391
1,prefetch-hidden,2,200,0.1,frequency,0,0;4,1,254218.3325728839,0,254218.3325728839,254251.60707181666,1.0001308894547296
1,prefetch-hidden,2,200,0.1,frequency,5000,0;4,1,254218.3325728839,5000,259218.3325728839,254251.60707181666,0.9808396055488446
1,prefetch-hidden,2,200,0.1,frequency,20000,0;4,1,254218.3325728839,20000,274218.3325728839,254251.60707181666,0.927186759128293
1,prefetch-hidden,2,200,0.1,residual,0,8;11,2,239483.6044173032,0,239483.6044173032,254251.60707181666,1.0616660279957204
1,prefetch-hidden,2,200,0.1,residual,5000,8;11,2,239483.6044173032,10000,249483.6044173032,254251.60707181666,1.0191114869678497
1,prefetch-hidden,2,200,0.1,residual,20000,8;11,2,239483.6044173032,40000,279483.6044173032,254251.60707181666,0.9097192216405936
1,prefetch-hidden,2,200,0.1,oracle,0,11;14,2,234283.6044173032,0,234283.6044173032,254251.60707181666,1.0852300471651728
1,prefetch-hidden,2,200,0.1,oracle,5000,11;14,2,234283.6044173032,10000,244283.6044173032,254251.60707181666,1.0408050416575867
1,prefetch-hidden,2,200,0.1,oracle,20000,11;14,2,234283.6044173032,40000,274283.6044173032,254251.60707181666,0.9269661145512391
1,prefetch-hidden,2,200,1.0,frequency,0,4;6,2,254202.17790548428,0,254202.17790548428,254251.60707181666,1.0001944482409224
1,prefetch-hidden,2,200,1.0,frequency,5000,4;6,2,254202.17790548428,10000,264202.1779054843,254251.60707181666,0.9623372868741932
1,prefetch-hidden,2,200,1.0,frequency,20000,4;6,2,254202.17790548428,40000,294202.1779054843,254251.60707181666,0.8642070867112949
1,prefetch-hidden,2,200,1.0,residual,0,9;12,2,238483.6044173032,0,238483.6044173032,254251.60707181666,1.066117763915218
1,prefetch-hidden,2,200,1.0,residual,5000,9;12,2,238483.6044173032,10000,248483.6044173032,254251.60707181666,1.0232128098271895
1,prefetch-hidden,2,200,1.0,residual,20000,9;12,2,238483.6044173032,40000,278483.6044173032,254251.60707181666,0.9129859102614339
1,prefetch-hidden,2,200,1.0,oracle,0,11;14,2,234283.6044173032,0,234283.6044173032,254251.60707181666,1.0852300471651728
1,prefetch-hidden,2,200,1.0,oracle,5000,11;14,2,234283.6044173032,10000,244283.6044173032,254251.60707181666,1.0408050416575867
1,prefetch-hidden,2,200,1.0,oracle,20000,11;14,2,234283.6044173032,40000,274283.6044173032,254251.60707181666,0.9269661145512391
1,prefetch-hidden,2,300,0.01,frequency,0,0;1,0,337190.3999093918,0,337190.3999093918,337190.3999093918,1.0
1,prefetch-hidden,2,300,0.01,frequency,5000,0;1,0,337190.3999093918,0,337190.3999093918,337190.3999093918,1.0
1,prefetch-hidden,2,300,0.01,frequency,20000,0;1,0,337190.3999093918,0,337190.3999093918,337190.3999093918,1.0
1,prefetch-hidden,2,300,0.01,residual,0,9;11,2,310131.1876068288,0,310131.1876068288,337190.3999093918,1.087250858294418
1,prefetch-hidden,2,300,0.01,residual,5000,9;11,2,310131.1876068288,10000,320131.1876068288,337190.3999093918,1.053288192350426
1,prefetch-hidden,2,300,0.01,residual,20000,9;11,2,310131.1876068288,40000,350131.1876068288,337190.3999093918,0.963040174210449
1,prefetch-hidden,2,300,0.01,oracle,0,11;14,2,302331.1876068288,0,302331.1876068288,337190.3999093918,1.1153014102795646
1,prefetch-hidden,2,300,0.01,oracle,5000,11;14,2,302331.1876068288,10000,312331.1876068288,337190.3999093918,1.0795924751960937
1,prefetch-hidden,2,300,0.01,oracle,20000,11;14,2,302331.1876068288,40000,342331.1876068288,337190.3999093918,0.9849829992605253
1,prefetch-hidden,2,300,0.1,frequency,0,0;4,1,337047.7930522291,0,337047.7930522291,337190.3999093918,1.000423105743762
1,prefetch-hidden,2,300,0.1,frequency,5000,0;4,1,337047.7930522291,5000,342047.7930522291,337190.3999093918,0.9857990805919464
1,prefetch-hidden,2,300,0.1,frequency,20000,0;4,1,337047.7930522291,20000,357047.7930522291,337190.3999093918,0.9443844954954461
1,prefetch-hidden,2,300,0.1,residual,0,8;11,2,312731.1876068288,0,312731.1876068288,337190.3999093918,1.0782116183861827
1,prefetch-hidden,2,300,0.1,residual,5000,8;11,2,312731.1876068288,10000,322731.1876068288,337190.3999093918,1.044802649566605
1,prefetch-hidden,2,300,0.1,residual,20000,8;11,2,312731.1876068288,40000,352731.1876068288,337190.3999093918,0.9559415548058668
1,prefetch-hidden,2,300,0.1,oracle,0,11;14,2,302331.1876068288,0,302331.1876068288,337190.3999093918,1.1153014102795646
1,prefetch-hidden,2,300,0.1,oracle,5000,11;14,2,302331.1876068288,10000,312331.1876068288,337190.3999093918,1.0795924751960937
1,prefetch-hidden,2,300,0.1,oracle,20000,11;14,2,302331.1876068288,40000,342331.1876068288,337190.3999093918,0.9849829992605253
1,prefetch-hidden,2,300,1.0,frequency,0,4;6,2,336903.85977824626,0,336903.85977824626,337190.3999093918,1.000850510087163
1,prefetch-hidden,2,300,1.0,frequency,5000,4;6,2,336903.85977824626,10000,346903.85977824626,337190.3999093918,0.9719995624290152
1,prefetch-hidden,2,300,1.0,frequency,20000,4;6,2,336903.85977824626,40000,376903.85977824626,337190.3999093918,0.8946323874416672
1,prefetch-hidden,2,300,1.0,residual,0,9;12,2,310731.1876068288,0,310731.1876068288,337190.3999093918,1.0851514535967408
1,prefetch-hidden,2,300,1.0,residual,5000,9;12,2,310731.1876068288,10000,320731.1876068288,337190.3999093918,1.0513177793072612
1,prefetch-hidden,2,300,1.0,residual,20000,9;12,2,310731.1876068288,40000,350731.1876068288,337190.3999093918,0.961392689969116
1,prefetch-hidden,2,300,1.0,oracle,0,11;14,2,302331.1876068288,0,302331.1876068288,337190.3999093918,1.1153014102795646
1,prefetch-hidden,2,300,1.0,oracle,5000,11;14,2,302331.1876068288,10000,312331.1876068288,337190.3999093918,1.0795924751960937
1,prefetch-hidden,2,300,1.0,oracle,20000,11;14,2,302331.1876068288,40000,342331.1876068288,337190.3999093918,0.9849829992605253
1,prefetch-hidden,2,400,0.01,frequency,0,0;1,0,435739.426340074,0,435739.426340074,435739.426340074,1.0
1,prefetch-hidden,2,400,0.01,frequency,5000,0;1,0,435739.426340074,0,435739.426340074,435739.426340074,1.0
1,prefetch-hidden,2,400,0.01,frequency,20000,0;1,0,435739.426340074,0,435739.426340074,435739.426340074,1.0
1,prefetch-hidden,2,400,0.01,residual,0,9;11,2,403521.0560967336,0,403521.0560967336,435739.426340074,1.0798430955623215
1,prefetch-hidden,2,400,0.01,residual,5000,9;11,2,403521.0560967336,10000,413521.0560967336,435739.426340074,1.0537297192386328
1,prefetch-hidden,2,400,0.01,residual,20000,9;11,2,403521.0560967336,40000,443521.0560967336,435739.426340074,0.9824548808907904
1,prefetch-hidden,2,400,0.01,oracle,0,11;14,2,391821.0560967336,0,391821.0560967336,435739.426340074,1.1120878257050528
1,prefetch-hidden,2,400,0.01,oracle,5000,11;14,2,391821.0560967336,10000,401821.0560967336,435739.426340074,1.0844116298255284
1,prefetch-hidden,2,400,0.01,oracle,20000,11;14,2,391821.0560967336,40000,431821.0560967336,435739.426340074,1.0090740601645478
1,prefetch-hidden,2,400,0.1,frequency,0,0;4,1,435922.6597509363,0,435922.6597509363,435739.426340074,0.9995796653219013
1,prefetch-hidden,2,400,0.1,frequency,5000,0;4,1,435922.6597509363,5000,440922.6597509363,435739.426340074,0.9882445746521846
1,prefetch-hidden,2,400,0.1,frequency,20000,0;4,1,435922.6597509363,20000,455922.6597509363,435739.426340074,0.9557310149447538
1,prefetch-hidden,2,400,0.1,residual,0,8;11,2,407421.0560967336,0,407421.0560967336,435739.426340074,1.0695063984042512
1,prefetch-hidden,2,400,0.1,residual,5000,8;11,2,407421.0560967336,10000,417421.0560967336,435739.426340074,1.043884633934459
1,prefetch-hidden,2,400,0.1,residual,20000,8;11,2,407421.0560967336,40000,447421.0560967336,435739.426340074,0.9738911935469259
1,prefetch-hidden,2,400,0.1,oracle,0,11;14,2,391821.0560967336,0,391821.0560967336,435739.426340074,1.1120878257050528
1,prefetch-hidden,2,400,0.1,oracle,5000,11;14,2,391821.0560967336,10000,401821.0560967336,435739.426340074,1.0844116298255284
1,prefetch-hidden,2,400,0.1,oracle,20000,11;14,2,391821.0560967336,40000,431821.0560967336,435739.426340074,1.0090740601645478
1,prefetch-hidden,2,400,1.0,frequency,0,4;6,2,435893.4256403178,0,435893.4256403178,435739.426340074,0.9996467042373544
1,prefetch-hidden,2,400,1.0,frequency,5000,4;6,2,435893.4256403178,10000,445893.4256403178,435739.426340074,0.9772277438590571
1,prefetch-hidden,2,400,1.0,frequency,20000,4;6,2,435893.4256403178,40000,475893.4256403178,435739.426340074,0.9156239671808529
1,prefetch-hidden,2,400,1.0,residual,0,9;12,2,404421.0560967336,0,404421.0560967336,435739.426340074,1.0774400090480187
1,prefetch-hidden,2,400,1.0,residual,5000,9;12,2,404421.0560967336,10000,414421.0560967336,435739.426340074,1.0514413298497176
1,prefetch-hidden,2,400,1.0,residual,20000,9;12,2,404421.0560967336,40000,444421.0560967336,435739.426340074,0.980465305057981
1,prefetch-hidden,2,400,1.0,oracle,0,11;14,2,391821.0560967336,0,391821.0560967336,435739.426340074,1.1120878257050528
1,prefetch-hidden,2,400,1.0,oracle,5000,11;14,2,391821.0560967336,10000,401821.0560967336,435739.426340074,1.0844116298255284
1,prefetch-hidden,2,400,1.0,oracle,20000,11;14,2,391821.0560967336,40000,431821.0560967336,435739.426340074,1.0090740601645478
1,prefetch-hidden,4,200,0.01,frequency,0,0;1;3;9,1,246875.42966772045,0,246875.42966772045,254116.69368004237,1.029331651278818
1,prefetch-hidden,4,200,0.01,frequency,5000,0;1;3;9,1,246875.42966772045,5000,251875.42966772045,254116.69368004237,1.008898303479933
1,prefetch-hidden,4,200,0.01,frequency,20000,0;1;3;9,1,246875.42966772045,20000,266875.42966772045,254116.69368004237,0.9521921669463403
1,prefetch-hidden,4,200,0.01,residual,0,8;9;11;13,4,223283.6044173032,0,223283.6044173032,254116.69368004237,1.138089356552638
1,prefetch-hidden,4,200,0.01,residual,5000,8;9;11;13,4,223283.6044173032,20000,243283.6044173032,254116.69368004237,1.044528645030091
1,prefetch-hidden,4,200,0.01,residual,20000,8;9;11;13,4,223283.6044173032,80000,303283.6044173032,254116.69368004237,0.8378847058622739
1,prefetch-hidden,4,200,0.01,oracle,0,11;12;13;14,4,216783.6044173032,0,216783.6044173032,254116.69368004237,1.1722136199510451
1,prefetch-hidden,4,200,0.01,oracle,5000,11;12;13;14,4,216783.6044173032,20000,236783.6044173032,254116.69368004237,1.0732022358785942
1,prefetch-hidden,4,200,0.01,oracle,20000,11;12;13;14,4,216783.6044173032,80000,296783.6044173032,254116.69368004237,0.8562356204917995
1,prefetch-hidden,4,200,0.1,frequency,0,0;1;2;4,1,254094.3995580574,0,254094.3995580574,254116.69368004237,1.0000877395252463
1,prefetch-hidden,4,200,0.1,frequency,5000,0;1;2;4,1,254094.3995580574,5000,259094.3995580574,254116.69368004237,0.9807880606971606
1,prefetch-hidden,4,200,0.1,frequency,20000,0;1;2;4,1,254094.3995580574,20000,274094.3995580574,254116.69368004237,0.9271137757275355
1,prefetch-hidden,4,200,0.1,residual,0,8;11;12;15,4,222883.6044173032,0,222883.6044173032,254116.69368004237,1.1401318385190042
1,prefetch-hidden,4,200,0.1,residual,5000,8;11;12;15,4,222883.6044173032,20000,242883.6044173032,254116.69368004237,1.0462488577180342
1,prefetch-hidden,4,200,0.1,residual,20000,8;11;12;15,4,222883.6044173032,80000,302883.6044173032,254116.69368004237,0.838991249357719
1,prefetch-hidden,4,200,0.1,oracle,0,11;12;13;14,4,216783.6044173032,0,216783.6044173032,254116.69368004237,1.1722136199510451
1,prefetch-hidden,4,200,0.1,oracle,5000,11;12;13;14,4,216783.6044173032,20000,236783.6044173032,254116.69368004237,1.0732022358785942
1,prefetch-hidden,4,200,0.1,oracle,20000,11;12;13;14,4,216783.6044173032,80000,296783.6044173032,254116.69368004237,0.8562356204917995
1,prefetch-hidden,4,200,1.0,frequency,0,0;4;6;7,3,254068.27889658342,0,254068.27889658342,254116.69368004237,1.0001905581588904
1,prefetch-hidden,4,200,1.0,frequency,5000,0;4;6;7,3,254068.27889658342,15000,269068.2788965834,254116.69368004237,0.9444320033641435
1,prefetch-hidden,4,200,1.0,frequency,20000,0;4;6;7,3,254068.27889658342,60000,314068.2788965834,254116.69368004237,0.809112892816909
1,prefetch-hidden,4,200,1.0,residual,0,8;9;11;12,4,223583.6044173032,0,223583.6044173032,254116.69368004237,1.1365622910602662
1,prefetch-hidden,4,200,1.0,residual,5000,8;9;11;12,4,223583.6044173032,20000,243583.6044173032,254116.69368004237,1.043242193118606
1,prefetch-hidden,4,200,1.0,residual,20000,8;9;11;12,4,223583.6044173032,80000,303583.6044173032,254116.69368004237,0.8370567118332778
1,prefetch-hidden,4,200,1.0,oracle,0,11;12;13;14,4,216783.6044173032,0,216783.6044173032,254116.69368004237,1.1722136199510451
1,prefetch-hidden,4,200,1.0,oracle,5000,11;12;13;14,4,216783.6044173032,20000,236783.6044173032,254116.69368004237,1.0732022358785942
1,prefetch-hidden,4,200,1.0,oracle,20000,11;12;13;14,4,216783.6044173032,80000,296783.6044173032,254116.69368004237,0.8562356204917995
1,prefetch-hidden,4,300,0.01,frequency,0,0;1;3;9,1,319798.4469362647,0,319798.4469362647,331995.2749319398,1.038139109531404
1,prefetch-hidden,4,300,0.01,frequency,5000,0;1;3;9,1,319798.4469362647,5000,324798.4469362647,331995.2749319398,1.0221578276114336
1,prefetch-hidden,4,300,0.01,frequency,20000,0;1;3;9,1,319798.4469362647,20000,339798.4469362647,331995.2749319398,0.9770358809032799
1,prefetch-hidden,4,300,0.01,residual,0,8;9;11;13,4,280331.1876068288,0,280331.1876068288,331995.2749319398,1.1842966091863139
1,prefetch-hidden,4,300,0.01,residual,5000,8;9;11;13,4,280331.1876068288,20000,300331.1876068288,331995.2749319398,1.1054305667600637
1,prefetch-hidden,4,300,0.01,residual,20000,8;9;11;13,4,280331.1876068288,80000,360331.1876068288,331995.2749319398,0.9213614761933752
1,prefetch-hidden,4,300,0.01,oracle,0,11;12;13;14,4,267331.1876068288,0,267331.1876068288,331995.2749319398,1.2418875549238728
1,prefetch-hidden,4,300,0.01,oracle,5000,11;12;13;14,4,267331.1876068288,20000,287331.1876068288,331995.2749319398,1.1554446201859137
1,prefetch-hidden,4,300,0.01,oracle,20000,11;12;13;14,4,267331.1876068288,80000,347331.1876068288,331995.2749319398,0.955846427783937
1,prefetch-hidden,4,300,0.1,frequency,0,0;1;2;4,1,331885.197357874,0,331885.197357874,331995.2749319398,1.0003316736478218
1,prefetch-hidden,4,300,0.1,frequency,5000,0;1;2;4,1,331885.197357874,5000,336885.197357874,331995.2749319398,0.9854848997097975
1,prefetch-hidden,4,300,0.1,frequency,20000,0;1;2;4,1,331885.197357874,20000,351885.197357874,331995.2749319398,0.9434761036403989
1,prefetch-hidden,4,300,0.1,residual,0,8;11;12;15,4,279531.1876068288,0,279531.1876068288,331995.2749319398,1.1876859887237474
1,prefetch-hidden,4,300,0.1,residual,5000,8;11;12;15,4,279531.1876068288,20000,299531.1876068288,331995.2749319398,1.1083829953885271
1,prefetch-hidden,4,300,0.1,residual,20000,8;11;12;15,4,279531.1876068288,80000,359531.1876068288,331995.2749319398,0.9234116159485964
1,prefetch-hidden,4,300,0.1,oracle,0,11;12;13;14,4,267331.1876068288,0,267331.1876068288,331995.2749319398,1.2418875549238728
1,prefetch-hidden,4,300,0.1,oracle,5000,11;12;13;14,4,267331.1876068288,20000,287331.1876068288,331995.2749319398,1.1554446201859137
1,prefetch-hidden,4,300,0.1,oracle,20000,11;12;13;14,4,267331.1876068288,80000,347331.1876068288,331995.2749319398,0.955846427783937
1,prefetch-hidden,4,300,1.0,frequency,0,0;4;6;7,3,331639.7272823424,0,331639.7272823424,331995.2749319398,1.001072090043346
1,prefetch-hidden,4,300,1.0,frequency,5000,0;4;6;7,3,331639.7272823424,15000,346639.7272823424,331995.2749319398,0.9577531044545436
1,prefetch-hidden,4,300,1.0,frequency,20000,0;4;6;7,3,331639.7272823424,60000,391639.7272823424,331995.2749319398,0.8477058168631512
1,prefetch-hidden,4,300,1.0,residual,0,8;9;11;12,4,280931.1876068288,0,280931.1876068288,331995.2749319398,1.1817672425767716
1,prefetch-hidden,4,300,1.0,residual,5000,8;9;11;12,4,280931.1876068288,20000,300931.1876068288,331995.2749319398,1.1032265468134086
1,prefetch-hidden,4,300,1.0,residual,20000,8;9;11;12,4,280931.1876068288,80000,360931.1876068288,331995.2749319398,0.9198298355241896
1,prefetch-hidden,4,300,1.0,oracle,0,11;12;13;14,4,267331.1876068288,0,267331.1876068288,331995.2749319398,1.2418875549238728
1,prefetch-hidden,4,300,1.0,oracle,5000,11;12;13;14,4,267331.1876068288,20000,287331.1876068288,331995.2749319398,1.1554446201859137
1,prefetch-hidden,4,300,1.0,oracle,20000,11;12;13;14,4,267331.1876068288,80000,347331.1876068288,331995.2749319398,0.955846427783937
1,prefetch-hidden,4,400,0.01,frequency,0,0;1;3;9,1,405583.7538707211,0,405583.7538707211,420503.4097805236,1.0367856349457185
1,prefetch-hidden,4,400,0.01,frequency,5000,0;1;3;9,1,405583.7538707211,5000,410583.7538707211,420503.4097805236,1.0241598841071677
1,prefetch-hidden,4,400,0.01,frequency,20000,0;1;3;9,1,405583.7538707211,20000,425583.7538707211,420503.4097805236,0.9880626456156014
1,prefetch-hidden,4,400,0.01,residual,0,8;9;11;13,4,358821.05609673366,0,358821.05609673366,420503.4097805236,1.1719028263134066
1,prefetch-hidden,4,400,0.01,residual,5000,8;9;11;13,4,358821.05609673366,20000,378821.05609673366,420503.4097805236,1.1100317762514926
1,prefetch-hidden,4,400,0.01,residual,20000,8;9;11;13,4,358821.05609673366,80000,438821.05609673366,420503.4097805236,0.9582571390736271
1,prefetch-hidden,4,400,0.01,oracle,0,11;12;13;14,4,339321.05609673366,0,339321.05609673366,420503.4097805236,1.239249384101429
1,prefetch-hidden,4,400,0.01,oracle,5000,11;12;13;14,4,339321.05609673366,20000,359321.05609673366,420503.4097805236,1.1702721080373284
1,prefetch-hidden,4,400,0.01,oracle,20000,11;12;13;14,4,339321.05609673366,80000,419321.05609673366,420503.4097805236,1.0028196859342002
1,prefetch-hidden,4,400,0.1,frequency,0,0;1;2;4,1,420500.87917511957,0,420500.87917511957,420503.4097805236,1.0000060180739907
1,prefetch-hidden,4,400,0.1,frequency,5000,0;1;2;4,1,420500.87917511957,5000,425500.87917511957,420503.4097805236,0.9882550903201797
1,prefetch-hidden,4,400,0.1,frequency,20000,0;1;2;4,1,420500.87917511957,20000,440500.87917511957,420503.4097805236,0.9546028842620176
1,prefetch-hidden,4,400,0.1,residual,0,8;11;12;15,4,357621.05609673366,0,357621.05609673366,420503.4097805236,1.1758351545910675
1,prefetch-hidden,4,400,0.1,residual,5000,8;11;12;15,4,357621.05609673366,20000,377621.05609673366,420503.4097805236,1.113559222907329
1,prefetch-hidden,4,400,0.1,residual,20000,8;11;12;15,4,357621.05609673366,80000,437621.05609673366,420503.4097805236,0.9608847744464419
1,prefetch-hidden,4,400,0.1,oracle,0,11;12;13;14,4,339321.05609673366,0,339321.05609673366,420503.4097805236,1.239249384101429
1,prefetch-hidden,4,400,0.1,oracle,5000,11;12;13;14,4,339321.05609673366,20000,359321.05609673366,420503.4097805236,1.1702721080373284
1,prefetch-hidden,4,400,0.1,oracle,20000,11;12;13;14,4,339321.05609673366,80000,419321.05609673366,420503.4097805236,1.0028196859342002
1,prefetch-hidden,4,400,1.0,frequency,0,0;4;6;7,3,419916.92028609465,0,419916.92028609465,420503.4097805236,1.0013966798337857
1,prefetch-hidden,4,400,1.0,frequency,5000,0;4;6;7,3,419916.92028609465,15000,434916.92028609465,420503.4097805236,0.9668591635936132
1,prefetch-hidden,4,400,1.0,frequency,20000,0;4;6;7,3,419916.92028609465,60000,479916.92028609465,420503.4097805236,0.87620042554417
1,prefetch-hidden,4,400,1.0,residual,0,8;9;11;12,4,359721.05609673366,0,359721.05609673366,420503.4097805236,1.1689707973820826
1,prefetch-hidden,4,400,1.0,residual,5000,8;9;11;12,4,359721.05609673366,20000,379721.05609673366,420503.4097805236,1.1074008223378602
1,prefetch-hidden,4,400,1.0,residual,20000,8;9;11;12,4,359721.05609673366,80000,439721.05609673366,420503.4097805236,0.9562958242509488
1,prefetch-hidden,4,400,1.0,oracle,0,11;12;13;14,4,339321.05609673366,0,339321.05609673366,420503.4097805236,1.239249384101429
1,prefetch-hidden,4,400,1.0,oracle,5000,11;12;13;14,4,339321.05609673366,20000,359321.05609673366,420503.4097805236,1.1702721080373284
1,prefetch-hidden,4,400,1.0,oracle,20000,11;12;13;14,4,339321.05609673366,80000,419321.05609673366,420503.4097805236,1.0028196859342002
1,prefetch-hidden,8,200,0.01,frequency,0,0;1;2;3;5;8;9;11,3,231848.52520238166,0,231848.52520238166,253800.0,1.0946802433979548
1,prefetch-hidden,8,200,0.01,frequency,5000,0;1;2;3;5;8;9;11,3,231848.52520238166,15000,246848.52520238166,253800.0,1.0281608925632393
1,prefetch-hidden,8,200,0.01,frequency,20000,0;1;2;3;5;8;9;11,3,231848.52520238166,60000,291848.52520238166,253800.0,0.8696292017374527
1,prefetch-hidden,8,200,0.01,residual,0,1;5;8;9;10;11;13;15,6,207150.23891249404,0,207150.23891249404,253800.0,1.2251977180060705
1,prefetch-hidden,8,200,0.01,residual,5000,1;5;8;9;10;11;13;15,6,207150.23891249404,30000,237150.23891249404,253800.0,1.0702076504913391
1,prefetch-hidden,8,200,0.01,residual,20000,1;5;8;9;10;11;13;15,6,207150.23891249404,120000,327150.23891249404,253800.0,0.7757903550481169
1,prefetch-hidden,8,200,0.01,oracle,0,8;9;10;11;12;13;14;15,8,187483.6044173032,0,187483.6044173032,253800.0,1.3537183733415377
1,prefetch-hidden,8,200,0.01,oracle,5000,8;9;10;11;12;13;14;15,8,187483.6044173032,40000,227483.6044173032,253800.0,1.1156848013293352
1,prefetch-hidden,8,200,0.01,oracle,20000,8;9;10;11;12;13;14;15,8,187483.6044173032,160000,347483.6044173032,253800.0,0.730394173346965
1,prefetch-hidden,8,200,0.1,frequency,0,0;1;2;3;4;5;6;7,0,253800.0,0,253800.0,253800.0,1.0
1,prefetch-hidden,8,200,0.1,frequency,5000,0;1;2;3;4;5;6;7,0,253800.0,0,253800.0,253800.0,1.0
1,prefetch-hidden,8,200,0.1,frequency,20000,0;1;2;3;4;5;6;7,0,253800.0,0,253800.0,253800.0,1.0
1,prefetch-hidden,8,200,0.1,residual,0,8;9;10;11;12;13;14;15,8,187483.6044173032,0,187483.6044173032,253800.0,1.3537183733415377
1,prefetch-hidden,8,200,0.1,residual,5000,8;9;10;11;12;13;14;15,8,187483.6044173032,40000,227483.6044173032,253800.0,1.1156848013293352
1,prefetch-hidden,8,200,0.1,residual,20000,8;9;10;11;12;13;14;15,8,187483.6044173032,160000,347483.6044173032,253800.0,0.730394173346965
1,prefetch-hidden,8,200,0.1,oracle,0,8;9;10;11;12;13;14;15,8,187483.6044173032,0,187483.6044173032,253800.0,1.3537183733415377
1,prefetch-hidden,8,200,0.1,oracle,5000,8;9;10;11;12;13;14;15,8,187483.6044173032,40000,227483.6044173032,253800.0,1.1156848013293352
1,prefetch-hidden,8,200,0.1,oracle,20000,8;9;10;11;12;13;14;15,8,187483.6044173032,160000,347483.6044173032,253800.0,0.730394173346965
1,prefetch-hidden,8,200,1.0,frequency,0,0;1;2;3;4;5;6;7,0,253800.0,0,253800.0,253800.0,1.0
1,prefetch-hidden,8,200,1.0,frequency,5000,0;1;2;3;4;5;6;7,0,253800.0,0,253800.0,253800.0,1.0
1,prefetch-hidden,8,200,1.0,frequency,20000,0;1;2;3;4;5;6;7,0,253800.0,0,253800.0,253800.0,1.0
1,prefetch-hidden,8,200,1.0,residual,0,8;9;10;11;12;13;14;15,8,187483.6044173032,0,187483.6044173032,253800.0,1.3537183733415377
1,prefetch-hidden,8,200,1.0,residual,5000,8;9;10;11;12;13;14;15,8,187483.6044173032,40000,227483.6044173032,253800.0,1.1156848013293352
1,prefetch-hidden,8,200,1.0,residual,20000,8;9;10;11;12;13;14;15,8,187483.6044173032,160000,347483.6044173032,253800.0,0.730394173346965
1,prefetch-hidden,8,200,1.0,oracle,0,8;9;10;11;12;13;14;15,8,187483.6044173032,0,187483.6044173032,253800.0,1.3537183733415377
1,prefetch-hidden,8,200,1.0,oracle,5000,8;9;10;11;12;13;14;15,8,187483.6044173032,40000,227483.6044173032,253800.0,1.1156848013293352
1,prefetch-hidden,8,200,1.0,oracle,20000,8;9;10;11;12;13;14;15,8,187483.6044173032,160000,347483.6044173032,253800.0,0.730394173346965
1,prefetch-hidden,8,300,0.01,frequency,0,0;1;2;3;5;8;9;11,3,284610.0963170796,0,284610.0963170796,320700.0,1.1268047203874074
1,prefetch-hidden,8,300,0.01,frequency,5000,0;1;2;3;5;8;9;11,3,284610.0963170796,15000,299610.0963170796,320700.0,1.0703911648578117
1,prefetch-hidden,8,300,0.01,frequency,20000,0;1;2;3;5;8;9;11,3,284610.0963170796,60000,344610.0963170796,320700.0,0.9306169593618648
1,prefetch-hidden,8,300,0.01,residual,0,1;3;8;9;10;11;13;15,6,242779.8109436715,0,242779.8109436715,320700.0,1.320950035974808
1,prefetch-hidden,8,300,0.01,residual,5000,1;3;8;9;10;11;13;15,6,242779.8109436715,30000,272779.8109436715,320700.0,1.1756735181044022
1,prefetch-hidden,8,300,0.01,residual,20000,1;3;8;9;10;11;13;15,6,242779.8109436715,120000,362779.8109436715,320700.0,0.8840072967836538
1,prefetch-hidden,8,300,0.01,oracle,0,8;9;10;11;12;13;14;15,8,208731.1876068288,0,208731.1876068288,320700.0,1.53642588669633
1,prefetch-hidden,8,300,0.01,oracle,5000,8;9;10;11;12;13;14;15,8,208731.1876068288,40000,248731.1876068288,320700.0,1.2893437412719342
1,prefetch-hidden,8,300,0.01,oracle,20000,8;9;10;11;12;13;14;15,8,208731.1876068288,160000,368731.1876068288,320700.0,0.8697392864472219
1,prefetch-hidden,8,300,0.1,frequency,0,0;1;2;3;4;5;6;7,0,320700.0,0,320700.0,320700.0,1.0
1,prefetch-hidden,8,300,0.1,frequency,5000,0;1;2;3;4;5;6;7,0,320700.0,0,320700.0,320700.0,1.0
1,prefetch-hidden,8,300,0.1,frequency,20000,0;1;2;3;4;5;6;7,0,320700.0,0,320700.0,320700.0,1.0
1,prefetch-hidden,8,300,0.1,residual,0,8;9;10;11;12;13;14;15,8,208731.1876068288,0,208731.1876068288,320700.0,1.53642588669633
1,prefetch-hidden,8,300,0.1,residual,5000,8;9;10;11;12;13;14;15,8,208731.1876068288,40000,248731.1876068288,320700.0,1.2893437412719342
1,prefetch-hidden,8,300,0.1,residual,20000,8;9;10;11;12;13;14;15,8,208731.1876068288,160000,368731.1876068288,320700.0,0.8697392864472219
1,prefetch-hidden,8,300,0.1,oracle,0,8;9;10;11;12;13;14;15,8,208731.1876068288,0,208731.1876068288,320700.0,1.53642588669633
1,prefetch-hidden,8,300,0.1,oracle,5000,8;9;10;11;12;13;14;15,8,208731.1876068288,40000,248731.1876068288,320700.0,1.2893437412719342
1,prefetch-hidden,8,300,0.1,oracle,20000,8;9;10;11;12;13;14;15,8,208731.1876068288,160000,368731.1876068288,320700.0,0.8697392864472219
1,prefetch-hidden,8,300,1.0,frequency,0,0;1;2;3;4;5;6;7,0,320700.0,0,320700.0,320700.0,1.0
1,prefetch-hidden,8,300,1.0,frequency,5000,0;1;2;3;4;5;6;7,0,320700.0,0,320700.0,320700.0,1.0
1,prefetch-hidden,8,300,1.0,frequency,20000,0;1;2;3;4;5;6;7,0,320700.0,0,320700.0,320700.0,1.0
1,prefetch-hidden,8,300,1.0,residual,0,8;9;10;11;12;13;14;15,8,208731.1876068288,0,208731.1876068288,320700.0,1.53642588669633
1,prefetch-hidden,8,300,1.0,residual,5000,8;9;10;11;12;13;14;15,8,208731.1876068288,40000,248731.1876068288,320700.0,1.2893437412719342
1,prefetch-hidden,8,300,1.0,residual,20000,8;9;10;11;12;13;14;15,8,208731.1876068288,160000,368731.1876068288,320700.0,0.8697392864472219
1,prefetch-hidden,8,300,1.0,oracle,0,8;9;10;11;12;13;14;15,8,208731.1876068288,0,208731.1876068288,320700.0,1.53642588669633
1,prefetch-hidden,8,300,1.0,oracle,5000,8;9;10;11;12;13;14;15,8,208731.1876068288,40000,248731.1876068288,320700.0,1.2893437412719342
1,prefetch-hidden,8,300,1.0,oracle,20000,8;9;10;11;12;13;14;15,8,208731.1876068288,160000,368731.1876068288,320700.0,0.8697392864472219
1,prefetch-hidden,8,400,0.01,frequency,0,0;1;2;3;5;8;9;11,3,345263.9425395986,0,345263.9425395986,387600.0,1.1226193999552845
1,prefetch-hidden,8,400,0.01,frequency,5000,0;1;2;3;5;8;9;11,3,345263.9425395986,15000,360263.9425395986,387600.0,1.0758778612916466
1,prefetch-hidden,8,400,0.01,frequency,20000,0;1;2;3;5;8;9;11,3,345263.9425395986,60000,405263.9425395986,387600.0,0.9564137326678831
1,prefetch-hidden,8,400,0.01,residual,0,1;3;8;9;10;11;13;15,6,294123.9471417614,0,294123.9471417614,387600.0,1.3178117721002334
1,prefetch-hidden,8,400,0.01,residual,5000,1;3;8;9;10;11;13;15,6,294123.9471417614,30000,324123.9471417614,387600.0,1.1958388246780056
1,prefetch-hidden,8,400,0.01,residual,20000,1;3;8;9;10;11;13;15,6,294123.9471417614,120000,414123.9471417614,387600.0,0.9359516702068865
1,prefetch-hidden,8,400,0.01,oracle,0,8;9;10;11;12;13;14;15,8,251421.05609673364,0,251421.05609673364,387600.0,1.541636989428888
1,prefetch-hidden,8,400,0.01,oracle,5000,8;9;10;11;12;13;14;15,8,251421.05609673364,40000,291421.05609673366,387600.0,1.3300342987959692
1,prefetch-hidden,8,400,0.01,oracle,20000,8;9;10;11;12;13;14;15,8,251421.05609673364,160000,411421.05609673366,387600.0,0.9421005421483998
1,prefetch-hidden,8,400,0.1,frequency,0,0;1;2;3;4;5;6;7,0,387600.0,0,387600.0,387600.0,1.0
1,prefetch-hidden,8,400,0.1,frequency,5000,0;1;2;3;4;5;6;7,0,387600.0,0,387600.0,387600.0,1.0
1,prefetch-hidden,8,400,0.1,frequency,20000,0;1;2;3;4;5;6;7,0,387600.0,0,387600.0,387600.0,1.0
1,prefetch-hidden,8,400,0.1,residual,0,8;9;10;11;12;13;14;15,8,251421.05609673364,0,251421.05609673364,387600.0,1.541636989428888
1,prefetch-hidden,8,400,0.1,residual,5000,8;9;10;11;12;13;14;15,8,251421.05609673364,40000,291421.05609673366,387600.0,1.3300342987959692
1,prefetch-hidden,8,400,0.1,residual,20000,8;9;10;11;12;13;14;15,8,251421.05609673364,160000,411421.05609673366,387600.0,0.9421005421483998
1,prefetch-hidden,8,400,0.1,oracle,0,8;9;10;11;12;13;14;15,8,251421.05609673364,0,251421.05609673364,387600.0,1.541636989428888
1,prefetch-hidden,8,400,0.1,oracle,5000,8;9;10;11;12;13;14;15,8,251421.05609673364,40000,291421.05609673366,387600.0,1.3300342987959692
1,prefetch-hidden,8,400,0.1,oracle,20000,8;9;10;11;12;13;14;15,8,251421.05609673364,160000,411421.05609673366,387600.0,0.9421005421483998
1,prefetch-hidden,8,400,1.0,frequency,0,0;1;2;3;4;5;6;7,0,387600.0,0,387600.0,387600.0,1.0
1,prefetch-hidden,8,400,1.0,frequency,5000,0;1;2;3;4;5;6;7,0,387600.0,0,387600.0,387600.0,1.0
1,prefetch-hidden,8,400,1.0,frequency,20000,0;1;2;3;4;5;6;7,0,387600.0,0,387600.0,387600.0,1.0
1,prefetch-hidden,8,400,1.0,residual,0,8;9;10;11;12;13;14;15,8,251421.05609673364,0,251421.05609673364,387600.0,1.541636989428888
1,prefetch-hidden,8,400,1.0,residual,5000,8;9;10;11;12;13;14;15,8,251421.05609673364,40000,291421.05609673366,387600.0,1.3300342987959692
1,prefetch-hidden,8,400,1.0,residual,20000,8;9;10;11;12;13;14;15,8,251421.05609673364,160000,411421.05609673366,387600.0,0.9421005421483998
1,prefetch-hidden,8,400,1.0,oracle,0,8;9;10;11;12;13;14;15,8,251421.05609673364,0,251421.05609673364,387600.0,1.541636989428888
1,prefetch-hidden,8,400,1.0,oracle,5000,8;9;10;11;12;13;14;15,8,251421.05609673364,40000,291421.05609673366,387600.0,1.3300342987959692
1,prefetch-hidden,8,400,1.0,oracle,20000,8;9;10;11;12;13;14;15,8,251421.05609673364,160000,411421.05609673366,387600.0,0.9421005421483998
1,phase-reversal,2,200,0.01,frequency,0,0;1,0,426018.0926312978,0,426018.0926312978,426018.0926312978,1.0
1,phase-reversal,2,200,0.01,frequency,5000,0;1,0,426018.0926312978,0,426018.0926312978,426018.0926312978,1.0
1,phase-reversal,2,200,0.01,frequency,20000,0;1,0,426018.0926312978,0,426018.0926312978,426018.0926312978,1.0
1,phase-reversal,2,200,0.01,residual,0,9;11,2,471774.95343979594,0,471774.95343979594,426018.0926312978,0.9030112546779421
1,phase-reversal,2,200,0.01,residual,5000,9;11,2,471774.95343979594,10000,481774.95343979594,426018.0926312978,0.8842678300098353
1,phase-reversal,2,200,0.01,residual,20000,9;11,2,471774.95343979594,40000,511774.95343979594,426018.0926312978,0.8324324779239389
1,phase-reversal,2,200,0.01,oracle,0,1;5,1,424718.0926312978,0,424718.0926312978,426018.0926312978,1.0030608538288208
1,phase-reversal,2,200,0.01,oracle,5000,1;5,1,424718.0926312978,5000,429718.0926312978,426018.0926312978,0.9913897039397532
1,phase-reversal,2,200,0.01,oracle,20000,1;5,1,424718.0926312978,20000,444718.0926312978,426018.0926312978,0.9579508899911037
1,phase-reversal,2,200,0.1,frequency,0,0;4,1,427818.0926312978,0,427818.0926312978,426018.0926312978,0.9957926043077583
1,phase-reversal,2,200,0.1,frequency,5000,0;4,1,427818.0926312978,5000,432818.0926312978,426018.0926312978,0.9842890116754138
1,phase-reversal,2,200,0.1,frequency,20000,0;4,1,427818.0926312978,20000,447818.0926312978,426018.0926312978,0.9513195193344978
1,phase-reversal,2,200,0.1,residual,0,8;11,2,471764.8575939076,0,471764.8575939076,426018.0926312978,0.9030305792679701
1,phase-reversal,2,200,0.1,residual,5000,8;11,2,471764.8575939076,10000,481764.8575939076,426018.0926312978,0.8842863606925846
1,phase-reversal,2,200,0.1,residual,20000,8;11,2,471764.8575939076,40000,511764.8575939076,426018.0926312978,0.8324488997432273
1,phase-reversal,2,200,0.1,oracle,0,1;5,1,424718.0926312978,0,424718.0926312978,426018.0926312978,1.0030608538288208
1,phase-reversal,2,200,0.1,oracle,5000,1;5,1,424718.0926312978,5000,429718.0926312978,426018.0926312978,0.9913897039397532
1,phase-reversal,2,200,0.1,oracle,20000,1;5,1,424718.0926312978,20000,444718.0926312978,426018.0926312978,0.9579508899911037
1,phase-reversal,2,200,1.0,frequency,0,4;6,2,429918.0926312978,0,429918.0926312978,426018.0926312978,0.9909285045992594
1,phase-reversal,2,200,1.0,frequency,5000,4;6,2,429918.0926312978,10000,439918.0926312978,426018.0926312978,0.9684032090681712
1,phase-reversal,2,200,1.0,frequency,20000,4;6,2,429918.0926312978,40000,469918.0926312978,426018.0926312978,0.9065794641909131
1,phase-reversal,2,200,1.0,residual,0,9;12,2,471760.6950303891,0,471760.6950303891,426018.0926312978,0.9030385471257949
1,phase-reversal,2,200,1.0,residual,5000,9;12,2,471760.6950303891,10000,481760.6950303891,426018.0926312978,0.8842940012041143
1,phase-reversal,2,200,1.0,residual,20000,9;12,2,471760.6950303891,40000,511760.6950303891,426018.0926312978,0.8324556707232083
1,phase-reversal,2,200,1.0,oracle,0,1;5,1,424718.0926312978,0,424718.0926312978,426018.0926312978,1.0030608538288208
1,phase-reversal,2,200,1.0,oracle,5000,1;5,1,424718.0926312978,5000,429718.0926312978,426018.0926312978,0.9913897039397532
1,phase-reversal,2,200,1.0,oracle,20000,1;5,1,424718.0926312978,20000,444718.0926312978,426018.0926312978,0.9579508899911037
1,phase-reversal,2,300,0.01,frequency,0,0;1,0,563833.1103515131,0,563833.1103515131,563833.1103515131,1.0
1,phase-reversal,2,300,0.01,frequency,5000,0;1,0,563833.1103515131,0,563833.1103515131,563833.1103515131,1.0
1,phase-reversal,2,300,0.01,frequency,20000,0;1,0,563833.1103515131,0,563833.1103515131,563833.1103515131,1.0
1,phase-reversal,2,300,0.01,residual,0,9;11,2,653495.844178319,0,653495.844178319,563833.1103515131,0.8627952501525937
1,phase-reversal,2,300,0.01,residual,5000,9;11,2,653495.844178319,10000,663495.844178319,563833.1103515131,0.8497914723938786
1,phase-reversal,2,300,0.01,residual,20000,9;11,2,653495.844178319,40000,693495.844178319,563833.1103515131,0.8130302655520087
1,phase-reversal,2,300,0.01,oracle,0,1;5,1,561233.1103515131,0,561233.1103515131,563833.1103515131,1.0046326561139123
1,phase-reversal,2,300,0.01,oracle,5000,1;5,1,561233.1103515131,5000,566233.1103515131,563833.1103515131,0.9957614629803084
1,phase-reversal,2,300,0.01,oracle,20000,1;5,1,561233.1103515131,20000,581233.1103515131,563833.1103515131,0.9700636462546379
1,phase-reversal,2,300,0.1,frequency,0,0;4,1,567433.1103515131,0,567433.1103515131,563833.1103515131,0.9936556398730947
1,phase-reversal,2,300,0.1,frequency,5000,0;4,1,567433.1103515131,5000,572433.1103515131,563833.1103515131,0.9849764106155232
1,phase-reversal,2,300,0.1,frequency,20000,0;4,1,567433.1103515131,20000,587433.1103515131,563833.1103515131,0.9598252131449008
1,phase-reversal,2,300,0.1,residual,0,8;11,2,653336.159285367,0,653336.159285367,563833.1103515131,0.8630061299044672
1,phase-reversal,2,300,0.1,residual,5000,8;11,2,653336.159285367,10000,663336.159285367,563833.1103515131,0.8499960426685443
1,phase-reversal,2,300,0.1,residual,20000,8;11,2,653336.159285367,40000,693336.159285367,563833.1103515131,0.8132175176506952
1,phase-reversal,2,300,0.1,oracle,0,1;5,1,561233.1103515131,0,561233.1103515131,563833.1103515131,1.0046326561139123
1,phase-reversal,2,300,0.1,oracle,5000,1;5,1,561233.1103515131,5000,566233.1103515131,563833.1103515131,0.9957614629803084
1,phase-reversal,2,300,0.1,oracle,20000,1;5,1,561233.1103515131,20000,581233.1103515131,563833.1103515131,0.9700636462546379
1,phase-reversal,2,300,1.0,frequency,0,4;6,2,571633.1103515131,0,571633.1103515131,563833.1103515131,0.9863548841752648
1,phase-reversal,2,300,1.0,frequency,5000,4;6,2,571633.1103515131,10000,581633.1103515131,563833.1103515131,0.9693965152890927
1,phase-reversal,2,300,1.0,frequency,20000,4;6,2,571633.1103515131,40000,611633.1103515131,563833.1103515131,0.9218485736121631
1,phase-reversal,2,300,1.0,residual,0,9;12,2,653525.7937193745,0,653525.7937193745,563833.1103515131,0.8627557102874266
1,phase-reversal,2,300,1.0,residual,5000,9;12,2,653525.7937193745,10000,663525.7937193745,563833.1103515131,0.849753115385256
1,phase-reversal,2,300,1.0,residual,20000,9;12,2,653525.7937193745,40000,693525.7937193745,563833.1103515131,0.8129951552741531
1,phase-reversal,2,300,1.0,oracle,0,1;5,1,561233.1103515131,0,561233.1103515131,563833.1103515131,1.0046326561139123
1,phase-reversal,2,300,1.0,oracle,5000,1;5,1,561233.1103515131,5000,566233.1103515131,563833.1103515131,0.9957614629803084
1,phase-reversal,2,300,1.0,oracle,20000,1;5,1,561233.1103515131,20000,581233.1103515131,563833.1103515131,0.9700636462546379
1,phase-reversal,2,400,0.01,frequency,0,0;1,0,709607.0596827122,0,709607.0596827122,709607.0596827122,1.0
1,phase-reversal,2,400,0.01,frequency,5000,0;1,0,709607.0596827122,0,709607.0596827122,709607.0596827122,1.0
1,phase-reversal,2,400,0.01,frequency,20000,0;1,0,709607.0596827122,0,709607.0596827122,709607.0596827122,1.0
1,phase-reversal,2,400,0.01,residual,0,9;11,2,841323.7319648265,0,841323.7319648265,709607.0596827122,0.8434411543645591
1,phase-reversal,2,400,0.01,residual,5000,9;11,2,841323.7319648265,10000,851323.7319648265,709607.0596827122,0.8335337463751457
1,phase-reversal,2,400,0.01,residual,20000,9;11,2,841323.7319648265,40000,881323.7319648265,709607.0596827122,0.805160503394946
1,phase-reversal,2,400,0.01,oracle,0,1;5,1,705707.0596827122,0,705707.0596827122,709607.0596827122,1.0055263723757468
1,phase-reversal,2,400,0.01,oracle,5000,1;5,1,705707.0596827122,5000,710707.0596827122,709607.0596827122,0.9984522455700791
1,phase-reversal,2,400,0.01,oracle,20000,1;5,1,705707.0596827122,20000,725707.0596827122,709607.0596827122,0.9778147397283979
1,phase-reversal,2,400,0.1,frequency,0,0;4,1,715007.0596827122,0,715007.0596827122,709607.0596827122,0.9924476270172825
1,phase-reversal,2,400,0.1,frequency,5000,0;4,1,715007.0596827122,5000,720007.0596827122,709607.0596827122,0.985555697183604
1,phase-reversal,2,400,0.1,frequency,20000,0;4,1,715007.0596827122,20000,735007.0596827122,709607.0596827122,0.965442508795814
1,phase-reversal,2,400,0.1,residual,0,8;11,2,840983.9244228133,0,840983.9244228133,709607.0596827122,0.8437819547736681
1,phase-reversal,2,400,0.1,residual,5000,8;11,2,840983.9244228133,10000,850983.9244228133,709607.0596827122,0.8338665858629573
1,phase-reversal,2,400,0.1,residual,20000,8;11,2,840983.9244228133,40000,880983.9244228133,709607.0596827122,0.8054710648070217
1,phase-reversal,2,400,0.1,oracle,0,1;5,1,705707.0596827122,0,705707.0596827122,709607.0596827122,1.0055263723757468
1,phase-reversal,2,400,0.1,oracle,5000,1;5,1,705707.0596827122,5000,710707.0596827122,709607.0596827122,0.9984522455700791
1,phase-reversal,2,400,0.1,oracle,20000,1;5,1,705707.0596827122,20000,725707.0596827122,709607.0596827122,0.9778147397283979
1,phase-reversal,2,400,1.0,frequency,0,4;6,2,721307.0596827122,0,721307.0596827122,709607.0596827122,0.983779446155502
1,phase-reversal,2,400,1.0,frequency,5000,4;6,2,721307.0596827122,10000,731307.0596827122,709607.0596827122,0.9703271017109901
1,phase-reversal,2,400,1.0,frequency,20000,4;6,2,721307.0596827122,40000,761307.0596827122,709607.0596827122,0.9320904760537136
1,phase-reversal,2,400,1.0,residual,0,9;12,2,841285.6474265087,0,841285.6474265087,709607.0596827122,0.8434793364814899
1,phase-reversal,2,400,1.0,residual,5000,9;12,2,841285.6474265087,10000,851285.6474265087,709607.0596827122,0.8335710367347318
1,phase-reversal,2,400,1.0,residual,20000,9;12,2,841285.6474265087,40000,881285.6474265087,709607.0596827122,0.8051952982042488
1,phase-reversal,2,400,1.0,oracle,0,1;5,1,705707.0596827122,0,705707.0596827122,709607.0596827122,1.0055263723757468
1,phase-reversal,2,400,1.0,oracle,5000,1;5,1,705707.0596827122,5000,710707.0596827122,709607.0596827122,0.9984522455700791
1,phase-reversal,2,400,1.0,oracle,20000,1;5,1,705707.0596827122,20000,725707.0596827122,709607.0596827122,0.9778147397283979
1,phase-reversal,4,200,0.01,frequency,0,0;1;3;9,1,404205.4423350942,0,404205.4423350942,383518.0926312978,0.9488197150827916
1,phase-reversal,4,200,0.01,frequency,5000,0;1;3;9,1,404205.4423350942,5000,409205.4423350942,383518.0926312978,0.9372262754932734
1,phase-reversal,4,200,0.01,frequency,20000,0;1;3;9,1,404205.4423350942,20000,424205.4423350942,383518.0926312978,0.904085743266688
1,phase-reversal,4,200,0.01,residual,0,8;9;11;13,4,471710.47334092617,0,471710.47334092617,383518.0926312978,0.8130370519759739
1,phase-reversal,4,200,0.01,residual,5000,8;9;11;13,4,471710.47334092617,20000,491710.47334092617,383518.0926312978,0.7799673047952074
1,phase-reversal,4,200,0.01,residual,20000,8;9;11;13,4,471710.47334092617,80000,551710.4733409262,383518.0926312978,0.6951437595680825
1,phase-reversal,4,200,0.01,oracle,0,0;1;3;5,1,380418.0926312978,0,380418.0926312978,383518.0926312978,1.008148928928584
1,phase-reversal,4,200,0.01,oracle,5000,0;1;3;5,1,380418.0926312978,5000,385418.0926312978,383518.0926312978,0.9950702885092174
1,phase-reversal,4,200,0.01,oracle,20000,0;1;3;5,1,380418.0926312978,20000,400418.0926312978,383518.0926312978,0.9577941149238693
1,phase-reversal,4,200,0.1,frequency,0,0;1;2;4,1,383818.0926312978,0,383818.0926312978,383518.0926312978,0.9992183797331092
1,phase-reversal,4,200,0.1,frequency,5000,0;1;2;4,1,383818.0926312978,5000,388818.0926312978,383518.0926312978,0.9863689470720546
1,phase-reversal,4,200,0.1,frequency,20000,0;1;2;4,1,383818.0926312978,20000,403818.0926312978,383518.0926312978,0.9497298403156623
1,phase-reversal,4,200,0.1,residual,0,8;11;12;15,4,471708.2706787228,0,471708.2706787228,383518.0926312978,0.8130408484877071
1,phase-reversal,4,200,0.1,residual,5000,8;11;12;15,4,471708.2706787228,20000,491708.2706787228,383518.0926312978,0.7799707987460001
1,phase-reversal,4,200,0.1,residual,20000,8;11;12;15,4,471708.2706787228,80000,551708.2706787228,383518.0926312978,0.6951465348878785
1,phase-reversal,4,200,0.1,oracle,0,0;1;3;5,1,380418.0926312978,0,380418.0926312978,383518.0926312978,1.008148928928584
1,phase-reversal,4,200,0.1,oracle,5000,0;1;3;5,1,380418.0926312978,5000,385418.0926312978,383518.0926312978,0.9950702885092174
1,phase-reversal,4,200,0.1,oracle,20000,0;1;3;5,1,380418.0926312978,20000,400418.0926312978,383518.0926312978,0.9577941149238693
1,phase-reversal,4,200,1.0,frequency,0,0;4;6;7,3,385618.0926312978,0,385618.0926312978,383518.0926312978,0.9945541974297148
1,phase-reversal,4,200,1.0,frequency,5000,0;4;6;7,3,385618.0926312978,15000,400618.0926312978,383518.0926312978,0.9573159567315456
1,phase-reversal,4,200,1.0,frequency,20000,0;4;6;7,3,385618.0926312978,60000,445618.0926312978,383518.0926312978,0.8606430012001751
1,phase-reversal,4,200,1.0,residual,0,8;9;11;12,4,471707.4599929989,0,471707.4599929989,383518.0926312978,0.8130422457957099
1,phase-reversal,4,200,1.0,residual,5000,8;9;11;12,4,471707.4599929989,20000,491707.4599929989,383518.0926312978,0.7799720846959664
1,phase-reversal,4,200,1.0,residual,20000,8;9;11;12,4,471707.4599929989,80000,551707.459992999,383518.0926312978,0.6951475563447421
1,phase-reversal,4,200,1.0,oracle,0,0;1;3;5,1,380418.0926312978,0,380418.0926312978,383518.0926312978,1.008148928928584
1,phase-reversal,4,200,1.0,oracle,5000,0;1;3;5,1,380418.0926312978,5000,385418.0926312978,383518.0926312978,0.9950702885092174
1,phase-reversal,4,200,1.0,oracle,20000,0;1;3;5,1,380418.0926312978,20000,400418.0926312978,383518.0926312978,0.9577941149238693
1,phase-reversal,4,300,0.01,frequency,0,0;1;3;9,1,519528.59750119835,0,519528.59750119835,478833.1103515132,0.9216684368378946
1,phase-reversal,4,300,0.01,frequency,5000,0;1;3;9,1,519528.59750119835,5000,524528.5975011983,478833.1103515132,0.9128827534525785
1,phase-reversal,4,300,0.01,frequency,20000,0;1;3;9,1,519528.59750119835,20000,539528.5975011983,478833.1103515132,0.8875027432636686
1,phase-reversal,4,300,0.01,residual,0,8;9;11;13,4,651431.2197901063,0,651431.2197901063,478833.1103515132,0.7350478389810594
1,phase-reversal,4,300,0.01,residual,5000,8;9;11;13,4,651431.2197901063,20000,671431.2197901063,478833.1103515132,0.7131528833306254
1,phase-reversal,4,300,0.01,residual,20000,8;9;11;13,4,651431.2197901063,80000,731431.2197901063,478833.1103515132,0.654652272689318
1,phase-reversal,4,300,0.01,oracle,0,0;1;3;5,1,472633.1103515132,0,472633.1103515132,478833.1103515132,1.0131179975846145
1,phase-reversal,4,300,0.01,oracle,5000,0;1;3;5,1,472633.1103515132,5000,477633.1103515132,478833.1103515132,1.0025123886388798
1,phase-reversal,4,300,0.01,oracle,20000,0;1;3;5,1,472633.1103515132,20000,492633.1103515132,478833.1103515132,0.9719872665681095
1,phase-reversal,4,300,0.1,frequency,0,0;1;2;4,1,479433.1103515132,0,479433.1103515132,478833.1103515132,0.9987485219793015
1,phase-reversal,4,300,0.1,frequency,5000,0;1;2;4,1,479433.1103515132,5000,484433.1103515132,478833.1103515132,0.9884400965162424
1,phase-reversal,4,300,0.1,frequency,20000,0;1;2;4,1,479433.1103515132,20000,499433.1103515132,478833.1103515132,0.9587532352720843
1,phase-reversal,4,300,0.1,residual,0,8;11;12;15,4,651390.8207821196,0,651390.8207821196,478833.1103515132,0.7350934263651154
1,phase-reversal,4,300,0.1,residual,5000,8;11;12;15,4,651390.8207821196,20000,671390.8207821196,478833.1103515132,0.713195795250386
1,phase-reversal,4,300,0.1,residual,20000,8;11;12;15,4,651390.8207821196,80000,731390.8207821196,478833.1103515132,0.6546884329768707
1,phase-reversal,4,300,0.1,oracle,0,0;1;3;5,1,472633.1103515132,0,472633.1103515132,478833.1103515132,1.0131179975846145
1,phase-reversal,4,300,0.1,oracle,5000,0;1;3;5,1,472633.1103515132,5000,477633.1103515132,478833.1103515132,1.0025123886388798
1,phase-reversal,4,300,0.1,oracle,20000,0;1;3;5,1,472633.1103515132,20000,492633.1103515132,478833.1103515132,0.9719872665681095
1,phase-reversal,4,300,1.0,frequency,0,0;4;6;7,3,483033.1103515132,0,483033.1103515132,478833.1103515132,0.9913049438848124
1,phase-reversal,4,300,1.0,frequency,5000,0;4;6;7,3,483033.1103515132,15000,498033.1103515132,478833.1103515132,0.9614483463028219
1,phase-reversal,4,300,1.0,frequency,20000,0;4;6;7,3,483033.1103515132,60000,543033.1103515131,478833.1103515132,0.881775164762159
1,phase-reversal,4,300,1.0,residual,0,8;9;11;12,4,651428.8426532282,0,651428.8426532282,478833.1103515132,0.7350505212530296
1,phase-reversal,4,300,1.0,residual,5000,8;9;11;12,4,651428.8426532282,20000,671428.8426532282,478833.1103515132,0.7131554081879312
1,phase-reversal,4,300,1.0,residual,20000,8;9;11;12,4,651428.8426532282,80000,731428.8426532282,478833.1103515132,0.6546544003030639
1,phase-reversal,4,300,1.0,oracle,0,0;1;3;5,1,472633.1103515132,0,472633.1103515132,478833.1103515132,1.0131179975846145
1,phase-reversal,4,300,1.0,oracle,5000,0;1;3;5,1,472633.1103515132,5000,477633.1103515132,478833.1103515132,1.0025123886388798
1,phase-reversal,4,300,1.0,oracle,20000,0;1;3;5,1,472633.1103515132,20000,492633.1103515132,478833.1103515132,0.9719872665681095
1,phase-reversal,4,400,0.01,frequency,0,0;1;3;9,1,642003.5370652324,0,642003.5370652324,582107.0596827122,0.9067038202681518
1,phase-reversal,4,400,0.01,frequency,5000,0;1;3;9,1,642003.5370652324,5000,647003.5370652324,582107.0596827122,0.8996968738735392
1,phase-reversal,4,400,0.01,frequency,20000,0;1;3;9,1,642003.5370652324,20000,662003.5370652324,582107.0596827122,0.8793111019667447
1,phase-reversal,4,400,0.01,residual,0,8;9;11;13,4,835371.6542381592,0,835371.6542381592,582107.0596827122,0.6968240503845934
1,phase-reversal,4,400,0.01,residual,5000,8;9;11;13,4,835371.6542381592,20000,855371.6542381592,582107.0596827122,0.6805311548477353
1,phase-reversal,4,400,0.01,residual,20000,8;9;11;13,4,835371.6542381592,80000,915371.6542381592,582107.0596827122,0.6359242794853477
1,phase-reversal,4,400,0.01,oracle,0,0;1;3;5,1,572807.0596827122,0,572807.0596827122,582107.0596827122,1.016235833415097
1,phase-reversal,4,400,0.01,oracle,5000,0;1;3;5,1,572807.0596827122,5000,577807.0596827122,582107.0596827122,1.0074419305336304
1,phase-reversal,4,400,0.01,oracle,20000,0;1;3;5,1,572807.0596827122,20000,592807.0596827122,582107.0596827122,0.9819502824313074
1,phase-reversal,4,400,0.1,frequency,0,0;1;2;4,1,583007.0596827122,0,583007.0596827122,582107.0596827122,0.9984562794136836
1,phase-reversal,4,400,0.1,frequency,5000,0;1;2;4,1,583007.0596827122,5000,588007.0596827122,582107.0596827122,0.9899661068641189
1,phase-reversal,4,400,0.1,frequency,20000,0;1;2;4,1,583007.0596827122,20000,603007.0596827122,582107.0596827122,0.9653403726135527
1,phase-reversal,4,400,0.1,residual,0,8;11;12;15,4,835165.5233271489,0,835165.5233271489,582107.0596827122,0.6969960366224202
1,phase-reversal,4,400,0.1,residual,5000,8;11;12;15,4,835165.5233271489,20000,855165.5233271489,582107.0596827122,0.6806951915202778
1,phase-reversal,4,400,0.1,residual,20000,8;11;12;15,4,835165.5233271489,80000,915165.5233271489,582107.0596827122,0.6360675143950144
1,phase-reversal,4,400,0.1,oracle,0,0;1;3;5,1,572807.0596827122,0,572807.0596827122,582107.0596827122,1.016235833415097
1,phase-reversal,4,400,0.1,oracle,5000,0;1;3;5,1,572807.0596827122,5000,577807.0596827122,582107.0596827122,1.0074419305336304
1,phase-reversal,4,400,0.1,oracle,20000,0;1;3;5,1,572807.0596827122,20000,592807.0596827122,582107.0596827122,0.9819502824313074
1,phase-reversal,4,400,1.0,frequency,0,0;4;6;7,3,588407.0596827122,0,588407.0596827122,582107.0596827122,0.9892931264227232
1,phase-reversal,4,400,1.0,frequency,5000,0;4;6;7,3,588407.0596827122,15000,603407.0596827122,582107.0596827122,0.9647004461445975
1,phase-reversal,4,400,1.0,frequency,20000,0;4;6;7,3,588407.0596827122,60000,648407.0596827122,582107.0596827122,0.8977494168054819
1,phase-reversal,4,400,1.0,residual,0,8;9;11;12,4,835262.5121666098,0,835262.5121666098,582107.0596827122,0.6969151029809408
1,phase-reversal,4,400,1.0,residual,5000,8;9;11;12,4,835262.5121666098,20000,855262.5121666098,582107.0596827122,0.6806179990376038
1,phase-reversal,4,400,1.0,residual,20000,8;9;11;12,4,835262.5121666098,80000,915262.5121666098,582107.0596827122,0.6360001113830699
1,phase-reversal,4,400,1.0,oracle,0,0;1;3;5,1,572807.0596827122,0,572807.0596827122,582107.0596827122,1.016235833415097
1,phase-reversal,4,400,1.0,oracle,5000,0;1;3;5,1,572807.0596827122,5000,577807.0596827122,582107.0596827122,1.0074419305336304
1,phase-reversal,4,400,1.0,oracle,20000,0;1;3;5,1,572807.0596827122,20000,592807.0596827122,582107.0596827122,0.9819502824313074
1,phase-reversal,8,200,0.01,frequency,0,0;1;2;3;5;8;9;11,3,359652.207297704,0,359652.207297704,296018.0926312978,0.8230676376365662
1,phase-reversal,8,200,0.01,frequency,5000,0;1;2;3;5;8;9;11,3,359652.207297704,15000,374652.207297704,296018.0926312978,0.790114369714837
1,phase-reversal,8,200,0.01,frequency,20000,0;1;2;3;5;8;9;11,3,359652.207297704,60000,419652.207297704,296018.0926312978,0.7053890995533372
1,phase-reversal,8,200,0.01,residual,0,1;5;8;9;10;11;13;15,6,424579.37109591777,0,424579.37109591777,296018.0926312978,0.6972031916369852
1,phase-reversal,8,200,0.01,residual,5000,1;5;8;9;10;11;13;15,6,424579.37109591777,30000,454579.37109591777,296018.0926312978,0.6511912142375617
1,phase-reversal,8,200,0.01,residual,20000,1;5;8;9;10;11;13;15,6,424579.37109591777,120000,544579.3710959178,296018.0926312978,0.5435719903153651
1,phase-reversal,8,200,0.01,oracle,0,0;1;2;3;4;5;6;7,0,296018.0926312978,0,296018.0926312978,296018.0926312978,1.0
1,phase-reversal,8,200,0.01,oracle,5000,0;1;2;3;4;5;6;7,0,296018.0926312978,0,296018.0926312978,296018.0926312978,1.0
1,phase-reversal,8,200,0.01,oracle,20000,0;1;2;3;4;5;6;7,0,296018.0926312978,0,296018.0926312978,296018.0926312978,1.0
1,phase-reversal,8,200,0.1,frequency,0,0;1;2;3;4;5;6;7,0,296018.0926312978,0,296018.0926312978,296018.0926312978,1.0
1,phase-reversal,8,200,0.1,frequency,5000,0;1;2;3;4;5;6;7,0,296018.0926312978,0,296018.0926312978,296018.0926312978,1.0
1,phase-reversal,8,200,0.1,frequency,20000,0;1;2;3;4;5;6;7,0,296018.0926312978,0,296018.0926312978,296018.0926312978,1.0
1,phase-reversal,8,200,0.1,residual,0,8;9;10;11;12;13;14;15,8,471600.0,0,471600.0,296018.0926312978,0.6276889156728114
1,phase-reversal,8,200,0.1,residual,5000,8;9;10;11;12;13;14;15,8,471600.0,40000,511600.0,296018.0926312978,0.5786123780908871
1,phase-reversal,8,200,0.1,residual,20000,8;9;10;11;12;13;14;15,8,471600.0,160000,631600.0,296018.0926312978,0.46867969067653237
1,phase-reversal,8,200,0.1,oracle,0,0;1;2;3;4;5;6;7,0,296018.0926312978,0,296018.0926312978,296018.0926312978,1.0
1,phase-reversal,8,200,0.1,oracle,5000,0;1;2;3;4;5;6;7,0,296018.0926312978,0,296018.0926312978,296018.0926312978,1.0
1,phase-reversal,8,200,0.1,oracle,20000,0;1;2;3;4;5;6;7,0,296018.0926312978,0,296018.0926312978,296018.0926312978,1.0
1,phase-reversal,8,200,1.0,frequency,0,0;1;2;3;4;5;6;7,0,296018.0926312978,0,296018.0926312978,296018.0926312978,1.0
1,phase-reversal,8,200,1.0,frequency,5000,0;1;2;3;4;5;6;7,0,296018.0926312978,0,296018.0926312978,296018.0926312978,1.0
1,phase-reversal,8,200,1.0,frequency,20000,0;1;2;3;4;5;6;7,0,296018.0926312978,0,296018.0926312978,296018.0926312978,1.0
1,phase-reversal,8,200,1.0,residual,0,8;9;10;11;12;13;14;15,8,471600.0,0,471600.0,296018.0926312978,0.6276889156728114
1,phase-reversal,8,200,1.0,residual,5000,8;9;10;11;12;13;14;15,8,471600.0,40000,511600.0,296018.0926312978,0.5786123780908871
1,phase-reversal,8,200,1.0,residual,20000,8;9;10;11;12;13;14;15,8,471600.0,160000,631600.0,296018.0926312978,0.46867969067653237
1,phase-reversal,8,200,1.0,oracle,0,0;1;2;3;4;5;6;7,0,296018.0926312978,0,296018.0926312978,296018.0926312978,1.0
1,phase-reversal,8,200,1.0,oracle,5000,0;1;2;3;4;5;6;7,0,296018.0926312978,0,296018.0926312978,296018.0926312978,1.0
1,phase-reversal,8,200,1.0,oracle,20000,0;1;2;3;4;5;6;7,0,296018.0926312978,0,296018.0926312978,296018.0926312978,1.0
1,phase-reversal,8,300,0.01,frequency,0,0;1;2;3;5;8;9;11,3,428431.6464350521,0,428431.6464350521,303833.11035151326,0.7091752275530671
1,phase-reversal,8,300,0.01,frequency,5000,0;1;2;3;5;8;9;11,3,428431.6464350521,15000,443431.6464350521,303833.11035151326,0.6851858968437757
1,phase-reversal,8,300,0.01,frequency,20000,0;1;2;3;5;8;9;11,3,428431.6464350521,60000,488431.6464350521,303833.11035151326,0.6220586085465997
1,phase-reversal,8,300,0.01,residual,0,1;3;8;9;10;11;13;15,6,559629.6024712026,0,559629.6024712026,303833.11035151326,0.5429182248577493
1,phase-reversal,8,300,0.01,residual,5000,1;3;8;9;10;11;13;15,6,559629.6024712026,30000,589629.6024712026,303833.11035151326,0.5152948716925256
1,phase-reversal,8,300,0.01,residual,20000,1;3;8;9;10;11;13;15,6,559629.6024712026,120000,679629.6024712026,303833.11035151326,0.44705691047998064
1,phase-reversal,8,300,0.01,oracle,0,0;1;2;3;4;5;6;7,0,303833.11035151326,0,303833.11035151326,303833.11035151326,1.0
1,phase-reversal,8,300,0.01,oracle,5000,0;1;2;3;4;5;6;7,0,303833.11035151326,0,303833.11035151326,303833.11035151326,1.0
1,phase-reversal,8,300,0.01,oracle,20000,0;1;2;3;4;5;6;7,0,303833.11035151326,0,303833.11035151326,303833.11035151326,1.0
1,phase-reversal,8,300,0.1,frequency,0,0;1;2;3;4;5;6;7,0,303833.11035151326,0,303833.11035151326,303833.11035151326,1.0
1,phase-reversal,8,300,0.1,frequency,5000,0;1;2;3;4;5;6;7,0,303833.11035151326,0,303833.11035151326,303833.11035151326,1.0
1,phase-reversal,8,300,0.1,frequency,20000,0;1;2;3;4;5;6;7,0,303833.11035151326,0,303833.11035151326,303833.11035151326,1.0
1,phase-reversal,8,300,0.1,residual,0,8;9;10;11;12;13;14;15,8,647400.0,0,647400.0,303833.11035151326,0.469312805609381
1,phase-reversal,8,300,0.1,residual,5000,8;9;10;11;12;13;14;15,8,647400.0,40000,687400.0,303833.11035151326,0.44200336100016474
1,phase-reversal,8,300,0.1,residual,20000,8;9;10;11;12;13;14;15,8,647400.0,160000,807400.0,303833.11035151326,0.3763105156694492
1,phase-reversal,8,300,0.1,oracle,0,0;1;2;3;4;5;6;7,0,303833.11035151326,0,303833.11035151326,303833.11035151326,1.0
1,phase-reversal,8,300,0.1,oracle,5000,0;1;2;3;4;5;6;7,0,303833.11035151326,0,303833.11035151326,303833.11035151326,1.0
1,phase-reversal,8,300,0.1,oracle,20000,0;1;2;3;4;5;6;7,0,303833.11035151326,0,303833.11035151326,303833.11035151326,1.0
1,phase-reversal,8,300,1.0,frequency,0,0;1;2;3;4;5;6;7,0,303833.11035151326,0,303833.11035151326,303833.11035151326,1.0
1,phase-reversal,8,300,1.0,frequency,5000,0;1;2;3;4;5;6;7,0,303833.11035151326,0,303833.11035151326,303833.11035151326,1.0
1,phase-reversal,8,300,1.0,frequency,20000,0;1;2;3;4;5;6;7,0,303833.11035151326,0,303833.11035151326,303833.11035151326,1.0
1,phase-reversal,8,300,1.0,residual,0,8;9;10;11;12;13;14;15,8,647400.0,0,647400.0,303833.11035151326,0.469312805609381
1,phase-reversal,8,300,1.0,residual,5000,8;9;10;11;12;13;14;15,8,647400.0,40000,687400.0,303833.11035151326,0.44200336100016474
1,phase-reversal,8,300,1.0,residual,20000,8;9;10;11;12;13;14;15,8,647400.0,160000,807400.0,303833.11035151326,0.3763105156694492
1,phase-reversal,8,300,1.0,oracle,0,0;1;2;3;4;5;6;7,0,303833.11035151326,0,303833.11035151326,303833.11035151326,1.0
1,phase-reversal,8,300,1.0,oracle,5000,0;1;2;3;4;5;6;7,0,303833.11035151326,0,303833.11035151326,303833.11035151326,1.0
1,phase-reversal,8,300,1.0,oracle,20000,0;1;2;3;4;5;6;7,0,303833.11035151326,0,303833.11035151326,303833.11035151326,1.0
1,phase-reversal,8,400,0.01,frequency,0,0;1;2;3;5;8;9;11,3,502480.4018053336,0,502480.4018053336,319607.0596827122,0.6360587567881532
1,phase-reversal,8,400,0.01,frequency,5000,0;1;2;3;5;8;9;11,3,502480.4018053336,15000,517480.4018053336,319607.0596827122,0.6176215728512601
1,phase-reversal,8,400,0.01,frequency,20000,0;1;2;3;5;8;9;11,3,502480.4018053336,60000,562480.4018053336,319607.0596827122,0.5682101254673112
1,phase-reversal,8,400,0.01,residual,0,1;3;8;9;10;11;13;15,6,695149.8556476654,0,695149.8556476654,319607.0596827122,0.4597671381013766
1,phase-reversal,8,400,0.01,residual,5000,1;3;8;9;10;11;13;15,6,695149.8556476654,30000,725149.8556476654,319607.0596827122,0.44074622258216695
1,phase-reversal,8,400,0.01,residual,20000,1;3;8;9;10;11;13;15,6,695149.8556476654,120000,815149.8556476654,319607.0596827122,0.39208380823274885
1,phase-reversal,8,400,0.01,oracle,0,0;1;2;3;4;5;6;7,0,319607.0596827122,0,319607.0596827122,319607.0596827122,1.0
1,phase-reversal,8,400,0.01,oracle,5000,0;1;2;3;4;5;6;7,0,319607.0596827122,0,319607.0596827122,319607.0596827122,1.0
1,phase-reversal,8,400,0.01,oracle,20000,0;1;2;3;4;5;6;7,0,319607.0596827122,0,319607.0596827122,319607.0596827122,1.0
1,phase-reversal,8,400,0.1,frequency,0,0;1;2;3;4;5;6;7,0,319607.0596827122,0,319607.0596827122,319607.0596827122,1.0
1,phase-reversal,8,400,0.1,frequency,5000,0;1;2;3;4;5;6;7,0,319607.0596827122,0,319607.0596827122,319607.0596827122,1.0
1,phase-reversal,8,400,0.1,frequency,20000,0;1;2;3;4;5;6;7,0,319607.0596827122,0,319607.0596827122,319607.0596827122,1.0
1,phase-reversal,8,400,0.1,residual,0,8;9;10;11;12;13;14;15,8,823200.0,0,823200.0,319607.0596827122,0.388249586592216
1,phase-reversal,8,400,0.1,residual,5000,8;9;10;11;12;13;14;15,8,823200.0,40000,863200.0,319607.0596827122,0.3702584101977667
1,phase-reversal,8,400,0.1,residual,20000,8;9;10;11;12;13;14;15,8,823200.0,160000,983200.0,319607.0596827122,0.32506820553571214
1,phase-reversal,8,400,0.1,oracle,0,0;1;2;3;4;5;6;7,0,319607.0596827122,0,319607.0596827122,319607.0596827122,1.0
1,phase-reversal,8,400,0.1,oracle,5000,0;1;2;3;4;5;6;7,0,319607.0596827122,0,319607.0596827122,319607.0596827122,1.0
1,phase-reversal,8,400,0.1,oracle,20000,0;1;2;3;4;5;6;7,0,319607.0596827122,0,319607.0596827122,319607.0596827122,1.0
1,phase-reversal,8,400,1.0,frequency,0,0;1;2;3;4;5;6;7,0,319607.0596827122,0,319607.0596827122,319607.0596827122,1.0
1,phase-reversal,8,400,1.0,frequency,5000,0;1;2;3;4;5;6;7,0,319607.0596827122,0,319607.0596827122,319607.0596827122,1.0
1,phase-reversal,8,400,1.0,frequency,20000,0;1;2;3;4;5;6;7,0,319607.0596827122,0,319607.0596827122,319607.0596827122,1.0
1,phase-reversal,8,400,1.0,residual,0,8;9;10;11;12;13;14;15,8,823200.0,0,823200.0,319607.0596827122,0.388249586592216
1,phase-reversal,8,400,1.0,residual,5000,8;9;10;11;12;13;14;15,8,823200.0,40000,863200.0,319607.0596827122,0.3702584101977667
1,phase-reversal,8,400,1.0,residual,20000,8;9;10;11;12;13;14;15,8,823200.0,160000,983200.0,319607.0596827122,0.32506820553571214
1,phase-reversal,8,400,1.0,oracle,0,0;1;2;3;4;5;6;7,0,319607.0596827122,0,319607.0596827122,319607.0596827122,1.0
1,phase-reversal,8,400,1.0,oracle,5000,0;1;2;3;4;5;6;7,0,319607.0596827122,0,319607.0596827122,319607.0596827122,1.0
1,phase-reversal,8,400,1.0,oracle,20000,0;1;2;3;4;5;6;7,0,319607.0596827122,0,319607.0596827122,319607.0596827122,1.0
2,frequency-aligned,2,200,0.01,frequency,0,1;14,1,570700.0,0,570700.0,556400.0,0.9749430523917996
2,frequency-aligned,2,200,0.01,frequency,5000,1;14,1,570700.0,5000,575700.0,556400.0,0.9664755949279138
2,frequency-aligned,2,200,0.01,frequency,20000,1;14,1,570700.0,20000,590700.0,556400.0,0.9419332994751989
2,frequency-aligned,2,200,0.01,residual,0,1;14,1,570700.0,0,570700.0,556400.0,0.9749430523917996
2,frequency-aligned,2,200,0.01,residual,5000,1;14,1,570700.0,5000,575700.0,556400.0,0.9664755949279138
2,frequency-aligned,2,200,0.01,residual,20000,1;14,1,570700.0,20000,590700.0,556400.0,0.9419332994751989
2,frequency-aligned,2,200,0.01,oracle,0,0;7,1,554900.0,0,554900.0,556400.0,1.0027031897639214
2,frequency-aligned,2,200,0.01,oracle,5000,0;7,1,554900.0,5000,559900.0,556400.0,0.9937488837292373
2,frequency-aligned,2,200,0.01,oracle,20000,0;7,1,554900.0,20000,574900.0,556400.0,0.9678204905200904
2,frequency-aligned,2,200,0.1,frequency,0,3;5,2,558100.0,0,558100.0,556400.0,0.9969539509048557
2,frequency-aligned,2,200,0.1,frequency,5000,3;5,2,558100.0,10000,568100.0,556400.0,0.9794050343249427
2,frequency-aligned,2,200,0.1,frequency,20000,3;5,2,558100.0,40000,598100.0,556400.0,0.9302792175221535
2,frequency-aligned,2,200,0.1,residual,0,3;5,2,558100.0,0,558100.0,556400.0,0.9969539509048557
2,frequency-aligned,2,200,0.1,residual,5000,3;5,2,558100.0,10000,568100.0,556400.0,0.9794050343249427
2,frequency-aligned,2,200,0.1,residual,20000,3;5,2,558100.0,40000,598100.0,556400.0,0.9302792175221535
2,frequency-aligned,2,200,0.1,oracle,0,0;7,1,554900.0,0,554900.0,556400.0,1.0027031897639214
2,frequency-aligned,2,200,0.1,oracle,5000,0;7,1,554900.0,5000,559900.0,556400.0,0.9937488837292373
2,frequency-aligned,2,200,0.1,oracle,20000,0;7,1,554900.0,20000,574900.0,556400.0,0.9678204905200904
2,frequency-aligned,2,200,1.0,frequency,0,2;4,2,557900.0,0,557900.0,556400.0,0.9973113461193762
2,frequency-aligned,2,200,1.0,frequency,5000,2;4,2,557900.0,10000,567900.0,556400.0,0.9797499559781652
2,frequency-aligned,2,200,1.0,frequency,20000,2;4,2,557900.0,40000,597900.0,556400.0,0.9305903997323968
2,frequency-aligned,2,200,1.0,residual,0,2;4,2,557900.0,0,557900.0,556400.0,0.9973113461193762
2,frequency-aligned,2,200,1.0,residual,5000,2;4,2,557900.0,10000,567900.0,556400.0,0.9797499559781652
2,frequency-aligned,2,200,1.0,residual,20000,2;4,2,557900.0,40000,597900.0,556400.0,0.9305903997323968
2,frequency-aligned,2,200,1.0,oracle,0,0;7,1,554900.0,0,554900.0,556400.0,1.0027031897639214
2,frequency-aligned,2,200,1.0,oracle,5000,0;7,1,554900.0,5000,559900.0,556400.0,0.9937488837292373
2,frequency-aligned,2,200,1.0,oracle,20000,0;7,1,554900.0,20000,574900.0,556400.0,0.9678204905200904
2,frequency-aligned,2,300,0.01,frequency,0,1;14,1,781400.0,0,781400.0,752800.0,0.9633990273867418
2,frequency-aligned,2,300,0.01,frequency,5000,1;14,1,781400.0,5000,786400.0,752800.0,0.9572736520854527
2,frequency-aligned,2,300,0.01,frequency,20000,1;14,1,781400.0,20000,801400.0,752800.0,0.9393561267781383
2,frequency-aligned,2,300,0.01,residual,0,1;14,1,781400.0,0,781400.0,752800.0,0.9633990273867418
2,frequency-aligned,2,300,0.01,residual,5000,1;14,1,781400.0,5000,786400.0,752800.0,0.9572736520854527
2,frequency-aligned,2,300,0.01,residual,20000,1;14,1,781400.0,20000,801400.0,752800.0,0.9393561267781383
2,frequency-aligned,2,300,0.01,oracle,0,0;7,1,749800.0,0,749800.0,752800.0,1.004001066951187
2,frequency-aligned,2,300,0.01,oracle,5000,0;7,1,749800.0,5000,754800.0,752800.0,0.9973502914679385
2,frequency-aligned,2,300,0.01,oracle,20000,0;7,1,749800.0,20000,769800.0,752800.0,0.9779163419069888
2,frequency-aligned,2,300,0.1,frequency,0,3;5,2,756200.0,0,756200.0,752800.0,0.9955038349642952
2,frequency-aligned,2,300,0.1,frequency,5000,3;5,2,756200.0,10000,766200.0,752800.0,0.9825110937092143
2,frequency-aligned,2,300,0.1,frequency,20000,3;5,2,756200.0,40000,796200.0,752800.0,0.9454910826425521
2,frequency-aligned,2,300,0.1,residual,0,3;5,2,756200.0,0,756200.0,752800.0,0.9955038349642952
2,frequency-aligned,2,300,0.1,residual,5000,3;5,2,756200.0,10000,766200.0,752800.0,0.9825110937092143
2,frequency-aligned,2,300,0.1,residual,20000,3;5,2,756200.0,40000,796200.0,752800.0,0.9454910826425521
2,frequency-aligned,2,300,0.1,oracle,0,0;7,1,749800.0,0,749800.0,752800.0,1.004001066951187
2,frequency-aligned,2,300,0.1,oracle,5000,0;7,1,749800.0,5000,754800.0,752800.0,0.9973502914679385
2,frequency-aligned,2,300,0.1,oracle,20000,0;7,1,749800.0,20000,769800.0,752800.0,0.9779163419069888
2,frequency-aligned,2,300,1.0,frequency,0,2;4,2,755800.0,0,755800.0,752800.0,0.9960306959513099
2,frequency-aligned,2,300,1.0,frequency,5000,2;4,2,755800.0,10000,765800.0,752800.0,0.9830242883259337
2,frequency-aligned,2,300,1.0,frequency,20000,2;4,2,755800.0,40000,795800.0,752800.0,0.9459663231967831
2,frequency-aligned,2,300,1.0,residual,0,2;4,2,755800.0,0,755800.0,752800.0,0.9960306959513099
2,frequency-aligned,2,300,1.0,residual,5000,2;4,2,755800.0,10000,765800.0,752800.0,0.9830242883259337
2,frequency-aligned,2,300,1.0,residual,20000,2;4,2,755800.0,40000,795800.0,752800.0,0.9459663231967831
2,frequency-aligned,2,300,1.0,oracle,0,0;7,1,749800.0,0,749800.0,752800.0,1.004001066951187
2,frequency-aligned,2,300,1.0,oracle,5000,0;7,1,749800.0,5000,754800.0,752800.0,0.9973502914679385
2,frequency-aligned,2,300,1.0,oracle,20000,0;7,1,749800.0,20000,769800.0,752800.0,0.9779163419069888
2,frequency-aligned,2,400,0.01,frequency,0,1;14,1,992100.0,0,992100.0,949200.0,0.9567583912912004
2,frequency-aligned,2,400,0.01,frequency,5000,1;14,1,992100.0,5000,997100.0,949200.0,0.9519606859893691
2,frequency-aligned,2,400,0.01,frequency,20000,1;14,1,992100.0,20000,1012100.0,949200.0,0.9378519909099892
2,frequency-aligned,2,400,0.01,residual,0,1;14,1,992100.0,0,992100.0,949200.0,0.9567583912912004
2,frequency-aligned,2,400,0.01,residual,5000,1;14,1,992100.0,5000,997100.0,949200.0,0.9519606859893691
2,frequency-aligned,2,400,0.01,residual,20000,1;14,1,992100.0,20000,1012100.0,949200.0,0.9378519909099892
2,frequency-aligned,2,400,0.01,oracle,0,0;7,1,944700.0,0,944700.0,949200.0,1.0047634169577644
2,frequency-aligned,2,400,0.01,oracle,5000,0;7,1,944700.0,5000,949700.0,949200.0,0.9994735179530378
2,frequency-aligned,2,400,0.01,oracle,20000,0;7,1,944700.0,20000,964700.0,949200.0,0.9839328288587126
2,frequency-aligned,2,400,0.1,frequency,0,3;5,2,954300.0,0,954300.0,949200.0,0.9946557686262182
2,frequency-aligned,2,400,0.1,frequency,5000,3;5,2,954300.0,10000,964300.0,949200.0,0.98434097272633
2,frequency-aligned,2,400,0.1,frequency,20000,3;5,2,954300.0,40000,994300.0,949200.0,0.9546414563009152
2,frequency-aligned,2,400,0.1,residual,0,3;5,2,954300.0,0,954300.0,949200.0,0.9946557686262182
2,frequency-aligned,2,400,0.1,residual,5000,3;5,2,954300.0,10000,964300.0,949200.0,0.98434097272633
2,frequency-aligned,2,400,0.1,residual,20000,3;5,2,954300.0,40000,994300.0,949200.0,0.9546414563009152
2,frequency-aligned,2,400,0.1,oracle,0,0;7,1,944700.0,0,944700.0,949200.0,1.0047634169577644
2,frequency-aligned,2,400,0.1,oracle,5000,0;7,1,944700.0,5000,949700.0,949200.0,0.9994735179530378
2,frequency-aligned,2,400,0.1,oracle,20000,0;7,1,944700.0,20000,964700.0,949200.0,0.9839328288587126
2,frequency-aligned,2,400,1.0,frequency,0,2;4,2,953700.0,0,953700.0,949200.0,0.9952815350739226
2,frequency-aligned,2,400,1.0,frequency,5000,2;4,2,953700.0,10000,963700.0,949200.0,0.9849538238040884
2,frequency-aligned,2,400,1.0,frequency,20000,2;4,2,953700.0,40000,993700.0,949200.0,0.9552178725973633
2,frequency-aligned,2,400,1.0,residual,0,2;4,2,953700.0,0,953700.0,949200.0,0.9952815350739226
2,frequency-aligned,2,400,1.0,residual,5000,2;4,2,953700.0,10000,963700.0,949200.0,0.9849538238040884
2,frequency-aligned,2,400,1.0,residual,20000,2;4,2,953700.0,40000,993700.0,949200.0,0.9552178725973633
2,frequency-aligned,2,400,1.0,oracle,0,0;7,1,944700.0,0,944700.0,949200.0,1.0047634169577644
2,frequency-aligned,2,400,1.0,oracle,5000,0;7,1,944700.0,5000,949700.0,949200.0,0.9994735179530378
2,frequency-aligned,2,400,1.0,oracle,20000,0;7,1,944700.0,20000,964700.0,949200.0,0.9839328288587126
2,frequency-aligned,4,200,0.01,frequency,0,1;2;3;14,1,528200.0,0,528200.0,513900.0,0.9729269216205982
2,frequency-aligned,4,200,0.01,frequency,5000,1;2;3;14,1,528200.0,5000,533200.0,513900.0,0.9638034508627157
2,frequency-aligned,4,200,0.01,frequency,20000,1;2;3;14,1,528200.0,20000,548200.0,513900.0,0.9374315943086465
2,frequency-aligned,4,200,0.01,residual,0,1;2;3;14,1,528200.0,0,528200.0,513900.0,0.9729269216205982
2,frequency-aligned,4,200,0.01,residual,5000,1;2;3;14,1,528200.0,5000,533200.0,513900.0,0.9638034508627157
2,frequency-aligned,4,200,0.01,residual,20000,1;2;3;14,1,528200.0,20000,548200.0,513900.0,0.9374315943086465
2,frequency-aligned,4,200,0.01,oracle,0,0;1;3;7,1,512000.0,0,512000.0,513900.0,1.0037109375
2,frequency-aligned,4,200,0.01,oracle,5000,0;1;3;7,1,512000.0,5000,517000.0,513900.0,0.9940038684719535
2,frequency-aligned,4,200,0.01,oracle,20000,0;1;3;7,1,512000.0,20000,532000.0,513900.0,0.9659774436090226
2,frequency-aligned,4,200,0.1,frequency,0,0;3;5;7,2,513000.0,0,513000.0,513900.0,1.0017543859649123
2,frequency-aligned,4,200,0.1,frequency,5000,0;3;5;7,2,513000.0,10000,523000.0,513900.0,0.9826003824091778
2,frequency-aligned,4,200,0.1,frequency,20000,0;3;5;7,2,513000.0,40000,553000.0,513900.0,0.9292947558770344
2,frequency-aligned,4,200,0.1,residual,0,0;3;5;7,2,513000.0,0,513000.0,513900.0,1.0017543859649123
2,frequency-aligned,4,200,0.1,residual,5000,0;3;5;7,2,513000.0,10000,523000.0,513900.0,0.9826003824091778
2,frequency-aligned,4,200,0.1,residual,20000,0;3;5;7,2,513000.0,40000,553000.0,513900.0,0.9292947558770344
2,frequency-aligned,4,200,0.1,oracle,0,0;1;3;7,1,512000.0,0,512000.0,513900.0,1.0037109375
2,frequency-aligned,4,200,0.1,oracle,5000,0;1;3;7,1,512000.0,5000,517000.0,513900.0,0.9940038684719535
2,frequency-aligned,4,200,0.1,oracle,20000,0;1;3;7,1,512000.0,20000,532000.0,513900.0,0.9659774436090226
2,frequency-aligned,4,200,1.0,frequency,0,0;2;4;5,2,515300.0,0,515300.0,513900.0,0.9972831360372598
2,frequency-aligned,4,200,1.0,frequency,5000,0;2;4;5,2,515300.0,10000,525300.0,513900.0,0.9782981153626499
2,frequency-aligned,4,200,1.0,frequency,20000,0;2;4;5,2,515300.0,40000,555300.0,513900.0,0.9254457050243112
2,frequency-aligned,4,200,1.0,residual,0,0;2;4;5,2,515300.0,0,515300.0,513900.0,0.9972831360372598
2,frequency-aligned,4,200,1.0,residual,5000,0;2;4;5,2,515300.0,10000,525300.0,513900.0,0.9782981153626499
2,frequency-aligned,4,200,1.0,residual,20000,0;2;4;5,2,515300.0,40000,555300.0,513900.0,0.9254457050243112
2,frequency-aligned,4,200,1.0,oracle,0,0;1;3;7,1,512000.0,0,512000.0,513900.0,1.0037109375
2,frequency-aligned,4,200,1.0,oracle,5000,0;1;3;7,1,512000.0,5000,517000.0,513900.0,0.9940038684719535
2,frequency-aligned,4,200,1.0,oracle,20000,0;1;3;7,1,512000.0,20000,532000.0,513900.0,0.9659774436090226
2,frequency-aligned,4,300,0.01,frequency,0,1;2;3;14,1,696400.0,0,696400.0,667800.0,0.9589316484778863
2,frequency-aligned,4,300,0.01,frequency,5000,1;2;3;14,1,696400.0,5000,701400.0,667800.0,0.9520958083832335
2,frequency-aligned,4,300,0.01,frequency,20000,1;2;3;14,1,696400.0,20000,716400.0,667800.0,0.9321608040201005
2,frequency-aligned,4,300,0.01,residual,0,1;2;3;14,1,696400.0,0,696400.0,667800.0,0.9589316484778863
2,frequency-aligned,4,300,0.01,residual,5000,1;2;3;14,1,696400.0,5000,701400.0,667800.0,0.9520958083832335
2,frequency-aligned,4,300,0.01,residual,20000,1;2;3;14,1,696400.0,20000,716400.0,667800.0,0.9321608040201005
2,frequency-aligned,4,300,0.01,oracle,0,0;1;3;7,1,664000.0,0,664000.0,667800.0,1.005722891566265
2,frequency-aligned,4,300,0.01,oracle,5000,0;1;3;7,1,664000.0,5000,669000.0,667800.0,0.9982062780269059
2,frequency-aligned,4,300,0.01,oracle,20000,0;1;3;7,1,664000.0,20000,684000.0,667800.0,0.9763157894736842
2,frequency-aligned,4,300,0.1,frequency,0,0;3;5;7,2,666000.0,0,666000.0,667800.0,1.0027027027027027
2,frequency-aligned,4,300,0.1,frequency,5000,0;3;5;7,2,666000.0,10000,676000.0,667800.0,0.987869822485207
2,frequency-aligned,4,300,0.1,frequency,20000,0;3;5;7,2,666000.0,40000,706000.0,667800.0,0.9458923512747875
2,frequency-aligned,4,300,0.1,residual,0,0;3;5;7,2,666000.0,0,666000.0,667800.0,1.0027027027027027
2,frequency-aligned,4,300,0.1,residual,5000,0;3;5;7,2,666000.0,10000,676000.0,667800.0,0.987869822485207
2,frequency-aligned,4,300,0.1,residual,20000,0;3;5;7,2,666000.0,40000,706000.0,667800.0,0.9458923512747875
2,frequency-aligned,4,300,0.1,oracle,0,0;1;3;7,1,664000.0,0,664000.0,667800.0,1.005722891566265
2,frequency-aligned,4,300,0.1,oracle,5000,0;1;3;7,1,664000.0,5000,669000.0,667800.0,0.9982062780269059
2,frequency-aligned,4,300,0.1,oracle,20000,0;1;3;7,1,664000.0,20000,684000.0,667800.0,0.9763157894736842
2,frequency-aligned,4,300,1.0,frequency,0,0;2;4;5,2,670600.0,0,670600.0,667800.0,0.9958246346555324
2,frequency-aligned,4,300,1.0,frequency,5000,0;2;4;5,2,670600.0,10000,680600.0,667800.0,0.9811930649426976
2,frequency-aligned,4,300,1.0,frequency,20000,0;2;4;5,2,670600.0,40000,710600.0,667800.0,0.9397692091190544
2,frequency-aligned,4,300,1.0,residual,0,0;2;4;5,2,670600.0,0,670600.0,667800.0,0.9958246346555324
2,frequency-aligned,4,300,1.0,residual,5000,0;2;4;5,2,670600.0,10000,680600.0,667800.0,0.9811930649426976
2,frequency-aligned,4,300,1.0,residual,20000,0;2;4;5,2,670600.0,40000,710600.0,667800.0,0.9397692091190544
2,frequency-aligned,4,300,1.0,oracle,0,0;1;3;7,1,664000.0,0,664000.0,667800.0,1.005722891566265
2,frequency-aligned,4,300,1.0,oracle,5000,0;1;3;7,1,664000.0,5000,669000.0,667800.0,0.9982062780269059
2,frequency-aligned,4,300,1.0,oracle,20000,0;1;3;7,1,664000.0,20000,684000.0,667800.0,0.9763157894736842
2,frequency-aligned,4,400,0.01,frequency,0,1;2;3;14,1,864600.0,0,864600.0,821700.0,0.950381679389313
2,frequency-aligned,4,400,0.01,frequency,5000,1;2;3;14,1,864600.0,5000,869600.0,821700.0,0.9449172033118676
2,frequency-aligned,4,400,0.01,frequency,20000,1;2;3;14,1,864600.0,20000,884600.0,821700.0,0.9288944155550531
2,frequency-aligned,4,400,0.01,residual,0,1;2;3;14,1,864600.0,0,864600.0,821700.0,0.950381679389313
2,frequency-aligned,4,400,0.01,residual,5000,1;2;3;14,1,864600.0,5000,869600.0,821700.0,0.9449172033118676
2,frequency-aligned,4,400,0.01,residual,20000,1;2;3;14,1,864600.0,20000,884600.0,821700.0,0.9288944155550531
2,frequency-aligned,4,400,0.01,oracle,0,0;1;3;7,1,816000.0,0,816000.0,821700.0,1.0069852941176471
2,frequency-aligned,4,400,0.01,oracle,5000,0;1;3;7,1,816000.0,5000,821000.0,821700.0,1.0008526187576128
2,frequency-aligned,4,400,0.01,oracle,20000,0;1;3;7,1,816000.0,20000,836000.0,821700.0,0.9828947368421053
2,frequency-aligned,4,400,0.1,frequency,0,0;3;5;7,2,819000.0,0,819000.0,821700.0,1.0032967032967033
2,frequency-aligned,4,400,0.1,frequency,5000,0;3;5;7,2,819000.0,10000,829000.0,821700.0,0.9911942098914355
2,frequency-aligned,4,400,0.1,frequency,20000,0;3;5;7,2,819000.0,40000,859000.0,821700.0,0.9565774155995344
2,frequency-aligned,4,400,0.1,residual,0,0;3;5;7,2,819000.0,0,819000.0,821700.0,1.0032967032967033
2,frequency-aligned,4,400,0.1,residual,5000,0;3;5;7,2,819000.0,10000,829000.0,821700.0,0.9911942098914355
2,frequency-aligned,4,400,0.1,residual,20000,0;3;5;7,2,819000.0,40000,859000.0,821700.0,0.9565774155995344
2,frequency-aligned,4,400,0.1,oracle,0,0;1;3;7,1,816000.0,0,816000.0,821700.0,1.0069852941176471
2,frequency-aligned,4,400,0.1,oracle,5000,0;1;3;7,1,816000.0,5000,821000.0,821700.0,1.0008526187576128
2,frequency-aligned,4,400,0.1,oracle,20000,0;1;3;7,1,816000.0,20000,836000.0,821700.0,0.9828947368421053
2,frequency-aligned,4,400,1.0,frequency,0,0;2;4;5,2,825900.0,0,825900.0,821700.0,0.9949146385760989
2,frequency-aligned,4,400,1.0,frequency,5000,0;2;4;5,2,825900.0,10000,835900.0,821700.0,0.9830123220480919
2,frequency-aligned,4,400,1.0,frequency,20000,0;2;4;5,2,825900.0,40000,865900.0,821700.0,0.9489548446702852
2,frequency-aligned,4,400,1.0,residual,0,0;2;4;5,2,825900.0,0,825900.0,821700.0,0.9949146385760989
2,frequency-aligned,4,400,1.0,residual,5000,0;2;4;5,2,825900.0,10000,835900.0,821700.0,0.9830123220480919
2,frequency-aligned,4,400,1.0,residual,20000,0;2;4;5,2,825900.0,40000,865900.0,821700.0,0.9489548446702852
2,frequency-aligned,4,400,1.0,oracle,0,0;1;3;7,1,816000.0,0,816000.0,821700.0,1.0069852941176471
2,frequency-aligned,4,400,1.0,oracle,5000,0;1;3;7,1,816000.0,5000,821000.0,821700.0,1.0008526187576128
2,frequency-aligned,4,400,1.0,oracle,20000,0;1;3;7,1,816000.0,20000,836000.0,821700.0,0.9828947368421053
2,frequency-aligned,8,200,0.01,frequency,0,0;1;2;3;5;7;13;14,2,452000.0,0,452000.0,428700.0,0.9484513274336284
2,frequency-aligned,8,200,0.01,frequency,5000,0;1;2;3;5;7;13;14,2,452000.0,10000,462000.0,428700.0,0.9279220779220779
2,frequency-aligned,8,200,0.01,frequency,20000,0;1;2;3;5;7;13;14,2,452000.0,40000,492000.0,428700.0,0.8713414634146341
2,frequency-aligned,8,200,0.01,residual,0,0;1;2;3;5;7;13;14,2,452000.0,0,452000.0,428700.0,0.9484513274336284
2,frequency-aligned,8,200,0.01,residual,5000,0;1;2;3;5;7;13;14,2,452000.0,10000,462000.0,428700.0,0.9279220779220779
2,frequency-aligned,8,200,0.01,residual,20000,0;1;2;3;5;7;13;14,2,452000.0,40000,492000.0,428700.0,0.8713414634146341
2,frequency-aligned,8,200,0.01,oracle,0,0;1;2;3;4;5;6;7,0,428700.0,0,428700.0,428700.0,1.0
2,frequency-aligned,8,200,0.01,oracle,5000,0;1;2;3;4;5;6;7,0,428700.0,0,428700.0,428700.0,1.0
2,frequency-aligned,8,200,0.01,oracle,20000,0;1;2;3;4;5;6;7,0,428700.0,0,428700.0,428700.0,1.0
2,frequency-aligned,8,200,0.1,frequency,0,0;1;2;3;4;5;6;7,0,428700.0,0,428700.0,428700.0,1.0
2,frequency-aligned,8,200,0.1,frequency,5000,0;1;2;3;4;5;6;7,0,428700.0,0,428700.0,428700.0,1.0
2,frequency-aligned,8,200,0.1,frequency,20000,0;1;2;3;4;5;6;7,0,428700.0,0,428700.0,428700.0,1.0
2,frequency-aligned,8,200,0.1,residual,0,0;1;2;3;4;5;6;7,0,428700.0,0,428700.0,428700.0,1.0
2,frequency-aligned,8,200,0.1,residual,5000,0;1;2;3;4;5;6;7,0,428700.0,0,428700.0,428700.0,1.0
2,frequency-aligned,8,200,0.1,residual,20000,0;1;2;3;4;5;6;7,0,428700.0,0,428700.0,428700.0,1.0
2,frequency-aligned,8,200,0.1,oracle,0,0;1;2;3;4;5;6;7,0,428700.0,0,428700.0,428700.0,1.0
2,frequency-aligned,8,200,0.1,oracle,5000,0;1;2;3;4;5;6;7,0,428700.0,0,428700.0,428700.0,1.0
2,frequency-aligned,8,200,0.1,oracle,20000,0;1;2;3;4;5;6;7,0,428700.0,0,428700.0,428700.0,1.0
2,frequency-aligned,8,200,1.0,frequency,0,0;1;2;3;4;5;6;7,0,428700.0,0,428700.0,428700.0,1.0
2,frequency-aligned,8,200,1.0,frequency,5000,0;1;2;3;4;5;6;7,0,428700.0,0,428700.0,428700.0,1.0
2,frequency-aligned,8,200,1.0,frequency,20000,0;1;2;3;4;5;6;7,0,428700.0,0,428700.0,428700.0,1.0
2,frequency-aligned,8,200,1.0,residual,0,0;1;2;3;4;5;6;7,0,428700.0,0,428700.0,428700.0,1.0
2,frequency-aligned,8,200,1.0,residual,5000,0;1;2;3;4;5;6;7,0,428700.0,0,428700.0,428700.0,1.0
2,frequency-aligned,8,200,1.0,residual,20000,0;1;2;3;4;5;6;7,0,428700.0,0,428700.0,428700.0,1.0
2,frequency-aligned,8,200,1.0,oracle,0,0;1;2;3;4;5;6;7,0,428700.0,0,428700.0,428700.0,1.0
2,frequency-aligned,8,200,1.0,oracle,5000,0;1;2;3;4;5;6;7,0,428700.0,0,428700.0,428700.0,1.0
2,frequency-aligned,8,200,1.0,oracle,20000,0;1;2;3;4;5;6;7,0,428700.0,0,428700.0,428700.0,1.0
2,frequency-aligned,8,300,0.01,frequency,0,0;1;2;3;5;7;13;14,2,544000.0,0,544000.0,497400.0,0.9143382352941176
2,frequency-aligned,8,300,0.01,frequency,5000,0;1;2;3;5;7;13;14,2,544000.0,10000,554000.0,497400.0,0.8978339350180505
2,frequency-aligned,8,300,0.01,frequency,20000,0;1;2;3;5;7;13;14,2,544000.0,40000,584000.0,497400.0,0.8517123287671233
2,frequency-aligned,8,300,0.01,residual,0,0;1;2;3;5;7;13;14,2,544000.0,0,544000.0,497400.0,0.9143382352941176
2,frequency-aligned,8,300,0.01,residual,5000,0;1;2;3;5;7;13;14,2,544000.0,10000,554000.0,497400.0,0.8978339350180505
2,frequency-aligned,8,300,0.01,residual,20000,0;1;2;3;5;7;13;14,2,544000.0,40000,584000.0,497400.0,0.8517123287671233
2,frequency-aligned,8,300,0.01,oracle,0,0;1;2;3;4;5;6;7,0,497400.0,0,497400.0,497400.0,1.0
2,frequency-aligned,8,300,0.01,oracle,5000,0;1;2;3;4;5;6;7,0,497400.0,0,497400.0,497400.0,1.0
2,frequency-aligned,8,300,0.01,oracle,20000,0;1;2;3;4;5;6;7,0,497400.0,0,497400.0,497400.0,1.0
2,frequency-aligned,8,300,0.1,frequency,0,0;1;2;3;4;5;6;7,0,497400.0,0,497400.0,497400.0,1.0
2,frequency-aligned,8,300,0.1,frequency,5000,0;1;2;3;4;5;6;7,0,497400.0,0,497400.0,497400.0,1.0
2,frequency-aligned,8,300,0.1,frequency,20000,0;1;2;3;4;5;6;7,0,497400.0,0,497400.0,497400.0,1.0
2,frequency-aligned,8,300,0.1,residual,0,0;1;2;3;4;5;6;7,0,497400.0,0,497400.0,497400.0,1.0
2,frequency-aligned,8,300,0.1,residual,5000,0;1;2;3;4;5;6;7,0,497400.0,0,497400.0,497400.0,1.0
2,frequency-aligned,8,300,0.1,residual,20000,0;1;2;3;4;5;6;7,0,497400.0,0,497400.0,497400.0,1.0
2,frequency-aligned,8,300,0.1,oracle,0,0;1;2;3;4;5;6;7,0,497400.0,0,497400.0,497400.0,1.0
2,frequency-aligned,8,300,0.1,oracle,5000,0;1;2;3;4;5;6;7,0,497400.0,0,497400.0,497400.0,1.0
2,frequency-aligned,8,300,0.1,oracle,20000,0;1;2;3;4;5;6;7,0,497400.0,0,497400.0,497400.0,1.0
2,frequency-aligned,8,300,1.0,frequency,0,0;1;2;3;4;5;6;7,0,497400.0,0,497400.0,497400.0,1.0
2,frequency-aligned,8,300,1.0,frequency,5000,0;1;2;3;4;5;6;7,0,497400.0,0,497400.0,497400.0,1.0
2,frequency-aligned,8,300,1.0,frequency,20000,0;1;2;3;4;5;6;7,0,497400.0,0,497400.0,497400.0,1.0
2,frequency-aligned,8,300,1.0,residual,0,0;1;2;3;4;5;6;7,0,497400.0,0,497400.0,497400.0,1.0
2,frequency-aligned,8,300,1.0,residual,5000,0;1;2;3;4;5;6;7,0,497400.0,0,497400.0,497400.0,1.0
2,frequency-aligned,8,300,1.0,residual,20000,0;1;2;3;4;5;6;7,0,497400.0,0,497400.0,497400.0,1.0
2,frequency-aligned,8,300,1.0,oracle,0,0;1;2;3;4;5;6;7,0,497400.0,0,497400.0,497400.0,1.0
2,frequency-aligned,8,300,1.0,oracle,5000,0;1;2;3;4;5;6;7,0,497400.0,0,497400.0,497400.0,1.0
2,frequency-aligned,8,300,1.0,oracle,20000,0;1;2;3;4;5;6;7,0,497400.0,0,497400.0,497400.0,1.0
2,frequency-aligned,8,400,0.01,frequency,0,0;1;2;3;5;7;13;14,2,636000.0,0,636000.0,566100.0,0.8900943396226415
2,frequency-aligned,8,400,0.01,frequency,5000,0;1;2;3;5;7;13;14,2,636000.0,10000,646000.0,566100.0,0.8763157894736842
2,frequency-aligned,8,400,0.01,frequency,20000,0;1;2;3;5;7;13;14,2,636000.0,40000,676000.0,566100.0,0.8374260355029586
2,frequency-aligned,8,400,0.01,residual,0,0;1;2;3;5;7;13;14,2,636000.0,0,636000.0,566100.0,0.8900943396226415
2,frequency-aligned,8,400,0.01,residual,5000,0;1;2;3;5;7;13;14,2,636000.0,10000,646000.0,566100.0,0.8763157894736842
2,frequency-aligned,8,400,0.01,residual,20000,0;1;2;3;5;7;13;14,2,636000.0,40000,676000.0,566100.0,0.8374260355029586
2,frequency-aligned,8,400,0.01,oracle,0,0;1;2;3;4;5;6;7,0,566100.0,0,566100.0,566100.0,1.0
2,frequency-aligned,8,400,0.01,oracle,5000,0;1;2;3;4;5;6;7,0,566100.0,0,566100.0,566100.0,1.0
2,frequency-aligned,8,400,0.01,oracle,20000,0;1;2;3;4;5;6;7,0,566100.0,0,566100.0,566100.0,1.0
2,frequency-aligned,8,400,0.1,frequency,0,0;1;2;3;4;5;6;7,0,566100.0,0,566100.0,566100.0,1.0
2,frequency-aligned,8,400,0.1,frequency,5000,0;1;2;3;4;5;6;7,0,566100.0,0,566100.0,566100.0,1.0
2,frequency-aligned,8,400,0.1,frequency,20000,0;1;2;3;4;5;6;7,0,566100.0,0,566100.0,566100.0,1.0
2,frequency-aligned,8,400,0.1,residual,0,0;1;2;3;4;5;6;7,0,566100.0,0,566100.0,566100.0,1.0
2,frequency-aligned,8,400,0.1,residual,5000,0;1;2;3;4;5;6;7,0,566100.0,0,566100.0,566100.0,1.0
2,frequency-aligned,8,400,0.1,residual,20000,0;1;2;3;4;5;6;7,0,566100.0,0,566100.0,566100.0,1.0
2,frequency-aligned,8,400,0.1,oracle,0,0;1;2;3;4;5;6;7,0,566100.0,0,566100.0,566100.0,1.0
2,frequency-aligned,8,400,0.1,oracle,5000,0;1;2;3;4;5;6;7,0,566100.0,0,566100.0,566100.0,1.0
2,frequency-aligned,8,400,0.1,oracle,20000,0;1;2;3;4;5;6;7,0,566100.0,0,566100.0,566100.0,1.0
2,frequency-aligned,8,400,1.0,frequency,0,0;1;2;3;4;5;6;7,0,566100.0,0,566100.0,566100.0,1.0
2,frequency-aligned,8,400,1.0,frequency,5000,0;1;2;3;4;5;6;7,0,566100.0,0,566100.0,566100.0,1.0
2,frequency-aligned,8,400,1.0,frequency,20000,0;1;2;3;4;5;6;7,0,566100.0,0,566100.0,566100.0,1.0
2,frequency-aligned,8,400,1.0,residual,0,0;1;2;3;4;5;6;7,0,566100.0,0,566100.0,566100.0,1.0
2,frequency-aligned,8,400,1.0,residual,5000,0;1;2;3;4;5;6;7,0,566100.0,0,566100.0,566100.0,1.0
2,frequency-aligned,8,400,1.0,residual,20000,0;1;2;3;4;5;6;7,0,566100.0,0,566100.0,566100.0,1.0
2,frequency-aligned,8,400,1.0,oracle,0,0;1;2;3;4;5;6;7,0,566100.0,0,566100.0,566100.0,1.0
2,frequency-aligned,8,400,1.0,oracle,5000,0;1;2;3;4;5;6;7,0,566100.0,0,566100.0,566100.0,1.0
2,frequency-aligned,8,400,1.0,oracle,20000,0;1;2;3;4;5;6;7,0,566100.0,0,566100.0,566100.0,1.0
2,prefetch-hidden,2,200,0.01,frequency,0,0;6,1,253207.84554318892,0,253207.84554318892,253226.3496557982,1.000073078749079
2,prefetch-hidden,2,200,0.01,frequency,5000,0;6,1,253207.84554318892,5000,258207.84554318892,253226.3496557982,0.9807074185646404
2,prefetch-hidden,2,200,0.01,frequency,20000,0;6,1,253207.84554318892,20000,273207.8455431889,253226.3496557982,0.9268633891253609
2,prefetch-hidden,2,200,0.01,residual,0,8;13,2,236566.34800937754,0,236566.34800937754,253226.3496557982,1.0704242246904883
2,prefetch-hidden,2,200,0.01,residual,5000,8;13,2,236566.34800937754,10000,246566.34800937754,253226.3496557982,1.0270109919710835
2,prefetch-hidden,2,200,0.01,residual,20000,8;13,2,236566.34800937754,40000,276566.34800937754,253226.3496557982,0.9156079598202311
2,prefetch-hidden,2,200,0.01,oracle,0,12;13,2,234566.34800937754,0,234566.34800937754,253226.3496557982,1.079551060093559
2,prefetch-hidden,2,200,0.01,oracle,5000,12;13,2,234566.34800937754,10000,244566.34800937754,253226.3496557982,1.0354096208121348
2,prefetch-hidden,2,200,0.01,oracle,20000,12;13,2,234566.34800937754,40000,274566.34800937754,253226.3496557982,0.9222774440192849
2,prefetch-hidden,2,200,0.1,frequency,0,0;4,1,253183.41043933044,0,253183.41043933044,253226.3496557982,1.0001695972749292
2,prefetch-hidden,2,200,0.1,frequency,5000,0;4,1,253183.41043933044,5000,258183.41043933044,253226.3496557982,0.9808002350921882
2,prefetch-hidden,2,200,0.1,frequency,20000,0;4,1,253183.41043933044,20000,273183.41043933044,253226.3496557982,0.9269462931462876
2,prefetch-hidden,2,200,0.1,residual,0,12;13,2,234566.34800937754,0,234566.34800937754,253226.3496557982,1.079551060093559
2,prefetch-hidden,2,200,0.1,residual,5000,12;13,2,234566.34800937754,10000,244566.34800937754,253226.3496557982,1.0354096208121348
2,prefetch-hidden,2,200,0.1,residual,20000,12;13,2,234566.34800937754,40000,274566.34800937754,253226.3496557982,0.9222774440192849
2,prefetch-hidden,2,200,0.1,oracle,0,12;13,2,234566.34800937754,0,234566.34800937754,253226.3496557982,1.079551060093559
2,prefetch-hidden,2,200,0.1,oracle,5000,12;13,2,234566.34800937754,10000,244566.34800937754,253226.3496557982,1.0354096208121348
2,prefetch-hidden,2,200,0.1,oracle,20000,12;13,2,234566.34800937754,40000,274566.34800937754,253226.3496557982,0.9222774440192849
2,prefetch-hidden,2,200,1.0,frequency,0,2;6,2,253222.0988501358,0,253222.0988501358,253226.3496557982,1.000016786866872
2,prefetch-hidden,2,200,1.0,frequency,5000,2;6,2,253222.0988501358,10000,263222.0988501358,253226.3496557982,0.9620254179341202
2,prefetch-hidden,2,200,1.0,frequency,20000,2;6,2,253222.0988501358,40000,293222.0988501358,253226.3496557982,0.8635991306549538
2,prefetch-hidden,2,200,1.0,residual,0,10;13,2,236666.34800937754,0,236666.34800937754,253226.3496557982,1.0699719321555783
2,prefetch-hidden,2,200,1.0,residual,5000,10;13,2,236666.34800937754,10000,246666.34800937754,253226.3496557982,1.0265946356256561
2,prefetch-hidden,2,200,1.0,residual,20000,10;13,2,236666.34800937754,40000,276666.34800937754,253226.3496557982,0.9152770168029801
2,prefetch-hidden,2,200,1.0,oracle,0,12;13,2,234566.34800937754,0,234566.34800937754,253226.3496557982,1.079551060093559
2,prefetch-hidden,2,200,1.0,oracle,5000,12;13,2,234566.34800937754,10000,244566.34800937754,253226.3496557982,1.0354096208121348
2,prefetch-hidden,2,200,1.0,oracle,20000,12;13,2,234566.34800937754,40000,274566.34800937754,253226.3496557982,0.9222774440192849
2,prefetch-hidden,2,300,0.01,frequency,0,0;6,1,335704.60731708637,0,335704.60731708637,335470.5974180545,0.9993029291408835
2,prefetch-hidden,2,300,0.01,frequency,5000,0;6,1,335704.60731708637,5000,340704.60731708637,335470.5974180545,0.9846376896976896
2,prefetch-hidden,2,300,0.01,frequency,20000,0;6,1,335704.60731708637,20000,355704.60731708637,335470.5974180545,0.9431156935198349
2,prefetch-hidden,2,300,0.01,residual,0,8;13,2,307756.3656073613,0,307756.3656073613,335470.5974180545,1.09005250551357
2,prefetch-hidden,2,300,0.01,residual,5000,8;13,2,307756.3656073613,10000,317756.3656073613,335470.5974180545,1.0557478424604778
2,prefetch-hidden,2,300,0.01,residual,20000,8;13,2,307756.3656073613,40000,347756.3656073613,335470.5974180545,0.9646713348644257
2,prefetch-hidden,2,300,0.01,oracle,0,12;13,2,303756.3656073613,0,303756.3656073613,335470.5974180545,1.1044068055900014
2,prefetch-hidden,2,300,0.01,oracle,5000,12;13,2,303756.3656073613,10000,313756.3656073613,335470.5974180545,1.0692073028340296
2,prefetch-hidden,2,300,0.01,oracle,20000,12;13,2,303756.3656073613,40000,343756.3656073613,335470.5974180545,0.9758963934393848
2,prefetch-hidden,2,300,0.1,frequency,0,0;4,1,335656.9032038717,0,335656.9032038717,335470.5974180545,0.9994449517229084
2,prefetch-hidden,2,300,0.1,frequency,5000,0;4,1,335656.9032038717,5000,340656.9032038717,335470.5974180545,0.9847755740833662
2,prefetch-hidden,2,300,0.1,frequency,20000,0;4,1,335656.9032038717,20000,355656.9032038717,335470.5974180545,0.9432421932374362
2,prefetch-hidden,2,300,0.1,residual,0,12;13,2,303756.3656073613,0,303756.3656073613,335470.5974180545,1.1044068055900014
2,prefetch-hidden,2,300,0.1,residual,5000,12;13,2,303756.3656073613,10000,313756.3656073613,335470.5974180545,1.0692073028340296
2,prefetch-hidden,2,300,0.1,residual,20000,12;13,2,303756.3656073613,40000,343756.3656073613,335470.5974180545,0.9758963934393848
2,prefetch-hidden,2,300,0.1,oracle,0,12;13,2,303756.3656073613,0,303756.3656073613,335470.5974180545,1.1044068055900014
2,prefetch-hidden,2,300,0.1,oracle,5000,12;13,2,303756.3656073613,10000,313756.3656073613,335470.5974180545,1.0692073028340296
2,prefetch-hidden,2,300,0.1,oracle,20000,12;13,2,303756.3656073613,40000,343756.3656073613,335470.5974180545,0.9758963934393848
2,prefetch-hidden,2,300,1.0,frequency,0,2;6,2,336151.2826702588,0,336151.2826702588,335470.5974180545,0.997975062755087
2,prefetch-hidden,2,300,1.0,frequency,5000,2;6,2,336151.2826702588,10000,346151.2826702588,335470.5974180545,0.9691444585447957
2,prefetch-hidden,2,300,1.0,frequency,20000,2;6,2,336151.2826702588,40000,376151.2826702588,335470.5974180545,0.8918502019628476
2,prefetch-hidden,2,300,1.0,residual,0,10;13,2,307956.3656073613,0,307956.3656073613,335470.5974180545,1.0893445789192528
2,prefetch-hidden,2,300,1.0,residual,5000,10;13,2,307956.3656073613,10000,317956.3656073613,335470.5974180545,1.0550837589844677
2,prefetch-hidden,2,300,1.0,residual,20000,10;13,2,307956.3656073613,40000,347956.3656073613,335470.5974180545,0.9641168565273615
2,prefetch-hidden,2,300,1.0,oracle,0,12;13,2,303756.3656073613,0,303756.3656073613,335470.5974180545,1.1044068055900014
2,prefetch-hidden,2,300,1.0,oracle,5000,12;13,2,303756.3656073613,10000,313756.3656073613,335470.5974180545,1.0692073028340296
2,prefetch-hidden,2,300,1.0,oracle,20000,12;13,2,303756.3656073613,40000,343756.3656073613,335470.5974180545,0.9758963934393848
2,prefetch-hidden,2,400,0.01,frequency,0,0;6,1,434323.4140169317,0,434323.4140169317,433708.7286015458,0.9985847288091129
2,prefetch-hidden,2,400,0.01,frequency,5000,0;6,1,434323.4140169317,5000,439323.4140169317,433708.7286015458,0.9872196991185871
2,prefetch-hidden,2,400,0.01,frequency,20000,0;6,1,434323.4140169317,20000,454323.4140169317,433708.7286015458,0.9546255271478972
2,prefetch-hidden,2,400,0.01,residual,0,8;13,2,400074.2592870849,0,400074.2592870849,433708.7286015458,1.0840705657354612
2,prefetch-hidden,2,400,0.01,residual,5000,8;13,2,400074.2592870849,10000,410074.2592870849,433708.7286015458,1.0576346083159414
2,prefetch-hidden,2,400,0.01,residual,20000,8;13,2,400074.2592870849,40000,440074.2592870849,433708.7286015458,0.9855353260246322
2,prefetch-hidden,2,400,0.01,oracle,0,12;13,2,394074.2592870849,0,394074.2592870849,433708.7286015458,1.1005761436592258
2,prefetch-hidden,2,400,0.01,oracle,5000,12;13,2,394074.2592870849,10000,404074.2592870849,433708.7286015458,1.0733391663372607
2,prefetch-hidden,2,400,0.01,oracle,20000,12;13,2,394074.2592870849,40000,434074.2592870849,433708.7286015458,0.9991579074830664
2,prefetch-hidden,2,400,0.1,frequency,0,0;4,1,433974.88000315777,0,433974.88000315777,433708.7286015458,0.9993867124253596
2,prefetch-hidden,2,400,0.1,frequency,5000,0;4,1,433974.88000315777,5000,438974.88000315777,433708.7286015458,0.9880035244805486
2,prefetch-hidden,2,400,0.1,frequency,20000,0;4,1,433974.88000315777,20000,453974.88000315777,433708.7286015458,0.9553584299609903
2,prefetch-hidden,2,400,0.1,residual,0,12;13,2,394074.2592870849,0,394074.2592870849,433708.7286015458,1.1005761436592258
2,prefetch-hidden,2,400,0.1,residual,5000,12;13,2,394074.2592870849,10000,404074.2592870849,433708.7286015458,1.0733391663372607
2,prefetch-hidden,2,400,0.1,residual,20000,12;13,2,394074.2592870849,40000,434074.2592870849,433708.7286015458,0.9991579074830664
2,prefetch-hidden,2,400,0.1,oracle,0,12;13,2,394074.2592870849,0,394074.2592870849,433708.7286015458,1.1005761436592258
2,prefetch-hidden,2,400,0.1,oracle,5000,12;13,2,394074.2592870849,10000,404074.2592870849,433708.7286015458,1.0733391663372607
2,prefetch-hidden,2,400,0.1,oracle,20000,12;13,2,394074.2592870849,40000,434074.2592870849,433708.7286015458,0.9991579074830664
2,prefetch-hidden,2,400,1.0,frequency,0,2;6,2,435297.1011937491,0,435297.1011937491,433708.7286015458,0.9963510609470005
2,prefetch-hidden,2,400,1.0,frequency,5000,2;6,2,435297.1011937491,10000,445297.1011937491,433708.7286015458,0.973976087962088
2,prefetch-hidden,2,400,1.0,frequency,20000,2;6,2,435297.1011937491,40000,475297.1011937491,433708.7286015458,0.9125002603892374
2,prefetch-hidden,2,400,1.0,residual,0,10;13,2,400374.2592870849,0,400374.2592870849,433708.7286015458,1.0832582728315676
2,prefetch-hidden,2,400,1.0,residual,5000,10;13,2,400374.2592870849,10000,410374.2592870849,433708.7286015458,1.0568614351080359
2,prefetch-hidden,2,400,1.0,residual,20000,10;13,2,400374.2592870849,40000,440374.2592870849,433708.7286015458,0.9848639411932708
2,prefetch-hidden,2,400,1.0,oracle,0,12;13,2,394074.2592870849,0,394074.2592870849,433708.7286015458,1.1005761436592258
2,prefetch-hidden,2,400,1.0,oracle,5000,12;13,2,394074.2592870849,10000,404074.2592870849,433708.7286015458,1.0733391663372607
2,prefetch-hidden,2,400,1.0,oracle,20000,12;13,2,394074.2592870849,40000,434074.2592870849,433708.7286015458,0.9991579074830664
2,prefetch-hidden,4,200,0.01,frequency,0,0;6;7;8,3,245446.4188015114,0,245446.4188015114,253108.5397988098,1.0312170820609716
2,prefetch-hidden,4,200,0.01,frequency,5000,0;6;7;8,3,245446.4188015114,15000,260446.4188015114,253108.5397988098,0.9718257634853721
2,prefetch-hidden,4,200,0.01,frequency,20000,0;6;7;8,3,245446.4188015114,60000,305446.4188015114,253108.5397988098,0.8286511945104441
2,prefetch-hidden,4,200,0.01,residual,0,8;9;10;13,4,221066.34800937754,0,221066.34800937754,253108.5397988098,1.1449437785441365
2,prefetch-hidden,4,200,0.01,residual,5000,8;9;10;13,4,221066.34800937754,20000,241066.34800937754,253108.5397988098,1.0499538483445388
2,prefetch-hidden,4,200,0.01,residual,20000,8;9;10;13,4,221066.34800937754,80000,301066.34800937754,253108.5397988098,0.840706845757886
2,prefetch-hidden,4,200,0.01,oracle,0,12;13;14;15,4,216866.34800937754,0,216866.34800937754,253108.5397988098,1.1671176377621535
2,prefetch-hidden,4,200,0.01,oracle,5000,12;13;14;15,4,216866.34800937754,20000,236866.34800937754,253108.5397988098,1.068571124289843
2,prefetch-hidden,4,200,0.01,oracle,20000,12;13;14;15,4,216866.34800937754,80000,296866.34800937754,253108.5397988098,0.8526009818762431
2,prefetch-hidden,4,200,0.1,frequency,0,0;4;5;6,3,253039.3140129686,0,253039.3140129686,253108.5397988098,1.000273577195351
2,prefetch-hidden,4,200,0.1,frequency,5000,0;4;5;6,3,253039.3140129686,15000,268039.31401296856,253108.5397988098,0.944296327316237
2,prefetch-hidden,4,200,0.1,frequency,20000,0;4;5;6,3,253039.3140129686,60000,313039.31401296856,253108.5397988098,0.8085519245302334
2,prefetch-hidden,4,200,0.1,residual,0,11;12;13;14,4,219266.34800937754,0,219266.34800937754,253108.5397988098,1.1543428442014498
2,prefetch-hidden,4,200,0.1,residual,5000,11;12;13;14,4,219266.34800937754,20000,239266.34800937754,253108.5397988098,1.0578526479155763
2,prefetch-hidden,4,200,0.1,residual,20000,11;12;13;14,4,219266.34800937754,80000,299266.34800937754,253108.5397988098,0.8457634527985038
2,prefetch-hidden,4,200,0.1,oracle,0,12;13;14;15,4,216866.34800937754,0,216866.34800937754,253108.5397988098,1.1671176377621535
2,prefetch-hidden,4,200,0.1,oracle,5000,12;13;14;15,4,216866.34800937754,20000,236866.34800937754,253108.5397988098,1.068571124289843
2,prefetch-hidden,4,200,0.1,oracle,20000,12;13;14;15,4,216866.34800937754,80000,296866.34800937754,253108.5397988098,0.8526009818762431
2,prefetch-hidden,4,200,1.0,frequency,0,0;1;2;6,1,253082.10049655644,0,253082.10049655644,253108.5397988098,1.0001044692698595
2,prefetch-hidden,4,200,1.0,frequency,5000,0;1;2;6,1,253082.10049655644,5000,258082.10049655644,253108.5397988098,0.9807287654270583
2,prefetch-hidden,4,200,1.0,frequency,20000,0;1;2;6,1,253082.10049655644,20000,273082.10049655644,253108.5397988098,0.9268587700862565
2,prefetch-hidden,4,200,1.0,residual,0,10;12;13;15,4,217866.34800937754,0,217866.34800937754,253108.5397988098,1.1617606028257073
2,prefetch-hidden,4,200,1.0,residual,5000,10;12;13;15,4,217866.34800937754,20000,237866.34800937754,253108.5397988098,1.0640788069308205
2,prefetch-hidden,4,200,1.0,residual,20000,10;12;13;15,4,217866.34800937754,80000,297866.34800937754,253108.5397988098,0.849738620996694
2,prefetch-hidden,4,200,1.0,oracle,0,12;13;14;15,4,216866.34800937754,0,216866.34800937754,253108.5397988098,1.1671176377621535
2,prefetch-hidden,4,200,1.0,oracle,5000,12;13;14;15,4,216866.34800937754,20000,236866.34800937754,253108.5397988098,1.068571124289843
2,prefetch-hidden,4,200,1.0,oracle,20000,12;13;14;15,4,216866.34800937754,80000,296866.34800937754,253108.5397988098,0.8526009818762431
2,prefetch-hidden,4,300,0.01,frequency,0,0;6;7;8,3,317598.4200422256,0,317598.4200422256,330078.03613354836,1.0392936970204811
2,prefetch-hidden,4,300,0.01,frequency,5000,0;6;7;8,3,317598.4200422256,15000,332598.4200422256,330078.03613354836,0.9924221410662225
2,prefetch-hidden,4,300,0.01,frequency,20000,0;6;7;8,3,317598.4200422256,60000,377598.4200422256,330078.03613354836,0.8741509990869051
2,prefetch-hidden,4,300,0.01,residual,0,8;9;10;13,4,276756.3656073613,0,276756.3656073613,330078.03613354836,1.1926664646327787
2,prefetch-hidden,4,300,0.01,residual,5000,8;9;10;13,4,276756.3656073613,20000,296756.3656073613,330078.03613354836,1.1122862872982984
2,prefetch-hidden,4,300,0.01,residual,20000,8;9;10;13,4,276756.3656073613,80000,356756.3656073613,330078.03613354836,0.9252197520613421
2,prefetch-hidden,4,300,0.01,oracle,0,12;13;14;15,4,268356.3656073613,0,268356.3656073613,330078.03613354836,1.2299989060684087
2,prefetch-hidden,4,300,0.01,oracle,5000,12;13;14;15,4,268356.3656073613,20000,288356.3656073613,330078.03613354836,1.1446878775792213
2,prefetch-hidden,4,300,0.01,oracle,20000,12;13;14;15,4,268356.3656073613,80000,348356.3656073613,330078.03613354836,0.947529796270711
2,prefetch-hidden,4,300,0.1,frequency,0,0;4;5;6,3,330137.83946805005,0,330137.83946805005,330078.03613354836,0.9998188534383152
2,prefetch-hidden,4,300,0.1,frequency,5000,0;4;5;6,3,330137.83946805005,15000,345137.83946805005,330078.03613354836,0.9563658294966646
2,prefetch-hidden,4,300,0.1,frequency,20000,0;4;5;6,3,330137.83946805005,60000,390137.83946805005,330078.03613354836,0.8460549137802353
2,prefetch-hidden,4,300,0.1,residual,0,11;12;13;14,4,273156.3656073613,0,273156.3656073613,330078.03613354836,1.208384931464519
2,prefetch-hidden,4,300,0.1,residual,5000,11;12;13;14,4,273156.3656073613,20000,293156.3656073613,330078.03613354836,1.1259453140295717
2,prefetch-hidden,4,300,0.1,residual,20000,11;12;13;14,4,273156.3656073613,80000,353156.3656073613,330078.03613354836,0.9346512431281746
2,prefetch-hidden,4,300,0.1,oracle,0,12;13;14;15,4,268356.3656073613,0,268356.3656073613,330078.03613354836,1.2299989060684087
2,prefetch-hidden,4,300,0.1,oracle,5000,12;13;14;15,4,268356.3656073613,20000,288356.3656073613,330078.03613354836,1.1446878775792213
2,prefetch-hidden,4,300,0.1,oracle,20000,12;13;14;15,4,268356.3656073613,80000,348356.3656073613,330078.03613354836,0.947529796270711
2,prefetch-hidden,4,300,1.0,frequency,0,0;1;2;6,1,330265.5144809519,0,330265.5144809519,330078.03613354836,0.9994323405285043
2,prefetch-hidden,4,300,1.0,frequency,5000,0;1;2;6,1,330265.5144809519,5000,335265.5144809519,330078.03613354836,0.9845272534056041
2,prefetch-hidden,4,300,1.0,frequency,20000,0;1;2;6,1,330265.5144809519,20000,350265.5144809519,330078.03613354836,0.9423652129233483
2,prefetch-hidden,4,300,1.0,residual,0,10;12;13;15,4,270356.3656073613,0,270356.3656073613,330078.03613354836,1.2208998127046908
2,prefetch-hidden,4,300,1.0,residual,5000,10;12;13;15,4,270356.3656073613,20000,290356.3656073613,330078.03613354836,1.1368031675251826
2,prefetch-hidden,4,300,1.0,residual,20000,10;12;13;15,4,270356.3656073613,80000,350356.3656073613,330078.03613354836,0.9421208476156573
2,prefetch-hidden,4,300,1.0,oracle,0,12;13;14;15,4,268356.3656073613,0,268356.3656073613,330078.03613354836,1.2299989060684087
2,prefetch-hidden,4,300,1.0,oracle,5000,12;13;14;15,4,268356.3656073613,20000,288356.3656073613,330078.03613354836,1.1446878775792213
2,prefetch-hidden,4,300,1.0,oracle,20000,12;13;14;15,4,268356.3656073613,80000,348356.3656073613,330078.03613354836,0.947529796270711
2,prefetch-hidden,4,400,0.01,frequency,0,0;6;7;8,3,402998.29696759017,0,402998.29696759017,417718.67239013914,1.0365271405197347
2,prefetch-hidden,4,400,0.01,frequency,5000,0;6;7;8,3,402998.29696759017,15000,417998.29696759017,417718.67239013914,0.9993310389552311
2,prefetch-hidden,4,400,0.01,frequency,20000,0;6;7;8,3,402998.29696759017,60000,462998.29696759017,417718.67239013914,0.9022034748853069
2,prefetch-hidden,4,400,0.01,residual,0,8;9;10;13,4,353574.2592870849,0,353574.2592870849,417718.67239013914,1.18141708967273
2,prefetch-hidden,4,400,0.01,residual,5000,8;9;10;13,4,353574.2592870849,20000,373574.2592870849,417718.67239013914,1.1181677056318007
2,prefetch-hidden,4,400,0.01,residual,20000,8;9;10;13,4,353574.2592870849,80000,433574.2592870849,417718.67239013914,0.9634305160942517
2,prefetch-hidden,4,400,0.01,oracle,0,12;13;14;15,4,340974.2592870849,0,340974.2592870849,417718.67239013914,1.2250739198422567
2,prefetch-hidden,4,400,0.01,oracle,5000,12;13;14;15,4,340974.2592870849,20000,360974.2592870849,417718.67239013914,1.157197948726657
2,prefetch-hidden,4,400,0.01,oracle,20000,12;13;14;15,4,340974.2592870849,80000,420974.2592870849,417718.67239013914,0.992266541658725
2,prefetch-hidden,4,400,0.1,frequency,0,0;4;5;6,3,417848.46852358995,0,417848.46852358995,417718.67239013914,0.9996893703262586
2,prefetch-hidden,4,400,0.1,frequency,5000,0;4;5;6,3,417848.46852358995,15000,432848.46852358995,417718.67239013914,0.9650459751306103
2,prefetch-hidden,4,400,0.1,frequency,20000,0;4;5;6,3,417848.46852358995,60000,477848.46852358995,417718.67239013914,0.8741655564592808
2,prefetch-hidden,4,400,0.1,residual,0,11;12;13;14,4,348174.2592870849,0,348174.2592870849,417718.67239013914,1.1997402485911854
2,prefetch-hidden,4,400,0.1,residual,5000,11;12;13;14,4,348174.2592870849,20000,368174.2592870849,417718.67239013914,1.1345678353478315
2,prefetch-hidden,4,400,0.1,residual,20000,11;12;13;14,4,348174.2592870849,80000,428174.2592870849,417718.67239013914,0.9755810007954367
2,prefetch-hidden,4,400,0.1,oracle,0,12;13;14;15,4,340974.2592870849,0,340974.2592870849,417718.67239013914,1.2250739198422567
2,prefetch-hidden,4,400,0.1,oracle,5000,12;13;14;15,4,340974.2592870849,20000,360974.2592870849,417718.67239013914,1.157197948726657
2,prefetch-hidden,4,400,0.1,oracle,20000,12;13;14;15,4,340974.2592870849,80000,420974.2592870849,417718.67239013914,0.992266541658725
2,prefetch-hidden,4,400,1.0,frequency,0,0;1;2;6,1,418531.57050820993,0,418531.57050820993,417718.67239013914,0.9980577376347411
2,prefetch-hidden,4,400,1.0,frequency,5000,0;1;2;6,1,418531.57050820993,5000,423531.57050820993,417718.67239013914,0.9862751716215731
2,prefetch-hidden,4,400,1.0,frequency,20000,0;1;2;6,1,418531.57050820993,20000,438531.57050820993,417718.67239013914,0.9525395672335496
2,prefetch-hidden,4,400,1.0,residual,0,10;12;13;15,4,343974.2592870849,0,343974.2592870849,417718.67239013914,1.2143893361552565
2,prefetch-hidden,4,400,1.0,residual,5000,10;12;13;15,4,343974.2592870849,20000,363974.2592870849,417718.67239013914,1.1476599285024254
2,prefetch-hidden,4,400,1.0,residual,20000,10;12;13;15,4,343974.2592870849,80000,423974.2592870849,417718.67239013914,0.9852453615758074
2,prefetch-hidden,4,400,1.0,oracle,0,12;13;14;15,4,340974.2592870849,0,340974.2592870849,417718.67239013914,1.2250739198422567
2,prefetch-hidden,4,400,1.0,oracle,5000,12;13;14;15,4,340974.2592870849,20000,360974.2592870849,417718.67239013914,1.157197948726657
2,prefetch-hidden,4,400,1.0,oracle,20000,12;13;14;15,4,340974.2592870849,80000,420974.2592870849,417718.67239013914,0.992266541658725
2,prefetch-hidden,8,200,0.01,frequency,0,0;1;2;3;6;7;8;13,2,236168.53153022032,0,236168.53153022032,252800.0,1.0704220344768987
2,prefetch-hidden,8,200,0.01,frequency,5000,0;1;2;3;6;7;8;13,2,236168.53153022032,10000,246168.53153022032,252800.0,1.0269387335113773
2,prefetch-hidden,8,200,0.01,frequency,20000,0;1;2;3;6;7;8;13,2,236168.53153022032,40000,276168.5315302203,252800.0,0.9153830764108505
2,prefetch-hidden,8,200,0.01,residual,0,0;6;8;9;10;12;13;15,6,202107.84554318892,0,202107.84554318892,252800.0,1.250817351105643
2,prefetch-hidden,8,200,0.01,residual,5000,0;6;8;9;10;12;13;15,6,202107.84554318892,30000,232107.84554318892,252800.0,1.089148879945813
2,prefetch-hidden,8,200,0.01,residual,20000,0;6;8;9;10;12;13;15,6,202107.84554318892,120000,322107.8455431889,252800.0,0.7848303091583779
2,prefetch-hidden,8,200,0.01,oracle,0,8;9;10;11;12;13;14;15,8,186966.34800937754,0,186966.34800937754,252800.0,1.3521149805382116
2,prefetch-hidden,8,200,0.01,oracle,5000,8;9;10;11;12;13;14;15,8,186966.34800937754,40000,226966.34800937754,252800.0,1.113821507977716
2,prefetch-hidden,8,200,0.01,oracle,20000,8;9;10;11;12;13;14;15,8,186966.34800937754,160000,346966.34800937754,252800.0,0.7286009189374397
2,prefetch-hidden,8,200,0.1,frequency,0,0;1;2;3;4;5;6;7,0,252800.0,0,252800.0,252800.0,1.0
2,prefetch-hidden,8,200,0.1,frequency,5000,0;1;2;3;4;5;6;7,0,252800.0,0,252800.0,252800.0,1.0
2,prefetch-hidden,8,200,0.1,frequency,20000,0;1;2;3;4;5;6;7,0,252800.0,0,252800.0,252800.0,1.0
2,prefetch-hidden,8,200,0.1,residual,0,8;9;10;11;12;13;14;15,8,186966.34800937754,0,186966.34800937754,252800.0,1.3521149805382116
2,prefetch-hidden,8,200,0.1,residual,5000,8;9;10;11;12;13;14;15,8,186966.34800937754,40000,226966.34800937754,252800.0,1.113821507977716
2,prefetch-hidden,8,200,0.1,residual,20000,8;9;10;11;12;13;14;15,8,186966.34800937754,160000,346966.34800937754,252800.0,0.7286009189374397
2,prefetch-hidden,8,200,0.1,oracle,0,8;9;10;11;12;13;14;15,8,186966.34800937754,0,186966.34800937754,252800.0,1.3521149805382116
2,prefetch-hidden,8,200,0.1,oracle,5000,8;9;10;11;12;13;14;15,8,186966.34800937754,40000,226966.34800937754,252800.0,1.113821507977716
2,prefetch-hidden,8,200,0.1,oracle,20000,8;9;10;11;12;13;14;15,8,186966.34800937754,160000,346966.34800937754,252800.0,0.7286009189374397
2,prefetch-hidden,8,200,1.0,frequency,0,0;1;2;3;4;5;6;7,0,252800.0,0,252800.0,252800.0,1.0
2,prefetch-hidden,8,200,1.0,frequency,5000,0;1;2;3;4;5;6;7,0,252800.0,0,252800.0,252800.0,1.0
2,prefetch-hidden,8,200,1.0,frequency,20000,0;1;2;3;4;5;6;7,0,252800.0,0,252800.0,252800.0,1.0
2,prefetch-hidden,8,200,1.0,residual,0,8;9;10;11;12;13;14;15,8,186966.34800937754,0,186966.34800937754,252800.0,1.3521149805382116
2,prefetch-hidden,8,200,1.0,residual,5000,8;9;10;11;12;13;14;15,8,186966.34800937754,40000,226966.34800937754,252800.0,1.113821507977716
2,prefetch-hidden,8,200,1.0,residual,20000,8;9;10;11;12;13;14;15,8,186966.34800937754,160000,346966.34800937754,252800.0,0.7286009189374397
2,prefetch-hidden,8,200,1.0,oracle,0,8;9;10;11;12;13;14;15,8,186966.34800937754,0,186966.34800937754,252800.0,1.3521149805382116
2,prefetch-hidden,8,200,1.0,oracle,5000,8;9;10;11;12;13;14;15,8,186966.34800937754,40000,226966.34800937754,252800.0,1.113821507977716
2,prefetch-hidden,8,200,1.0,oracle,20000,8;9;10;11;12;13;14;15,8,186966.34800937754,160000,346966.34800937754,252800.0,0.7286009189374397
2,prefetch-hidden,8,300,0.01,frequency,0,0;1;2;3;6;7;8;13,2,291166.7678490364,0,291166.7678490364,319200.0,1.096278955040289
2,prefetch-hidden,8,300,0.01,frequency,5000,0;1;2;3;6;7;8;13,2,291166.7678490364,10000,301166.7678490364,319200.0,1.0598778951600762
2,prefetch-hidden,8,300,0.01,frequency,20000,0;1;2;3;6;7;8;13,2,291166.7678490364,40000,331166.7678490364,319200.0,0.9638648288088754
2,prefetch-hidden,8,300,0.01,residual,0,0;7;8;9;10;12;13;15,6,233403.50105187684,0,233403.50105187684,319200.0,1.367588740363641
2,prefetch-hidden,8,300,0.01,residual,5000,0;7;8;9;10;12;13;15,6,233403.50105187684,30000,263403.5010518768,319200.0,1.2118289951549814
2,prefetch-hidden,8,300,0.01,residual,20000,0;7;8;9;10;12;13;15,6,233403.50105187684,120000,353403.5010518768,319200.0,0.9032168584915744
2,prefetch-hidden,8,300,0.01,oracle,0,8;9;10;11;12;13;14;15,8,208556.36560736134,0,208556.36560736134,319200.0,1.5305214926929727
2,prefetch-hidden,8,300,0.01,oracle,5000,8;9;10;11;12;13;14;15,8,208556.36560736134,40000,248556.36560736134,319200.0,1.284215752109253
2,prefetch-hidden,8,300,0.01,oracle,20000,8;9;10;11;12;13;14;15,8,208556.36560736134,160000,368556.3656073613,319200.0,0.8660819071025279
2,prefetch-hidden,8,300,0.1,frequency,0,0;1;2;3;4;5;6;7,0,319200.0,0,319200.0,319200.0,1.0
2,prefetch-hidden,8,300,0.1,frequency,5000,0;1;2;3;4;5;6;7,0,319200.0,0,319200.0,319200.0,1.0
2,prefetch-hidden,8,300,0.1,frequency,20000,0;1;2;3;4;5;6;7,0,319200.0,0,319200.0,319200.0,1.0
2,prefetch-hidden,8,300,0.1,residual,0,8;9;10;11;12;13;14;15,8,208556.36560736134,0,208556.36560736134,319200.0,1.5305214926929727
2,prefetch-hidden,8,300,0.1,residual,5000,8;9;10;11;12;13;14;15,8,208556.36560736134,40000,248556.36560736134,319200.0,1.284215752109253
2,prefetch-hidden,8,300,0.1,residual,20000,8;9;10;11;12;13;14;15,8,208556.36560736134,160000,368556.3656073613,319200.0,0.8660819071025279
2,prefetch-hidden,8,300,0.1,oracle,0,8;9;10;11;12;13;14;15,8,208556.36560736134,0,208556.36560736134,319200.0,1.5305214926929727
2,prefetch-hidden,8,300,0.1,oracle,5000,8;9;10;11;12;13;14;15,8,208556.36560736134,40000,248556.36560736134,319200.0,1.284215752109253
2,prefetch-hidden,8,300,0.1,oracle,20000,8;9;10;11;12;13;14;15,8,208556.36560736134,160000,368556.3656073613,319200.0,0.8660819071025279
2,prefetch-hidden,8,300,1.0,frequency,0,0;1;2;3;4;5;6;7,0,319200.0,0,319200.0,319200.0,1.0
2,prefetch-hidden,8,300,1.0,frequency,5000,0;1;2;3;4;5;6;7,0,319200.0,0,319200.0,319200.0,1.0
2,prefetch-hidden,8,300,1.0,frequency,20000,0;1;2;3;4;5;6;7,0,319200.0,0,319200.0,319200.0,1.0
2,prefetch-hidden,8,300,1.0,residual,0,8;9;10;11;12;13;14;15,8,208556.36560736134,0,208556.36560736134,319200.0,1.5305214926929727
2,prefetch-hidden,8,300,1.0,residual,5000,8;9;10;11;12;13;14;15,8,208556.36560736134,40000,248556.36560736134,319200.0,1.284215752109253
2,prefetch-hidden,8,300,1.0,residual,20000,8;9;10;11;12;13;14;15,8,208556.36560736134,160000,368556.3656073613,319200.0,0.8660819071025279
2,prefetch-hidden,8,300,1.0,oracle,0,8;9;10;11;12;13;14;15,8,208556.36560736134,0,208556.36560736134,319200.0,1.5305214926929727
2,prefetch-hidden,8,300,1.0,oracle,5000,8;9;10;11;12;13;14;15,8,208556.36560736134,40000,248556.36560736134,319200.0,1.284215752109253
2,prefetch-hidden,8,300,1.0,oracle,20000,8;9;10;11;12;13;14;15,8,208556.36560736134,160000,368556.3656073613,319200.0,0.8660819071025279
2,prefetch-hidden,8,400,0.01,frequency,0,0;1;2;3;6;7;8;13,2,351674.9454933418,0,351674.9454933418,385600.0,1.0964670783102475
2,prefetch-hidden,8,400,0.01,frequency,5000,0;1;2;3;6;7;8;13,2,351674.9454933418,10000,361674.9454933418,385600.0,1.0661507102020111
2,prefetch-hidden,8,400,0.01,frequency,20000,0;1;2;3;6;7;8;13,2,351674.9454933418,40000,391674.9454933418,385600.0,0.9844898287132204
2,prefetch-hidden,8,400,0.01,residual,0,6;7;8;9;10;12;13;15,6,281530.53239028755,0,281530.53239028755,385600.0,1.3696560608404644
2,prefetch-hidden,8,400,0.01,residual,5000,6;7;8;9;10;12;13;15,6,281530.53239028755,30000,311530.53239028755,385600.0,1.2377598980151252
2,prefetch-hidden,8,400,0.01,residual,20000,6;7;8;9;10;12;13;15,6,281530.53239028755,120000,401530.53239028755,385600.0,0.9603254768810381
2,prefetch-hidden,8,400,0.01,oracle,0,8;9;10;11;12;13;14;15,8,251274.25928708492,0,251274.25928708492,385600.0,1.534578197918179
2,prefetch-hidden,8,400,0.01,oracle,5000,8;9;10;11;12;13;14;15,8,251274.25928708492,40000,291274.2592870849,385600.0,1.323838230483477
2,prefetch-hidden,8,400,0.01,oracle,20000,8;9;10;11;12;13;14;15,8,251274.25928708492,160000,411274.2592870849,385600.0,0.9375738726474411
2,prefetch-hidden,8,400,0.1,frequency,0,0;1;2;3;4;5;6;7,0,385600.0,0,385600.0,385600.0,1.0
2,prefetch-hidden,8,400,0.1,frequency,5000,0;1;2;3;4;5;6;7,0,385600.0,0,385600.0,385600.0,1.0
2,prefetch-hidden,8,400,0.1,frequency,20000,0;1;2;3;4;5;6;7,0,385600.0,0,385600.0,385600.0,1.0
2,prefetch-hidden,8,400,0.1,residual,0,8;9;10;11;12;13;14;15,8,251274.25928708492,0,251274.25928708492,385600.0,1.534578197918179
2,prefetch-hidden,8,400,0.1,residual,5000,8;9;10;11;12;13;14;15,8,251274.25928708492,40000,291274.2592870849,385600.0,1.323838230483477
2,prefetch-hidden,8,400,0.1,residual,20000,8;9;10;11;12;13;14;15,8,251274.25928708492,160000,411274.2592870849,385600.0,0.9375738726474411
2,prefetch-hidden,8,400,0.1,oracle,0,8;9;10;11;12;13;14;15,8,251274.25928708492,0,251274.25928708492,385600.0,1.534578197918179
2,prefetch-hidden,8,400,0.1,oracle,5000,8;9;10;11;12;13;14;15,8,251274.25928708492,40000,291274.2592870849,385600.0,1.323838230483477
2,prefetch-hidden,8,400,0.1,oracle,20000,8;9;10;11;12;13;14;15,8,251274.25928708492,160000,411274.2592870849,385600.0,0.9375738726474411
2,prefetch-hidden,8,400,1.0,frequency,0,0;1;2;3;4;5;6;7,0,385600.0,0,385600.0,385600.0,1.0
2,prefetch-hidden,8,400,1.0,frequency,5000,0;1;2;3;4;5;6;7,0,385600.0,0,385600.0,385600.0,1.0
2,prefetch-hidden,8,400,1.0,frequency,20000,0;1;2;3;4;5;6;7,0,385600.0,0,385600.0,385600.0,1.0
2,prefetch-hidden,8,400,1.0,residual,0,8;9;10;11;12;13;14;15,8,251274.25928708492,0,251274.25928708492,385600.0,1.534578197918179
2,prefetch-hidden,8,400,1.0,residual,5000,8;9;10;11;12;13;14;15,8,251274.25928708492,40000,291274.2592870849,385600.0,1.323838230483477
2,prefetch-hidden,8,400,1.0,residual,20000,8;9;10;11;12;13;14;15,8,251274.25928708492,160000,411274.2592870849,385600.0,0.9375738726474411
2,prefetch-hidden,8,400,1.0,oracle,0,8;9;10;11;12;13;14;15,8,251274.25928708492,0,251274.25928708492,385600.0,1.534578197918179
2,prefetch-hidden,8,400,1.0,oracle,5000,8;9;10;11;12;13;14;15,8,251274.25928708492,40000,291274.2592870849,385600.0,1.323838230483477
2,prefetch-hidden,8,400,1.0,oracle,20000,8;9;10;11;12;13;14;15,8,251274.25928708492,160000,411274.2592870849,385600.0,0.9375738726474411
2,phase-reversal,2,200,0.01,frequency,0,0;6,1,415973.6021721705,0,415973.6021721705,416073.6021721705,1.000240399870275
2,phase-reversal,2,200,0.01,frequency,5000,0;6,1,415973.6021721705,5000,420973.6021721705,416073.6021721705,0.9883603152912281
2,phase-reversal,2,200,0.01,frequency,20000,0;6,1,415973.6021721705,20000,435973.6021721705,416073.6021721705,0.9543550345689479
2,phase-reversal,2,200,0.01,residual,0,8;13,2,461411.08964963997,0,461411.08964963997,416073.6021721705,0.9017416605398555
2,phase-reversal,2,200,0.01,residual,5000,8;13,2,461411.08964963997,10000,471411.08964963997,416073.6021721705,0.8826130977983628
2,phase-reversal,2,200,0.01,residual,20000,8;13,2,461411.08964963997,40000,501411.08964963997,416073.6021721705,0.8298053448775956
2,phase-reversal,2,200,0.01,oracle,0,0;7,1,415573.6021721705,0,415573.6021721705,416073.6021721705,1.0012031563058543
2,phase-reversal,2,200,0.01,oracle,5000,0;7,1,415573.6021721705,5000,420573.6021721705,416073.6021721705,0.9893003270372689
2,phase-reversal,2,200,0.01,oracle,20000,0;7,1,415573.6021721705,20000,435573.6021721705,416073.6021721705,0.9552314467572068
2,phase-reversal,2,200,0.1,frequency,0,0;4,1,417673.6021721705,0,417673.6021721705,416073.6021721705,0.9961692575454159
2,phase-reversal,2,200,0.1,frequency,5000,0;4,1,417673.6021721705,5000,422673.6021721705,416073.6021721705,0.9843851142676481
2,phase-reversal,2,200,0.1,frequency,20000,0;4,1,417673.6021721705,20000,437673.6021721705,416073.6021721705,0.9506481544859015
2,phase-reversal,2,200,0.1,residual,0,12;13,2,461397.97868387855,0,461397.97868387855,416073.6021721705,0.901767284197919
2,phase-reversal,2,200,0.1,residual,5000,12;13,2,461397.97868387855,10000,471397.97868387855,416073.6021721705,0.8826376458673599
2,phase-reversal,2,200,0.1,residual,20000,12;13,2,461397.97868387855,40000,501397.97868387855,416073.6021721705,0.8298270433086381
2,phase-reversal,2,200,0.1,oracle,0,0;7,1,415573.6021721705,0,415573.6021721705,416073.6021721705,1.0012031563058543
2,phase-reversal,2,200,0.1,oracle,5000,0;7,1,415573.6021721705,5000,420573.6021721705,416073.6021721705,0.9893003270372689
2,phase-reversal,2,200,0.1,oracle,20000,0;7,1,415573.6021721705,20000,435573.6021721705,416073.6021721705,0.9552314467572068
2,phase-reversal,2,200,1.0,frequency,0,2;6,2,420373.6021721705,0,420373.6021721705,416073.6021721705,0.9897710037505189
2,phase-reversal,2,200,1.0,frequency,5000,2;6,2,420373.6021721705,10000,430373.6021721705,416073.6021721705,0.9667730550205091
2,phase-reversal,2,200,1.0,frequency,20000,2;6,2,420373.6021721705,40000,460373.6021721705,416073.6021721705,0.9037738050336068
2,phase-reversal,2,200,1.0,residual,0,10;13,2,461422.3989078149,0,461422.3989078149,416073.6021721705,0.9017195592520327
2,phase-reversal,2,200,1.0,residual,5000,10;13,2,461422.3989078149,10000,471422.3989078149,416073.6021721705,0.8825919242193927
2,phase-reversal,2,200,1.0,residual,20000,10;13,2,461422.3989078149,40000,501422.3989078149,416073.6021721705,0.829786629154284
2,phase-reversal,2,200,1.0,oracle,0,0;7,1,415573.6021721705,0,415573.6021721705,416073.6021721705,1.0012031563058543
2,phase-reversal,2,200,1.0,oracle,5000,0;7,1,415573.6021721705,5000,420573.6021721705,416073.6021721705,0.9893003270372689
2,phase-reversal,2,200,1.0,oracle,20000,0;7,1,415573.6021721705,20000,435573.6021721705,416073.6021721705,0.9552314467572068
2,phase-reversal,2,300,0.01,frequency,0,0;6,1,550266.2248050077,0,550266.2248050077,550466.2248050077,1.000363460432395
2,phase-reversal,2,300,0.01,frequency,5000,0;6,1,550266.2248050077,5000,555266.2248050077,550466.2248050077,0.9913554979835383
2,phase-reversal,2,300,0.01,frequency,20000,0;6,1,550266.2248050077,20000,570266.2248050077,550466.2248050077,0.965279374546914
2,phase-reversal,2,300,0.01,residual,0,8;13,2,639116.2323481904,0,639116.2323481904,550466.2248050077,0.861292824284134
2,phase-reversal,2,300,0.01,residual,5000,8;13,2,639116.2323481904,10000,649116.2323481904,550466.2248050077,0.8480241247606544
2,phase-reversal,2,300,0.01,residual,20000,8;13,2,639116.2323481904,40000,679116.2323481904,550466.2248050077,0.8105626085562001
2,phase-reversal,2,300,0.01,oracle,0,0;7,1,549466.2248050077,0,549466.2248050077,550466.2248050077,1.001819948078437
2,phase-reversal,2,300,0.01,oracle,5000,0;7,1,549466.2248050077,5000,554466.2248050077,550466.2248050077,0.992785854537115
2,phase-reversal,2,300,0.01,oracle,20000,0;7,1,549466.2248050077,20000,569466.2248050077,550466.2248050077,0.96663542248444
2,phase-reversal,2,300,0.1,frequency,0,0;4,1,553666.2248050077,0,553666.2248050077,550466.2248050077,0.9942203445746993
2,phase-reversal,2,300,0.1,frequency,5000,0;4,1,553666.2248050077,5000,558666.2248050077,550466.2248050077,0.9853221840950523
2,phase-reversal,2,300,0.1,frequency,20000,0;4,1,553666.2248050077,20000,573666.2248050077,550466.2248050077,0.9595583651314215
2,phase-reversal,2,300,0.1,residual,0,12;13,2,638889.6840379296,0,638889.6840379296,550466.2248050077,0.8615982360615602
2,phase-reversal,2,300,0.1,residual,5000,12;13,2,638889.6840379296,10000,648889.6840379296,550466.2248050077,0.848320197324683
2,phase-reversal,2,300,0.1,residual,20000,12;13,2,638889.6840379296,40000,678889.6840379296,550466.2248050077,0.8108330966688442
2,phase-reversal,2,300,0.1,oracle,0,0;7,1,549466.2248050077,0,549466.2248050077,550466.2248050077,1.001819948078437
2,phase-reversal,2,300,0.1,oracle,5000,0;7,1,549466.2248050077,5000,554466.2248050077,550466.2248050077,0.992785854537115
2,phase-reversal,2,300,0.1,oracle,20000,0;7,1,549466.2248050077,20000,569466.2248050077,550466.2248050077,0.96663542248444
2,phase-reversal,2,300,1.0,frequency,0,2;6,2,559066.2248050077,0,559066.2248050077,550466.2248050077,0.9846172070169334
2,phase-reversal,2,300,1.0,frequency,5000,2;6,2,559066.2248050077,10000,569066.2248050077,550466.2248050077,0.9673148762143222
2,phase-reversal,2,300,1.0,frequency,20000,2;6,2,559066.2248050077,40000,599066.2248050077,550466.2248050077,0.9188737438572522
2,phase-reversal,2,300,1.0,residual,0,10;13,2,639084.7512030613,0,639084.7512030613,550466.2248050077,0.8613352513399335
2,phase-reversal,2,300,1.0,residual,5000,10;13,2,639084.7512030613,10000,649084.7512030613,550466.2248050077,0.848065254629281
2,phase-reversal,2,300,1.0,residual,20000,10;13,2,639084.7512030613,40000,679084.7512030613,550466.2248050077,0.8106001847778292
2,phase-reversal,2,300,1.0,oracle,0,0;7,1,549466.2248050077,0,549466.2248050077,550466.2248050077,1.001819948078437
2,phase-reversal,2,300,1.0,oracle,5000,0;7,1,549466.2248050077,5000,554466.2248050077,550466.2248050077,0.992785854537115
2,phase-reversal,2,300,1.0,oracle,20000,0;7,1,549466.2248050077,20000,569466.2248050077,550466.2248050077,0.96663542248444
2,phase-reversal,2,400,0.01,frequency,0,0;6,1,692504.3969544197,0,692504.3969544197,692804.3969544197,1.000433210245768
2,phase-reversal,2,400,0.01,frequency,5000,0;6,1,692504.3969544197,5000,697504.3969544197,692804.3969544197,0.9932616912229915
2,phase-reversal,2,400,0.01,frequency,20000,0;6,1,692504.3969544197,20000,712504.3969544197,692804.3969544197,0.9723510478192035
2,phase-reversal,2,400,0.01,residual,0,8;13,2,822496.4743581499,0,822496.4743581499,692804.3969544197,0.8423189868322076
2,phase-reversal,2,400,0.01,residual,5000,8;13,2,822496.4743581499,10000,832496.4743581499,692804.3969544197,0.8322009981946986
2,phase-reversal,2,400,0.01,residual,20000,8;13,2,822496.4743581499,40000,862496.4743581499,692804.3969544197,0.8032547581947959
2,phase-reversal,2,400,0.01,oracle,0,0;7,1,691304.3969544197,0,691304.3969544197,692804.3969544197,1.0021698111665547
2,phase-reversal,2,400,0.01,oracle,5000,0;7,1,691304.3969544197,5000,696304.3969544197,692804.3969544197,0.9949734627336712
2,phase-reversal,2,400,0.01,oracle,20000,0;7,1,691304.3969544197,20000,711304.3969544197,692804.3969544197,0.9739914443391449
2,phase-reversal,2,400,0.1,frequency,0,0;4,1,697604.3969544197,0,697604.3969544197,692804.3969544197,0.9931193094238573
2,phase-reversal,2,400,0.1,frequency,5000,0;4,1,697604.3969544197,5000,702604.3969544197,692804.3969544197,0.9860518948607779
2,phase-reversal,2,400,0.1,frequency,20000,0;4,1,697604.3969544197,20000,717604.3969544197,692804.3969544197,0.9654405685008989
2,phase-reversal,2,400,0.1,residual,0,12;13,2,822275.7803480348,0,822275.7803480348,692804.3969544197,0.8425450603217143
2,phase-reversal,2,400,0.1,residual,5000,12;13,2,822275.7803480348,10000,832275.7803480348,692804.3969544197,0.8324216723748803
2,phase-reversal,2,400,0.1,residual,20000,12;13,2,822275.7803480348,40000,862275.7803480348,692804.3969544197,0.8034603461491027
2,phase-reversal,2,400,0.1,oracle,0,0;7,1,691304.3969544197,0,691304.3969544197,692804.3969544197,1.0021698111665547
2,phase-reversal,2,400,0.1,oracle,5000,0;7,1,691304.3969544197,5000,696304.3969544197,692804.3969544197,0.9949734627336712
2,phase-reversal,2,400,0.1,oracle,20000,0;7,1,691304.3969544197,20000,711304.3969544197,692804.3969544197,0.9739914443391449
2,phase-reversal,2,400,1.0,frequency,0,2;6,2,705704.3969544197,0,705704.3969544197,692804.3969544197,0.9817203916318618
2,phase-reversal,2,400,1.0,frequency,5000,2;6,2,705704.3969544197,10000,715704.3969544197,692804.3969544197,0.9680035499328385
2,phase-reversal,2,400,1.0,frequency,20000,2;6,2,705704.3969544197,40000,745704.3969544197,692804.3969544197,0.9290603619664141
2,phase-reversal,2,400,1.0,residual,0,10;13,2,822470.989019518,0,822470.989019518,692804.3969544197,0.8423450871869947
2,phase-reversal,2,400,1.0,residual,5000,10;13,2,822470.989019518,10000,832470.989019518,692804.3969544197,0.8322264752678081
2,phase-reversal,2,400,1.0,residual,20000,10;13,2,822470.989019518,40000,862470.989019518,692804.3969544197,0.8032784937404327
2,phase-reversal,2,400,1.0,oracle,0,0;7,1,691304.3969544197,0,691304.3969544197,692804.3969544197,1.0021698111665547
2,phase-reversal,2,400,1.0,oracle,5000,0;7,1,691304.3969544197,5000,696304.3969544197,692804.3969544197,0.9949734627336712
2,phase-reversal,2,400,1.0,oracle,20000,0;7,1,691304.3969544197,20000,711304.3969544197,692804.3969544197,0.9739914443391449
2,phase-reversal,4,200,0.01,frequency,0,0;6;7;8,3,394043.69889196515,0,394043.69889196515,375273.60217217053,0.952365443800839
2,phase-reversal,4,200,0.01,frequency,5000,0;6;7;8,3,394043.69889196515,15000,409043.69889196515,375273.60217217053,0.9174413471928
2,phase-reversal,4,200,0.01,frequency,20000,0;6;7;8,3,394043.69889196515,60000,454043.69889196515,375273.60217217053,0.8265142828498163
2,phase-reversal,4,200,0.01,residual,0,8;9;10;13,4,461364.58744976914,0,461364.58744976914,375273.60217217053,0.813399234316024
2,phase-reversal,4,200,0.01,residual,5000,8;9;10;13,4,461364.58744976914,20000,481364.58744976914,375273.60217217053,0.7796036766234506
2,phase-reversal,4,200,0.01,residual,20000,8;9;10;13,4,461364.58744976914,80000,541364.5874497691,375273.60217217053,0.693199390710037
2,phase-reversal,4,200,0.01,oracle,0,0;1;6;7,2,372673.60217217053,0,372673.60217217053,375273.60217217053,1.0069766143479055
2,phase-reversal,4,200,0.01,oracle,5000,0;1;6;7,2,372673.60217217053,10000,382673.60217217053,375273.60217217053,0.9806623713838756
2,phase-reversal,4,200,0.01,oracle,20000,0;1;6;7,2,372673.60217217053,40000,412673.60217217053,375273.60217217053,0.9093714746881327
2,phase-reversal,4,200,0.1,frequency,0,0;4;5;6,3,374973.60217217053,0,374973.60217217053,375273.60217217053,1.0008000563193307
2,phase-reversal,4,200,0.1,frequency,5000,0;4;5;6,3,374973.60217217053,15000,389973.60217217053,375273.60217217053,0.9623051408656372
2,phase-reversal,4,200,0.1,frequency,20000,0;4;5;6,3,374973.60217217053,60000,434973.60217217053,375273.60217217053,0.862750291737544
2,phase-reversal,4,200,0.1,residual,0,11;12;13;14,4,461316.4081552126,0,461316.4081552126,375273.60217217053,0.8134841846898009
2,phase-reversal,4,200,0.1,residual,5000,11;12;13;14,4,461316.4081552126,20000,481316.4081552126,375273.60217217053,0.779681714177411
2,phase-reversal,4,200,0.1,residual,20000,11;12;13;14,4,461316.4081552126,80000,541316.4081552126,375273.60217217053,0.693261088188865
2,phase-reversal,4,200,0.1,oracle,0,0;1;6;7,2,372673.60217217053,0,372673.60217217053,375273.60217217053,1.0069766143479055
2,phase-reversal,4,200,0.1,oracle,5000,0;1;6;7,2,372673.60217217053,10000,382673.60217217053,375273.60217217053,0.9806623713838756
2,phase-reversal,4,200,0.1,oracle,20000,0;1;6;7,2,372673.60217217053,40000,412673.60217217053,375273.60217217053,0.9093714746881327
2,phase-reversal,4,200,1.0,frequency,0,0;1;2;6,1,374973.60217217053,0,374973.60217217053,375273.60217217053,1.0008000563193307
2,phase-reversal,4,200,1.0,frequency,5000,0;1;2;6,1,374973.60217217053,5000,379973.60217217053,375273.60217217053,0.9876307196785992
2,phase-reversal,4,200,1.0,frequency,20000,0;1;2;6,1,374973.60217217053,20000,394973.60217217053,375273.60217217053,0.9501232490180124
2,phase-reversal,4,200,1.0,residual,0,10;12;13;15,4,461339.3819867117,0,461339.3819867117,375273.60217217053,0.8134436747109958
2,phase-reversal,4,200,1.0,residual,5000,10;12;13;15,4,461339.3819867117,20000,481339.3819867117,375273.60217217053,0.7796445007745714
2,phase-reversal,4,200,1.0,residual,20000,10;12;13;15,4,461339.3819867117,80000,541339.3819867116,375273.60217217053,0.693231666971871
2,phase-reversal,4,200,1.0,oracle,0,0;1;6;7,2,372673.60217217053,0,372673.60217217053,375273.60217217053,1.0069766143479055
2,phase-reversal,4,200,1.0,oracle,5000,0;1;6;7,2,372673.60217217053,10000,382673.60217217053,375273.60217217053,0.9806623713838756
2,phase-reversal,4,200,1.0,oracle,20000,0;1;6;7,2,372673.60217217053,40000,412673.60217217053,375273.60217217053,0.9093714746881327
2,phase-reversal,4,300,0.01,frequency,0,0;6;7;8,3,505492.3763190237,0,505492.3763190237,468866.22480500763,0.9275436124660745
2,phase-reversal,4,300,0.01,frequency,5000,0;6;7;8,3,505492.3763190237,15000,520492.3763190237,468866.22480500763,0.9008128574732994
2,phase-reversal,4,300,0.01,frequency,20000,0;6;7;8,3,505492.3763190237,60000,565492.3763190238,468866.22480500763,0.8291291703294258
2,phase-reversal,4,300,0.01,residual,0,8;9;10;13,4,636897.4266992246,0,636897.4266992246,468866.22480500763,0.7361722706824974
2,phase-reversal,4,300,0.01,residual,5000,8;9;10;13,4,636897.4266992246,20000,656897.4266992246,468866.22480500763,0.7137586566002619
2,phase-reversal,4,300,0.01,residual,20000,8;9;10;13,4,636897.4266992246,80000,716897.4266992246,468866.22480500763,0.6540213527669994
2,phase-reversal,4,300,0.01,oracle,0,0;1;6;7,2,463666.22480500763,0,463666.22480500763,468866.22480500763,1.0112149639585821
2,phase-reversal,4,300,0.01,oracle,5000,0;1;6;7,2,463666.22480500763,10000,473666.22480500763,468866.22480500763,0.9898662818908484
2,phase-reversal,4,300,0.01,oracle,20000,0;1;6;7,2,463666.22480500763,40000,503666.22480500763,468866.22480500763,0.9309066237001048
2,phase-reversal,4,300,0.1,frequency,0,0;4;5;6,3,468266.22480500763,0,468266.22480500763,468866.22480500763,1.0012813223935804
2,phase-reversal,4,300,0.1,frequency,5000,0;4;5;6,3,468266.22480500763,15000,483266.22480500763,468866.22480500763,0.970202759346962
2,phase-reversal,4,300,0.1,frequency,20000,0;4;5;6,3,468266.22480500763,60000,528266.2248050077,468866.22480500763,0.887556695448539
2,phase-reversal,4,300,0.1,residual,0,11;12;13;14,4,636340.8615356365,0,636340.8615356365,468866.22480500763,0.7368161517610639
2,phase-reversal,4,300,0.1,residual,5000,11;12;13;14,4,636340.8615356365,20000,656340.8615356365,468866.22480500763,0.7143639110141708
2,phase-reversal,4,300,0.1,residual,20000,11;12;13;14,4,636340.8615356365,80000,716340.8615356365,468866.22480500763,0.6545294984288461
2,phase-reversal,4,300,0.1,oracle,0,0;1;6;7,2,463666.22480500763,0,463666.22480500763,468866.22480500763,1.0112149639585821
2,phase-reversal,4,300,0.1,oracle,5000,0;1;6;7,2,463666.22480500763,10000,473666.22480500763,468866.22480500763,0.9898662818908484
2,phase-reversal,4,300,0.1,oracle,20000,0;1;6;7,2,463666.22480500763,40000,503666.22480500763,468866.22480500763,0.9309066237001048
2,phase-reversal,4,300,1.0,frequency,0,0;1;2;6,1,468266.22480500763,0,468266.22480500763,468866.22480500763,1.0012813223935804
2,phase-reversal,4,300,1.0,frequency,5000,0;1;2;6,1,468266.22480500763,5000,473266.22480500763,468866.22480500763,0.9907029072234916
2,phase-reversal,4,300,1.0,frequency,20000,0;1;2;6,1,468266.22480500763,20000,488266.22480500763,468866.22480500763,0.9602675773698098
2,phase-reversal,4,300,1.0,residual,0,10;12;13;15,4,636536.1470061298,0,636536.1470061298,468866.22480500763,0.7365901009868218
2,phase-reversal,4,300,1.0,residual,5000,10;12;13;15,4,636536.1470061298,20000,656536.1470061298,468866.22480500763,0.714151424781536
2,phase-reversal,4,300,1.0,residual,20000,10;12;13;15,4,636536.1470061298,80000,716536.1470061298,468866.22480500763,0.6543511123117095
2,phase-reversal,4,300,1.0,oracle,0,0;1;6;7,2,463666.22480500763,0,463666.22480500763,468866.22480500763,1.0112149639585821
2,phase-reversal,4,300,1.0,oracle,5000,0;1;6;7,2,463666.22480500763,10000,473666.22480500763,468866.22480500763,0.9898662818908484
2,phase-reversal,4,300,1.0,oracle,20000,0;1;6;7,2,463666.22480500763,40000,503666.22480500763,468866.22480500763,0.9309066237001048
2,phase-reversal,4,400,0.01,frequency,0,0;6;7;8,3,623976.7776551573,0,623976.7776551573,570404.3969544196,0.9141436306298811
2,phase-reversal,4,400,0.01,frequency,5000,0;6;7;8,3,623976.7776551573,15000,638976.7776551573,570404.3969544196,0.8926840800813189
2,phase-reversal,4,400,0.01,frequency,20000,0;6;7;8,3,623976.7776551573,60000,683976.7776551573,570404.3969544196,0.8339528703151412
2,phase-reversal,4,400,0.01,residual,0,8;9;10;13,4,816123.2161790091,0,816123.2161790091,570404.3969544196,0.6989194592759957
2,phase-reversal,4,400,0.01,residual,5000,8;9;10;13,4,816123.2161790091,20000,836123.2161790091,570404.3969544196,0.6822013620924255
2,phase-reversal,4,400,0.01,residual,20000,8;9;10;13,4,816123.2161790091,80000,896123.2161790091,570404.3969544196,0.6365245165576381
2,phase-reversal,4,400,0.01,oracle,0,0;1;6;7,2,562604.3969544196,0,562604.3969544196,570404.3969544196,1.0138640935659662
2,phase-reversal,4,400,0.01,oracle,5000,0;1;6;7,2,562604.3969544196,10000,572604.3969544196,570404.3969544196,0.9961579058566413
2,phase-reversal,4,400,0.01,oracle,20000,0;1;6;7,2,562604.3969544196,40000,602604.3969544196,570404.3969544196,0.9465652753900573
2,phase-reversal,4,400,0.1,frequency,0,0;4;5;6,3,569504.3969544196,0,569504.3969544196,570404.3969544196,1.0015803214247563
2,phase-reversal,4,400,0.1,frequency,5000,0;4;5;6,3,569504.3969544196,15000,584504.3969544196,570404.3969544196,0.9758769992604529
2,phase-reversal,4,400,0.1,frequency,20000,0;4;5;6,3,569504.3969544196,60000,629504.3969544196,570404.3969544196,0.9061166208116586
2,phase-reversal,4,400,0.1,residual,0,11;12;13;14,4,815384.1574653756,0,815384.1574653756,570404.3969544196,0.6995529551708775
2,phase-reversal,4,400,0.1,residual,5000,11;12;13;14,4,815384.1574653756,20000,835384.1574653756,570404.3969544196,0.6828049010231095
2,phase-reversal,4,400,0.1,residual,20000,11;12;13;14,4,815384.1574653756,80000,895384.1574653756,570404.3969544196,0.6370499100286762
2,phase-reversal,4,400,0.1,oracle,0,0;1;6;7,2,562604.3969544196,0,562604.3969544196,570404.3969544196,1.0138640935659662
2,phase-reversal,4,400,0.1,oracle,5000,0;1;6;7,2,562604.3969544196,10000,572604.3969544196,570404.3969544196,0.9961579058566413
2,phase-reversal,4,400,0.1,oracle,20000,0;1;6;7,2,562604.3969544196,40000,602604.3969544196,570404.3969544196,0.9465652753900573
2,phase-reversal,4,400,1.0,frequency,0,0;1;2;6,1,569504.3969544196,0,569504.3969544196,570404.3969544196,1.0015803214247563
2,phase-reversal,4,400,1.0,frequency,5000,0;1;2;6,1,569504.3969544196,5000,574504.3969544196,570404.3969544196,0.9928634140630863
2,phase-reversal,4,400,1.0,frequency,20000,0;1;2;6,1,569504.3969544196,20000,589504.3969544196,570404.3969544196,0.9675999023948302
2,phase-reversal,4,400,1.0,residual,0,10;12;13;15,4,815639.3957231682,0,815639.3957231682,570404.3969544196,0.699334043874479
2,phase-reversal,4,400,1.0,residual,5000,10;12;13;15,4,815639.3957231682,20000,835639.3957231682,570404.3969544196,0.6825963446359391
2,phase-reversal,4,400,1.0,residual,20000,10;12;13;15,4,815639.3957231682,80000,895639.3957231682,570404.3969544196,0.6368683642972813
2,phase-reversal,4,400,1.0,oracle,0,0;1;6;7,2,562604.3969544196,0,562604.3969544196,570404.3969544196,1.0138640935659662
2,phase-reversal,4,400,1.0,oracle,5000,0;1;6;7,2,562604.3969544196,10000,572604.3969544196,570404.3969544196,0.9961579058566413
2,phase-reversal,4,400,1.0,oracle,20000,0;1;6;7,2,562604.3969544196,40000,602604.3969544196,570404.3969544196,0.9465652753900573
2,phase-reversal,8,200,0.01,frequency,0,0;1;2;3;6;7;8;13,2,331811.0896496399,0,331811.0896496399,290873.60217217053,0.8766241130738115
2,phase-reversal,8,200,0.01,frequency,5000,0;1;2;3;6;7;8;13,2,331811.0896496399,10000,341811.0896496399,290873.60217217053,0.8509776627502611
2,phase-reversal,8,200,0.01,frequency,20000,0;1;2;3;6;7;8;13,2,331811.0896496399,40000,371811.0896496399,290873.60217217053,0.7823155636542812
2,phase-reversal,8,200,0.01,residual,0,0;6;8;9;10;12;13;15,6,415781.57052866596,0,415781.57052866596,290873.60217217053,0.6995827203267451
2,phase-reversal,8,200,0.01,residual,5000,0;6;8;9;10;12;13;15,6,415781.57052866596,30000,445781.57052866596,290873.60217217053,0.652502529046265
2,phase-reversal,8,200,0.01,residual,20000,0;6;8;9;10;12;13;15,6,415781.57052866596,120000,535781.570528666,290873.60217217053,0.5428958705786762
2,phase-reversal,8,200,0.01,oracle,0,0;1;2;3;4;5;6;7,0,290873.60217217053,0,290873.60217217053,290873.60217217053,1.0
2,phase-reversal,8,200,0.01,oracle,5000,0;1;2;3;4;5;6;7,0,290873.60217217053,0,290873.60217217053,290873.60217217053,1.0
2,phase-reversal,8,200,0.01,oracle,20000,0;1;2;3;4;5;6;7,0,290873.60217217053,0,290873.60217217053,290873.60217217053,1.0
2,phase-reversal,8,200,0.1,frequency,0,0;1;2;3;4;5;6;7,0,290873.60217217053,0,290873.60217217053,290873.60217217053,1.0
2,phase-reversal,8,200,0.1,frequency,5000,0;1;2;3;4;5;6;7,0,290873.60217217053,0,290873.60217217053,290873.60217217053,1.0
2,phase-reversal,8,200,0.1,frequency,20000,0;1;2;3;4;5;6;7,0,290873.60217217053,0,290873.60217217053,290873.60217217053,1.0
2,phase-reversal,8,200,0.1,residual,0,8;9;10;11;12;13;14;15,8,461200.0,0,461200.0,290873.60217217053,0.6306886430446021
2,phase-reversal,8,200,0.1,residual,5000,8;9;10;11;12;13;14;15,8,461200.0,40000,501200.0,290873.60217217053,0.5803543538949931
2,phase-reversal,8,200,0.1,residual,20000,8;9;10;11;12;13;14;15,8,461200.0,160000,621200.0,290873.60217217053,0.4682446911979564
2,phase-reversal,8,200,0.1,oracle,0,0;1;2;3;4;5;6;7,0,290873.60217217053,0,290873.60217217053,290873.60217217053,1.0
2,phase-reversal,8,200,0.1,oracle,5000,0;1;2;3;4;5;6;7,0,290873.60217217053,0,290873.60217217053,290873.60217217053,1.0
2,phase-reversal,8,200,0.1,oracle,20000,0;1;2;3;4;5;6;7,0,290873.60217217053,0,290873.60217217053,290873.60217217053,1.0
2,phase-reversal,8,200,1.0,frequency,0,0;1;2;3;4;5;6;7,0,290873.60217217053,0,290873.60217217053,290873.60217217053,1.0
2,phase-reversal,8,200,1.0,frequency,5000,0;1;2;3;4;5;6;7,0,290873.60217217053,0,290873.60217217053,290873.60217217053,1.0
2,phase-reversal,8,200,1.0,frequency,20000,0;1;2;3;4;5;6;7,0,290873.60217217053,0,290873.60217217053,290873.60217217053,1.0
2,phase-reversal,8,200,1.0,residual,0,8;9;10;11;12;13;14;15,8,461200.0,0,461200.0,290873.60217217053,0.6306886430446021
2,phase-reversal,8,200,1.0,residual,5000,8;9;10;11;12;13;14;15,8,461200.0,40000,501200.0,290873.60217217053,0.5803543538949931
2,phase-reversal,8,200,1.0,residual,20000,8;9;10;11;12;13;14;15,8,461200.0,160000,621200.0,290873.60217217053,0.4682446911979564
2,phase-reversal,8,200,1.0,oracle,0,0;1;2;3;4;5;6;7,0,290873.60217217053,0,290873.60217217053,290873.60217217053,1.0
2,phase-reversal,8,200,1.0,oracle,5000,0;1;2;3;4;5;6;7,0,290873.60217217053,0,290873.60217217053,290873.60217217053,1.0
2,phase-reversal,8,200,1.0,oracle,20000,0;1;2;3;4;5;6;7,0,290873.60217217053,0,290873.60217217053,290873.60217217053,1.0
2,phase-reversal,8,300,0.01,frequency,0,0;1;2;3;6;7;8;13,2,379916.2323481903,0,379916.2323481903,300066.22480500763,0.789822069329218
2,phase-reversal,8,300,0.01,frequency,5000,0;1;2;3;6;7;8;13,2,379916.2323481903,10000,389916.2323481903,300066.22480500763,0.7695658705920514
2,phase-reversal,8,300,0.01,frequency,20000,0;1;2;3;6;7;8;13,2,379916.2323481903,40000,419916.2323481903,300066.22480500763,0.7145859142596702
2,phase-reversal,8,300,0.01,residual,0,0;7;8;9;10;12;13;15,6,542548.8225022932,0,542548.8225022932,300066.22480500763,0.5530676915324784
2,phase-reversal,8,300,0.01,residual,5000,0;7;8;9;10;12;13;15,6,542548.8225022932,30000,572548.8225022932,300066.22480500763,0.524088449773741
2,phase-reversal,8,300,0.01,residual,20000,0;7;8;9;10;12;13;15,6,542548.8225022932,120000,662548.8225022932,300066.22480500763,0.4528967747187704
2,phase-reversal,8,300,0.01,oracle,0,0;1;2;3;4;5;6;7,0,300066.22480500763,0,300066.22480500763,300066.22480500763,1.0
2,phase-reversal,8,300,0.01,oracle,5000,0;1;2;3;4;5;6;7,0,300066.22480500763,0,300066.22480500763,300066.22480500763,1.0
2,phase-reversal,8,300,0.01,oracle,20000,0;1;2;3;4;5;6;7,0,300066.22480500763,0,300066.22480500763,300066.22480500763,1.0
2,phase-reversal,8,300,0.1,frequency,0,0;1;2;3;4;5;6;7,0,300066.22480500763,0,300066.22480500763,300066.22480500763,1.0
2,phase-reversal,8,300,0.1,frequency,5000,0;1;2;3;4;5;6;7,0,300066.22480500763,0,300066.22480500763,300066.22480500763,1.0
2,phase-reversal,8,300,0.1,frequency,20000,0;1;2;3;4;5;6;7,0,300066.22480500763,0,300066.22480500763,300066.22480500763,1.0
2,phase-reversal,8,300,0.1,residual,0,8;9;10;11;12;13;14;15,8,631800.0,0,631800.0,300066.22480500763,0.4749386274216645
2,phase-reversal,8,300,0.1,residual,5000,8;9;10;11;12;13;14;15,8,631800.0,40000,671800.0,300066.22480500763,0.44666005478566184
2,phase-reversal,8,300,0.1,residual,20000,8;9;10;11;12;13;14;15,8,631800.0,160000,791800.0,300066.22480500763,0.37896719475247237
2,phase-reversal,8,300,0.1,oracle,0,0;1;2;3;4;5;6;7,0,300066.22480500763,0,300066.22480500763,300066.22480500763,1.0
2,phase-reversal,8,300,0.1,oracle,5000,0;1;2;3;4;5;6;7,0,300066.22480500763,0,300066.22480500763,300066.22480500763,1.0
2,phase-reversal,8,300,0.1,oracle,20000,0;1;2;3;4;5;6;7,0,300066.22480500763,0,300066.22480500763,300066.22480500763,1.0
2,phase-reversal,8,300,1.0,frequency,0,0;1;2;3;4;5;6;7,0,300066.22480500763,0,300066.22480500763,300066.22480500763,1.0
2,phase-reversal,8,300,1.0,frequency,5000,0;1;2;3;4;5;6;7,0,300066.22480500763,0,300066.22480500763,300066.22480500763,1.0
2,phase-reversal,8,300,1.0,frequency,20000,0;1;2;3;4;5;6;7,0,300066.22480500763,0,300066.22480500763,300066.22480500763,1.0
2,phase-reversal,8,300,1.0,residual,0,8;9;10;11;12;13;14;15,8,631800.0,0,631800.0,300066.22480500763,0.4749386274216645
2,phase-reversal,8,300,1.0,residual,5000,8;9;10;11;12;13;14;15,8,631800.0,40000,671800.0,300066.22480500763,0.44666005478566184
2,phase-reversal,8,300,1.0,residual,20000,8;9;10;11;12;13;14;15,8,631800.0,160000,791800.0,300066.22480500763,0.37896719475247237
2,phase-reversal,8,300,1.0,oracle,0,0;1;2;3;4;5;6;7,0,300066.22480500763,0,300066.22480500763,300066.22480500763,1.0
2,phase-reversal,8,300,1.0,oracle,5000,0;1;2;3;4;5;6;7,0,300066.22480500763,0,300066.22480500763,300066.22480500763,1.0
2,phase-reversal,8,300,1.0,oracle,20000,0;1;2;3;4;5;6;7,0,300066.22480500763,0,300066.22480500763,300066.22480500763,1.0
2,phase-reversal,8,400,0.01,frequency,0,0;1;2;3;6;7;8;13,2,433696.4743581499,0,433696.4743581499,317204.3969544197,0.7313972229630574
2,phase-reversal,8,400,0.01,frequency,5000,0;1;2;3;6;7;8;13,2,433696.4743581499,10000,443696.4743581499,317204.3969544197,0.7149130436821403
2,phase-reversal,8,400,0.01,frequency,20000,0;1;2;3;6;7;8;13,2,433696.4743581499,40000,473696.4743581499,317204.3969544197,0.6696363898089507
2,phase-reversal,8,400,0.01,residual,0,6;7;8;9;10;12;13;15,6,679091.6228826592,0,679091.6228826592,317204.3969544197,0.4671010306502186
2,phase-reversal,8,400,0.01,residual,5000,6;7;8;9;10;12;13;15,6,679091.6228826592,30000,709091.6228826592,317204.3969544197,0.44733908386181964
2,phase-reversal,8,400,0.01,residual,20000,6;7;8;9;10;12;13;15,6,679091.6228826592,120000,799091.6228826592,317204.3969544197,0.3969562286363736
2,phase-reversal,8,400,0.01,oracle,0,0;1;2;3;4;5;6;7,0,317204.3969544197,0,317204.3969544197,317204.3969544197,1.0
2,phase-reversal,8,400,0.01,oracle,5000,0;1;2;3;4;5;6;7,0,317204.3969544197,0,317204.3969544197,317204.3969544197,1.0
2,phase-reversal,8,400,0.01,oracle,20000,0;1;2;3;4;5;6;7,0,317204.3969544197,0,317204.3969544197,317204.3969544197,1.0
2,phase-reversal,8,400,0.1,frequency,0,0;1;2;3;4;5;6;7,0,317204.3969544197,0,317204.3969544197,317204.3969544197,1.0
2,phase-reversal,8,400,0.1,frequency,5000,0;1;2;3;4;5;6;7,0,317204.3969544197,0,317204.3969544197,317204.3969544197,1.0
2,phase-reversal,8,400,0.1,frequency,20000,0;1;2;3;4;5;6;7,0,317204.3969544197,0,317204.3969544197,317204.3969544197,1.0
2,phase-reversal,8,400,0.1,residual,0,8;9;10;11;12;13;14;15,8,802400.0,0,802400.0,317204.3969544197,0.39531953758028376
2,phase-reversal,8,400,0.1,residual,5000,8;9;10;11;12;13;14;15,8,802400.0,40000,842400.0,317204.3969544197,0.37654842943307176
2,phase-reversal,8,400,0.1,residual,20000,8;9;10;11;12;13;14;15,8,802400.0,160000,962400.0,317204.3969544197,0.3295972536932873
2,phase-reversal,8,400,0.1,oracle,0,0;1;2;3;4;5;6;7,0,317204.3969544197,0,317204.3969544197,317204.3969544197,1.0
2,phase-reversal,8,400,0.1,oracle,5000,0;1;2;3;4;5;6;7,0,317204.3969544197,0,317204.3969544197,317204.3969544197,1.0
2,phase-reversal,8,400,0.1,oracle,20000,0;1;2;3;4;5;6;7,0,317204.3969544197,0,317204.3969544197,317204.3969544197,1.0
2,phase-reversal,8,400,1.0,frequency,0,0;1;2;3;4;5;6;7,0,317204.3969544197,0,317204.3969544197,317204.3969544197,1.0
2,phase-reversal,8,400,1.0,frequency,5000,0;1;2;3;4;5;6;7,0,317204.3969544197,0,317204.3969544197,317204.3969544197,1.0
2,phase-reversal,8,400,1.0,frequency,20000,0;1;2;3;4;5;6;7,0,317204.3969544197,0,317204.3969544197,317204.3969544197,1.0
2,phase-reversal,8,400,1.0,residual,0,8;9;10;11;12;13;14;15,8,802400.0,0,802400.0,317204.3969544197,0.39531953758028376
2,phase-reversal,8,400,1.0,residual,5000,8;9;10;11;12;13;14;15,8,802400.0,40000,842400.0,317204.3969544197,0.37654842943307176
2,phase-reversal,8,400,1.0,residual,20000,8;9;10;11;12;13;14;15,8,802400.0,160000,962400.0,317204.3969544197,0.3295972536932873
2,phase-reversal,8,400,1.0,oracle,0,0;1;2;3;4;5;6;7,0,317204.3969544197,0,317204.3969544197,317204.3969544197,1.0
2,phase-reversal,8,400,1.0,oracle,5000,0;1;2;3;4;5;6;7,0,317204.3969544197,0,317204.3969544197,317204.3969544197,1.0
2,phase-reversal,8,400,1.0,oracle,20000,0;1;2;3;4;5;6;7,0,317204.3969544197,0,317204.3969544197,317204.3969544197,1.0
3,frequency-aligned,2,200,0.01,frequency,0,5;7,2,557800.0,0,557800.0,555800.0,0.9964144854786662
3,frequency-aligned,2,200,0.01,frequency,5000,5;7,2,557800.0,10000,567800.0,555800.0,0.9788657978161325
3,frequency-aligned,2,200,0.01,frequency,20000,5;7,2,557800.0,40000,597800.0,555800.0,0.9297423887587822
3,frequency-aligned,2,200,0.01,residual,0,5;7,2,557800.0,0,557800.0,555800.0,0.9964144854786662
3,frequency-aligned,2,200,0.01,residual,5000,5;7,2,557800.0,10000,567800.0,555800.0,0.9788657978161325
3,frequency-aligned,2,200,0.01,residual,20000,5;7,2,557800.0,40000,597800.0,555800.0,0.9297423887587822
3,frequency-aligned,2,200,0.01,oracle,0,0;3,1,553500.0,0,553500.0,555800.0,1.0041553748870822
3,frequency-aligned,2,200,0.01,oracle,5000,0;3,1,553500.0,5000,558500.0,555800.0,0.9951656222023276
3,frequency-aligned,2,200,0.01,oracle,20000,0;3,1,553500.0,20000,573500.0,555800.0,0.9691368788142982
3,frequency-aligned,2,200,0.1,frequency,0,1;7,1,558000.0,0,558000.0,555800.0,0.9960573476702509
3,frequency-aligned,2,200,0.1,frequency,5000,1;7,1,558000.0,5000,563000.0,555800.0,0.9872113676731794
3,frequency-aligned,2,200,0.1,frequency,20000,1;7,1,558000.0,20000,578000.0,555800.0,0.9615916955017301
3,frequency-aligned,2,200,0.1,residual,0,1;7,1,558000.0,0,558000.0,555800.0,0.9960573476702509
3,frequency-aligned,2,200,0.1,residual,5000,1;7,1,558000.0,5000,563000.0,555800.0,0.9872113676731794
3,frequency-aligned,2,200,0.1,residual,20000,1;7,1,558000.0,20000,578000.0,555800.0,0.9615916955017301
3,frequency-aligned,2,200,0.1,oracle,0,0;3,1,553500.0,0,553500.0,555800.0,1.0041553748870822
3,frequency-aligned,2,200,0.1,oracle,5000,0;3,1,553500.0,5000,558500.0,555800.0,0.9951656222023276
3,frequency-aligned,2,200,0.1,oracle,20000,0;3,1,553500.0,20000,573500.0,555800.0,0.9691368788142982
3,frequency-aligned,2,200,1.0,frequency,0,0;3,1,553500.0,0,553500.0,555800.0,1.0041553748870822
3,frequency-aligned,2,200,1.0,frequency,5000,0;3,1,553500.0,5000,558500.0,555800.0,0.9951656222023276
3,frequency-aligned,2,200,1.0,frequency,20000,0;3,1,553500.0,20000,573500.0,555800.0,0.9691368788142982
3,frequency-aligned,2,200,1.0,residual,0,0;3,1,553500.0,0,553500.0,555800.0,1.0041553748870822
3,frequency-aligned,2,200,1.0,residual,5000,0;3,1,553500.0,5000,558500.0,555800.0,0.9951656222023276
3,frequency-aligned,2,200,1.0,residual,20000,0;3,1,553500.0,20000,573500.0,555800.0,0.9691368788142982
3,frequency-aligned,2,200,1.0,oracle,0,0;3,1,553500.0,0,553500.0,555800.0,1.0041553748870822
3,frequency-aligned,2,200,1.0,oracle,5000,0;3,1,553500.0,5000,558500.0,555800.0,0.9951656222023276
3,frequency-aligned,2,200,1.0,oracle,20000,0;3,1,553500.0,20000,573500.0,555800.0,0.9691368788142982
3,frequency-aligned,2,300,0.01,frequency,0,5;7,2,755600.0,0,755600.0,751600.0,0.9947061937533086
3,frequency-aligned,2,300,0.01,frequency,5000,5;7,2,755600.0,10000,765600.0,751600.0,0.9817136886102403
3,frequency-aligned,2,300,0.01,frequency,20000,5;7,2,755600.0,40000,795600.0,751600.0,0.9446958270487682
3,frequency-aligned,2,300,0.01,residual,0,5;7,2,755600.0,0,755600.0,751600.0,0.9947061937533086
3,frequency-aligned,2,300,0.01,residual,5000,5;7,2,755600.0,10000,765600.0,751600.0,0.9817136886102403
3,frequency-aligned,2,300,0.01,residual,20000,5;7,2,755600.0,40000,795600.0,751600.0,0.9446958270487682
3,frequency-aligned,2,300,0.01,oracle,0,0;3,1,747000.0,0,747000.0,751600.0,1.0061579651941097
3,frequency-aligned,2,300,0.01,oracle,5000,0;3,1,747000.0,5000,752000.0,751600.0,0.999468085106383
3,frequency-aligned,2,300,0.01,oracle,20000,0;3,1,747000.0,20000,767000.0,751600.0,0.9799217731421122
3,frequency-aligned,2,300,0.1,frequency,0,1;7,1,756000.0,0,756000.0,751600.0,0.9941798941798942
3,frequency-aligned,2,300,0.1,frequency,5000,1;7,1,756000.0,5000,761000.0,751600.0,0.9876478318002628
3,frequency-aligned,2,300,0.1,frequency,20000,1;7,1,756000.0,20000,776000.0,751600.0,0.9685567010309278
3,frequency-aligned,2,300,0.1,residual,0,1;7,1,756000.0,0,756000.0,751600.0,0.9941798941798942
3,frequency-aligned,2,300,0.1,residual,5000,1;7,1,756000.0,5000,761000.0,751600.0,0.9876478318002628
3,frequency-aligned,2,300,0.1,residual,20000,1;7,1,756000.0,20000,776000.0,751600.0,0.9685567010309278
3,frequency-aligned,2,300,0.1,oracle,0,0;3,1,747000.0,0,747000.0,751600.0,1.0061579651941097
3,frequency-aligned,2,300,0.1,oracle,5000,0;3,1,747000.0,5000,752000.0,751600.0,0.999468085106383
3,frequency-aligned,2,300,0.1,oracle,20000,0;3,1,747000.0,20000,767000.0,751600.0,0.9799217731421122
3,frequency-aligned,2,300,1.0,frequency,0,0;3,1,747000.0,0,747000.0,751600.0,1.0061579651941097
3,frequency-aligned,2,300,1.0,frequency,5000,0;3,1,747000.0,5000,752000.0,751600.0,0.999468085106383
3,frequency-aligned,2,300,1.0,frequency,20000,0;3,1,747000.0,20000,767000.0,751600.0,0.9799217731421122
3,frequency-aligned,2,300,1.0,residual,0,0;3,1,747000.0,0,747000.0,751600.0,1.0061579651941097
3,frequency-aligned,2,300,1.0,residual,5000,0;3,1,747000.0,5000,752000.0,751600.0,0.999468085106383
3,frequency-aligned,2,300,1.0,residual,20000,0;3,1,747000.0,20000,767000.0,751600.0,0.9799217731421122
3,frequency-aligned,2,300,1.0,oracle,0,0;3,1,747000.0,0,747000.0,751600.0,1.0061579651941097
3,frequency-aligned,2,300,1.0,oracle,5000,0;3,1,747000.0,5000,752000.0,751600.0,0.999468085106383
3,frequency-aligned,2,300,1.0,oracle,20000,0;3,1,747000.0,20000,767000.0,751600.0,0.9799217731421122
3,frequency-aligned,2,400,0.01,frequency,0,5;7,2,953400.0,0,953400.0,947400.0,0.9937067337948395
3,frequency-aligned,2,400,0.01,frequency,5000,5;7,2,953400.0,10000,963400.0,947400.0,0.9833921527921943
3,frequency-aligned,2,400,0.01,frequency,20000,5;7,2,953400.0,40000,993400.0,947400.0,0.9536943829273203
3,frequency-aligned,2,400,0.01,residual,0,5;7,2,953400.0,0,953400.0,947400.0,0.9937067337948395
3,frequency-aligned,2,400,0.01,residual,5000,5;7,2,953400.0,10000,963400.0,947400.0,0.9833921527921943
3,frequency-aligned,2,400,0.01,residual,20000,5;7,2,953400.0,40000,993400.0,947400.0,0.9536943829273203
3,frequency-aligned,2,400,0.01,oracle,0,0;3,1,940500.0,0,940500.0,947400.0,1.0073365231259968
3,frequency-aligned,2,400,0.01,oracle,5000,0;3,1,940500.0,5000,945500.0,947400.0,1.002009518773136
3,frequency-aligned,2,400,0.01,oracle,20000,0;3,1,940500.0,20000,960500.0,947400.0,0.9863612701717855
3,frequency-aligned,2,400,0.1,frequency,0,1;7,1,954000.0,0,954000.0,947400.0,0.9930817610062893
3,frequency-aligned,2,400,0.1,frequency,5000,1;7,1,954000.0,5000,959000.0,947400.0,0.9879040667361835
3,frequency-aligned,2,400,0.1,frequency,20000,1;7,1,954000.0,20000,974000.0,947400.0,0.9726899383983573
3,frequency-aligned,2,400,0.1,residual,0,1;7,1,954000.0,0,954000.0,947400.0,0.9930817610062893
3,frequency-aligned,2,400,0.1,residual,5000,1;7,1,954000.0,5000,959000.0,947400.0,0.9879040667361835
3,frequency-aligned,2,400,0.1,residual,20000,1;7,1,954000.0,20000,974000.0,947400.0,0.9726899383983573
3,frequency-aligned,2,400,0.1,oracle,0,0;3,1,940500.0,0,940500.0,947400.0,1.0073365231259968
3,frequency-aligned,2,400,0.1,oracle,5000,0;3,1,940500.0,5000,945500.0,947400.0,1.002009518773136
3,frequency-aligned,2,400,0.1,oracle,20000,0;3,1,940500.0,20000,960500.0,947400.0,0.9863612701717855
3,frequency-aligned,2,400,1.0,frequency,0,0;3,1,940500.0,0,940500.0,947400.0,1.0073365231259968
3,frequency-aligned,2,400,1.0,frequency,5000,0;3,1,940500.0,5000,945500.0,947400.0,1.002009518773136
3,frequency-aligned,2,400,1.0,frequency,20000,0;3,1,940500.0,20000,960500.0,947400.0,0.9863612701717855
3,frequency-aligned,2,400,1.0,residual,0,0;3,1,940500.0,0,940500.0,947400.0,1.0073365231259968
3,frequency-aligned,2,400,1.0,residual,5000,0;3,1,940500.0,5000,945500.0,947400.0,1.002009518773136
3,frequency-aligned,2,400,1.0,residual,20000,0;3,1,940500.0,20000,960500.0,947400.0,0.9863612701717855
3,frequency-aligned,2,400,1.0,oracle,0,0;3,1,940500.0,0,940500.0,947400.0,1.0073365231259968
3,frequency-aligned,2,400,1.0,oracle,5000,0;3,1,940500.0,5000,945500.0,947400.0,1.002009518773136
3,frequency-aligned,2,400,1.0,oracle,20000,0;3,1,940500.0,20000,960500.0,947400.0,0.9863612701717855
3,frequency-aligned,4,200,0.01,frequency,0,0;1;5;7,2,513600.0,0,513600.0,511500.0,0.9959112149532711
3,frequency-aligned,4,200,0.01,frequency,5000,0;1;5;7,2,513600.0,10000,523600.0,511500.0,0.976890756302521
3,frequency-aligned,4,200,0.01,frequency,20000,0;1;5;7,2,513600.0,40000,553600.0,511500.0,0.9239523121387283
3,frequency-aligned,4,200,0.01,residual,0,0;1;5;7,2,513600.0,0,513600.0,511500.0,0.9959112149532711
3,frequency-aligned,4,200,0.01,residual,5000,0;1;5;7,2,513600.0,10000,523600.0,511500.0,0.976890756302521
3,frequency-aligned,4,200,0.01,residual,20000,0;1;5;7,2,513600.0,40000,553600.0,511500.0,0.9239523121387283
3,frequency-aligned,4,200,0.01,oracle,0,0;3;4;5,2,510100.0,0,510100.0,511500.0,1.0027445598902176
3,frequency-aligned,4,200,0.01,oracle,5000,0;3;4;5,2,510100.0,10000,520100.0,511500.0,0.9834647183233993
3,frequency-aligned,4,200,0.01,oracle,20000,0;3;4;5,2,510100.0,40000,550100.0,511500.0,0.929830939829122
3,frequency-aligned,4,200,0.1,frequency,0,0;1;5;7,2,513600.0,0,513600.0,511500.0,0.9959112149532711
3,frequency-aligned,4,200,0.1,frequency,5000,0;1;5;7,2,513600.0,10000,523600.0,511500.0,0.976890756302521
3,frequency-aligned,4,200,0.1,frequency,20000,0;1;5;7,2,513600.0,40000,553600.0,511500.0,0.9239523121387283
3,frequency-aligned,4,200,0.1,residual,0,0;1;5;7,2,513600.0,0,513600.0,511500.0,0.9959112149532711
3,frequency-aligned,4,200,0.1,residual,5000,0;1;5;7,2,513600.0,10000,523600.0,511500.0,0.976890756302521
3,frequency-aligned,4,200,0.1,residual,20000,0;1;5;7,2,513600.0,40000,553600.0,511500.0,0.9239523121387283
3,frequency-aligned,4,200,0.1,oracle,0,0;3;4;5,2,510100.0,0,510100.0,511500.0,1.0027445598902176
3,frequency-aligned,4,200,0.1,oracle,5000,0;3;4;5,2,510100.0,10000,520100.0,511500.0,0.9834647183233993
3,frequency-aligned,4,200,0.1,oracle,20000,0;3;4;5,2,510100.0,40000,550100.0,511500.0,0.929830939829122
3,frequency-aligned,4,200,1.0,frequency,0,0;3;5;7,2,511300.0,0,511300.0,511500.0,1.0003911597887738
3,frequency-aligned,4,200,1.0,frequency,5000,0;3;5;7,2,511300.0,10000,521300.0,511500.0,0.9812008440437369
3,frequency-aligned,4,200,1.0,frequency,20000,0;3;5;7,2,511300.0,40000,551300.0,511500.0,0.927807001632505
3,frequency-aligned,4,200,1.0,residual,0,0;3;5;7,2,511300.0,0,511300.0,511500.0,1.0003911597887738
3,frequency-aligned,4,200,1.0,residual,5000,0;3;5;7,2,511300.0,10000,521300.0,511500.0,0.9812008440437369
3,frequency-aligned,4,200,1.0,residual,20000,0;3;5;7,2,511300.0,40000,551300.0,511500.0,0.927807001632505
3,frequency-aligned,4,200,1.0,oracle,0,0;3;4;5,2,510100.0,0,510100.0,511500.0,1.0027445598902176
3,frequency-aligned,4,200,1.0,oracle,5000,0;3;4;5,2,510100.0,10000,520100.0,511500.0,0.9834647183233993
3,frequency-aligned,4,200,1.0,oracle,20000,0;3;4;5,2,510100.0,40000,550100.0,511500.0,0.929830939829122
3,frequency-aligned,4,300,0.01,frequency,0,0;1;5;7,2,667200.0,0,667200.0,663000.0,0.9937050359712231
3,frequency-aligned,4,300,0.01,frequency,5000,0;1;5;7,2,667200.0,10000,677200.0,663000.0,0.9790313053750739
3,frequency-aligned,4,300,0.01,frequency,20000,0;1;5;7,2,667200.0,40000,707200.0,663000.0,0.9375
3,frequency-aligned,4,300,0.01,residual,0,0;1;5;7,2,667200.0,0,667200.0,663000.0,0.9937050359712231
3,frequency-aligned,4,300,0.01,residual,5000,0;1;5;7,2,667200.0,10000,677200.0,663000.0,0.9790313053750739
3,frequency-aligned,4,300,0.01,residual,20000,0;1;5;7,2,667200.0,40000,707200.0,663000.0,0.9375
3,frequency-aligned,4,300,0.01,oracle,0,0;3;4;5,2,660200.0,0,660200.0,663000.0,1.004241139048773
3,frequency-aligned,4,300,0.01,oracle,5000,0;3;4;5,2,660200.0,10000,670200.0,663000.0,0.9892569382273948
3,frequency-aligned,4,300,0.01,oracle,20000,0;3;4;5,2,660200.0,40000,700200.0,663000.0,0.9468723221936589
3,frequency-aligned,4,300,0.1,frequency,0,0;1;5;7,2,667200.0,0,667200.0,663000.0,0.9937050359712231
3,frequency-aligned,4,300,0.1,frequency,5000,0;1;5;7,2,667200.0,10000,677200.0,663000.0,0.9790313053750739
3,frequency-aligned,4,300,0.1,frequency,20000,0;1;5;7,2,667200.0,40000,707200.0,663000.0,0.9375
3,frequency-aligned,4,300,0.1,residual,0,0;1;5;7,2,667200.0,0,667200.0,663000.0,0.9937050359712231
3,frequency-aligned,4,300,0.1,residual,5000,0;1;5;7,2,667200.0,10000,677200.0,663000.0,0.9790313053750739
3,frequency-aligned,4,300,0.1,residual,20000,0;1;5;7,2,667200.0,40000,707200.0,663000.0,0.9375
3,frequency-aligned,4,300,0.1,oracle,0,0;3;4;5,2,660200.0,0,660200.0,663000.0,1.004241139048773
3,frequency-aligned,4,300,0.1,oracle,5000,0;3;4;5,2,660200.0,10000,670200.0,663000.0,0.9892569382273948
3,frequency-aligned,4,300,0.1,oracle,20000,0;3;4;5,2,660200.0,40000,700200.0,663000.0,0.9468723221936589
3,frequency-aligned,4,300,1.0,frequency,0,0;3;5;7,2,662600.0,0,662600.0,663000.0,1.0006036824630244
3,frequency-aligned,4,300,1.0,frequency,5000,0;3;5;7,2,662600.0,10000,672600.0,663000.0,0.9857270294380018
3,frequency-aligned,4,300,1.0,frequency,20000,0;3;5;7,2,662600.0,40000,702600.0,663000.0,0.9436379163108455
3,frequency-aligned,4,300,1.0,residual,0,0;3;5;7,2,662600.0,0,662600.0,663000.0,1.0006036824630244
3,frequency-aligned,4,300,1.0,residual,5000,0;3;5;7,2,662600.0,10000,672600.0,663000.0,0.9857270294380018
3,frequency-aligned,4,300,1.0,residual,20000,0;3;5;7,2,662600.0,40000,702600.0,663000.0,0.9436379163108455
3,frequency-aligned,4,300,1.0,oracle,0,0;3;4;5,2,660200.0,0,660200.0,663000.0,1.004241139048773
3,frequency-aligned,4,300,1.0,oracle,5000,0;3;4;5,2,660200.0,10000,670200.0,663000.0,0.9892569382273948
3,frequency-aligned,4,300,1.0,oracle,20000,0;3;4;5,2,660200.0,40000,700200.0,663000.0,0.9468723221936589
3,frequency-aligned,4,400,0.01,frequency,0,0;1;5;7,2,820800.0,0,820800.0,814500.0,0.9923245614035088
3,frequency-aligned,4,400,0.01,frequency,5000,0;1;5;7,2,820800.0,10000,830800.0,814500.0,0.9803803562831006
3,frequency-aligned,4,400,0.01,frequency,20000,0;1;5;7,2,820800.0,40000,860800.0,814500.0,0.9462128252788105
3,frequency-aligned,4,400,0.01,residual,0,0;1;5;7,2,820800.0,0,820800.0,814500.0,0.9923245614035088
3,frequency-aligned,4,400,0.01,residual,5000,0;1;5;7,2,820800.0,10000,830800.0,814500.0,0.9803803562831006
3,frequency-aligned,4,400,0.01,residual,20000,0;1;5;7,2,820800.0,40000,860800.0,814500.0,0.9462128252788105
3,frequency-aligned,4,400,0.01,oracle,0,0;3;4;5,2,810300.0,0,810300.0,814500.0,1.0051832654572381
3,frequency-aligned,4,400,0.01,oracle,5000,0;3;4;5,2,810300.0,10000,820300.0,814500.0,0.9929294160672925
3,frequency-aligned,4,400,0.01,oracle,20000,0;3;4;5,2,810300.0,40000,850300.0,814500.0,0.9578972127484418
3,frequency-aligned,4,400,0.1,frequency,0,0;1;5;7,2,820800.0,0,820800.0,814500.0,0.9923245614035088
3,frequency-aligned,4,400,0.1,frequency,5000,0;1;5;7,2,820800.0,10000,830800.0,814500.0,0.9803803562831006
3,frequency-aligned,4,400,0.1,frequency,20000,0;1;5;7,2,820800.0,40000,860800.0,814500.0,0.9462128252788105
3,frequency-aligned,4,400,0.1,residual,0,0;1;5;7,2,820800.0,0,820800.0,814500.0,0.9923245614035088
3,frequency-aligned,4,400,0.1,residual,5000,0;1;5;7,2,820800.0,10000,830800.0,814500.0,0.9803803562831006
3,frequency-aligned,4,400,0.1,residual,20000,0;1;5;7,2,820800.0,40000,860800.0,814500.0,0.9462128252788105
3,frequency-aligned,4,400,0.1,oracle,0,0;3;4;5,2,810300.0,0,810300.0,814500.0,1.0051832654572381
3,frequency-aligned,4,400,0.1,oracle,5000,0;3;4;5,2,810300.0,10000,820300.0,814500.0,0.9929294160672925
3,frequency-aligned,4,400,0.1,oracle,20000,0;3;4;5,2,810300.0,40000,850300.0,814500.0,0.9578972127484418
3,frequency-aligned,4,400,1.0,frequency,0,0;3;5;7,2,813900.0,0,813900.0,814500.0,1.0007371913011427
3,frequency-aligned,4,400,1.0,frequency,5000,0;3;5;7,2,813900.0,10000,823900.0,814500.0,0.9885908484039325
3,frequency-aligned,4,400,1.0,frequency,20000,0;3;5;7,2,813900.0,40000,853900.0,814500.0,0.9538587656634266
3,frequency-aligned,4,400,1.0,residual,0,0;3;5;7,2,813900.0,0,813900.0,814500.0,1.0007371913011427
3,frequency-aligned,4,400,1.0,residual,5000,0;3;5;7,2,813900.0,10000,823900.0,814500.0,0.9885908484039325
3,frequency-aligned,4,400,1.0,residual,20000,0;3;5;7,2,813900.0,40000,853900.0,814500.0,0.9538587656634266
3,frequency-aligned,4,400,1.0,oracle,0,0;3;4;5,2,810300.0,0,810300.0,814500.0,1.0051832654572381
3,frequency-aligned,4,400,1.0,oracle,5000,0;3;4;5,2,810300.0,10000,820300.0,814500.0,0.9929294160672925
3,frequency-aligned,4,400,1.0,oracle,20000,0;3;4;5,2,810300.0,40000,850300.0,814500.0,0.9578972127484418
3,frequency-aligned,8,200,0.01,frequency,0,0;1;3;4;5;6;7;8,1,438600.0,0,438600.0,426400.0,0.9721842225262198
3,frequency-aligned,8,200,0.01,frequency,5000,0;1;3;4;5;6;7;8,1,438600.0,5000,443600.0,426400.0,0.9612263300270514
3,frequency-aligned,8,200,0.01,frequency,20000,0;1;3;4;5;6;7;8,1,438600.0,20000,458600.0,426400.0,0.9297863061491496
3,frequency-aligned,8,200,0.01,residual,0,0;1;3;4;5;6;7;8,1,438600.0,0,438600.0,426400.0,0.9721842225262198
3,frequency-aligned,8,200,0.01,residual,5000,0;1;3;4;5;6;7;8,1,438600.0,5000,443600.0,426400.0,0.9612263300270514
3,frequency-aligned,8,200,0.01,residual,20000,0;1;3;4;5;6;7;8,1,438600.0,20000,458600.0,426400.0,0.9297863061491496
3,frequency-aligned,8,200,0.01,oracle,0,0;1;2;3;4;5;6;7,0,426400.0,0,426400.0,426400.0,1.0
3,frequency-aligned,8,200,0.01,oracle,5000,0;1;2;3;4;5;6;7,0,426400.0,0,426400.0,426400.0,1.0
3,frequency-aligned,8,200,0.01,oracle,20000,0;1;2;3;4;5;6;7,0,426400.0,0,426400.0,426400.0,1.0
3,frequency-aligned,8,200,0.1,frequency,0,0;1;2;3;4;5;6;7,0,426400.0,0,426400.0,426400.0,1.0
3,frequency-aligned,8,200,0.1,frequency,5000,0;1;2;3;4;5;6;7,0,426400.0,0,426400.0,426400.0,1.0
3,frequency-aligned,8,200,0.1,frequency,20000,0;1;2;3;4;5;6;7,0,426400.0,0,426400.0,426400.0,1.0
3,frequency-aligned,8,200,0.1,residual,0,0;1;2;3;4;5;6;7,0,426400.0,0,426400.0,426400.0,1.0
3,frequency-aligned,8,200,0.1,residual,5000,0;1;2;3;4;5;6;7,0,426400.0,0,426400.0,426400.0,1.0
3,frequency-aligned,8,200,0.1,residual,20000,0;1;2;3;4;5;6;7,0,426400.0,0,426400.0,426400.0,1.0
3,frequency-aligned,8,200,0.1,oracle,0,0;1;2;3;4;5;6;7,0,426400.0,0,426400.0,426400.0,1.0
3,frequency-aligned,8,200,0.1,oracle,5000,0;1;2;3;4;5;6;7,0,426400.0,0,426400.0,426400.0,1.0
3,frequency-aligned,8,200,0.1,oracle,20000,0;1;2;3;4;5;6;7,0,426400.0,0,426400.0,426400.0,1.0
3,frequency-aligned,8,200,1.0,frequency,0,0;1;2;3;4;5;6;7,0,426400.0,0,426400.0,426400.0,1.0
3,frequency-aligned,8,200,1.0,frequency,5000,0;1;2;3;4;5;6;7,0,426400.0,0,426400.0,426400.0,1.0
3,frequency-aligned,8,200,1.0,frequency,20000,0;1;2;3;4;5;6;7,0,426400.0,0,426400.0,426400.0,1.0
3,frequency-aligned,8,200,1.0,residual,0,0;1;2;3;4;5;6;7,0,426400.0,0,426400.0,426400.0,1.0
3,frequency-aligned,8,200,1.0,residual,5000,0;1;2;3;4;5;6;7,0,426400.0,0,426400.0,426400.0,1.0
3,frequency-aligned,8,200,1.0,residual,20000,0;1;2;3;4;5;6;7,0,426400.0,0,426400.0,426400.0,1.0
3,frequency-aligned,8,200,1.0,oracle,0,0;1;2;3;4;5;6;7,0,426400.0,0,426400.0,426400.0,1.0
3,frequency-aligned,8,200,1.0,oracle,5000,0;1;2;3;4;5;6;7,0,426400.0,0,426400.0,426400.0,1.0
3,frequency-aligned,8,200,1.0,oracle,20000,0;1;2;3;4;5;6;7,0,426400.0,0,426400.0,426400.0,1.0
3,frequency-aligned,8,300,0.01,frequency,0,0;1;3;4;5;6;7;8,1,517200.0,0,517200.0,492800.0,0.9528228924980665
3,frequency-aligned,8,300,0.01,frequency,5000,0;1;3;4;5;6;7;8,1,517200.0,5000,522200.0,492800.0,0.9436997319034852
3,frequency-aligned,8,300,0.01,frequency,20000,0;1;3;4;5;6;7;8,1,517200.0,20000,537200.0,492800.0,0.91734921816828
3,frequency-aligned,8,300,0.01,residual,0,0;1;3;4;5;6;7;8,1,517200.0,0,517200.0,492800.0,0.9528228924980665
3,frequency-aligned,8,300,0.01,residual,5000,0;1;3;4;5;6;7;8,1,517200.0,5000,522200.0,492800.0,0.9436997319034852
3,frequency-aligned,8,300,0.01,residual,20000,0;1;3;4;5;6;7;8,1,517200.0,20000,537200.0,492800.0,0.91734921816828
3,frequency-aligned,8,300,0.01,oracle,0,0;1;2;3;4;5;6;7,0,492800.0,0,492800.0,492800.0,1.0
3,frequency-aligned,8,300,0.01,oracle,5000,0;1;2;3;4;5;6;7,0,492800.0,0,492800.0,492800.0,1.0
3,frequency-aligned,8,300,0.01,oracle,20000,0;1;2;3;4;5;6;7,0,492800.0,0,492800.0,492800.0,1.0
3,frequency-aligned,8,300,0.1,frequency,0,0;1;2;3;4;5;6;7,0,492800.0,0,492800.0,492800.0,1.0
3,frequency-aligned,8,300,0.1,frequency,5000,0;1;2;3;4;5;6;7,0,492800.0,0,492800.0,492800.0,1.0
3,frequency-aligned,8,300,0.1,frequency,20000,0;1;2;3;4;5;6;7,0,492800.0,0,492800.0,492800.0,1.0
3,frequency-aligned,8,300,0.1,residual,0,0;1;2;3;4;5;6;7,0,492800.0,0,492800.0,492800.0,1.0
3,frequency-aligned,8,300,0.1,residual,5000,0;1;2;3;4;5;6;7,0,492800.0,0,492800.0,492800.0,1.0
3,frequency-aligned,8,300,0.1,residual,20000,0;1;2;3;4;5;6;7,0,492800.0,0,492800.0,492800.0,1.0
3,frequency-aligned,8,300,0.1,oracle,0,0;1;2;3;4;5;6;7,0,492800.0,0,492800.0,492800.0,1.0
3,frequency-aligned,8,300,0.1,oracle,5000,0;1;2;3;4;5;6;7,0,492800.0,0,492800.0,492800.0,1.0
3,frequency-aligned,8,300,0.1,oracle,20000,0;1;2;3;4;5;6;7,0,492800.0,0,492800.0,492800.0,1.0
3,frequency-aligned,8,300,1.0,frequency,0,0;1;2;3;4;5;6;7,0,492800.0,0,492800.0,492800.0,1.0
3,frequency-aligned,8,300,1.0,frequency,5000,0;1;2;3;4;5;6;7,0,492800.0,0,492800.0,492800.0,1.0
3,frequency-aligned,8,300,1.0,frequency,20000,0;1;2;3;4;5;6;7,0,492800.0,0,492800.0,492800.0,1.0
3,frequency-aligned,8,300,1.0,residual,0,0;1;2;3;4;5;6;7,0,492800.0,0,492800.0,492800.0,1.0
3,frequency-aligned,8,300,1.0,residual,5000,0;1;2;3;4;5;6;7,0,492800.0,0,492800.0,492800.0,1.0
3,frequency-aligned,8,300,1.0,residual,20000,0;1;2;3;4;5;6;7,0,492800.0,0,492800.0,492800.0,1.0
3,frequency-aligned,8,300,1.0,oracle,0,0;1;2;3;4;5;6;7,0,492800.0,0,492800.0,492800.0,1.0
3,frequency-aligned,8,300,1.0,oracle,5000,0;1;2;3;4;5;6;7,0,492800.0,0,492800.0,492800.0,1.0
3,frequency-aligned,8,300,1.0,oracle,20000,0;1;2;3;4;5;6;7,0,492800.0,0,492800.0,492800.0,1.0
3,frequency-aligned,8,400,0.01,frequency,0,0;1;3;4;5;6;7;8,1,595800.0,0,595800.0,559200.0,0.9385699899295066
3,frequency-aligned,8,400,0.01,frequency,5000,0;1;3;4;5;6;7;8,1,595800.0,5000,600800.0,559200.0,0.9307589880159787
3,frequency-aligned,8,400,0.01,frequency,20000,0;1;3;4;5;6;7;8,1,595800.0,20000,615800.0,559200.0,0.9080870412471582
3,frequency-aligned,8,400,0.01,residual,0,0;1;3;4;5;6;7;8,1,595800.0,0,595800.0,559200.0,0.9385699899295066
3,frequency-aligned,8,400,0.01,residual,5000,0;1;3;4;5;6;7;8,1,595800.0,5000,600800.0,559200.0,0.9307589880159787
3,frequency-aligned,8,400,0.01,residual,20000,0;1;3;4;5;6;7;8,1,595800.0,20000,615800.0,559200.0,0.9080870412471582
3,frequency-aligned,8,400,0.01,oracle,0,0;1;2;3;4;5;6;7,0,559200.0,0,559200.0,559200.0,1.0
3,frequency-aligned,8,400,0.01,oracle,5000,0;1;2;3;4;5;6;7,0,559200.0,0,559200.0,559200.0,1.0
3,frequency-aligned,8,400,0.01,oracle,20000,0;1;2;3;4;5;6;7,0,559200.0,0,559200.0,559200.0,1.0
3,frequency-aligned,8,400,0.1,frequency,0,0;1;2;3;4;5;6;7,0,559200.0,0,559200.0,559200.0,1.0
3,frequency-aligned,8,400,0.1,frequency,5000,0;1;2;3;4;5;6;7,0,559200.0,0,559200.0,559200.0,1.0
3,frequency-aligned,8,400,0.1,frequency,20000,0;1;2;3;4;5;6;7,0,559200.0,0,559200.0,559200.0,1.0
3,frequency-aligned,8,400,0.1,residual,0,0;1;2;3;4;5;6;7,0,559200.0,0,559200.0,559200.0,1.0
3,frequency-aligned,8,400,0.1,residual,5000,0;1;2;3;4;5;6;7,0,559200.0,0,559200.0,559200.0,1.0
3,frequency-aligned,8,400,0.1,residual,20000,0;1;2;3;4;5;6;7,0,559200.0,0,559200.0,559200.0,1.0
3,frequency-aligned,8,400,0.1,oracle,0,0;1;2;3;4;5;6;7,0,559200.0,0,559200.0,559200.0,1.0
3,frequency-aligned,8,400,0.1,oracle,5000,0;1;2;3;4;5;6;7,0,559200.0,0,559200.0,559200.0,1.0
3,frequency-aligned,8,400,0.1,oracle,20000,0;1;2;3;4;5;6;7,0,559200.0,0,559200.0,559200.0,1.0
3,frequency-aligned,8,400,1.0,frequency,0,0;1;2;3;4;5;6;7,0,559200.0,0,559200.0,559200.0,1.0
3,frequency-aligned,8,400,1.0,frequency,5000,0;1;2;3;4;5;6;7,0,559200.0,0,559200.0,559200.0,1.0
3,frequency-aligned,8,400,1.0,frequency,20000,0;1;2;3;4;5;6;7,0,559200.0,0,559200.0,559200.0,1.0
3,frequency-aligned,8,400,1.0,residual,0,0;1;2;3;4;5;6;7,0,559200.0,0,559200.0,559200.0,1.0
3,frequency-aligned,8,400,1.0,residual,5000,0;1;2;3;4;5;6;7,0,559200.0,0,559200.0,559200.0,1.0
3,frequency-aligned,8,400,1.0,residual,20000,0;1;2;3;4;5;6;7,0,559200.0,0,559200.0,559200.0,1.0
3,frequency-aligned,8,400,1.0,oracle,0,0;1;2;3;4;5;6;7,0,559200.0,0,559200.0,559200.0,1.0
3,frequency-aligned,8,400,1.0,oracle,5000,0;1;2;3;4;5;6;7,0,559200.0,0,559200.0,559200.0,1.0
3,frequency-aligned,8,400,1.0,oracle,20000,0;1;2;3;4;5;6;7,0,559200.0,0,559200.0,559200.0,1.0
3,prefetch-hidden,2,200,0.01,frequency,0,3;5,2,248859.8006872781,0,248859.8006872781,248847.4043417087,0.9999501874327024
3,prefetch-hidden,2,200,0.01,frequency,5000,3;5,2,248859.8006872781,10000,258859.8006872781,248847.4043417087,0.9613211618065598
3,prefetch-hidden,2,200,0.01,frequency,20000,3;5,2,248859.8006872781,40000,288859.8006872781,248847.4043417087,0.8614816037040504
3,prefetch-hidden,2,200,0.01,residual,0,9;11,2,231239.98704063718,0,231239.98704063718,248847.4043417087,1.0761434798816922
3,prefetch-hidden,2,200,0.01,residual,5000,9;11,2,231239.98704063718,10000,241239.98704063718,248847.4043417087,1.0315346447924905
3,prefetch-hidden,2,200,0.01,residual,20000,9;11,2,231239.98704063718,40000,271239.9870406372,248847.4043417087,0.9174436522312117
3,prefetch-hidden,2,200,0.01,oracle,0,9;10,2,231239.98704063718,0,231239.98704063718,248847.4043417087,1.0761434798816922
3,prefetch-hidden,2,200,0.01,oracle,5000,9;10,2,231239.98704063718,10000,241239.98704063718,248847.4043417087,1.0315346447924905
3,prefetch-hidden,2,200,0.01,oracle,20000,9;10,2,231239.98704063718,40000,271239.9870406372,248847.4043417087,0.9174436522312117
3,prefetch-hidden,2,200,0.1,frequency,0,3;5,2,248859.8006872781,0,248859.8006872781,248847.4043417087,0.9999501874327024
3,prefetch-hidden,2,200,0.1,frequency,5000,3;5,2,248859.8006872781,10000,258859.8006872781,248847.4043417087,0.9613211618065598
3,prefetch-hidden,2,200,0.1,frequency,20000,3;5,2,248859.8006872781,40000,288859.8006872781,248847.4043417087,0.8614816037040504
3,prefetch-hidden,2,200,0.1,residual,0,12;14,2,235039.98704063718,0,235039.98704063718,248847.4043417087,1.0587449713341088
3,prefetch-hidden,2,200,0.1,residual,5000,12;14,2,235039.98704063718,10000,245039.98704063718,248847.4043417087,1.015537942794782
3,prefetch-hidden,2,200,0.1,residual,20000,12;14,2,235039.98704063718,40000,275039.9870406372,248847.4043417087,0.9047680921572377
3,prefetch-hidden,2,200,0.1,oracle,0,9;10,2,231239.98704063718,0,231239.98704063718,248847.4043417087,1.0761434798816922
3,prefetch-hidden,2,200,0.1,oracle,5000,9;10,2,231239.98704063718,10000,241239.98704063718,248847.4043417087,1.0315346447924905
3,prefetch-hidden,2,200,0.1,oracle,20000,9;10,2,231239.98704063718,40000,271239.9870406372,248847.4043417087,0.9174436522312117
3,prefetch-hidden,2,200,1.0,frequency,0,0;7,1,248854.84278365393,0,248854.84278365393,248847.4043417087,0.9999701093140803
3,prefetch-hidden,2,200,1.0,frequency,5000,0;7,1,248854.84278365393,5000,253854.84278365393,248847.4043417087,0.9802744025403022
3,prefetch-hidden,2,200,1.0,frequency,20000,0;7,1,248854.84278365393,20000,268854.84278365393,248847.4043417087,0.925582748538976
3,prefetch-hidden,2,200,1.0,residual,0,10;15,2,232339.98704063718,0,232339.98704063718,248847.4043417087,1.071048541886095
3,prefetch-hidden,2,200,1.0,residual,5000,10;15,2,232339.98704063718,10000,242339.98704063718,248847.4043417087,1.0268524290214653
3,prefetch-hidden,2,200,1.0,residual,20000,10;15,2,232339.98704063718,40000,272339.9870406372,248847.4043417087,0.9137380340132606
3,prefetch-hidden,2,200,1.0,oracle,0,9;10,2,231239.98704063718,0,231239.98704063718,248847.4043417087,1.0761434798816922
3,prefetch-hidden,2,200,1.0,oracle,5000,9;10,2,231239.98704063718,10000,241239.98704063718,248847.4043417087,1.0315346447924905
3,prefetch-hidden,2,200,1.0,oracle,20000,9;10,2,231239.98704063718,40000,271239.9870406372,248847.4043417087,0.9174436522312117
3,prefetch-hidden,2,300,0.01,frequency,0,3;5,2,329446.6000492063,0,329446.6000492063,329376.96210997144,0.9997886214663486
3,prefetch-hidden,2,300,0.01,frequency,5000,3;5,2,329446.6000492063,10000,339446.6000492063,329376.96210997144,0.9703351338980118
3,prefetch-hidden,2,300,0.01,frequency,20000,3;5,2,329446.6000492063,40000,369446.6000492063,329376.96210997144,0.8915414624633221
3,prefetch-hidden,2,300,0.01,residual,0,9;11,2,299866.4340515927,0,299866.4340515927,329376.96210997144,1.0984122419426956
3,prefetch-hidden,2,300,0.01,residual,5000,9;11,2,299866.4340515927,10000,309866.4340515927,329376.96210997144,1.0629643159579207
3,prefetch-hidden,2,300,0.01,residual,20000,9;11,2,299866.4340515927,40000,339866.4340515927,329376.96210997144,0.969136487482524
3,prefetch-hidden,2,300,0.01,oracle,0,9;10,2,299866.4340515927,0,299866.4340515927,329376.96210997144,1.0984122419426956
3,prefetch-hidden,2,300,0.01,oracle,5000,9;10,2,299866.4340515927,10000,309866.4340515927,329376.96210997144,1.0629643159579207
3,prefetch-hidden,2,300,0.01,oracle,20000,9;10,2,299866.4340515927,40000,339866.4340515927,329376.96210997144,0.969136487482524
3,prefetch-hidden,2,300,0.1,frequency,0,3;5,2,329446.6000492063,0,329446.6000492063,329376.96210997144,0.9997886214663486
3,prefetch-hidden,2,300,0.1,frequency,5000,3;5,2,329446.6000492063,10000,339446.6000492063,329376.96210997144,0.9703351338980118
3,prefetch-hidden,2,300,0.1,frequency,20000,3;5,2,329446.6000492063,40000,369446.6000492063,329376.96210997144,0.8915414624633221
3,prefetch-hidden,2,300,0.1,residual,0,12;14,2,307466.4340515927,0,307466.4340515927,329376.96210997144,1.0712615285176208
3,prefetch-hidden,2,300,0.1,residual,5000,12;14,2,307466.4340515927,10000,317466.4340515927,329376.96210997144,1.0375174405255174
3,prefetch-hidden,2,300,0.1,residual,20000,12;14,2,307466.4340515927,40000,347466.4340515927,329376.96210997144,0.9479389369191981
3,prefetch-hidden,2,300,0.1,oracle,0,9;10,2,299866.4340515927,0,299866.4340515927,329376.96210997144,1.0984122419426956
3,prefetch-hidden,2,300,0.1,oracle,5000,9;10,2,299866.4340515927,10000,309866.4340515927,329376.96210997144,1.0629643159579207
3,prefetch-hidden,2,300,0.1,oracle,20000,9;10,2,299866.4340515927,40000,339866.4340515927,329376.96210997144,0.969136487482524
3,prefetch-hidden,2,300,1.0,frequency,0,0;7,1,329318.00261915766,0,329318.00261915766,329376.96210997144,1.0001790351281887
3,prefetch-hidden,2,300,1.0,frequency,5000,0;7,1,329318.00261915766,5000,334318.00261915766,329376.96210997144,0.9852205371219125
3,prefetch-hidden,2,300,1.0,frequency,20000,0;7,1,329318.00261915766,20000,349318.00261915766,329376.96210997144,0.9429143635321686
3,prefetch-hidden,2,300,1.0,residual,0,10;15,2,302066.4340515927,0,302066.4340515927,329376.96210997144,1.090412323183562
3,prefetch-hidden,2,300,1.0,residual,5000,10;15,2,302066.4340515927,10000,312066.4340515927,329376.96210997144,1.0554706503792615
3,prefetch-hidden,2,300,1.0,residual,20000,10;15,2,302066.4340515927,40000,342066.4340515927,329376.96210997144,0.9629034869299472
3,prefetch-hidden,2,300,1.0,oracle,0,9;10,2,299866.4340515927,0,299866.4340515927,329376.96210997144,1.0984122419426956
3,prefetch-hidden,2,300,1.0,oracle,5000,9;10,2,299866.4340515927,10000,309866.4340515927,329376.96210997144,1.0629643159579207
3,prefetch-hidden,2,300,1.0,oracle,20000,9;10,2,299866.4340515927,40000,339866.4340515927,329376.96210997144,0.969136487482524
3,prefetch-hidden,2,400,0.01,frequency,0,3;5,2,425629.7475379487,0,425629.7475379487,425963.2212687152,1.000783483139267
3,prefetch-hidden,2,400,0.01,frequency,5000,3;5,2,425629.7475379487,10000,435629.7475379487,425963.2212687152,0.977810224568304
3,prefetch-hidden,2,400,0.01,frequency,20000,3;5,2,425629.7475379487,40000,465629.7475379487,425963.2212687152,0.9148110135166984
3,prefetch-hidden,2,400,0.01,residual,0,9;11,2,389653.1970497362,0,389653.1970497362,425963.2212687152,1.0931854903126699
3,prefetch-hidden,2,400,0.01,residual,5000,9;11,2,389653.1970497362,10000,399653.1970497362,425963.2212687152,1.065832137496212
3,prefetch-hidden,2,400,0.01,residual,20000,9;11,2,389653.1970497362,40000,429653.1970497362,425963.2212687152,0.9914117343793584
3,prefetch-hidden,2,400,0.01,oracle,0,9;10,2,389653.1970497362,0,389653.1970497362,425963.2212687152,1.0931854903126699
3,prefetch-hidden,2,400,0.01,oracle,5000,9;10,2,389653.1970497362,10000,399653.1970497362,425963.2212687152,1.065832137496212
3,prefetch-hidden,2,400,0.01,oracle,20000,9;10,2,389653.1970497362,40000,429653.1970497362,425963.2212687152,0.9914117343793584
3,prefetch-hidden,2,400,0.1,frequency,0,3;5,2,425629.7475379487,0,425629.7475379487,425963.2212687152,1.000783483139267
3,prefetch-hidden,2,400,0.1,frequency,5000,3;5,2,425629.7475379487,10000,435629.7475379487,425963.2212687152,0.977810224568304
3,prefetch-hidden,2,400,0.1,frequency,20000,3;5,2,425629.7475379487,40000,465629.7475379487,425963.2212687152,0.9148110135166984
3,prefetch-hidden,2,400,0.1,residual,0,12;14,2,401053.1970497362,0,401053.1970497362,425963.2212687152,1.0621115213697943
3,prefetch-hidden,2,400,0.1,residual,5000,12;14,2,401053.1970497362,10000,411053.1970497362,425963.2212687152,1.0362727362929984
3,prefetch-hidden,2,400,0.1,residual,20000,12;14,2,401053.1970497362,40000,441053.1970497362,425963.2212687152,0.9657864949580689
3,prefetch-hidden,2,400,0.1,oracle,0,9;10,2,389653.1970497362,0,389653.1970497362,425963.2212687152,1.0931854903126699
3,prefetch-hidden,2,400,0.1,oracle,5000,9;10,2,389653.1970497362,10000,399653.1970497362,425963.2212687152,1.065832137496212
3,prefetch-hidden,2,400,0.1,oracle,20000,9;10,2,389653.1970497362,40000,429653.1970497362,425963.2212687152,0.9914117343793584
3,prefetch-hidden,2,400,1.0,frequency,0,0;7,1,425838.6331599731,0,425838.6331599731,425963.2212687152,1.0002925711737745
3,prefetch-hidden,2,400,1.0,frequency,5000,0;7,1,425838.6331599731,5000,430838.6331599731,425963.2212687152,0.9886839027050586
3,prefetch-hidden,2,400,1.0,frequency,20000,0;7,1,425838.6331599731,20000,445838.6331599731,425963.2212687152,0.9554201668204777
3,prefetch-hidden,2,400,1.0,residual,0,10;15,2,392953.1970497362,0,392953.1970497362,425963.2212687152,1.0840049768441022
3,prefetch-hidden,2,400,1.0,residual,5000,10;15,2,392953.1970497362,10000,402953.1970497362,425963.2212687152,1.0571034660785652
3,prefetch-hidden,2,400,1.0,residual,20000,10;15,2,392953.1970497362,40000,432953.1970497362,425963.2212687152,0.9838551237670662
3,prefetch-hidden,2,400,1.0,oracle,0,9;10,2,389653.1970497362,0,389653.1970497362,425963.2212687152,1.0931854903126699
3,prefetch-hidden,2,400,1.0,oracle,5000,9;10,2,389653.1970497362,10000,399653.1970497362,425963.2212687152,1.065832137496212
3,prefetch-hidden,2,400,1.0,oracle,20000,9;10,2,389653.1970497362,40000,429653.1970497362,425963.2212687152,0.9914117343793584
3,prefetch-hidden,4,200,0.01,frequency,0,0;3;5;7,2,248674.65643029485,0,248674.65643029485,248668.82240147982,0.9999765395119118
3,prefetch-hidden,4,200,0.01,frequency,5000,0;3;5;7,2,248674.65643029485,10000,258674.65643029485,248668.82240147982,0.9613188467440322
3,prefetch-hidden,4,200,0.01,frequency,20000,0;3;5;7,2,248674.65643029485,40000,288674.65643029485,248668.82240147982,0.8614154961730245
3,prefetch-hidden,4,200,0.01,residual,0,9;10;11;12,4,215439.98704063718,0,215439.98704063718,248668.82240147982,1.1542370839196852
3,prefetch-hidden,4,200,0.01,residual,5000,9;10;11;12,4,215439.98704063718,20000,235439.98704063718,248668.82240147982,1.0561877169937124
3,prefetch-hidden,4,200,0.01,residual,20000,9;10;11;12,4,215439.98704063718,80000,295439.9870406372,248668.82240147982,0.8416897959289307
3,prefetch-hidden,4,200,0.01,oracle,0,8;9;10;11,4,214239.98704063718,0,214239.98704063718,248668.82240147982,1.1607021912035131
3,prefetch-hidden,4,200,0.01,oracle,5000,8;9;10;11,4,214239.98704063718,20000,234239.98704063718,248668.82240147982,1.0615985150235663
3,prefetch-hidden,4,200,0.01,oracle,20000,8;9;10;11,4,214239.98704063718,80000,294239.9870406372,248668.82240147982,0.845122462458294
3,prefetch-hidden,4,200,0.1,frequency,0,0;3;5;7,2,248674.65643029485,0,248674.65643029485,248668.82240147982,0.9999765395119118
3,prefetch-hidden,4,200,0.1,frequency,5000,0;3;5;7,2,248674.65643029485,10000,258674.65643029485,248668.82240147982,0.9613188467440322
3,prefetch-hidden,4,200,0.1,frequency,20000,0;3;5;7,2,248674.65643029485,40000,288674.65643029485,248668.82240147982,0.8614154961730245
3,prefetch-hidden,4,200,0.1,residual,0,10;11;12;14,4,217639.98704063718,0,217639.98704063718,248668.82240147982,1.1425695515918635
3,prefetch-hidden,4,200,0.1,residual,5000,10;11;12;14,4,217639.98704063718,20000,237639.98704063718,248668.82240147982,1.0464098466684257
3,prefetch-hidden,4,200,0.1,residual,20000,10;11;12;14,4,217639.98704063718,80000,297639.9870406372,248668.82240147982,0.8354684626683871
3,prefetch-hidden,4,200,0.1,oracle,0,8;9;10;11,4,214239.98704063718,0,214239.98704063718,248668.82240147982,1.1607021912035131
3,prefetch-hidden,4,200,0.1,oracle,5000,8;9;10;11,4,214239.98704063718,20000,234239.98704063718,248668.82240147982,1.0615985150235663
3,prefetch-hidden,4,200,0.1,oracle,20000,8;9;10;11,4,214239.98704063718,80000,294239.9870406372,248668.82240147982,0.845122462458294
3,prefetch-hidden,4,200,1.0,frequency,0,0;3;5;7,2,248674.65643029485,0,248674.65643029485,248668.82240147982,0.9999765395119118
3,prefetch-hidden,4,200,1.0,frequency,5000,0;3;5;7,2,248674.65643029485,10000,258674.65643029485,248668.82240147982,0.9613188467440322
3,prefetch-hidden,4,200,1.0,frequency,20000,0;3;5;7,2,248674.65643029485,40000,288674.65643029485,248668.82240147982,0.8614154961730245
3,prefetch-hidden,4,200,1.0,residual,0,8;10;12;15,4,216939.98704063718,0,216939.98704063718,248668.82240147982,1.1462562794147269
3,prefetch-hidden,4,200,1.0,residual,5000,8;10;12;15,4,216939.98704063718,20000,236939.98704063718,248668.82240147982,1.049501291476103
3,prefetch-hidden,4,200,1.0,residual,20000,8;10;12;15,4,216939.98704063718,80000,296939.9870406372,248668.82240147982,0.8374379782250367
3,prefetch-hidden,4,200,1.0,oracle,0,8;9;10;11,4,214239.98704063718,0,214239.98704063718,248668.82240147982,1.1607021912035131
3,prefetch-hidden,4,200,1.0,oracle,5000,8;9;10;11,4,214239.98704063718,20000,234239.98704063718,248668.82240147982,1.0615985150235663
3,prefetch-hidden,4,200,1.0,oracle,20000,8;9;10;11,4,214239.98704063718,80000,294239.9870406372,248668.82240147982,0.845122462458294
3,prefetch-hidden,4,300,0.01,frequency,0,0;3;5;7,2,323298.16861677123,0,323298.16861677123,323271.5021551802,0.9999175174369063
3,prefetch-hidden,4,300,0.01,frequency,5000,0;3;5;7,2,323298.16861677123,10000,333298.16861677123,323271.5021551802,0.9699168270164732
3,prefetch-hidden,4,300,0.01,frequency,20000,0;3;5;7,2,323298.16861677123,40000,363298.16861677123,323271.5021551802,0.8898241997365708
3,prefetch-hidden,4,300,0.01,residual,0,9;10;11;12,4,268266.4340515927,0,268266.4340515927,323271.5021551802,1.2050389505420158
3,prefetch-hidden,4,300,0.01,residual,5000,9;10;11;12,4,268266.4340515927,20000,288266.4340515927,323271.5021551802,1.1214330354442947
3,prefetch-hidden,4,300,0.01,residual,20000,9;10;11;12,4,268266.4340515927,80000,348266.4340515927,323271.5021551802,0.9282304309214314
3,prefetch-hidden,4,300,0.01,oracle,0,8;9;10;11,4,265866.4340515927,0,265866.4340515927,323271.5021551802,1.215916944567917
3,prefetch-hidden,4,300,0.01,oracle,5000,8;9;10;11,4,265866.4340515927,20000,285866.4340515927,323271.5021551802,1.1308480592612586
3,prefetch-hidden,4,300,0.01,oracle,20000,8;9;10;11,4,265866.4340515927,80000,345866.4340515927,323271.5021551802,0.9346715099475595
3,prefetch-hidden,4,300,0.1,frequency,0,0;3;5;7,2,323298.16861677123,0,323298.16861677123,323271.5021551802,0.9999175174369063
3,prefetch-hidden,4,300,0.1,frequency,5000,0;3;5;7,2,323298.16861677123,10000,333298.16861677123,323271.5021551802,0.9699168270164732
3,prefetch-hidden,4,300,0.1,frequency,20000,0;3;5;7,2,323298.16861677123,40000,363298.16861677123,323271.5021551802,0.8898241997365708
3,prefetch-hidden,4,300,0.1,residual,0,10;11;12;14,4,272666.4340515927,0,272666.4340515927,323271.5021551802,1.1855933176359075
3,prefetch-hidden,4,300,0.1,residual,5000,10;11;12;14,4,272666.4340515927,20000,292666.4340515927,323271.5021551802,1.1045732087547568
3,prefetch-hidden,4,300,0.1,residual,20000,10;11;12;14,4,272666.4340515927,80000,352666.4340515927,323271.5021551802,0.9166494765075595
3,prefetch-hidden,4,300,0.1,oracle,0,8;9;10;11,4,265866.4340515927,0,265866.4340515927,323271.5021551802,1.215916944567917
3,prefetch-hidden,4,300,0.1,oracle,5000,8;9;10;11,4,265866.4340515927,20000,285866.4340515927,323271.5021551802,1.1308480592612586
3,prefetch-hidden,4,300,0.1,oracle,20000,8;9;10;11,4,265866.4340515927,80000,345866.4340515927,323271.5021551802,0.9346715099475595
3,prefetch-hidden,4,300,1.0,frequency,0,0;3;5;7,2,323298.16861677123,0,323298.16861677123,323271.5021551802,0.9999175174369063
3,prefetch-hidden,4,300,1.0,frequency,5000,0;3;5;7,2,323298.16861677123,10000,333298.16861677123,323271.5021551802,0.9699168270164732
3,prefetch-hidden,4,300,1.0,frequency,20000,0;3;5;7,2,323298.16861677123,40000,363298.16861677123,323271.5021551802,0.8898241997365708
3,prefetch-hidden,4,300,1.0,residual,0,8;10;12;15,4,271266.4340515927,0,271266.4340515927,323271.5021551802,1.191712138235638
3,prefetch-hidden,4,300,1.0,residual,5000,8;10;12;15,4,271266.4340515927,20000,291266.4340515927,323271.5021551802,1.109882445630238
3,prefetch-hidden,4,300,1.0,residual,20000,8;10;12;15,4,271266.4340515927,80000,351266.4340515927,323271.5021551802,0.9203028550906156
3,prefetch-hidden,4,300,1.0,oracle,0,8;9;10;11,4,265866.4340515927,0,265866.4340515927,323271.5021551802,1.215916944567917
3,prefetch-hidden,4,300,1.0,oracle,5000,8;9;10;11,4,265866.4340515927,20000,285866.4340515927,323271.5021551802,1.1308480592612586
3,prefetch-hidden,4,300,1.0,oracle,20000,8;9;10;11,4,265866.4340515927,80000,345866.4340515927,323271.5021551802,0.9346715099475595
3,prefetch-hidden,4,400,0.01,frequency,0,0;3;5;7,2,408415.1836481856,0,408415.1836481856,408149.265723456,0.9993489029414767
3,prefetch-hidden,4,400,0.01,frequency,5000,0;3;5;7,2,408415.1836481856,10000,418415.1836481856,408149.265723456,0.975464757671506
3,prefetch-hidden,4,400,0.01,frequency,20000,0;3;5;7,2,408415.1836481856,40000,448415.1836481856,408149.265723456,0.9102039373485596
3,prefetch-hidden,4,400,0.01,residual,0,9;10;11;12,4,342253.19704973616,0,342253.19704973616,408149.265723456,1.1925360208224551
3,prefetch-hidden,4,400,0.01,residual,5000,9;10;11;12,4,342253.19704973616,20000,362253.19704973616,408149.265723456,1.1266961038508612
3,prefetch-hidden,4,400,0.01,residual,20000,9;10;11;12,4,342253.19704973616,80000,422253.19704973616,408149.265723456,0.9665984025110439
3,prefetch-hidden,4,400,0.01,oracle,0,8;9;10;11,4,338653.19704973616,0,338653.19704973616,408149.265723456,1.2052130890219037
3,prefetch-hidden,4,400,0.01,oracle,5000,8;9;10;11,4,338653.19704973616,20000,358653.19704973616,408149.265723456,1.1380053742190843
3,prefetch-hidden,4,400,0.01,oracle,20000,8;9;10;11,4,338653.19704973616,80000,418653.19704973616,408149.265723456,0.9749101848491741
3,prefetch-hidden,4,400,0.1,frequency,0,0;3;5;7,2,408415.1836481856,0,408415.1836481856,408149.265723456,0.9993489029414767
3,prefetch-hidden,4,400,0.1,frequency,5000,0;3;5;7,2,408415.1836481856,10000,418415.1836481856,408149.265723456,0.975464757671506
3,prefetch-hidden,4,400,0.1,frequency,20000,0;3;5;7,2,408415.1836481856,40000,448415.1836481856,408149.265723456,0.9102039373485596
3,prefetch-hidden,4,400,0.1,residual,0,10;11;12;14,4,348853.19704973616,0,348853.19704973616,408149.265723456,1.1699742733481842
3,prefetch-hidden,4,400,0.1,residual,5000,10;11;12;14,4,348853.19704973616,20000,368853.19704973616,408149.265723456,1.1065357952378576
3,prefetch-hidden,4,400,0.1,residual,20000,10;11;12;14,4,348853.19704973616,80000,428853.19704973616,408149.265723456,0.9517225673757096
3,prefetch-hidden,4,400,0.1,oracle,0,8;9;10;11,4,338653.19704973616,0,338653.19704973616,408149.265723456,1.2052130890219037
3,prefetch-hidden,4,400,0.1,oracle,5000,8;9;10;11,4,338653.19704973616,20000,358653.19704973616,408149.265723456,1.1380053742190843
3,prefetch-hidden,4,400,0.1,oracle,20000,8;9;10;11,4,338653.19704973616,80000,418653.19704973616,408149.265723456,0.9749101848491741
3,prefetch-hidden,4,400,1.0,frequency,0,0;3;5;7,2,408415.1836481856,0,408415.1836481856,408149.265723456,0.9993489029414767
3,prefetch-hidden,4,400,1.0,frequency,5000,0;3;5;7,2,408415.1836481856,10000,418415.1836481856,408149.265723456,0.975464757671506
3,prefetch-hidden,4,400,1.0,frequency,20000,0;3;5;7,2,408415.1836481856,40000,448415.1836481856,408149.265723456,0.9102039373485596
3,prefetch-hidden,4,400,1.0,residual,0,8;10;12;15,4,346753.19704973616,0,346753.19704973616,408149.265723456,1.1770598488956787
3,prefetch-hidden,4,400,1.0,residual,5000,8;10;12;15,4,346753.19704973616,20000,366753.19704973616,408149.265723456,1.1128717322895103
3,prefetch-hidden,4,400,1.0,residual,20000,8;10;12;15,4,346753.19704973616,80000,426753.19704973616,408149.265723456,0.956405877085645
3,prefetch-hidden,4,400,1.0,oracle,0,8;9;10;11,4,338653.19704973616,0,338653.19704973616,408149.265723456,1.2052130890219037
3,prefetch-hidden,4,400,1.0,oracle,5000,8;9;10;11,4,338653.19704973616,20000,358653.19704973616,408149.265723456,1.1380053742190843
3,prefetch-hidden,4,400,1.0,oracle,20000,8;9;10;11,4,338653.19704973616,80000,418653.19704973616,408149.265723456,0.9749101848491741
3,prefetch-hidden,8,200,0.01,frequency,0,0;3;4;5;6;7;9;11,2,230753.60815234488,0,230753.60815234488,248400.0,1.0764728750676993
3,prefetch-hidden,8,200,0.01,frequency,5000,0;3;4;5;6;7;9;11,2,230753.60815234488,10000,240753.60815234488,248400.0,1.0317602378063493
3,prefetch-hidden,8,200,0.01,frequency,20000,0;3;4;5;6;7;9;11,2,230753.60815234488,40000,270753.6081523449,248400.0,0.9174392972825419
3,prefetch-hidden,8,200,0.01,residual,0,0;3;4;9;10;11;12;14,5,208263.78984922703,0,208263.78984922703,248400.0,1.192718139719966
3,prefetch-hidden,8,200,0.01,residual,5000,0;3;4;9;10;11;12;14,5,208263.78984922703,25000,233263.78984922703,248400.0,1.0648888117635251
3,prefetch-hidden,8,200,0.01,residual,20000,0;3;4;9;10;11;12;14,5,208263.78984922703,100000,308263.78984922706,248400.0,0.805803367698468
3,prefetch-hidden,8,200,0.01,oracle,0,8;9;10;11;12;13;14;15,8,184839.98704063718,0,184839.98704063718,248400.0,1.3438650585134975
3,prefetch-hidden,8,200,0.01,oracle,5000,8;9;10;11;12;13;14;15,8,184839.98704063718,40000,224839.98704063718,248400.0,1.1047856890113796
3,prefetch-hidden,8,200,0.01,oracle,20000,8;9;10;11;12;13;14;15,8,184839.98704063718,160000,344839.9870406372,248400.0,0.720334095044284
3,prefetch-hidden,8,200,0.1,frequency,0,0;2;3;4;5;6;7;12,1,241375.36789324624,0,241375.36789324624,248400.0,1.029102522631309
3,prefetch-hidden,8,200,0.1,frequency,5000,0;2;3;4;5;6;7;12,1,241375.36789324624,5000,246375.36789324624,248400.0,1.008217672586616
3,prefetch-hidden,8,200,0.1,frequency,20000,0;2;3;4;5;6;7;12,1,241375.36789324624,20000,261375.36789324624,248400.0,0.9503573424005823
3,prefetch-hidden,8,200,0.1,residual,0,8;9;10;11;12;13;14;15,8,184839.98704063718,0,184839.98704063718,248400.0,1.3438650585134975
3,prefetch-hidden,8,200,0.1,residual,5000,8;9;10;11;12;13;14;15,8,184839.98704063718,40000,224839.98704063718,248400.0,1.1047856890113796
3,prefetch-hidden,8,200,0.1,residual,20000,8;9;10;11;12;13;14;15,8,184839.98704063718,160000,344839.9870406372,248400.0,0.720334095044284
3,prefetch-hidden,8,200,0.1,oracle,0,8;9;10;11;12;13;14;15,8,184839.98704063718,0,184839.98704063718,248400.0,1.3438650585134975
3,prefetch-hidden,8,200,0.1,oracle,5000,8;9;10;11;12;13;14;15,8,184839.98704063718,40000,224839.98704063718,248400.0,1.1047856890113796
3,prefetch-hidden,8,200,0.1,oracle,20000,8;9;10;11;12;13;14;15,8,184839.98704063718,160000,344839.9870406372,248400.0,0.720334095044284
3,prefetch-hidden,8,200,1.0,frequency,0,0;1;2;3;4;5;6;7,0,248400.0,0,248400.0,248400.0,1.0
3,prefetch-hidden,8,200,1.0,frequency,5000,0;1;2;3;4;5;6;7,0,248400.0,0,248400.0,248400.0,1.0
3,prefetch-hidden,8,200,1.0,frequency,20000,0;1;2;3;4;5;6;7,0,248400.0,0,248400.0,248400.0,1.0
3,prefetch-hidden,8,200,1.0,residual,0,8;9;10;11;12;13;14;15,8,184839.98704063718,0,184839.98704063718,248400.0,1.3438650585134975
3,prefetch-hidden,8,200,1.0,residual,5000,8;9;10;11;12;13;14;15,8,184839.98704063718,40000,224839.98704063718,248400.0,1.1047856890113796
3,prefetch-hidden,8,200,1.0,residual,20000,8;9;10;11;12;13;14;15,8,184839.98704063718,160000,344839.9870406372,248400.0,0.720334095044284
3,prefetch-hidden,8,200,1.0,oracle,0,8;9;10;11;12;13;14;15,8,184839.98704063718,0,184839.98704063718,248400.0,1.3438650585134975
3,prefetch-hidden,8,200,1.0,oracle,5000,8;9;10;11;12;13;14;15,8,184839.98704063718,40000,224839.98704063718,248400.0,1.1047856890113796
3,prefetch-hidden,8,200,1.0,oracle,20000,8;9;10;11;12;13;14;15,8,184839.98704063718,160000,344839.9870406372,248400.0,0.720334095044284
3,prefetch-hidden,8,300,0.01,frequency,0,0;3;4;5;6;7;9;11,2,282607.74461427686,0,282607.74461427686,312600.0,1.1061267992731718
3,prefetch-hidden,8,300,0.01,frequency,5000,0;3;4;5;6;7;9;11,2,282607.74461427686,10000,292607.74461427686,312600.0,1.0683244232379339
3,prefetch-hidden,8,300,0.01,frequency,20000,0;3;4;5;6;7;9;11,2,282607.74461427686,40000,322607.74461427686,312600.0,0.9689785977511404
3,prefetch-hidden,8,300,0.01,residual,0,3;4;5;9;10;11;12;14,5,245815.5538538577,0,245815.5538538577,312600.0,1.2716851928167532
3,prefetch-hidden,8,300,0.01,residual,5000,3;4;5;9;10;11;12;14,5,245815.5538538577,25000,270815.5538538577,312600.0,1.154291160723696
3,prefetch-hidden,8,300,0.01,residual,20000,3;4;5;9;10;11;12;14,5,245815.5538538577,100000,345815.5538538577,312600.0,0.9039500870227062
3,prefetch-hidden,8,300,0.01,oracle,0,8;9;10;11;12;13;14;15,8,207066.43405159272,0,207066.43405159272,312600.0,1.5096604209744227
3,prefetch-hidden,8,300,0.01,oracle,5000,8;9;10;11;12;13;14;15,8,207066.43405159272,40000,247066.43405159272,312600.0,1.2652467389994486
3,prefetch-hidden,8,300,0.01,oracle,20000,8;9;10;11;12;13;14;15,8,207066.43405159272,160000,367066.4340515927,312600.0,0.8516169581336951
3,prefetch-hidden,8,300,0.1,frequency,0,0;2;3;4;5;6;7;12,1,301273.5122760813,0,301273.5122760813,312600.0,1.0375953652159746
3,prefetch-hidden,8,300,0.1,frequency,5000,0;2;3;4;5;6;7;12,1,301273.5122760813,5000,306273.5122760813,312600.0,1.0206563332130918
3,prefetch-hidden,8,300,0.1,frequency,20000,0;2;3;4;5;6;7;12,1,301273.5122760813,20000,321273.5122760813,312600.0,0.9730027159268958
3,prefetch-hidden,8,300,0.1,residual,0,8;9;10;11;12;13;14;15,8,207066.43405159272,0,207066.43405159272,312600.0,1.5096604209744227
3,prefetch-hidden,8,300,0.1,residual,5000,8;9;10;11;12;13;14;15,8,207066.43405159272,40000,247066.43405159272,312600.0,1.2652467389994486
3,prefetch-hidden,8,300,0.1,residual,20000,8;9;10;11;12;13;14;15,8,207066.43405159272,160000,367066.4340515927,312600.0,0.8516169581336951
3,prefetch-hidden,8,300,0.1,oracle,0,8;9;10;11;12;13;14;15,8,207066.43405159272,0,207066.43405159272,312600.0,1.5096604209744227
3,prefetch-hidden,8,300,0.1,oracle,5000,8;9;10;11;12;13;14;15,8,207066.43405159272,40000,247066.43405159272,312600.0,1.2652467389994486
3,prefetch-hidden,8,300,0.1,oracle,20000,8;9;10;11;12;13;14;15,8,207066.43405159272,160000,367066.4340515927,312600.0,0.8516169581336951
3,prefetch-hidden,8,300,1.0,frequency,0,0;1;2;3;4;5;6;7,0,312600.0,0,312600.0,312600.0,1.0
3,prefetch-hidden,8,300,1.0,frequency,5000,0;1;2;3;4;5;6;7,0,312600.0,0,312600.0,312600.0,1.0
3,prefetch-hidden,8,300,1.0,frequency,20000,0;1;2;3;4;5;6;7,0,312600.0,0,312600.0,312600.0,1.0
3,prefetch-hidden,8,300,1.0,residual,0,8;9;10;11;12;13;14;15,8,207066.43405159272,0,207066.43405159272,312600.0,1.5096604209744227
3,prefetch-hidden,8,300,1.0,residual,5000,8;9;10;11;12;13;14;15,8,207066.43405159272,40000,247066.43405159272,312600.0,1.2652467389994486
3,prefetch-hidden,8,300,1.0,residual,20000,8;9;10;11;12;13;14;15,8,207066.43405159272,160000,367066.4340515927,312600.0,0.8516169581336951
3,prefetch-hidden,8,300,1.0,oracle,0,8;9;10;11;12;13;14;15,8,207066.43405159272,0,207066.43405159272,312600.0,1.5096604209744227
3,prefetch-hidden,8,300,1.0,oracle,5000,8;9;10;11;12;13;14;15,8,207066.43405159272,40000,247066.43405159272,312600.0,1.2652467389994486
3,prefetch-hidden,8,300,1.0,oracle,20000,8;9;10;11;12;13;14;15,8,207066.43405159272,160000,367066.4340515927,312600.0,0.8516169581336951
3,prefetch-hidden,8,400,0.01,frequency,0,0;3;4;5;6;7;9;11,2,339738.9786292117,0,339738.9786292117,376800.0,1.1090867510119773
3,prefetch-hidden,8,400,0.01,frequency,5000,0;3;4;5;6;7;9;11,2,339738.9786292117,10000,349738.9786292117,376800.0,1.0773749082154152
3,prefetch-hidden,8,400,0.01,frequency,20000,0;3;4;5;6;7;9;11,2,339738.9786292117,40000,379738.9786292117,376800.0,0.9922605294831178
3,prefetch-hidden,8,400,0.01,residual,0,0;3;5;9;10;11;12;14,5,295228.4174301152,0,295228.4174301152,376800.0,1.2762999012085072
3,prefetch-hidden,8,400,0.01,residual,5000,0;3;5;9;10;11;12;14,5,295228.4174301152,25000,320228.4174301152,376800.0,1.1766600947657326
3,prefetch-hidden,8,400,0.01,residual,20000,0;3;5;9;10;11;12;14,5,295228.4174301152,100000,395228.4174301152,376800.0,0.9533727418945684
3,prefetch-hidden,8,400,0.01,oracle,0,8;9;10;11;12;13;14;15,8,250453.1970497362,0,250453.1970497362,376800.0,1.5044727096263548
3,prefetch-hidden,8,400,0.01,oracle,5000,8;9;10;11;12;13;14;15,8,250453.1970497362,40000,290453.19704973616,376800.0,1.297283017805716
3,prefetch-hidden,8,400,0.01,oracle,20000,8;9;10;11;12;13;14;15,8,250453.1970497362,160000,410453.19704973616,376800.0,0.9180096603178406
3,prefetch-hidden,8,400,0.1,frequency,0,0;2;3;4;5;6;7;12,1,363688.64567318745,0,363688.64567318745,376800.0,1.0360510411386186
3,prefetch-hidden,8,400,0.1,frequency,5000,0;2;3;4;5;6;7;12,1,363688.64567318745,5000,368688.64567318745,376800.0,1.0220005536433108
3,prefetch-hidden,8,400,0.1,frequency,20000,0;2;3;4;5;6;7;12,1,363688.64567318745,20000,383688.64567318745,376800.0,0.9820462613348873
3,prefetch-hidden,8,400,0.1,residual,0,8;9;10;11;12;13;14;15,8,250453.1970497362,0,250453.1970497362,376800.0,1.5044727096263548
3,prefetch-hidden,8,400,0.1,residual,5000,8;9;10;11;12;13;14;15,8,250453.1970497362,40000,290453.19704973616,376800.0,1.297283017805716
3,prefetch-hidden,8,400,0.1,residual,20000,8;9;10;11;12;13;14;15,8,250453.1970497362,160000,410453.19704973616,376800.0,0.9180096603178406
3,prefetch-hidden,8,400,0.1,oracle,0,8;9;10;11;12;13;14;15,8,250453.1970497362,0,250453.1970497362,376800.0,1.5044727096263548
3,prefetch-hidden,8,400,0.1,oracle,5000,8;9;10;11;12;13;14;15,8,250453.1970497362,40000,290453.19704973616,376800.0,1.297283017805716
3,prefetch-hidden,8,400,0.1,oracle,20000,8;9;10;11;12;13;14;15,8,250453.1970497362,160000,410453.19704973616,376800.0,0.9180096603178406
3,prefetch-hidden,8,400,1.0,frequency,0,0;1;2;3;4;5;6;7,0,376800.0,0,376800.0,376800.0,1.0
3,prefetch-hidden,8,400,1.0,frequency,5000,0;1;2;3;4;5;6;7,0,376800.0,0,376800.0,376800.0,1.0
3,prefetch-hidden,8,400,1.0,frequency,20000,0;1;2;3;4;5;6;7,0,376800.0,0,376800.0,376800.0,1.0
3,prefetch-hidden,8,400,1.0,residual,0,8;9;10;11;12;13;14;15,8,250453.1970497362,0,250453.1970497362,376800.0,1.5044727096263548
3,prefetch-hidden,8,400,1.0,residual,5000,8;9;10;11;12;13;14;15,8,250453.1970497362,40000,290453.19704973616,376800.0,1.297283017805716
3,prefetch-hidden,8,400,1.0,residual,20000,8;9;10;11;12;13;14;15,8,250453.1970497362,160000,410453.19704973616,376800.0,0.9180096603178406
3,prefetch-hidden,8,400,1.0,oracle,0,8;9;10;11;12;13;14;15,8,250453.1970497362,0,250453.1970497362,376800.0,1.5044727096263548
3,prefetch-hidden,8,400,1.0,oracle,5000,8;9;10;11;12;13;14;15,8,250453.1970497362,40000,290453.19704973616,376800.0,1.297283017805716
3,prefetch-hidden,8,400,1.0,oracle,20000,8;9;10;11;12;13;14;15,8,250453.1970497362,160000,410453.19704973616,376800.0,0.9180096603178406
3,phase-reversal,2,200,0.01,frequency,0,3;5,2,420247.4875907377,0,420247.4875907377,423147.4875907377,1.006900695627297
3,phase-reversal,2,200,0.01,frequency,5000,3;5,2,420247.4875907377,10000,430247.4875907377,423147.4875907377,0.983497869935841
3,phase-reversal,2,200,0.01,frequency,20000,3;5,2,420247.4875907377,40000,460247.4875907377,423147.4875907377,0.9193911949542457
3,phase-reversal,2,200,0.01,residual,0,9;11,2,466397.2187054197,0,466397.2187054197,423147.4875907377,0.9072684626320663
3,phase-reversal,2,200,0.01,residual,5000,9;11,2,466397.2187054197,10000,476397.2187054197,423147.4875907377,0.8882240932065371
3,phase-reversal,2,200,0.01,residual,20000,9;11,2,466397.2187054197,40000,506397.2187054197,423147.4875907377,0.8356038934662675
3,phase-reversal,2,200,0.01,oracle,0,3;5,2,420247.4875907377,0,420247.4875907377,423147.4875907377,1.006900695627297
3,phase-reversal,2,200,0.01,oracle,5000,3;5,2,420247.4875907377,10000,430247.4875907377,423147.4875907377,0.983497869935841
3,phase-reversal,2,200,0.01,oracle,20000,3;5,2,420247.4875907377,40000,460247.4875907377,423147.4875907377,0.9193911949542457
3,phase-reversal,2,200,0.1,frequency,0,3;5,2,420247.4875907377,0,420247.4875907377,423147.4875907377,1.006900695627297
3,phase-reversal,2,200,0.1,frequency,5000,3;5,2,420247.4875907377,10000,430247.4875907377,423147.4875907377,0.983497869935841
3,phase-reversal,2,200,0.1,frequency,20000,3;5,2,420247.4875907377,40000,460247.4875907377,423147.4875907377,0.9193911949542457
3,phase-reversal,2,200,0.1,residual,0,12;14,2,466396.92367409763,0,466396.92367409763,423147.4875907377,0.9072690365479744
3,phase-reversal,2,200,0.1,residual,5000,12;14,2,466396.92367409763,10000,476396.92367409763,423147.4875907377,0.8882246432813076
3,phase-reversal,2,200,0.1,residual,20000,12;14,2,466396.92367409763,40000,506396.92367409763,423147.4875907377,0.835604380296479
3,phase-reversal,2,200,0.1,oracle,0,3;5,2,420247.4875907377,0,420247.4875907377,423147.4875907377,1.006900695627297
3,phase-reversal,2,200,0.1,oracle,5000,3;5,2,420247.4875907377,10000,430247.4875907377,423147.4875907377,0.983497869935841
3,phase-reversal,2,200,0.1,oracle,20000,3;5,2,420247.4875907377,40000,460247.4875907377,423147.4875907377,0.9193911949542457
3,phase-reversal,2,200,1.0,frequency,0,0;7,1,422647.4875907377,0,422647.4875907377,423147.4875907377,1.0011830189807829
3,phase-reversal,2,200,1.0,frequency,5000,0;7,1,422647.4875907377,5000,427647.4875907377,423147.4875907377,0.9894773145392437
3,phase-reversal,2,200,1.0,frequency,20000,0;7,1,422647.4875907377,20000,442647.4875907377,423147.4875907377,0.9559468865255838
3,phase-reversal,2,200,1.0,residual,0,10;15,2,466385.0888548679,0,466385.0888548679,423147.4875907377,0.9072920590787046
3,phase-reversal,2,200,1.0,residual,5000,10;15,2,466385.0888548679,10000,476385.0888548679,423147.4875907377,0.8882467094171598
3,phase-reversal,2,200,1.0,residual,20000,10;15,2,466385.0888548679,40000,506385.0888548679,423147.4875907377,0.8356239093604384
3,phase-reversal,2,200,1.0,oracle,0,3;5,2,420247.4875907377,0,420247.4875907377,423147.4875907377,1.006900695627297
3,phase-reversal,2,200,1.0,oracle,5000,3;5,2,420247.4875907377,10000,430247.4875907377,423147.4875907377,0.983497869935841
3,phase-reversal,2,200,1.0,oracle,20000,3;5,2,420247.4875907377,40000,460247.4875907377,423147.4875907377,0.9193911949542457
3,phase-reversal,2,300,0.01,frequency,0,3;5,2,555732.243195888,0,555732.243195888,561532.243195888,1.0104366807415124
3,phase-reversal,2,300,0.01,frequency,5000,3;5,2,555732.243195888,10000,565732.243195888,561532.243195888,0.9925759932361753
3,phase-reversal,2,300,0.01,frequency,20000,3;5,2,555732.243195888,40000,595732.243195888,561532.243195888,0.9425916586006334
3,phase-reversal,2,300,0.01,residual,0,9;11,2,646064.7404571987,0,646064.7404571987,561532.243195888,0.8691578537446729
3,phase-reversal,2,300,0.01,residual,5000,9;11,2,646064.7404571987,10000,656064.7404571987,561532.243195888,0.855909803664448
3,phase-reversal,2,300,0.01,residual,20000,9;11,2,646064.7404571987,40000,686064.7404571987,561532.243195888,0.8184828779011128
3,phase-reversal,2,300,0.01,oracle,0,3;5,2,555732.243195888,0,555732.243195888,561532.243195888,1.0104366807415124
3,phase-reversal,2,300,0.01,oracle,5000,3;5,2,555732.243195888,10000,565732.243195888,561532.243195888,0.9925759932361753
3,phase-reversal,2,300,0.01,oracle,20000,3;5,2,555732.243195888,40000,595732.243195888,561532.243195888,0.9425916586006334
3,phase-reversal,2,300,0.1,frequency,0,3;5,2,555732.243195888,0,555732.243195888,561532.243195888,1.0104366807415124
3,phase-reversal,2,300,0.1,frequency,5000,3;5,2,555732.243195888,10000,565732.243195888,561532.243195888,0.9925759932361753
3,phase-reversal,2,300,0.1,frequency,20000,3;5,2,555732.243195888,40000,595732.243195888,561532.243195888,0.9425916586006334
3,phase-reversal,2,300,0.1,residual,0,12;14,2,646214.6026028928,0,646214.6026028928,561532.243195888,0.8689562893411692
3,phase-reversal,2,300,0.1,residual,5000,12;14,2,646214.6026028928,10000,656214.6026028928,561532.243195888,0.855714336390192
3,phase-reversal,2,300,0.1,residual,20000,12;14,2,646214.6026028928,40000,686214.6026028928,561532.243195888,0.8183041297371553
3,phase-reversal,2,300,0.1,oracle,0,3;5,2,555732.243195888,0,555732.243195888,561532.243195888,1.0104366807415124
3,phase-reversal,2,300,0.1,oracle,5000,3;5,2,555732.243195888,10000,565732.243195888,561532.243195888,0.9925759932361753
3,phase-reversal,2,300,0.1,oracle,20000,3;5,2,555732.243195888,40000,595732.243195888,561532.243195888,0.9425916586006334
3,phase-reversal,2,300,1.0,frequency,0,0;7,1,560532.243195888,0,560532.243195888,561532.243195888,1.001784018693195
3,phase-reversal,2,300,1.0,frequency,5000,0;7,1,560532.243195888,5000,565532.243195888,561532.243195888,0.9929270168975768
3,phase-reversal,2,300,1.0,frequency,20000,0;7,1,560532.243195888,20000,580532.243195888,561532.243195888,0.9672714130477869
3,phase-reversal,2,300,1.0,residual,0,10;15,2,645777.2035382618,0,645777.2035382618,561532.243195888,0.8695448524958928
3,phase-reversal,2,300,1.0,residual,5000,10;15,2,645777.2035382618,10000,655777.2035382618,561532.243195888,0.8562850922022406
3,phase-reversal,2,300,1.0,residual,20000,10;15,2,645777.2035382618,40000,685777.2035382618,561532.243195888,0.8188260564782075
3,phase-reversal,2,300,1.0,oracle,0,3;5,2,555732.243195888,0,555732.243195888,561532.243195888,1.0104366807415124
3,phase-reversal,2,300,1.0,oracle,5000,3;5,2,555732.243195888,10000,565732.243195888,561532.243195888,0.9925759932361753
3,phase-reversal,2,300,1.0,oracle,20000,3;5,2,555732.243195888,40000,595732.243195888,561532.243195888,0.9425916586006334
3,phase-reversal,2,400,0.01,frequency,0,3;5,2,699158.9972772873,0,699158.9972772873,707858.9972772873,1.012443521479206
3,phase-reversal,2,400,0.01,frequency,5000,3;5,2,699158.9972772873,10000,709158.9972772873,707858.9972772873,0.9981668426897337
3,phase-reversal,2,400,0.01,frequency,20000,3;5,2,699158.9972772873,40000,739158.9972772873,707858.9972772873,0.9576545775465165
3,phase-reversal,2,400,0.01,residual,0,9;11,2,831622.2497705121,0,831622.2497705121,707858.9972772873,0.8511785218260123
3,phase-reversal,2,400,0.01,residual,5000,9;11,2,831622.2497705121,10000,841622.2497705121,707858.9972772873,0.8410649759679019
3,phase-reversal,2,400,0.01,residual,20000,9;11,2,831622.2497705121,40000,871622.2497705121,707858.9972772873,0.8121167139361785
3,phase-reversal,2,400,0.01,oracle,0,3;5,2,699158.9972772873,0,699158.9972772873,707858.9972772873,1.012443521479206
3,phase-reversal,2,400,0.01,oracle,5000,3;5,2,699158.9972772873,10000,709158.9972772873,707858.9972772873,0.9981668426897337
3,phase-reversal,2,400,0.01,oracle,20000,3;5,2,699158.9972772873,40000,739158.9972772873,707858.9972772873,0.9576545775465165
3,phase-reversal,2,400,0.1,frequency,0,3;5,2,699158.9972772873,0,699158.9972772873,707858.9972772873,1.012443521479206
3,phase-reversal,2,400,0.1,frequency,5000,3;5,2,699158.9972772873,10000,709158.9972772873,707858.9972772873,0.9981668426897337
3,phase-reversal,2,400,0.1,frequency,20000,3;5,2,699158.9972772873,40000,739158.9972772873,707858.9972772873,0.9576545775465165
3,phase-reversal,2,400,0.1,residual,0,12;14,2,831937.8035059877,0,831937.8035059877,707858.9972772873,0.8508556700924008
3,phase-reversal,2,400,0.1,residual,5000,12;14,2,831937.8035059877,10000,841937.8035059877,707858.9972772873,0.8407497493634672
3,phase-reversal,2,400,0.1,residual,20000,12;14,2,831937.8035059877,40000,871937.8035059877,707858.9972772873,0.8118228094148991
3,phase-reversal,2,400,0.1,oracle,0,3;5,2,699158.9972772873,0,699158.9972772873,707858.9972772873,1.012443521479206
3,phase-reversal,2,400,0.1,oracle,5000,3;5,2,699158.9972772873,10000,709158.9972772873,707858.9972772873,0.9981668426897337
3,phase-reversal,2,400,0.1,oracle,20000,3;5,2,699158.9972772873,40000,739158.9972772873,707858.9972772873,0.9576545775465165
3,phase-reversal,2,400,1.0,frequency,0,0;7,1,706358.9972772873,0,706358.9972772873,707858.9972772873,1.0021235660702021
3,phase-reversal,2,400,1.0,frequency,5000,0;7,1,706358.9972772873,5000,711358.9972772873,707858.9972772873,0.9950798401181454
3,phase-reversal,2,400,1.0,frequency,20000,0;7,1,706358.9972772873,20000,726358.9972772873,707858.9972772873,0.9745305006624189
3,phase-reversal,2,400,1.0,residual,0,10;15,2,831074.5779425555,0,831074.5779425555,707858.9972772873,0.8517394420001319
3,phase-reversal,2,400,1.0,residual,5000,10;15,2,831074.5779425555,10000,841074.5779425555,707858.9972772873,0.8416126415434628
3,phase-reversal,2,400,1.0,residual,20000,10;15,2,831074.5779425555,40000,871074.5779425555,707858.9972772873,0.812627317111266
3,phase-reversal,2,400,1.0,oracle,0,3;5,2,699158.9972772873,0,699158.9972772873,707858.9972772873,1.012443521479206
3,phase-reversal,2,400,1.0,oracle,5000,3;5,2,699158.9972772873,10000,709158.9972772873,707858.9972772873,0.9981668426897337
3,phase-reversal,2,400,1.0,oracle,20000,3;5,2,699158.9972772873,40000,739158.9972772873,707858.9972772873,0.9576545775465165
3,phase-reversal,4,200,0.01,frequency,0,0;3;5;7,2,376447.48759073764,0,376447.48759073764,379347.48759073764,1.0077035977011295
3,phase-reversal,4,200,0.01,frequency,5000,0;3;5;7,2,376447.48759073764,10000,386447.48759073764,379347.48759073764,0.9816275167312792
3,phase-reversal,4,200,0.01,frequency,20000,0;3;5;7,2,376447.48759073764,40000,416447.48759073764,379347.48759073764,0.9109131376572023
3,phase-reversal,4,200,0.01,residual,0,9;10;11;12,4,466349.9724553519,0,466349.9724553519,379347.48759073764,0.8134394982237426
3,phase-reversal,4,200,0.01,residual,5000,9;10;11;12,4,466349.9724553519,20000,486349.9724553519,379347.48759073764,0.779988709931638
3,phase-reversal,4,200,0.01,residual,20000,9;10;11;12,4,466349.9724553519,80000,546349.9724553518,379347.48759073764,0.694330569627215
3,phase-reversal,4,200,0.01,oracle,0,0;3;4;5,2,375947.48759073764,0,375947.48759073764,379347.48759073764,1.0090438162568631
3,phase-reversal,4,200,0.01,oracle,5000,0;3;4;5,2,375947.48759073764,10000,385947.48759073764,379347.48759073764,0.9828992279721777
3,phase-reversal,4,200,0.01,oracle,20000,0;3;4;5,2,375947.48759073764,40000,415947.48759073764,379347.48759073764,0.9120081234003948
3,phase-reversal,4,200,0.1,frequency,0,0;3;5;7,2,376447.48759073764,0,376447.48759073764,379347.48759073764,1.0077035977011295
3,phase-reversal,4,200,0.1,frequency,5000,0;3;5;7,2,376447.48759073764,10000,386447.48759073764,379347.48759073764,0.9816275167312792
3,phase-reversal,4,200,0.1,frequency,20000,0;3;5;7,2,376447.48759073764,40000,416447.48759073764,379347.48759073764,0.9109131376572023
3,phase-reversal,4,200,0.1,residual,0,10;11;12;14,4,466346.22562249086,0,466346.22562249086,379347.48759073764,0.8134460337582339
3,phase-reversal,4,200,0.1,residual,5000,10;11;12;14,4,466346.22562249086,20000,486346.22562249086,379347.48759073764,0.7799947189992028
3,phase-reversal,4,200,0.1,residual,20000,10;11;12;14,4,466346.22562249086,80000,546346.2256224909,379347.48759073764,0.6943353313341192
3,phase-reversal,4,200,0.1,oracle,0,0;3;4;5,2,375947.48759073764,0,375947.48759073764,379347.48759073764,1.0090438162568631
3,phase-reversal,4,200,0.1,oracle,5000,0;3;4;5,2,375947.48759073764,10000,385947.48759073764,379347.48759073764,0.9828992279721777
3,phase-reversal,4,200,0.1,oracle,20000,0;3;4;5,2,375947.48759073764,40000,415947.48759073764,379347.48759073764,0.9120081234003948
3,phase-reversal,4,200,1.0,frequency,0,0;3;5;7,2,376447.48759073764,0,376447.48759073764,379347.48759073764,1.0077035977011295
3,phase-reversal,4,200,1.0,frequency,5000,0;3;5;7,2,376447.48759073764,10000,386447.48759073764,379347.48759073764,0.9816275167312792
3,phase-reversal,4,200,1.0,frequency,20000,0;3;5;7,2,376447.48759073764,40000,416447.48759073764,379347.48759073764,0.9109131376572023
3,phase-reversal,4,200,1.0,residual,0,8;10;12;15,4,466305.72294419724,0,466305.72294419724,379347.48759073764,0.8135166885698594
3,phase-reversal,4,200,1.0,residual,5000,8;10;12;15,4,466305.72294419724,20000,486305.72294419724,379347.48759073764,0.7800596819919948
3,phase-reversal,4,200,1.0,residual,20000,8;10;12;15,4,466305.72294419724,80000,546305.7229441972,379347.48759073764,0.6943868088116044
3,phase-reversal,4,200,1.0,oracle,0,0;3;4;5,2,375947.48759073764,0,375947.48759073764,379347.48759073764,1.0090438162568631
3,phase-reversal,4,200,1.0,oracle,5000,0;3;4;5,2,375947.48759073764,10000,385947.48759073764,379347.48759073764,0.9828992279721777
3,phase-reversal,4,200,1.0,oracle,20000,0;3;4;5,2,375947.48759073764,40000,415947.48759073764,379347.48759073764,0.9120081234003948
3,phase-reversal,4,300,0.01,frequency,0,0;3;5;7,2,468132.243195888,0,468132.243195888,473932.243195888,1.0123896614349912
3,phase-reversal,4,300,0.01,frequency,5000,0;3;5;7,2,468132.243195888,10000,478132.243195888,473932.243195888,0.9912158193475371
3,phase-reversal,4,300,0.01,frequency,20000,0;3;5;7,2,468132.243195888,40000,508132.243195888,473932.243195888,0.9326946863578274
3,phase-reversal,4,300,0.01,residual,0,9;10;11;12,4,643918.6801434215,0,643918.6801434215,473932.243195888,0.7360125708580593
3,phase-reversal,4,300,0.01,residual,5000,9;10;11;12,4,643918.6801434215,20000,663918.6801434215,473932.243195888,0.7138408021499076
3,phase-reversal,4,300,0.01,residual,20000,9;10;11;12,4,643918.6801434215,80000,723918.6801434215,473932.243195888,0.6546760792275638
3,phase-reversal,4,300,0.01,oracle,0,0;3;4;5,2,467132.243195888,0,467132.243195888,473932.243195888,1.0145569056708177
3,phase-reversal,4,300,0.01,oracle,5000,0;3;4;5,2,467132.243195888,10000,477132.243195888,473932.243195888,0.9932932639836578
3,phase-reversal,4,300,0.01,oracle,20000,0;3;4;5,2,467132.243195888,40000,507132.243195888,473932.243195888,0.9345338411322903
3,phase-reversal,4,300,0.1,frequency,0,0;3;5;7,2,468132.243195888,0,468132.243195888,473932.243195888,1.0123896614349912
3,phase-reversal,4,300,0.1,frequency,5000,0;3;5;7,2,468132.243195888,10000,478132.243195888,473932.243195888,0.9912158193475371
3,phase-reversal,4,300,0.1,frequency,20000,0;3;5;7,2,468132.243195888,40000,508132.243195888,473932.243195888,0.9326946863578274
3,phase-reversal,4,300,0.1,residual,0,10;11;12;14,4,644015.5279101611,0,644015.5279101611,473932.243195888,0.7359018884743422
3,phase-reversal,4,300,0.1,residual,5000,10;11;12;14,4,644015.5279101611,20000,664015.5279101611,473932.243195888,0.7137366872842307
3,phase-reversal,4,300,0.1,residual,20000,10;11;12;14,4,644015.5279101611,80000,724015.5279101611,473932.243195888,0.6545885066358625
3,phase-reversal,4,300,0.1,oracle,0,0;3;4;5,2,467132.243195888,0,467132.243195888,473932.243195888,1.0145569056708177
3,phase-reversal,4,300,0.1,oracle,5000,0;3;4;5,2,467132.243195888,10000,477132.243195888,473932.243195888,0.9932932639836578
3,phase-reversal,4,300,0.1,oracle,20000,0;3;4;5,2,467132.243195888,40000,507132.243195888,473932.243195888,0.9345338411322903
3,phase-reversal,4,300,1.0,frequency,0,0;3;5;7,2,468132.243195888,0,468132.243195888,473932.243195888,1.0123896614349912
3,phase-reversal,4,300,1.0,frequency,5000,0;3;5;7,2,468132.243195888,10000,478132.243195888,473932.243195888,0.9912158193475371
3,phase-reversal,4,300,1.0,frequency,20000,0;3;5;7,2,468132.243195888,40000,508132.243195888,473932.243195888,0.9326946863578274
3,phase-reversal,4,300,1.0,residual,0,8;10;12;15,4,643396.2403717118,0,643396.2403717118,473932.243195888,0.7366102153815529
3,phase-reversal,4,300,1.0,residual,5000,8;10;12;15,4,643396.2403717118,20000,663396.2403717118,473932.243195888,0.7144029681722887
3,phase-reversal,4,300,1.0,residual,20000,8;10;12;15,4,643396.2403717118,80000,723396.2403717118,473932.243195888,0.6551488890132487
3,phase-reversal,4,300,1.0,oracle,0,0;3;4;5,2,467132.243195888,0,467132.243195888,473932.243195888,1.0145569056708177
3,phase-reversal,4,300,1.0,oracle,5000,0;3;4;5,2,467132.243195888,10000,477132.243195888,473932.243195888,0.9932932639836578
3,phase-reversal,4,300,1.0,oracle,20000,0;3;4;5,2,467132.243195888,40000,507132.243195888,473932.243195888,0.9345338411322903
3,phase-reversal,4,400,0.01,frequency,0,0;3;5;7,2,567758.9972772873,0,567758.9972772873,576458.9972772873,1.015323403137108
3,phase-reversal,4,400,0.01,frequency,5000,0;3;5;7,2,567758.9972772873,10000,577758.9972772873,576458.9972772873,0.9977499268620198
3,phase-reversal,4,400,0.01,frequency,20000,0;3;5;7,2,567758.9972772873,40000,607758.9972772873,576458.9972772873,0.9484993226916894
3,phase-reversal,4,400,0.01,residual,0,9;10;11;12,4,825206.4909682506,0,825206.4909682506,576458.9972772873,0.6985633336462284
3,phase-reversal,4,400,0.01,residual,5000,9;10;11;12,4,825206.4909682506,20000,845206.4909682506,576458.9972772873,0.6820333296504955
3,phase-reversal,4,400,0.01,residual,20000,9;10;11;12,4,825206.4909682506,80000,905206.4909682506,576458.9972772873,0.6368259651570551
3,phase-reversal,4,400,0.01,oracle,0,0;3;4;5,2,566258.9972772873,0,566258.9972772873,576458.9972772873,1.0180129588210414
3,phase-reversal,4,400,0.01,oracle,5000,0;3;4;5,2,566258.9972772873,10000,576258.9972772873,576458.9972772873,1.000347066164598
3,phase-reversal,4,400,0.01,oracle,20000,0;3;4;5,2,566258.9972772873,40000,606258.9972772873,576458.9972772873,0.9508460903115138
3,phase-reversal,4,400,0.1,frequency,0,0;3;5;7,2,567758.9972772873,0,567758.9972772873,576458.9972772873,1.015323403137108
3,phase-reversal,4,400,0.1,frequency,5000,0;3;5;7,2,567758.9972772873,10000,577758.9972772873,576458.9972772873,0.9977499268620198
3,phase-reversal,4,400,0.1,frequency,20000,0;3;5;7,2,567758.9972772873,40000,607758.9972772873,576458.9972772873,0.9484993226916894
3,phase-reversal,4,400,0.1,residual,0,10;11;12;14,4,825273.5832096202,0,825273.5832096202,576458.9972772873,0.6985065425641599
3,phase-reversal,4,400,0.1,residual,5000,10;11;12;14,4,825273.5832096202,20000,845273.5832096202,576458.9972772873,0.681979194343674
3,phase-reversal,4,400,0.1,residual,20000,10;11;12;14,4,825273.5832096202,80000,905273.5832096202,576458.9972772873,0.6367787682851291
3,phase-reversal,4,400,0.1,oracle,0,0;3;4;5,2,566258.9972772873,0,566258.9972772873,576458.9972772873,1.0180129588210414
3,phase-reversal,4,400,0.1,oracle,5000,0;3;4;5,2,566258.9972772873,10000,576258.9972772873,576458.9972772873,1.000347066164598
3,phase-reversal,4,400,0.1,oracle,20000,0;3;4;5,2,566258.9972772873,40000,606258.9972772873,576458.9972772873,0.9508460903115138
3,phase-reversal,4,400,1.0,frequency,0,0;3;5;7,2,567758.9972772873,0,567758.9972772873,576458.9972772873,1.015323403137108
3,phase-reversal,4,400,1.0,frequency,5000,0;3;5;7,2,567758.9972772873,10000,577758.9972772873,576458.9972772873,0.9977499268620198
3,phase-reversal,4,400,1.0,frequency,20000,0;3;5;7,2,567758.9972772873,40000,607758.9972772873,576458.9972772873,0.9484993226916894
3,phase-reversal,4,400,1.0,residual,0,8;10;12;15,4,824501.3378119053,0,824501.3378119053,576458.9972772873,0.6991607785708599
3,phase-reversal,4,400,1.0,residual,5000,8;10;12;15,4,824501.3378119053,20000,844501.3378119053,576458.9972772873,0.6826028230705791
3,phase-reversal,4,400,1.0,residual,20000,8;10;12;15,4,824501.3378119053,80000,904501.3378119053,576458.9972772873,0.6373224374347628
3,phase-reversal,4,400,1.0,oracle,0,0;3;4;5,2,566258.9972772873,0,566258.9972772873,576458.9972772873,1.0180129588210414
3,phase-reversal,4,400,1.0,oracle,5000,0;3;4;5,2,566258.9972772873,10000,576258.9972772873,576458.9972772873,1.000347066164598
3,phase-reversal,4,400,1.0,oracle,20000,0;3;4;5,2,566258.9972772873,40000,606258.9972772873,576458.9972772873,0.9508460903115138
3,phase-reversal,8,200,0.01,frequency,0,0;3;4;5;6;7;9;11,2,334597.2187054197,0,334597.2187054197,293347.48759073764,0.8767182486624361
3,phase-reversal,8,200,0.01,frequency,5000,0;3;4;5;6;7;9;11,2,334597.2187054197,10000,344597.2187054197,293347.48759073764,0.8512764226385324
3,phase-reversal,8,200,0.01,frequency,20000,0;3;4;5;6;7;9;11,2,334597.2187054197,40000,374597.2187054197,293347.48759073764,0.783101082823105
3,phase-reversal,8,200,0.01,residual,0,0;3;4;9;10;11;12;14,5,398623.5486589911,0,398623.5486589911,293347.48759073764,0.7359010489410058
3,phase-reversal,8,200,0.01,residual,5000,0;3;4;9;10;11;12;14,5,398623.5486589911,25000,423623.5486589911,293347.48759073764,0.6924720982092447
3,phase-reversal,8,200,0.01,residual,20000,0;3;4;9;10;11;12;14,5,398623.5486589911,100000,498623.5486589911,293347.48759073764,0.5883145478781993
3,phase-reversal,8,200,0.01,oracle,0,0;1;2;3;4;5;6;7,0,293347.48759073764,0,293347.48759073764,293347.48759073764,1.0
3,phase-reversal,8,200,0.01,oracle,5000,0;1;2;3;4;5;6;7,0,293347.48759073764,0,293347.48759073764,293347.48759073764,1.0
3,phase-reversal,8,200,0.01,oracle,20000,0;1;2;3;4;5;6;7,0,293347.48759073764,0,293347.48759073764,293347.48759073764,1.0
3,phase-reversal,8,200,0.1,frequency,0,0;2;3;4;5;6;7;12,1,314223.3474704585,0,314223.3474704585,293347.48759073764,0.9335636258483833
3,phase-reversal,8,200,0.1,frequency,5000,0;2;3;4;5;6;7;12,1,314223.3474704585,5000,319223.3474704585,293347.48759073764,0.918941205006581
3,phase-reversal,8,200,0.1,frequency,20000,0;2;3;4;5;6;7;12,1,314223.3474704585,20000,334223.3474704585,293347.48759073764,0.8776989692997621
3,phase-reversal,8,200,0.1,residual,0,8;9;10;11;12;13;14;15,8,466200.0,0,466200.0,293347.48759073764,0.6292309901131223
3,phase-reversal,8,200,0.1,residual,5000,8;9;10;11;12;13;14;15,8,466200.0,40000,506200.0,293347.48759073764,0.5795090628027215
3,phase-reversal,8,200,0.1,residual,20000,8;9;10;11;12;13;14;15,8,466200.0,160000,626200.0,293347.48759073764,0.46845654358150374
3,phase-reversal,8,200,0.1,oracle,0,0;1;2;3;4;5;6;7,0,293347.48759073764,0,293347.48759073764,293347.48759073764,1.0
3,phase-reversal,8,200,0.1,oracle,5000,0;1;2;3;4;5;6;7,0,293347.48759073764,0,293347.48759073764,293347.48759073764,1.0
3,phase-reversal,8,200,0.1,oracle,20000,0;1;2;3;4;5;6;7,0,293347.48759073764,0,293347.48759073764,293347.48759073764,1.0
3,phase-reversal,8,200,1.0,frequency,0,0;1;2;3;4;5;6;7,0,293347.48759073764,0,293347.48759073764,293347.48759073764,1.0
3,phase-reversal,8,200,1.0,frequency,5000,0;1;2;3;4;5;6;7,0,293347.48759073764,0,293347.48759073764,293347.48759073764,1.0
3,phase-reversal,8,200,1.0,frequency,20000,0;1;2;3;4;5;6;7,0,293347.48759073764,0,293347.48759073764,293347.48759073764,1.0
3,phase-reversal,8,200,1.0,residual,0,8;9;10;11;12;13;14;15,8,466200.0,0,466200.0,293347.48759073764,0.6292309901131223
3,phase-reversal,8,200,1.0,residual,5000,8;9;10;11;12;13;14;15,8,466200.0,40000,506200.0,293347.48759073764,0.5795090628027215
3,phase-reversal,8,200,1.0,residual,20000,8;9;10;11;12;13;14;15,8,466200.0,160000,626200.0,293347.48759073764,0.46845654358150374
3,phase-reversal,8,200,1.0,oracle,0,0;1;2;3;4;5;6;7,0,293347.48759073764,0,293347.48759073764,293347.48759073764,1.0
3,phase-reversal,8,200,1.0,oracle,5000,0;1;2;3;4;5;6;7,0,293347.48759073764,0,293347.48759073764,293347.48759073764,1.0
3,phase-reversal,8,200,1.0,oracle,20000,0;1;2;3;4;5;6;7,0,293347.48759073764,0,293347.48759073764,293347.48759073764,1.0
3,phase-reversal,8,300,0.01,frequency,0,0;3;4;5;6;7;9;11,2,382464.74045719876,0,382464.74045719876,301932.243195888,0.7894381135237666
3,phase-reversal,8,300,0.01,frequency,5000,0;3;4;5;6;7;9;11,2,382464.74045719876,10000,392464.74045719876,301932.243195888,0.7693232335831096
3,phase-reversal,8,300,0.01,frequency,20000,0;3;4;5;6;7;9;11,2,382464.74045719876,40000,422464.74045719876,301932.243195888,0.7146921725802055
3,phase-reversal,8,300,0.01,residual,0,3;4;5;9;10;11;12;14,5,506815.3422094605,0,506815.3422094605,301932.243195888,0.595744086750837
3,phase-reversal,8,300,0.01,residual,5000,3;4;5;9;10;11;12;14,5,506815.3422094605,25000,531815.3422094604,301932.243195888,0.567738873311724
3,phase-reversal,8,300,0.01,residual,20000,3;4;5;9;10;11;12;14,5,506815.3422094605,100000,606815.3422094604,301932.243195888,0.4975685718435034
3,phase-reversal,8,300,0.01,oracle,0,0;1;2;3;4;5;6;7,0,301932.243195888,0,301932.243195888,301932.243195888,1.0
3,phase-reversal,8,300,0.01,oracle,5000,0;1;2;3;4;5;6;7,0,301932.243195888,0,301932.243195888,301932.243195888,1.0
3,phase-reversal,8,300,0.01,oracle,20000,0;1;2;3;4;5;6;7,0,301932.243195888,0,301932.243195888,301932.243195888,1.0
3,phase-reversal,8,300,0.1,frequency,0,0;2;3;4;5;6;7;12,1,342717.94053685386,0,342717.94053685386,301932.243195888,0.8809933986033042
3,phase-reversal,8,300,0.1,frequency,5000,0;2;3;4;5;6;7;12,1,342717.94053685386,5000,347717.94053685386,301932.243195888,0.8683251796836375
3,phase-reversal,8,300,0.1,frequency,20000,0;2;3;4;5;6;7;12,1,342717.94053685386,20000,362717.94053685386,301932.243195888,0.8324160716974799
3,phase-reversal,8,300,0.1,residual,0,8;9;10;11;12;13;14;15,8,639300.0,0,639300.0,301932.243195888,0.47228569246971375
3,phase-reversal,8,300,0.1,residual,5000,8;9;10;11;12;13;14;15,8,639300.0,40000,679300.0,301932.243195888,0.4444755530632828
3,phase-reversal,8,300,0.1,residual,20000,8;9;10;11;12;13;14;15,8,639300.0,160000,799300.0,301932.243195888,0.3777458315975078
3,phase-reversal,8,300,0.1,oracle,0,0;1;2;3;4;5;6;7,0,301932.243195888,0,301932.243195888,301932.243195888,1.0
3,phase-reversal,8,300,0.1,oracle,5000,0;1;2;3;4;5;6;7,0,301932.243195888,0,301932.243195888,301932.243195888,1.0
3,phase-reversal,8,300,0.1,oracle,20000,0;1;2;3;4;5;6;7,0,301932.243195888,0,301932.243195888,301932.243195888,1.0
3,phase-reversal,8,300,1.0,frequency,0,0;1;2;3;4;5;6;7,0,301932.243195888,0,301932.243195888,301932.243195888,1.0
3,phase-reversal,8,300,1.0,frequency,5000,0;1;2;3;4;5;6;7,0,301932.243195888,0,301932.243195888,301932.243195888,1.0
3,phase-reversal,8,300,1.0,frequency,20000,0;1;2;3;4;5;6;7,0,301932.243195888,0,301932.243195888,301932.243195888,1.0
3,phase-reversal,8,300,1.0,residual,0,8;9;10;11;12;13;14;15,8,639300.0,0,639300.0,301932.243195888,0.47228569246971375
3,phase-reversal,8,300,1.0,residual,5000,8;9;10;11;12;13;14;15,8,639300.0,40000,679300.0,301932.243195888,0.4444755530632828
3,phase-reversal,8,300,1.0,residual,20000,8;9;10;11;12;13;14;15,8,639300.0,160000,799300.0,301932.243195888,0.3777458315975078
3,phase-reversal,8,300,1.0,oracle,0,0;1;2;3;4;5;6;7,0,301932.243195888,0,301932.243195888,301932.243195888,1.0
3,phase-reversal,8,300,1.0,oracle,5000,0;1;2;3;4;5;6;7,0,301932.243195888,0,301932.243195888,301932.243195888,1.0
3,phase-reversal,8,300,1.0,oracle,20000,0;1;2;3;4;5;6;7,0,301932.243195888,0,301932.243195888,301932.243195888,1.0
3,phase-reversal,8,400,0.01,frequency,0,0;3;4;5;6;7;9;11,2,436222.24977051205,0,436222.24977051205,318458.9972772873,0.7300384091935299
3,phase-reversal,8,400,0.01,frequency,5000,0;3;4;5;6;7;9;11,2,436222.24977051205,10000,446222.24977051205,318458.9972772873,0.7136779876867811
3,phase-reversal,8,400,0.01,frequency,20000,0;3;4;5;6;7;9;11,2,436222.24977051205,40000,476222.24977051205,318458.9972772873,0.6687192743109973
3,phase-reversal,8,400,0.01,residual,0,0;3;5;9;10;11;12;14,5,616501.6943852879,0,616501.6943852879,318458.9972772873,0.5165581865834479
3,phase-reversal,8,400,0.01,residual,5000,0;3;5;9;10;11;12;14,5,616501.6943852879,25000,641501.6943852879,318458.9972772873,0.4964273673235535
3,phase-reversal,8,400,0.01,residual,20000,0;3;5;9;10;11;12;14,5,616501.6943852879,100000,716501.6943852879,318458.9972772873,0.444463704374774
3,phase-reversal,8,400,0.01,oracle,0,0;1;2;3;4;5;6;7,0,318458.9972772873,0,318458.9972772873,318458.9972772873,1.0
3,phase-reversal,8,400,0.01,oracle,5000,0;1;2;3;4;5;6;7,0,318458.9972772873,0,318458.9972772873,318458.9972772873,1.0
3,phase-reversal,8,400,0.01,oracle,20000,0;1;2;3;4;5;6;7,0,318458.9972772873,0,318458.9972772873,318458.9972772873,1.0
3,phase-reversal,8,400,0.1,frequency,0,0;2;3;4;5;6;7;12,1,378242.60008895036,0,378242.60008895036,318458.9972772873,0.8419437609682149
3,phase-reversal,8,400,0.1,frequency,5000,0;2;3;4;5;6;7;12,1,378242.60008895036,5000,383242.60008895036,318458.9972772873,0.8309592858501982
3,phase-reversal,8,400,0.1,frequency,20000,0;2;3;4;5;6;7;12,1,378242.60008895036,20000,398242.60008895036,318458.9972772873,0.7996608027522851
3,phase-reversal,8,400,0.1,residual,0,8;9;10;11;12;13;14;15,8,812400.0,0,812400.0,318458.9972772873,0.3919977809912448
3,phase-reversal,8,400,0.1,residual,5000,8;9;10;11;12;13;14;15,8,812400.0,40000,852400.0,318458.9972772873,0.37360276545904186
3,phase-reversal,8,400,0.1,residual,20000,8;9;10;11;12;13;14;15,8,812400.0,160000,972400.0,318458.9972772873,0.32749794043324487
3,phase-reversal,8,400,0.1,oracle,0,0;1;2;3;4;5;6;7,0,318458.9972772873,0,318458.9972772873,318458.9972772873,1.0
3,phase-reversal,8,400,0.1,oracle,5000,0;1;2;3;4;5;6;7,0,318458.9972772873,0,318458.9972772873,318458.9972772873,1.0
3,phase-reversal,8,400,0.1,oracle,20000,0;1;2;3;4;5;6;7,0,318458.9972772873,0,318458.9972772873,318458.9972772873,1.0
3,phase-reversal,8,400,1.0,frequency,0,0;1;2;3;4;5;6;7,0,318458.9972772873,0,318458.9972772873,318458.9972772873,1.0
3,phase-reversal,8,400,1.0,frequency,5000,0;1;2;3;4;5;6;7,0,318458.9972772873,0,318458.9972772873,318458.9972772873,1.0
3,phase-reversal,8,400,1.0,frequency,20000,0;1;2;3;4;5;6;7,0,318458.9972772873,0,318458.9972772873,318458.9972772873,1.0
3,phase-reversal,8,400,1.0,residual,0,8;9;10;11;12;13;14;15,8,812400.0,0,812400.0,318458.9972772873,0.3919977809912448
3,phase-reversal,8,400,1.0,residual,5000,8;9;10;11;12;13;14;15,8,812400.0,40000,852400.0,318458.9972772873,0.37360276545904186
3,phase-reversal,8,400,1.0,residual,20000,8;9;10;11;12;13;14;15,8,812400.0,160000,972400.0,318458.9972772873,0.32749794043324487
3,phase-reversal,8,400,1.0,oracle,0,0;1;2;3;4;5;6;7,0,318458.9972772873,0,318458.9972772873,318458.9972772873,1.0
3,phase-reversal,8,400,1.0,oracle,5000,0;1;2;3;4;5;6;7,0,318458.9972772873,0,318458.9972772873,318458.9972772873,1.0
3,phase-reversal,8,400,1.0,oracle,20000,0;1;2;3;4;5;6;7,0,318458.9972772873,0,318458.9972772873,318458.9972772873,1.0
4,frequency-aligned,2,200,0.01,frequency,0,1;7,1,556200.0,0,556200.0,556000.0,0.9996404171161453
4,frequency-aligned,2,200,0.01,frequency,5000,1;7,1,556200.0,5000,561200.0,556000.0,0.9907341411261582
4,frequency-aligned,2,200,0.01,frequency,20000,1;7,1,556200.0,20000,576200.0,556000.0,0.9649427282193683
4,frequency-aligned,2,200,0.01,residual,0,1;7,1,556200.0,0,556200.0,556000.0,0.9996404171161453
4,frequency-aligned,2,200,0.01,residual,5000,1;7,1,556200.0,5000,561200.0,556000.0,0.9907341411261582
4,frequency-aligned,2,200,0.01,residual,20000,1;7,1,556200.0,20000,576200.0,556000.0,0.9649427282193683
4,frequency-aligned,2,200,0.01,oracle,0,0;2,1,555900.0,0,555900.0,556000.0,1.000179888469149
4,frequency-aligned,2,200,0.01,oracle,5000,0;2,1,555900.0,5000,560900.0,556000.0,0.9912640399358175
4,frequency-aligned,2,200,0.01,oracle,20000,0;2,1,555900.0,20000,575900.0,556000.0,0.9654453898246224
4,frequency-aligned,2,200,0.1,frequency,0,0;3,1,557800.0,0,557800.0,556000.0,0.9967730369307995
4,frequency-aligned,2,200,0.1,frequency,5000,0;3,1,557800.0,5000,562800.0,556000.0,0.9879175550817342
4,frequency-aligned,2,200,0.1,frequency,20000,0;3,1,557800.0,20000,577800.0,556000.0,0.9622706818968502
4,frequency-aligned,2,200,0.1,residual,0,0;3,1,557800.0,0,557800.0,556000.0,0.9967730369307995
4,frequency-aligned,2,200,0.1,residual,5000,0;3,1,557800.0,5000,562800.0,556000.0,0.9879175550817342
4,frequency-aligned,2,200,0.1,residual,20000,0;3,1,557800.0,20000,577800.0,556000.0,0.9622706818968502
4,frequency-aligned,2,200,0.1,oracle,0,0;2,1,555900.0,0,555900.0,556000.0,1.000179888469149
4,frequency-aligned,2,200,0.1,oracle,5000,0;2,1,555900.0,5000,560900.0,556000.0,0.9912640399358175
4,frequency-aligned,2,200,0.1,oracle,20000,0;2,1,555900.0,20000,575900.0,556000.0,0.9654453898246224
4,frequency-aligned,2,200,1.0,frequency,0,1;2,1,555900.0,0,555900.0,556000.0,1.000179888469149
4,frequency-aligned,2,200,1.0,frequency,5000,1;2,1,555900.0,5000,560900.0,556000.0,0.9912640399358175
4,frequency-aligned,2,200,1.0,frequency,20000,1;2,1,555900.0,20000,575900.0,556000.0,0.9654453898246224
4,frequency-aligned,2,200,1.0,residual,0,1;2,1,555900.0,0,555900.0,556000.0,1.000179888469149
4,frequency-aligned,2,200,1.0,residual,5000,1;2,1,555900.0,5000,560900.0,556000.0,0.9912640399358175
4,frequency-aligned,2,200,1.0,residual,20000,1;2,1,555900.0,20000,575900.0,556000.0,0.9654453898246224
4,frequency-aligned,2,200,1.0,oracle,0,0;2,1,555900.0,0,555900.0,556000.0,1.000179888469149
4,frequency-aligned,2,200,1.0,oracle,5000,0;2,1,555900.0,5000,560900.0,556000.0,0.9912640399358175
4,frequency-aligned,2,200,1.0,oracle,20000,0;2,1,555900.0,20000,575900.0,556000.0,0.9654453898246224
4,frequency-aligned,2,300,0.01,frequency,0,1;7,1,752400.0,0,752400.0,752000.0,0.9994683678894205
4,frequency-aligned,2,300,0.01,frequency,5000,1;7,1,752400.0,5000,757400.0,752000.0,0.9928703459202535
4,frequency-aligned,2,300,0.01,frequency,20000,1;7,1,752400.0,20000,772400.0,752000.0,0.9735888140859659
4,frequency-aligned,2,300,0.01,residual,0,1;7,1,752400.0,0,752400.0,752000.0,0.9994683678894205
4,frequency-aligned,2,300,0.01,residual,5000,1;7,1,752400.0,5000,757400.0,752000.0,0.9928703459202535
4,frequency-aligned,2,300,0.01,residual,20000,1;7,1,752400.0,20000,772400.0,752000.0,0.9735888140859659
4,frequency-aligned,2,300,0.01,oracle,0,0;2,1,751800.0,0,751800.0,752000.0,1.000266028198989
4,frequency-aligned,2,300,0.01,oracle,5000,0;2,1,751800.0,5000,756800.0,752000.0,0.9936575052854123
4,frequency-aligned,2,300,0.01,oracle,20000,0;2,1,751800.0,20000,771800.0,752000.0,0.9743456854107282
4,frequency-aligned,2,300,0.1,frequency,0,0;3,1,755600.0,0,755600.0,752000.0,0.9952355743779777
4,frequency-aligned,2,300,0.1,frequency,5000,0;3,1,755600.0,5000,760600.0,752000.0,0.9886931369971076
4,frequency-aligned,2,300,0.1,frequency,20000,0;3,1,755600.0,20000,775600.0,752000.0,0.9695719443011862
4,frequency-aligned,2,300,0.1,residual,0,0;3,1,755600.0,0,755600.0,752000.0,0.9952355743779777
4,frequency-aligned,2,300,0.1,residual,5000,0;3,1,755600.0,5000,760600.0,752000.0,0.9886931369971076
4,frequency-aligned,2,300,0.1,residual,20000,0;3,1,755600.0,20000,775600.0,752000.0,0.9695719443011862
4,frequency-aligned,2,300,0.1,oracle,0,0;2,1,751800.0,0,751800.0,752000.0,1.000266028198989
4,frequency-aligned,2,300,0.1,oracle,5000,0;2,1,751800.0,5000,756800.0,752000.0,0.9936575052854123
4,frequency-aligned,2,300,0.1,oracle,20000,0;2,1,751800.0,20000,771800.0,752000.0,0.9743456854107282
4,frequency-aligned,2,300,1.0,frequency,0,1;2,1,751800.0,0,751800.0,752000.0,1.000266028198989
4,frequency-aligned,2,300,1.0,frequency,5000,1;2,1,751800.0,5000,756800.0,752000.0,0.9936575052854123
4,frequency-aligned,2,300,1.0,frequency,20000,1;2,1,751800.0,20000,771800.0,752000.0,0.9743456854107282
4,frequency-aligned,2,300,1.0,residual,0,1;2,1,751800.0,0,751800.0,752000.0,1.000266028198989
4,frequency-aligned,2,300,1.0,residual,5000,1;2,1,751800.0,5000,756800.0,752000.0,0.9936575052854123
4,frequency-aligned,2,300,1.0,residual,20000,1;2,1,751800.0,20000,771800.0,752000.0,0.9743456854107282
4,frequency-aligned,2,300,1.0,oracle,0,0;2,1,751800.0,0,751800.0,752000.0,1.000266028198989
4,frequency-aligned,2,300,1.0,oracle,5000,0;2,1,751800.0,5000,756800.0,752000.0,0.9936575052854123
4,frequency-aligned,2,300,1.0,oracle,20000,0;2,1,751800.0,20000,771800.0,752000.0,0.9743456854107282
4,frequency-aligned,2,400,0.01,frequency,0,1;7,1,948600.0,0,948600.0,948000.0,0.9993674889310563
4,frequency-aligned,2,400,0.01,frequency,5000,1;7,1,948600.0,5000,953600.0,948000.0,0.9941275167785235
4,frequency-aligned,2,400,0.01,frequency,20000,1;7,1,948600.0,20000,968600.0,948000.0,0.9787321907908322
4,frequency-aligned,2,400,0.01,residual,0,1;7,1,948600.0,0,948600.0,948000.0,0.9993674889310563
4,frequency-aligned,2,400,0.01,residual,5000,1;7,1,948600.0,5000,953600.0,948000.0,0.9941275167785235
4,frequency-aligned,2,400,0.01,residual,20000,1;7,1,948600.0,20000,968600.0,948000.0,0.9787321907908322
4,frequency-aligned,2,400,0.01,oracle,0,0;2,1,947700.0,0,947700.0,948000.0,1.0003165558721114
4,frequency-aligned,2,400,0.01,oracle,5000,0;2,1,947700.0,5000,952700.0,948000.0,0.9950666526713551
4,frequency-aligned,2,400,0.01,oracle,20000,0;2,1,947700.0,20000,967700.0,948000.0,0.9796424511728842
4,frequency-aligned,2,400,0.1,frequency,0,0;3,1,953400.0,0,953400.0,948000.0,0.9943360604153556
4,frequency-aligned,2,400,0.1,frequency,5000,0;3,1,953400.0,5000,958400.0,948000.0,0.9891485809682805
4,frequency-aligned,2,400,0.1,frequency,20000,0;3,1,953400.0,20000,973400.0,948000.0,0.9739058968563797
4,frequency-aligned,2,400,0.1,residual,0,0;3,1,953400.0,0,953400.0,948000.0,0.9943360604153556
4,frequency-aligned,2,400,0.1,residual,5000,0;3,1,953400.0,5000,958400.0,948000.0,0.9891485809682805
4,frequency-aligned,2,400,0.1,residual,20000,0;3,1,953400.0,20000,973400.0,948000.0,0.9739058968563797
4,frequency-aligned,2,400,0.1,oracle,0,0;2,1,947700.0,0,947700.0,948000.0,1.0003165558721114
4,frequency-aligned,2,400,0.1,oracle,5000,0;2,1,947700.0,5000,952700.0,948000.0,0.9950666526713551
4,frequency-aligned,2,400,0.1,oracle,20000,0;2,1,947700.0,20000,967700.0,948000.0,0.9796424511728842
4,frequency-aligned,2,400,1.0,frequency,0,1;2,1,947700.0,0,947700.0,948000.0,1.0003165558721114
4,frequency-aligned,2,400,1.0,frequency,5000,1;2,1,947700.0,5000,952700.0,948000.0,0.9950666526713551
4,frequency-aligned,2,400,1.0,frequency,20000,1;2,1,947700.0,20000,967700.0,948000.0,0.9796424511728842
4,frequency-aligned,2,400,1.0,residual,0,1;2,1,947700.0,0,947700.0,948000.0,1.0003165558721114
4,frequency-aligned,2,400,1.0,residual,5000,1;2,1,947700.0,5000,952700.0,948000.0,0.9950666526713551
4,frequency-aligned,2,400,1.0,residual,20000,1;2,1,947700.0,20000,967700.0,948000.0,0.9796424511728842
4,frequency-aligned,2,400,1.0,oracle,0,0;2,1,947700.0,0,947700.0,948000.0,1.0003165558721114
4,frequency-aligned,2,400,1.0,oracle,5000,0;2,1,947700.0,5000,952700.0,948000.0,0.9950666526713551
4,frequency-aligned,2,400,1.0,oracle,20000,0;2,1,947700.0,20000,967700.0,948000.0,0.9796424511728842
4,frequency-aligned,4,200,0.01,frequency,0,1;2;5;7,2,514200.0,0,514200.0,513700.0,0.9990276157137301
4,frequency-aligned,4,200,0.01,frequency,5000,1;2;5;7,2,514200.0,10000,524200.0,513700.0,0.979969477298741
4,frequency-aligned,4,200,0.01,frequency,20000,1;2;5;7,2,514200.0,40000,554200.0,513700.0,0.9269216889209672
4,frequency-aligned,4,200,0.01,residual,0,1;2;5;7,2,514200.0,0,514200.0,513700.0,0.9990276157137301
4,frequency-aligned,4,200,0.01,residual,5000,1;2;5;7,2,514200.0,10000,524200.0,513700.0,0.979969477298741
4,frequency-aligned,4,200,0.01,residual,20000,1;2;5;7,2,514200.0,40000,554200.0,513700.0,0.9269216889209672
4,frequency-aligned,4,200,0.01,oracle,0,0;1;2;7,1,512100.0,0,512100.0,513700.0,1.0031243897676234
4,frequency-aligned,4,200,0.01,oracle,5000,0;1;2;7,1,512100.0,5000,517100.0,513700.0,0.9934248694643203
4,frequency-aligned,4,200,0.01,oracle,20000,0;1;2;7,1,512100.0,20000,532100.0,513700.0,0.9654200338282278
4,frequency-aligned,4,200,0.1,frequency,0,0;2;3;6,1,514800.0,0,514800.0,513700.0,0.9978632478632479
4,frequency-aligned,4,200,0.1,frequency,5000,0;2;3;6,1,514800.0,5000,519800.0,513700.0,0.9882647171989226
4,frequency-aligned,4,200,0.1,frequency,20000,0;2;3;6,1,514800.0,20000,534800.0,513700.0,0.9605459985041137
4,frequency-aligned,4,200,0.1,residual,0,0;2;3;6,1,514800.0,0,514800.0,513700.0,0.9978632478632479
4,frequency-aligned,4,200,0.1,residual,5000,0;2;3;6,1,514800.0,5000,519800.0,513700.0,0.9882647171989226
4,frequency-aligned,4,200,0.1,residual,20000,0;2;3;6,1,514800.0,20000,534800.0,513700.0,0.9605459985041137
4,frequency-aligned,4,200,0.1,oracle,0,0;1;2;7,1,512100.0,0,512100.0,513700.0,1.0031243897676234
4,frequency-aligned,4,200,0.1,oracle,5000,0;1;2;7,1,512100.0,5000,517100.0,513700.0,0.9934248694643203
4,frequency-aligned,4,200,0.1,oracle,20000,0;1;2;7,1,512100.0,20000,532100.0,513700.0,0.9654200338282278
4,frequency-aligned,4,200,1.0,frequency,0,0;1;2;7,1,512100.0,0,512100.0,513700.0,1.0031243897676234
4,frequency-aligned,4,200,1.0,frequency,5000,0;1;2;7,1,512100.0,5000,517100.0,513700.0,0.9934248694643203
4,frequency-aligned,4,200,1.0,frequency,20000,0;1;2;7,1,512100.0,20000,532100.0,513700.0,0.9654200338282278
4,frequency-aligned,4,200,1.0,residual,0,0;1;2;7,1,512100.0,0,512100.0,513700.0,1.0031243897676234
4,frequency-aligned,4,200,1.0,residual,5000,0;1;2;7,1,512100.0,5000,517100.0,513700.0,0.9934248694643203
4,frequency-aligned,4,200,1.0,residual,20000,0;1;2;7,1,512100.0,20000,532100.0,513700.0,0.9654200338282278
4,frequency-aligned,4,200,1.0,oracle,0,0;1;2;7,1,512100.0,0,512100.0,513700.0,1.0031243897676234
4,frequency-aligned,4,200,1.0,oracle,5000,0;1;2;7,1,512100.0,5000,517100.0,513700.0,0.9934248694643203
4,frequency-aligned,4,200,1.0,oracle,20000,0;1;2;7,1,512100.0,20000,532100.0,513700.0,0.9654200338282278
4,frequency-aligned,4,300,0.01,frequency,0,1;2;5;7,2,668400.0,0,668400.0,667400.0,0.9985038898862957
4,frequency-aligned,4,300,0.01,frequency,5000,1;2;5;7,2,668400.0,10000,678400.0,667400.0,0.9837853773584906
4,frequency-aligned,4,300,0.01,frequency,20000,1;2;5;7,2,668400.0,40000,708400.0,667400.0,0.9421230942970074
4,frequency-aligned,4,300,0.01,residual,0,1;2;5;7,2,668400.0,0,668400.0,667400.0,0.9985038898862957
4,frequency-aligned,4,300,0.01,residual,5000,1;2;5;7,2,668400.0,10000,678400.0,667400.0,0.9837853773584906
4,frequency-aligned,4,300,0.01,residual,20000,1;2;5;7,2,668400.0,40000,708400.0,667400.0,0.9421230942970074
4,frequency-aligned,4,300,0.01,oracle,0,0;1;2;7,1,664200.0,0,664200.0,667400.0,1.0048178259560374
4,frequency-aligned,4,300,0.01,oracle,5000,0;1;2;7,1,664200.0,5000,669200.0,667400.0,0.9973102211595936
4,frequency-aligned,4,300,0.01,oracle,20000,0;1;2;7,1,664200.0,20000,684200.0,667400.0,0.975445776088863
4,frequency-aligned,4,300,0.1,frequency,0,0;2;3;6,1,669600.0,0,669600.0,667400.0,0.9967144563918757
4,frequency-aligned,4,300,0.1,frequency,5000,0;2;3;6,1,669600.0,5000,674600.0,667400.0,0.9893270085976875
4,frequency-aligned,4,300,0.1,frequency,20000,0;2;3;6,1,669600.0,20000,689600.0,667400.0,0.9678074245939675
4,frequency-aligned,4,300,0.1,residual,0,0;2;3;6,1,669600.0,0,669600.0,667400.0,0.9967144563918757
4,frequency-aligned,4,300,0.1,residual,5000,0;2;3;6,1,669600.0,5000,674600.0,667400.0,0.9893270085976875
4,frequency-aligned,4,300,0.1,residual,20000,0;2;3;6,1,669600.0,20000,689600.0,667400.0,0.9678074245939675
4,frequency-aligned,4,300,0.1,oracle,0,0;1;2;7,1,664200.0,0,664200.0,667400.0,1.0048178259560374
4,frequency-aligned,4,300,0.1,oracle,5000,0;1;2;7,1,664200.0,5000,669200.0,667400.0,0.9973102211595936
4,frequency-aligned,4,300,0.1,oracle,20000,0;1;2;7,1,664200.0,20000,684200.0,667400.0,0.975445776088863
4,frequency-aligned,4,300,1.0,frequency,0,0;1;2;7,1,664200.0,0,664200.0,667400.0,1.0048178259560374
4,frequency-aligned,4,300,1.0,frequency,5000,0;1;2;7,1,664200.0,5000,669200.0,667400.0,0.9973102211595936
4,frequency-aligned,4,300,1.0,frequency,20000,0;1;2;7,1,664200.0,20000,684200.0,667400.0,0.975445776088863
4,frequency-aligned,4,300,1.0,residual,0,0;1;2;7,1,664200.0,0,664200.0,667400.0,1.0048178259560374
4,frequency-aligned,4,300,1.0,residual,5000,0;1;2;7,1,664200.0,5000,669200.0,667400.0,0.9973102211595936
4,frequency-aligned,4,300,1.0,residual,20000,0;1;2;7,1,664200.0,20000,684200.0,667400.0,0.975445776088863
4,frequency-aligned,4,300,1.0,oracle,0,0;1;2;7,1,664200.0,0,664200.0,667400.0,1.0048178259560374
4,frequency-aligned,4,300,1.0,oracle,5000,0;1;2;7,1,664200.0,5000,669200.0,667400.0,0.9973102211595936
4,frequency-aligned,4,300,1.0,oracle,20000,0;1;2;7,1,664200.0,20000,684200.0,667400.0,0.975445776088863
4,frequency-aligned,4,400,0.01,frequency,0,1;2;5;7,2,822600.0,0,822600.0,821100.0,0.9981765134938001
4,frequency-aligned,4,400,0.01,frequency,5000,1;2;5;7,2,822600.0,10000,832600.0,821100.0,0.9861878453038674
4,frequency-aligned,4,400,0.01,frequency,20000,1;2;5;7,2,822600.0,40000,862600.0,821100.0,0.9518896359842337
4,frequency-aligned,4,400,0.01,residual,0,1;2;5;7,2,822600.0,0,822600.0,821100.0,0.9981765134938001
4,frequency-aligned,4,400,0.01,residual,5000,1;2;5;7,2,822600.0,10000,832600.0,821100.0,0.9861878453038674
4,frequency-aligned,4,400,0.01,residual,20000,1;2;5;7,2,822600.0,40000,862600.0,821100.0,0.9518896359842337
4,frequency-aligned,4,400,0.01,oracle,0,0;1;2;7,1,816300.0,0,816300.0,821100.0,1.005880191106211
4,frequency-aligned,4,400,0.01,oracle,5000,0;1;2;7,1,816300.0,5000,821300.0,821100.0,0.9997564836235237
4,frequency-aligned,4,400,0.01,oracle,20000,0;1;2;7,1,816300.0,20000,836300.0,821100.0,0.9818247040535693
4,frequency-aligned,4,400,0.1,frequency,0,0;2;3;6,1,824400.0,0,824400.0,821100.0,0.9959970887918487
4,frequency-aligned,4,400,0.1,frequency,5000,0;2;3;6,1,824400.0,5000,829400.0,821100.0,0.9899927658548349
4,frequency-aligned,4,400,0.1,frequency,20000,0;2;3;6,1,824400.0,20000,844400.0,821100.0,0.9724064424443392
4,frequency-aligned,4,400,0.1,residual,0,0;2;3;6,1,824400.0,0,824400.0,821100.0,0.9959970887918487
4,frequency-aligned,4,400,0.1,residual,5000,0;2;3;6,1,824400.0,5000,829400.0,821100.0,0.9899927658548349
4,frequency-aligned,4,400,0.1,residual,20000,0;2;3;6,1,824400.0,20000,844400.0,821100.0,0.9724064424443392
4,frequency-aligned,4,400,0.1,oracle,0,0;1;2;7,1,816300.0,0,816300.0,821100.0,1.005880191106211
4,frequency-aligned,4,400,0.1,oracle,5000,0;1;2;7,1,816300.0,5000,821300.0,821100.0,0.9997564836235237
4,frequency-aligned,4,400,0.1,oracle,20000,0;1;2;7,1,816300.0,20000,836300.0,821100.0,0.9818247040535693
4,frequency-aligned,4,400,1.0,frequency,0,0;1;2;7,1,816300.0,0,816300.0,821100.0,1.005880191106211
4,frequency-aligned,4,400,1.0,frequency,5000,0;1;2;7,1,816300.0,5000,821300.0,821100.0,0.9997564836235237
4,frequency-aligned,4,400,1.0,frequency,20000,0;1;2;7,1,816300.0,20000,836300.0,821100.0,0.9818247040535693
4,frequency-aligned,4,400,1.0,residual,0,0;1;2;7,1,816300.0,0,816300.0,821100.0,1.005880191106211
4,frequency-aligned,4,400,1.0,residual,5000,0;1;2;7,1,816300.0,5000,821300.0,821100.0,0.9997564836235237
4,frequency-aligned,4,400,1.0,residual,20000,0;1;2;7,1,816300.0,20000,836300.0,821100.0,0.9818247040535693
4,frequency-aligned,4,400,1.0,oracle,0,0;1;2;7,1,816300.0,0,816300.0,821100.0,1.005880191106211
4,frequency-aligned,4,400,1.0,oracle,5000,0;1;2;7,1,816300.0,5000,821300.0,821100.0,0.9997564836235237
4,frequency-aligned,4,400,1.0,oracle,20000,0;1;2;7,1,816300.0,20000,836300.0,821100.0,0.9818247040535693
4,frequency-aligned,8,200,0.01,frequency,0,1;2;3;4;5;6;7;13,1,444200.0,0,444200.0,430500.0,0.9691580369203062
4,frequency-aligned,8,200,0.01,frequency,5000,1;2;3;4;5;6;7;13,1,444200.0,5000,449200.0,430500.0,0.9583704363312555
4,frequency-aligned,8,200,0.01,frequency,20000,1;2;3;4;5;6;7;13,1,444200.0,20000,464200.0,430500.0,0.9274019819043515
4,frequency-aligned,8,200,0.01,residual,0,1;2;3;4;5;6;7;13,1,444200.0,0,444200.0,430500.0,0.9691580369203062
4,frequency-aligned,8,200,0.01,residual,5000,1;2;3;4;5;6;7;13,1,444200.0,5000,449200.0,430500.0,0.9583704363312555
4,frequency-aligned,8,200,0.01,residual,20000,1;2;3;4;5;6;7;13,1,444200.0,20000,464200.0,430500.0,0.9274019819043515
4,frequency-aligned,8,200,0.01,oracle,0,0;1;2;3;4;5;6;7,0,430500.0,0,430500.0,430500.0,1.0
4,frequency-aligned,8,200,0.01,oracle,5000,0;1;2;3;4;5;6;7,0,430500.0,0,430500.0,430500.0,1.0
4,frequency-aligned,8,200,0.01,oracle,20000,0;1;2;3;4;5;6;7,0,430500.0,0,430500.0,430500.0,1.0
4,frequency-aligned,8,200,0.1,frequency,0,0;1;2;3;4;5;6;7,0,430500.0,0,430500.0,430500.0,1.0
4,frequency-aligned,8,200,0.1,frequency,5000,0;1;2;3;4;5;6;7,0,430500.0,0,430500.0,430500.0,1.0
4,frequency-aligned,8,200,0.1,frequency,20000,0;1;2;3;4;5;6;7,0,430500.0,0,430500.0,430500.0,1.0
4,frequency-aligned,8,200,0.1,residual,0,0;1;2;3;4;5;6;7,0,430500.0,0,430500.0,430500.0,1.0
4,frequency-aligned,8,200,0.1,residual,5000,0;1;2;3;4;5;6;7,0,430500.0,0,430500.0,430500.0,1.0
4,frequency-aligned,8,200,0.1,residual,20000,0;1;2;3;4;5;6;7,0,430500.0,0,430500.0,430500.0,1.0
4,frequency-aligned,8,200,0.1,oracle,0,0;1;2;3;4;5;6;7,0,430500.0,0,430500.0,430500.0,1.0
4,frequency-aligned,8,200,0.1,oracle,5000,0;1;2;3;4;5;6;7,0,430500.0,0,430500.0,430500.0,1.0
4,frequency-aligned,8,200,0.1,oracle,20000,0;1;2;3;4;5;6;7,0,430500.0,0,430500.0,430500.0,1.0
4,frequency-aligned,8,200,1.0,frequency,0,0;1;2;3;4;5;6;7,0,430500.0,0,430500.0,430500.0,1.0
4,frequency-aligned,8,200,1.0,frequency,5000,0;1;2;3;4;5;6;7,0,430500.0,0,430500.0,430500.0,1.0
4,frequency-aligned,8,200,1.0,frequency,20000,0;1;2;3;4;5;6;7,0,430500.0,0,430500.0,430500.0,1.0
4,frequency-aligned,8,200,1.0,residual,0,0;1;2;3;4;5;6;7,0,430500.0,0,430500.0,430500.0,1.0
4,frequency-aligned,8,200,1.0,residual,5000,0;1;2;3;4;5;6;7,0,430500.0,0,430500.0,430500.0,1.0
4,frequency-aligned,8,200,1.0,residual,20000,0;1;2;3;4;5;6;7,0,430500.0,0,430500.0,430500.0,1.0
4,frequency-aligned,8,200,1.0,oracle,0,0;1;2;3;4;5;6;7,0,430500.0,0,430500.0,430500.0,1.0
4,frequency-aligned,8,200,1.0,oracle,5000,0;1;2;3;4;5;6;7,0,430500.0,0,430500.0,430500.0,1.0
4,frequency-aligned,8,200,1.0,oracle,20000,0;1;2;3;4;5;6;7,0,430500.0,0,430500.0,430500.0,1.0
4,frequency-aligned,8,300,0.01,frequency,0,1;2;3;4;5;6;7;13,1,528400.0,0,528400.0,501000.0,0.9481453444360333
4,frequency-aligned,8,300,0.01,frequency,5000,1;2;3;4;5;6;7;13,1,528400.0,5000,533400.0,501000.0,0.9392575928008999
4,frequency-aligned,8,300,0.01,frequency,20000,1;2;3;4;5;6;7;13,1,528400.0,20000,548400.0,501000.0,0.9135667396061269
4,frequency-aligned,8,300,0.01,residual,0,1;2;3;4;5;6;7;13,1,528400.0,0,528400.0,501000.0,0.9481453444360333
4,frequency-aligned,8,300,0.01,residual,5000,1;2;3;4;5;6;7;13,1,528400.0,5000,533400.0,501000.0,0.9392575928008999
4,frequency-aligned,8,300,0.01,residual,20000,1;2;3;4;5;6;7;13,1,528400.0,20000,548400.0,501000.0,0.9135667396061269
4,frequency-aligned,8,300,0.01,oracle,0,0;1;2;3;4;5;6;7,0,501000.0,0,501000.0,501000.0,1.0
4,frequency-aligned,8,300,0.01,oracle,5000,0;1;2;3;4;5;6;7,0,501000.0,0,501000.0,501000.0,1.0
4,frequency-aligned,8,300,0.01,oracle,20000,0;1;2;3;4;5;6;7,0,501000.0,0,501000.0,501000.0,1.0
4,frequency-aligned,8,300,0.1,frequency,0,0;1;2;3;4;5;6;7,0,501000.0,0,501000.0,501000.0,1.0
4,frequency-aligned,8,300,0.1,frequency,5000,0;1;2;3;4;5;6;7,0,501000.0,0,501000.0,501000.0,1.0
4,frequency-aligned,8,300,0.1,frequency,20000,0;1;2;3;4;5;6;7,0,501000.0,0,501000.0,501000.0,1.0
4,frequency-aligned,8,300,0.1,residual,0,0;1;2;3;4;5;6;7,0,501000.0,0,501000.0,501000.0,1.0
4,frequency-aligned,8,300,0.1,residual,5000,0;1;2;3;4;5;6;7,0,501000.0,0,501000.0,501000.0,1.0
4,frequency-aligned,8,300,0.1,residual,20000,0;1;2;3;4;5;6;7,0,501000.0,0,501000.0,501000.0,1.0
4,frequency-aligned,8,300,0.1,oracle,0,0;1;2;3;4;5;6;7,0,501000.0,0,501000.0,501000.0,1.0
4,frequency-aligned,8,300,0.1,oracle,5000,0;1;2;3;4;5;6;7,0,501000.0,0,501000.0,501000.0,1.0
4,frequency-aligned,8,300,0.1,oracle,20000,0;1;2;3;4;5;6;7,0,501000.0,0,501000.0,501000.0,1.0
4,frequency-aligned,8,300,1.0,frequency,0,0;1;2;3;4;5;6;7,0,501000.0,0,501000.0,501000.0,1.0
4,frequency-aligned,8,300,1.0,frequency,5000,0;1;2;3;4;5;6;7,0,501000.0,0,501000.0,501000.0,1.0
4,frequency-aligned,8,300,1.0,frequency,20000,0;1;2;3;4;5;6;7,0,501000.0,0,501000.0,501000.0,1.0
4,frequency-aligned,8,300,1.0,residual,0,0;1;2;3;4;5;6;7,0,501000.0,0,501000.0,501000.0,1.0
4,frequency-aligned,8,300,1.0,residual,5000,0;1;2;3;4;5;6;7,0,501000.0,0,501000.0,501000.0,1.0
4,frequency-aligned,8,300,1.0,residual,20000,0;1;2;3;4;5;6;7,0,501000.0,0,501000.0,501000.0,1.0
4,frequency-aligned,8,300,1.0,oracle,0,0;1;2;3;4;5;6;7,0,501000.0,0,501000.0,501000.0,1.0
4,frequency-aligned,8,300,1.0,oracle,5000,0;1;2;3;4;5;6;7,0,501000.0,0,501000.0,501000.0,1.0
4,frequency-aligned,8,300,1.0,oracle,20000,0;1;2;3;4;5;6;7,0,501000.0,0,501000.0,501000.0,1.0
4,frequency-aligned,8,400,0.01,frequency,0,1;2;3;4;5;6;7;13,1,612600.0,0,612600.0,571500.0,0.9329089128305583
4,frequency-aligned,8,400,0.01,frequency,5000,1;2;3;4;5;6;7;13,1,612600.0,5000,617600.0,571500.0,0.9253562176165803
4,frequency-aligned,8,400,0.01,frequency,20000,1;2;3;4;5;6;7;13,1,612600.0,20000,632600.0,571500.0,0.9034144799241227
4,frequency-aligned,8,400,0.01,residual,0,1;2;3;4;5;6;7;13,1,612600.0,0,612600.0,571500.0,0.9329089128305583
4,frequency-aligned,8,400,0.01,residual,5000,1;2;3;4;5;6;7;13,1,612600.0,5000,617600.0,571500.0,0.9253562176165803
4,frequency-aligned,8,400,0.01,residual,20000,1;2;3;4;5;6;7;13,1,612600.0,20000,632600.0,571500.0,0.9034144799241227
4,frequency-aligned,8,400,0.01,oracle,0,0;1;2;3;4;5;6;7,0,571500.0,0,571500.0,571500.0,1.0
4,frequency-aligned,8,400,0.01,oracle,5000,0;1;2;3;4;5;6;7,0,571500.0,0,571500.0,571500.0,1.0
4,frequency-aligned,8,400,0.01,oracle,20000,0;1;2;3;4;5;6;7,0,571500.0,0,571500.0,571500.0,1.0
4,frequency-aligned,8,400,0.1,frequency,0,0;1;2;3;4;5;6;7,0,571500.0,0,571500.0,571500.0,1.0
4,frequency-aligned,8,400,0.1,frequency,5000,0;1;2;3;4;5;6;7,0,571500.0,0,571500.0,571500.0,1.0
4,frequency-aligned,8,400,0.1,frequency,20000,0;1;2;3;4;5;6;7,0,571500.0,0,571500.0,571500.0,1.0
4,frequency-aligned,8,400,0.1,residual,0,0;1;2;3;4;5;6;7,0,571500.0,0,571500.0,571500.0,1.0
4,frequency-aligned,8,400,0.1,residual,5000,0;1;2;3;4;5;6;7,0,571500.0,0,571500.0,571500.0,1.0
4,frequency-aligned,8,400,0.1,residual,20000,0;1;2;3;4;5;6;7,0,571500.0,0,571500.0,571500.0,1.0
4,frequency-aligned,8,400,0.1,oracle,0,0;1;2;3;4;5;6;7,0,571500.0,0,571500.0,571500.0,1.0
4,frequency-aligned,8,400,0.1,oracle,5000,0;1;2;3;4;5;6;7,0,571500.0,0,571500.0,571500.0,1.0
4,frequency-aligned,8,400,0.1,oracle,20000,0;1;2;3;4;5;6;7,0,571500.0,0,571500.0,571500.0,1.0
4,frequency-aligned,8,400,1.0,frequency,0,0;1;2;3;4;5;6;7,0,571500.0,0,571500.0,571500.0,1.0
4,frequency-aligned,8,400,1.0,frequency,5000,0;1;2;3;4;5;6;7,0,571500.0,0,571500.0,571500.0,1.0
4,frequency-aligned,8,400,1.0,frequency,20000,0;1;2;3;4;5;6;7,0,571500.0,0,571500.0,571500.0,1.0
4,frequency-aligned,8,400,1.0,residual,0,0;1;2;3;4;5;6;7,0,571500.0,0,571500.0,571500.0,1.0
4,frequency-aligned,8,400,1.0,residual,5000,0;1;2;3;4;5;6;7,0,571500.0,0,571500.0,571500.0,1.0
4,frequency-aligned,8,400,1.0,residual,20000,0;1;2;3;4;5;6;7,0,571500.0,0,571500.0,571500.0,1.0
4,frequency-aligned,8,400,1.0,oracle,0,0;1;2;3;4;5;6;7,0,571500.0,0,571500.0,571500.0,1.0
4,frequency-aligned,8,400,1.0,oracle,5000,0;1;2;3;4;5;6;7,0,571500.0,0,571500.0,571500.0,1.0
4,frequency-aligned,8,400,1.0,oracle,20000,0;1;2;3;4;5;6;7,0,571500.0,0,571500.0,571500.0,1.0
4,prefetch-hidden,2,200,0.01,frequency,0,0;2,1,255507.7475706483,0,255507.7475706483,255476.81623229253,0.9998789416812216
4,prefetch-hidden,2,200,0.01,frequency,5000,0;2,1,255507.7475706483,5000,260507.7475706483,255476.81623229253,0.9806879780533537
4,prefetch-hidden,2,200,0.01,frequency,20000,0;2,1,255507.7475706483,20000,275507.7475706483,255476.81623229253,0.927294489846536
4,prefetch-hidden,2,200,0.01,residual,0,9;12,2,240465.51766382693,0,240465.51766382693,255476.81623229253,1.062425992359751
4,prefetch-hidden,2,200,0.01,residual,5000,9;12,2,240465.51766382693,10000,250465.51766382693,255476.81623229253,1.0200079380794913
4,prefetch-hidden,2,200,0.01,residual,20000,9;12,2,240465.51766382693,40000,280465.51766382693,255476.81623229253,0.910902767514235
4,prefetch-hidden,2,200,0.01,oracle,0,8;13,2,236165.51766382693,0,236165.51766382693,255476.81623229253,1.0817701871106964
4,prefetch-hidden,2,200,0.01,oracle,5000,8;13,2,236165.51766382693,10000,246165.51766382693,255476.81623229253,1.0378253569258284
4,prefetch-hidden,2,200,0.01,oracle,20000,8;13,2,236165.51766382693,40000,276165.51766382693,255476.81623229253,0.9250858629761355
4,prefetch-hidden,2,200,0.1,frequency,0,2;3,2,255530.00280115547,0,255530.00280115547,255476.81623229253,0.9997918578316445
4,prefetch-hidden,2,200,0.1,frequency,5000,2;3,2,255530.00280115547,10000,265530.00280115544,255476.81623229253,0.962139168972211
4,prefetch-hidden,2,200,0.1,frequency,20000,2;3,2,255530.00280115547,40000,295530.00280115544,255476.81623229253,0.8644699821025877
4,prefetch-hidden,2,200,0.1,residual,0,8;15,2,236665.51766382693,0,236665.51766382693,255476.81623229253,1.0794847460422445
4,prefetch-hidden,2,200,0.1,residual,5000,8;15,2,236665.51766382693,10000,246665.51766382693,255476.81623229253,1.0357216470786739
4,prefetch-hidden,2,200,0.1,residual,20000,8;15,2,236665.51766382693,40000,276665.51766382693,255476.81623229253,0.9234140141118686
4,prefetch-hidden,2,200,0.1,oracle,0,8;13,2,236165.51766382693,0,236165.51766382693,255476.81623229253,1.0817701871106964
4,prefetch-hidden,2,200,0.1,oracle,5000,8;13,2,236165.51766382693,10000,246165.51766382693,255476.81623229253,1.0378253569258284
4,prefetch-hidden,2,200,0.1,oracle,20000,8;13,2,236165.51766382693,40000,276165.51766382693,255476.81623229253,0.9250858629761355
4,prefetch-hidden,2,200,1.0,frequency,0,2;6,2,255491.79661028206,0,255491.79661028206,255476.81623229253,0.9999413665010451
4,prefetch-hidden,2,200,1.0,frequency,5000,2;6,2,255491.79661028206,10000,265491.79661028204,255476.81623229253,0.962277627761544
4,prefetch-hidden,2,200,1.0,frequency,20000,2;6,2,255491.79661028206,40000,295491.79661028204,255476.81623229253,0.8645817554428951
4,prefetch-hidden,2,200,1.0,residual,0,10;13,2,238165.51766382693,0,238165.51766382693,255476.81623229253,1.0726859989568291
4,prefetch-hidden,2,200,1.0,residual,5000,10;13,2,238165.51766382693,10000,248165.51766382693,255476.81623229253,1.0294613797972114
4,prefetch-hidden,2,200,1.0,residual,20000,10;13,2,238165.51766382693,40000,278165.51766382693,255476.81623229253,0.9184345291174641
4,prefetch-hidden,2,200,1.0,oracle,0,8;13,2,236165.51766382693,0,236165.51766382693,255476.81623229253,1.0817701871106964
4,prefetch-hidden,2,200,1.0,oracle,5000,8;13,2,236165.51766382693,10000,246165.51766382693,255476.81623229253,1.0378253569258284
4,prefetch-hidden,2,200,1.0,oracle,20000,8;13,2,236165.51766382693,40000,276165.51766382693,255476.81623229253,0.9250858629761355
4,prefetch-hidden,2,300,0.01,frequency,0,0;2,1,339024.1668763594,0,339024.1668763594,338616.6176407413,0.9987978755633468
4,prefetch-hidden,2,300,0.01,frequency,5000,0;2,1,339024.1668763594,5000,344024.1668763594,338616.6176407413,0.9842814843947822
4,prefetch-hidden,2,300,0.01,frequency,20000,0;2,1,339024.1668763594,20000,359024.1668763594,338616.6176407413,0.9431582853790285
4,prefetch-hidden,2,300,0.01,residual,0,9;12,2,314234.6015071026,0,314234.6015071026,338616.6176407413,1.0775917611131935
4,prefetch-hidden,2,300,0.01,residual,5000,9;12,2,314234.6015071026,10000,324234.6015071026,338616.6176407413,1.0443568208537535
4,prefetch-hidden,2,300,0.01,residual,20000,9;12,2,314234.6015071026,40000,354234.6015071026,338616.6176407413,0.9559106202502125
4,prefetch-hidden,2,300,0.01,oracle,0,8;13,2,305634.6015071026,0,305634.6015071026,338616.6176407413,1.1079132270070287
4,prefetch-hidden,2,300,0.01,oracle,5000,8;13,2,305634.6015071026,10000,315634.6015071026,338616.6176407413,1.0728120935534424
4,prefetch-hidden,2,300,0.01,oracle,20000,8;13,2,305634.6015071026,40000,345634.6015071026,338616.6176407413,0.9796953666219754
4,prefetch-hidden,2,300,0.1,frequency,0,2;3,2,339491.9660839797,0,339491.9660839797,338616.6176407413,0.9974215930546589
4,prefetch-hidden,2,300,0.1,frequency,5000,2;3,2,339491.9660839797,10000,349491.9660839797,338616.6176407413,0.9688824078988266
4,prefetch-hidden,2,300,0.1,frequency,20000,2;3,2,339491.9660839797,40000,379491.9660839797,338616.6176407413,0.8922892917469749
4,prefetch-hidden,2,300,0.1,residual,0,8;15,2,306634.6015071026,0,306634.6015071026,338616.6176407413,1.104300088693343
4,prefetch-hidden,2,300,0.1,residual,5000,8;15,2,306634.6015071026,10000,316634.6015071026,338616.6176407413,1.0694239228088456
4,prefetch-hidden,2,300,0.1,residual,20000,8;15,2,306634.6015071026,40000,346634.6015071026,338616.6176407413,0.9768690608741868
4,prefetch-hidden,2,300,0.1,oracle,0,8;13,2,305634.6015071026,0,305634.6015071026,338616.6176407413,1.1079132270070287
4,prefetch-hidden,2,300,0.1,oracle,5000,8;13,2,305634.6015071026,10000,315634.6015071026,338616.6176407413,1.0728120935534424
4,prefetch-hidden,2,300,0.1,oracle,20000,8;13,2,305634.6015071026,40000,345634.6015071026,338616.6176407413,0.9796953666219754
4,prefetch-hidden,2,300,1.0,frequency,0,2;6,2,339104.4755058619,0,339104.4755058619,338616.6176407413,0.9985613346317743
4,prefetch-hidden,2,300,1.0,frequency,5000,2;6,2,339104.4755058619,10000,349104.4755058619,338616.6176407413,0.9699578246600149
4,prefetch-hidden,2,300,1.0,frequency,20000,2;6,2,339104.4755058619,40000,379104.4755058619,338616.6176407413,0.8932013192112933
4,prefetch-hidden,2,300,1.0,residual,0,10;13,2,309634.6015071026,0,309634.6015071026,338616.6176407413,1.0936007022231133
4,prefetch-hidden,2,300,1.0,residual,5000,10;13,2,309634.6015071026,10000,319634.6015071026,338616.6176407413,1.0593866122257634
4,prefetch-hidden,2,300,1.0,residual,20000,10;13,2,309634.6015071026,40000,349634.6015071026,338616.6176407413,0.9684871468130779
4,prefetch-hidden,2,300,1.0,oracle,0,8;13,2,305634.6015071026,0,305634.6015071026,338616.6176407413,1.1079132270070287
4,prefetch-hidden,2,300,1.0,oracle,5000,8;13,2,305634.6015071026,10000,315634.6015071026,338616.6176407413,1.0728120935534424
4,prefetch-hidden,2,300,1.0,oracle,20000,8;13,2,305634.6015071026,40000,345634.6015071026,338616.6176407413,0.9796953666219754
4,prefetch-hidden,2,400,0.01,frequency,0,0;2,1,438236.56618527236,0,438236.56618527236,437154.6252485451,0.9975311486530088
4,prefetch-hidden,2,400,0.01,frequency,5000,0;2,1,438236.56618527236,5000,443236.56618527236,437154.6252485451,0.9862783411822909
4,prefetch-hidden,2,400,0.01,frequency,20000,0;2,1,438236.56618527236,20000,458236.56618527236,437154.6252485451,0.9539933246440148
4,prefetch-hidden,2,400,0.01,residual,0,9;12,2,409033.0032191596,0,409033.0032191596,437154.6252485451,1.0687514743506354
4,prefetch-hidden,2,400,0.01,residual,5000,9;12,2,409033.0032191596,10000,419033.0032191596,437154.6252485451,1.0432462882163667
4,prefetch-hidden,2,400,0.01,residual,20000,9;12,2,409033.0032191596,40000,449033.0032191596,437154.6252485451,0.9735467596246661
4,prefetch-hidden,2,400,0.01,oracle,0,8;13,2,396133.0032191596,0,396133.0032191596,437154.6252485451,1.1035551738835816
4,prefetch-hidden,2,400,0.01,oracle,5000,8;13,2,396133.0032191596,10000,406133.0032191596,437154.6252485451,1.0763829134384466
4,prefetch-hidden,2,400,0.01,oracle,20000,8;13,2,396133.0032191596,40000,436133.0032191596,437154.6252485451,1.0023424552185796
4,prefetch-hidden,2,400,0.1,frequency,0,2;3,2,439257.9065237828,0,439257.9065237828,437154.6252485451,0.9952117395179457
4,prefetch-hidden,2,400,0.1,frequency,5000,2;3,2,439257.9065237828,10000,449257.9065237828,437154.6252485451,0.973059391722476
4,prefetch-hidden,2,400,0.1,frequency,20000,2;3,2,439257.9065237828,40000,479257.9065237828,437154.6252485451,0.9121490105804893
4,prefetch-hidden,2,400,0.1,residual,0,8;15,2,397633.0032191596,0,397633.0032191596,437154.6252485451,1.0993922076624074
4,prefetch-hidden,2,400,0.1,residual,5000,8;15,2,397633.0032191596,10000,407633.0032191596,437154.6252485451,1.0724220605207313
4,prefetch-hidden,2,400,0.1,residual,20000,8;15,2,397633.0032191596,40000,437633.0032191596,437154.6252485451,0.9989068969499657
4,prefetch-hidden,2,400,0.1,oracle,0,8;13,2,396133.0032191596,0,396133.0032191596,437154.6252485451,1.1035551738835816
4,prefetch-hidden,2,400,0.1,oracle,5000,8;13,2,396133.0032191596,10000,406133.0032191596,437154.6252485451,1.0763829134384466
4,prefetch-hidden,2,400,0.1,oracle,20000,8;13,2,396133.0032191596,40000,436133.0032191596,437154.6252485451,1.0023424552185796
4,prefetch-hidden,2,400,1.0,frequency,0,2;6,2,438385.4783395219,0,438385.4783395219,437154.6252485451,0.9971923041437436
4,prefetch-hidden,2,400,1.0,frequency,5000,2;6,2,438385.4783395219,10000,448385.4783395219,437154.6252485451,0.9749526832747408
4,prefetch-hidden,2,400,1.0,frequency,20000,2;6,2,438385.4783395219,40000,478385.4783395219,437154.6252485451,0.913812490224224
4,prefetch-hidden,2,400,1.0,residual,0,10;13,2,402133.0032191596,0,402133.0032191596,437154.6252485451,1.087089648820241
4,prefetch-hidden,2,400,1.0,residual,5000,10;13,2,402133.0032191596,10000,412133.0032191596,437154.6252485451,1.060712492894144
4,prefetch-hidden,2,400,1.0,residual,20000,10;13,2,402133.0032191596,40000,442133.0032191596,437154.6252485451,0.9887400896690203
4,prefetch-hidden,2,400,1.0,oracle,0,8;13,2,396133.0032191596,0,396133.0032191596,437154.6252485451,1.1035551738835816
4,prefetch-hidden,2,400,1.0,oracle,5000,8;13,2,396133.0032191596,10000,406133.0032191596,437154.6252485451,1.0763829134384466
4,prefetch-hidden,2,400,1.0,oracle,20000,8;13,2,396133.0032191596,40000,436133.0032191596,437154.6252485451,1.0023424552185796
4,prefetch-hidden,4,200,0.01,frequency,0,0;1;2;6,1,255303.09517874767,0,255303.09517874767,255341.30136962107,1.00014965032385
4,prefetch-hidden,4,200,0.01,frequency,5000,0;1;2;6,1,255303.09517874767,5000,260303.09517874767,255341.30136962107,0.9809383987319883
4,prefetch-hidden,4,200,0.01,frequency,20000,0;1;2;6,1,255303.09517874767,20000,275303.09517874767,255341.30136962107,0.9274915750723184
4,prefetch-hidden,4,200,0.01,residual,0,0;5;9;12,3,240292.1451518961,0,240292.1451518961,255341.30136962107,1.0626285815885157
4,prefetch-hidden,4,200,0.01,residual,5000,0;5;9;12,3,240292.1451518961,15000,255292.1451518961,255341.30136962107,1.000192548884321
4,prefetch-hidden,4,200,0.01,residual,20000,0;5;9;12,3,240292.1451518961,60000,300292.1451518961,255341.30136962107,0.8503096251167753
4,prefetch-hidden,4,200,0.01,oracle,0,8;10;13;15,4,219165.51766382693,0,219165.51766382693,255341.30136962107,1.1650614754155046
4,prefetch-hidden,4,200,0.01,oracle,5000,8;10;13;15,4,219165.51766382693,20000,239165.51766382693,255341.30136962107,1.067634263767618
4,prefetch-hidden,4,200,0.01,oracle,20000,8;10;13;15,4,219165.51766382693,80000,299165.51766382693,255341.30136962107,0.8535118063190316
4,prefetch-hidden,4,200,0.1,frequency,0,1;2;3;5,1,255331.202354862,0,255331.202354862,255341.30136962107,1.0000395526072252
4,prefetch-hidden,4,200,0.1,frequency,5000,1;2;3;5,1,255331.202354862,5000,260331.202354862,255341.30136962107,0.9808324897664817
4,prefetch-hidden,4,200,0.1,frequency,20000,1;2;3;5,1,255331.202354862,20000,275331.202354862,255341.30136962107,0.9273968921274791
4,prefetch-hidden,4,200,0.1,residual,0,8;9;10;15,4,221365.51766382693,0,221365.51766382693,255341.30136962107,1.153482728766234
4,prefetch-hidden,4,200,0.1,residual,5000,8;9;10;15,4,221365.51766382693,20000,241365.51766382693,255341.30136962107,1.05790298399318
4,prefetch-hidden,4,200,0.1,residual,20000,8;9;10;15,4,221365.51766382693,80000,301365.51766382693,255341.30136962107,0.8472810802941767
4,prefetch-hidden,4,200,0.1,oracle,0,8;10;13;15,4,219165.51766382693,0,219165.51766382693,255341.30136962107,1.1650614754155046
4,prefetch-hidden,4,200,0.1,oracle,5000,8;10;13;15,4,219165.51766382693,20000,239165.51766382693,255341.30136962107,1.067634263767618
4,prefetch-hidden,4,200,0.1,oracle,20000,8;10;13;15,4,219165.51766382693,80000,299165.51766382693,255341.30136962107,0.8535118063190316
4,prefetch-hidden,4,200,1.0,frequency,0,0;2;3;6,1,255350.7783436175,0,255350.7783436175,255341.30136962107,0.9999628864495425
4,prefetch-hidden,4,200,1.0,frequency,5000,0;2;3;6,1,255350.7783436175,5000,260350.7783436175,255341.30136962107,0.9807587401663735
4,prefetch-hidden,4,200,1.0,frequency,20000,0;2;3;6,1,255350.7783436175,20000,275350.7783436175,255341.30136962107,0.9273309590974678
4,prefetch-hidden,4,200,1.0,residual,0,10;12;13;15,4,221265.51766382693,0,221265.51766382693,255341.30136962107,1.1540040403293483
4,prefetch-hidden,4,200,1.0,residual,5000,10;12;13;15,4,221265.51766382693,20000,241265.51766382693,255341.30136962107,1.0583414647981606
4,prefetch-hidden,4,200,1.0,residual,20000,10;12;13;15,4,221265.51766382693,80000,301265.51766382693,255341.30136962107,0.8475623209376013
4,prefetch-hidden,4,200,1.0,oracle,0,8;10;13;15,4,219165.51766382693,0,219165.51766382693,255341.30136962107,1.1650614754155046
4,prefetch-hidden,4,200,1.0,oracle,5000,8;10;13;15,4,219165.51766382693,20000,239165.51766382693,255341.30136962107,1.067634263767618
4,prefetch-hidden,4,200,1.0,oracle,20000,8;10;13;15,4,219165.51766382693,80000,299165.51766382693,255341.30136962107,0.8535118063190316
4,prefetch-hidden,4,300,0.01,frequency,0,0;1;2;6,1,333086.4916395005,0,333086.4916395005,333473.9822176183,1.001163333211775
4,prefetch-hidden,4,300,0.01,frequency,5000,0;1;2;6,1,333086.4916395005,5000,338086.4916395005,333473.9822176183,0.986357013557346
4,prefetch-hidden,4,300,0.01,frequency,20000,0;1;2;6,1,333086.4916395005,20000,353086.4916395005,333473.9822176183,0.9444540930160918
4,prefetch-hidden,4,300,0.01,residual,0,1;2;9;12,2,308220.64692908234,0,308220.64692908234,333473.9822176183,1.0819326529229771
4,prefetch-hidden,4,300,0.01,residual,5000,1;2;9;12,2,308220.64692908234,10000,318220.64692908234,333473.9822176183,1.047933204321388
4,prefetch-hidden,4,300,0.01,residual,20000,1;2;9;12,2,308220.64692908234,40000,348220.64692908234,333473.9822176183,0.95765137753458
4,prefetch-hidden,4,300,0.01,oracle,0,8;10;13;15,4,271634.6015071026,0,271634.6015071026,333473.9822176183,1.2276564928304936
4,prefetch-hidden,4,300,0.01,oracle,5000,8;10;13;15,4,271634.6015071026,20000,291634.6015071026,333473.9822176183,1.1434650775124047
4,prefetch-hidden,4,300,0.01,oracle,20000,8;10;13;15,4,271634.6015071026,80000,351634.6015071026,333473.9822176183,0.9483537194245162
4,prefetch-hidden,4,300,0.1,frequency,0,1;2;3;5,1,333709.2168399835,0,333709.2168399835,333473.9822176183,0.9992950910238779
4,prefetch-hidden,4,300,0.1,frequency,5000,1;2;3;5,1,333709.2168399835,5000,338709.2168399835,333473.9822176183,0.984543572001944
4,prefetch-hidden,4,300,0.1,frequency,20000,1;2;3;5,1,333709.2168399835,20000,353709.2168399835,333473.9822176183,0.942791327850754
4,prefetch-hidden,4,300,0.1,residual,0,8;9;10;15,4,276034.6015071026,0,276034.6015071026,333473.9822176183,1.2080876107448353
4,prefetch-hidden,4,300,0.1,residual,5000,8;9;10;15,4,276034.6015071026,20000,296034.6015071026,333473.9822176183,1.1264696103763312
4,prefetch-hidden,4,300,0.1,residual,20000,8;9;10;15,4,276034.6015071026,80000,356034.6015071026,333473.9822176183,0.9366336328155054
4,prefetch-hidden,4,300,0.1,oracle,0,8;10;13;15,4,271634.6015071026,0,271634.6015071026,333473.9822176183,1.2276564928304936
4,prefetch-hidden,4,300,0.1,oracle,5000,8;10;13;15,4,271634.6015071026,20000,291634.6015071026,333473.9822176183,1.1434650775124047
4,prefetch-hidden,4,300,0.1,oracle,20000,8;10;13;15,4,271634.6015071026,80000,351634.6015071026,333473.9822176183,0.9483537194245162
4,prefetch-hidden,4,300,1.0,frequency,0,0;2;3;6,1,333957.81079439784,0,333957.81079439784,333473.9822176183,0.998551228445208
4,prefetch-hidden,4,300,1.0,frequency,5000,0;2;3;6,1,333957.81079439784,5000,338957.81079439784,333473.9822176183,0.9838215010772953
4,prefetch-hidden,4,300,1.0,frequency,20000,0;2;3;6,1,333957.81079439784,20000,353957.81079439784,333473.9822176183,0.9421291805065495
4,prefetch-hidden,4,300,1.0,residual,0,10;12;13;15,4,275834.6015071026,0,275834.6015071026,333473.9822176183,1.2089635614806344
4,prefetch-hidden,4,300,1.0,residual,5000,10;12;13;15,4,275834.6015071026,20000,295834.6015071026,333473.9822176183,1.1272311640314057
4,prefetch-hidden,4,300,1.0,residual,20000,10;12;13;15,4,275834.6015071026,80000,355834.6015071026,333473.9822176183,0.9371600760724841
4,prefetch-hidden,4,300,1.0,oracle,0,8;10;13;15,4,271634.6015071026,0,271634.6015071026,333473.9822176183,1.2276564928304936
4,prefetch-hidden,4,300,1.0,oracle,5000,8;10;13;15,4,271634.6015071026,20000,291634.6015071026,333473.9822176183,1.1434650775124047
4,prefetch-hidden,4,300,1.0,oracle,20000,8;10;13;15,4,271634.6015071026,80000,351634.6015071026,333473.9822176183,0.9483537194245162
4,prefetch-hidden,4,400,0.01,frequency,0,0;1;2;6,1,420907.1003689074,0,420907.1003689074,421779.5285531683,1.0020727333501769
4,prefetch-hidden,4,400,0.01,frequency,5000,0;1;2;6,1,420907.1003689074,5000,425907.1003689074,421779.5285531683,0.9903087508704036
4,prefetch-hidden,4,400,0.01,frequency,20000,0;1;2;6,1,420907.1003689074,20000,440907.1003689074,421779.5285531683,0.9566176825010642
4,prefetch-hidden,4,400,0.01,residual,0,1;2;9;12,2,391327.1172972807,0,391327.1172972807,421779.5285531683,1.077818300623296
4,prefetch-hidden,4,400,0.01,residual,5000,1;2;9;12,2,391327.1172972807,10000,401327.1172972807,421779.5285531683,1.0509619469365126
4,prefetch-hidden,4,400,0.01,residual,20000,1;2;9;12,2,391327.1172972807,40000,431327.1172972807,421779.5285531683,0.9778646220902175
4,prefetch-hidden,4,400,0.01,oracle,0,8;10;13;15,4,345133.0032191596,0,345133.0032191596,421779.5285531683,1.2220782267100028
4,prefetch-hidden,4,400,0.01,oracle,5000,8;10;13;15,4,345133.0032191596,20000,365133.0032191596,421779.5285531683,1.1551394281935352
4,prefetch-hidden,4,400,0.01,oracle,20000,8;10;13;15,4,345133.0032191596,80000,425133.0032191596,421779.5285531683,0.9921119399326837
4,prefetch-hidden,4,400,0.1,frequency,0,1;2;3;5,1,422718.3651846402,0,422718.3651846402,421779.5285531683,0.9977790493416063
4,prefetch-hidden,4,400,0.1,frequency,5000,1;2;3;5,1,422718.3651846402,5000,427718.3651846402,421779.5285531683,0.9861150768475695
4,prefetch-hidden,4,400,0.1,frequency,20000,1;2;3;5,1,422718.3651846402,20000,442718.3651846402,421779.5285531683,0.9527039348757552
4,prefetch-hidden,4,400,0.1,residual,0,8;9;10;15,4,351733.0032191596,0,351733.0032191596,421779.5285531683,1.1991468662107996
4,prefetch-hidden,4,400,0.1,residual,5000,8;9;10;15,4,351733.0032191596,20000,371733.0032191596,421779.5285531683,1.1346302988989738
4,prefetch-hidden,4,400,0.1,residual,20000,8;9;10;15,4,351733.0032191596,80000,431733.0032191596,421779.5285531683,0.9769453004709518
4,prefetch-hidden,4,400,0.1,oracle,0,8;10;13;15,4,345133.0032191596,0,345133.0032191596,421779.5285531683,1.2220782267100028
4,prefetch-hidden,4,400,0.1,oracle,5000,8;10;13;15,4,345133.0032191596,20000,365133.0032191596,421779.5285531683,1.1551394281935352
4,prefetch-hidden,4,400,0.1,oracle,20000,8;10;13;15,4,345133.0032191596,80000,425133.0032191596,421779.5285531683,0.9921119399326837
4,prefetch-hidden,4,400,1.0,frequency,0,0;2;3;6,1,423237.88959540945,0,423237.88959540945,421779.5285531683,0.9965542757912453
4,prefetch-hidden,4,400,1.0,frequency,5000,0;2;3;6,1,423237.88959540945,5000,428237.88959540945,421779.5285531683,0.9849187538068085
4,prefetch-hidden,4,400,1.0,frequency,20000,0;2;3;6,1,423237.88959540945,20000,443237.88959540945,421779.5285531683,0.9515872592439503
4,prefetch-hidden,4,400,1.0,residual,0,10;12;13;15,4,351433.0032191596,0,351433.0032191596,421779.5285531683,1.2001705152607405
4,prefetch-hidden,4,400,1.0,residual,5000,10;12;13;15,4,351433.0032191596,20000,371433.0032191596,421779.5285531683,1.1355467201289657
4,prefetch-hidden,4,400,1.0,residual,20000,10;12;13;15,4,351433.0032191596,80000,431433.0032191596,421779.5285531683,0.9776246263175014
4,prefetch-hidden,4,400,1.0,oracle,0,8;10;13;15,4,345133.0032191596,0,345133.0032191596,421779.5285531683,1.2220782267100028
4,prefetch-hidden,4,400,1.0,oracle,5000,8;10;13;15,4,345133.0032191596,20000,365133.0032191596,421779.5285531683,1.1551394281935352
4,prefetch-hidden,4,400,1.0,oracle,20000,8;10;13;15,4,345133.0032191596,80000,425133.0032191596,421779.5285531683,0.9921119399326837
4,prefetch-hidden,8,200,0.01,frequency,0,0;1;2;3;4;5;6;9,1,248062.83615617888,0,248062.83615617888,255000.0,1.0279653492289087
4,prefetch-hidden,8,200,0.01,frequency,5000,0;1;2;3;4;5;6;9,1,248062.83615617888,5000,253062.83615617888,255000.0,1.0076548728894574
4,prefetch-hidden,8,200,0.01,frequency,20000,0;1;2;3;4;5;6;9,1,248062.83615617888,20000,268062.83615617885,255000.0,0.9512694995565586
4,prefetch-hidden,8,200,0.01,residual,0,0;1;2;3;4;5;9;12,2,239960.423865131,0,239960.423865131,255000.0,1.062675235743549
4,prefetch-hidden,8,200,0.01,residual,5000,0;1;2;3;4;5;9;12,2,239960.423865131,10000,249960.423865131,255000.0,1.0201614961958465
4,prefetch-hidden,8,200,0.01,residual,20000,0;1;2;3;4;5;9;12,2,239960.423865131,40000,279960.423865131,255000.0,0.9108430273089045
4,prefetch-hidden,8,200,0.01,oracle,0,8;9;10;11;12;13;14;15,8,188165.51766382693,0,188165.51766382693,255000.0,1.3551898518174745
4,prefetch-hidden,8,200,0.01,oracle,5000,8;9;10;11;12;13;14;15,8,188165.51766382693,40000,228165.51766382693,255000.0,1.1176097186416674
4,prefetch-hidden,8,200,0.01,oracle,20000,8;9;10;11;12;13;14;15,8,188165.51766382693,160000,348165.51766382693,255000.0,0.7324102677112804
4,prefetch-hidden,8,200,0.1,frequency,0,0;1;2;3;4;5;6;7,0,255000.0,0,255000.0,255000.0,1.0
4,prefetch-hidden,8,200,0.1,frequency,5000,0;1;2;3;4;5;6;7,0,255000.0,0,255000.0,255000.0,1.0
4,prefetch-hidden,8,200,0.1,frequency,20000,0;1;2;3;4;5;6;7,0,255000.0,0,255000.0,255000.0,1.0
4,prefetch-hidden,8,200,0.1,residual,0,8;9;10;11;12;13;14;15,8,188165.51766382693,0,188165.51766382693,255000.0,1.3551898518174745
4,prefetch-hidden,8,200,0.1,residual,5000,8;9;10;11;12;13;14;15,8,188165.51766382693,40000,228165.51766382693,255000.0,1.1176097186416674
4,prefetch-hidden,8,200,0.1,residual,20000,8;9;10;11;12;13;14;15,8,188165.51766382693,160000,348165.51766382693,255000.0,0.7324102677112804
4,prefetch-hidden,8,200,0.1,oracle,0,8;9;10;11;12;13;14;15,8,188165.51766382693,0,188165.51766382693,255000.0,1.3551898518174745
4,prefetch-hidden,8,200,0.1,oracle,5000,8;9;10;11;12;13;14;15,8,188165.51766382693,40000,228165.51766382693,255000.0,1.1176097186416674
4,prefetch-hidden,8,200,0.1,oracle,20000,8;9;10;11;12;13;14;15,8,188165.51766382693,160000,348165.51766382693,255000.0,0.7324102677112804
4,prefetch-hidden,8,200,1.0,frequency,0,0;1;2;3;4;5;6;7,0,255000.0,0,255000.0,255000.0,1.0
4,prefetch-hidden,8,200,1.0,frequency,5000,0;1;2;3;4;5;6;7,0,255000.0,0,255000.0,255000.0,1.0
4,prefetch-hidden,8,200,1.0,frequency,20000,0;1;2;3;4;5;6;7,0,255000.0,0,255000.0,255000.0,1.0
4,prefetch-hidden,8,200,1.0,residual,0,8;9;10;11;12;13;14;15,8,188165.51766382693,0,188165.51766382693,255000.0,1.3551898518174745
4,prefetch-hidden,8,200,1.0,residual,5000,8;9;10;11;12;13;14;15,8,188165.51766382693,40000,228165.51766382693,255000.0,1.1176097186416674
4,prefetch-hidden,8,200,1.0,residual,20000,8;9;10;11;12;13;14;15,8,188165.51766382693,160000,348165.51766382693,255000.0,0.7324102677112804
4,prefetch-hidden,8,200,1.0,oracle,0,8;9;10;11;12;13;14;15,8,188165.51766382693,0,188165.51766382693,255000.0,1.3551898518174745
4,prefetch-hidden,8,200,1.0,oracle,5000,8;9;10;11;12;13;14;15,8,188165.51766382693,40000,228165.51766382693,255000.0,1.1176097186416674
4,prefetch-hidden,8,200,1.0,oracle,20000,8;9;10;11;12;13;14;15,8,188165.51766382693,160000,348165.51766382693,255000.0,0.7324102677112804
4,prefetch-hidden,8,300,0.01,frequency,0,0;1;2;3;4;5;6;9,1,311194.08058088477,0,311194.08058088477,322500.0,1.0363307663115289
4,prefetch-hidden,8,300,0.01,frequency,5000,0;1;2;3;4;5;6;9,1,311194.08058088477,5000,316194.08058088477,322500.0,1.0199431925086344
4,prefetch-hidden,8,300,0.01,frequency,20000,0;1;2;3;4;5;6;9,1,311194.08058088477,20000,331194.08058088477,322500.0,0.9737492875306343
4,prefetch-hidden,8,300,0.01,residual,0,0;1;2;3;5;6;9;12,2,297775.0615504017,0,297775.0615504017,322500.0,1.0830322671108352
4,prefetch-hidden,8,300,0.01,residual,5000,0;1;2;3;5;6;9;12,2,297775.0615504017,10000,307775.0615504017,322500.0,1.047843182535395
4,prefetch-hidden,8,300,0.01,residual,20000,0;1;2;3;5;6;9;12,2,297775.0615504017,40000,337775.0615504017,322500.0,0.9547774146490019
4,prefetch-hidden,8,300,0.01,oracle,0,8;9;10;11;12;13;14;15,8,209634.6015071026,0,209634.6015071026,322500.0,1.538391075144498
4,prefetch-hidden,8,300,0.01,oracle,5000,8;9;10;11;12;13;14;15,8,209634.6015071026,40000,249634.6015071026,322500.0,1.291888216028515
4,prefetch-hidden,8,300,0.01,oracle,20000,8;9;10;11;12;13;14;15,8,209634.6015071026,160000,369634.6015071026,322500.0,0.8724832542329052
4,prefetch-hidden,8,300,0.1,frequency,0,0;1;2;3;4;5;6;7,0,322500.0,0,322500.0,322500.0,1.0
4,prefetch-hidden,8,300,0.1,frequency,5000,0;1;2;3;4;5;6;7,0,322500.0,0,322500.0,322500.0,1.0
4,prefetch-hidden,8,300,0.1,frequency,20000,0;1;2;3;4;5;6;7,0,322500.0,0,322500.0,322500.0,1.0
4,prefetch-hidden,8,300,0.1,residual,0,8;9;10;11;12;13;14;15,8,209634.6015071026,0,209634.6015071026,322500.0,1.538391075144498
4,prefetch-hidden,8,300,0.1,residual,5000,8;9;10;11;12;13;14;15,8,209634.6015071026,40000,249634.6015071026,322500.0,1.291888216028515
4,prefetch-hidden,8,300,0.1,residual,20000,8;9;10;11;12;13;14;15,8,209634.6015071026,160000,369634.6015071026,322500.0,0.8724832542329052
4,prefetch-hidden,8,300,0.1,oracle,0,8;9;10;11;12;13;14;15,8,209634.6015071026,0,209634.6015071026,322500.0,1.538391075144498
4,prefetch-hidden,8,300,0.1,oracle,5000,8;9;10;11;12;13;14;15,8,209634.6015071026,40000,249634.6015071026,322500.0,1.291888216028515
4,prefetch-hidden,8,300,0.1,oracle,20000,8;9;10;11;12;13;14;15,8,209634.6015071026,160000,369634.6015071026,322500.0,0.8724832542329052
4,prefetch-hidden,8,300,1.0,frequency,0,0;1;2;3;4;5;6;7,0,322500.0,0,322500.0,322500.0,1.0
4,prefetch-hidden,8,300,1.0,frequency,5000,0;1;2;3;4;5;6;7,0,322500.0,0,322500.0,322500.0,1.0
4,prefetch-hidden,8,300,1.0,frequency,20000,0;1;2;3;4;5;6;7,0,322500.0,0,322500.0,322500.0,1.0
4,prefetch-hidden,8,300,1.0,residual,0,8;9;10;11;12;13;14;15,8,209634.6015071026,0,209634.6015071026,322500.0,1.538391075144498
4,prefetch-hidden,8,300,1.0,residual,5000,8;9;10;11;12;13;14;15,8,209634.6015071026,40000,249634.6015071026,322500.0,1.291888216028515
4,prefetch-hidden,8,300,1.0,residual,20000,8;9;10;11;12;13;14;15,8,209634.6015071026,160000,369634.6015071026,322500.0,0.8724832542329052
4,prefetch-hidden,8,300,1.0,oracle,0,8;9;10;11;12;13;14;15,8,209634.6015071026,0,209634.6015071026,322500.0,1.538391075144498
4,prefetch-hidden,8,300,1.0,oracle,5000,8;9;10;11;12;13;14;15,8,209634.6015071026,40000,249634.6015071026,322500.0,1.291888216028515
4,prefetch-hidden,8,300,1.0,oracle,20000,8;9;10;11;12;13;14;15,8,209634.6015071026,160000,369634.6015071026,322500.0,0.8724832542329052
4,prefetch-hidden,8,400,0.01,frequency,0,0;1;2;3;4;5;6;9,1,376912.7490555572,0,376912.7490555572,390000.0,1.0347222294210954
4,prefetch-hidden,8,400,0.01,frequency,5000,0;1;2;3;4;5;6;9,1,376912.7490555572,5000,381912.7490555572,390000.0,1.0211756506281657
4,prefetch-hidden,8,400,0.01,frequency,20000,0;1;2;3;4;5;6;9,1,376912.7490555572,20000,396912.7490555572,390000.0,0.9825837061873022
4,prefetch-hidden,8,400,0.01,residual,0,0;1;2;3;5;6;9;12,2,361098.3482562669,0,361098.3482562669,390000.0,1.0800381721026926
4,prefetch-hidden,8,400,0.01,residual,5000,0;1;2;3;5;6;9;12,2,361098.3482562669,10000,371098.3482562669,390000.0,1.0509343461983838
4,prefetch-hidden,8,400,0.01,residual,20000,0;1;2;3;5;6;9;12,2,361098.3482562669,40000,401098.3482562669,390000.0,0.9723301073053134
4,prefetch-hidden,8,400,0.01,oracle,0,8;9;10;11;12;13;14;15,8,252133.0032191596,0,252133.0032191596,390000.0,1.5468026597890612
4,prefetch-hidden,8,400,0.01,oracle,5000,8;9;10;11;12;13;14;15,8,252133.0032191596,40000,292133.0032191596,390000.0,1.3350083547644225
4,prefetch-hidden,8,400,0.01,oracle,20000,8;9;10;11;12;13;14;15,8,252133.0032191596,160000,412133.0032191596,390000.0,0.9462964551582151
4,prefetch-hidden,8,400,0.1,frequency,0,0;1;2;3;4;5;6;7,0,390000.0,0,390000.0,390000.0,1.0
4,prefetch-hidden,8,400,0.1,frequency,5000,0;1;2;3;4;5;6;7,0,390000.0,0,390000.0,390000.0,1.0
4,prefetch-hidden,8,400,0.1,frequency,20000,0;1;2;3;4;5;6;7,0,390000.0,0,390000.0,390000.0,1.0
4,prefetch-hidden,8,400,0.1,residual,0,8;9;10;11;12;13;14;15,8,252133.0032191596,0,252133.0032191596,390000.0,1.5468026597890612
4,prefetch-hidden,8,400,0.1,residual,5000,8;9;10;11;12;13;14;15,8,252133.0032191596,40000,292133.0032191596,390000.0,1.3350083547644225
4,prefetch-hidden,8,400,0.1,residual,20000,8;9;10;11;12;13;14;15,8,252133.0032191596,160000,412133.0032191596,390000.0,0.9462964551582151
4,prefetch-hidden,8,400,0.1,oracle,0,8;9;10;11;12;13;14;15,8,252133.0032191596,0,252133.0032191596,390000.0,1.5468026597890612
4,prefetch-hidden,8,400,0.1,oracle,5000,8;9;10;11;12;13;14;15,8,252133.0032191596,40000,292133.0032191596,390000.0,1.3350083547644225
4,prefetch-hidden,8,400,0.1,oracle,20000,8;9;10;11;12;13;14;15,8,252133.0032191596,160000,412133.0032191596,390000.0,0.9462964551582151
4,prefetch-hidden,8,400,1.0,frequency,0,0;1;2;3;4;5;6;7,0,390000.0,0,390000.0,390000.0,1.0
4,prefetch-hidden,8,400,1.0,frequency,5000,0;1;2;3;4;5;6;7,0,390000.0,0,390000.0,390000.0,1.0
4,prefetch-hidden,8,400,1.0,frequency,20000,0;1;2;3;4;5;6;7,0,390000.0,0,390000.0,390000.0,1.0
4,prefetch-hidden,8,400,1.0,residual,0,8;9;10;11;12;13;14;15,8,252133.0032191596,0,252133.0032191596,390000.0,1.5468026597890612
4,prefetch-hidden,8,400,1.0,residual,5000,8;9;10;11;12;13;14;15,8,252133.0032191596,40000,292133.0032191596,390000.0,1.3350083547644225
4,prefetch-hidden,8,400,1.0,residual,20000,8;9;10;11;12;13;14;15,8,252133.0032191596,160000,412133.0032191596,390000.0,0.9462964551582151
4,prefetch-hidden,8,400,1.0,oracle,0,8;9;10;11;12;13;14;15,8,252133.0032191596,0,252133.0032191596,390000.0,1.5468026597890612
4,prefetch-hidden,8,400,1.0,oracle,5000,8;9;10;11;12;13;14;15,8,252133.0032191596,40000,292133.0032191596,390000.0,1.3350083547644225
4,prefetch-hidden,8,400,1.0,oracle,20000,8;9;10;11;12;13;14;15,8,252133.0032191596,160000,412133.0032191596,390000.0,0.9462964551582151
4,phase-reversal,2,200,0.01,frequency,0,0;2,1,421183.26314244635,0,421183.26314244635,420983.26314244635,0.9995251473230257
4,phase-reversal,2,200,0.01,frequency,5000,0;2,1,421183.26314244635,5000,426183.26314244635,420983.26314244635,0.9877986761806224
4,phase-reversal,2,200,0.01,frequency,20000,0;2,1,421183.26314244635,20000,441183.26314244635,420983.26314244635,0.9542140382748882
4,phase-reversal,2,200,0.01,residual,0,9;12,2,465606.7580119206,0,465606.7580119206,420983.26314244635,0.9041605515778793
4,phase-reversal,2,200,0.01,residual,5000,9;12,2,465606.7580119206,10000,475606.7580119206,420983.26314244635,0.8851498765538879
4,phase-reversal,2,200,0.01,residual,20000,9;12,2,465606.7580119206,40000,505606.7580119206,420983.26314244635,0.8326298184735119
4,phase-reversal,2,200,0.01,oracle,0,0;7,1,420283.26314244635,0,420283.26314244635,420983.26314244635,1.0016655433641732
4,phase-reversal,2,200,0.01,oracle,5000,0;7,1,420283.26314244635,5000,425283.26314244635,420983.26314244635,0.9898890918767247
4,phase-reversal,2,200,0.01,oracle,20000,0;7,1,420283.26314244635,20000,440283.26314244635,420983.26314244635,0.9561645839947457
4,phase-reversal,2,200,0.1,frequency,0,2;3,2,424483.26314244635,0,424483.26314244635,420983.26314244635,0.9917546807992157
4,phase-reversal,2,200,0.1,frequency,5000,2;3,2,424483.26314244635,10000,434483.26314244635,420983.26314244635,0.9689286075086994
4,phase-reversal,2,200,0.1,frequency,20000,2;3,2,424483.26314244635,40000,464483.26314244635,420983.26314244635,0.9063475404782033
4,phase-reversal,2,200,0.1,residual,0,8;15,2,465610.05435956275,0,465610.05435956275,420983.26314244635,0.9041541504542903
4,phase-reversal,2,200,0.1,residual,5000,8;15,2,465610.05435956275,10000,475610.05435956275,420983.26314244635,0.8851437417767068
4,phase-reversal,2,200,0.1,residual,20000,8;15,2,465610.05435956275,40000,505610.05435956275,420983.26314244635,0.8326243901057111
4,phase-reversal,2,200,0.1,oracle,0,0;7,1,420283.26314244635,0,420283.26314244635,420983.26314244635,1.0016655433641732
4,phase-reversal,2,200,0.1,oracle,5000,0;7,1,420283.26314244635,5000,425283.26314244635,420983.26314244635,0.9898890918767247
4,phase-reversal,2,200,0.1,oracle,20000,0;7,1,420283.26314244635,20000,440283.26314244635,420983.26314244635,0.9561645839947457
4,phase-reversal,2,200,1.0,frequency,0,2;6,2,421983.26314244635,0,421983.26314244635,420983.26314244635,0.9976302377668887
4,phase-reversal,2,200,1.0,frequency,5000,2;6,2,421983.26314244635,10000,431983.26314244635,420983.26314244635,0.9745360504942231
4,phase-reversal,2,200,1.0,frequency,20000,2;6,2,421983.26314244635,40000,461983.26314244635,420983.26314244635,0.9112521961918819
4,phase-reversal,2,200,1.0,residual,0,10;13,2,465616.5088303436,0,465616.5088303436,420983.26314244635,0.9041416168854952
4,phase-reversal,2,200,1.0,residual,5000,10;13,2,465616.5088303436,10000,475616.5088303436,420983.26314244635,0.885131729715914
4,phase-reversal,2,200,1.0,residual,20000,10;13,2,465616.5088303436,40000,505616.5088303436,420983.26314244635,0.832613761200793
4,phase-reversal,2,200,1.0,oracle,0,0;7,1,420283.26314244635,0,420283.26314244635,420983.26314244635,1.0016655433641732
4,phase-reversal,2,200,1.0,oracle,5000,0;7,1,420283.26314244635,5000,425283.26314244635,420983.26314244635,0.9898890918767247
4,phase-reversal,2,200,1.0,oracle,20000,0;7,1,420283.26314244635,20000,440283.26314244635,420983.26314244635,0.9561645839947457
4,phase-reversal,2,300,0.01,frequency,0,0;2,1,557964.8771624039,0,557964.8771624039,557564.8771624039,0.9992831089977666
4,phase-reversal,2,300,0.01,frequency,5000,0;2,1,557964.8771624039,5000,562964.8771624039,557564.8771624039,0.9904079273520252
4,phase-reversal,2,300,0.01,frequency,20000,0;2,1,557964.8771624039,20000,577964.8771624039,557564.8771624039,0.9647037375347849
4,phase-reversal,2,300,0.01,residual,0,9;12,2,644710.2670802702,0,644710.2670802702,557564.8771624039,0.864830150274284
4,phase-reversal,2,300,0.01,residual,5000,9;12,2,644710.2670802702,10000,654710.2670802702,557564.8771624039,0.851620793498331
4,phase-reversal,2,300,0.01,residual,20000,9;12,2,644710.2670802702,40000,684710.2670802702,557564.8771624039,0.8143077502546624
4,phase-reversal,2,300,0.01,oracle,0,0;7,1,556164.8771624039,0,556164.8771624039,557564.8771624039,1.0025172391452386
4,phase-reversal,2,300,0.01,oracle,5000,0;7,1,556164.8771624039,5000,561164.8771624039,557564.8771624039,0.993584773127278
4,phase-reversal,2,300,0.01,oracle,20000,0;7,1,556164.8771624039,20000,576164.8771624039,557564.8771624039,0.9677175740187349
4,phase-reversal,2,300,0.1,frequency,0,2;3,2,564564.8771624039,0,564564.8771624039,557564.8771624039,0.9876010706950401
4,phase-reversal,2,300,0.1,frequency,5000,2;3,2,564564.8771624039,10000,574564.8771624039,557564.8771624039,0.9704123926196853
4,phase-reversal,2,300,0.1,frequency,20000,2;3,2,564564.8771624039,40000,604564.8771624039,557564.8771624039,0.9222581367601108
4,phase-reversal,2,300,0.1,residual,0,8;15,2,644637.8514644162,0,644637.8514644162,557564.8771624039,0.8649273012681311
4,phase-reversal,2,300,0.1,residual,5000,8;15,2,644637.8514644162,10000,654637.8514644162,557564.8771624039,0.8517149992398677
4,phase-reversal,2,300,0.1,residual,20000,8;15,2,644637.8514644162,40000,684637.8514644162,557564.8771624039,0.814393881334186
4,phase-reversal,2,300,0.1,oracle,0,0;7,1,556164.8771624039,0,556164.8771624039,557564.8771624039,1.0025172391452386
4,phase-reversal,2,300,0.1,oracle,5000,0;7,1,556164.8771624039,5000,561164.8771624039,557564.8771624039,0.993584773127278
4,phase-reversal,2,300,0.1,oracle,20000,0;7,1,556164.8771624039,20000,576164.8771624039,557564.8771624039,0.9677175740187349
4,phase-reversal,2,300,1.0,frequency,0,2;6,2,559564.8771624039,0,559564.8771624039,557564.8771624039,0.9964257942525947
4,phase-reversal,2,300,1.0,frequency,5000,2;6,2,559564.8771624039,10000,569564.8771624039,557564.8771624039,0.9789312851245595
4,phase-reversal,2,300,1.0,frequency,20000,2;6,2,559564.8771624039,40000,599564.8771624039,557564.8771624039,0.9299491988276967
4,phase-reversal,2,300,1.0,residual,0,10;13,2,644706.0242247721,0,644706.0242247721,557564.8771624039,0.8648358417820723
4,phase-reversal,2,300,1.0,residual,5000,10;13,2,644706.0242247721,10000,654706.0242247721,557564.8771624039,0.8516263124699491
4,phase-reversal,2,300,1.0,residual,20000,10;13,2,644706.0242247721,40000,684706.0242247721,557564.8771624039,0.8143127962013799
4,phase-reversal,2,300,1.0,oracle,0,0;7,1,556164.8771624039,0,556164.8771624039,557564.8771624039,1.0025172391452386
4,phase-reversal,2,300,1.0,oracle,5000,0;7,1,556164.8771624039,5000,561164.8771624039,557564.8771624039,0.993584773127278
4,phase-reversal,2,300,1.0,oracle,20000,0;7,1,556164.8771624039,20000,576164.8771624039,557564.8771624039,0.9677175740187349
4,phase-reversal,2,400,0.01,frequency,0,0;2,1,702789.0862871583,0,702789.0862871583,702189.0862871583,0.9991462587969745
4,phase-reversal,2,400,0.01,frequency,5000,0;2,1,702789.0862871583,5000,707789.0862871583,702189.0862871583,0.9920880385011644
4,phase-reversal,2,400,0.01,frequency,20000,0;2,1,702789.0862871583,20000,722789.0862871583,702189.0862871583,0.9714992929599717
4,phase-reversal,2,400,0.01,residual,0,9;12,2,829802.9955132249,0,829802.9955132249,702189.0862871583,0.8462117997692469
4,phase-reversal,2,400,0.01,residual,5000,9;12,2,829802.9955132249,10000,839802.9955132249,702189.0862871583,0.8361354865828179
4,phase-reversal,2,400,0.01,residual,20000,9;12,2,829802.9955132249,40000,869802.9955132249,702189.0862871583,0.8072966981136155
4,phase-reversal,2,400,0.01,oracle,0,0;7,1,700089.0862871583,0,700089.0862871583,702189.0862871583,1.0029996182502103
4,phase-reversal,2,400,0.01,oracle,5000,0;7,1,700089.0862871583,5000,705089.0862871583,702189.0862871583,0.9958870445502557
4,phase-reversal,2,400,0.01,oracle,20000,0;7,1,700089.0862871583,20000,720089.0862871583,702189.0862871583,0.9751419645973335
4,phase-reversal,2,400,0.1,frequency,0,2;3,2,712689.0862871583,0,712689.0862871583,702189.0862871583,0.9852670677830904
4,phase-reversal,2,400,0.1,frequency,5000,2;3,2,712689.0862871583,10000,722689.0862871583,702189.0862871583,0.9716337213485269
4,phase-reversal,2,400,0.1,frequency,20000,2;3,2,712689.0862871583,40000,752689.0862871583,702189.0862871583,0.9329072243506215
4,phase-reversal,2,400,0.1,residual,0,8;15,2,829876.4177755183,0,829876.4177755183,702189.0862871583,0.8461369322547742
4,phase-reversal,2,400,0.1,residual,5000,8;15,2,829876.4177755183,10000,839876.4177755183,702189.0862871583,0.8360623913539135
4,phase-reversal,2,400,0.1,residual,20000,8;15,2,829876.4177755183,40000,869876.4177755183,702189.0862871583,0.8072285579172539
4,phase-reversal,2,400,0.1,oracle,0,0;7,1,700089.0862871583,0,700089.0862871583,702189.0862871583,1.0029996182502103
4,phase-reversal,2,400,0.1,oracle,5000,0;7,1,700089.0862871583,5000,705089.0862871583,702189.0862871583,0.9958870445502557
4,phase-reversal,2,400,0.1,oracle,20000,0;7,1,700089.0862871583,20000,720089.0862871583,702189.0862871583,0.9751419645973335
4,phase-reversal,2,400,1.0,frequency,0,2;6,2,705189.0862871583,0,705189.0862871583,702189.0862871583,0.995745821853547
4,phase-reversal,2,400,1.0,frequency,5000,2;6,2,705189.0862871583,10000,715189.0862871583,702189.0862871583,0.9818229888441274
4,phase-reversal,2,400,1.0,frequency,20000,2;6,2,705189.0862871583,40000,745189.0862871583,702189.0862871583,0.9422965247461635
4,phase-reversal,2,400,1.0,residual,0,10;13,2,829568.0246015558,0,829568.0246015558,702189.0862871583,0.8464514849453388
4,phase-reversal,2,400,1.0,residual,5000,10;13,2,829568.0246015558,10000,839568.0246015558,702189.0862871583,0.836369496825948
4,phase-reversal,2,400,1.0,residual,20000,10;13,2,829568.0246015558,40000,869568.0246015558,702189.0862871583,0.8075148423366969
4,phase-reversal,2,400,1.0,oracle,0,0;7,1,700089.0862871583,0,700089.0862871583,702189.0862871583,1.0029996182502103
4,phase-reversal,2,400,1.0,oracle,5000,0;7,1,700089.0862871583,5000,705089.0862871583,702189.0862871583,0.9958870445502557
4,phase-reversal,2,400,1.0,oracle,20000,0;7,1,700089.0862871583,20000,720089.0862871583,702189.0862871583,0.9751419645973335
4,phase-reversal,4,200,0.01,frequency,0,0;1;2;6,1,377283.26314244635,0,377283.26314244635,379783.26314244635,1.0066263209747952
4,phase-reversal,4,200,0.01,frequency,5000,0;1;2;6,1,377283.26314244635,5000,382283.26314244635,379783.26314244635,0.9934603467087482
4,phase-reversal,4,200,0.01,frequency,20000,0;1;2;6,1,377283.26314244635,20000,397283.26314244635,379783.26314244635,0.9559508249565365
4,phase-reversal,4,200,0.01,residual,0,0;5;9;12,3,421506.7580119206,0,421506.7580119206,379783.26314244635,0.9010134616434922
4,phase-reversal,4,200,0.01,residual,5000,0;5;9;12,3,421506.7580119206,15000,436506.7580119206,379783.26314244635,0.8700512790962902
4,phase-reversal,4,200,0.01,residual,20000,0;5;9;12,3,421506.7580119206,60000,481506.7580119206,379783.26314244635,0.788739216684149
4,phase-reversal,4,200,0.01,oracle,0,0;1;6;7,2,376383.26314244635,0,376383.26314244635,379783.26314244635,1.0090333453501976
4,phase-reversal,4,200,0.01,oracle,5000,0;1;6;7,2,376383.26314244635,10000,386383.26314244635,379783.26314244635,0.9829185147764363
4,phase-reversal,4,200,0.01,oracle,20000,0;1;6;7,2,376383.26314244635,40000,416383.26314244635,379783.26314244635,0.912100213337636
4,phase-reversal,4,200,0.1,frequency,0,1;2;3;5,1,381283.26314244635,0,381283.26314244635,379783.26314244635,0.9960659170097388
4,phase-reversal,4,200,0.1,frequency,5000,1;2;3;5,1,381283.26314244635,5000,386283.26314244635,379783.26314244635,0.9831729701485848
4,phase-reversal,4,200,0.1,frequency,20000,1;2;3;5,1,381283.26314244635,20000,401283.26314244635,379783.26314244635,0.9464218870439957
4,phase-reversal,4,200,0.1,residual,0,8;9;10;15,4,465526.0598446117,0,465526.0598446117,379783.26314244635,0.8158152591268779
4,phase-reversal,4,200,0.1,residual,5000,8;9;10;15,4,465526.0598446117,20000,485526.0598446117,379783.26314244635,0.7822098432038697
4,phase-reversal,4,200,0.1,residual,20000,8;9;10;15,4,465526.0598446117,80000,545526.0598446117,379783.26314244635,0.6961780400566461
4,phase-reversal,4,200,0.1,oracle,0,0;1;6;7,2,376383.26314244635,0,376383.26314244635,379783.26314244635,1.0090333453501976
4,phase-reversal,4,200,0.1,oracle,5000,0;1;6;7,2,376383.26314244635,10000,386383.26314244635,379783.26314244635,0.9829185147764363
4,phase-reversal,4,200,0.1,oracle,20000,0;1;6;7,2,376383.26314244635,40000,416383.26314244635,379783.26314244635,0.912100213337636
4,phase-reversal,4,200,1.0,frequency,0,0;2;3;6,1,379683.26314244635,0,379683.26314244635,379783.26314244635,1.0002633774245733
4,phase-reversal,4,200,1.0,frequency,5000,0;2;3;6,1,379683.26314244635,5000,384683.26314244635,379783.26314244635,0.9872622480115919
4,phase-reversal,4,200,1.0,frequency,20000,0;2;3;6,1,379683.26314244635,20000,399683.26314244635,379783.26314244635,0.950210574634676
4,phase-reversal,4,200,1.0,residual,0,10;12;13;15,4,465550.7670816671,0,465550.7670816671,379783.26314244635,0.8157719630087616
4,phase-reversal,4,200,1.0,residual,5000,10;12;13;15,4,465550.7670816671,20000,485550.7670816671,379783.26314244635,0.782170040478113
4,phase-reversal,4,200,1.0,residual,20000,10;12;13;15,4,465550.7670816671,80000,545550.7670816671,379783.26314244635,0.6961465111194576
4,phase-reversal,4,200,1.0,oracle,0,0;1;6;7,2,376383.26314244635,0,376383.26314244635,379783.26314244635,1.0090333453501976
4,phase-reversal,4,200,1.0,oracle,5000,0;1;6;7,2,376383.26314244635,10000,386383.26314244635,379783.26314244635,0.9829185147764363
4,phase-reversal,4,200,1.0,oracle,20000,0;1;6;7,2,376383.26314244635,40000,416383.26314244635,379783.26314244635,0.912100213337636
4,phase-reversal,4,300,0.01,frequency,0,0;1;2;6,1,470164.87716240395,0,470164.87716240395,475164.87716240395,1.0106345672398513
4,phase-reversal,4,300,0.01,frequency,5000,0;1;2;6,1,470164.87716240395,5000,475164.87716240395,475164.87716240395,1.0
4,phase-reversal,4,300,0.01,frequency,20000,0;1;2;6,1,470164.87716240395,20000,490164.87716240395,475164.87716240395,0.9693980521680052
4,phase-reversal,4,300,0.01,residual,0,1;2;9;12,2,557510.2670802702,0,557510.2670802702,475164.87716240395,0.8522979848440886
4,phase-reversal,4,300,0.01,residual,5000,1;2;9;12,2,557510.2670802702,10000,567510.2670802702,475164.87716240395,0.8372797898565513
4,phase-reversal,4,300,0.01,residual,20000,1;2;9;12,2,557510.2670802702,40000,597510.2670802702,475164.87716240395,0.7952413595908466
4,phase-reversal,4,300,0.01,oracle,0,0;1;6;7,2,468364.87716240395,0,468364.87716240395,475164.87716240395,1.014518595077406
4,phase-reversal,4,300,0.01,oracle,5000,0;1;6;7,2,468364.87716240395,10000,478364.87716240395,475164.87716240395,0.9933105456676042
4,phase-reversal,4,300,0.01,oracle,20000,0;1;6;7,2,468364.87716240395,40000,508364.87716240395,475164.87716240395,0.9346925771400336
4,phase-reversal,4,300,0.1,frequency,0,1;2;3;5,1,478164.87716240395,0,478164.87716240395,475164.87716240395,0.9937260134667292
4,phase-reversal,4,300,0.1,frequency,5000,1;2;3;5,1,478164.87716240395,5000,483164.87716240395,475164.87716240395,0.9834425050782178
4,phase-reversal,4,300,0.1,frequency,20000,1;2;3;5,1,478164.87716240395,20000,498164.87716240395,475164.87716240395,0.9538305467639343
4,phase-reversal,4,300,0.1,residual,0,8;9;10;15,4,642169.5615775613,0,642169.5615775613,475164.87716240395,0.7399367793065562
4,phase-reversal,4,300,0.1,residual,5000,8;9;10;15,4,642169.5615775613,20000,662169.5615775613,475164.87716240395,0.7175879181615733
4,phase-reversal,4,300,0.1,residual,20000,8;9;10;15,4,642169.5615775613,80000,722169.5615775613,475164.87716240395,0.6579685747546853
4,phase-reversal,4,300,0.1,oracle,0,0;1;6;7,2,468364.87716240395,0,468364.87716240395,475164.87716240395,1.014518595077406
4,phase-reversal,4,300,0.1,oracle,5000,0;1;6;7,2,468364.87716240395,10000,478364.87716240395,475164.87716240395,0.9933105456676042
4,phase-reversal,4,300,0.1,oracle,20000,0;1;6;7,2,468364.87716240395,40000,508364.87716240395,475164.87716240395,0.9346925771400336
4,phase-reversal,4,300,1.0,frequency,0,0;2;3;6,1,474964.87716240395,0,474964.87716240395,475164.87716240395,1.0004210837676986
4,phase-reversal,4,300,1.0,frequency,5000,0;2;3;6,1,474964.87716240395,5000,479964.87716240395,475164.87716240395,0.9899992682206705
4,phase-reversal,4,300,1.0,frequency,20000,0;2;3;6,1,474964.87716240395,20000,494964.87716240395,475164.87716240395,0.9599971615895012
4,phase-reversal,4,300,1.0,residual,0,10;12;13;15,4,642346.1759805036,0,642346.1759805036,475164.87716240395,0.739733332166402
4,phase-reversal,4,300,1.0,residual,5000,10;12;13;15,4,642346.1759805036,20000,662346.1759805036,475164.87716240395,0.7173965735651664
4,phase-reversal,4,300,1.0,residual,20000,10;12;13;15,4,642346.1759805036,80000,722346.1759805036,475164.87716240395,0.657807700743236
4,phase-reversal,4,300,1.0,oracle,0,0;1;6;7,2,468364.87716240395,0,468364.87716240395,475164.87716240395,1.014518595077406
4,phase-reversal,4,300,1.0,oracle,5000,0;1;6;7,2,468364.87716240395,10000,478364.87716240395,475164.87716240395,0.9933105456676042
4,phase-reversal,4,300,1.0,oracle,20000,0;1;6;7,2,468364.87716240395,40000,508364.87716240395,475164.87716240395,0.9346925771400336
4,phase-reversal,4,400,0.01,frequency,0,0;1;2;6,1,571089.0862871583,0,571089.0862871583,578589.0862871583,1.013132802184612
4,phase-reversal,4,400,0.01,frequency,5000,0;1;2;6,1,571089.0862871583,5000,576089.0862871583,578589.0862871583,1.004339606598195
4,phase-reversal,4,400,0.01,frequency,20000,0;1;2;6,1,571089.0862871583,20000,591089.0862871583,578589.0862871583,0.9788525955054982
4,phase-reversal,4,400,0.01,residual,0,1;2;9;12,2,699002.9955132249,0,699002.9955132249,578589.0862871583,0.8277347736719558
4,phase-reversal,4,400,0.01,residual,5000,1;2;9;12,2,699002.9955132249,10000,709002.9955132249,578589.0862871583,0.8160601435376672
4,phase-reversal,4,400,0.01,residual,20000,1;2;9;12,2,699002.9955132249,40000,739002.9955132249,578589.0862871583,0.7829319905331887
4,phase-reversal,4,400,0.01,oracle,0,0;1;6;7,2,568389.0862871583,0,568389.0862871583,578589.0862871583,1.0179454536444896
4,phase-reversal,4,400,0.01,oracle,5000,0;1;6;7,2,568389.0862871583,10000,578389.0862871583,578589.0862871583,1.0003457879907172
4,phase-reversal,4,400,0.01,oracle,20000,0;1;6;7,2,568389.0862871583,40000,608389.0862871583,578589.0862871583,0.9510181877491233
4,phase-reversal,4,400,0.1,frequency,0,1;2;3;5,1,583089.0862871583,0,583089.0862871583,578589.0862871583,0.9922824828901293
4,phase-reversal,4,400,0.1,frequency,5000,1;2;3;5,1,583089.0862871583,5000,588089.0862871583,578589.0862871583,0.9838459848660391
4,phase-reversal,4,400,0.1,frequency,20000,1;2;3;5,1,583089.0862871583,20000,603089.0862871583,578589.0862871583,0.959375819332379
4,phase-reversal,4,400,0.1,residual,0,8;9;10;15,4,822637.6559440618,0,822637.6559440618,578589.0862871583,0.7033340646474145
4,phase-reversal,4,400,0.1,residual,5000,8;9;10;15,4,822637.6559440618,20000,842637.6559440618,578589.0862871583,0.6866404345992908
4,phase-reversal,4,400,0.1,residual,20000,8;9;10;15,4,822637.6559440618,80000,902637.6559440618,578589.0862871583,0.6409981707244602
4,phase-reversal,4,400,0.1,oracle,0,0;1;6;7,2,568389.0862871583,0,568389.0862871583,578589.0862871583,1.0179454536444896
4,phase-reversal,4,400,0.1,oracle,5000,0;1;6;7,2,568389.0862871583,10000,578389.0862871583,578589.0862871583,1.0003457879907172
4,phase-reversal,4,400,0.1,oracle,20000,0;1;6;7,2,568389.0862871583,40000,608389.0862871583,578589.0862871583,0.9510181877491233
4,phase-reversal,4,400,1.0,frequency,0,0;2;3;6,1,578289.0862871583,0,578289.0862871583,578589.0862871583,1.000518771678584
4,phase-reversal,4,400,1.0,frequency,5000,0;2;3;6,1,578289.0862871583,5000,583289.0862871583,578589.0862871583,0.9919422459454588
4,phase-reversal,4,400,1.0,frequency,20000,0;2;3;6,1,578289.0862871583,20000,598289.0862871583,578589.0862871583,0.967072773928982
4,phase-reversal,4,400,1.0,residual,0,10;12;13;15,4,823076.9079249281,0,823076.9079249281,578589.0862871583,0.7029587159064493
4,phase-reversal,4,400,1.0,residual,5000,10;12;13;15,4,823076.9079249281,20000,843076.9079249281,578589.0862871583,0.6862826876746562
4,phase-reversal,4,400,1.0,residual,20000,10;12;13;15,4,823076.9079249281,80000,903076.9079249281,578589.0862871583,0.64068639249854
4,phase-reversal,4,400,1.0,oracle,0,0;1;6;7,2,568389.0862871583,0,568389.0862871583,578589.0862871583,1.0179454536444896
4,phase-reversal,4,400,1.0,oracle,5000,0;1;6;7,2,568389.0862871583,10000,578389.0862871583,578589.0862871583,1.0003457879907172
4,phase-reversal,4,400,1.0,oracle,20000,0;1;6;7,2,568389.0862871583,40000,608389.0862871583,578589.0862871583,0.9510181877491233
4,phase-reversal,8,200,0.01,frequency,0,0;1;2;3;4;5;6;9,1,315536.8967497883,0,315536.8967497883,292983.26314244635,0.9285229910046737
4,phase-reversal,8,200,0.01,frequency,5000,0;1;2;3;4;5;6;9,1,315536.8967497883,5000,320536.8967497883,292983.26314244635,0.9140391203423599
4,phase-reversal,8,200,0.01,frequency,20000,0;1;2;3;4;5;6;9,1,315536.8967497883,20000,335536.8967497883,292983.26314244635,0.8731774835508643
4,phase-reversal,8,200,0.01,residual,0,0;1;2;3;4;5;9;12,2,337506.7580119206,0,337506.7580119206,292983.26314244635,0.8680811752281958
4,phase-reversal,8,200,0.01,residual,5000,0;1;2;3;4;5;9;12,2,337506.7580119206,10000,347506.7580119206,292983.26314244635,0.8431009077883777
4,phase-reversal,8,200,0.01,residual,20000,0;1;2;3;4;5;9;12,2,337506.7580119206,40000,377506.7580119206,292983.26314244635,0.7761007105817024
4,phase-reversal,8,200,0.01,oracle,0,0;1;2;3;4;5;6;7,0,292983.26314244635,0,292983.26314244635,292983.26314244635,1.0
4,phase-reversal,8,200,0.01,oracle,5000,0;1;2;3;4;5;6;7,0,292983.26314244635,0,292983.26314244635,292983.26314244635,1.0
4,phase-reversal,8,200,0.01,oracle,20000,0;1;2;3;4;5;6;7,0,292983.26314244635,0,292983.26314244635,292983.26314244635,1.0
4,phase-reversal,8,200,0.1,frequency,0,0;1;2;3;4;5;6;7,0,292983.26314244635,0,292983.26314244635,292983.26314244635,1.0
4,phase-reversal,8,200,0.1,frequency,5000,0;1;2;3;4;5;6;7,0,292983.26314244635,0,292983.26314244635,292983.26314244635,1.0
4,phase-reversal,8,200,0.1,frequency,20000,0;1;2;3;4;5;6;7,0,292983.26314244635,0,292983.26314244635,292983.26314244635,1.0
4,phase-reversal,8,200,0.1,residual,0,8;9;10;11;12;13;14;15,8,465400.0,0,465400.0,292983.26314244635,0.6295300024547622
4,phase-reversal,8,200,0.1,residual,5000,8;9;10;11;12;13;14;15,8,465400.0,40000,505400.0,292983.26314244635,0.5797057046744091
4,phase-reversal,8,200,0.1,residual,20000,8;9;10;11;12;13;14;15,8,465400.0,160000,625400.0,292983.26314244635,0.46847339805316013
4,phase-reversal,8,200,0.1,oracle,0,0;1;2;3;4;5;6;7,0,292983.26314244635,0,292983.26314244635,292983.26314244635,1.0
4,phase-reversal,8,200,0.1,oracle,5000,0;1;2;3;4;5;6;7,0,292983.26314244635,0,292983.26314244635,292983.26314244635,1.0
4,phase-reversal,8,200,0.1,oracle,20000,0;1;2;3;4;5;6;7,0,292983.26314244635,0,292983.26314244635,292983.26314244635,1.0
4,phase-reversal,8,200,1.0,frequency,0,0;1;2;3;4;5;6;7,0,292983.26314244635,0,292983.26314244635,292983.26314244635,1.0
4,phase-reversal,8,200,1.0,frequency,5000,0;1;2;3;4;5;6;7,0,292983.26314244635,0,292983.26314244635,292983.26314244635,1.0
4,phase-reversal,8,200,1.0,frequency,20000,0;1;2;3;4;5;6;7,0,292983.26314244635,0,292983.26314244635,292983.26314244635,1.0
4,phase-reversal,8,200,1.0,residual,0,8;9;10;11;12;13;14;15,8,465400.0,0,465400.0,292983.26314244635,0.6295300024547622
4,phase-reversal,8,200,1.0,residual,5000,8;9;10;11;12;13;14;15,8,465400.0,40000,505400.0,292983.26314244635,0.5797057046744091
4,phase-reversal,8,200,1.0,residual,20000,8;9;10;11;12;13;14;15,8,465400.0,160000,625400.0,292983.26314244635,0.46847339805316013
4,phase-reversal,8,200,1.0,oracle,0,0;1;2;3;4;5;6;7,0,292983.26314244635,0,292983.26314244635,292983.26314244635,1.0
4,phase-reversal,8,200,1.0,oracle,5000,0;1;2;3;4;5;6;7,0,292983.26314244635,0,292983.26314244635,292983.26314244635,1.0
4,phase-reversal,8,200,1.0,oracle,20000,0;1;2;3;4;5;6;7,0,292983.26314244635,0,292983.26314244635,292983.26314244635,1.0
4,phase-reversal,8,300,0.01,frequency,0,0;1;2;3;4;5;6;9,1,345597.42928193905,0,345597.42928193905,301564.87716240395,0.8725900472957128
4,phase-reversal,8,300,0.01,frequency,5000,0;1;2;3;4;5;6;9,1,345597.42928193905,5000,350597.42928193905,301564.87716240395,0.8601457169267926
4,phase-reversal,8,300,0.01,frequency,20000,0;1;2;3;4;5;6;9,1,345597.42928193905,20000,365597.42928193905,301564.87716240395,0.8248550263460553
4,phase-reversal,8,300,0.01,residual,0,0;1;2;3;5;6;9;12,2,386310.2670802702,0,386310.2670802702,301564.87716240395,0.7806286885451654
4,phase-reversal,8,300,0.01,residual,5000,0;1;2;3;5;6;9;12,2,386310.2670802702,10000,396310.2670802702,301564.87716240395,0.7609312758514122
4,phase-reversal,8,300,0.01,residual,20000,0;1;2;3;5;6;9;12,2,386310.2670802702,40000,426310.2670802702,301564.87716240395,0.7073835664990497
4,phase-reversal,8,300,0.01,oracle,0,0;1;2;3;4;5;6;7,0,301564.87716240395,0,301564.87716240395,301564.87716240395,1.0
4,phase-reversal,8,300,0.01,oracle,5000,0;1;2;3;4;5;6;7,0,301564.87716240395,0,301564.87716240395,301564.87716240395,1.0
4,phase-reversal,8,300,0.01,oracle,20000,0;1;2;3;4;5;6;7,0,301564.87716240395,0,301564.87716240395,301564.87716240395,1.0
4,phase-reversal,8,300,0.1,frequency,0,0;1;2;3;4;5;6;7,0,301564.87716240395,0,301564.87716240395,301564.87716240395,1.0
4,phase-reversal,8,300,0.1,frequency,5000,0;1;2;3;4;5;6;7,0,301564.87716240395,0,301564.87716240395,301564.87716240395,1.0
4,phase-reversal,8,300,0.1,frequency,20000,0;1;2;3;4;5;6;7,0,301564.87716240395,0,301564.87716240395,301564.87716240395,1.0
4,phase-reversal,8,300,0.1,residual,0,8;9;10;11;12;13;14;15,8,638100.0,0,638100.0,301564.87716240395,0.47259814631312325
4,phase-reversal,8,300,0.1,residual,5000,8;9;10;11;12;13;14;15,8,638100.0,40000,678100.0,301564.87716240395,0.44472036154314104
4,phase-reversal,8,300,0.1,residual,20000,8;9;10;11;12;13;14;15,8,638100.0,160000,798100.0,301564.87716240395,0.37785349851197086
4,phase-reversal,8,300,0.1,oracle,0,0;1;2;3;4;5;6;7,0,301564.87716240395,0,301564.87716240395,301564.87716240395,1.0
4,phase-reversal,8,300,0.1,oracle,5000,0;1;2;3;4;5;6;7,0,301564.87716240395,0,301564.87716240395,301564.87716240395,1.0
4,phase-reversal,8,300,0.1,oracle,20000,0;1;2;3;4;5;6;7,0,301564.87716240395,0,301564.87716240395,301564.87716240395,1.0
4,phase-reversal,8,300,1.0,frequency,0,0;1;2;3;4;5;6;7,0,301564.87716240395,0,301564.87716240395,301564.87716240395,1.0
4,phase-reversal,8,300,1.0,frequency,5000,0;1;2;3;4;5;6;7,0,301564.87716240395,0,301564.87716240395,301564.87716240395,1.0
4,phase-reversal,8,300,1.0,frequency,20000,0;1;2;3;4;5;6;7,0,301564.87716240395,0,301564.87716240395,301564.87716240395,1.0
4,phase-reversal,8,300,1.0,residual,0,8;9;10;11;12;13;14;15,8,638100.0,0,638100.0,301564.87716240395,0.47259814631312325
4,phase-reversal,8,300,1.0,residual,5000,8;9;10;11;12;13;14;15,8,638100.0,40000,678100.0,301564.87716240395,0.44472036154314104
4,phase-reversal,8,300,1.0,residual,20000,8;9;10;11;12;13;14;15,8,638100.0,160000,798100.0,301564.87716240395,0.37785349851197086
4,phase-reversal,8,300,1.0,oracle,0,0;1;2;3;4;5;6;7,0,301564.87716240395,0,301564.87716240395,301564.87716240395,1.0
4,phase-reversal,8,300,1.0,oracle,5000,0;1;2;3;4;5;6;7,0,301564.87716240395,0,301564.87716240395,301564.87716240395,1.0
4,phase-reversal,8,300,1.0,oracle,20000,0;1;2;3;4;5;6;7,0,301564.87716240395,0,301564.87716240395,301564.87716240395,1.0
4,phase-reversal,8,400,0.01,frequency,0,0;1;2;3;4;5;6;9,1,382586.41867410083,0,382586.41867410083,318189.08628715837,0.8316789900432975
4,phase-reversal,8,400,0.01,frequency,5000,0;1;2;3;4;5;6;9,1,382586.41867410083,5000,387586.41867410083,318189.08628715837,0.8209500409628783
4,phase-reversal,8,400,0.01,frequency,20000,0;1;2;3;4;5;6;9,1,382586.41867410083,20000,402586.41867410083,318189.08628715837,0.7903621968547746
4,phase-reversal,8,400,0.01,residual,0,0;1;2;3;5;6;9;12,2,442202.99551322486,0,442202.99551322486,318189.08628715837,0.7195543438548289
4,phase-reversal,8,400,0.01,residual,5000,0;1;2;3;5;6;9;12,2,442202.99551322486,10000,452202.99551322486,318189.08628715837,0.7036421462136307
4,phase-reversal,8,400,0.01,residual,20000,0;1;2;3;5;6;9;12,2,442202.99551322486,40000,482202.99551322486,318189.08628715837,0.6598654285598102
4,phase-reversal,8,400,0.01,oracle,0,0;1;2;3;4;5;6;7,0,318189.08628715837,0,318189.08628715837,318189.08628715837,1.0
4,phase-reversal,8,400,0.01,oracle,5000,0;1;2;3;4;5;6;7,0,318189.08628715837,0,318189.08628715837,318189.08628715837,1.0
4,phase-reversal,8,400,0.01,oracle,20000,0;1;2;3;4;5;6;7,0,318189.08628715837,0,318189.08628715837,318189.08628715837,1.0
4,phase-reversal,8,400,0.1,frequency,0,0;1;2;3;4;5;6;7,0,318189.08628715837,0,318189.08628715837,318189.08628715837,1.0
4,phase-reversal,8,400,0.1,frequency,5000,0;1;2;3;4;5;6;7,0,318189.08628715837,0,318189.08628715837,318189.08628715837,1.0
4,phase-reversal,8,400,0.1,frequency,20000,0;1;2;3;4;5;6;7,0,318189.08628715837,0,318189.08628715837,318189.08628715837,1.0
4,phase-reversal,8,400,0.1,residual,0,8;9;10;11;12;13;14;15,8,810800.0,0,810800.0,318189.08628715837,0.3924384389333478
4,phase-reversal,8,400,0.1,residual,5000,8;9;10;11;12;13;14;15,8,810800.0,40000,850800.0,318189.08628715837,0.37398811270234883
4,phase-reversal,8,400,0.1,residual,20000,8;9;10;11;12;13;14;15,8,810800.0,160000,970800.0,318189.08628715837,0.32775966861058753
4,phase-reversal,8,400,0.1,oracle,0,0;1;2;3;4;5;6;7,0,318189.08628715837,0,318189.08628715837,318189.08628715837,1.0
4,phase-reversal,8,400,0.1,oracle,5000,0;1;2;3;4;5;6;7,0,318189.08628715837,0,318189.08628715837,318189.08628715837,1.0
4,phase-reversal,8,400,0.1,oracle,20000,0;1;2;3;4;5;6;7,0,318189.08628715837,0,318189.08628715837,318189.08628715837,1.0
4,phase-reversal,8,400,1.0,frequency,0,0;1;2;3;4;5;6;7,0,318189.08628715837,0,318189.08628715837,318189.08628715837,1.0
4,phase-reversal,8,400,1.0,frequency,5000,0;1;2;3;4;5;6;7,0,318189.08628715837,0,318189.08628715837,318189.08628715837,1.0
4,phase-reversal,8,400,1.0,frequency,20000,0;1;2;3;4;5;6;7,0,318189.08628715837,0,318189.08628715837,318189.08628715837,1.0
4,phase-reversal,8,400,1.0,residual,0,8;9;10;11;12;13;14;15,8,810800.0,0,810800.0,318189.08628715837,0.3924384389333478
4,phase-reversal,8,400,1.0,residual,5000,8;9;10;11;12;13;14;15,8,810800.0,40000,850800.0,318189.08628715837,0.37398811270234883
4,phase-reversal,8,400,1.0,residual,20000,8;9;10;11;12;13;14;15,8,810800.0,160000,970800.0,318189.08628715837,0.32775966861058753
4,phase-reversal,8,400,1.0,oracle,0,0;1;2;3;4;5;6;7,0,318189.08628715837,0,318189.08628715837,318189.08628715837,1.0
4,phase-reversal,8,400,1.0,oracle,5000,0;1;2;3;4;5;6;7,0,318189.08628715837,0,318189.08628715837,318189.08628715837,1.0
4,phase-reversal,8,400,1.0,oracle,20000,0;1;2;3;4;5;6;7,0,318189.08628715837,0,318189.08628715837,318189.08628715837,1.0
5,frequency-aligned,2,200,0.01,frequency,0,0;6,1,556100.0,0,556100.0,555700.0,0.999280704909189
5,frequency-aligned,2,200,0.01,frequency,5000,0;6,1,556100.0,5000,561100.0,555700.0,0.9903760470504367
5,frequency-aligned,2,200,0.01,frequency,20000,0;6,1,556100.0,20000,576100.0,555700.0,0.9645894809928832
5,frequency-aligned,2,200,0.01,residual,0,0;6,1,556100.0,0,556100.0,555700.0,0.999280704909189
5,frequency-aligned,2,200,0.01,residual,5000,0;6,1,556100.0,5000,561100.0,555700.0,0.9903760470504367
5,frequency-aligned,2,200,0.01,residual,20000,0;6,1,556100.0,20000,576100.0,555700.0,0.9645894809928832
5,frequency-aligned,2,200,0.01,oracle,0,2;7,2,554800.0,0,554800.0,555700.0,1.0016222062004325
5,frequency-aligned,2,200,0.01,oracle,5000,2;7,2,554800.0,10000,564800.0,555700.0,0.9838881019830028
5,frequency-aligned,2,200,0.01,oracle,20000,2;7,2,554800.0,40000,594800.0,555700.0,0.9342636180228648
5,frequency-aligned,2,200,0.1,frequency,0,3;4,2,557400.0,0,557400.0,555700.0,0.9969501255830642
5,frequency-aligned,2,200,0.1,frequency,5000,3;4,2,557400.0,10000,567400.0,555700.0,0.9793796263658795
5,frequency-aligned,2,200,0.1,frequency,20000,3;4,2,557400.0,40000,597400.0,555700.0,0.9301975225979243
5,frequency-aligned,2,200,0.1,residual,0,3;4,2,557400.0,0,557400.0,555700.0,0.9969501255830642
5,frequency-aligned,2,200,0.1,residual,5000,3;4,2,557400.0,10000,567400.0,555700.0,0.9793796263658795
5,frequency-aligned,2,200,0.1,residual,20000,3;4,2,557400.0,40000,597400.0,555700.0,0.9301975225979243
5,frequency-aligned,2,200,0.1,oracle,0,2;7,2,554800.0,0,554800.0,555700.0,1.0016222062004325
5,frequency-aligned,2,200,0.1,oracle,5000,2;7,2,554800.0,10000,564800.0,555700.0,0.9838881019830028
5,frequency-aligned,2,200,0.1,oracle,20000,2;7,2,554800.0,40000,594800.0,555700.0,0.9342636180228648
5,frequency-aligned,2,200,1.0,frequency,0,2;5,2,555400.0,0,555400.0,555700.0,1.000540151242348
5,frequency-aligned,2,200,1.0,frequency,5000,2;5,2,555400.0,10000,565400.0,555700.0,0.9828440042447825
5,frequency-aligned,2,200,1.0,frequency,20000,2;5,2,555400.0,40000,595400.0,555700.0,0.9333221363789049
5,frequency-aligned,2,200,1.0,residual,0,2;5,2,555400.0,0,555400.0,555700.0,1.000540151242348
5,frequency-aligned,2,200,1.0,residual,5000,2;5,2,555400.0,10000,565400.0,555700.0,0.9828440042447825
5,frequency-aligned,2,200,1.0,residual,20000,2;5,2,555400.0,40000,595400.0,555700.0,0.9333221363789049
5,frequency-aligned,2,200,1.0,oracle,0,2;7,2,554800.0,0,554800.0,555700.0,1.0016222062004325
5,frequency-aligned,2,200,1.0,oracle,5000,2;7,2,554800.0,10000,564800.0,555700.0,0.9838881019830028
5,frequency-aligned,2,200,1.0,oracle,20000,2;7,2,554800.0,40000,594800.0,555700.0,0.9342636180228648
5,frequency-aligned,2,300,0.01,frequency,0,0;6,1,752200.0,0,752200.0,751400.0,0.9989364530709918
5,frequency-aligned,2,300,0.01,frequency,5000,0;6,1,752200.0,5000,757200.0,751400.0,0.9923402007395669
5,frequency-aligned,2,300,0.01,frequency,20000,0;6,1,752200.0,20000,772200.0,751400.0,0.9730639730639731
5,frequency-aligned,2,300,0.01,residual,0,0;6,1,752200.0,0,752200.0,751400.0,0.9989364530709918
5,frequency-aligned,2,300,0.01,residual,5000,0;6,1,752200.0,5000,757200.0,751400.0,0.9923402007395669
5,frequency-aligned,2,300,0.01,residual,20000,0;6,1,752200.0,20000,772200.0,751400.0,0.9730639730639731
5,frequency-aligned,2,300,0.01,oracle,0,2;7,2,749600.0,0,749600.0,751400.0,1.002401280683031
5,frequency-aligned,2,300,0.01,oracle,5000,2;7,2,749600.0,10000,759600.0,751400.0,0.9892048446550816
5,frequency-aligned,2,300,0.01,oracle,20000,2;7,2,749600.0,40000,789600.0,751400.0,0.9516210739614995
5,frequency-aligned,2,300,0.1,frequency,0,3;4,2,754800.0,0,754800.0,751400.0,0.9954954954954955
5,frequency-aligned,2,300,0.1,frequency,5000,3;4,2,754800.0,10000,764800.0,751400.0,0.9824790794979079
5,frequency-aligned,2,300,0.1,frequency,20000,3;4,2,754800.0,40000,794800.0,751400.0,0.9453950679416205
5,frequency-aligned,2,300,0.1,residual,0,3;4,2,754800.0,0,754800.0,751400.0,0.9954954954954955
5,frequency-aligned,2,300,0.1,residual,5000,3;4,2,754800.0,10000,764800.0,751400.0,0.9824790794979079
5,frequency-aligned,2,300,0.1,residual,20000,3;4,2,754800.0,40000,794800.0,751400.0,0.9453950679416205
5,frequency-aligned,2,300,0.1,oracle,0,2;7,2,749600.0,0,749600.0,751400.0,1.002401280683031
5,frequency-aligned,2,300,0.1,oracle,5000,2;7,2,749600.0,10000,759600.0,751400.0,0.9892048446550816
5,frequency-aligned,2,300,0.1,oracle,20000,2;7,2,749600.0,40000,789600.0,751400.0,0.9516210739614995
5,frequency-aligned,2,300,1.0,frequency,0,2;5,2,750800.0,0,750800.0,751400.0,1.000799147575919
5,frequency-aligned,2,300,1.0,frequency,5000,2;5,2,750800.0,10000,760800.0,751400.0,0.9876445846477392
5,frequency-aligned,2,300,1.0,frequency,20000,2;5,2,750800.0,40000,790800.0,751400.0,0.9501770359129995
5,frequency-aligned,2,300,1.0,residual,0,2;5,2,750800.0,0,750800.0,751400.0,1.000799147575919
5,frequency-aligned,2,300,1.0,residual,5000,2;5,2,750800.0,10000,760800.0,751400.0,0.9876445846477392
5,frequency-aligned,2,300,1.0,residual,20000,2;5,2,750800.0,40000,790800.0,751400.0,0.9501770359129995
5,frequency-aligned,2,300,1.0,oracle,0,2;7,2,749600.0,0,749600.0,751400.0,1.002401280683031
5,frequency-aligned,2,300,1.0,oracle,5000,2;7,2,749600.0,10000,759600.0,751400.0,0.9892048446550816
5,frequency-aligned,2,300,1.0,oracle,20000,2;7,2,749600.0,40000,789600.0,751400.0,0.9516210739614995
5,frequency-aligned,2,400,0.01,frequency,0,0;6,1,948300.0,0,948300.0,947100.0,0.9987345776652958
5,frequency-aligned,2,400,0.01,frequency,5000,0;6,1,948300.0,5000,953300.0,947100.0,0.9934962760935697
5,frequency-aligned,2,400,0.01,frequency,20000,0;6,1,948300.0,20000,968300.0,947100.0,0.978105958897036
5,frequency-aligned,2,400,0.01,residual,0,0;6,1,948300.0,0,948300.0,947100.0,0.9987345776652958
5,frequency-aligned,2,400,0.01,residual,5000,0;6,1,948300.0,5000,953300.0,947100.0,0.9934962760935697
5,frequency-aligned,2,400,0.01,residual,20000,0;6,1,948300.0,20000,968300.0,947100.0,0.978105958897036
5,frequency-aligned,2,400,0.01,oracle,0,2;7,2,944400.0,0,944400.0,947100.0,1.002858958068615
5,frequency-aligned,2,400,0.01,oracle,5000,2;7,2,944400.0,10000,954400.0,947100.0,0.9923512154233026
5,frequency-aligned,2,400,0.01,oracle,20000,2;7,2,944400.0,40000,984400.0,947100.0,0.9621088988216172
5,frequency-aligned,2,400,0.1,frequency,0,3;4,2,952200.0,0,952200.0,947100.0,0.9946439823566477
5,frequency-aligned,2,400,0.1,frequency,5000,3;4,2,952200.0,10000,962200.0,947100.0,0.9843067969237165
5,frequency-aligned,2,400,0.1,frequency,20000,3;4,2,952200.0,40000,992200.0,947100.0,0.9545454545454546
5,frequency-aligned,2,400,0.1,residual,0,3;4,2,952200.0,0,952200.0,947100.0,0.9946439823566477
5,frequency-aligned,2,400,0.1,residual,5000,3;4,2,952200.0,10000,962200.0,947100.0,0.9843067969237165
5,frequency-aligned,2,400,0.1,residual,20000,3;4,2,952200.0,40000,992200.0,947100.0,0.9545454545454546
5,frequency-aligned,2,400,0.1,oracle,0,2;7,2,944400.0,0,944400.0,947100.0,1.002858958068615
5,frequency-aligned,2,400,0.1,oracle,5000,2;7,2,944400.0,10000,954400.0,947100.0,0.9923512154233026
5,frequency-aligned,2,400,0.1,oracle,20000,2;7,2,944400.0,40000,984400.0,947100.0,0.9621088988216172
5,frequency-aligned,2,400,1.0,frequency,0,2;5,2,946200.0,0,946200.0,947100.0,1.0009511731135066
5,frequency-aligned,2,400,1.0,frequency,5000,2;5,2,946200.0,10000,956200.0,947100.0,0.9904831625183016
5,frequency-aligned,2,400,1.0,frequency,20000,2;5,2,946200.0,40000,986200.0,947100.0,0.9603528696004867
5,frequency-aligned,2,400,1.0,residual,0,2;5,2,946200.0,0,946200.0,947100.0,1.0009511731135066
5,frequency-aligned,2,400,1.0,residual,5000,2;5,2,946200.0,10000,956200.0,947100.0,0.9904831625183016
5,frequency-aligned,2,400,1.0,residual,20000,2;5,2,946200.0,40000,986200.0,947100.0,0.9603528696004867
5,frequency-aligned,2,400,1.0,oracle,0,2;7,2,944400.0,0,944400.0,947100.0,1.002858958068615
5,frequency-aligned,2,400,1.0,oracle,5000,2;7,2,944400.0,10000,954400.0,947100.0,0.9923512154233026
5,frequency-aligned,2,400,1.0,oracle,20000,2;7,2,944400.0,40000,984400.0,947100.0,0.9621088988216172
5,frequency-aligned,4,200,0.01,frequency,0,0;2;3;6,1,513000.0,0,513000.0,512600.0,0.9992202729044835
5,frequency-aligned,4,200,0.01,frequency,5000,0;2;3;6,1,513000.0,5000,518000.0,512600.0,0.9895752895752896
5,frequency-aligned,4,200,0.01,frequency,20000,0;2;3;6,1,513000.0,20000,533000.0,512600.0,0.9617260787992495
5,frequency-aligned,4,200,0.01,residual,0,0;2;3;6,1,513000.0,0,513000.0,512600.0,0.9992202729044835
5,frequency-aligned,4,200,0.01,residual,5000,0;2;3;6,1,513000.0,5000,518000.0,512600.0,0.9895752895752896
5,frequency-aligned,4,200,0.01,residual,20000,0;2;3;6,1,513000.0,20000,533000.0,512600.0,0.9617260787992495
5,frequency-aligned,4,200,0.01,oracle,0,1;2;5;7,2,510300.0,0,510300.0,512600.0,1.0045071526553009
5,frequency-aligned,4,200,0.01,oracle,5000,1;2;5;7,2,510300.0,10000,520300.0,512600.0,0.985200845665962
5,frequency-aligned,4,200,0.01,oracle,20000,1;2;5;7,2,510300.0,40000,550300.0,512600.0,0.9314919135017263
5,frequency-aligned,4,200,0.1,frequency,0,2;3;4;5,2,512800.0,0,512800.0,512600.0,0.999609984399376
5,frequency-aligned,4,200,0.1,frequency,5000,2;3;4;5,2,512800.0,10000,522800.0,512600.0,0.9804896710022953
5,frequency-aligned,4,200,0.1,frequency,20000,2;3;4;5,2,512800.0,40000,552800.0,512600.0,0.9272793053545586
5,frequency-aligned,4,200,0.1,residual,0,2;3;4;5,2,512800.0,0,512800.0,512600.0,0.999609984399376
5,frequency-aligned,4,200,0.1,residual,5000,2;3;4;5,2,512800.0,10000,522800.0,512600.0,0.9804896710022953
5,frequency-aligned,4,200,0.1,residual,20000,2;3;4;5,2,512800.0,40000,552800.0,512600.0,0.9272793053545586
5,frequency-aligned,4,200,0.1,oracle,0,1;2;5;7,2,510300.0,0,510300.0,512600.0,1.0045071526553009
5,frequency-aligned,4,200,0.1,oracle,5000,1;2;5;7,2,510300.0,10000,520300.0,512600.0,0.985200845665962
5,frequency-aligned,4,200,0.1,oracle,20000,1;2;5;7,2,510300.0,40000,550300.0,512600.0,0.9314919135017263
5,frequency-aligned,4,200,1.0,frequency,0,2;3;5;7,2,511900.0,0,511900.0,512600.0,1.0013674545809728
5,frequency-aligned,4,200,1.0,frequency,5000,2;3;5;7,2,511900.0,10000,521900.0,512600.0,0.9821804943475761
5,frequency-aligned,4,200,1.0,frequency,20000,2;3;5;7,2,511900.0,40000,551900.0,512600.0,0.9287914477260373
5,frequency-aligned,4,200,1.0,residual,0,2;3;5;7,2,511900.0,0,511900.0,512600.0,1.0013674545809728
5,frequency-aligned,4,200,1.0,residual,5000,2;3;5;7,2,511900.0,10000,521900.0,512600.0,0.9821804943475761
5,frequency-aligned,4,200,1.0,residual,20000,2;3;5;7,2,511900.0,40000,551900.0,512600.0,0.9287914477260373
5,frequency-aligned,4,200,1.0,oracle,0,1;2;5;7,2,510300.0,0,510300.0,512600.0,1.0045071526553009
5,frequency-aligned,4,200,1.0,oracle,5000,1;2;5;7,2,510300.0,10000,520300.0,512600.0,0.985200845665962
5,frequency-aligned,4,200,1.0,oracle,20000,1;2;5;7,2,510300.0,40000,550300.0,512600.0,0.9314919135017263
5,frequency-aligned,4,300,0.01,frequency,0,0;2;3;6,1,666000.0,0,666000.0,665200.0,0.9987987987987988
5,frequency-aligned,4,300,0.01,frequency,5000,0;2;3;6,1,666000.0,5000,671000.0,665200.0,0.9913561847988077
5,frequency-aligned,4,300,0.01,frequency,20000,0;2;3;6,1,666000.0,20000,686000.0,665200.0,0.9696793002915451
5,frequency-aligned,4,300,0.01,residual,0,0;2;3;6,1,666000.0,0,666000.0,665200.0,0.9987987987987988
5,frequency-aligned,4,300,0.01,residual,5000,0;2;3;6,1,666000.0,5000,671000.0,665200.0,0.9913561847988077
5,frequency-aligned,4,300,0.01,residual,20000,0;2;3;6,1,666000.0,20000,686000.0,665200.0,0.9696793002915451
5,frequency-aligned,4,300,0.01,oracle,0,1;2;5;7,2,660600.0,0,660600.0,665200.0,1.006963366636391
5,frequency-aligned,4,300,0.01,oracle,5000,1;2;5;7,2,660600.0,10000,670600.0,665200.0,0.9919475096928124
5,frequency-aligned,4,300,0.01,oracle,20000,1;2;5;7,2,660600.0,40000,700600.0,665200.0,0.9494718812446474
5,frequency-aligned,4,300,0.1,frequency,0,2;3;4;5,2,665600.0,0,665600.0,665200.0,0.9993990384615384
5,frequency-aligned,4,300,0.1,frequency,5000,2;3;4;5,2,665600.0,10000,675600.0,665200.0,0.9846062759029012
5,frequency-aligned,4,300,0.1,frequency,20000,2;3;4;5,2,665600.0,40000,705600.0,665200.0,0.9427437641723356
5,frequency-aligned,4,300,0.1,residual,0,2;3;4;5,2,665600.0,0,665600.0,665200.0,0.9993990384615384
5,frequency-aligned,4,300,0.1,residual,5000,2;3;4;5,2,665600.0,10000,675600.0,665200.0,0.9846062759029012
5,frequency-aligned,4,300,0.1,residual,20000,2;3;4;5,2,665600.0,40000,705600.0,665200.0,0.9427437641723356
5,frequency-aligned,4,300,0.1,oracle,0,1;2;5;7,2,660600.0,0,660600.0,665200.0,1.006963366636391
5,frequency-aligned,4,300,0.1,oracle,5000,1;2;5;7,2,660600.0,10000,670600.0,665200.0,0.9919475096928124
5,frequency-aligned,4,300,0.1,oracle,20000,1;2;5;7,2,660600.0,40000,700600.0,665200.0,0.9494718812446474
5,frequency-aligned,4,300,1.0,frequency,0,2;3;5;7,2,663800.0,0,663800.0,665200.0,1.0021090689966858
5,frequency-aligned,4,300,1.0,frequency,5000,2;3;5;7,2,663800.0,10000,673800.0,665200.0,0.9872365687147522
5,frequency-aligned,4,300,1.0,frequency,20000,2;3;5;7,2,663800.0,40000,703800.0,665200.0,0.9451548735436204
5,frequency-aligned,4,300,1.0,residual,0,2;3;5;7,2,663800.0,0,663800.0,665200.0,1.0021090689966858
5,frequency-aligned,4,300,1.0,residual,5000,2;3;5;7,2,663800.0,10000,673800.0,665200.0,0.9872365687147522
5,frequency-aligned,4,300,1.0,residual,20000,2;3;5;7,2,663800.0,40000,703800.0,665200.0,0.9451548735436204
5,frequency-aligned,4,300,1.0,oracle,0,1;2;5;7,2,660600.0,0,660600.0,665200.0,1.006963366636391
5,frequency-aligned,4,300,1.0,oracle,5000,1;2;5;7,2,660600.0,10000,670600.0,665200.0,0.9919475096928124
5,frequency-aligned,4,300,1.0,oracle,20000,1;2;5;7,2,660600.0,40000,700600.0,665200.0,0.9494718812446474
5,frequency-aligned,4,400,0.01,frequency,0,0;2;3;6,1,819000.0,0,819000.0,817800.0,0.9985347985347985
5,frequency-aligned,4,400,0.01,frequency,5000,0;2;3;6,1,819000.0,5000,824000.0,817800.0,0.9924757281553398
5,frequency-aligned,4,400,0.01,frequency,20000,0;2;3;6,1,819000.0,20000,839000.0,817800.0,0.9747318235995233
5,frequency-aligned,4,400,0.01,residual,0,0;2;3;6,1,819000.0,0,819000.0,817800.0,0.9985347985347985
5,frequency-aligned,4,400,0.01,residual,5000,0;2;3;6,1,819000.0,5000,824000.0,817800.0,0.9924757281553398
5,frequency-aligned,4,400,0.01,residual,20000,0;2;3;6,1,819000.0,20000,839000.0,817800.0,0.9747318235995233
5,frequency-aligned,4,400,0.01,oracle,0,1;2;5;7,2,810900.0,0,810900.0,817800.0,1.0085090640029597
5,frequency-aligned,4,400,0.01,oracle,5000,1;2;5;7,2,810900.0,10000,820900.0,817800.0,0.9962236569618711
5,frequency-aligned,4,400,0.01,oracle,20000,1;2;5;7,2,810900.0,40000,850900.0,817800.0,0.9611000117522623
5,frequency-aligned,4,400,0.1,frequency,0,2;3;4;5,2,818400.0,0,818400.0,817800.0,0.999266862170088
5,frequency-aligned,4,400,0.1,frequency,5000,2;3;4;5,2,818400.0,10000,828400.0,817800.0,0.9872042491549976
5,frequency-aligned,4,400,0.1,frequency,20000,2;3;4;5,2,818400.0,40000,858400.0,817800.0,0.9527027027027027
5,frequency-aligned,4,400,0.1,residual,0,2;3;4;5,2,818400.0,0,818400.0,817800.0,0.999266862170088
5,frequency-aligned,4,400,0.1,residual,5000,2;3;4;5,2,818400.0,10000,828400.0,817800.0,0.9872042491549976
5,frequency-aligned,4,400,0.1,residual,20000,2;3;4;5,2,818400.0,40000,858400.0,817800.0,0.9527027027027027
5,frequency-aligned,4,400,0.1,oracle,0,1;2;5;7,2,810900.0,0,810900.0,817800.0,1.0085090640029597
5,frequency-aligned,4,400,0.1,oracle,5000,1;2;5;7,2,810900.0,10000,820900.0,817800.0,0.9962236569618711
5,frequency-aligned,4,400,0.1,oracle,20000,1;2;5;7,2,810900.0,40000,850900.0,817800.0,0.9611000117522623
5,frequency-aligned,4,400,1.0,frequency,0,2;3;5;7,2,815700.0,0,815700.0,817800.0,1.002574475910261
5,frequency-aligned,4,400,1.0,frequency,5000,2;3;5;7,2,815700.0,10000,825700.0,817800.0,0.9904323604214605
5,frequency-aligned,4,400,1.0,frequency,20000,2;3;5;7,2,815700.0,40000,855700.0,817800.0,0.9557087764403412
5,frequency-aligned,4,400,1.0,residual,0,2;3;5;7,2,815700.0,0,815700.0,817800.0,1.002574475910261
5,frequency-aligned,4,400,1.0,residual,5000,2;3;5;7,2,815700.0,10000,825700.0,817800.0,0.9904323604214605
5,frequency-aligned,4,400,1.0,residual,20000,2;3;5;7,2,815700.0,40000,855700.0,817800.0,0.9557087764403412
5,frequency-aligned,4,400,1.0,oracle,0,1;2;5;7,2,810900.0,0,810900.0,817800.0,1.0085090640029597
5,frequency-aligned,4,400,1.0,oracle,5000,1;2;5;7,2,810900.0,10000,820900.0,817800.0,0.9962236569618711
5,frequency-aligned,4,400,1.0,oracle,20000,1;2;5;7,2,810900.0,40000,850900.0,817800.0,0.9611000117522623
5,frequency-aligned,8,200,0.01,frequency,0,0;2;3;4;5;6;10;12,2,452200.0,0,452200.0,423800.0,0.9371959310039806
5,frequency-aligned,8,200,0.01,frequency,5000,0;2;3;4;5;6;10;12,2,452200.0,10000,462200.0,423800.0,0.9169190826482042
5,frequency-aligned,8,200,0.01,frequency,20000,0;2;3;4;5;6;10;12,2,452200.0,40000,492200.0,423800.0,0.8610321007720438
5,frequency-aligned,8,200,0.01,residual,0,0;2;3;4;5;6;10;12,2,452200.0,0,452200.0,423800.0,0.9371959310039806
5,frequency-aligned,8,200,0.01,residual,5000,0;2;3;4;5;6;10;12,2,452200.0,10000,462200.0,423800.0,0.9169190826482042
5,frequency-aligned,8,200,0.01,residual,20000,0;2;3;4;5;6;10;12,2,452200.0,40000,492200.0,423800.0,0.8610321007720438
5,frequency-aligned,8,200,0.01,oracle,0,0;1;2;3;4;5;6;7,0,423800.0,0,423800.0,423800.0,1.0
5,frequency-aligned,8,200,0.01,oracle,5000,0;1;2;3;4;5;6;7,0,423800.0,0,423800.0,423800.0,1.0
5,frequency-aligned,8,200,0.01,oracle,20000,0;1;2;3;4;5;6;7,0,423800.0,0,423800.0,423800.0,1.0
5,frequency-aligned,8,200,0.1,frequency,0,0;2;3;4;5;6;7;14,1,438100.0,0,438100.0,423800.0,0.9673590504451038
5,frequency-aligned,8,200,0.1,frequency,5000,0;2;3;4;5;6;7;14,1,438100.0,5000,443100.0,423800.0,0.9564432408034304
5,frequency-aligned,8,200,0.1,frequency,20000,0;2;3;4;5;6;7;14,1,438100.0,20000,458100.0,423800.0,0.9251255184457542
5,frequency-aligned,8,200,0.1,residual,0,0;2;3;4;5;6;7;14,1,438100.0,0,438100.0,423800.0,0.9673590504451038
5,frequency-aligned,8,200,0.1,residual,5000,0;2;3;4;5;6;7;14,1,438100.0,5000,443100.0,423800.0,0.9564432408034304
5,frequency-aligned,8,200,0.1,residual,20000,0;2;3;4;5;6;7;14,1,438100.0,20000,458100.0,423800.0,0.9251255184457542
5,frequency-aligned,8,200,0.1,oracle,0,0;1;2;3;4;5;6;7,0,423800.0,0,423800.0,423800.0,1.0
5,frequency-aligned,8,200,0.1,oracle,5000,0;1;2;3;4;5;6;7,0,423800.0,0,423800.0,423800.0,1.0
5,frequency-aligned,8,200,0.1,oracle,20000,0;1;2;3;4;5;6;7,0,423800.0,0,423800.0,423800.0,1.0
5,frequency-aligned,8,200,1.0,frequency,0,0;1;2;3;4;5;6;7,0,423800.0,0,423800.0,423800.0,1.0
5,frequency-aligned,8,200,1.0,frequency,5000,0;1;2;3;4;5;6;7,0,423800.0,0,423800.0,423800.0,1.0
5,frequency-aligned,8,200,1.0,frequency,20000,0;1;2;3;4;5;6;7,0,423800.0,0,423800.0,423800.0,1.0
5,frequency-aligned,8,200,1.0,residual,0,0;1;2;3;4;5;6;7,0,423800.0,0,423800.0,423800.0,1.0
5,frequency-aligned,8,200,1.0,residual,5000,0;1;2;3;4;5;6;7,0,423800.0,0,423800.0,423800.0,1.0
5,frequency-aligned,8,200,1.0,residual,20000,0;1;2;3;4;5;6;7,0,423800.0,0,423800.0,423800.0,1.0
5,frequency-aligned,8,200,1.0,oracle,0,0;1;2;3;4;5;6;7,0,423800.0,0,423800.0,423800.0,1.0
5,frequency-aligned,8,200,1.0,oracle,5000,0;1;2;3;4;5;6;7,0,423800.0,0,423800.0,423800.0,1.0
5,frequency-aligned,8,200,1.0,oracle,20000,0;1;2;3;4;5;6;7,0,423800.0,0,423800.0,423800.0,1.0
5,frequency-aligned,8,300,0.01,frequency,0,0;2;3;4;5;6;10;12,2,544400.0,0,544400.0,487600.0,0.8956649522409993
5,frequency-aligned,8,300,0.01,frequency,5000,0;2;3;4;5;6;10;12,2,544400.0,10000,554400.0,487600.0,0.8795093795093795
5,frequency-aligned,8,300,0.01,frequency,20000,0;2;3;4;5;6;10;12,2,544400.0,40000,584400.0,487600.0,0.8343600273785079
5,frequency-aligned,8,300,0.01,residual,0,0;2;3;4;5;6;10;12,2,544400.0,0,544400.0,487600.0,0.8956649522409993
5,frequency-aligned,8,300,0.01,residual,5000,0;2;3;4;5;6;10;12,2,544400.0,10000,554400.0,487600.0,0.8795093795093795
5,frequency-aligned,8,300,0.01,residual,20000,0;2;3;4;5;6;10;12,2,544400.0,40000,584400.0,487600.0,0.8343600273785079
5,frequency-aligned,8,300,0.01,oracle,0,0;1;2;3;4;5;6;7,0,487600.0,0,487600.0,487600.0,1.0
5,frequency-aligned,8,300,0.01,oracle,5000,0;1;2;3;4;5;6;7,0,487600.0,0,487600.0,487600.0,1.0
5,frequency-aligned,8,300,0.01,oracle,20000,0;1;2;3;4;5;6;7,0,487600.0,0,487600.0,487600.0,1.0
5,frequency-aligned,8,300,0.1,frequency,0,0;2;3;4;5;6;7;14,1,516200.0,0,516200.0,487600.0,0.9445951181712514
5,frequency-aligned,8,300,0.1,frequency,5000,0;2;3;4;5;6;7;14,1,516200.0,5000,521200.0,487600.0,0.9355333844973139
5,frequency-aligned,8,300,0.1,frequency,20000,0;2;3;4;5;6;7;14,1,516200.0,20000,536200.0,487600.0,0.9093621782916822
5,frequency-aligned,8,300,0.1,residual,0,0;2;3;4;5;6;7;14,1,516200.0,0,516200.0,487600.0,0.9445951181712514
5,frequency-aligned,8,300,0.1,residual,5000,0;2;3;4;5;6;7;14,1,516200.0,5000,521200.0,487600.0,0.9355333844973139
5,frequency-aligned,8,300,0.1,residual,20000,0;2;3;4;5;6;7;14,1,516200.0,20000,536200.0,487600.0,0.9093621782916822
5,frequency-aligned,8,300,0.1,oracle,0,0;1;2;3;4;5;6;7,0,487600.0,0,487600.0,487600.0,1.0
5,frequency-aligned,8,300,0.1,oracle,5000,0;1;2;3;4;5;6;7,0,487600.0,0,487600.0,487600.0,1.0
5,frequency-aligned,8,300,0.1,oracle,20000,0;1;2;3;4;5;6;7,0,487600.0,0,487600.0,487600.0,1.0
5,frequency-aligned,8,300,1.0,frequency,0,0;1;2;3;4;5;6;7,0,487600.0,0,487600.0,487600.0,1.0
5,frequency-aligned,8,300,1.0,frequency,5000,0;1;2;3;4;5;6;7,0,487600.0,0,487600.0,487600.0,1.0
5,frequency-aligned,8,300,1.0,frequency,20000,0;1;2;3;4;5;6;7,0,487600.0,0,487600.0,487600.0,1.0
5,frequency-aligned,8,300,1.0,residual,0,0;1;2;3;4;5;6;7,0,487600.0,0,487600.0,487600.0,1.0
5,frequency-aligned,8,300,1.0,residual,5000,0;1;2;3;4;5;6;7,0,487600.0,0,487600.0,487600.0,1.0
5,frequency-aligned,8,300,1.0,residual,20000,0;1;2;3;4;5;6;7,0,487600.0,0,487600.0,487600.0,1.0
5,frequency-aligned,8,300,1.0,oracle,0,0;1;2;3;4;5;6;7,0,487600.0,0,487600.0,487600.0,1.0
5,frequency-aligned,8,300,1.0,oracle,5000,0;1;2;3;4;5;6;7,0,487600.0,0,487600.0,487600.0,1.0
5,frequency-aligned,8,300,1.0,oracle,20000,0;1;2;3;4;5;6;7,0,487600.0,0,487600.0,487600.0,1.0
5,frequency-aligned,8,400,0.01,frequency,0,0;2;3;4;5;6;10;12,2,636600.0,0,636600.0,551400.0,0.8661639962299718
5,frequency-aligned,8,400,0.01,frequency,5000,0;2;3;4;5;6;10;12,2,636600.0,10000,646600.0,551400.0,0.8527683266316115
5,frequency-aligned,8,400,0.01,frequency,20000,0;2;3;4;5;6;10;12,2,636600.0,40000,676600.0,551400.0,0.8149571386343483
5,frequency-aligned,8,400,0.01,residual,0,0;2;3;4;5;6;10;12,2,636600.0,0,636600.0,551400.0,0.8661639962299718
5,frequency-aligned,8,400,0.01,residual,5000,0;2;3;4;5;6;10;12,2,636600.0,10000,646600.0,551400.0,0.8527683266316115
5,frequency-aligned,8,400,0.01,residual,20000,0;2;3;4;5;6;10;12,2,636600.0,40000,676600.0,551400.0,0.8149571386343483
5,frequency-aligned,8,400,0.01,oracle,0,0;1;2;3;4;5;6;7,0,551400.0,0,551400.0,551400.0,1.0
5,frequency-aligned,8,400,0.01,oracle,5000,0;1;2;3;4;5;6;7,0,551400.0,0,551400.0,551400.0,1.0
5,frequency-aligned,8,400,0.01,oracle,20000,0;1;2;3;4;5;6;7,0,551400.0,0,551400.0,551400.0,1.0
5,frequency-aligned,8,400,0.1,frequency,0,0;2;3;4;5;6;7;14,1,594300.0,0,594300.0,551400.0,0.92781423523473
5,frequency-aligned,8,400,0.1,frequency,5000,0;2;3;4;5;6;7;14,1,594300.0,5000,599300.0,551400.0,0.9200734189888203
5,frequency-aligned,8,400,0.1,frequency,20000,0;2;3;4;5;6;7;14,1,594300.0,20000,614300.0,551400.0,0.8976070323945955
5,frequency-aligned,8,400,0.1,residual,0,0;2;3;4;5;6;7;14,1,594300.0,0,594300.0,551400.0,0.92781423523473
5,frequency-aligned,8,400,0.1,residual,5000,0;2;3;4;5;6;7;14,1,594300.0,5000,599300.0,551400.0,0.9200734189888203
5,frequency-aligned,8,400,0.1,residual,20000,0;2;3;4;5;6;7;14,1,594300.0,20000,614300.0,551400.0,0.8976070323945955
5,frequency-aligned,8,400,0.1,oracle,0,0;1;2;3;4;5;6;7,0,551400.0,0,551400.0,551400.0,1.0
5,frequency-aligned,8,400,0.1,oracle,5000,0;1;2;3;4;5;6;7,0,551400.0,0,551400.0,551400.0,1.0
5,frequency-aligned,8,400,0.1,oracle,20000,0;1;2;3;4;5;6;7,0,551400.0,0,551400.0,551400.0,1.0
5,frequency-aligned,8,400,1.0,frequency,0,0;1;2;3;4;5;6;7,0,551400.0,0,551400.0,551400.0,1.0
5,frequency-aligned,8,400,1.0,frequency,5000,0;1;2;3;4;5;6;7,0,551400.0,0,551400.0,551400.0,1.0
5,frequency-aligned,8,400,1.0,frequency,20000,0;1;2;3;4;5;6;7,0,551400.0,0,551400.0,551400.0,1.0
5,frequency-aligned,8,400,1.0,residual,0,0;1;2;3;4;5;6;7,0,551400.0,0,551400.0,551400.0,1.0
5,frequency-aligned,8,400,1.0,residual,5000,0;1;2;3;4;5;6;7,0,551400.0,0,551400.0,551400.0,1.0
5,frequency-aligned,8,400,1.0,residual,20000,0;1;2;3;4;5;6;7,0,551400.0,0,551400.0,551400.0,1.0
5,frequency-aligned,8,400,1.0,oracle,0,0;1;2;3;4;5;6;7,0,551400.0,0,551400.0,551400.0,1.0
5,frequency-aligned,8,400,1.0,oracle,5000,0;1;2;3;4;5;6;7,0,551400.0,0,551400.0,551400.0,1.0
5,frequency-aligned,8,400,1.0,oracle,20000,0;1;2;3;4;5;6;7,0,551400.0,0,551400.0,551400.0,1.0
5,prefetch-hidden,2,200,0.01,frequency,0,0;7,1,251835.13217805873,0,251835.13217805873,251862.052505345,1.0001068966313533
5,prefetch-hidden,2,200,0.01,frequency,5000,0;7,1,251835.13217805873,5000,256835.13217805873,251862.052505345,0.9806370739449072
5,prefetch-hidden,2,200,0.01,frequency,20000,0;7,1,251835.13217805873,20000,271835.13217805873,251862.052505345,0.9265250245151135
5,prefetch-hidden,2,200,0.01,residual,0,11;13,2,236591.93743432124,0,236591.93743432124,251862.052505345,1.0645419925827473
5,prefetch-hidden,2,200,0.01,residual,5000,11;13,2,236591.93743432124,10000,246591.93743432124,251862.052505345,1.0213718060933255
5,prefetch-hidden,2,200,0.01,residual,20000,11;13,2,236591.93743432124,40000,276591.93743432127,251862.052505345,0.9105907237992121
5,prefetch-hidden,2,200,0.01,oracle,0,9;10,2,233391.93743432124,0,233391.93743432124,251862.052505345,1.0791377597446845
5,prefetch-hidden,2,200,0.01,oracle,5000,9;10,2,233391.93743432124,10000,243391.93743432124,251862.052505345,1.0348003108086083
5,prefetch-hidden,2,200,0.01,oracle,20000,9;10,2,233391.93743432124,40000,273391.93743432127,251862.052505345,0.9212490129334976
5,prefetch-hidden,2,200,0.1,frequency,0,4;5,2,251852.92490225253,0,251852.92490225253,251862.052505345,1.000036241799042
5,prefetch-hidden,2,200,0.1,frequency,5000,4;5,2,251852.92490225253,10000,261852.92490225253,251862.052505345,0.9618454810056559
5,prefetch-hidden,2,200,0.1,frequency,20000,4;5,2,251852.92490225253,40000,291852.9249022525,251862.052505345,0.8629759410144638
5,prefetch-hidden,2,200,0.1,residual,0,8;10,2,234791.93743432124,0,234791.93743432124,251862.052505345,1.0727031569207899
5,prefetch-hidden,2,200,0.1,residual,5000,8;10,2,234791.93743432124,10000,244791.93743432124,251862.052505345,1.0288821402580741
5,prefetch-hidden,2,200,0.1,residual,20000,8;10,2,234791.93743432124,40000,274791.93743432127,251862.052505345,0.9165554668631543
5,prefetch-hidden,2,200,0.1,oracle,0,9;10,2,233391.93743432124,0,233391.93743432124,251862.052505345,1.0791377597446845
5,prefetch-hidden,2,200,0.1,oracle,5000,9;10,2,233391.93743432124,10000,243391.93743432124,251862.052505345,1.0348003108086083
5,prefetch-hidden,2,200,0.1,oracle,20000,9;10,2,233391.93743432124,40000,273391.93743432127,251862.052505345,0.9212490129334976
5,prefetch-hidden,2,200,1.0,frequency,0,0;3,1,251880.70835439482,0,251880.70835439482,251862.052505345,0.9999259337915487
5,prefetch-hidden,2,200,1.0,frequency,5000,0;3,1,251880.70835439482,5000,256880.70835439482,251862.052505345,0.9804630877842098
5,prefetch-hidden,2,200,1.0,frequency,20000,0;3,1,251880.70835439482,20000,271880.7083543948,251862.052505345,0.9263697083540197
5,prefetch-hidden,2,200,1.0,residual,0,13;15,2,236591.93743432124,0,236591.93743432124,251862.052505345,1.0645419925827473
5,prefetch-hidden,2,200,1.0,residual,5000,13;15,2,236591.93743432124,10000,246591.93743432124,251862.052505345,1.0213718060933255
5,prefetch-hidden,2,200,1.0,residual,20000,13;15,2,236591.93743432124,40000,276591.93743432127,251862.052505345,0.9105907237992121
5,prefetch-hidden,2,200,1.0,oracle,0,9;10,2,233391.93743432124,0,233391.93743432124,251862.052505345,1.0791377597446845
5,prefetch-hidden,2,200,1.0,oracle,5000,9;10,2,233391.93743432124,10000,243391.93743432124,251862.052505345,1.0348003108086083
5,prefetch-hidden,2,200,1.0,oracle,20000,9;10,2,233391.93743432124,40000,273391.93743432127,251862.052505345,0.9212490129334976
5,prefetch-hidden,2,300,0.01,frequency,0,0;7,1,333341.81448591105,0,333341.81448591105,333563.35067055735,1.0006645916444294
5,prefetch-hidden,2,300,0.01,frequency,5000,0;7,1,333341.81448591105,5000,338341.81448591105,333563.35067055735,0.9858768156616579
5,prefetch-hidden,2,300,0.01,frequency,20000,0;7,1,333341.81448591105,20000,353341.81448591105,333563.35067055735,0.9440245592100951
5,prefetch-hidden,2,300,0.01,residual,0,11;13,2,308558.6958940737,0,308558.6958940737,333563.35067055735,1.0810369472946812
5,prefetch-hidden,2,300,0.01,residual,5000,11;13,2,308558.6958940737,10000,318558.6958940737,333563.35067055735,1.0471016957624442
5,prefetch-hidden,2,300,0.01,residual,20000,11;13,2,308558.6958940737,40000,348558.6958940737,333563.35067055735,0.9569789955030317
5,prefetch-hidden,2,300,0.01,oracle,0,9;10,2,302158.6958940737,0,302158.6958940737,333563.35067055735,1.1039343073796328
5,prefetch-hidden,2,300,0.01,oracle,5000,9;10,2,302158.6958940737,10000,312158.6958940737,333563.35067055735,1.0685697853624652
5,prefetch-hidden,2,300,0.01,oracle,20000,9;10,2,302158.6958940737,40000,342158.6958940737,333563.35067055735,0.9748790683192886
5,prefetch-hidden,2,300,0.1,frequency,0,4;5,2,333863.0741017628,0,333863.0741017628,333563.35067055735,0.9991022564205047
5,prefetch-hidden,2,300,0.1,frequency,5000,4;5,2,333863.0741017628,10000,343863.0741017628,333563.35067055735,0.9700470210181471
5,prefetch-hidden,2,300,0.1,frequency,20000,4;5,2,333863.0741017628,40000,373863.0741017628,333563.35067055735,0.8922072645766665
5,prefetch-hidden,2,300,0.1,residual,0,8;10,2,304958.6958940737,0,304958.6958940737,333563.35067055735,1.0937984558617715
5,prefetch-hidden,2,300,0.1,residual,5000,8;10,2,304958.6958940737,10000,314958.6958940737,333563.35067055735,1.0590701416376855
5,prefetch-hidden,2,300,0.1,residual,20000,8;10,2,304958.6958940737,40000,344958.6958940737,333563.35067055735,0.9669660589538653
5,prefetch-hidden,2,300,0.1,oracle,0,9;10,2,302158.6958940737,0,302158.6958940737,333563.35067055735,1.1039343073796328
5,prefetch-hidden,2,300,0.1,oracle,5000,9;10,2,302158.6958940737,10000,312158.6958940737,333563.35067055735,1.0685697853624652
5,prefetch-hidden,2,300,0.1,oracle,20000,9;10,2,302158.6958940737,40000,342158.6958940737,333563.35067055735,0.9748790683192886
5,prefetch-hidden,2,300,1.0,frequency,0,0;3,1,333779.5810883094,0,333779.5810883094,333563.35067055735,0.9993521760167383
5,prefetch-hidden,2,300,1.0,frequency,5000,0;3,1,333779.5810883094,5000,338779.5810883094,333563.35067055735,0.9846028783641705
5,prefetch-hidden,2,300,1.0,frequency,20000,0;3,1,333779.5810883094,20000,353779.5810883094,333563.35067055735,0.9428564238909375
5,prefetch-hidden,2,300,1.0,residual,0,13;15,2,308558.6958940737,0,308558.6958940737,333563.35067055735,1.0810369472946812
5,prefetch-hidden,2,300,1.0,residual,5000,13;15,2,308558.6958940737,10000,318558.6958940737,333563.35067055735,1.0471016957624442
5,prefetch-hidden,2,300,1.0,residual,20000,13;15,2,308558.6958940737,40000,348558.6958940737,333563.35067055735,0.9569789955030317
5,prefetch-hidden,2,300,1.0,oracle,0,9;10,2,302158.6958940737,0,302158.6958940737,333563.35067055735,1.1039343073796328
5,prefetch-hidden,2,300,1.0,oracle,5000,9;10,2,302158.6958940737,10000,312158.6958940737,333563.35067055735,1.0685697853624652
5,prefetch-hidden,2,300,1.0,oracle,20000,9;10,2,302158.6958940737,40000,342158.6958940737,333563.35067055735,0.9748790683192886
5,prefetch-hidden,2,400,0.01,frequency,0,0;7,1,430773.77163950674,0,430773.77163950674,431366.9966577701,1.0013771149900923
5,prefetch-hidden,2,400,0.01,frequency,5000,0;7,1,430773.77163950674,5000,435773.77163950674,431366.9966577701,0.9898874708196479
5,prefetch-hidden,2,400,0.01,frequency,20000,0;7,1,430773.77163950674,20000,450773.77163950674,431366.9966577701,0.9569478612050734
5,prefetch-hidden,2,400,0.01,residual,0,11;13,2,401800.60008311423,0,401800.60008311423,431366.9966577701,1.0735847496707072
5,prefetch-hidden,2,400,0.01,residual,5000,11;13,2,401800.60008311423,10000,411800.60008311423,431366.9966577701,1.0475142497866852
5,prefetch-hidden,2,400,0.01,residual,20000,11;13,2,401800.60008311423,40000,441800.60008311423,431366.9966577701,0.9763839084342998
5,prefetch-hidden,2,400,0.01,oracle,0,9;10,2,392200.60008311423,0,392200.60008311423,431366.9966577701,1.0998631735044664
5,prefetch-hidden,2,400,0.01,oracle,5000,9;10,2,392200.60008311423,10000,402200.60008311423,431366.9966577701,1.0725170389318879
5,prefetch-hidden,2,400,0.01,oracle,20000,9;10,2,392200.60008311423,40000,432200.60008311423,431366.9966577701,0.9980712580565974
5,prefetch-hidden,2,400,0.1,frequency,0,4;5,2,431523.86008300545,0,431523.86008300545,431366.9966577701,0.9996364895669845
5,prefetch-hidden,2,400,0.1,frequency,5000,4;5,2,431523.86008300545,10000,441523.86008300545,431366.9966577701,0.976995890044706
5,prefetch-hidden,2,400,0.1,frequency,20000,4;5,2,431523.86008300545,40000,471523.86008300545,431366.9966577701,0.9148359885368977
5,prefetch-hidden,2,400,0.1,residual,0,8;10,2,396400.60008311423,0,396400.60008311423,431366.9966577701,1.0882097468251168
5,prefetch-hidden,2,400,0.1,residual,5000,8;10,2,396400.60008311423,10000,406400.60008311423,431366.9966577701,1.0614329717267887
5,prefetch-hidden,2,400,0.1,residual,20000,8;10,2,396400.60008311423,40000,436400.60008311423,431366.9966577701,0.9884656358758778
5,prefetch-hidden,2,400,0.1,oracle,0,9;10,2,392200.60008311423,0,392200.60008311423,431366.9966577701,1.0998631735044664
5,prefetch-hidden,2,400,0.1,oracle,5000,9;10,2,392200.60008311423,10000,402200.60008311423,431366.9966577701,1.0725170389318879
5,prefetch-hidden,2,400,0.1,oracle,20000,9;10,2,392200.60008311423,40000,432200.60008311423,431366.9966577701,0.9980712580565974
5,prefetch-hidden,2,400,1.0,frequency,0,0;3,1,431665.2286530551,0,431665.2286530551,431366.9966577701,0.9993091127672814
5,prefetch-hidden,2,400,1.0,frequency,5000,0;3,1,431665.2286530551,5000,436665.2286530551,431366.9966577701,0.9878666043283822
5,prefetch-hidden,2,400,1.0,frequency,20000,0;3,1,431665.2286530551,20000,451665.2286530551,431366.9966577701,0.9550591218725917
5,prefetch-hidden,2,400,1.0,residual,0,13;15,2,401800.60008311423,0,401800.60008311423,431366.9966577701,1.0735847496707072
5,prefetch-hidden,2,400,1.0,residual,5000,13;15,2,401800.60008311423,10000,411800.60008311423,431366.9966577701,1.0475142497866852
5,prefetch-hidden,2,400,1.0,residual,20000,13;15,2,401800.60008311423,40000,441800.60008311423,431366.9966577701,0.9763839084342998
5,prefetch-hidden,2,400,1.0,oracle,0,9;10,2,392200.60008311423,0,392200.60008311423,431366.9966577701,1.0998631735044664
5,prefetch-hidden,2,400,1.0,oracle,5000,9;10,2,392200.60008311423,10000,402200.60008311423,431366.9966577701,1.0725170389318879
5,prefetch-hidden,2,400,1.0,oracle,20000,9;10,2,392200.60008311423,40000,432200.60008311423,431366.9966577701,0.9980712580565974
5,prefetch-hidden,4,200,0.01,frequency,0,0;4;7;11,3,243777.11141174714,0,243777.11141174714,251734.76933876236,1.0326431709725794
5,prefetch-hidden,4,200,0.01,frequency,5000,0;4;7;11,3,243777.11141174714,15000,258777.11141174714,251734.76933876236,0.9727860704736767
5,prefetch-hidden,4,200,0.01,frequency,20000,0;4;7;11,3,243777.11141174714,60000,303777.1114117472,251734.76933876236,0.8286824776523557
5,prefetch-hidden,4,200,0.01,residual,0,8;11;13;15,4,220191.93743432124,0,220191.93743432124,251734.76933876236,1.143251529878789
5,prefetch-hidden,4,200,0.01,residual,5000,8;11;13;15,4,220191.93743432124,20000,240191.93743432124,251734.76933876236,1.048056700103006
5,prefetch-hidden,4,200,0.01,residual,20000,8;11;13;15,4,220191.93743432124,80000,300191.93743432127,251734.76933876236,0.8385793818790992
5,prefetch-hidden,4,200,0.01,oracle,0,8;9;10;14,4,216491.93743432124,0,216491.93743432124,251734.76933876236,1.1627905053745153
5,prefetch-hidden,4,200,0.01,oracle,5000,8;9;10;14,4,216491.93743432124,20000,236491.93743432124,251734.76933876236,1.0644539178367312
5,prefetch-hidden,4,200,0.01,oracle,20000,8;9;10;14,4,216491.93743432124,80000,296491.93743432127,251734.76933876236,0.8490442320865015
5,prefetch-hidden,4,200,0.1,frequency,0,1;4;5;6,3,251684.08842284515,0,251684.08842284515,251734.76933876236,1.0002013671831016
5,prefetch-hidden,4,200,0.1,frequency,5000,1;4;5;6,3,251684.08842284515,15000,266684.0884228451,251734.76933876236,0.943943715680631
5,prefetch-hidden,4,200,0.1,frequency,20000,1;4;5;6,3,251684.08842284515,60000,311684.0884228451,251734.76933876236,0.807659995133429
5,prefetch-hidden,4,200,0.1,residual,0,8;10;11;15,4,218791.93743432124,0,218791.93743432124,251734.76933876236,1.1505669372041196
5,prefetch-hidden,4,200,0.1,residual,5000,8;10;11;15,4,218791.93743432124,20000,238791.93743432124,251734.76933876236,1.054201293575923
5,prefetch-hidden,4,200,0.1,residual,20000,8;10;11;15,4,218791.93743432124,80000,298791.93743432127,251734.76933876236,0.8425085746970574
5,prefetch-hidden,4,200,0.1,oracle,0,8;9;10;14,4,216491.93743432124,0,216491.93743432124,251734.76933876236,1.1627905053745153
5,prefetch-hidden,4,200,0.1,oracle,5000,8;9;10;14,4,216491.93743432124,20000,236491.93743432124,251734.76933876236,1.0644539178367312
5,prefetch-hidden,4,200,0.1,oracle,20000,8;9;10;14,4,216491.93743432124,80000,296491.93743432127,251734.76933876236,0.8490442320865015
5,prefetch-hidden,4,200,1.0,frequency,0,0;2;3;6,1,251738.33126859472,0,251738.33126859472,251734.76933876236,0.9999858506655923
5,prefetch-hidden,4,200,1.0,frequency,5000,0;2;3;6,1,251738.33126859472,5000,256738.33126859472,251734.76933876236,0.9805110444353643
5,prefetch-hidden,4,200,1.0,frequency,20000,0;2;3;6,1,251738.33126859472,20000,271738.3312685947,251734.76933876236,0.9263866756064671
5,prefetch-hidden,4,200,1.0,residual,0,8;12;13;15,4,221391.93743432124,0,221391.93743432124,251734.76933876236,1.1370548189607976
5,prefetch-hidden,4,200,1.0,residual,5000,8;12;13;15,4,221391.93743432124,20000,241391.93743432124,251734.76933876236,1.0428466336298214
5,prefetch-hidden,4,200,1.0,residual,20000,8;12;13;15,4,221391.93743432124,80000,301391.93743432127,251734.76933876236,0.835240555808232
5,prefetch-hidden,4,200,1.0,oracle,0,8;9;10;14,4,216491.93743432124,0,216491.93743432124,251734.76933876236,1.1627905053745153
5,prefetch-hidden,4,200,1.0,oracle,5000,8;9;10;14,4,216491.93743432124,20000,236491.93743432124,251734.76933876236,1.0644539178367312
5,prefetch-hidden,4,200,1.0,oracle,20000,8;9;10;14,4,216491.93743432124,80000,296491.93743432127,251734.76933876236,0.8490442320865015
5,prefetch-hidden,4,300,0.01,frequency,0,0;4;7;11,3,314631.3410265974,0,314631.3410265974,328285.3540264785,1.0433968623574814
5,prefetch-hidden,4,300,0.01,frequency,5000,0;4;7;11,3,314631.3410265974,15000,329631.3410265974,328285.3540264785,0.9959166898513745
5,prefetch-hidden,4,300,0.01,frequency,20000,0;4;7;11,3,314631.3410265974,60000,374631.3410265974,328285.3540264785,0.8762890822932282
5,prefetch-hidden,4,300,0.01,residual,0,8;11;13;15,4,275758.6958940737,0,275758.6958940737,328285.3540264785,1.1904805139946764
5,prefetch-hidden,4,300,0.01,residual,5000,8;11;13;15,4,275758.6958940737,20000,295758.6958940737,328285.3540264785,1.109977013639708
5,prefetch-hidden,4,300,0.01,residual,20000,8;11;13;15,4,275758.6958940737,80000,355758.6958940737,328285.3540264785,0.9227753469284828
5,prefetch-hidden,4,300,0.01,oracle,0,8;9;10;14,4,268358.6958940737,0,268358.6958940737,328285.3540264785,1.2233080539192178
5,prefetch-hidden,4,300,0.01,oracle,5000,8;9;10;14,4,268358.6958940737,20000,288358.6958940737,328285.3540264785,1.1384617793772778
5,prefetch-hidden,4,300,0.01,oracle,20000,8;9;10;14,4,268358.6958940737,80000,348358.6958940737,328285.3540264785,0.942377376812494
5,prefetch-hidden,4,300,0.1,frequency,0,1;4;5;6,3,328394.87805224163,0,328394.87805224163,328285.3540264785,0.9996664868026787
5,prefetch-hidden,4,300,0.1,frequency,5000,1;4;5;6,3,328394.87805224163,15000,343394.87805224163,328285.3540264785,0.9559995649572138
5,prefetch-hidden,4,300,0.1,frequency,20000,1;4;5;6,3,328394.87805224163,60000,388394.87805224163,328285.3540264785,0.8452360537625884
5,prefetch-hidden,4,300,0.1,residual,0,8;10;11;15,4,272958.6958940737,0,272958.6958940737,328285.3540264785,1.2026924181740495
5,prefetch-hidden,4,300,0.1,residual,5000,8;10;11;15,4,272958.6958940737,20000,292958.6958940737,328285.3540264785,1.120585798023821
5,prefetch-hidden,4,300,0.1,residual,20000,8;10;11;15,4,272958.6958940737,80000,352958.6958940737,328285.3540264785,0.9300956679786693
5,prefetch-hidden,4,300,0.1,oracle,0,8;9;10;14,4,268358.6958940737,0,268358.6958940737,328285.3540264785,1.2233080539192178
5,prefetch-hidden,4,300,0.1,oracle,5000,8;9;10;14,4,268358.6958940737,20000,288358.6958940737,328285.3540264785,1.1384617793772778
5,prefetch-hidden,4,300,0.1,oracle,20000,8;9;10;14,4,268358.6958940737,80000,348358.6958940737,328285.3540264785,0.942377376812494
5,prefetch-hidden,4,300,1.0,frequency,0,0;2;3;6,1,328542.576071291,0,328542.576071291,328285.3540264785,0.9992170815487954
5,prefetch-hidden,4,300,1.0,frequency,5000,0;2;3;6,1,328542.576071291,5000,333542.576071291,328285.3540264785,0.9842382279745635
5,prefetch-hidden,4,300,1.0,frequency,20000,0;2;3;6,1,328542.576071291,20000,348542.576071291,328285.3540264785,0.9418802079414564
5,prefetch-hidden,4,300,1.0,residual,0,8;12;13;15,4,278158.6958940737,0,278158.6958940737,328285.3540264785,1.1802088479430233
5,prefetch-hidden,4,300,1.0,residual,5000,8;12;13;15,4,278158.6958940737,20000,298158.6958940737,328285.3540264785,1.1010423594792882
5,prefetch-hidden,4,300,1.0,residual,20000,8;12;13;15,4,278158.6958940737,80000,358158.6958940737,328285.3540264785,0.9165918845191733
5,prefetch-hidden,4,300,1.0,oracle,0,8;9;10;14,4,268358.6958940737,0,268358.6958940737,328285.3540264785,1.2233080539192178
5,prefetch-hidden,4,300,1.0,oracle,5000,8;9;10;14,4,268358.6958940737,20000,288358.6958940737,328285.3540264785,1.1384617793772778
5,prefetch-hidden,4,300,1.0,oracle,20000,8;9;10;14,4,268358.6958940737,80000,348358.6958940737,328285.3540264785,0.942377376812494
5,prefetch-hidden,4,400,0.01,frequency,0,0;4;7;11,3,398401.8074328615,0,398401.8074328615,415621.1089506498,1.0432209422661571
5,prefetch-hidden,4,400,0.01,frequency,5000,0;4;7;11,3,398401.8074328615,15000,413401.8074328615,415621.1089506498,1.0053683885214961
5,prefetch-hidden,4,400,0.01,frequency,20000,0;4;7;11,3,398401.8074328615,60000,458401.8074328615,415621.1089506498,0.9066742369062814
5,prefetch-hidden,4,400,0.01,residual,0,8;11;13;15,4,352600.60008311423,0,352600.60008311423,415621.1089506498,1.1787305774654964
5,prefetch-hidden,4,400,0.01,residual,5000,8;11;13;15,4,352600.60008311423,20000,372600.60008311423,415621.1089506498,1.1154601169669056
5,prefetch-hidden,4,400,0.01,residual,20000,8;11;13;15,4,352600.60008311423,80000,432600.60008311423,415621.1089506498,0.9607501905240025
5,prefetch-hidden,4,400,0.01,oracle,0,8;9;10;14,4,341500.60008311423,0,341500.60008311423,415621.1089506498,1.2170435684432066
5,prefetch-hidden,4,400,0.01,oracle,5000,8;9;10;14,4,341500.60008311423,20000,361500.60008311423,415621.1089506498,1.14971070270725
5,prefetch-hidden,4,400,0.01,oracle,20000,8;9;10;14,4,341500.60008311423,80000,421500.60008311423,415621.1089506498,0.9860510492006297
5,prefetch-hidden,4,400,0.1,frequency,0,1;4;5;6,3,415772.7161507278,0,415772.7161507278,415621.1089506498,0.9996353603923759
5,prefetch-hidden,4,400,0.1,frequency,5000,1;4;5;6,3,415772.7161507278,15000,430772.7161507278,415621.1089506498,0.9648269107303991
5,prefetch-hidden,4,400,0.1,frequency,20000,1;4;5;6,3,415772.7161507278,60000,475772.7161507278,415621.1089506498,0.8735707089579688
5,prefetch-hidden,4,400,0.1,residual,0,8;10;11;15,4,348400.60008311423,0,348400.60008311423,415621.1089506498,1.192940278666281
5,prefetch-hidden,4,400,0.1,residual,5000,8;10;11;15,4,348400.60008311423,20000,368400.60008311423,415621.1089506498,1.1281770682699275
5,prefetch-hidden,4,400,0.1,residual,20000,8;10;11;15,4,348400.60008311423,80000,428400.60008311423,415621.1089506498,0.9701692968450906
5,prefetch-hidden,4,400,0.1,oracle,0,8;9;10;14,4,341500.60008311423,0,341500.60008311423,415621.1089506498,1.2170435684432066
5,prefetch-hidden,4,400,0.1,oracle,5000,8;9;10;14,4,341500.60008311423,20000,361500.60008311423,415621.1089506498,1.14971070270725
5,prefetch-hidden,4,400,0.1,oracle,20000,8;9;10;14,4,341500.60008311423,80000,421500.60008311423,415621.1089506498,0.9860510492006297
5,prefetch-hidden,4,400,1.0,frequency,0,0;2;3;6,1,415993.605549045,0,415993.605549045,415621.1089506498,0.9991045617205976
5,prefetch-hidden,4,400,1.0,frequency,5000,0;2;3;6,1,415993.605549045,5000,420993.605549045,415621.1089506498,0.9872385315891233
5,prefetch-hidden,4,400,1.0,frequency,20000,0;2;3;6,1,415993.605549045,20000,435993.605549045,415621.1089506498,0.9532734050703789
5,prefetch-hidden,4,400,1.0,residual,0,8;12;13;15,4,356200.60008311423,0,356200.60008311423,415621.1089506498,1.1668175428499297
5,prefetch-hidden,4,400,1.0,residual,5000,8;12;13;15,4,356200.60008311423,20000,376200.60008311423,415621.1089506498,1.1047858745010677
5,prefetch-hidden,4,400,1.0,residual,20000,8;12;13;15,4,356200.60008311423,80000,436200.60008311423,415621.1089506498,0.9528210389244233
5,prefetch-hidden,4,400,1.0,oracle,0,8;9;10;14,4,341500.60008311423,0,341500.60008311423,415621.1089506498,1.2170435684432066
5,prefetch-hidden,4,400,1.0,oracle,5000,8;9;10;14,4,341500.60008311423,20000,361500.60008311423,415621.1089506498,1.14971070270725
5,prefetch-hidden,4,400,1.0,oracle,20000,8;9;10;14,4,341500.60008311423,80000,421500.60008311423,415621.1089506498,0.9860510492006297
5,prefetch-hidden,8,200,0.01,frequency,0,0;3;4;5;7;11;13;15,3,228228.57629042,0,228228.57629042,251400.0,1.1015272674710745
5,prefetch-hidden,8,200,0.01,frequency,5000,0;3;4;5;7;11;13;15,3,228228.57629042,15000,243228.57629042,251400.0,1.0335956565392348
5,prefetch-hidden,8,200,0.01,frequency,20000,0;3;4;5;7;11;13;15,3,228228.57629042,60000,288228.57629042,251400.0,0.8722244103467679
5,prefetch-hidden,8,200,0.01,residual,0,0;1;4;8;9;11;13;15,5,210204.0317390334,0,210204.0317390334,251400.0,1.195980866399894
5,prefetch-hidden,8,200,0.01,residual,5000,0;1;4;8;9;11;13;15,5,210204.0317390334,25000,235204.0317390334,251400.0,1.0688592289052958
5,prefetch-hidden,8,200,0.01,residual,20000,0;1;4;8;9;11;13;15,5,210204.0317390334,100000,310204.0317390334,251400.0,0.8104343408776076
5,prefetch-hidden,8,200,0.01,oracle,0,8;9;10;11;12;13;14;15,8,186291.93743432124,0,186291.93743432124,251400.0,1.3494947954397283
5,prefetch-hidden,8,200,0.01,oracle,5000,8;9;10;11;12;13;14;15,8,186291.93743432124,40000,226291.93743432124,251400.0,1.1109542958107648
5,prefetch-hidden,8,200,0.01,oracle,20000,8;9;10;11;12;13;14;15,8,186291.93743432124,160000,346291.93743432127,251400.0,0.7259770523755877
5,prefetch-hidden,8,200,0.1,frequency,0,0;1;2;3;4;5;6;7,0,251400.0,0,251400.0,251400.0,1.0
5,prefetch-hidden,8,200,0.1,frequency,5000,0;1;2;3;4;5;6;7,0,251400.0,0,251400.0,251400.0,1.0
5,prefetch-hidden,8,200,0.1,frequency,20000,0;1;2;3;4;5;6;7,0,251400.0,0,251400.0,251400.0,1.0
5,prefetch-hidden,8,200,0.1,residual,0,8;9;10;11;12;13;14;15,8,186291.93743432124,0,186291.93743432124,251400.0,1.3494947954397283
5,prefetch-hidden,8,200,0.1,residual,5000,8;9;10;11;12;13;14;15,8,186291.93743432124,40000,226291.93743432124,251400.0,1.1109542958107648
5,prefetch-hidden,8,200,0.1,residual,20000,8;9;10;11;12;13;14;15,8,186291.93743432124,160000,346291.93743432127,251400.0,0.7259770523755877
5,prefetch-hidden,8,200,0.1,oracle,0,8;9;10;11;12;13;14;15,8,186291.93743432124,0,186291.93743432124,251400.0,1.3494947954397283
5,prefetch-hidden,8,200,0.1,oracle,5000,8;9;10;11;12;13;14;15,8,186291.93743432124,40000,226291.93743432124,251400.0,1.1109542958107648
5,prefetch-hidden,8,200,0.1,oracle,20000,8;9;10;11;12;13;14;15,8,186291.93743432124,160000,346291.93743432127,251400.0,0.7259770523755877
5,prefetch-hidden,8,200,1.0,frequency,0,0;1;2;3;4;5;6;7,0,251400.0,0,251400.0,251400.0,1.0
5,prefetch-hidden,8,200,1.0,frequency,5000,0;1;2;3;4;5;6;7,0,251400.0,0,251400.0,251400.0,1.0
5,prefetch-hidden,8,200,1.0,frequency,20000,0;1;2;3;4;5;6;7,0,251400.0,0,251400.0,251400.0,1.0
5,prefetch-hidden,8,200,1.0,residual,0,8;9;10;11;12;13;14;15,8,186291.93743432124,0,186291.93743432124,251400.0,1.3494947954397283
5,prefetch-hidden,8,200,1.0,residual,5000,8;9;10;11;12;13;14;15,8,186291.93743432124,40000,226291.93743432124,251400.0,1.1109542958107648
5,prefetch-hidden,8,200,1.0,residual,20000,8;9;10;11;12;13;14;15,8,186291.93743432124,160000,346291.93743432127,251400.0,0.7259770523755877
5,prefetch-hidden,8,200,1.0,oracle,0,8;9;10;11;12;13;14;15,8,186291.93743432124,0,186291.93743432124,251400.0,1.3494947954397283
5,prefetch-hidden,8,200,1.0,oracle,5000,8;9;10;11;12;13;14;15,8,186291.93743432124,40000,226291.93743432124,251400.0,1.1109542958107648
5,prefetch-hidden,8,200,1.0,oracle,20000,8;9;10;11;12;13;14;15,8,186291.93743432124,160000,346291.93743432127,251400.0,0.7259770523755877
5,prefetch-hidden,8,300,0.01,frequency,0,0;3;4;5;7;11;13;15,3,278399.7140641853,0,278399.7140641853,317100.0,1.1390097905305043
5,prefetch-hidden,8,300,0.01,frequency,5000,0;3;4;5;7;11;13;15,3,278399.7140641853,15000,293399.7140641853,317100.0,1.0807781493973438
5,prefetch-hidden,8,300,0.01,frequency,20000,0;3;4;5;7;11;13;15,3,278399.7140641853,60000,338399.7140641853,317100.0,0.9370575293685227
5,prefetch-hidden,8,300,0.01,residual,0,0;4;7;8;9;11;13;15,5,247431.34102659742,0,247431.34102659742,317100.0,1.2815676408831072
5,prefetch-hidden,8,300,0.01,residual,5000,0;4;7;8;9;11;13;15,5,247431.34102659742,25000,272431.3410265974,317100.0,1.1639629963464504
5,prefetch-hidden,8,300,0.01,residual,20000,0;4;7;8;9;11;13;15,5,247431.34102659742,100000,347431.3410265974,317100.0,0.9126983163436732
5,prefetch-hidden,8,300,0.01,oracle,0,8;9;10;11;12;13;14;15,8,207958.69589407375,0,207958.69589407375,317100.0,1.5248220260119283
5,prefetch-hidden,8,300,0.01,oracle,5000,8;9;10;11;12;13;14;15,8,207958.69589407375,40000,247958.69589407375,317100.0,1.2788420218803818
5,prefetch-hidden,8,300,0.01,oracle,20000,8;9;10;11;12;13;14;15,8,207958.69589407375,160000,367958.69589407375,317100.0,0.8617815084638882
5,prefetch-hidden,8,300,0.1,frequency,0,0;1;2;3;4;5;6;7,0,317100.0,0,317100.0,317100.0,1.0
5,prefetch-hidden,8,300,0.1,frequency,5000,0;1;2;3;4;5;6;7,0,317100.0,0,317100.0,317100.0,1.0
5,prefetch-hidden,8,300,0.1,frequency,20000,0;1;2;3;4;5;6;7,0,317100.0,0,317100.0,317100.0,1.0
5,prefetch-hidden,8,300,0.1,residual,0,8;9;10;11;12;13;14;15,8,207958.69589407375,0,207958.69589407375,317100.0,1.5248220260119283
5,prefetch-hidden,8,300,0.1,residual,5000,8;9;10;11;12;13;14;15,8,207958.69589407375,40000,247958.69589407375,317100.0,1.2788420218803818
5,prefetch-hidden,8,300,0.1,residual,20000,8;9;10;11;12;13;14;15,8,207958.69589407375,160000,367958.69589407375,317100.0,0.8617815084638882
5,prefetch-hidden,8,300,0.1,oracle,0,8;9;10;11;12;13;14;15,8,207958.69589407375,0,207958.69589407375,317100.0,1.5248220260119283
5,prefetch-hidden,8,300,0.1,oracle,5000,8;9;10;11;12;13;14;15,8,207958.69589407375,40000,247958.69589407375,317100.0,1.2788420218803818
5,prefetch-hidden,8,300,0.1,oracle,20000,8;9;10;11;12;13;14;15,8,207958.69589407375,160000,367958.69589407375,317100.0,0.8617815084638882
5,prefetch-hidden,8,300,1.0,frequency,0,0;1;2;3;4;5;6;7,0,317100.0,0,317100.0,317100.0,1.0
5,prefetch-hidden,8,300,1.0,frequency,5000,0;1;2;3;4;5;6;7,0,317100.0,0,317100.0,317100.0,1.0
5,prefetch-hidden,8,300,1.0,frequency,20000,0;1;2;3;4;5;6;7,0,317100.0,0,317100.0,317100.0,1.0
5,prefetch-hidden,8,300,1.0,residual,0,8;9;10;11;12;13;14;15,8,207958.69589407375,0,207958.69589407375,317100.0,1.5248220260119283
5,prefetch-hidden,8,300,1.0,residual,5000,8;9;10;11;12;13;14;15,8,207958.69589407375,40000,247958.69589407375,317100.0,1.2788420218803818
5,prefetch-hidden,8,300,1.0,residual,20000,8;9;10;11;12;13;14;15,8,207958.69589407375,160000,367958.69589407375,317100.0,0.8617815084638882
5,prefetch-hidden,8,300,1.0,oracle,0,8;9;10;11;12;13;14;15,8,207958.69589407375,0,207958.69589407375,317100.0,1.5248220260119283
5,prefetch-hidden,8,300,1.0,oracle,5000,8;9;10;11;12;13;14;15,8,207958.69589407375,40000,247958.69589407375,317100.0,1.2788420218803818
5,prefetch-hidden,8,300,1.0,oracle,20000,8;9;10;11;12;13;14;15,8,207958.69589407375,160000,367958.69589407375,317100.0,0.8617815084638882
5,prefetch-hidden,8,400,0.01,frequency,0,0;3;4;5;7;11;13;15,3,336333.4433693465,0,336333.4433693465,382800.0,1.1381562183205967
5,prefetch-hidden,8,400,0.01,frequency,5000,0;3;4;5;7;11;13;15,3,336333.4433693465,15000,351333.4433693465,382800.0,1.0895632261161476
5,prefetch-hidden,8,400,0.01,frequency,20000,0;3;4;5;7;11;13;15,3,336333.4433693465,60000,396333.4433693465,382800.0,0.9658533903818595
5,prefetch-hidden,8,400,0.01,residual,0,0;4;7;8;9;11;13;15,5,297601.8074328614,0,297601.8074328614,382800.0,1.2862825105198972
5,prefetch-hidden,8,400,0.01,residual,5000,0;4;7;8;9;11;13;15,5,297601.8074328614,25000,322601.8074328614,382800.0,1.186602155289123
5,prefetch-hidden,8,400,0.01,residual,20000,0;4;7;8;9;11;13;15,5,297601.8074328614,100000,397601.8074328614,382800.0,0.9627722833343487
5,prefetch-hidden,8,400,0.01,oracle,0,8;9;10;11;12;13;14;15,8,250900.60008311423,0,250900.60008311423,382800.0,1.5257038041088475
5,prefetch-hidden,8,400,0.01,oracle,5000,8;9;10;11;12;13;14;15,8,250900.60008311423,40000,290900.60008311423,382800.0,1.3159134078466284
5,prefetch-hidden,8,400,0.01,oracle,20000,8;9;10;11;12;13;14;15,8,250900.60008311423,160000,410900.60008311423,382800.0,0.9316121707356226
5,prefetch-hidden,8,400,0.1,frequency,0,0;1;2;3;4;5;6;7,0,382800.0,0,382800.0,382800.0,1.0
5,prefetch-hidden,8,400,0.1,frequency,5000,0;1;2;3;4;5;6;7,0,382800.0,0,382800.0,382800.0,1.0
5,prefetch-hidden,8,400,0.1,frequency,20000,0;1;2;3;4;5;6;7,0,382800.0,0,382800.0,382800.0,1.0
5,prefetch-hidden,8,400,0.1,residual,0,8;9;10;11;12;13;14;15,8,250900.60008311423,0,250900.60008311423,382800.0,1.5257038041088475
5,prefetch-hidden,8,400,0.1,residual,5000,8;9;10;11;12;13;14;15,8,250900.60008311423,40000,290900.60008311423,382800.0,1.3159134078466284
5,prefetch-hidden,8,400,0.1,residual,20000,8;9;10;11;12;13;14;15,8,250900.60008311423,160000,410900.60008311423,382800.0,0.9316121707356226
5,prefetch-hidden,8,400,0.1,oracle,0,8;9;10;11;12;13;14;15,8,250900.60008311423,0,250900.60008311423,382800.0,1.5257038041088475
5,prefetch-hidden,8,400,0.1,oracle,5000,8;9;10;11;12;13;14;15,8,250900.60008311423,40000,290900.60008311423,382800.0,1.3159134078466284
5,prefetch-hidden,8,400,0.1,oracle,20000,8;9;10;11;12;13;14;15,8,250900.60008311423,160000,410900.60008311423,382800.0,0.9316121707356226
5,prefetch-hidden,8,400,1.0,frequency,0,0;1;2;3;4;5;6;7,0,382800.0,0,382800.0,382800.0,1.0
5,prefetch-hidden,8,400,1.0,frequency,5000,0;1;2;3;4;5;6;7,0,382800.0,0,382800.0,382800.0,1.0
5,prefetch-hidden,8,400,1.0,frequency,20000,0;1;2;3;4;5;6;7,0,382800.0,0,382800.0,382800.0,1.0
5,prefetch-hidden,8,400,1.0,residual,0,8;9;10;11;12;13;14;15,8,250900.60008311423,0,250900.60008311423,382800.0,1.5257038041088475
5,prefetch-hidden,8,400,1.0,residual,5000,8;9;10;11;12;13;14;15,8,250900.60008311423,40000,290900.60008311423,382800.0,1.3159134078466284
5,prefetch-hidden,8,400,1.0,residual,20000,8;9;10;11;12;13;14;15,8,250900.60008311423,160000,410900.60008311423,382800.0,0.9316121707356226
5,prefetch-hidden,8,400,1.0,oracle,0,8;9;10;11;12;13;14;15,8,250900.60008311423,0,250900.60008311423,382800.0,1.5257038041088475
5,prefetch-hidden,8,400,1.0,oracle,5000,8;9;10;11;12;13;14;15,8,250900.60008311423,40000,290900.60008311423,382800.0,1.3159134078466284
5,prefetch-hidden,8,400,1.0,oracle,20000,8;9;10;11;12;13;14;15,8,250900.60008311423,160000,410900.60008311423,382800.0,0.9316121707356226
5,phase-reversal,2,200,0.01,frequency,0,0;7,1,424143.14254316787,0,424143.14254316787,423443.14254316787,0.9983496137747205
5,phase-reversal,2,200,0.01,frequency,5000,0;7,1,424143.14254316787,5000,429143.14254316787,423443.14254316787,0.9867177185537186
5,phase-reversal,2,200,0.01,frequency,20000,0;7,1,424143.14254316787,20000,444143.14254316787,423443.14254316787,0.9533934040240459
5,phase-reversal,2,200,0.01,residual,0,11;13,2,468973.9625875417,0,468973.9625875417,423443.14254316787,0.9029139703339611
5,phase-reversal,2,200,0.01,residual,5000,11;13,2,468973.9625875417,10000,478973.9625875417,423443.14254316787,0.8840629671300253
5,phase-reversal,2,200,0.01,residual,20000,11;13,2,468973.9625875417,40000,508973.9625875417,423443.14254316787,0.8319544292412347
5,phase-reversal,2,200,0.01,oracle,0,0;1,0,423443.14254316787,0,423443.14254316787,423443.14254316787,1.0
5,phase-reversal,2,200,0.01,oracle,5000,0;1,0,423443.14254316787,0,423443.14254316787,423443.14254316787,1.0
5,phase-reversal,2,200,0.01,oracle,20000,0;1,0,423443.14254316787,0,423443.14254316787,423443.14254316787,1.0
5,phase-reversal,2,200,0.1,frequency,0,4;5,2,425543.14254316787,0,425543.14254316787,423443.14254316787,0.9950651302064233
5,phase-reversal,2,200,0.1,frequency,5000,4;5,2,425543.14254316787,10000,435543.14254316787,423443.14254316787,0.9722185960055594
5,phase-reversal,2,200,0.1,frequency,20000,4;5,2,425543.14254316787,40000,465543.14254316787,423443.14254316787,0.9095679945578916
5,phase-reversal,2,200,0.1,residual,0,8;10,2,469001.57728700875,0,469001.57728700875,423443.14254316787,0.9028608069777107
5,phase-reversal,2,200,0.1,residual,5000,8;10,2,469001.57728700875,10000,479001.57728700875,423443.14254316787,0.8840120004228059
5,phase-reversal,2,200,0.1,residual,20000,8;10,2,469001.57728700875,40000,509001.57728700875,423443.14254316787,0.8319092934841784
5,phase-reversal,2,200,0.1,oracle,0,0;1,0,423443.14254316787,0,423443.14254316787,423443.14254316787,1.0
5,phase-reversal,2,200,0.1,oracle,5000,0;1,0,423443.14254316787,0,423443.14254316787,423443.14254316787,1.0
5,phase-reversal,2,200,0.1,oracle,20000,0;1,0,423443.14254316787,0,423443.14254316787,423443.14254316787,1.0
5,phase-reversal,2,200,1.0,frequency,0,0;3,1,425843.14254316787,0,425843.14254316787,423443.14254316787,0.9943641219965008
5,phase-reversal,2,200,1.0,frequency,5000,0;3,1,425843.14254316787,5000,430843.14254316787,423443.14254316787,0.9828243755805894
5,phase-reversal,2,200,1.0,frequency,20000,0;3,1,425843.14254316787,20000,445843.14254316787,423443.14254316787,0.9497581147660443
5,phase-reversal,2,200,1.0,residual,0,13;15,2,468965.8955050745,0,468965.8955050745,423443.14254316787,0.9029295021274867
5,phase-reversal,2,200,1.0,residual,5000,13;15,2,468965.8955050745,10000,478965.8955050745,423443.14254316787,0.8840778571439678
5,phase-reversal,2,200,1.0,residual,20000,13;15,2,468965.8955050745,40000,508965.8955050745,423443.14254316787,0.8319676156748425
5,phase-reversal,2,200,1.0,oracle,0,0;1,0,423443.14254316787,0,423443.14254316787,423443.14254316787,1.0
5,phase-reversal,2,200,1.0,oracle,5000,0;1,0,423443.14254316787,0,423443.14254316787,423443.14254316787,1.0
5,phase-reversal,2,200,1.0,oracle,20000,0;1,0,423443.14254316787,0,423443.14254316787,423443.14254316787,1.0
5,phase-reversal,2,300,0.01,frequency,0,0;7,1,561796.1767326737,0,561796.1767326737,560396.1767326737,0.9975079930088842
5,phase-reversal,2,300,0.01,frequency,5000,0;7,1,561796.1767326737,5000,566796.1767326737,560396.1767326737,0.988708463001827
5,phase-reversal,2,300,0.01,frequency,20000,0;7,1,561796.1767326737,20000,581796.1767326737,560396.1767326737,0.9632173588348742
5,phase-reversal,2,300,0.01,residual,0,11;13,2,649486.3781247752,0,649486.3781247752,560396.1767326737,0.8628297614965742
5,phase-reversal,2,300,0.01,residual,5000,11;13,2,649486.3781247752,10000,659486.3781247752,560396.1767326737,0.8497464016256698
5,phase-reversal,2,300,0.01,residual,20000,11;13,2,649486.3781247752,40000,689486.3781247752,560396.1767326737,0.8127733839453165
5,phase-reversal,2,300,0.01,oracle,0,0;1,0,560396.1767326737,0,560396.1767326737,560396.1767326737,1.0
5,phase-reversal,2,300,0.01,oracle,5000,0;1,0,560396.1767326737,0,560396.1767326737,560396.1767326737,1.0
5,phase-reversal,2,300,0.01,oracle,20000,0;1,0,560396.1767326737,0,560396.1767326737,560396.1767326737,1.0
5,phase-reversal,2,300,0.1,frequency,0,4;5,2,564596.1767326737,0,564596.1767326737,560396.1767326737,0.9925610548333759
5,phase-reversal,2,300,0.1,frequency,5000,4;5,2,564596.1767326737,10000,574596.1767326737,560396.1767326737,0.9752869918474825
5,phase-reversal,2,300,0.1,frequency,20000,4;5,2,564596.1767326737,40000,604596.1767326737,560396.1767326737,0.9268933517924919
5,phase-reversal,2,300,0.1,residual,0,8;10,2,649448.6660085293,0,649448.6660085293,560396.1767326737,0.8628798642036382
5,phase-reversal,2,300,0.1,residual,5000,8;10,2,649448.6660085293,10000,659448.6660085293,560396.1767326737,0.8497949963635616
5,phase-reversal,2,300,0.1,residual,20000,8;10,2,649448.6660085293,40000,689448.6660085293,560396.1767326737,0.8128178417938093
5,phase-reversal,2,300,0.1,oracle,0,0;1,0,560396.1767326737,0,560396.1767326737,560396.1767326737,1.0
5,phase-reversal,2,300,0.1,oracle,5000,0;1,0,560396.1767326737,0,560396.1767326737,560396.1767326737,1.0
5,phase-reversal,2,300,0.1,oracle,20000,0;1,0,560396.1767326737,0,560396.1767326737,560396.1767326737,1.0
5,phase-reversal,2,300,1.0,frequency,0,0;3,1,565196.1767326737,0,565196.1767326737,560396.1767326737,0.991507373549927
5,phase-reversal,2,300,1.0,frequency,5000,0;3,1,565196.1767326737,5000,570196.1767326737,560396.1767326737,0.9828129328117284
5,phase-reversal,2,300,1.0,frequency,20000,0;3,1,565196.1767326737,20000,585196.1767326737,560396.1767326737,0.9576210491694155
5,phase-reversal,2,300,1.0,residual,0,13;15,2,649458.214117312,0,649458.214117312,560396.1767326737,0.8628671784439838
5,phase-reversal,2,300,1.0,residual,5000,13;15,2,649458.214117312,10000,659458.214117312,560396.1767326737,0.849782692422395
5,phase-reversal,2,300,1.0,residual,20000,13;15,2,649458.214117312,40000,689458.214117312,560396.1767326737,0.812806585312974
5,phase-reversal,2,300,1.0,oracle,0,0;1,0,560396.1767326737,0,560396.1767326737,560396.1767326737,1.0
5,phase-reversal,2,300,1.0,oracle,5000,0;1,0,560396.1767326737,0,560396.1767326737,560396.1767326737,1.0
5,phase-reversal,2,300,1.0,oracle,20000,0;1,0,560396.1767326737,0,560396.1767326737,560396.1767326737,1.0
5,phase-reversal,2,400,0.01,frequency,0,0;7,1,707486.2578644363,0,707486.2578644363,705386.2578644363,0.9970317444661909
5,phase-reversal,2,400,0.01,frequency,5000,0;7,1,707486.2578644363,5000,712486.2578644363,705386.2578644363,0.9900348955202574
5,phase-reversal,2,400,0.01,frequency,20000,0;7,1,707486.2578644363,20000,727486.2578644363,705386.2578644363,0.9696214192899322
5,phase-reversal,2,400,0.01,residual,0,11;13,2,836107.4932644325,0,836107.4932644325,705386.2578644363,0.843654988798607
5,phase-reversal,2,400,0.01,residual,5000,11;13,2,836107.4932644325,10000,846107.4932644325,705386.2578644363,0.8336839745301524
5,phase-reversal,2,400,0.01,residual,20000,11;13,2,836107.4932644325,40000,876107.4932644325,705386.2578644363,0.805136656503327
5,phase-reversal,2,400,0.01,oracle,0,0;1,0,705386.2578644363,0,705386.2578644363,705386.2578644363,1.0
5,phase-reversal,2,400,0.01,oracle,5000,0;1,0,705386.2578644363,0,705386.2578644363,705386.2578644363,1.0
5,phase-reversal,2,400,0.01,oracle,20000,0;1,0,705386.2578644363,0,705386.2578644363,705386.2578644363,1.0
5,phase-reversal,2,400,0.1,frequency,0,4;5,2,711686.2578644363,0,711686.2578644363,705386.2578644363,0.9911477846728354
5,phase-reversal,2,400,0.1,frequency,5000,4;5,2,711686.2578644363,10000,721686.2578644363,705386.2578644363,0.977414008064621
5,phase-reversal,2,400,0.1,frequency,20000,4;5,2,711686.2578644363,40000,751686.2578644363,705386.2578644363,0.9384051530600815
5,phase-reversal,2,400,0.1,residual,0,8;10,2,836062.2074633026,0,836062.2074633026,705386.2578644363,0.843700685867203
5,phase-reversal,2,400,0.1,residual,5000,8;10,2,836062.2074633026,10000,846062.2074633026,705386.2578644363,0.8337285977816612
5,phase-reversal,2,400,0.1,residual,20000,8;10,2,836062.2074633026,40000,876062.2074633026,705386.2578644363,0.8051782759890189
5,phase-reversal,2,400,0.1,oracle,0,0;1,0,705386.2578644363,0,705386.2578644363,705386.2578644363,1.0
5,phase-reversal,2,400,0.1,oracle,5000,0;1,0,705386.2578644363,0,705386.2578644363,705386.2578644363,1.0
5,phase-reversal,2,400,0.1,oracle,20000,0;1,0,705386.2578644363,0,705386.2578644363,705386.2578644363,1.0
5,phase-reversal,2,400,1.0,frequency,0,0;3,1,712586.2578644363,0,712586.2578644363,705386.2578644363,0.9898959600742543
5,phase-reversal,2,400,1.0,frequency,5000,0;3,1,712586.2578644363,5000,717586.2578644363,705386.2578644363,0.9829985595929503
5,phase-reversal,2,400,1.0,frequency,20000,0;3,1,712586.2578644363,20000,732586.2578644363,705386.2578644363,0.9628712664099232
5,phase-reversal,2,400,1.0,residual,0,13;15,2,836145.4069927222,0,836145.4069927222,705386.2578644363,0.843616734559873
5,phase-reversal,2,400,1.0,residual,5000,13;15,2,836145.4069927222,10000,846145.4069927222,705386.2578644363,0.8336466191684988
5,phase-reversal,2,400,1.0,residual,20000,13;15,2,836145.4069927222,40000,876145.4069927222,705386.2578644363,0.8051018155600462
5,phase-reversal,2,400,1.0,oracle,0,0;1,0,705386.2578644363,0,705386.2578644363,705386.2578644363,1.0
5,phase-reversal,2,400,1.0,oracle,5000,0;1,0,705386.2578644363,0,705386.2578644363,705386.2578644363,1.0
5,phase-reversal,2,400,1.0,oracle,20000,0;1,0,705386.2578644363,0,705386.2578644363,705386.2578644363,1.0
5,phase-reversal,4,200,0.01,frequency,0,0;4;7;11,3,401718.62006799586,0,401718.62006799586,380743.14254316787,0.9477856477718717
5,phase-reversal,4,200,0.01,frequency,5000,0;4;7;11,3,401718.62006799586,15000,416718.62006799586,380743.14254316787,0.9136696183171323
5,phase-reversal,4,200,0.01,frequency,20000,0;4;7;11,3,401718.62006799586,60000,461718.62006799586,380743.14254316787,0.82462158984859
5,phase-reversal,4,200,0.01,residual,0,8;11;13;15,4,468913.2423754285,0,468913.2423754285,380743.14254316787,0.8119692688020346
5,phase-reversal,4,200,0.01,residual,5000,8;11;13;15,4,468913.2423754285,20000,488913.2423754285,380743.14254316787,0.7787539987530169
5,phase-reversal,4,200,0.01,residual,20000,8;11;13;15,4,468913.2423754285,80000,548913.2423754286,380743.14254316787,0.6936308202285254
5,phase-reversal,4,200,0.01,oracle,0,0;1;2;4,1,378643.14254316787,0,378643.14254316787,380743.14254316787,1.0055461191925867
5,phase-reversal,4,200,0.01,oracle,5000,0;1;2;4,1,378643.14254316787,5000,383643.14254316787,380743.14254316787,0.9924408918643093
5,phase-reversal,4,200,0.01,oracle,20000,0;1;2;4,1,378643.14254316787,20000,398643.14254316787,380743.14254316787,0.9550976848973097
5,phase-reversal,4,200,0.1,frequency,0,1;4;5;6,3,382243.14254316787,0,382243.14254316787,380743.14254316787,0.9960757961803577
5,phase-reversal,4,200,0.1,frequency,5000,1;4;5;6,3,382243.14254316787,15000,397243.14254316787,380743.14254316787,0.9584637260334659
5,phase-reversal,4,200,0.1,frequency,20000,1;4;5;6,3,382243.14254316787,60000,442243.14254316787,380743.14254316787,0.8609362269670537
5,phase-reversal,4,200,0.1,residual,0,8;10;11;15,4,468944.46525419754,0,468944.46525419754,380743.14254316787,0.8119152069249416
5,phase-reversal,4,200,0.1,residual,5000,8;10;11;15,4,468944.46525419754,20000,488944.46525419754,380743.14254316787,0.7787042692981976
5,phase-reversal,4,200,0.1,residual,20000,8;10;11;15,4,468944.46525419754,80000,548944.4652541976,380743.14254316787,0.6935913678751795
5,phase-reversal,4,200,0.1,oracle,0,0;1;2;4,1,378643.14254316787,0,378643.14254316787,380743.14254316787,1.0055461191925867
5,phase-reversal,4,200,0.1,oracle,5000,0;1;2;4,1,378643.14254316787,5000,383643.14254316787,380743.14254316787,0.9924408918643093
5,phase-reversal,4,200,0.1,oracle,20000,0;1;2;4,1,378643.14254316787,20000,398643.14254316787,380743.14254316787,0.9550976848973097
5,phase-reversal,4,200,1.0,frequency,0,0;2;3;6,1,382843.14254316787,0,382843.14254316787,380743.14254316787,0.9945147247876767
5,phase-reversal,4,200,1.0,frequency,5000,0;2;3;6,1,382843.14254316787,5000,387843.14254316787,380743.14254316787,0.9816936301788299
5,phase-reversal,4,200,1.0,frequency,20000,0;2;3;6,1,382843.14254316787,20000,402843.14254316787,380743.14254316787,0.9451399374444315
5,phase-reversal,4,200,1.0,residual,0,8;12;13;15,4,468901.66937803477,0,468901.66937803477,380743.14254316787,0.8119893090766706
5,phase-reversal,4,200,1.0,residual,5000,8;12;13;15,4,468901.66937803477,20000,488901.66937803477,380743.14254316787,0.7787724329670161
5,phase-reversal,4,200,1.0,residual,20000,8;12;13;15,4,468901.66937803477,80000,548901.6693780348,380743.14254316787,0.6936454446833642
5,phase-reversal,4,200,1.0,oracle,0,0;1;2;4,1,378643.14254316787,0,378643.14254316787,380743.14254316787,1.0055461191925867
5,phase-reversal,4,200,1.0,oracle,5000,0;1;2;4,1,378643.14254316787,5000,383643.14254316787,380743.14254316787,0.9924408918643093
5,phase-reversal,4,200,1.0,oracle,20000,0;1;2;4,1,378643.14254316787,20000,398643.14254316787,380743.14254316787,0.9550976848973097
5,phase-reversal,4,300,0.01,frequency,0,0;4;7;11,3,515934.13511880516,0,515934.13511880516,474996.17673267366,0.9206527430546835
5,phase-reversal,4,300,0.01,frequency,5000,0;4;7;11,3,515934.13511880516,15000,530934.1351188051,474996.17673267366,0.8946423771121546
5,phase-reversal,4,300,0.01,frequency,20000,0;4;7;11,3,515934.13511880516,60000,575934.1351188051,474996.17673267366,0.824740448201929
5,phase-reversal,4,300,0.01,residual,0,8;11;13;15,4,647184.6772729171,0,647184.6772729171,474996.17673267366,0.7339422477277969
5,phase-reversal,4,300,0.01,residual,5000,8;11;13;15,4,647184.6772729171,20000,667184.6772729171,474996.17673267366,0.7119410755567649
5,phase-reversal,4,300,0.01,residual,20000,8;11;13;15,4,647184.6772729171,80000,727184.6772729171,474996.17673267366,0.6531988249724967
5,phase-reversal,4,300,0.01,oracle,0,0;1;2;4,1,470796.17673267366,0,470796.17673267366,474996.17673267366,1.0089210580025267
5,phase-reversal,4,300,0.01,oracle,5000,0;1;2;4,1,470796.17673267366,5000,475796.17673267366,474996.17673267366,0.9983186077586969
5,phase-reversal,4,300,0.01,oracle,20000,0;1;2;4,1,470796.17673267366,20000,490796.17673267366,474996.17673267366,0.9678074101856626
5,phase-reversal,4,300,0.1,frequency,0,1;4;5;6,3,477996.17673267366,0,477996.17673267366,474996.17673267366,0.9937237991723984
5,phase-reversal,4,300,0.1,frequency,5000,1;4;5;6,3,477996.17673267366,15000,492996.17673267366,474996.17673267366,0.9634885606633001
5,phase-reversal,4,300,0.1,frequency,20000,1;4;5;6,3,477996.17673267366,60000,537996.1767326737,474996.17673267366,0.8828987960795412
5,phase-reversal,4,300,0.1,residual,0,8;10;11;15,4,647296.418773329,0,647296.418773329,474996.17673267366,0.7338155487293193
5,phase-reversal,4,300,0.1,residual,5000,8;10;11;15,4,647296.418773329,20000,667296.418773329,474996.17673267366,0.7118218581269249
5,phase-reversal,4,300,0.1,residual,20000,8;10;11;15,4,647296.418773329,80000,727296.418773329,474996.17673267366,0.653098467793655
5,phase-reversal,4,300,0.1,oracle,0,0;1;2;4,1,470796.17673267366,0,470796.17673267366,474996.17673267366,1.0089210580025267
5,phase-reversal,4,300,0.1,oracle,5000,0;1;2;4,1,470796.17673267366,5000,475796.17673267366,474996.17673267366,0.9983186077586969
5,phase-reversal,4,300,0.1,oracle,20000,0;1;2;4,1,470796.17673267366,20000,490796.17673267366,474996.17673267366,0.9678074101856626
5,phase-reversal,4,300,1.0,frequency,0,0;2;3;6,1,479196.17673267366,0,479196.17673267366,474996.17673267366,0.9912353223921003
5,phase-reversal,4,300,1.0,frequency,5000,0;2;3;6,1,479196.17673267366,5000,484196.17673267366,474996.17673267366,0.9809994369181495
5,phase-reversal,4,300,1.0,frequency,20000,0;2;3;6,1,479196.17673267366,20000,499196.17673267366,474996.17673267366,0.9515220646151714
5,phase-reversal,4,300,1.0,residual,0,8;12;13;15,4,647300.179539616,0,647300.179539616,474996.17673267366,0.7338112853151202
5,phase-reversal,4,300,1.0,residual,5000,8;12;13;15,4,647300.179539616,20000,667300.179539616,474996.17673267366,0.711817846445633
5,phase-reversal,4,300,1.0,residual,20000,8;12;13;15,4,647300.179539616,80000,727300.179539616,474996.17673267366,0.653095090713917
5,phase-reversal,4,300,1.0,oracle,0,0;1;2;4,1,470796.17673267366,0,470796.17673267366,474996.17673267366,1.0089210580025267
5,phase-reversal,4,300,1.0,oracle,5000,0;1;2;4,1,470796.17673267366,5000,475796.17673267366,474996.17673267366,0.9983186077586969
5,phase-reversal,4,300,1.0,oracle,20000,0;1;2;4,1,470796.17673267366,20000,490796.17673267366,474996.17673267366,0.9678074101856626
5,phase-reversal,4,400,0.01,frequency,0,0;4;7;11,3,637171.267640739,0,637171.267640739,577286.2578644363,0.906014265209981
5,phase-reversal,4,400,0.01,frequency,5000,0;4;7;11,3,637171.267640739,15000,652171.267640739,577286.2578644363,0.8851758525836275
5,phase-reversal,4,400,0.01,frequency,20000,0;4;7;11,3,637171.267640739,60000,697171.267640739,577286.2578644363,0.8280408052643946
5,phase-reversal,4,400,0.01,residual,0,8;11;13;15,4,829900.816986777,0,829900.816986777,577286.2578644363,0.6956087354636672
5,phase-reversal,4,400,0.01,residual,5000,8;11;13;15,4,829900.816986777,20000,849900.816986777,577286.2578644363,0.6792395610480014
5,phase-reversal,4,400,0.01,residual,20000,8;11;13;15,4,829900.816986777,80000,909900.816986777,577286.2578644363,0.6344496532887777
5,phase-reversal,4,400,0.01,oracle,0,0;1;2;4,1,570986.2578644363,0,570986.2578644363,577286.2578644363,1.0110335404980897
5,phase-reversal,4,400,0.01,oracle,5000,0;1;2;4,1,570986.2578644363,5000,575986.2578644363,577286.2578644363,1.0022569982916258
5,phase-reversal,4,400,0.01,oracle,20000,0;1;2;4,1,570986.2578644363,20000,590986.2578644363,577286.2578644363,0.976818411904355
5,phase-reversal,4,400,0.1,frequency,0,1;4;5;6,3,581786.2578644363,0,581786.2578644363,577286.2578644363,0.992265200597006
5,phase-reversal,4,400,0.1,frequency,5000,1;4;5;6,3,581786.2578644363,15000,596786.2578644363,577286.2578644363,0.96732498487854
5,phase-reversal,4,400,0.1,frequency,20000,1;4;5;6,3,581786.2578644363,60000,641786.2578644363,577286.2578644363,0.8994992503974364
5,phase-reversal,4,400,0.1,residual,0,8;10;11;15,4,829870.1407441976,0,829870.1407441976,577286.2578644363,0.6956344487183823
5,phase-reversal,4,400,0.1,residual,5000,8;10;11;15,4,829870.1407441976,20000,849870.1407441976,577286.2578644363,0.679264078343698
5,phase-reversal,4,400,0.1,residual,20000,8;10;11;15,4,829870.1407441976,80000,909870.1407441976,577286.2578644363,0.6344710437384662
5,phase-reversal,4,400,0.1,oracle,0,0;1;2;4,1,570986.2578644363,0,570986.2578644363,577286.2578644363,1.0110335404980897
5,phase-reversal,4,400,0.1,oracle,5000,0;1;2;4,1,570986.2578644363,5000,575986.2578644363,577286.2578644363,1.0022569982916258
5,phase-reversal,4,400,0.1,oracle,20000,0;1;2;4,1,570986.2578644363,20000,590986.2578644363,577286.2578644363,0.976818411904355
5,phase-reversal,4,400,1.0,frequency,0,0;2;3;6,1,583586.2578644363,0,583586.2578644363,577286.2578644363,0.9892046806875575
5,phase-reversal,4,400,1.0,frequency,5000,0;2;3;6,1,583586.2578644363,5000,588586.2578644363,577286.2578644363,0.9808014545888317
5,phase-reversal,4,400,1.0,frequency,20000,0;2;3;6,1,583586.2578644363,20000,603586.2578644363,577286.2578644363,0.9564271060559717
5,phase-reversal,4,400,1.0,residual,0,8;12;13;15,4,830157.609598267,0,830157.609598267,577286.2578644363,0.6953935628486243
5,phase-reversal,4,400,1.0,residual,5000,8;12;13;15,4,830157.609598267,20000,850157.609598267,577286.2578644363,0.679034394736791
5,phase-reversal,4,400,1.0,residual,20000,8;12;13;15,4,830157.609598267,80000,910157.609598267,577286.2578644363,0.6342706491453098
5,phase-reversal,4,400,1.0,oracle,0,0;1;2;4,1,570986.2578644363,0,570986.2578644363,577286.2578644363,1.0110335404980897
5,phase-reversal,4,400,1.0,oracle,5000,0;1;2;4,1,570986.2578644363,5000,575986.2578644363,577286.2578644363,1.0022569982916258
5,phase-reversal,4,400,1.0,oracle,20000,0;1;2;4,1,570986.2578644363,20000,590986.2578644363,577286.2578644363,0.976818411904355
5,phase-reversal,8,200,0.01,frequency,0,0;3;4;5;7;11;13;15,3,360241.37302990246,0,360241.37302990246,294643.14254316787,0.8179047844088427
5,phase-reversal,8,200,0.01,frequency,5000,0;3;4;5;7;11;13;15,3,360241.37302990246,15000,375241.37302990246,294643.14254316787,0.7852096376368609
5,phase-reversal,8,200,0.01,frequency,20000,0;3;4;5;7;11;13;15,3,360241.37302990246,60000,420241.37302990246,294643.14254316787,0.7011283549233084
5,phase-reversal,8,200,0.01,residual,0,0;1;4;8;9;11;13;15,5,400878.3825696974,0,400878.3825696974,294643.14254316787,0.7349938419090002
5,phase-reversal,8,200,0.01,residual,5000,0;1;4;8;9;11;13;15,5,400878.3825696974,25000,425878.3825696974,294643.14254316787,0.691848082932333
5,phase-reversal,8,200,0.01,residual,20000,0;1;4;8;9;11;13;15,5,400878.3825696974,100000,500878.3825696974,294643.14254316787,0.5882528629635322
5,phase-reversal,8,200,0.01,oracle,0,0;1;2;3;4;5;6;7,0,294643.14254316787,0,294643.14254316787,294643.14254316787,1.0
5,phase-reversal,8,200,0.01,oracle,5000,0;1;2;3;4;5;6;7,0,294643.14254316787,0,294643.14254316787,294643.14254316787,1.0
5,phase-reversal,8,200,0.01,oracle,20000,0;1;2;3;4;5;6;7,0,294643.14254316787,0,294643.14254316787,294643.14254316787,1.0
5,phase-reversal,8,200,0.1,frequency,0,0;1;2;3;4;5;6;7,0,294643.14254316787,0,294643.14254316787,294643.14254316787,1.0
5,phase-reversal,8,200,0.1,frequency,5000,0;1;2;3;4;5;6;7,0,294643.14254316787,0,294643.14254316787,294643.14254316787,1.0
5,phase-reversal,8,200,0.1,frequency,20000,0;1;2;3;4;5;6;7,0,294643.14254316787,0,294643.14254316787,294643.14254316787,1.0
5,phase-reversal,8,200,0.1,residual,0,8;9;10;11;12;13;14;15,8,468800.0,0,468800.0,294643.14254316787,0.6285049968924229
5,phase-reversal,8,200,0.1,residual,5000,8;9;10;11;12;13;14;15,8,468800.0,40000,508800.0,294643.14254316787,0.5790942266964777
5,phase-reversal,8,200,0.1,residual,20000,8;9;10;11;12;13;14;15,8,468800.0,160000,628800.0,294643.14254316787,0.4685800612963866
5,phase-reversal,8,200,0.1,oracle,0,0;1;2;3;4;5;6;7,0,294643.14254316787,0,294643.14254316787,294643.14254316787,1.0
5,phase-reversal,8,200,0.1,oracle,5000,0;1;2;3;4;5;6;7,0,294643.14254316787,0,294643.14254316787,294643.14254316787,1.0
5,phase-reversal,8,200,0.1,oracle,20000,0;1;2;3;4;5;6;7,0,294643.14254316787,0,294643.14254316787,294643.14254316787,1.0
5,phase-reversal,8,200,1.0,frequency,0,0;1;2;3;4;5;6;7,0,294643.14254316787,0,294643.14254316787,294643.14254316787,1.0
5,phase-reversal,8,200,1.0,frequency,5000,0;1;2;3;4;5;6;7,0,294643.14254316787,0,294643.14254316787,294643.14254316787,1.0
5,phase-reversal,8,200,1.0,frequency,20000,0;1;2;3;4;5;6;7,0,294643.14254316787,0,294643.14254316787,294643.14254316787,1.0
5,phase-reversal,8,200,1.0,residual,0,8;9;10;11;12;13;14;15,8,468800.0,0,468800.0,294643.14254316787,0.6285049968924229
5,phase-reversal,8,200,1.0,residual,5000,8;9;10;11;12;13;14;15,8,468800.0,40000,508800.0,294643.14254316787,0.5790942266964777
5,phase-reversal,8,200,1.0,residual,20000,8;9;10;11;12;13;14;15,8,468800.0,160000,628800.0,294643.14254316787,0.4685800612963866
5,phase-reversal,8,200,1.0,oracle,0,0;1;2;3;4;5;6;7,0,294643.14254316787,0,294643.14254316787,294643.14254316787,1.0
5,phase-reversal,8,200,1.0,oracle,5000,0;1;2;3;4;5;6;7,0,294643.14254316787,0,294643.14254316787,294643.14254316787,1.0
5,phase-reversal,8,200,1.0,oracle,20000,0;1;2;3;4;5;6;7,0,294643.14254316787,0,294643.14254316787,294643.14254316787,1.0
5,phase-reversal,8,300,0.01,frequency,0,0;3;4;5;7;11;13;15,3,430996.17250344355,0,430996.17250344355,302796.17673267366,0.7025495724796823
5,phase-reversal,8,300,0.01,frequency,5000,0;3;4;5;7;11;13;15,3,430996.17250344355,15000,445996.17250344355,302796.17673267366,0.6789210208532356
5,phase-reversal,8,300,0.01,frequency,20000,0;3;4;5;7;11;13;15,3,430996.17250344355,60000,490996.17250344355,302796.17673267366,0.6166976316511918
5,phase-reversal,8,300,0.01,residual,0,0;4;7;8;9;11;13;15,5,511352.3989028731,0,511352.3989028731,302796.17673267366,0.5921477583410871
5,phase-reversal,8,300,0.01,residual,5000,0;4;7;8;9;11;13;15,5,511352.3989028731,25000,536352.398902873,302796.17673267366,0.5645470726933514
5,phase-reversal,8,300,0.01,residual,20000,0;4;7;8;9;11;13;15,5,511352.3989028731,100000,611352.398902873,302796.17673267366,0.49528909557902884
5,phase-reversal,8,300,0.01,oracle,0,0;1;2;3;4;5;6;7,0,302796.17673267366,0,302796.17673267366,302796.17673267366,1.0
5,phase-reversal,8,300,0.01,oracle,5000,0;1;2;3;4;5;6;7,0,302796.17673267366,0,302796.17673267366,302796.17673267366,1.0
5,phase-reversal,8,300,0.01,oracle,20000,0;1;2;3;4;5;6;7,0,302796.17673267366,0,302796.17673267366,302796.17673267366,1.0
5,phase-reversal,8,300,0.1,frequency,0,0;1;2;3;4;5;6;7,0,302796.17673267366,0,302796.17673267366,302796.17673267366,1.0
5,phase-reversal,8,300,0.1,frequency,5000,0;1;2;3;4;5;6;7,0,302796.17673267366,0,302796.17673267366,302796.17673267366,1.0
5,phase-reversal,8,300,0.1,frequency,20000,0;1;2;3;4;5;6;7,0,302796.17673267366,0,302796.17673267366,302796.17673267366,1.0
5,phase-reversal,8,300,0.1,residual,0,8;9;10;11;12;13;14;15,8,643200.0,0,643200.0,302796.17673267366,0.4707652001440822
5,phase-reversal,8,300,0.1,residual,5000,8;9;10;11;12;13;14;15,8,643200.0,40000,683200.0,302796.17673267366,0.443202834796068
5,phase-reversal,8,300,0.1,residual,20000,8;9;10;11;12;13;14;15,8,643200.0,160000,803200.0,302796.17673267366,0.376987271828528
5,phase-reversal,8,300,0.1,oracle,0,0;1;2;3;4;5;6;7,0,302796.17673267366,0,302796.17673267366,302796.17673267366,1.0
5,phase-reversal,8,300,0.1,oracle,5000,0;1;2;3;4;5;6;7,0,302796.17673267366,0,302796.17673267366,302796.17673267366,1.0
5,phase-reversal,8,300,0.1,oracle,20000,0;1;2;3;4;5;6;7,0,302796.17673267366,0,302796.17673267366,302796.17673267366,1.0
5,phase-reversal,8,300,1.0,frequency,0,0;1;2;3;4;5;6;7,0,302796.17673267366,0,302796.17673267366,302796.17673267366,1.0
5,phase-reversal,8,300,1.0,frequency,5000,0;1;2;3;4;5;6;7,0,302796.17673267366,0,302796.17673267366,302796.17673267366,1.0
5,phase-reversal,8,300,1.0,frequency,20000,0;1;2;3;4;5;6;7,0,302796.17673267366,0,302796.17673267366,302796.17673267366,1.0
5,phase-reversal,8,300,1.0,residual,0,8;9;10;11;12;13;14;15,8,643200.0,0,643200.0,302796.17673267366,0.4707652001440822
5,phase-reversal,8,300,1.0,residual,5000,8;9;10;11;12;13;14;15,8,643200.0,40000,683200.0,302796.17673267366,0.443202834796068
5,phase-reversal,8,300,1.0,residual,20000,8;9;10;11;12;13;14;15,8,643200.0,160000,803200.0,302796.17673267366,0.376987271828528
5,phase-reversal,8,300,1.0,oracle,0,0;1;2;3;4;5;6;7,0,302796.17673267366,0,302796.17673267366,302796.17673267366,1.0
5,phase-reversal,8,300,1.0,oracle,5000,0;1;2;3;4;5;6;7,0,302796.17673267366,0,302796.17673267366,302796.17673267366,1.0
5,phase-reversal,8,300,1.0,oracle,20000,0;1;2;3;4;5;6;7,0,302796.17673267366,0,302796.17673267366,302796.17673267366,1.0
5,phase-reversal,8,400,0.01,frequency,0,0;3;4;5;7;11;13;15,3,506930.41676902486,0,506930.41676902486,318986.25786443625,0.6292505782105742
5,phase-reversal,8,400,0.01,frequency,5000,0;3;4;5;7;11;13;15,3,506930.41676902486,15000,521930.41676902486,318986.25786443625,0.6111662543813775
5,phase-reversal,8,400,0.01,frequency,20000,0;3;4;5;7;11;13;15,3,506930.41676902486,60000,566930.4167690249,318986.25786443625,0.5626550427164602
5,phase-reversal,8,400,0.01,residual,0,0;4;7;8;9;11;13;15,5,624282.5592908881,0,624282.5592908881,318986.25786443625,0.5109645514152554
5,phase-reversal,8,400,0.01,residual,5000,0;4;7;8;9;11;13;15,5,624282.5592908881,25000,649282.5592908881,318986.25786443625,0.49129035317507386
5,phase-reversal,8,400,0.01,residual,20000,0;4;7;8;9;11;13;15,5,624282.5592908881,100000,724282.5592908881,318986.25786443625,0.44041687014628805
5,phase-reversal,8,400,0.01,oracle,0,0;1;2;3;4;5;6;7,0,318986.25786443625,0,318986.25786443625,318986.25786443625,1.0
5,phase-reversal,8,400,0.01,oracle,5000,0;1;2;3;4;5;6;7,0,318986.25786443625,0,318986.25786443625,318986.25786443625,1.0
5,phase-reversal,8,400,0.01,oracle,20000,0;1;2;3;4;5;6;7,0,318986.25786443625,0,318986.25786443625,318986.25786443625,1.0
5,phase-reversal,8,400,0.1,frequency,0,0;1;2;3;4;5;6;7,0,318986.25786443625,0,318986.25786443625,318986.25786443625,1.0
5,phase-reversal,8,400,0.1,frequency,5000,0;1;2;3;4;5;6;7,0,318986.25786443625,0,318986.25786443625,318986.25786443625,1.0
5,phase-reversal,8,400,0.1,frequency,20000,0;1;2;3;4;5;6;7,0,318986.25786443625,0,318986.25786443625,318986.25786443625,1.0
5,phase-reversal,8,400,0.1,residual,0,8;9;10;11;12;13;14;15,8,817600.0,0,817600.0,318986.25786443625,0.390149532613058
5,phase-reversal,8,400,0.1,residual,5000,8;9;10;11;12;13;14;15,8,817600.0,40000,857600.0,318986.25786443625,0.3719522596367027
5,phase-reversal,8,400,0.1,residual,20000,8;9;10;11;12;13;14;15,8,817600.0,160000,977600.0,318986.25786443625,0.3262952719562564
5,phase-reversal,8,400,0.1,oracle,0,0;1;2;3;4;5;6;7,0,318986.25786443625,0,318986.25786443625,318986.25786443625,1.0
5,phase-reversal,8,400,0.1,oracle,5000,0;1;2;3;4;5;6;7,0,318986.25786443625,0,318986.25786443625,318986.25786443625,1.0
5,phase-reversal,8,400,0.1,oracle,20000,0;1;2;3;4;5;6;7,0,318986.25786443625,0,318986.25786443625,318986.25786443625,1.0
5,phase-reversal,8,400,1.0,frequency,0,0;1;2;3;4;5;6;7,0,318986.25786443625,0,318986.25786443625,318986.25786443625,1.0
5,phase-reversal,8,400,1.0,frequency,5000,0;1;2;3;4;5;6;7,0,318986.25786443625,0,318986.25786443625,318986.25786443625,1.0
5,phase-reversal,8,400,1.0,frequency,20000,0;1;2;3;4;5;6;7,0,318986.25786443625,0,318986.25786443625,318986.25786443625,1.0
5,phase-reversal,8,400,1.0,residual,0,8;9;10;11;12;13;14;15,8,817600.0,0,817600.0,318986.25786443625,0.390149532613058
5,phase-reversal,8,400,1.0,residual,5000,8;9;10;11;12;13;14;15,8,817600.0,40000,857600.0,318986.25786443625,0.3719522596367027
5,phase-reversal,8,400,1.0,residual,20000,8;9;10;11;12;13;14;15,8,817600.0,160000,977600.0,318986.25786443625,0.3262952719562564
5,phase-reversal,8,400,1.0,oracle,0,0;1;2;3;4;5;6;7,0,318986.25786443625,0,318986.25786443625,318986.25786443625,1.0
5,phase-reversal,8,400,1.0,oracle,5000,0;1;2;3;4;5;6;7,0,318986.25786443625,0,318986.25786443625,318986.25786443625,1.0
5,phase-reversal,8,400,1.0,oracle,20000,0;1;2;3;4;5;6;7,0,318986.25786443625,0,318986.25786443625,318986.25786443625,1.0
6,frequency-aligned,2,200,0.01,frequency,0,5;6,2,561200.0,0,561200.0,553400.0,0.9861012116892374
6,frequency-aligned,2,200,0.01,frequency,5000,5;6,2,561200.0,10000,571200.0,553400.0,0.9688375350140056
6,frequency-aligned,2,200,0.01,frequency,20000,5;6,2,561200.0,40000,601200.0,553400.0,0.9204923486360612
6,frequency-aligned,2,200,0.01,residual,0,5;6,2,561200.0,0,561200.0,553400.0,0.9861012116892374
6,frequency-aligned,2,200,0.01,residual,5000,5;6,2,561200.0,10000,571200.0,553400.0,0.9688375350140056
6,frequency-aligned,2,200,0.01,residual,20000,5;6,2,561200.0,40000,601200.0,553400.0,0.9204923486360612
6,frequency-aligned,2,200,0.01,oracle,0,0;3,1,552900.0,0,552900.0,553400.0,1.000904322662326
6,frequency-aligned,2,200,0.01,oracle,5000,0;3,1,552900.0,5000,557900.0,553400.0,0.9919340383581287
6,frequency-aligned,2,200,0.01,oracle,20000,0;3,1,552900.0,20000,572900.0,553400.0,0.9659626461860709
6,frequency-aligned,2,200,0.1,frequency,0,6;7,2,559000.0,0,559000.0,553400.0,0.9899821109123434
6,frequency-aligned,2,200,0.1,frequency,5000,6;7,2,559000.0,10000,569000.0,553400.0,0.9725834797891036
6,frequency-aligned,2,200,0.1,frequency,20000,6;7,2,559000.0,40000,599000.0,553400.0,0.923873121869783
6,frequency-aligned,2,200,0.1,residual,0,6;7,2,559000.0,0,559000.0,553400.0,0.9899821109123434
6,frequency-aligned,2,200,0.1,residual,5000,6;7,2,559000.0,10000,569000.0,553400.0,0.9725834797891036
6,frequency-aligned,2,200,0.1,residual,20000,6;7,2,559000.0,40000,599000.0,553400.0,0.923873121869783
6,frequency-aligned,2,200,0.1,oracle,0,0;3,1,552900.0,0,552900.0,553400.0,1.000904322662326
6,frequency-aligned,2,200,0.1,oracle,5000,0;3,1,552900.0,5000,557900.0,553400.0,0.9919340383581287
6,frequency-aligned,2,200,0.1,oracle,20000,0;3,1,552900.0,20000,572900.0,553400.0,0.9659626461860709
6,frequency-aligned,2,200,1.0,frequency,0,1;2,1,555700.0,0,555700.0,553400.0,0.9958610761202088
6,frequency-aligned,2,200,1.0,frequency,5000,1;2,1,555700.0,5000,560700.0,553400.0,0.9869805600142679
6,frequency-aligned,2,200,1.0,frequency,20000,1;2,1,555700.0,20000,575700.0,553400.0,0.9612645475073823
6,frequency-aligned,2,200,1.0,residual,0,1;2,1,555700.0,0,555700.0,553400.0,0.9958610761202088
6,frequency-aligned,2,200,1.0,residual,5000,1;2,1,555700.0,5000,560700.0,553400.0,0.9869805600142679
6,frequency-aligned,2,200,1.0,residual,20000,1;2,1,555700.0,20000,575700.0,553400.0,0.9612645475073823
6,frequency-aligned,2,200,1.0,oracle,0,0;3,1,552900.0,0,552900.0,553400.0,1.000904322662326
6,frequency-aligned,2,200,1.0,oracle,5000,0;3,1,552900.0,5000,557900.0,553400.0,0.9919340383581287
6,frequency-aligned,2,200,1.0,oracle,20000,0;3,1,552900.0,20000,572900.0,553400.0,0.9659626461860709
6,frequency-aligned,2,300,0.01,frequency,0,5;6,2,762400.0,0,762400.0,746800.0,0.9795383001049318
6,frequency-aligned,2,300,0.01,frequency,5000,5;6,2,762400.0,10000,772400.0,746800.0,0.9668565510098395
6,frequency-aligned,2,300,0.01,frequency,20000,5;6,2,762400.0,40000,802400.0,746800.0,0.9307078763708874
6,frequency-aligned,2,300,0.01,residual,0,5;6,2,762400.0,0,762400.0,746800.0,0.9795383001049318
6,frequency-aligned,2,300,0.01,residual,5000,5;6,2,762400.0,10000,772400.0,746800.0,0.9668565510098395
6,frequency-aligned,2,300,0.01,residual,20000,5;6,2,762400.0,40000,802400.0,746800.0,0.9307078763708874
6,frequency-aligned,2,300,0.01,oracle,0,0;3,1,745800.0,0,745800.0,746800.0,1.0013408420488066
6,frequency-aligned,2,300,0.01,oracle,5000,0;3,1,745800.0,5000,750800.0,746800.0,0.9946723494938732
6,frequency-aligned,2,300,0.01,oracle,20000,0;3,1,745800.0,20000,765800.0,746800.0,0.9751893444763646
6,frequency-aligned,2,300,0.1,frequency,0,6;7,2,758000.0,0,758000.0,746800.0,0.9852242744063324
6,frequency-aligned,2,300,0.1,frequency,5000,6;7,2,758000.0,10000,768000.0,746800.0,0.9723958333333333
6,frequency-aligned,2,300,0.1,frequency,20000,6;7,2,758000.0,40000,798000.0,746800.0,0.9358395989974937
6,frequency-aligned,2,300,0.1,residual,0,6;7,2,758000.0,0,758000.0,746800.0,0.9852242744063324
6,frequency-aligned,2,300,0.1,residual,5000,6;7,2,758000.0,10000,768000.0,746800.0,0.9723958333333333
6,frequency-aligned,2,300,0.1,residual,20000,6;7,2,758000.0,40000,798000.0,746800.0,0.9358395989974937
6,frequency-aligned,2,300,0.1,oracle,0,0;3,1,745800.0,0,745800.0,746800.0,1.0013408420488066
6,frequency-aligned,2,300,0.1,oracle,5000,0;3,1,745800.0,5000,750800.0,746800.0,0.9946723494938732
6,frequency-aligned,2,300,0.1,oracle,20000,0;3,1,745800.0,20000,765800.0,746800.0,0.9751893444763646
6,frequency-aligned,2,300,1.0,frequency,0,1;2,1,751400.0,0,751400.0,746800.0,0.993878094224115
6,frequency-aligned,2,300,1.0,frequency,5000,1;2,1,751400.0,5000,756400.0,746800.0,0.9873083024854574
6,frequency-aligned,2,300,1.0,frequency,20000,1;2,1,751400.0,20000,771400.0,746800.0,0.9681099299974073
6,frequency-aligned,2,300,1.0,residual,0,1;2,1,751400.0,0,751400.0,746800.0,0.993878094224115
6,frequency-aligned,2,300,1.0,residual,5000,1;2,1,751400.0,5000,756400.0,746800.0,0.9873083024854574
6,frequency-aligned,2,300,1.0,residual,20000,1;2,1,751400.0,20000,771400.0,746800.0,0.9681099299974073
6,frequency-aligned,2,300,1.0,oracle,0,0;3,1,745800.0,0,745800.0,746800.0,1.0013408420488066
6,frequency-aligned,2,300,1.0,oracle,5000,0;3,1,745800.0,5000,750800.0,746800.0,0.9946723494938732
6,frequency-aligned,2,300,1.0,oracle,20000,0;3,1,745800.0,20000,765800.0,746800.0,0.9751893444763646
6,frequency-aligned,2,400,0.01,frequency,0,5;6,2,963600.0,0,963600.0,940200.0,0.9757160647571607
6,frequency-aligned,2,400,0.01,frequency,5000,5;6,2,963600.0,10000,973600.0,940200.0,0.9656943303204601
6,frequency-aligned,2,400,0.01,frequency,20000,5;6,2,963600.0,40000,1003600.0,940200.0,0.9368274212833798
6,frequency-aligned,2,400,0.01,residual,0,5;6,2,963600.0,0,963600.0,940200.0,0.9757160647571607
6,frequency-aligned,2,400,0.01,residual,5000,5;6,2,963600.0,10000,973600.0,940200.0,0.9656943303204601
6,frequency-aligned,2,400,0.01,residual,20000,5;6,2,963600.0,40000,1003600.0,940200.0,0.9368274212833798
6,frequency-aligned,2,400,0.01,oracle,0,0;3,1,938700.0,0,938700.0,940200.0,1.0015979546180889
6,frequency-aligned,2,400,0.01,oracle,5000,0;3,1,938700.0,5000,943700.0,940200.0,0.9962911942354562
6,frequency-aligned,2,400,0.01,oracle,20000,0;3,1,938700.0,20000,958700.0,940200.0,0.9807030353603838
6,frequency-aligned,2,400,0.1,frequency,0,6;7,2,957000.0,0,957000.0,940200.0,0.9824451410658307
6,frequency-aligned,2,400,0.1,frequency,5000,6;7,2,957000.0,10000,967000.0,940200.0,0.9722854188210962
6,frequency-aligned,2,400,0.1,frequency,20000,6;7,2,957000.0,40000,997000.0,940200.0,0.9430290872617854
6,frequency-aligned,2,400,0.1,residual,0,6;7,2,957000.0,0,957000.0,940200.0,0.9824451410658307
6,frequency-aligned,2,400,0.1,residual,5000,6;7,2,957000.0,10000,967000.0,940200.0,0.9722854188210962
6,frequency-aligned,2,400,0.1,residual,20000,6;7,2,957000.0,40000,997000.0,940200.0,0.9430290872617854
6,frequency-aligned,2,400,0.1,oracle,0,0;3,1,938700.0,0,938700.0,940200.0,1.0015979546180889
6,frequency-aligned,2,400,0.1,oracle,5000,0;3,1,938700.0,5000,943700.0,940200.0,0.9962911942354562
6,frequency-aligned,2,400,0.1,oracle,20000,0;3,1,938700.0,20000,958700.0,940200.0,0.9807030353603838
6,frequency-aligned,2,400,1.0,frequency,0,1;2,1,947100.0,0,947100.0,940200.0,0.9927146024707
6,frequency-aligned,2,400,1.0,frequency,5000,1;2,1,947100.0,5000,952100.0,940200.0,0.9875013128873018
6,frequency-aligned,2,400,1.0,frequency,20000,1;2,1,947100.0,20000,967100.0,940200.0,0.9721848826388171
6,frequency-aligned,2,400,1.0,residual,0,1;2,1,947100.0,0,947100.0,940200.0,0.9927146024707
6,frequency-aligned,2,400,1.0,residual,5000,1;2,1,947100.0,5000,952100.0,940200.0,0.9875013128873018
6,frequency-aligned,2,400,1.0,residual,20000,1;2,1,947100.0,20000,967100.0,940200.0,0.9721848826388171
6,frequency-aligned,2,400,1.0,oracle,0,0;3,1,938700.0,0,938700.0,940200.0,1.0015979546180889
6,frequency-aligned,2,400,1.0,oracle,5000,0;3,1,938700.0,5000,943700.0,940200.0,0.9962911942354562
6,frequency-aligned,2,400,1.0,oracle,20000,0;3,1,938700.0,20000,958700.0,940200.0,0.9807030353603838
6,frequency-aligned,4,200,0.01,frequency,0,2;4;5;6,3,516900.0,0,516900.0,508600.0,0.983942735538789
6,frequency-aligned,4,200,0.01,frequency,5000,2;4;5;6,3,516900.0,15000,531900.0,508600.0,0.9561947734536567
6,frequency-aligned,4,200,0.01,frequency,20000,2;4;5;6,3,516900.0,60000,576900.0,508600.0,0.8816085976772404
6,frequency-aligned,4,200,0.01,residual,0,2;4;5;6,3,516900.0,0,516900.0,508600.0,0.983942735538789
6,frequency-aligned,4,200,0.01,residual,5000,2;4;5;6,3,516900.0,15000,531900.0,508600.0,0.9561947734536567
6,frequency-aligned,4,200,0.01,residual,20000,2;4;5;6,3,516900.0,60000,576900.0,508600.0,0.8816085976772404
6,frequency-aligned,4,200,0.01,oracle,0,0;1;3;4,1,508500.0,0,508500.0,508600.0,1.000196656833825
6,frequency-aligned,4,200,0.01,oracle,5000,0;1;3;4,1,508500.0,5000,513500.0,508600.0,0.9904576436222006
6,frequency-aligned,4,200,0.01,oracle,20000,0;1;3;4,1,508500.0,20000,528500.0,508600.0,0.9623462630085147
6,frequency-aligned,4,200,0.1,frequency,0,2;4;6;7,3,514700.0,0,514700.0,508600.0,0.9881484359821255
6,frequency-aligned,4,200,0.1,frequency,5000,2;4;6;7,3,514700.0,15000,529700.0,508600.0,0.9601661317727015
6,frequency-aligned,4,200,0.1,frequency,20000,2;4;6;7,3,514700.0,60000,574700.0,508600.0,0.884983469636332
6,frequency-aligned,4,200,0.1,residual,0,2;4;6;7,3,514700.0,0,514700.0,508600.0,0.9881484359821255
6,frequency-aligned,4,200,0.1,residual,5000,2;4;6;7,3,514700.0,15000,529700.0,508600.0,0.9601661317727015
6,frequency-aligned,4,200,0.1,residual,20000,2;4;6;7,3,514700.0,60000,574700.0,508600.0,0.884983469636332
6,frequency-aligned,4,200,0.1,oracle,0,0;1;3;4,1,508500.0,0,508500.0,508600.0,1.000196656833825
6,frequency-aligned,4,200,0.1,oracle,5000,0;1;3;4,1,508500.0,5000,513500.0,508600.0,0.9904576436222006
6,frequency-aligned,4,200,0.1,oracle,20000,0;1;3;4,1,508500.0,20000,528500.0,508600.0,0.9623462630085147
6,frequency-aligned,4,200,1.0,frequency,0,1;2;5;6,2,516900.0,0,516900.0,508600.0,0.983942735538789
6,frequency-aligned,4,200,1.0,frequency,5000,1;2;5;6,2,516900.0,10000,526900.0,508600.0,0.9652685519073828
6,frequency-aligned,4,200,1.0,frequency,20000,1;2;5;6,2,516900.0,40000,556900.0,508600.0,0.9132698868737655
6,frequency-aligned,4,200,1.0,residual,0,1;2;5;6,2,516900.0,0,516900.0,508600.0,0.983942735538789
6,frequency-aligned,4,200,1.0,residual,5000,1;2;5;6,2,516900.0,10000,526900.0,508600.0,0.9652685519073828
6,frequency-aligned,4,200,1.0,residual,20000,1;2;5;6,2,516900.0,40000,556900.0,508600.0,0.9132698868737655
6,frequency-aligned,4,200,1.0,oracle,0,0;1;3;4,1,508500.0,0,508500.0,508600.0,1.000196656833825
6,frequency-aligned,4,200,1.0,oracle,5000,0;1;3;4,1,508500.0,5000,513500.0,508600.0,0.9904576436222006
6,frequency-aligned,4,200,1.0,oracle,20000,0;1;3;4,1,508500.0,20000,528500.0,508600.0,0.9623462630085147
6,frequency-aligned,4,300,0.01,frequency,0,2;4;5;6,3,673800.0,0,673800.0,657200.0,0.9753636093796378
6,frequency-aligned,4,300,0.01,frequency,5000,2;4;5;6,3,673800.0,15000,688800.0,657200.0,0.9541231126596981
6,frequency-aligned,4,300,0.01,frequency,20000,2;4;5;6,3,673800.0,60000,733800.0,657200.0,0.8956118833469611
6,frequency-aligned,4,300,0.01,residual,0,2;4;5;6,3,673800.0,0,673800.0,657200.0,0.9753636093796378
6,frequency-aligned,4,300,0.01,residual,5000,2;4;5;6,3,673800.0,15000,688800.0,657200.0,0.9541231126596981
6,frequency-aligned,4,300,0.01,residual,20000,2;4;5;6,3,673800.0,60000,733800.0,657200.0,0.8956118833469611
6,frequency-aligned,4,300,0.01,oracle,0,0;1;3;4,1,657000.0,0,657000.0,657200.0,1.0003044140030442
6,frequency-aligned,4,300,0.01,oracle,5000,0;1;3;4,1,657000.0,5000,662000.0,657200.0,0.992749244712991
6,frequency-aligned,4,300,0.01,oracle,20000,0;1;3;4,1,657000.0,20000,677000.0,657200.0,0.9707533234859675
6,frequency-aligned,4,300,0.1,frequency,0,2;4;6;7,3,669400.0,0,669400.0,657200.0,0.9817747236331043
6,frequency-aligned,4,300,0.1,frequency,5000,2;4;6;7,3,669400.0,15000,684400.0,657200.0,0.9602571595558154
6,frequency-aligned,4,300,0.1,frequency,20000,2;4;6;7,3,669400.0,60000,729400.0,657200.0,0.9010145324924596
6,frequency-aligned,4,300,0.1,residual,0,2;4;6;7,3,669400.0,0,669400.0,657200.0,0.9817747236331043
6,frequency-aligned,4,300,0.1,residual,5000,2;4;6;7,3,669400.0,15000,684400.0,657200.0,0.9602571595558154
6,frequency-aligned,4,300,0.1,residual,20000,2;4;6;7,3,669400.0,60000,729400.0,657200.0,0.9010145324924596
6,frequency-aligned,4,300,0.1,oracle,0,0;1;3;4,1,657000.0,0,657000.0,657200.0,1.0003044140030442
6,frequency-aligned,4,300,0.1,oracle,5000,0;1;3;4,1,657000.0,5000,662000.0,657200.0,0.992749244712991
6,frequency-aligned,4,300,0.1,oracle,20000,0;1;3;4,1,657000.0,20000,677000.0,657200.0,0.9707533234859675
6,frequency-aligned,4,300,1.0,frequency,0,1;2;5;6,2,673800.0,0,673800.0,657200.0,0.9753636093796378
6,frequency-aligned,4,300,1.0,frequency,5000,1;2;5;6,2,673800.0,10000,683800.0,657200.0,0.961099736765136
6,frequency-aligned,4,300,1.0,frequency,20000,1;2;5;6,2,673800.0,40000,713800.0,657200.0,0.9207060801344914
6,frequency-aligned,4,300,1.0,residual,0,1;2;5;6,2,673800.0,0,673800.0,657200.0,0.9753636093796378
6,frequency-aligned,4,300,1.0,residual,5000,1;2;5;6,2,673800.0,10000,683800.0,657200.0,0.961099736765136
6,frequency-aligned,4,300,1.0,residual,20000,1;2;5;6,2,673800.0,40000,713800.0,657200.0,0.9207060801344914
6,frequency-aligned,4,300,1.0,oracle,0,0;1;3;4,1,657000.0,0,657000.0,657200.0,1.0003044140030442
6,frequency-aligned,4,300,1.0,oracle,5000,0;1;3;4,1,657000.0,5000,662000.0,657200.0,0.992749244712991
6,frequency-aligned,4,300,1.0,oracle,20000,0;1;3;4,1,657000.0,20000,677000.0,657200.0,0.9707533234859675
6,frequency-aligned,4,400,0.01,frequency,0,2;4;5;6,3,830700.0,0,830700.0,805800.0,0.9700252798844348
6,frequency-aligned,4,400,0.01,frequency,5000,2;4;5;6,3,830700.0,15000,845700.0,805800.0,0.9528201489890032
6,frequency-aligned,4,400,0.01,frequency,20000,2;4;5;6,3,830700.0,60000,890700.0,805800.0,0.9046817110138093
6,frequency-aligned,4,400,0.01,residual,0,2;4;5;6,3,830700.0,0,830700.0,805800.0,0.9700252798844348
6,frequency-aligned,4,400,0.01,residual,5000,2;4;5;6,3,830700.0,15000,845700.0,805800.0,0.9528201489890032
6,frequency-aligned,4,400,0.01,residual,20000,2;4;5;6,3,830700.0,60000,890700.0,805800.0,0.9046817110138093
6,frequency-aligned,4,400,0.01,oracle,0,0;1;3;4,1,805500.0,0,805500.0,805800.0,1.0003724394785847
6,frequency-aligned,4,400,0.01,oracle,5000,0;1;3;4,1,805500.0,5000,810500.0,805800.0,0.9942011104256632
6,frequency-aligned,4,400,0.01,oracle,20000,0;1;3;4,1,805500.0,20000,825500.0,805800.0,0.9761356753482737
6,frequency-aligned,4,400,0.1,frequency,0,2;4;6;7,3,824100.0,0,824100.0,805800.0,0.977793957044048
6,frequency-aligned,4,400,0.1,frequency,5000,2;4;6;7,3,824100.0,15000,839100.0,805800.0,0.9603146228101538
6,frequency-aligned,4,400,0.1,frequency,20000,2;4;6;7,3,824100.0,60000,884100.0,805800.0,0.9114353579911775
6,frequency-aligned,4,400,0.1,residual,0,2;4;6;7,3,824100.0,0,824100.0,805800.0,0.977793957044048
6,frequency-aligned,4,400,0.1,residual,5000,2;4;6;7,3,824100.0,15000,839100.0,805800.0,0.9603146228101538
6,frequency-aligned,4,400,0.1,residual,20000,2;4;6;7,3,824100.0,60000,884100.0,805800.0,0.9114353579911775
6,frequency-aligned,4,400,0.1,oracle,0,0;1;3;4,1,805500.0,0,805500.0,805800.0,1.0003724394785847
6,frequency-aligned,4,400,0.1,oracle,5000,0;1;3;4,1,805500.0,5000,810500.0,805800.0,0.9942011104256632
6,frequency-aligned,4,400,0.1,oracle,20000,0;1;3;4,1,805500.0,20000,825500.0,805800.0,0.9761356753482737
6,frequency-aligned,4,400,1.0,frequency,0,1;2;5;6,2,830700.0,0,830700.0,805800.0,0.9700252798844348
6,frequency-aligned,4,400,1.0,frequency,5000,1;2;5;6,2,830700.0,10000,840700.0,805800.0,0.9584869751397644
6,frequency-aligned,4,400,1.0,frequency,20000,1;2;5;6,2,830700.0,40000,870700.0,805800.0,0.9254622717353853
6,frequency-aligned,4,400,1.0,residual,0,1;2;5;6,2,830700.0,0,830700.0,805800.0,0.9700252798844348
6,frequency-aligned,4,400,1.0,residual,5000,1;2;5;6,2,830700.0,10000,840700.0,805800.0,0.9584869751397644
6,frequency-aligned,4,400,1.0,residual,20000,1;2;5;6,2,830700.0,40000,870700.0,805800.0,0.9254622717353853
6,frequency-aligned,4,400,1.0,oracle,0,0;1;3;4,1,805500.0,0,805500.0,805800.0,1.0003724394785847
6,frequency-aligned,4,400,1.0,oracle,5000,0;1;3;4,1,805500.0,5000,810500.0,805800.0,0.9942011104256632
6,frequency-aligned,4,400,1.0,oracle,20000,0;1;3;4,1,805500.0,20000,825500.0,805800.0,0.9761356753482737
6,frequency-aligned,8,200,0.01,frequency,0,0;1;2;4;5;6;8;15,2,451800.0,0,451800.0,427300.0,0.9457724656927844
6,frequency-aligned,8,200,0.01,frequency,5000,0;1;2;4;5;6;8;15,2,451800.0,10000,461800.0,427300.0,0.9252923343438718
6,frequency-aligned,8,200,0.01,frequency,20000,0;1;2;4;5;6;8;15,2,451800.0,40000,491800.0,427300.0,0.8688491256608377
6,frequency-aligned,8,200,0.01,residual,0,0;1;2;4;5;6;8;15,2,451800.0,0,451800.0,427300.0,0.9457724656927844
6,frequency-aligned,8,200,0.01,residual,5000,0;1;2;4;5;6;8;15,2,451800.0,10000,461800.0,427300.0,0.9252923343438718
6,frequency-aligned,8,200,0.01,residual,20000,0;1;2;4;5;6;8;15,2,451800.0,40000,491800.0,427300.0,0.8688491256608377
6,frequency-aligned,8,200,0.01,oracle,0,0;1;2;3;4;5;6;7,0,427300.0,0,427300.0,427300.0,1.0
6,frequency-aligned,8,200,0.01,oracle,5000,0;1;2;3;4;5;6;7,0,427300.0,0,427300.0,427300.0,1.0
6,frequency-aligned,8,200,0.01,oracle,20000,0;1;2;3;4;5;6;7,0,427300.0,0,427300.0,427300.0,1.0
6,frequency-aligned,8,200,0.1,frequency,0,0;1;2;3;4;5;6;7,0,427300.0,0,427300.0,427300.0,1.0
6,frequency-aligned,8,200,0.1,frequency,5000,0;1;2;3;4;5;6;7,0,427300.0,0,427300.0,427300.0,1.0
6,frequency-aligned,8,200,0.1,frequency,20000,0;1;2;3;4;5;6;7,0,427300.0,0,427300.0,427300.0,1.0
6,frequency-aligned,8,200,0.1,residual,0,0;1;2;3;4;5;6;7,0,427300.0,0,427300.0,427300.0,1.0
6,frequency-aligned,8,200,0.1,residual,5000,0;1;2;3;4;5;6;7,0,427300.0,0,427300.0,427300.0,1.0
6,frequency-aligned,8,200,0.1,residual,20000,0;1;2;3;4;5;6;7,0,427300.0,0,427300.0,427300.0,1.0
6,frequency-aligned,8,200,0.1,oracle,0,0;1;2;3;4;5;6;7,0,427300.0,0,427300.0,427300.0,1.0
6,frequency-aligned,8,200,0.1,oracle,5000,0;1;2;3;4;5;6;7,0,427300.0,0,427300.0,427300.0,1.0
6,frequency-aligned,8,200,0.1,oracle,20000,0;1;2;3;4;5;6;7,0,427300.0,0,427300.0,427300.0,1.0
6,frequency-aligned,8,200,1.0,frequency,0,0;1;2;3;4;5;6;7,0,427300.0,0,427300.0,427300.0,1.0
6,frequency-aligned,8,200,1.0,frequency,5000,0;1;2;3;4;5;6;7,0,427300.0,0,427300.0,427300.0,1.0
6,frequency-aligned,8,200,1.0,frequency,20000,0;1;2;3;4;5;6;7,0,427300.0,0,427300.0,427300.0,1.0
6,frequency-aligned,8,200,1.0,residual,0,0;1;2;3;4;5;6;7,0,427300.0,0,427300.0,427300.0,1.0
6,frequency-aligned,8,200,1.0,residual,5000,0;1;2;3;4;5;6;7,0,427300.0,0,427300.0,427300.0,1.0
6,frequency-aligned,8,200,1.0,residual,20000,0;1;2;3;4;5;6;7,0,427300.0,0,427300.0,427300.0,1.0
6,frequency-aligned,8,200,1.0,oracle,0,0;1;2;3;4;5;6;7,0,427300.0,0,427300.0,427300.0,1.0
6,frequency-aligned,8,200,1.0,oracle,5000,0;1;2;3;4;5;6;7,0,427300.0,0,427300.0,427300.0,1.0
6,frequency-aligned,8,200,1.0,oracle,20000,0;1;2;3;4;5;6;7,0,427300.0,0,427300.0,427300.0,1.0
6,frequency-aligned,8,300,0.01,frequency,0,0;1;2;4;5;6;8;15,2,543600.0,0,543600.0,494600.0,0.9098601913171449
6,frequency-aligned,8,300,0.01,frequency,5000,0;1;2;4;5;6;8;15,2,543600.0,10000,553600.0,494600.0,0.8934248554913294
6,frequency-aligned,8,300,0.01,frequency,20000,0;1;2;4;5;6;8;15,2,543600.0,40000,583600.0,494600.0,0.8474982864976011
6,frequency-aligned,8,300,0.01,residual,0,0;1;2;4;5;6;8;15,2,543600.0,0,543600.0,494600.0,0.9098601913171449
6,frequency-aligned,8,300,0.01,residual,5000,0;1;2;4;5;6;8;15,2,543600.0,10000,553600.0,494600.0,0.8934248554913294
6,frequency-aligned,8,300,0.01,residual,20000,0;1;2;4;5;6;8;15,2,543600.0,40000,583600.0,494600.0,0.8474982864976011
6,frequency-aligned,8,300,0.01,oracle,0,0;1;2;3;4;5;6;7,0,494600.0,0,494600.0,494600.0,1.0
6,frequency-aligned,8,300,0.01,oracle,5000,0;1;2;3;4;5;6;7,0,494600.0,0,494600.0,494600.0,1.0
6,frequency-aligned,8,300,0.01,oracle,20000,0;1;2;3;4;5;6;7,0,494600.0,0,494600.0,494600.0,1.0
6,frequency-aligned,8,300,0.1,frequency,0,0;1;2;3;4;5;6;7,0,494600.0,0,494600.0,494600.0,1.0
6,frequency-aligned,8,300,0.1,frequency,5000,0;1;2;3;4;5;6;7,0,494600.0,0,494600.0,494600.0,1.0
6,frequency-aligned,8,300,0.1,frequency,20000,0;1;2;3;4;5;6;7,0,494600.0,0,494600.0,494600.0,1.0
6,frequency-aligned,8,300,0.1,residual,0,0;1;2;3;4;5;6;7,0,494600.0,0,494600.0,494600.0,1.0
6,frequency-aligned,8,300,0.1,residual,5000,0;1;2;3;4;5;6;7,0,494600.0,0,494600.0,494600.0,1.0
6,frequency-aligned,8,300,0.1,residual,20000,0;1;2;3;4;5;6;7,0,494600.0,0,494600.0,494600.0,1.0
6,frequency-aligned,8,300,0.1,oracle,0,0;1;2;3;4;5;6;7,0,494600.0,0,494600.0,494600.0,1.0
6,frequency-aligned,8,300,0.1,oracle,5000,0;1;2;3;4;5;6;7,0,494600.0,0,494600.0,494600.0,1.0
6,frequency-aligned,8,300,0.1,oracle,20000,0;1;2;3;4;5;6;7,0,494600.0,0,494600.0,494600.0,1.0
6,frequency-aligned,8,300,1.0,frequency,0,0;1;2;3;4;5;6;7,0,494600.0,0,494600.0,494600.0,1.0
6,frequency-aligned,8,300,1.0,frequency,5000,0;1;2;3;4;5;6;7,0,494600.0,0,494600.0,494600.0,1.0
6,frequency-aligned,8,300,1.0,frequency,20000,0;1;2;3;4;5;6;7,0,494600.0,0,494600.0,494600.0,1.0
6,frequency-aligned,8,300,1.0,residual,0,0;1;2;3;4;5;6;7,0,494600.0,0,494600.0,494600.0,1.0
6,frequency-aligned,8,300,1.0,residual,5000,0;1;2;3;4;5;6;7,0,494600.0,0,494600.0,494600.0,1.0
6,frequency-aligned,8,300,1.0,residual,20000,0;1;2;3;4;5;6;7,0,494600.0,0,494600.0,494600.0,1.0
6,frequency-aligned,8,300,1.0,oracle,0,0;1;2;3;4;5;6;7,0,494600.0,0,494600.0,494600.0,1.0
6,frequency-aligned,8,300,1.0,oracle,5000,0;1;2;3;4;5;6;7,0,494600.0,0,494600.0,494600.0,1.0
6,frequency-aligned,8,300,1.0,oracle,20000,0;1;2;3;4;5;6;7,0,494600.0,0,494600.0,494600.0,1.0
6,frequency-aligned,8,400,0.01,frequency,0,0;1;2;4;5;6;8;15,2,635400.0,0,635400.0,561900.0,0.884324834749764
6,frequency-aligned,8,400,0.01,frequency,5000,0;1;2;4;5;6;8;15,2,635400.0,10000,645400.0,561900.0,0.8706228695382708
6,frequency-aligned,8,400,0.01,frequency,20000,0;1;2;4;5;6;8;15,2,635400.0,40000,675400.0,561900.0,0.8319514361859639
6,frequency-aligned,8,400,0.01,residual,0,0;1;2;4;5;6;8;15,2,635400.0,0,635400.0,561900.0,0.884324834749764
6,frequency-aligned,8,400,0.01,residual,5000,0;1;2;4;5;6;8;15,2,635400.0,10000,645400.0,561900.0,0.8706228695382708
6,frequency-aligned,8,400,0.01,residual,20000,0;1;2;4;5;6;8;15,2,635400.0,40000,675400.0,561900.0,0.8319514361859639
6,frequency-aligned,8,400,0.01,oracle,0,0;1;2;3;4;5;6;7,0,561900.0,0,561900.0,561900.0,1.0
6,frequency-aligned,8,400,0.01,oracle,5000,0;1;2;3;4;5;6;7,0,561900.0,0,561900.0,561900.0,1.0
6,frequency-aligned,8,400,0.01,oracle,20000,0;1;2;3;4;5;6;7,0,561900.0,0,561900.0,561900.0,1.0
6,frequency-aligned,8,400,0.1,frequency,0,0;1;2;3;4;5;6;7,0,561900.0,0,561900.0,561900.0,1.0
6,frequency-aligned,8,400,0.1,frequency,5000,0;1;2;3;4;5;6;7,0,561900.0,0,561900.0,561900.0,1.0
6,frequency-aligned,8,400,0.1,frequency,20000,0;1;2;3;4;5;6;7,0,561900.0,0,561900.0,561900.0,1.0
6,frequency-aligned,8,400,0.1,residual,0,0;1;2;3;4;5;6;7,0,561900.0,0,561900.0,561900.0,1.0
6,frequency-aligned,8,400,0.1,residual,5000,0;1;2;3;4;5;6;7,0,561900.0,0,561900.0,561900.0,1.0
6,frequency-aligned,8,400,0.1,residual,20000,0;1;2;3;4;5;6;7,0,561900.0,0,561900.0,561900.0,1.0
6,frequency-aligned,8,400,0.1,oracle,0,0;1;2;3;4;5;6;7,0,561900.0,0,561900.0,561900.0,1.0
6,frequency-aligned,8,400,0.1,oracle,5000,0;1;2;3;4;5;6;7,0,561900.0,0,561900.0,561900.0,1.0
6,frequency-aligned,8,400,0.1,oracle,20000,0;1;2;3;4;5;6;7,0,561900.0,0,561900.0,561900.0,1.0
6,frequency-aligned,8,400,1.0,frequency,0,0;1;2;3;4;5;6;7,0,561900.0,0,561900.0,561900.0,1.0
6,frequency-aligned,8,400,1.0,frequency,5000,0;1;2;3;4;5;6;7,0,561900.0,0,561900.0,561900.0,1.0
6,frequency-aligned,8,400,1.0,frequency,20000,0;1;2;3;4;5;6;7,0,561900.0,0,561900.0,561900.0,1.0
6,frequency-aligned,8,400,1.0,residual,0,0;1;2;3;4;5;6;7,0,561900.0,0,561900.0,561900.0,1.0
6,frequency-aligned,8,400,1.0,residual,5000,0;1;2;3;4;5;6;7,0,561900.0,0,561900.0,561900.0,1.0
6,frequency-aligned,8,400,1.0,residual,20000,0;1;2;3;4;5;6;7,0,561900.0,0,561900.0,561900.0,1.0
6,frequency-aligned,8,400,1.0,oracle,0,0;1;2;3;4;5;6;7,0,561900.0,0,561900.0,561900.0,1.0
6,frequency-aligned,8,400,1.0,oracle,5000,0;1;2;3;4;5;6;7,0,561900.0,0,561900.0,561900.0,1.0
6,frequency-aligned,8,400,1.0,oracle,20000,0;1;2;3;4;5;6;7,0,561900.0,0,561900.0,561900.0,1.0
6,prefetch-hidden,2,200,0.01,frequency,0,1;3,1,247382.04216446116,0,247382.04216446116,247380.51487743255,0.9999938262009027
6,prefetch-hidden,2,200,0.01,frequency,5000,1;3,1,247382.04216446116,5000,252382.04216446116,247380.51487743255,0.980182713301886
6,prefetch-hidden,2,200,0.01,frequency,20000,1;3,1,247382.04216446116,20000,267382.04216446116,247380.51487743255,0.9251949490507441
6,prefetch-hidden,2,200,0.01,residual,0,12;15,2,230334.92189639944,0,230334.92189639944,247380.51487743255,1.0740035112378656
6,prefetch-hidden,2,200,0.01,residual,5000,12;15,2,230334.92189639944,10000,240334.92189639944,247380.51487743255,1.0293157270921711
6,prefetch-hidden,2,200,0.01,residual,20000,12;15,2,230334.92189639944,40000,270334.92189639946,247380.51487743255,0.915089005675102
6,prefetch-hidden,2,200,0.01,oracle,0,8;12,2,229434.92189639944,0,229434.92189639944,247380.51487743255,1.0782164843638598
6,prefetch-hidden,2,200,0.01,oracle,5000,8;12,2,229434.92189639944,10000,239434.92189639944,247380.51487743255,1.0331847707013728
6,prefetch-hidden,2,200,0.01,oracle,20000,8;12,2,229434.92189639944,40000,269434.92189639946,247380.51487743255,0.9181456996600943
6,prefetch-hidden,2,200,0.1,frequency,0,3;7,2,247378.47308157117,0,247378.47308157117,247380.51487743255,1.0000082537329782
6,prefetch-hidden,2,200,0.1,frequency,5000,3;7,2,247378.47308157117,10000,257378.47308157117,247380.51487743255,0.9611546448137877
6,prefetch-hidden,2,200,0.1,frequency,20000,3;7,2,247378.47308157117,40000,287378.47308157117,247380.51487743255,0.8608178344910846
6,prefetch-hidden,2,200,0.1,residual,0,11;15,2,231734.92189639944,0,231734.92189639944,247380.51487743255,1.0675150419841672
6,prefetch-hidden,2,200,0.1,residual,5000,11;15,2,231734.92189639944,10000,241734.92189639944,247380.51487743255,1.023354478272083
6,prefetch-hidden,2,200,0.1,residual,20000,11;15,2,231734.92189639944,40000,271734.92189639946,247380.51487743255,0.9103743941006884
6,prefetch-hidden,2,200,0.1,oracle,0,8;12,2,229434.92189639944,0,229434.92189639944,247380.51487743255,1.0782164843638598
6,prefetch-hidden,2,200,0.1,oracle,5000,8;12,2,229434.92189639944,10000,239434.92189639944,247380.51487743255,1.0331847707013728
6,prefetch-hidden,2,200,0.1,oracle,20000,8;12,2,229434.92189639944,40000,269434.92189639946,247380.51487743255,0.9181456996600943
6,prefetch-hidden,2,200,1.0,frequency,0,1;5,1,247365.75213875805,0,247365.75213875805,247380.51487743255,1.0000596798002426
6,prefetch-hidden,2,200,1.0,frequency,5000,1;5,1,247365.75213875805,5000,252365.75213875805,247380.51487743255,0.9802459833829414
6,prefetch-hidden,2,200,1.0,frequency,20000,1;5,1,247365.75213875805,20000,267365.7521387581,247380.51487743255,0.9252513192080281
6,prefetch-hidden,2,200,1.0,residual,0,10;15,2,231234.92189639944,0,231234.92189639944,247380.51487743255,1.0698233331220914
6,prefetch-hidden,2,200,1.0,residual,5000,10;15,2,231234.92189639944,10000,241234.92189639944,247380.51487743255,1.0254755527629305
6,prefetch-hidden,2,200,1.0,residual,20000,10;15,2,231234.92189639944,40000,271234.92189639946,247380.51487743255,0.9120525968699623
6,prefetch-hidden,2,200,1.0,oracle,0,8;12,2,229434.92189639944,0,229434.92189639944,247380.51487743255,1.0782164843638598
6,prefetch-hidden,2,200,1.0,oracle,5000,8;12,2,229434.92189639944,10000,239434.92189639944,247380.51487743255,1.0331847707013728
6,prefetch-hidden,2,200,1.0,oracle,20000,8;12,2,229434.92189639944,40000,269434.92189639946,247380.51487743255,0.9181456996600943
6,prefetch-hidden,2,300,0.01,frequency,0,1;3,1,327624.6977046356,0,327624.6977046356,327558.5964619311,0.9997982409654473
6,prefetch-hidden,2,300,0.01,frequency,5000,1;3,1,327624.6977046356,5000,332624.6977046356,327558.5964619311,0.9847693172585666
6,prefetch-hidden,2,300,0.01,frequency,20000,1;3,1,327624.6977046356,20000,347624.6977046356,327558.5964619311,0.9422765373829856
6,prefetch-hidden,2,300,0.01,residual,0,12;15,2,298827.990970365,0,298827.990970365,327558.5964619311,1.0961442915647597
6,prefetch-hidden,2,300,0.01,residual,5000,12;15,2,298827.990970365,10000,308827.990970365,327558.5964619311,1.0606506082324756
6,prefetch-hidden,2,300,0.01,residual,20000,12;15,2,298827.990970365,40000,338827.990970365,327558.5964619311,0.9667400722231961
6,prefetch-hidden,2,300,0.01,oracle,0,8;12,2,297027.990970365,0,297027.990970365,327558.5964619311,1.1027869642582346
6,prefetch-hidden,2,300,0.01,oracle,5000,8;12,2,297027.990970365,10000,307027.990970365,327558.5964619311,1.0668688396347152
6,prefetch-hidden,2,300,0.01,oracle,20000,8;12,2,297027.990970365,40000,337027.990970365,327558.5964619311,0.9719032401992198
6,prefetch-hidden,2,300,0.1,frequency,0,3;7,2,327638.2792495025,0,327638.2792495025,327558.5964619311,0.9997567964654377
6,prefetch-hidden,2,300,0.1,frequency,5000,3;7,2,327638.2792495025,10000,337638.2792495025,327558.5964619311,0.9701465046854985
6,prefetch-hidden,2,300,0.1,frequency,20000,3;7,2,327638.2792495025,40000,367638.2792495025,327558.5964619311,0.890980659387836
6,prefetch-hidden,2,300,0.1,residual,0,11;15,2,301627.990970365,0,301627.990970365,327558.5964619311,1.085968830041751
6,prefetch-hidden,2,300,0.1,residual,5000,11;15,2,301627.990970365,10000,311627.990970365,327558.5964619311,1.05112058593312
6,prefetch-hidden,2,300,0.1,residual,20000,11;15,2,301627.990970365,40000,341627.990970365,327558.5964619311,0.9588166225241938
6,prefetch-hidden,2,300,0.1,oracle,0,8;12,2,297027.990970365,0,297027.990970365,327558.5964619311,1.1027869642582346
6,prefetch-hidden,2,300,0.1,oracle,5000,8;12,2,297027.990970365,10000,307027.990970365,327558.5964619311,1.0668688396347152
6,prefetch-hidden,2,300,0.1,oracle,20000,8;12,2,297027.990970365,40000,337027.990970365,327558.5964619311,0.9719032401992198
6,prefetch-hidden,2,300,1.0,frequency,0,1;5,1,327804.1280545868,0,327804.1280545868,327558.5964619311,0.99925098077894
6,prefetch-hidden,2,300,1.0,frequency,5000,1;5,1,327804.1280545868,5000,332804.1280545868,327558.5964619311,0.9842383818274174
6,prefetch-hidden,2,300,1.0,frequency,20000,1;5,1,327804.1280545868,20000,347804.1280545868,327558.5964619311,0.9417904217931587
6,prefetch-hidden,2,300,1.0,residual,0,10;15,2,300627.990970365,0,300627.990970365,327558.5964619311,1.0895811644306297
6,prefetch-hidden,2,300,1.0,residual,5000,10;15,2,300627.990970365,10000,310627.990970365,327558.5964619311,1.0545044425606234
6,prefetch-hidden,2,300,1.0,residual,20000,10;15,2,300627.990970365,40000,340627.990970365,327558.5964619311,0.9616314722956196
6,prefetch-hidden,2,300,1.0,oracle,0,8;12,2,297027.990970365,0,297027.990970365,327558.5964619311,1.1027869642582346
6,prefetch-hidden,2,300,1.0,oracle,5000,8;12,2,297027.990970365,10000,307027.990970365,327558.5964619311,1.0668688396347152
6,prefetch-hidden,2,300,1.0,oracle,20000,8;12,2,297027.990970365,40000,337027.990970365,327558.5964619311,0.9719032401992198
6,prefetch-hidden,2,400,0.01,frequency,0,1;3,1,424102.9354219902,0,424102.9354219902,423820.06522361666,0.9993330152310971
6,prefetch-hidden,2,400,0.01,frequency,5000,1;3,1,424102.9354219902,5000,429102.9354219902,423820.06522361666,0.9876885712907598
6,prefetch-hidden,2,400,0.01,frequency,20000,1;3,1,424102.9354219902,20000,444102.9354219902,423820.06522361666,0.9543284482479257
6,prefetch-hidden,2,400,0.01,residual,0,12;15,2,388487.9996671668,0,388487.9996671668,423820.06522361666,1.0909476369584652
6,prefetch-hidden,2,400,0.01,residual,5000,12;15,2,388487.9996671668,10000,398487.9996671668,423820.06522361666,1.0635704602838938
6,prefetch-hidden,2,400,0.01,residual,20000,12;15,2,388487.9996671668,40000,428487.9996671668,423820.06522361666,0.9891060322642035
6,prefetch-hidden,2,400,0.01,oracle,0,8;12,2,385787.9996671668,0,385787.9996671668,423820.06522361666,1.0985828112571192
6,prefetch-hidden,2,400,0.01,oracle,5000,8;12,2,385787.9996671668,10000,395787.9996671668,423820.06522361666,1.0708259613227866
6,prefetch-hidden,2,400,0.01,oracle,20000,8;12,2,385787.9996671668,40000,425787.9996671668,423820.06522361666,0.9953781354921031
6,prefetch-hidden,2,400,0.1,frequency,0,3;7,2,423692.7101264863,0,423692.7101264863,423820.06522361666,1.0003005836401866
6,prefetch-hidden,2,400,0.1,frequency,5000,3;7,2,423692.7101264863,10000,433692.7101264863,423820.06522361666,0.9772358523158245
6,prefetch-hidden,2,400,0.1,frequency,20000,3;7,2,423692.7101264863,40000,463692.7101264863,423820.06522361666,0.9140106280903291
6,prefetch-hidden,2,400,0.1,residual,0,11;15,2,392687.9996671668,0,392687.9996671668,423820.06522361666,1.0792793912287533
6,prefetch-hidden,2,400,0.1,residual,5000,11;15,2,392687.9996671668,10000,402687.9996671668,423820.06522361666,1.0524775150337635
6,prefetch-hidden,2,400,0.1,residual,20000,11;15,2,392687.9996671668,40000,432687.9996671668,423820.06522361666,0.9795050141201708
6,prefetch-hidden,2,400,0.1,oracle,0,8;12,2,385787.9996671668,0,385787.9996671668,423820.06522361666,1.0985828112571192
6,prefetch-hidden,2,400,0.1,oracle,5000,8;12,2,385787.9996671668,10000,395787.9996671668,423820.06522361666,1.0708259613227866
6,prefetch-hidden,2,400,0.1,oracle,20000,8;12,2,385787.9996671668,40000,425787.9996671668,423820.06522361666,0.9953781354921031
6,prefetch-hidden,2,400,1.0,frequency,0,1;5,1,424267.73780680145,0,424267.73780680145,423820.06522361666,0.998944834727479
6,prefetch-hidden,2,400,1.0,frequency,5000,1;5,1,424267.73780680145,5000,429267.73780680145,423820.06522361666,0.9873093826919819
6,prefetch-hidden,2,400,1.0,frequency,20000,1;5,1,424267.73780680145,20000,444267.73780680145,423820.06522361666,0.9539744373874007
6,prefetch-hidden,2,400,1.0,residual,0,10;15,2,391187.9996671668,0,391187.9996671668,423820.06522361666,1.0834178594031876
6,prefetch-hidden,2,400,1.0,residual,5000,10;15,2,391187.9996671668,10000,401187.9996671668,423820.06522361666,1.0564126184612348
6,prefetch-hidden,2,400,1.0,residual,20000,10;15,2,391187.9996671668,40000,431187.9996671668,423820.06522361666,0.9829124779696156
6,prefetch-hidden,2,400,1.0,oracle,0,8;12,2,385787.9996671668,0,385787.9996671668,423820.06522361666,1.0985828112571192
6,prefetch-hidden,2,400,1.0,oracle,5000,8;12,2,385787.9996671668,10000,395787.9996671668,423820.06522361666,1.0708259613227866
6,prefetch-hidden,2,400,1.0,oracle,20000,8;12,2,385787.9996671668,40000,425787.9996671668,423820.06522361666,0.9953781354921031
6,prefetch-hidden,4,200,0.01,frequency,0,1;2;3;12,1,238580.72695214202,0,238580.72695214202,247190.48673803586,1.0360874069581527
6,prefetch-hidden,4,200,0.01,frequency,5000,1;2;3;12,1,238580.72695214202,5000,243580.72695214202,247190.48673803586,1.014819562413914
6,prefetch-hidden,4,200,0.01,frequency,20000,1;2;3;12,1,238580.72695214202,20000,258580.72695214202,247190.48673803586,0.9559509312686932
6,prefetch-hidden,4,200,0.01,residual,0,9;12;13;15,4,216834.92189639944,0,216834.92189639944,247190.48673803586,1.139993892940086
6,prefetch-hidden,4,200,0.01,residual,5000,9;12;13;15,4,216834.92189639944,20000,236834.92189639944,247190.48673803586,1.0437248221618531
6,prefetch-hidden,4,200,0.01,residual,20000,9;12;13;15,4,216834.92189639944,80000,296834.92189639946,247190.48673803586,0.8327540612768926
6,prefetch-hidden,4,200,0.01,oracle,0,8;12;14;15,4,212734.92189639944,0,212734.92189639944,247190.48673803586,1.1619647800863464
6,prefetch-hidden,4,200,0.01,oracle,5000,8;12;14;15,4,212734.92189639944,20000,232734.92189639944,247190.48673803586,1.0621117137206906
6,prefetch-hidden,4,200,0.01,oracle,20000,8;12;14;15,4,212734.92189639944,80000,292734.92189639946,247190.48673803586,0.8444174857467739
6,prefetch-hidden,4,200,0.1,frequency,0,1;3;6;7,2,247195.84156425035,0,247195.84156425035,247190.48673803586,0.9999783377172504
6,prefetch-hidden,4,200,0.1,frequency,5000,1;3;6;7,2,247195.84156425035,10000,257195.84156425035,247190.48673803586,0.9610983025022392
6,prefetch-hidden,4,200,0.1,frequency,20000,1;3;6;7,2,247195.84156425035,40000,287195.84156425035,247190.48673803586,0.8607035721397636
6,prefetch-hidden,4,200,0.1,residual,0,10;11;12;15,4,215234.92189639944,0,215234.92189639944,247190.48673803586,1.1484683087673748
6,prefetch-hidden,4,200,0.1,residual,5000,10;11;12;15,4,215234.92189639944,20000,235234.92189639944,247190.48673803586,1.0508239369616295
6,prefetch-hidden,4,200,0.1,residual,20000,10;11;12;15,4,215234.92189639944,80000,295234.92189639946,247190.48673803586,0.8372670995363387
6,prefetch-hidden,4,200,0.1,oracle,0,8;12;14;15,4,212734.92189639944,0,212734.92189639944,247190.48673803586,1.1619647800863464
6,prefetch-hidden,4,200,0.1,oracle,5000,8;12;14;15,4,212734.92189639944,20000,232734.92189639944,247190.48673803586,1.0621117137206906
6,prefetch-hidden,4,200,0.1,oracle,20000,8;12;14;15,4,212734.92189639944,80000,292734.92189639946,247190.48673803586,0.8444174857467739
6,prefetch-hidden,4,200,1.0,frequency,0,1;2;3;5,1,247175.72399936133,0,247175.72399936133,247190.48673803586,1.0000597256819386
6,prefetch-hidden,4,200,1.0,frequency,5000,1;2;3;5,1,247175.72399936133,5000,252175.72399936133,247190.48673803586,0.9802310976557835
6,prefetch-hidden,4,200,1.0,frequency,20000,1;2;3;5,1,247175.72399936133,20000,267175.72399936133,247190.48673803586,0.9251981543750837
6,prefetch-hidden,4,200,1.0,residual,0,10;11;14;15,4,215734.92189639944,0,215734.92189639944,247190.48673803586,1.1458065507666955
6,prefetch-hidden,4,200,1.0,residual,5000,10;11;14;15,4,215734.92189639944,20000,235734.92189639944,247190.48673803586,1.048595111617238
6,prefetch-hidden,4,200,1.0,residual,20000,10;11;14;15,4,215734.92189639944,80000,295734.92189639946,247190.48673803586,0.8358515293118833
6,prefetch-hidden,4,200,1.0,oracle,0,8;12;14;15,4,212734.92189639944,0,212734.92189639944,247190.48673803586,1.1619647800863464
6,prefetch-hidden,4,200,1.0,oracle,5000,8;12;14;15,4,212734.92189639944,20000,232734.92189639944,247190.48673803586,1.0621117137206906
6,prefetch-hidden,4,200,1.0,oracle,20000,8;12;14;15,4,212734.92189639944,80000,292734.92189639946,247190.48673803586,0.8444174857467739
6,prefetch-hidden,4,300,0.01,frequency,0,1;2;3;12,1,307099.98352943105,0,307099.98352943105,321519.92884023546,1.0469552135596987
6,prefetch-hidden,4,300,0.01,frequency,5000,1;2;3;12,1,307099.98352943105,5000,312099.98352943105,321519.92884023546,1.0301824601343375
6,prefetch-hidden,4,300,0.01,frequency,20000,1;2;3;12,1,307099.98352943105,20000,327099.98352943105,321519.92884023546,0.9829408285840114
6,prefetch-hidden,4,300,0.01,residual,0,9;12;13;15,4,271827.990970365,0,271827.990970365,321519.92884023546,1.182806552380722
6,prefetch-hidden,4,300,0.01,residual,5000,9;12;13;15,4,271827.990970365,20000,291827.990970365,321519.92884023546,1.1017446536610178
6,prefetch-hidden,4,300,0.01,residual,20000,9;12;13;15,4,271827.990970365,80000,351827.990970365,321519.92884023546,0.9138554551997472
6,prefetch-hidden,4,300,0.01,oracle,0,8;12;14;15,4,263627.990970365,0,263627.990970365,321519.92884023546,1.2195970832110092
6,prefetch-hidden,4,300,0.01,oracle,5000,8;12;14;15,4,263627.990970365,20000,283627.990970365,321519.92884023546,1.1335973143561475
6,prefetch-hidden,4,300,0.01,oracle,20000,8;12;14;15,4,263627.990970365,80000,343627.990970365,321519.92884023546,0.93566280189312
6,prefetch-hidden,4,300,0.1,frequency,0,1;3;6;7,2,321965.6652065433,0,321965.6652065433,321519.92884023546,0.9986155779498355
6,prefetch-hidden,4,300,0.1,frequency,5000,1;3;6;7,2,321965.6652065433,10000,331965.6652065433,321519.92884023546,0.9685336844706254
6,prefetch-hidden,4,300,0.1,frequency,20000,1;3;6;7,2,321965.6652065433,40000,361965.6652065433,321519.92884023546,0.8882608483231997
6,prefetch-hidden,4,300,0.1,residual,0,10;11;12;15,4,268627.990970365,0,268627.990970365,321519.92884023546,1.196896599192098
6,prefetch-hidden,4,300,0.1,residual,5000,10;11;12;15,4,268627.990970365,20000,288627.990970365,321519.92884023546,1.1139596258813569
6,prefetch-hidden,4,300,0.1,residual,20000,10;11;12;15,4,268627.990970365,80000,348627.990970365,321519.92884023546,0.9222435867680118
6,prefetch-hidden,4,300,0.1,oracle,0,8;12;14;15,4,263627.990970365,0,263627.990970365,321519.92884023546,1.2195970832110092
6,prefetch-hidden,4,300,0.1,oracle,5000,8;12;14;15,4,263627.990970365,20000,283627.990970365,321519.92884023546,1.1335973143561475
6,prefetch-hidden,4,300,0.1,oracle,20000,8;12;14;15,4,263627.990970365,80000,343627.990970365,321519.92884023546,0.93566280189312
6,prefetch-hidden,4,300,1.0,frequency,0,1;2;3;5,1,321765.46043289115,0,321765.46043289115,321519.92884023546,0.9992369237135479
6,prefetch-hidden,4,300,1.0,frequency,5000,1;2;3;5,1,321765.46043289115,5000,326765.46043289115,321519.92884023546,0.9839471051019084
6,prefetch-hidden,4,300,1.0,frequency,20000,1;2;3;5,1,321765.46043289115,20000,341765.46043289115,321519.92884023546,0.9407619144222121
6,prefetch-hidden,4,300,1.0,residual,0,10;11;14;15,4,269627.990970365,0,269627.990970365,321519.92884023546,1.192457532628999
6,prefetch-hidden,4,300,1.0,residual,5000,10;11;14;15,4,269627.990970365,20000,289627.990970365,321519.92884023546,1.110113451959599
6,prefetch-hidden,4,300,1.0,residual,20000,10;11;14;15,4,269627.990970365,80000,349627.990970365,321519.92884023546,0.9196058014344967
6,prefetch-hidden,4,300,1.0,oracle,0,8;12;14;15,4,263627.990970365,0,263627.990970365,321519.92884023546,1.2195970832110092
6,prefetch-hidden,4,300,1.0,oracle,5000,8;12;14;15,4,263627.990970365,20000,283627.990970365,321519.92884023546,1.1335973143561475
6,prefetch-hidden,4,300,1.0,oracle,20000,8;12;14;15,4,263627.990970365,80000,343627.990970365,321519.92884023546,0.93566280189312
6,prefetch-hidden,4,400,0.01,frequency,0,1;2;3;12,1,389244.26891063753,0,389244.26891063753,406725.793872595,1.0449114511329411
6,prefetch-hidden,4,400,0.01,frequency,5000,1;2;3;12,1,389244.26891063753,5000,394244.26891063753,406725.793872595,1.0316593694473886
6,prefetch-hidden,4,400,0.01,frequency,20000,1;2;3;12,1,389244.26891063753,20000,409244.26891063753,406725.793872595,0.9938460346805921
6,prefetch-hidden,4,400,0.01,residual,0,9;12;13;15,4,347987.99966716685,0,347987.99966716685,406725.793872595,1.1687925855535477
6,prefetch-hidden,4,400,0.01,residual,5000,9;12;13;15,4,347987.99966716685,20000,367987.99966716685,406725.793872595,1.1052691779092396
6,prefetch-hidden,4,400,0.01,residual,20000,9;12;13;15,4,347987.99966716685,80000,427987.99966716685,406725.793872595,0.950320556157867
6,prefetch-hidden,4,400,0.01,oracle,0,8;12;14;15,4,335687.99966716685,0,335687.99966716685,406725.793872595,1.2116185096752397
6,prefetch-hidden,4,400,0.01,oracle,5000,8;12;14;15,4,335687.99966716685,20000,355687.99966716685,406725.793872595,1.1434903461831338
6,prefetch-hidden,4,400,0.01,oracle,20000,8;12;14;15,4,335687.99966716685,80000,415687.99966716685,406725.793872595,0.9784400661030684
6,prefetch-hidden,4,400,0.1,frequency,0,1;3;6;7,2,407558.6300314119,0,407558.6300314119,406725.793872595,0.9979565242950378
6,prefetch-hidden,4,400,0.1,frequency,5000,1;3;6;7,2,407558.6300314119,10000,417558.6300314119,406725.793872595,0.9740567302895836
6,prefetch-hidden,4,400,0.1,frequency,20000,1;3;6;7,2,407558.6300314119,40000,447558.6300314119,406725.793872595,0.9087653920203683
6,prefetch-hidden,4,400,0.1,residual,0,10;11;12;15,4,343187.99966716685,0,343187.99966716685,406725.793872595,1.1851399066023545
6,prefetch-hidden,4,400,0.1,residual,5000,10;11;12;15,4,343187.99966716685,20000,363187.99966716685,406725.793872595,1.1198767421977793
6,prefetch-hidden,4,400,0.1,residual,20000,10;11;12;15,4,343187.99966716685,80000,423187.99966716685,406725.793872595,0.9610995448653572
6,prefetch-hidden,4,400,0.1,oracle,0,8;12;14;15,4,335687.99966716685,0,335687.99966716685,406725.793872595,1.2116185096752397
6,prefetch-hidden,4,400,0.1,oracle,5000,8;12;14;15,4,335687.99966716685,20000,355687.99966716685,406725.793872595,1.1434903461831338
6,prefetch-hidden,4,400,0.1,oracle,20000,8;12;14;15,4,335687.99966716685,80000,415687.99966716685,406725.793872595,0.9784400661030684
6,prefetch-hidden,4,400,1.0,frequency,0,1;2;3;5,1,407173.4664557798,0,407173.4664557798,406725.793872595,0.9989005359630098
6,prefetch-hidden,4,400,1.0,frequency,5000,1;2;3;5,1,407173.4664557798,5000,412173.4664557798,406725.793872595,0.9867830585262353
6,prefetch-hidden,4,400,1.0,frequency,20000,1;2;3;5,1,407173.4664557798,20000,427173.4664557798,406725.793872595,0.9521326248260752
6,prefetch-hidden,4,400,1.0,residual,0,10;11;14;15,4,344687.99966716685,0,344687.99966716685,406725.793872595,1.1799824602693807
6,prefetch-hidden,4,400,1.0,residual,5000,10;11;14;15,4,344687.99966716685,20000,364687.99966716685,406725.793872595,1.1152705716771434
6,prefetch-hidden,4,400,1.0,residual,20000,10;11;14;15,4,344687.99966716685,80000,424687.99966716685,406725.793872595,0.9577049367802974
6,prefetch-hidden,4,400,1.0,oracle,0,8;12;14;15,4,335687.99966716685,0,335687.99966716685,406725.793872595,1.2116185096752397
6,prefetch-hidden,4,400,1.0,oracle,5000,8;12;14;15,4,335687.99966716685,20000,355687.99966716685,406725.793872595,1.1434903461831338
6,prefetch-hidden,4,400,1.0,oracle,20000,8;12;14;15,4,335687.99966716685,80000,415687.99966716685,406725.793872595,0.9784400661030684
6,prefetch-hidden,8,200,0.01,frequency,0,0;1;2;3;4;12;13;15,3,222891.2035529915,0,222891.2035529915,246800.0,1.1072666667230062
6,prefetch-hidden,8,200,0.01,frequency,5000,0;1;2;3;4;12;13;15,3,222891.2035529915,15000,237891.2035529915,246800.0,1.037449036845215
6,prefetch-hidden,8,200,0.01,frequency,20000,0;1;2;3;4;12;13;15,3,222891.2035529915,60000,282891.2035529915,246800.0,0.8724201986498642
6,prefetch-hidden,8,200,0.01,residual,0,0;1;3;9;10;12;13;15,5,208791.80195035494,0,208791.80195035494,246800.0,1.1820387471854972
6,prefetch-hidden,8,200,0.01,residual,5000,0;1;3;9;10;12;13;15,5,208791.80195035494,25000,233791.80195035494,246800.0,1.0556400949097748
6,prefetch-hidden,8,200,0.01,residual,20000,0;1;3;9;10;12;13;15,5,208791.80195035494,100000,308791.80195035494,246800.0,0.7992440163281229
6,prefetch-hidden,8,200,0.01,oracle,0,8;9;10;11;12;13;14;15,8,184134.92189639944,0,184134.92189639944,246800.0,1.3403215286824195
6,prefetch-hidden,8,200,0.01,oracle,5000,8;9;10;11;12;13;14;15,8,184134.92189639944,40000,224134.92189639944,246800.0,1.1011224753011801
6,prefetch-hidden,8,200,0.01,oracle,20000,8;9;10;11;12;13;14;15,8,184134.92189639944,160000,344134.92189639946,246800.0,0.7171605794610354
6,prefetch-hidden,8,200,0.1,frequency,0,0;1;2;3;4;5;6;7,0,246800.0,0,246800.0,246800.0,1.0
6,prefetch-hidden,8,200,0.1,frequency,5000,0;1;2;3;4;5;6;7,0,246800.0,0,246800.0,246800.0,1.0
6,prefetch-hidden,8,200,0.1,frequency,20000,0;1;2;3;4;5;6;7,0,246800.0,0,246800.0,246800.0,1.0
6,prefetch-hidden,8,200,0.1,residual,0,8;9;10;11;12;13;14;15,8,184134.92189639944,0,184134.92189639944,246800.0,1.3403215286824195
6,prefetch-hidden,8,200,0.1,residual,5000,8;9;10;11;12;13;14;15,8,184134.92189639944,40000,224134.92189639944,246800.0,1.1011224753011801
6,prefetch-hidden,8,200,0.1,residual,20000,8;9;10;11;12;13;14;15,8,184134.92189639944,160000,344134.92189639946,246800.0,0.7171605794610354
6,prefetch-hidden,8,200,0.1,oracle,0,8;9;10;11;12;13;14;15,8,184134.92189639944,0,184134.92189639944,246800.0,1.3403215286824195
6,prefetch-hidden,8,200,0.1,oracle,5000,8;9;10;11;12;13;14;15,8,184134.92189639944,40000,224134.92189639944,246800.0,1.1011224753011801
6,prefetch-hidden,8,200,0.1,oracle,20000,8;9;10;11;12;13;14;15,8,184134.92189639944,160000,344134.92189639946,246800.0,0.7171605794610354
6,prefetch-hidden,8,200,1.0,frequency,0,0;1;2;3;4;5;6;7,0,246800.0,0,246800.0,246800.0,1.0
6,prefetch-hidden,8,200,1.0,frequency,5000,0;1;2;3;4;5;6;7,0,246800.0,0,246800.0,246800.0,1.0
6,prefetch-hidden,8,200,1.0,frequency,20000,0;1;2;3;4;5;6;7,0,246800.0,0,246800.0,246800.0,1.0
6,prefetch-hidden,8,200,1.0,residual,0,8;9;10;11;12;13;14;15,8,184134.92189639944,0,184134.92189639944,246800.0,1.3403215286824195
6,prefetch-hidden,8,200,1.0,residual,5000,8;9;10;11;12;13;14;15,8,184134.92189639944,40000,224134.92189639944,246800.0,1.1011224753011801
6,prefetch-hidden,8,200,1.0,residual,20000,8;9;10;11;12;13;14;15,8,184134.92189639944,160000,344134.92189639946,246800.0,0.7171605794610354
6,prefetch-hidden,8,200,1.0,oracle,0,8;9;10;11;12;13;14;15,8,184134.92189639944,0,184134.92189639944,246800.0,1.3403215286824195
6,prefetch-hidden,8,200,1.0,oracle,5000,8;9;10;11;12;13;14;15,8,184134.92189639944,40000,224134.92189639944,246800.0,1.1011224753011801
6,prefetch-hidden,8,200,1.0,oracle,20000,8;9;10;11;12;13;14;15,8,184134.92189639944,160000,344134.92189639946,246800.0,0.7171605794610354
6,prefetch-hidden,8,300,0.01,frequency,0,0;1;2;3;4;12;13;15,3,270193.5555946323,0,270193.5555946323,310200.0,1.1480658719536185
6,prefetch-hidden,8,300,0.01,frequency,5000,0;1;2;3;4;12;13;15,3,270193.5555946323,15000,285193.5555946323,310200.0,1.087682361381655
6,prefetch-hidden,8,300,0.01,frequency,20000,0;1;2;3;4;12;13;15,3,270193.5555946323,60000,330193.5555946323,310200.0,0.9394489830105052
6,prefetch-hidden,8,300,0.01,residual,0,0;1;3;9;10;12;13;15,5,247644.64301544003,0,247644.64301544003,310200.0,1.2526012928156083
6,prefetch-hidden,8,300,0.01,residual,5000,0;1;3;9;10;12;13;15,5,247644.64301544003,25000,272644.64301544003,310200.0,1.137744708897263
6,prefetch-hidden,8,300,0.01,residual,20000,0;1;3;9;10;12;13;15,5,247644.64301544003,100000,347644.64301544003,310200.0,0.8922904645081012
6,prefetch-hidden,8,300,0.01,oracle,0,8;9;10;11;12;13;14;15,8,206427.990970365,0,206427.990970365,310200.0,1.5027031874012309
6,prefetch-hidden,8,300,0.01,oracle,5000,8;9;10;11;12;13;14;15,8,206427.990970365,40000,246427.990970365,310200.0,1.258785573743139
6,prefetch-hidden,8,300,0.01,oracle,20000,8;9;10;11;12;13;14;15,8,206427.990970365,160000,366427.990970365,310200.0,0.8465510486208668
6,prefetch-hidden,8,300,0.1,frequency,0,0;1;2;3;4;5;6;7,0,310200.0,0,310200.0,310200.0,1.0
6,prefetch-hidden,8,300,0.1,frequency,5000,0;1;2;3;4;5;6;7,0,310200.0,0,310200.0,310200.0,1.0
6,prefetch-hidden,8,300,0.1,frequency,20000,0;1;2;3;4;5;6;7,0,310200.0,0,310200.0,310200.0,1.0
6,prefetch-hidden,8,300,0.1,residual,0,8;9;10;11;12;13;14;15,8,206427.990970365,0,206427.990970365,310200.0,1.5027031874012309
6,prefetch-hidden,8,300,0.1,residual,5000,8;9;10;11;12;13;14;15,8,206427.990970365,40000,246427.990970365,310200.0,1.258785573743139
6,prefetch-hidden,8,300,0.1,residual,20000,8;9;10;11;12;13;14;15,8,206427.990970365,160000,366427.990970365,310200.0,0.8465510486208668
6,prefetch-hidden,8,300,0.1,oracle,0,8;9;10;11;12;13;14;15,8,206427.990970365,0,206427.990970365,310200.0,1.5027031874012309
6,prefetch-hidden,8,300,0.1,oracle,5000,8;9;10;11;12;13;14;15,8,206427.990970365,40000,246427.990970365,310200.0,1.258785573743139
6,prefetch-hidden,8,300,0.1,oracle,20000,8;9;10;11;12;13;14;15,8,206427.990970365,160000,366427.990970365,310200.0,0.8465510486208668
6,prefetch-hidden,8,300,1.0,frequency,0,0;1;2;3;4;5;6;7,0,310200.0,0,310200.0,310200.0,1.0
6,prefetch-hidden,8,300,1.0,frequency,5000,0;1;2;3;4;5;6;7,0,310200.0,0,310200.0,310200.0,1.0
6,prefetch-hidden,8,300,1.0,frequency,20000,0;1;2;3;4;5;6;7,0,310200.0,0,310200.0,310200.0,1.0
6,prefetch-hidden,8,300,1.0,residual,0,8;9;10;11;12;13;14;15,8,206427.990970365,0,206427.990970365,310200.0,1.5027031874012309
6,prefetch-hidden,8,300,1.0,residual,5000,8;9;10;11;12;13;14;15,8,206427.990970365,40000,246427.990970365,310200.0,1.258785573743139
6,prefetch-hidden,8,300,1.0,residual,20000,8;9;10;11;12;13;14;15,8,206427.990970365,160000,366427.990970365,310200.0,0.8465510486208668
6,prefetch-hidden,8,300,1.0,oracle,0,8;9;10;11;12;13;14;15,8,206427.990970365,0,206427.990970365,310200.0,1.5027031874012309
6,prefetch-hidden,8,300,1.0,oracle,5000,8;9;10;11;12;13;14;15,8,206427.990970365,40000,246427.990970365,310200.0,1.258785573743139
6,prefetch-hidden,8,300,1.0,oracle,20000,8;9;10;11;12;13;14;15,8,206427.990970365,160000,366427.990970365,310200.0,0.8465510486208668
6,prefetch-hidden,8,400,0.01,frequency,0,0;1;2;3;4;12;13;15,3,325715.1078454361,0,325715.1078454361,373600.0,1.14701464869504
6,prefetch-hidden,8,400,0.01,frequency,5000,0;1;2;3;4;12;13;15,3,325715.1078454361,15000,340715.1078454361,373600.0,1.096517270286359
6,prefetch-hidden,8,400,0.01,frequency,20000,0;1;2;3;4;12;13;15,3,325715.1078454361,60000,385715.1078454361,373600.0,0.9685905280892164
6,prefetch-hidden,8,400,0.01,residual,0,1;2;3;9;10;12;13;15,5,299844.2689106376,0,299844.2689106376,373600.0,1.2459801261412262
6,prefetch-hidden,8,400,0.01,residual,5000,1;2;3;9;10;12;13;15,5,299844.2689106376,25000,324844.2689106376,373600.0,1.150089552919817
6,prefetch-hidden,8,400,0.01,residual,20000,1;2;3;9;10;12;13;15,5,299844.2689106376,100000,399844.2689106376,373600.0,0.9343637737208558
6,prefetch-hidden,8,400,0.01,oracle,0,8;9;10;11;12;13;14;15,8,249887.9996671668,0,249887.9996671668,373600.0,1.495069793257815
6,prefetch-hidden,8,400,0.01,oracle,5000,8;9;10;11;12;13;14;15,8,249887.9996671668,40000,289887.9996671668,373600.0,1.2887735967992695
6,prefetch-hidden,8,400,0.01,oracle,20000,8;9;10;11;12;13;14;15,8,249887.9996671668,160000,409887.9996671668,373600.0,0.9114684994519648
6,prefetch-hidden,8,400,0.1,frequency,0,0;1;2;3;4;5;6;7,0,373600.0,0,373600.0,373600.0,1.0
6,prefetch-hidden,8,400,0.1,frequency,5000,0;1;2;3;4;5;6;7,0,373600.0,0,373600.0,373600.0,1.0
6,prefetch-hidden,8,400,0.1,frequency,20000,0;1;2;3;4;5;6;7,0,373600.0,0,373600.0,373600.0,1.0
6,prefetch-hidden,8,400,0.1,residual,0,8;9;10;11;12;13;14;15,8,249887.9996671668,0,249887.9996671668,373600.0,1.495069793257815
6,prefetch-hidden,8,400,0.1,residual,5000,8;9;10;11;12;13;14;15,8,249887.9996671668,40000,289887.9996671668,373600.0,1.2887735967992695
6,prefetch-hidden,8,400,0.1,residual,20000,8;9;10;11;12;13;14;15,8,249887.9996671668,160000,409887.9996671668,373600.0,0.9114684994519648
6,prefetch-hidden,8,400,0.1,oracle,0,8;9;10;11;12;13;14;15,8,249887.9996671668,0,249887.9996671668,373600.0,1.495069793257815
6,prefetch-hidden,8,400,0.1,oracle,5000,8;9;10;11;12;13;14;15,8,249887.9996671668,40000,289887.9996671668,373600.0,1.2887735967992695
6,prefetch-hidden,8,400,0.1,oracle,20000,8;9;10;11;12;13;14;15,8,249887.9996671668,160000,409887.9996671668,373600.0,0.9114684994519648
6,prefetch-hidden,8,400,1.0,frequency,0,0;1;2;3;4;5;6;7,0,373600.0,0,373600.0,373600.0,1.0
6,prefetch-hidden,8,400,1.0,frequency,5000,0;1;2;3;4;5;6;7,0,373600.0,0,373600.0,373600.0,1.0
6,prefetch-hidden,8,400,1.0,frequency,20000,0;1;2;3;4;5;6;7,0,373600.0,0,373600.0,373600.0,1.0
6,prefetch-hidden,8,400,1.0,residual,0,8;9;10;11;12;13;14;15,8,249887.9996671668,0,249887.9996671668,373600.0,1.495069793257815
6,prefetch-hidden,8,400,1.0,residual,5000,8;9;10;11;12;13;14;15,8,249887.9996671668,40000,289887.9996671668,373600.0,1.2887735967992695
6,prefetch-hidden,8,400,1.0,residual,20000,8;9;10;11;12;13;14;15,8,249887.9996671668,160000,409887.9996671668,373600.0,0.9114684994519648
6,prefetch-hidden,8,400,1.0,oracle,0,8;9;10;11;12;13;14;15,8,249887.9996671668,0,249887.9996671668,373600.0,1.495069793257815
6,prefetch-hidden,8,400,1.0,oracle,5000,8;9;10;11;12;13;14;15,8,249887.9996671668,40000,289887.9996671668,373600.0,1.2887735967992695
6,prefetch-hidden,8,400,1.0,oracle,20000,8;9;10;11;12;13;14;15,8,249887.9996671668,160000,409887.9996671668,373600.0,0.9114684994519648
6,phase-reversal,2,200,0.01,frequency,0,1;3,1,423705.2402294438,0,423705.2402294438,421805.2402294438,0.9955157505274868
6,phase-reversal,2,200,0.01,frequency,5000,1;3,1,423705.2402294438,5000,428705.2402294438,421805.2402294438,0.9839050252889209
6,phase-reversal,2,200,0.01,frequency,20000,1;3,1,423705.2402294438,20000,443705.2402294438,421805.2402294438,0.9506429088178555
6,phase-reversal,2,200,0.01,residual,0,12;15,2,467216.0065967345,0,467216.0065967345,421805.2402294438,0.9028056279619593
6,phase-reversal,2,200,0.01,residual,5000,12;15,2,467216.0065967345,10000,477216.0065967345,421805.2402294438,0.883887452220112
6,phase-reversal,2,200,0.01,residual,20000,12;15,2,467216.0065967345,40000,507216.0065967345,421805.2402294438,0.8316086928321308
6,phase-reversal,2,200,0.01,oracle,0,0;2,1,418105.2402294438,0,418105.2402294438,421805.2402294438,1.0088494466081543
6,phase-reversal,2,200,0.01,oracle,5000,0;2,1,418105.2402294438,5000,423105.2402294438,421805.2402294438,0.9969274783756046
6,phase-reversal,2,200,0.01,oracle,20000,0;2,1,418105.2402294438,20000,438105.2402294438,421805.2402294438,0.9627943277020302
6,phase-reversal,2,200,0.1,frequency,0,3;7,2,425005.2402294438,0,425005.2402294438,421805.2402294438,0.9924706810714323
6,phase-reversal,2,200,0.1,frequency,5000,3;7,2,425005.2402294438,10000,435005.2402294438,421805.2402294438,0.9696555379584907
6,phase-reversal,2,200,0.1,frequency,20000,3;7,2,425005.2402294438,40000,465005.2402294438,421805.2402294438,0.9070978211370604
6,phase-reversal,2,200,0.1,residual,0,11;15,2,467230.4538746543,0,467230.4538746543,421805.2402294438,0.9027777122220786
6,phase-reversal,2,200,0.1,residual,5000,11;15,2,467230.4538746543,10000,477230.4538746543,421805.2402294438,0.8838606941463798
6,phase-reversal,2,200,0.1,residual,20000,11;15,2,467230.4538746543,40000,507230.4538746543,421805.2402294438,0.8315850063956913
6,phase-reversal,2,200,0.1,oracle,0,0;2,1,418105.2402294438,0,418105.2402294438,421805.2402294438,1.0088494466081543
6,phase-reversal,2,200,0.1,oracle,5000,0;2,1,418105.2402294438,5000,423105.2402294438,421805.2402294438,0.9969274783756046
6,phase-reversal,2,200,0.1,oracle,20000,0;2,1,418105.2402294438,20000,438105.2402294438,421805.2402294438,0.9627943277020302
6,phase-reversal,2,200,1.0,frequency,0,1;5,1,427305.2402294438,0,427305.2402294438,421805.2402294438,0.9871286390097936
6,phase-reversal,2,200,1.0,frequency,5000,1;5,1,427305.2402294438,5000,432305.2402294438,421805.2402294438,0.9757116060068409
6,phase-reversal,2,200,1.0,frequency,20000,1;5,1,427305.2402294438,20000,447305.2402294438,421805.2402294438,0.9429919488827812
6,phase-reversal,2,200,1.0,residual,0,10;15,2,467218.83939875825,0,467218.83939875825,421805.2402294438,0.9028001541467056
6,phase-reversal,2,200,1.0,residual,5000,10;15,2,467218.83939875825,10000,477218.83939875825,421805.2402294438,0.8838822054067914
6,phase-reversal,2,200,1.0,residual,20000,10;15,2,467218.83939875825,40000,507218.83939875825,421805.2402294438,0.8316040483224931
6,phase-reversal,2,200,1.0,oracle,0,0;2,1,418105.2402294438,0,418105.2402294438,421805.2402294438,1.0088494466081543
6,phase-reversal,2,200,1.0,oracle,5000,0;2,1,418105.2402294438,5000,423105.2402294438,421805.2402294438,0.9969274783756046
6,phase-reversal,2,200,1.0,oracle,20000,0;2,1,418105.2402294438,20000,438105.2402294438,421805.2402294438,0.9627943277020302
6,phase-reversal,2,300,0.01,frequency,0,1;3,1,562089.7123277268,0,562089.7123277268,558289.7123277268,0.9932395133434067
6,phase-reversal,2,300,0.01,frequency,5000,1;3,1,562089.7123277268,5000,567089.7123277268,558289.7123277268,0.9844821730870787
6,phase-reversal,2,300,0.01,frequency,20000,1;3,1,562089.7123277268,20000,582089.7123277268,558289.7123277268,0.9591128317577958
6,phase-reversal,2,300,0.01,residual,0,12;15,2,646829.6867889132,0,646829.6867889132,558289.7123277268,0.8631170209568927
6,phase-reversal,2,300,0.01,residual,5000,12;15,2,646829.6867889132,10000,656829.6867889132,558289.7123277268,0.8499763691514534
6,phase-reversal,2,300,0.01,residual,20000,12;15,2,646829.6867889132,40000,686829.6867889132,558289.7123277268,0.8128502932624528
6,phase-reversal,2,300,0.01,oracle,0,0;2,1,550889.7123277268,0,550889.7123277268,558289.7123277268,1.013432815742251
6,phase-reversal,2,300,0.01,oracle,5000,0;2,1,550889.7123277268,5000,555889.7123277268,558289.7123277268,1.0043174031588933
6,phase-reversal,2,300,0.01,oracle,20000,0;2,1,550889.7123277268,20000,570889.7123277268,558289.7123277268,0.9779291871478553
6,phase-reversal,2,300,0.1,frequency,0,3;7,2,564689.7123277268,0,564689.7123277268,558289.7123277268,0.9886663421339511
6,phase-reversal,2,300,0.1,frequency,5000,3;7,2,564689.7123277268,10000,574689.7123277268,558289.7123277268,0.9714628613524795
6,phase-reversal,2,300,0.1,frequency,20000,3;7,2,564689.7123277268,40000,604689.7123277268,558289.7123277268,0.9232664306105272
6,phase-reversal,2,300,0.1,residual,0,11;15,2,647012.8710471218,0,647012.8710471218,558289.7123277268,0.8628726526323873
6,phase-reversal,2,300,0.1,residual,5000,11;15,2,647012.8710471218,10000,657012.8710471218,558289.7123277268,0.8497393840062009
6,phase-reversal,2,300,0.1,residual,20000,11;15,2,647012.8710471218,40000,687012.8710471218,558289.7123277268,0.8126335558703587
6,phase-reversal,2,300,0.1,oracle,0,0;2,1,550889.7123277268,0,550889.7123277268,558289.7123277268,1.013432815742251
6,phase-reversal,2,300,0.1,oracle,5000,0;2,1,550889.7123277268,5000,555889.7123277268,558289.7123277268,1.0043174031588933
6,phase-reversal,2,300,0.1,oracle,20000,0;2,1,550889.7123277268,20000,570889.7123277268,558289.7123277268,0.9779291871478553
6,phase-reversal,2,300,1.0,frequency,0,1;5,1,569289.7123277268,0,569289.7123277268,558289.7123277268,0.9806776764768453
6,phase-reversal,2,300,1.0,frequency,5000,1;5,1,569289.7123277268,5000,574289.7123277268,558289.7123277268,0.9721394974408503
6,phase-reversal,2,300,1.0,frequency,20000,1;5,1,569289.7123277268,20000,589289.7123277268,558289.7123277268,0.9473942963002896
6,phase-reversal,2,300,1.0,residual,0,10;15,2,646715.5085153013,0,646715.5085153013,558289.7123277268,0.8632694051352221
6,phase-reversal,2,300,1.0,residual,5000,10;15,2,646715.5085153013,10000,656715.5085153013,558289.7123277268,0.8501241482630812
6,phase-reversal,2,300,1.0,residual,20000,10;15,2,646715.5085153013,40000,686715.5085153013,558289.7123277268,0.8129854436151663
6,phase-reversal,2,300,1.0,oracle,0,0;2,1,550889.7123277268,0,550889.7123277268,558289.7123277268,1.013432815742251
6,phase-reversal,2,300,1.0,oracle,5000,0;2,1,550889.7123277268,5000,555889.7123277268,558289.7123277268,1.0043174031588933
6,phase-reversal,2,300,1.0,oracle,20000,0;2,1,550889.7123277268,20000,570889.7123277268,558289.7123277268,0.9779291871478553
6,phase-reversal,2,400,0.01,frequency,0,1;3,1,708368.4091702721,0,708368.4091702721,702668.4091702721,0.9919533396376661
6,phase-reversal,2,400,0.01,frequency,5000,1;3,1,708368.4091702721,5000,713368.4091702721,702668.4091702721,0.9850007375397443
6,phase-reversal,2,400,0.01,frequency,20000,1;3,1,708368.4091702721,20000,728368.4091702721,702668.4091702721,0.964715658070239
6,phase-reversal,2,400,0.01,residual,0,12;15,2,832222.4906329211,0,832222.4906329211,702668.4091702721,0.8443275891713516
6,phase-reversal,2,400,0.01,residual,5000,12;15,2,832222.4906329211,10000,842222.4906329211,702668.4091702721,0.8343025946056419
6,phase-reversal,2,400,0.01,residual,20000,12;15,2,832222.4906329211,40000,872222.4906329211,702668.4091702721,0.8056068454052205
6,phase-reversal,2,400,0.01,oracle,0,0;2,1,691568.4091702721,0,691568.4091702721,702668.4091702721,1.0160504728857085
6,phase-reversal,2,400,0.01,oracle,5000,0;2,1,691568.4091702721,5000,696568.4091702721,702668.4091702721,1.0087572159743308
6,phase-reversal,2,400,0.01,oracle,20000,0;2,1,691568.4091702721,20000,711568.4091702721,702668.4091702721,0.9874924183180394
6,phase-reversal,2,400,0.1,frequency,0,3;7,2,712268.4091702721,0,712268.4091702721,702668.4091702721,0.9865219348824088
6,phase-reversal,2,400,0.1,frequency,5000,3;7,2,712268.4091702721,10000,722268.4091702721,702668.4091702721,0.9728632738866205
6,phase-reversal,2,400,0.1,frequency,20000,3;7,2,712268.4091702721,40000,752268.4091702721,702668.4091702721,0.9340660867911399
6,phase-reversal,2,400,0.1,residual,0,11;15,2,832653.918032788,0,832653.918032788,702668.4091702721,0.8438901132302156
6,phase-reversal,2,400,0.1,residual,5000,11;15,2,832653.918032788,10000,842653.918032788,702668.4091702721,0.8338754429703262
6,phase-reversal,2,400,0.1,residual,20000,11;15,2,832653.918032788,40000,872653.918032788,702668.4091702721,0.8052085651025186
6,phase-reversal,2,400,0.1,oracle,0,0;2,1,691568.4091702721,0,691568.4091702721,702668.4091702721,1.0160504728857085
6,phase-reversal,2,400,0.1,oracle,5000,0;2,1,691568.4091702721,5000,696568.4091702721,702668.4091702721,1.0087572159743308
6,phase-reversal,2,400,0.1,oracle,20000,0;2,1,691568.4091702721,20000,711568.4091702721,702668.4091702721,0.9874924183180394
6,phase-reversal,2,400,1.0,frequency,0,1;5,1,719168.4091702721,0,719168.4091702721,702668.4091702721,0.9770568342691296
6,phase-reversal,2,400,1.0,frequency,5000,1;5,1,719168.4091702721,5000,724168.4091702721,702668.4091702721,0.9703107733950532
6,phase-reversal,2,400,1.0,frequency,20000,1;5,1,719168.4091702721,20000,739168.4091702721,702668.4091702721,0.9506201840511936
6,phase-reversal,2,400,1.0,residual,0,10;15,2,832005.0055407648,0,832005.0055407648,702668.4091702721,0.844548295371817
6,phase-reversal,2,400,1.0,residual,5000,10;15,2,832005.0055407648,10000,842005.0055407648,702668.4091702721,0.8345180902089698
6,phase-reversal,2,400,1.0,residual,20000,10;15,2,832005.0055407648,40000,872005.0055407648,702668.4091702721,0.8058077702598961
6,phase-reversal,2,400,1.0,oracle,0,0;2,1,691568.4091702721,0,691568.4091702721,702668.4091702721,1.0160504728857085
6,phase-reversal,2,400,1.0,oracle,5000,0;2,1,691568.4091702721,5000,696568.4091702721,702668.4091702721,1.0087572159743308
6,phase-reversal,2,400,1.0,oracle,20000,0;2,1,691568.4091702721,20000,711568.4091702721,702668.4091702721,0.9874924183180394
6,phase-reversal,4,200,0.01,frequency,0,1;2;3;12,1,398752.3936856553,0,398752.3936856553,374505.2402294438,0.9391924566719315
6,phase-reversal,4,200,0.01,frequency,5000,1;2;3;12,1,398752.3936856553,5000,403752.3936856553,374505.2402294438,0.9275616592901685
6,phase-reversal,4,200,0.01,frequency,20000,1;2;3;12,1,398752.3936856553,20000,418752.3936856553,374505.2402294438,0.8943357599301832
6,phase-reversal,4,200,0.01,residual,0,9;12;13;15,4,467170.8790364638,0,467170.8790364638,374505.2402294438,0.8016450875573792
6,phase-reversal,4,200,0.01,residual,5000,9;12;13;15,4,467170.8790364638,20000,487170.8790364638,374505.2402294438,0.768734865618708
6,phase-reversal,4,200,0.01,residual,20000,9;12;13;15,4,467170.8790364638,80000,547170.8790364638,374505.2402294438,0.6844392758783615
6,phase-reversal,4,200,0.01,oracle,0,0;1;2;3,0,374505.2402294438,0,374505.2402294438,374505.2402294438,1.0
6,phase-reversal,4,200,0.01,oracle,5000,0;1;2;3,0,374505.2402294438,0,374505.2402294438,374505.2402294438,1.0
6,phase-reversal,4,200,0.01,oracle,20000,0;1;2;3,0,374505.2402294438,0,374505.2402294438,374505.2402294438,1.0
6,phase-reversal,4,200,0.1,frequency,0,1;3;6;7,2,382605.2402294438,0,382605.2402294438,374505.2402294438,0.978829354257818
6,phase-reversal,4,200,0.1,frequency,5000,1;3;6;7,2,382605.2402294438,10000,392605.2402294438,374505.2402294438,0.9538977116316071
6,phase-reversal,4,200,0.1,frequency,20000,1;3;6;7,2,382605.2402294438,40000,422605.2402294438,374505.2402294438,0.8861821969507875
6,phase-reversal,4,200,0.1,residual,0,10;11;12;15,4,467127.59358910104,0,467127.59358910104,374505.2402294438,0.8017193704015471
6,phase-reversal,4,200,0.1,residual,5000,10;11;12;15,4,467127.59358910104,20000,487127.59358910104,374505.2402294438,0.768803174277465
6,phase-reversal,4,200,0.1,residual,20000,10;11;12;15,4,467127.59358910104,80000,547127.593589101,374505.2402294438,0.6844934246008829
6,phase-reversal,4,200,0.1,oracle,0,0;1;2;3,0,374505.2402294438,0,374505.2402294438,374505.2402294438,1.0
6,phase-reversal,4,200,0.1,oracle,5000,0;1;2;3,0,374505.2402294438,0,374505.2402294438,374505.2402294438,1.0
6,phase-reversal,4,200,0.1,oracle,20000,0;1;2;3,0,374505.2402294438,0,374505.2402294438,374505.2402294438,1.0
6,phase-reversal,4,200,1.0,frequency,0,1;2;3;5,1,380005.2402294438,0,380005.2402294438,374505.2402294438,0.9855265153799481
6,phase-reversal,4,200,1.0,frequency,5000,1;2;3;5,1,380005.2402294438,5000,385005.2402294438,374505.2402294438,0.9727276439309176
6,phase-reversal,4,200,1.0,frequency,20000,1;2;3;5,1,380005.2402294438,20000,400005.2402294438,374505.2402294438,0.9362508351506267
6,phase-reversal,4,200,1.0,residual,0,10;11;14;15,4,467148.1154026468,0,467148.1154026468,374505.2402294438,0.8016841508750351
6,phase-reversal,4,200,1.0,residual,5000,10;11;14;15,4,467148.1154026468,20000,487148.1154026468,374505.2402294438,0.7687707873403158
6,phase-reversal,4,200,1.0,residual,20000,10;11;14;15,4,467148.1154026468,80000,547148.1154026468,374505.2402294438,0.6844677513946019
6,phase-reversal,4,200,1.0,oracle,0,0;1;2;3,0,374505.2402294438,0,374505.2402294438,374505.2402294438,1.0
6,phase-reversal,4,200,1.0,oracle,5000,0;1;2;3,0,374505.2402294438,0,374505.2402294438,374505.2402294438,1.0
6,phase-reversal,4,200,1.0,oracle,20000,0;1;2;3,0,374505.2402294438,0,374505.2402294438,374505.2402294438,1.0
6,phase-reversal,4,300,0.01,frequency,0,1;2;3;12,1,511198.23278329975,0,511198.23278329975,463689.71232772677,0.907064388315849
6,phase-reversal,4,300,0.01,frequency,5000,1;2;3;12,1,511198.23278329975,5000,516198.23278329975,463689.71232772677,0.8982783800470389
6,phase-reversal,4,300,0.01,frequency,20000,1;2;3;12,1,511198.23278329975,20000,531198.2327832998,463689.71232772677,0.8729127540544496
6,phase-reversal,4,300,0.01,residual,0,9;12;13;15,4,644907.6561383083,0,644907.6561383083,463689.71232772677,0.7190017173998052
6,phase-reversal,4,300,0.01,residual,5000,9;12;13;15,4,644907.6561383083,20000,664907.6561383083,463689.71232772677,0.6973746023933195
6,phase-reversal,4,300,0.01,residual,20000,9;12;13;15,4,644907.6561383083,80000,724907.6561383083,463689.71232772677,0.6396534902084926
6,phase-reversal,4,300,0.01,oracle,0,0;1;2;3,0,463689.71232772677,0,463689.71232772677,463689.71232772677,1.0
6,phase-reversal,4,300,0.01,oracle,5000,0;1;2;3,0,463689.71232772677,0,463689.71232772677,463689.71232772677,1.0
6,phase-reversal,4,300,0.01,oracle,20000,0;1;2;3,0,463689.71232772677,0,463689.71232772677,463689.71232772677,1.0
6,phase-reversal,4,300,0.1,frequency,0,1;3;6;7,2,479889.71232772677,0,479889.71232772677,463689.71232772677,0.9662422436158901
6,phase-reversal,4,300,0.1,frequency,5000,1;3;6;7,2,479889.71232772677,10000,489889.71232772677,463689.71232772677,0.9465185748124617
6,phase-reversal,4,300,0.1,frequency,20000,1;3;6;7,2,479889.71232772677,40000,519889.71232772677,463689.71232772677,0.8919001498445255
6,phase-reversal,4,300,0.1,residual,0,10;11;12;15,4,644715.7336846557,0,644715.7336846557,463689.71232772677,0.71921575370538
6,phase-reversal,4,300,0.1,residual,5000,10;11;12;15,4,644715.7336846557,20000,664715.7336846557,463689.71232772677,0.6975759543969262
6,phase-reversal,4,300,0.1,residual,20000,10;11;12;15,4,644715.7336846557,80000,724715.7336846557,463689.71232772677,0.6398228860993533
6,phase-reversal,4,300,0.1,oracle,0,0;1;2;3,0,463689.71232772677,0,463689.71232772677,463689.71232772677,1.0
6,phase-reversal,4,300,0.1,oracle,5000,0;1;2;3,0,463689.71232772677,0,463689.71232772677,463689.71232772677,1.0
6,phase-reversal,4,300,0.1,oracle,20000,0;1;2;3,0,463689.71232772677,0,463689.71232772677,463689.71232772677,1.0
6,phase-reversal,4,300,1.0,frequency,0,1;2;3;5,1,474689.71232772677,0,474689.71232772677,463689.71232772677,0.9768269677763617
6,phase-reversal,4,300,1.0,frequency,5000,1;2;3;5,1,474689.71232772677,5000,479689.71232772677,463689.71232772677,0.9666451049734652
6,phase-reversal,4,300,1.0,frequency,20000,1;2;3;5,1,474689.71232772677,20000,494689.71232772677,463689.71232772677,0.9373344558670288
6,phase-reversal,4,300,1.0,residual,0,10;11;14;15,4,644940.8622901202,0,644940.8622901202,463689.71232772677,0.718964698067372
6,phase-reversal,4,300,1.0,residual,5000,10;11;14;15,4,644940.8622901202,20000,664940.8622901202,463689.71232772677,0.6973397765490525
6,phase-reversal,4,300,1.0,residual,20000,10;11;14;15,4,644940.8622901202,80000,724940.8622901202,463689.71232772677,0.6396241906724784
6,phase-reversal,4,300,1.0,oracle,0,0;1;2;3,0,463689.71232772677,0,463689.71232772677,463689.71232772677,1.0
6,phase-reversal,4,300,1.0,oracle,5000,0;1;2;3,0,463689.71232772677,0,463689.71232772677,463689.71232772677,1.0
6,phase-reversal,4,300,1.0,oracle,20000,0;1;2;3,0,463689.71232772677,0,463689.71232772677,463689.71232772677,1.0
6,phase-reversal,4,400,0.01,frequency,0,1;2;3;12,1,630613.4974486752,0,630613.4974486752,560768.4091702721,0.8892426366372094
6,phase-reversal,4,400,0.01,frequency,5000,1;2;3;12,1,630613.4974486752,5000,635613.4974486752,560768.4091702721,0.8822474843929085
6,phase-reversal,4,400,0.01,frequency,20000,1;2;3;12,1,630613.4974486752,20000,650613.4974486752,560768.4091702721,0.8619071251507647
6,phase-reversal,4,400,0.01,residual,0,9;12;13;15,4,826592.4840991214,0,826592.4840991214,560768.4091702721,0.678409760501799
6,phase-reversal,4,400,0.01,residual,5000,9;12;13;15,4,826592.4840991214,20000,846592.4840991214,560768.4091702721,0.6623829288621652
6,phase-reversal,4,400,0.01,residual,20000,9;12;13;15,4,826592.4840991214,80000,906592.4840991214,560768.4091702721,0.618545177690841
6,phase-reversal,4,400,0.01,oracle,0,0;1;2;3,0,560768.4091702721,0,560768.4091702721,560768.4091702721,1.0
6,phase-reversal,4,400,0.01,oracle,5000,0;1;2;3,0,560768.4091702721,0,560768.4091702721,560768.4091702721,1.0
6,phase-reversal,4,400,0.01,oracle,20000,0;1;2;3,0,560768.4091702721,0,560768.4091702721,560768.4091702721,1.0
6,phase-reversal,4,400,0.1,frequency,0,1;3;6;7,2,585068.4091702721,0,585068.4091702721,560768.4091702721,0.9584663953494573
6,phase-reversal,4,400,0.1,frequency,5000,1;3;6;7,2,585068.4091702721,10000,595068.4091702721,560768.4091702721,0.9423595682926171
6,phase-reversal,4,400,0.1,frequency,20000,1;3;6;7,2,585068.4091702721,40000,625068.4091702721,560768.4091702721,0.8971312594642992
6,phase-reversal,4,400,0.1,residual,0,10;11;12;15,4,826326.609497438,0,826326.609497438,560768.4091702721,0.678628042138598
6,phase-reversal,4,400,0.1,residual,5000,10;11;12;15,4,826326.609497438,20000,846326.609497438,560768.4091702721,0.6625910173180838
6,phase-reversal,4,400,0.1,residual,20000,10;11;12;15,4,826326.609497438,80000,906326.609497438,560768.4091702721,0.6187266304375865
6,phase-reversal,4,400,0.1,oracle,0,0;1;2;3,0,560768.4091702721,0,560768.4091702721,560768.4091702721,1.0
6,phase-reversal,4,400,0.1,oracle,5000,0;1;2;3,0,560768.4091702721,0,560768.4091702721,560768.4091702721,1.0
6,phase-reversal,4,400,0.1,oracle,20000,0;1;2;3,0,560768.4091702721,0,560768.4091702721,560768.4091702721,1.0
6,phase-reversal,4,400,1.0,frequency,0,1;2;3;5,1,577268.4091702721,0,577268.4091702721,560768.4091702721,0.9714171090295483
6,phase-reversal,4,400,1.0,frequency,5000,1;2;3;5,1,577268.4091702721,5000,582268.4091702721,560768.4091702721,0.9630754482616748
6,phase-reversal,4,400,1.0,frequency,20000,1;2;3;5,1,577268.4091702721,20000,597268.4091702721,560768.4091702721,0.9388884470707132
6,phase-reversal,4,400,1.0,residual,0,10;11;14;15,4,826730.9694812802,0,826730.9694812802,560768.4091702721,0.6782961203474906
6,phase-reversal,4,400,1.0,residual,5000,10;11;14;15,4,826730.9694812802,20000,846730.9694812802,560768.4091702721,0.6622745941533319
6,phase-reversal,4,400,1.0,residual,20000,10;11;14;15,4,826730.9694812802,80000,906730.9694812802,560768.4091702721,0.6184507070394593
6,phase-reversal,4,400,1.0,oracle,0,0;1;2;3,0,560768.4091702721,0,560768.4091702721,560768.4091702721,1.0
6,phase-reversal,4,400,1.0,oracle,5000,0;1;2;3,0,560768.4091702721,0,560768.4091702721,560768.4091702721,1.0
6,phase-reversal,4,400,1.0,oracle,20000,0;1;2;3,0,560768.4091702721,0,560768.4091702721,560768.4091702721,1.0
6,phase-reversal,8,200,0.01,frequency,0,0;1;2;3;4;12;13;15,3,353599.05507896777,0,353599.05507896777,293805.2402294438,0.8308993929970473
6,phase-reversal,8,200,0.01,frequency,5000,0;1;2;3;4;12;13;15,3,353599.05507896777,15000,368599.05507896777,293805.2402294438,0.7970862545116935
6,phase-reversal,8,200,0.01,frequency,20000,0;1;2;3;4;12;13;15,3,353599.05507896777,60000,413599.05507896777,293805.2402294438,0.7103624551882695
6,phase-reversal,8,200,0.01,residual,0,0;1;3;9;10;12;13;15,5,399220.86529469903,0,399220.86529469903,293805.2402294438,0.7359466044255003
6,phase-reversal,8,200,0.01,residual,5000,0;1;3;9;10;12;13;15,5,399220.86529469903,25000,424220.86529469903,293805.2402294438,0.6925761183984722
6,phase-reversal,8,200,0.01,residual,20000,0;1;3;9;10;12;13;15,5,399220.86529469903,100000,499220.86529469903,293805.2402294438,0.5885275649606618
6,phase-reversal,8,200,0.01,oracle,0,0;1;2;3;4;5;6;7,0,293805.2402294438,0,293805.2402294438,293805.2402294438,1.0
6,phase-reversal,8,200,0.01,oracle,5000,0;1;2;3;4;5;6;7,0,293805.2402294438,0,293805.2402294438,293805.2402294438,1.0
6,phase-reversal,8,200,0.01,oracle,20000,0;1;2;3;4;5;6;7,0,293805.2402294438,0,293805.2402294438,293805.2402294438,1.0
6,phase-reversal,8,200,0.1,frequency,0,0;1;2;3;4;5;6;7,0,293805.2402294438,0,293805.2402294438,293805.2402294438,1.0
6,phase-reversal,8,200,0.1,frequency,5000,0;1;2;3;4;5;6;7,0,293805.2402294438,0,293805.2402294438,293805.2402294438,1.0
6,phase-reversal,8,200,0.1,frequency,20000,0;1;2;3;4;5;6;7,0,293805.2402294438,0,293805.2402294438,293805.2402294438,1.0
6,phase-reversal,8,200,0.1,residual,0,8;9;10;11;12;13;14;15,8,467000.0,0,467000.0,293805.2402294438,0.6291332767225778
6,phase-reversal,8,200,0.1,residual,5000,8;9;10;11;12;13;14;15,8,467000.0,40000,507000.0,293805.2402294438,0.5794975152454513
6,phase-reversal,8,200,0.1,residual,20000,8;9;10;11;12;13;14;15,8,467000.0,160000,627000.0,293805.2402294438,0.4685888998874702
6,phase-reversal,8,200,0.1,oracle,0,0;1;2;3;4;5;6;7,0,293805.2402294438,0,293805.2402294438,293805.2402294438,1.0
6,phase-reversal,8,200,0.1,oracle,5000,0;1;2;3;4;5;6;7,0,293805.2402294438,0,293805.2402294438,293805.2402294438,1.0
6,phase-reversal,8,200,0.1,oracle,20000,0;1;2;3;4;5;6;7,0,293805.2402294438,0,293805.2402294438,293805.2402294438,1.0
6,phase-reversal,8,200,1.0,frequency,0,0;1;2;3;4;5;6;7,0,293805.2402294438,0,293805.2402294438,293805.2402294438,1.0
6,phase-reversal,8,200,1.0,frequency,5000,0;1;2;3;4;5;6;7,0,293805.2402294438,0,293805.2402294438,293805.2402294438,1.0
6,phase-reversal,8,200,1.0,frequency,20000,0;1;2;3;4;5;6;7,0,293805.2402294438,0,293805.2402294438,293805.2402294438,1.0
6,phase-reversal,8,200,1.0,residual,0,8;9;10;11;12;13;14;15,8,467000.0,0,467000.0,293805.2402294438,0.6291332767225778
6,phase-reversal,8,200,1.0,residual,5000,8;9;10;11;12;13;14;15,8,467000.0,40000,507000.0,293805.2402294438,0.5794975152454513
6,phase-reversal,8,200,1.0,residual,20000,8;9;10;11;12;13;14;15,8,467000.0,160000,627000.0,293805.2402294438,0.4685888998874702
6,phase-reversal,8,200,1.0,oracle,0,0;1;2;3;4;5;6;7,0,293805.2402294438,0,293805.2402294438,293805.2402294438,1.0
6,phase-reversal,8,200,1.0,oracle,5000,0;1;2;3;4;5;6;7,0,293805.2402294438,0,293805.2402294438,293805.2402294438,1.0
6,phase-reversal,8,200,1.0,oracle,20000,0;1;2;3;4;5;6;7,0,293805.2402294438,0,293805.2402294438,293805.2402294438,1.0
6,phase-reversal,8,300,0.01,frequency,0,0;1;2;3;4;12;13;15,3,418746.1311652873,0,418746.1311652873,302289.71232772677,0.7218925497568528
6,phase-reversal,8,300,0.01,frequency,5000,0;1;2;3;4;12;13;15,3,418746.1311652873,15000,433746.1311652873,302289.71232772677,0.6969277432299067
6,phase-reversal,8,300,0.01,frequency,20000,0;1;2;3;4;12;13;15,3,418746.1311652873,60000,478746.1311652873,302289.71232772677,0.6314196452970627
6,phase-reversal,8,300,0.01,residual,0,0;1;3;9;10;12;13;15,5,507901.9983202694,0,507901.9983202694,302289.71232772677,0.595173307700024
6,phase-reversal,8,300,0.01,residual,5000,0;1;3;9;10;12;13;15,5,507901.9983202694,25000,532901.9983202694,302289.71232772677,0.5672519774377976
6,phase-reversal,8,300,0.01,residual,20000,0;1;3;9;10;12;13;15,5,507901.9983202694,100000,607901.9983202694,302289.71232772677,0.4972671798464254
6,phase-reversal,8,300,0.01,oracle,0,0;1;2;3;4;5;6;7,0,302289.71232772677,0,302289.71232772677,302289.71232772677,1.0
6,phase-reversal,8,300,0.01,oracle,5000,0;1;2;3;4;5;6;7,0,302289.71232772677,0,302289.71232772677,302289.71232772677,1.0
6,phase-reversal,8,300,0.01,oracle,20000,0;1;2;3;4;5;6;7,0,302289.71232772677,0,302289.71232772677,302289.71232772677,1.0
6,phase-reversal,8,300,0.1,frequency,0,0;1;2;3;4;5;6;7,0,302289.71232772677,0,302289.71232772677,302289.71232772677,1.0
6,phase-reversal,8,300,0.1,frequency,5000,0;1;2;3;4;5;6;7,0,302289.71232772677,0,302289.71232772677,302289.71232772677,1.0
6,phase-reversal,8,300,0.1,frequency,20000,0;1;2;3;4;5;6;7,0,302289.71232772677,0,302289.71232772677,302289.71232772677,1.0
6,phase-reversal,8,300,0.1,residual,0,8;9;10;11;12;13;14;15,8,640500.0,0,640500.0,302289.71232772677,0.47195895757646644
6,phase-reversal,8,300,0.1,residual,5000,8;9;10;11;12;13;14;15,8,640500.0,40000,680500.0,302289.71232772677,0.4442170644051826
6,phase-reversal,8,300,0.1,residual,20000,8;9;10;11;12;13;14;15,8,640500.0,160000,800500.0,302289.71232772677,0.37762612408210716
6,phase-reversal,8,300,0.1,oracle,0,0;1;2;3;4;5;6;7,0,302289.71232772677,0,302289.71232772677,302289.71232772677,1.0
6,phase-reversal,8,300,0.1,oracle,5000,0;1;2;3;4;5;6;7,0,302289.71232772677,0,302289.71232772677,302289.71232772677,1.0
6,phase-reversal,8,300,0.1,oracle,20000,0;1;2;3;4;5;6;7,0,302289.71232772677,0,302289.71232772677,302289.71232772677,1.0
6,phase-reversal,8,300,1.0,frequency,0,0;1;2;3;4;5;6;7,0,302289.71232772677,0,302289.71232772677,302289.71232772677,1.0
6,phase-reversal,8,300,1.0,frequency,5000,0;1;2;3;4;5;6;7,0,302289.71232772677,0,302289.71232772677,302289.71232772677,1.0
6,phase-reversal,8,300,1.0,frequency,20000,0;1;2;3;4;5;6;7,0,302289.71232772677,0,302289.71232772677,302289.71232772677,1.0
6,phase-reversal,8,300,1.0,residual,0,8;9;10;11;12;13;14;15,8,640500.0,0,640500.0,302289.71232772677,0.47195895757646644
6,phase-reversal,8,300,1.0,residual,5000,8;9;10;11;12;13;14;15,8,640500.0,40000,680500.0,302289.71232772677,0.4442170644051826
6,phase-reversal,8,300,1.0,residual,20000,8;9;10;11;12;13;14;15,8,640500.0,160000,800500.0,302289.71232772677,0.37762612408210716
6,phase-reversal,8,300,1.0,oracle,0,0;1;2;3;4;5;6;7,0,302289.71232772677,0,302289.71232772677,302289.71232772677,1.0
6,phase-reversal,8,300,1.0,oracle,5000,0;1;2;3;4;5;6;7,0,302289.71232772677,0,302289.71232772677,302289.71232772677,1.0
6,phase-reversal,8,300,1.0,oracle,20000,0;1;2;3;4;5;6;7,0,302289.71232772677,0,302289.71232772677,302289.71232772677,1.0
6,phase-reversal,8,400,0.01,frequency,0,0;1;2;3;4;12;13;15,3,488780.6241123917,0,488780.6241123917,318668.40917027206,0.6519661243711585
6,phase-reversal,8,400,0.01,frequency,5000,0;1;2;3;4;12;13;15,3,488780.6241123917,15000,503780.6241123917,318668.40917027206,0.6325539211273402
6,phase-reversal,8,400,0.01,frequency,20000,0;1;2;3;4;12;13;15,3,488780.6241123917,60000,548780.6241123917,318668.40917027206,0.5806845124783558
6,phase-reversal,8,400,0.01,residual,0,1;2;3;9;10;12;13;15,5,617820.0872853682,0,617820.0872853682,318668.40917027206,0.5157948336876923
6,phase-reversal,8,400,0.01,residual,5000,1;2;3;9;10;12;13;15,5,617820.0872853682,25000,642820.0872853682,318668.40917027206,0.4957349894213947
6,phase-reversal,8,400,0.01,residual,20000,1;2;3;9;10;12;13;15,5,617820.0872853682,100000,717820.0872853682,318668.40917027206,0.4439391078834298
6,phase-reversal,8,400,0.01,oracle,0,0;1;2;3;4;5;6;7,0,318668.40917027206,0,318668.40917027206,318668.40917027206,1.0
6,phase-reversal,8,400,0.01,oracle,5000,0;1;2;3;4;5;6;7,0,318668.40917027206,0,318668.40917027206,318668.40917027206,1.0
6,phase-reversal,8,400,0.01,oracle,20000,0;1;2;3;4;5;6;7,0,318668.40917027206,0,318668.40917027206,318668.40917027206,1.0
6,phase-reversal,8,400,0.1,frequency,0,0;1;2;3;4;5;6;7,0,318668.40917027206,0,318668.40917027206,318668.40917027206,1.0
6,phase-reversal,8,400,0.1,frequency,5000,0;1;2;3;4;5;6;7,0,318668.40917027206,0,318668.40917027206,318668.40917027206,1.0
6,phase-reversal,8,400,0.1,frequency,20000,0;1;2;3;4;5;6;7,0,318668.40917027206,0,318668.40917027206,318668.40917027206,1.0
6,phase-reversal,8,400,0.1,residual,0,8;9;10;11;12;13;14;15,8,814000.0,0,814000.0,318668.40917027206,0.3914845321502114
6,phase-reversal,8,400,0.1,residual,5000,8;9;10;11;12;13;14;15,8,814000.0,40000,854000.0,318668.40917027206,0.37314802010570497
6,phase-reversal,8,400,0.1,residual,20000,8;9;10;11;12;13;14;15,8,814000.0,160000,974000.0,318668.40917027206,0.32717495808036146
6,phase-reversal,8,400,0.1,oracle,0,0;1;2;3;4;5;6;7,0,318668.40917027206,0,318668.40917027206,318668.40917027206,1.0
6,phase-reversal,8,400,0.1,oracle,5000,0;1;2;3;4;5;6;7,0,318668.40917027206,0,318668.40917027206,318668.40917027206,1.0
6,phase-reversal,8,400,0.1,oracle,20000,0;1;2;3;4;5;6;7,0,318668.40917027206,0,318668.40917027206,318668.40917027206,1.0
6,phase-reversal,8,400,1.0,frequency,0,0;1;2;3;4;5;6;7,0,318668.40917027206,0,318668.40917027206,318668.40917027206,1.0
6,phase-reversal,8,400,1.0,frequency,5000,0;1;2;3;4;5;6;7,0,318668.40917027206,0,318668.40917027206,318668.40917027206,1.0
6,phase-reversal,8,400,1.0,frequency,20000,0;1;2;3;4;5;6;7,0,318668.40917027206,0,318668.40917027206,318668.40917027206,1.0
6,phase-reversal,8,400,1.0,residual,0,8;9;10;11;12;13;14;15,8,814000.0,0,814000.0,318668.40917027206,0.3914845321502114
6,phase-reversal,8,400,1.0,residual,5000,8;9;10;11;12;13;14;15,8,814000.0,40000,854000.0,318668.40917027206,0.37314802010570497
6,phase-reversal,8,400,1.0,residual,20000,8;9;10;11;12;13;14;15,8,814000.0,160000,974000.0,318668.40917027206,0.32717495808036146
6,phase-reversal,8,400,1.0,oracle,0,0;1;2;3;4;5;6;7,0,318668.40917027206,0,318668.40917027206,318668.40917027206,1.0
6,phase-reversal,8,400,1.0,oracle,5000,0;1;2;3;4;5;6;7,0,318668.40917027206,0,318668.40917027206,318668.40917027206,1.0
6,phase-reversal,8,400,1.0,oracle,20000,0;1;2;3;4;5;6;7,0,318668.40917027206,0,318668.40917027206,318668.40917027206,1.0
7,frequency-aligned,2,200,0.01,frequency,0,2;10,2,569600.0,0,569600.0,558200.0,0.9799859550561798
7,frequency-aligned,2,200,0.01,frequency,5000,2;10,2,569600.0,10000,579600.0,558200.0,0.9630779848171153
7,frequency-aligned,2,200,0.01,frequency,20000,2;10,2,569600.0,40000,609600.0,558200.0,0.9156824146981627
7,frequency-aligned,2,200,0.01,residual,0,2;10,2,569600.0,0,569600.0,558200.0,0.9799859550561798
7,frequency-aligned,2,200,0.01,residual,5000,2;10,2,569600.0,10000,579600.0,558200.0,0.9630779848171153
7,frequency-aligned,2,200,0.01,residual,20000,2;10,2,569600.0,40000,609600.0,558200.0,0.9156824146981627
7,frequency-aligned,2,200,0.01,oracle,0,2;3,2,554600.0,0,554600.0,558200.0,1.006491164803462
7,frequency-aligned,2,200,0.01,oracle,5000,2;3,2,554600.0,10000,564600.0,558200.0,0.9886645412681544
7,frequency-aligned,2,200,0.01,oracle,20000,2;3,2,554600.0,40000,594600.0,558200.0,0.9387823747056845
7,frequency-aligned,2,200,0.1,frequency,0,2;6,2,556600.0,0,556600.0,558200.0,1.0028745957599712
7,frequency-aligned,2,200,0.1,frequency,5000,2;6,2,556600.0,10000,566600.0,558200.0,0.9851747264384045
7,frequency-aligned,2,200,0.1,frequency,20000,2;6,2,556600.0,40000,596600.0,558200.0,0.9356352665102247
7,frequency-aligned,2,200,0.1,residual,0,2;6,2,556600.0,0,556600.0,558200.0,1.0028745957599712
7,frequency-aligned,2,200,0.1,residual,5000,2;6,2,556600.0,10000,566600.0,558200.0,0.9851747264384045
7,frequency-aligned,2,200,0.1,residual,20000,2;6,2,556600.0,40000,596600.0,558200.0,0.9356352665102247
7,frequency-aligned,2,200,0.1,oracle,0,2;3,2,554600.0,0,554600.0,558200.0,1.006491164803462
7,frequency-aligned,2,200,0.1,oracle,5000,2;3,2,554600.0,10000,564600.0,558200.0,0.9886645412681544
7,frequency-aligned,2,200,0.1,oracle,20000,2;3,2,554600.0,40000,594600.0,558200.0,0.9387823747056845
7,frequency-aligned,2,200,1.0,frequency,0,4;6,2,557300.0,0,557300.0,558200.0,1.0016149291225551
7,frequency-aligned,2,200,1.0,frequency,5000,4;6,2,557300.0,10000,567300.0,558200.0,0.9839591045302309
7,frequency-aligned,2,200,1.0,frequency,20000,4;6,2,557300.0,40000,597300.0,558200.0,0.9345387577431776
7,frequency-aligned,2,200,1.0,residual,0,4;6,2,557300.0,0,557300.0,558200.0,1.0016149291225551
7,frequency-aligned,2,200,1.0,residual,5000,4;6,2,557300.0,10000,567300.0,558200.0,0.9839591045302309
7,frequency-aligned,2,200,1.0,residual,20000,4;6,2,557300.0,40000,597300.0,558200.0,0.9345387577431776
7,frequency-aligned,2,200,1.0,oracle,0,2;3,2,554600.0,0,554600.0,558200.0,1.006491164803462
7,frequency-aligned,2,200,1.0,oracle,5000,2;3,2,554600.0,10000,564600.0,558200.0,0.9886645412681544
7,frequency-aligned,2,200,1.0,oracle,20000,2;3,2,554600.0,40000,594600.0,558200.0,0.9387823747056845
7,frequency-aligned,2,300,0.01,frequency,0,2;10,2,779200.0,0,779200.0,756400.0,0.9707392197125256
7,frequency-aligned,2,300,0.01,frequency,5000,2;10,2,779200.0,10000,789200.0,756400.0,0.9584389254941713
7,frequency-aligned,2,300,0.01,frequency,20000,2;10,2,779200.0,40000,819200.0,756400.0,0.92333984375
7,frequency-aligned,2,300,0.01,residual,0,2;10,2,779200.0,0,779200.0,756400.0,0.9707392197125256
7,frequency-aligned,2,300,0.01,residual,5000,2;10,2,779200.0,10000,789200.0,756400.0,0.9584389254941713
7,frequency-aligned,2,300,0.01,residual,20000,2;10,2,779200.0,40000,819200.0,756400.0,0.92333984375
7,frequency-aligned,2,300,0.01,oracle,0,2;3,2,749200.0,0,749200.0,756400.0,1.0096102509343299
7,frequency-aligned,2,300,0.01,oracle,5000,2;3,2,749200.0,10000,759200.0,756400.0,0.9963119072708114
7,frequency-aligned,2,300,0.01,oracle,20000,2;3,2,749200.0,40000,789200.0,756400.0,0.9584389254941713
7,frequency-aligned,2,300,0.1,frequency,0,2;6,2,753200.0,0,753200.0,756400.0,1.0042485395645246
7,frequency-aligned,2,300,0.1,frequency,5000,2;6,2,753200.0,10000,763200.0,756400.0,0.9910901467505241
7,frequency-aligned,2,300,0.1,frequency,20000,2;6,2,753200.0,40000,793200.0,756400.0,0.9536056480080686
7,frequency-aligned,2,300,0.1,residual,0,2;6,2,753200.0,0,753200.0,756400.0,1.0042485395645246
7,frequency-aligned,2,300,0.1,residual,5000,2;6,2,753200.0,10000,763200.0,756400.0,0.9910901467505241
7,frequency-aligned,2,300,0.1,residual,20000,2;6,2,753200.0,40000,793200.0,756400.0,0.9536056480080686
7,frequency-aligned,2,300,0.1,oracle,0,2;3,2,749200.0,0,749200.0,756400.0,1.0096102509343299
7,frequency-aligned,2,300,0.1,oracle,5000,2;3,2,749200.0,10000,759200.0,756400.0,0.9963119072708114
7,frequency-aligned,2,300,0.1,oracle,20000,2;3,2,749200.0,40000,789200.0,756400.0,0.9584389254941713
7,frequency-aligned,2,300,1.0,frequency,0,4;6,2,754600.0,0,754600.0,756400.0,1.0023853697323084
7,frequency-aligned,2,300,1.0,frequency,5000,4;6,2,754600.0,10000,764600.0,756400.0,0.9892754381375883
7,frequency-aligned,2,300,1.0,frequency,20000,4;6,2,754600.0,40000,794600.0,756400.0,0.9519254971054618
7,frequency-aligned,2,300,1.0,residual,0,4;6,2,754600.0,0,754600.0,756400.0,1.0023853697323084
7,frequency-aligned,2,300,1.0,residual,5000,4;6,2,754600.0,10000,764600.0,756400.0,0.9892754381375883
7,frequency-aligned,2,300,1.0,residual,20000,4;6,2,754600.0,40000,794600.0,756400.0,0.9519254971054618
7,frequency-aligned,2,300,1.0,oracle,0,2;3,2,749200.0,0,749200.0,756400.0,1.0096102509343299
7,frequency-aligned,2,300,1.0,oracle,5000,2;3,2,749200.0,10000,759200.0,756400.0,0.9963119072708114
7,frequency-aligned,2,300,1.0,oracle,20000,2;3,2,749200.0,40000,789200.0,756400.0,0.9584389254941713
7,frequency-aligned,2,400,0.01,frequency,0,2;10,2,988800.0,0,988800.0,954600.0,0.9654126213592233
7,frequency-aligned,2,400,0.01,frequency,5000,2;10,2,988800.0,10000,998800.0,954600.0,0.9557468962755307
7,frequency-aligned,2,400,0.01,frequency,20000,2;10,2,988800.0,40000,1028800.0,954600.0,0.9278771384136858
7,frequency-aligned,2,400,0.01,residual,0,2;10,2,988800.0,0,988800.0,954600.0,0.9654126213592233
7,frequency-aligned,2,400,0.01,residual,5000,2;10,2,988800.0,10000,998800.0,954600.0,0.9557468962755307
7,frequency-aligned,2,400,0.01,residual,20000,2;10,2,988800.0,40000,1028800.0,954600.0,0.9278771384136858
7,frequency-aligned,2,400,0.01,oracle,0,2;3,2,943800.0,0,943800.0,954600.0,1.0114431023521933
7,frequency-aligned,2,400,0.01,oracle,5000,2;3,2,943800.0,10000,953800.0,954600.0,1.0008387502621094
7,frequency-aligned,2,400,0.01,oracle,20000,2;3,2,943800.0,40000,983800.0,954600.0,0.9703191705631226
7,frequency-aligned,2,400,0.1,frequency,0,2;6,2,949800.0,0,949800.0,954600.0,1.0050536955148452
7,frequency-aligned,2,400,0.1,frequency,5000,2;6,2,949800.0,10000,959800.0,954600.0,0.9945822046259637
7,frequency-aligned,2,400,0.1,frequency,20000,2;6,2,949800.0,40000,989800.0,954600.0,0.9644372600525358
7,frequency-aligned,2,400,0.1,residual,0,2;6,2,949800.0,0,949800.0,954600.0,1.0050536955148452
7,frequency-aligned,2,400,0.1,residual,5000,2;6,2,949800.0,10000,959800.0,954600.0,0.9945822046259637
7,frequency-aligned,2,400,0.1,residual,20000,2;6,2,949800.0,40000,989800.0,954600.0,0.9644372600525358
7,frequency-aligned,2,400,0.1,oracle,0,2;3,2,943800.0,0,943800.0,954600.0,1.0114431023521933
7,frequency-aligned,2,400,0.1,oracle,5000,2;3,2,943800.0,10000,953800.0,954600.0,1.0008387502621094
7,frequency-aligned,2,400,0.1,oracle,20000,2;3,2,943800.0,40000,983800.0,954600.0,0.9703191705631226
7,frequency-aligned,2,400,1.0,frequency,0,4;6,2,951900.0,0,951900.0,954600.0,1.0028364323983612
7,frequency-aligned,2,400,1.0,frequency,5000,4;6,2,951900.0,10000,961900.0,954600.0,0.9924108535190769
7,frequency-aligned,2,400,1.0,frequency,20000,4;6,2,951900.0,40000,991900.0,954600.0,0.9623954027623752
7,frequency-aligned,2,400,1.0,residual,0,4;6,2,951900.0,0,951900.0,954600.0,1.0028364323983612
7,frequency-aligned,2,400,1.0,residual,5000,4;6,2,951900.0,10000,961900.0,954600.0,0.9924108535190769
7,frequency-aligned,2,400,1.0,residual,20000,4;6,2,951900.0,40000,991900.0,954600.0,0.9623954027623752
7,frequency-aligned,2,400,1.0,oracle,0,2;3,2,943800.0,0,943800.0,954600.0,1.0114431023521933
7,frequency-aligned,2,400,1.0,oracle,5000,2;3,2,943800.0,10000,953800.0,954600.0,1.0008387502621094
7,frequency-aligned,2,400,1.0,oracle,20000,2;3,2,943800.0,40000,983800.0,954600.0,0.9703191705631226
7,frequency-aligned,4,200,0.01,frequency,0,0;2;3;10,1,527500.0,0,527500.0,512800.0,0.972132701421801
7,frequency-aligned,4,200,0.01,frequency,5000,0;2;3;10,1,527500.0,5000,532500.0,512800.0,0.9630046948356807
7,frequency-aligned,4,200,0.01,frequency,20000,0;2;3;10,1,527500.0,20000,547500.0,512800.0,0.93662100456621
7,frequency-aligned,4,200,0.01,residual,0,0;2;3;10,1,527500.0,0,527500.0,512800.0,0.972132701421801
7,frequency-aligned,4,200,0.01,residual,5000,0;2;3;10,1,527500.0,5000,532500.0,512800.0,0.9630046948356807
7,frequency-aligned,4,200,0.01,residual,20000,0;2;3;10,1,527500.0,20000,547500.0,512800.0,0.93662100456621
7,frequency-aligned,4,200,0.01,oracle,0,1;2;3;5,1,509900.0,0,509900.0,512800.0,1.0056873896842518
7,frequency-aligned,4,200,0.01,oracle,5000,1;2;3;5,1,509900.0,5000,514900.0,512800.0,0.9959215381627501
7,frequency-aligned,4,200,0.01,oracle,20000,1;2;3;5,1,509900.0,20000,529900.0,512800.0,0.9677297603321381
7,frequency-aligned,4,200,0.1,frequency,0,0;2;4;6,2,515200.0,0,515200.0,512800.0,0.9953416149068323
7,frequency-aligned,4,200,0.1,frequency,5000,0;2;4;6,2,515200.0,10000,525200.0,512800.0,0.9763899466869764
7,frequency-aligned,4,200,0.1,frequency,20000,0;2;4;6,2,515200.0,40000,555200.0,512800.0,0.9236311239193083
7,frequency-aligned,4,200,0.1,residual,0,0;2;4;6,2,515200.0,0,515200.0,512800.0,0.9953416149068323
7,frequency-aligned,4,200,0.1,residual,5000,0;2;4;6,2,515200.0,10000,525200.0,512800.0,0.9763899466869764
7,frequency-aligned,4,200,0.1,residual,20000,0;2;4;6,2,515200.0,40000,555200.0,512800.0,0.9236311239193083
7,frequency-aligned,4,200,0.1,oracle,0,1;2;3;5,1,509900.0,0,509900.0,512800.0,1.0056873896842518
7,frequency-aligned,4,200,0.1,oracle,5000,1;2;3;5,1,509900.0,5000,514900.0,512800.0,0.9959215381627501
7,frequency-aligned,4,200,0.1,oracle,20000,1;2;3;5,1,509900.0,20000,529900.0,512800.0,0.9677297603321381
7,frequency-aligned,4,200,1.0,frequency,0,1;3;4;6,2,512200.0,0,512200.0,512800.0,1.0011714174150723
7,frequency-aligned,4,200,1.0,frequency,5000,1;3;4;6,2,512200.0,10000,522200.0,512800.0,0.9819992340099579
7,frequency-aligned,4,200,1.0,frequency,20000,1;3;4;6,2,512200.0,40000,552200.0,512800.0,0.928649040202825
7,frequency-aligned,4,200,1.0,residual,0,1;3;4;6,2,512200.0,0,512200.0,512800.0,1.0011714174150723
7,frequency-aligned,4,200,1.0,residual,5000,1;3;4;6,2,512200.0,10000,522200.0,512800.0,0.9819992340099579
7,frequency-aligned,4,200,1.0,residual,20000,1;3;4;6,2,512200.0,40000,552200.0,512800.0,0.928649040202825
7,frequency-aligned,4,200,1.0,oracle,0,1;2;3;5,1,509900.0,0,509900.0,512800.0,1.0056873896842518
7,frequency-aligned,4,200,1.0,oracle,5000,1;2;3;5,1,509900.0,5000,514900.0,512800.0,0.9959215381627501
7,frequency-aligned,4,200,1.0,oracle,20000,1;2;3;5,1,509900.0,20000,529900.0,512800.0,0.9677297603321381
7,frequency-aligned,4,300,0.01,frequency,0,0;2;3;10,1,695000.0,0,695000.0,665600.0,0.9576978417266188
7,frequency-aligned,4,300,0.01,frequency,5000,0;2;3;10,1,695000.0,5000,700000.0,665600.0,0.9508571428571428
7,frequency-aligned,4,300,0.01,frequency,20000,0;2;3;10,1,695000.0,20000,715000.0,665600.0,0.9309090909090909
7,frequency-aligned,4,300,0.01,residual,0,0;2;3;10,1,695000.0,0,695000.0,665600.0,0.9576978417266188
7,frequency-aligned,4,300,0.01,residual,5000,0;2;3;10,1,695000.0,5000,700000.0,665600.0,0.9508571428571428
7,frequency-aligned,4,300,0.01,residual,20000,0;2;3;10,1,695000.0,20000,715000.0,665600.0,0.9309090909090909
7,frequency-aligned,4,300,0.01,oracle,0,1;2;3;5,1,659800.0,0,659800.0,665600.0,1.0087905425886632
7,frequency-aligned,4,300,0.01,oracle,5000,1;2;3;5,1,659800.0,5000,664800.0,665600.0,1.0012033694344165
7,frequency-aligned,4,300,0.01,oracle,20000,1;2;3;5,1,659800.0,20000,679800.0,665600.0,0.9791115033833481
7,frequency-aligned,4,300,0.1,frequency,0,0;2;4;6,2,670400.0,0,670400.0,665600.0,0.9928400954653938
7,frequency-aligned,4,300,0.1,frequency,5000,0;2;4;6,2,670400.0,10000,680400.0,665600.0,0.9782480893592005
7,frequency-aligned,4,300,0.1,frequency,20000,0;2;4;6,2,670400.0,40000,710400.0,665600.0,0.9369369369369369
7,frequency-aligned,4,300,0.1,residual,0,0;2;4;6,2,670400.0,0,670400.0,665600.0,0.9928400954653938
7,frequency-aligned,4,300,0.1,residual,5000,0;2;4;6,2,670400.0,10000,680400.0,665600.0,0.9782480893592005
7,frequency-aligned,4,300,0.1,residual,20000,0;2;4;6,2,670400.0,40000,710400.0,665600.0,0.9369369369369369
7,frequency-aligned,4,300,0.1,oracle,0,1;2;3;5,1,659800.0,0,659800.0,665600.0,1.0087905425886632
7,frequency-aligned,4,300,0.1,oracle,5000,1;2;3;5,1,659800.0,5000,664800.0,665600.0,1.0012033694344165
7,frequency-aligned,4,300,0.1,oracle,20000,1;2;3;5,1,659800.0,20000,679800.0,665600.0,0.9791115033833481
7,frequency-aligned,4,300,1.0,frequency,0,1;3;4;6,2,664400.0,0,664400.0,665600.0,1.0018061408789887
7,frequency-aligned,4,300,1.0,frequency,5000,1;3;4;6,2,664400.0,10000,674400.0,665600.0,0.9869513641755635
7,frequency-aligned,4,300,1.0,frequency,20000,1;3;4;6,2,664400.0,40000,704400.0,665600.0,0.9449176604202157
7,frequency-aligned,4,300,1.0,residual,0,1;3;4;6,2,664400.0,0,664400.0,665600.0,1.0018061408789887
7,frequency-aligned,4,300,1.0,residual,5000,1;3;4;6,2,664400.0,10000,674400.0,665600.0,0.9869513641755635
7,frequency-aligned,4,300,1.0,residual,20000,1;3;4;6,2,664400.0,40000,704400.0,665600.0,0.9449176604202157
7,frequency-aligned,4,300,1.0,oracle,0,1;2;3;5,1,659800.0,0,659800.0,665600.0,1.0087905425886632
7,frequency-aligned,4,300,1.0,oracle,5000,1;2;3;5,1,659800.0,5000,664800.0,665600.0,1.0012033694344165
7,frequency-aligned,4,300,1.0,oracle,20000,1;2;3;5,1,659800.0,20000,679800.0,665600.0,0.9791115033833481
7,frequency-aligned,4,400,0.01,frequency,0,0;2;3;10,1,862500.0,0,862500.0,818400.0,0.9488695652173913
7,frequency-aligned,4,400,0.01,frequency,5000,0;2;3;10,1,862500.0,5000,867500.0,818400.0,0.9434005763688761
7,frequency-aligned,4,400,0.01,frequency,20000,0;2;3;10,1,862500.0,20000,882500.0,818400.0,0.9273654390934845
7,frequency-aligned,4,400,0.01,residual,0,0;2;3;10,1,862500.0,0,862500.0,818400.0,0.9488695652173913
7,frequency-aligned,4,400,0.01,residual,5000,0;2;3;10,1,862500.0,5000,867500.0,818400.0,0.9434005763688761
7,frequency-aligned,4,400,0.01,residual,20000,0;2;3;10,1,862500.0,20000,882500.0,818400.0,0.9273654390934845
7,frequency-aligned,4,400,0.01,oracle,0,1;2;3;5,1,809700.0,0,809700.0,818400.0,1.0107447202667654
7,frequency-aligned,4,400,0.01,oracle,5000,1;2;3;5,1,809700.0,5000,814700.0,818400.0,1.004541549036455
7,frequency-aligned,4,400,0.01,oracle,20000,1;2;3;5,1,809700.0,20000,829700.0,818400.0,0.9863806195010245
7,frequency-aligned,4,400,0.1,frequency,0,0;2;4;6,2,825600.0,0,825600.0,818400.0,0.9912790697674418
7,frequency-aligned,4,400,0.1,frequency,5000,0;2;4;6,2,825600.0,10000,835600.0,818400.0,0.9794159885112494
7,frequency-aligned,4,400,0.1,frequency,20000,0;2;4;6,2,825600.0,40000,865600.0,818400.0,0.9454713493530499
7,frequency-aligned,4,400,0.1,residual,0,0;2;4;6,2,825600.0,0,825600.0,818400.0,0.9912790697674418
7,frequency-aligned,4,400,0.1,residual,5000,0;2;4;6,2,825600.0,10000,835600.0,818400.0,0.9794159885112494
7,frequency-aligned,4,400,0.1,residual,20000,0;2;4;6,2,825600.0,40000,865600.0,818400.0,0.9454713493530499
7,frequency-aligned,4,400,0.1,oracle,0,1;2;3;5,1,809700.0,0,809700.0,818400.0,1.0107447202667654
7,frequency-aligned,4,400,0.1,oracle,5000,1;2;3;5,1,809700.0,5000,814700.0,818400.0,1.004541549036455
7,frequency-aligned,4,400,0.1,oracle,20000,1;2;3;5,1,809700.0,20000,829700.0,818400.0,0.9863806195010245
7,frequency-aligned,4,400,1.0,frequency,0,1;3;4;6,2,816600.0,0,816600.0,818400.0,1.0022042615723732
7,frequency-aligned,4,400,1.0,frequency,5000,1;3;4;6,2,816600.0,10000,826600.0,818400.0,0.9900798451488023
7,frequency-aligned,4,400,1.0,frequency,20000,1;3;4;6,2,816600.0,40000,856600.0,818400.0,0.9554050898902638
7,frequency-aligned,4,400,1.0,residual,0,1;3;4;6,2,816600.0,0,816600.0,818400.0,1.0022042615723732
7,frequency-aligned,4,400,1.0,residual,5000,1;3;4;6,2,816600.0,10000,826600.0,818400.0,0.9900798451488023
7,frequency-aligned,4,400,1.0,residual,20000,1;3;4;6,2,816600.0,40000,856600.0,818400.0,0.9554050898902638
7,frequency-aligned,4,400,1.0,oracle,0,1;2;3;5,1,809700.0,0,809700.0,818400.0,1.0107447202667654
7,frequency-aligned,4,400,1.0,oracle,5000,1;2;3;5,1,809700.0,5000,814700.0,818400.0,1.004541549036455
7,frequency-aligned,4,400,1.0,oracle,20000,1;2;3;5,1,809700.0,20000,829700.0,818400.0,0.9863806195010245
7,frequency-aligned,8,200,0.01,frequency,0,0;1;2;3;4;5;6;10,1,440100.0,0,440100.0,427400.0,0.9711429220631674
7,frequency-aligned,8,200,0.01,frequency,5000,0;1;2;3;4;5;6;10,1,440100.0,5000,445100.0,427400.0,0.9602336553583465
7,frequency-aligned,8,200,0.01,frequency,20000,0;1;2;3;4;5;6;10,1,440100.0,20000,460100.0,427400.0,0.9289284938056944
7,frequency-aligned,8,200,0.01,residual,0,0;1;2;3;4;5;6;10,1,440100.0,0,440100.0,427400.0,0.9711429220631674
7,frequency-aligned,8,200,0.01,residual,5000,0;1;2;3;4;5;6;10,1,440100.0,5000,445100.0,427400.0,0.9602336553583465
7,frequency-aligned,8,200,0.01,residual,20000,0;1;2;3;4;5;6;10,1,440100.0,20000,460100.0,427400.0,0.9289284938056944
7,frequency-aligned,8,200,0.01,oracle,0,0;1;2;3;4;5;6;7,0,427400.0,0,427400.0,427400.0,1.0
7,frequency-aligned,8,200,0.01,oracle,5000,0;1;2;3;4;5;6;7,0,427400.0,0,427400.0,427400.0,1.0
7,frequency-aligned,8,200,0.01,oracle,20000,0;1;2;3;4;5;6;7,0,427400.0,0,427400.0,427400.0,1.0
7,frequency-aligned,8,200,0.1,frequency,0,0;1;2;3;4;5;6;7,0,427400.0,0,427400.0,427400.0,1.0
7,frequency-aligned,8,200,0.1,frequency,5000,0;1;2;3;4;5;6;7,0,427400.0,0,427400.0,427400.0,1.0
7,frequency-aligned,8,200,0.1,frequency,20000,0;1;2;3;4;5;6;7,0,427400.0,0,427400.0,427400.0,1.0
7,frequency-aligned,8,200,0.1,residual,0,0;1;2;3;4;5;6;7,0,427400.0,0,427400.0,427400.0,1.0
7,frequency-aligned,8,200,0.1,residual,5000,0;1;2;3;4;5;6;7,0,427400.0,0,427400.0,427400.0,1.0
7,frequency-aligned,8,200,0.1,residual,20000,0;1;2;3;4;5;6;7,0,427400.0,0,427400.0,427400.0,1.0
7,frequency-aligned,8,200,0.1,oracle,0,0;1;2;3;4;5;6;7,0,427400.0,0,427400.0,427400.0,1.0
7,frequency-aligned,8,200,0.1,oracle,5000,0;1;2;3;4;5;6;7,0,427400.0,0,427400.0,427400.0,1.0
7,frequency-aligned,8,200,0.1,oracle,20000,0;1;2;3;4;5;6;7,0,427400.0,0,427400.0,427400.0,1.0
7,frequency-aligned,8,200,1.0,frequency,0,0;1;2;3;4;5;6;7,0,427400.0,0,427400.0,427400.0,1.0
7,frequency-aligned,8,200,1.0,frequency,5000,0;1;2;3;4;5;6;7,0,427400.0,0,427400.0,427400.0,1.0
7,frequency-aligned,8,200,1.0,frequency,20000,0;1;2;3;4;5;6;7,0,427400.0,0,427400.0,427400.0,1.0
7,frequency-aligned,8,200,1.0,residual,0,0;1;2;3;4;5;6;7,0,427400.0,0,427400.0,427400.0,1.0
7,frequency-aligned,8,200,1.0,residual,5000,0;1;2;3;4;5;6;7,0,427400.0,0,427400.0,427400.0,1.0
7,frequency-aligned,8,200,1.0,residual,20000,0;1;2;3;4;5;6;7,0,427400.0,0,427400.0,427400.0,1.0
7,frequency-aligned,8,200,1.0,oracle,0,0;1;2;3;4;5;6;7,0,427400.0,0,427400.0,427400.0,1.0
7,frequency-aligned,8,200,1.0,oracle,5000,0;1;2;3;4;5;6;7,0,427400.0,0,427400.0,427400.0,1.0
7,frequency-aligned,8,200,1.0,oracle,20000,0;1;2;3;4;5;6;7,0,427400.0,0,427400.0,427400.0,1.0
7,frequency-aligned,8,300,0.01,frequency,0,0;1;2;3;4;5;6;10,1,520200.0,0,520200.0,494800.0,0.9511726259131104
7,frequency-aligned,8,300,0.01,frequency,5000,0;1;2;3;4;5;6;10,1,520200.0,5000,525200.0,494800.0,0.9421172886519421
7,frequency-aligned,8,300,0.01,frequency,20000,0;1;2;3;4;5;6;10,1,520200.0,20000,540200.0,494800.0,0.9159570529433543
7,frequency-aligned,8,300,0.01,residual,0,0;1;2;3;4;5;6;10,1,520200.0,0,520200.0,494800.0,0.9511726259131104
7,frequency-aligned,8,300,0.01,residual,5000,0;1;2;3;4;5;6;10,1,520200.0,5000,525200.0,494800.0,0.9421172886519421
7,frequency-aligned,8,300,0.01,residual,20000,0;1;2;3;4;5;6;10,1,520200.0,20000,540200.0,494800.0,0.9159570529433543
7,frequency-aligned,8,300,0.01,oracle,0,0;1;2;3;4;5;6;7,0,494800.0,0,494800.0,494800.0,1.0
7,frequency-aligned,8,300,0.01,oracle,5000,0;1;2;3;4;5;6;7,0,494800.0,0,494800.0,494800.0,1.0
7,frequency-aligned,8,300,0.01,oracle,20000,0;1;2;3;4;5;6;7,0,494800.0,0,494800.0,494800.0,1.0
7,frequency-aligned,8,300,0.1,frequency,0,0;1;2;3;4;5;6;7,0,494800.0,0,494800.0,494800.0,1.0
7,frequency-aligned,8,300,0.1,frequency,5000,0;1;2;3;4;5;6;7,0,494800.0,0,494800.0,494800.0,1.0
7,frequency-aligned,8,300,0.1,frequency,20000,0;1;2;3;4;5;6;7,0,494800.0,0,494800.0,494800.0,1.0
7,frequency-aligned,8,300,0.1,residual,0,0;1;2;3;4;5;6;7,0,494800.0,0,494800.0,494800.0,1.0
7,frequency-aligned,8,300,0.1,residual,5000,0;1;2;3;4;5;6;7,0,494800.0,0,494800.0,494800.0,1.0
7,frequency-aligned,8,300,0.1,residual,20000,0;1;2;3;4;5;6;7,0,494800.0,0,494800.0,494800.0,1.0
7,frequency-aligned,8,300,0.1,oracle,0,0;1;2;3;4;5;6;7,0,494800.0,0,494800.0,494800.0,1.0
7,frequency-aligned,8,300,0.1,oracle,5000,0;1;2;3;4;5;6;7,0,494800.0,0,494800.0,494800.0,1.0
7,frequency-aligned,8,300,0.1,oracle,20000,0;1;2;3;4;5;6;7,0,494800.0,0,494800.0,494800.0,1.0
7,frequency-aligned,8,300,1.0,frequency,0,0;1;2;3;4;5;6;7,0,494800.0,0,494800.0,494800.0,1.0
7,frequency-aligned,8,300,1.0,frequency,5000,0;1;2;3;4;5;6;7,0,494800.0,0,494800.0,494800.0,1.0
7,frequency-aligned,8,300,1.0,frequency,20000,0;1;2;3;4;5;6;7,0,494800.0,0,494800.0,494800.0,1.0
7,frequency-aligned,8,300,1.0,residual,0,0;1;2;3;4;5;6;7,0,494800.0,0,494800.0,494800.0,1.0
7,frequency-aligned,8,300,1.0,residual,5000,0;1;2;3;4;5;6;7,0,494800.0,0,494800.0,494800.0,1.0
7,frequency-aligned,8,300,1.0,residual,20000,0;1;2;3;4;5;6;7,0,494800.0,0,494800.0,494800.0,1.0
7,frequency-aligned,8,300,1.0,oracle,0,0;1;2;3;4;5;6;7,0,494800.0,0,494800.0,494800.0,1.0
7,frequency-aligned,8,300,1.0,oracle,5000,0;1;2;3;4;5;6;7,0,494800.0,0,494800.0,494800.0,1.0
7,frequency-aligned,8,300,1.0,oracle,20000,0;1;2;3;4;5;6;7,0,494800.0,0,494800.0,494800.0,1.0
7,frequency-aligned,8,400,0.01,frequency,0,0;1;2;3;4;5;6;10,1,600300.0,0,600300.0,562200.0,0.9365317341329336
7,frequency-aligned,8,400,0.01,frequency,5000,0;1;2;3;4;5;6;10,1,600300.0,5000,605300.0,562200.0,0.9287956385263506
7,frequency-aligned,8,400,0.01,frequency,20000,0;1;2;3;4;5;6;10,1,600300.0,20000,620300.0,562200.0,0.9063356440432049
7,frequency-aligned,8,400,0.01,residual,0,0;1;2;3;4;5;6;10,1,600300.0,0,600300.0,562200.0,0.9365317341329336
7,frequency-aligned,8,400,0.01,residual,5000,0;1;2;3;4;5;6;10,1,600300.0,5000,605300.0,562200.0,0.9287956385263506
7,frequency-aligned,8,400,0.01,residual,20000,0;1;2;3;4;5;6;10,1,600300.0,20000,620300.0,562200.0,0.9063356440432049
7,frequency-aligned,8,400,0.01,oracle,0,0;1;2;3;4;5;6;7,0,562200.0,0,562200.0,562200.0,1.0
7,frequency-aligned,8,400,0.01,oracle,5000,0;1;2;3;4;5;6;7,0,562200.0,0,562200.0,562200.0,1.0
7,frequency-aligned,8,400,0.01,oracle,20000,0;1;2;3;4;5;6;7,0,562200.0,0,562200.0,562200.0,1.0
7,frequency-aligned,8,400,0.1,frequency,0,0;1;2;3;4;5;6;7,0,562200.0,0,562200.0,562200.0,1.0
7,frequency-aligned,8,400,0.1,frequency,5000,0;1;2;3;4;5;6;7,0,562200.0,0,562200.0,562200.0,1.0
7,frequency-aligned,8,400,0.1,frequency,20000,0;1;2;3;4;5;6;7,0,562200.0,0,562200.0,562200.0,1.0
7,frequency-aligned,8,400,0.1,residual,0,0;1;2;3;4;5;6;7,0,562200.0,0,562200.0,562200.0,1.0
7,frequency-aligned,8,400,0.1,residual,5000,0;1;2;3;4;5;6;7,0,562200.0,0,562200.0,562200.0,1.0
7,frequency-aligned,8,400,0.1,residual,20000,0;1;2;3;4;5;6;7,0,562200.0,0,562200.0,562200.0,1.0
7,frequency-aligned,8,400,0.1,oracle,0,0;1;2;3;4;5;6;7,0,562200.0,0,562200.0,562200.0,1.0
7,frequency-aligned,8,400,0.1,oracle,5000,0;1;2;3;4;5;6;7,0,562200.0,0,562200.0,562200.0,1.0
7,frequency-aligned,8,400,0.1,oracle,20000,0;1;2;3;4;5;6;7,0,562200.0,0,562200.0,562200.0,1.0
7,frequency-aligned,8,400,1.0,frequency,0,0;1;2;3;4;5;6;7,0,562200.0,0,562200.0,562200.0,1.0
7,frequency-aligned,8,400,1.0,frequency,5000,0;1;2;3;4;5;6;7,0,562200.0,0,562200.0,562200.0,1.0
7,frequency-aligned,8,400,1.0,frequency,20000,0;1;2;3;4;5;6;7,0,562200.0,0,562200.0,562200.0,1.0
7,frequency-aligned,8,400,1.0,residual,0,0;1;2;3;4;5;6;7,0,562200.0,0,562200.0,562200.0,1.0
7,frequency-aligned,8,400,1.0,residual,5000,0;1;2;3;4;5;6;7,0,562200.0,0,562200.0,562200.0,1.0
7,frequency-aligned,8,400,1.0,residual,20000,0;1;2;3;4;5;6;7,0,562200.0,0,562200.0,562200.0,1.0
7,frequency-aligned,8,400,1.0,oracle,0,0;1;2;3;4;5;6;7,0,562200.0,0,562200.0,562200.0,1.0
7,frequency-aligned,8,400,1.0,oracle,5000,0;1;2;3;4;5;6;7,0,562200.0,0,562200.0,562200.0,1.0
7,frequency-aligned,8,400,1.0,oracle,20000,0;1;2;3;4;5;6;7,0,562200.0,0,562200.0,562200.0,1.0
7,prefetch-hidden,2,200,0.01,frequency,0,0;3,1,260061.39298055222,0,260061.39298055222,260087.32264474238,1.0000997059344063
7,prefetch-hidden,2,200,0.01,frequency,5000,0;3,1,260061.39298055222,5000,265061.3929805522,260087.32264474238,0.9812342707480799
7,prefetch-hidden,2,200,0.01,frequency,20000,0;3,1,260061.39298055222,20000,280061.3929805522,260087.32264474238,0.9286796722560154
7,prefetch-hidden,2,200,0.01,residual,0,8;13,2,243933.43282488038,0,243933.43282488038,260087.32264474238,1.066222533060726
7,prefetch-hidden,2,200,0.01,residual,5000,8;13,2,243933.43282488038,10000,253933.43282488038,260087.32264474238,1.0242342638832669
7,prefetch-hidden,2,200,0.01,residual,20000,8;13,2,243933.43282488038,40000,283933.43282488035,260087.32264474238,0.9160151379748035
7,prefetch-hidden,2,200,0.01,oracle,0,9;10,2,241033.43282488038,0,241033.43282488038,260087.32264474238,1.0790508171275366
7,prefetch-hidden,2,200,0.01,oracle,5000,9;10,2,241033.43282488038,10000,251033.43282488038,260087.32264474238,1.0360664701827902
7,prefetch-hidden,2,200,0.01,oracle,20000,9;10,2,241033.43282488038,40000,281033.43282488035,260087.32264474238,0.9254675503565796
7,prefetch-hidden,2,200,0.1,frequency,0,2;6,2,260073.22333027507,0,260073.22333027507,260087.32264474238,1.0000542128646954
7,prefetch-hidden,2,200,0.1,frequency,5000,2;6,2,260073.22333027507,10000,270073.22333027504,260087.32264474238,0.9630252101174769
7,prefetch-hidden,2,200,0.1,frequency,20000,2;6,2,260073.22333027507,40000,300073.22333027504,260087.32264474238,0.8667461886743482
7,prefetch-hidden,2,200,0.1,residual,0,9;13,2,243033.43282488038,0,243033.43282488038,260087.32264474238,1.0701709621661408
7,prefetch-hidden,2,200,0.1,residual,5000,9;13,2,243033.43282488038,10000,253033.43282488038,260087.32264474238,1.0278773035685915
7,prefetch-hidden,2,200,0.1,residual,20000,9;13,2,243033.43282488038,40000,283033.43282488035,260087.32264474238,0.9189279162142824
7,prefetch-hidden,2,200,0.1,oracle,0,9;10,2,241033.43282488038,0,241033.43282488038,260087.32264474238,1.0790508171275366
7,prefetch-hidden,2,200,0.1,oracle,5000,9;10,2,241033.43282488038,10000,251033.43282488038,260087.32264474238,1.0360664701827902
7,prefetch-hidden,2,200,0.1,oracle,20000,9;10,2,241033.43282488038,40000,281033.43282488035,260087.32264474238,0.9254675503565796
7,prefetch-hidden,2,200,1.0,frequency,0,4;7,2,260046.50412308957,0,260046.50412308957,260087.32264474238,1.000156966238752
7,prefetch-hidden,2,200,1.0,frequency,5000,4;7,2,260046.50412308957,10000,270046.5041230896,260087.32264474238,0.9631204947063201
7,prefetch-hidden,2,200,1.0,frequency,20000,4;7,2,260046.50412308957,40000,300046.5041230896,260087.32264474238,0.8668233726130848
7,prefetch-hidden,2,200,1.0,residual,0,8;14,2,243433.43282488038,0,243433.43282488038,260087.32264474238,1.0684125003973566
7,prefetch-hidden,2,200,1.0,residual,5000,8;14,2,243433.43282488038,10000,253433.43282488038,260087.32264474238,1.0262549804329082
7,prefetch-hidden,2,200,1.0,residual,20000,8;14,2,243433.43282488038,40000,283433.43282488035,260087.32264474238,0.9176310643827174
7,prefetch-hidden,2,200,1.0,oracle,0,9;10,2,241033.43282488038,0,241033.43282488038,260087.32264474238,1.0790508171275366
7,prefetch-hidden,2,200,1.0,oracle,5000,9;10,2,241033.43282488038,10000,251033.43282488038,260087.32264474238,1.0360664701827902
7,prefetch-hidden,2,200,1.0,oracle,20000,9;10,2,241033.43282488038,40000,281033.43282488035,260087.32264474238,0.9254675503565796
7,prefetch-hidden,2,300,0.01,frequency,0,0;3,1,345595.92536822124,0,345595.92536822124,345852.384064128,1.0007420767349426
7,prefetch-hidden,2,300,0.01,frequency,5000,0;3,1,345595.92536822124,5000,350595.92536822124,345852.384064128,0.9864700615128049
7,prefetch-hidden,2,300,0.01,frequency,20000,0;3,1,345595.92536822124,20000,365595.92536822124,345852.384064128,0.9459962763966586
7,prefetch-hidden,2,300,0.01,residual,0,8;13,2,318698.5347762053,0,318698.5347762053,345852.384064128,1.085202303509147
7,prefetch-hidden,2,300,0.01,residual,5000,8;13,2,318698.5347762053,10000,328698.5347762053,345852.384064128,1.0521871790502562
7,prefetch-hidden,2,300,0.01,residual,20000,8;13,2,318698.5347762053,40000,358698.5347762053,345852.384064128,0.9641867767313514
7,prefetch-hidden,2,300,0.01,oracle,0,9;10,2,312898.5347762053,0,312898.5347762053,345852.384064128,1.1053180044818436
7,prefetch-hidden,2,300,0.01,oracle,5000,9;10,2,312898.5347762053,10000,322898.5347762053,345852.384064128,1.0710868796720665
7,prefetch-hidden,2,300,0.01,oracle,20000,9;10,2,312898.5347762053,40000,352898.5347762053,345852.384064128,0.9800334939997818
7,prefetch-hidden,2,300,0.1,frequency,0,2;6,2,345832.70443603816,0,345832.70443603816,345852.384064128,1.0000569050521753
7,prefetch-hidden,2,300,0.1,frequency,5000,2;6,2,345832.70443603816,10000,355832.70443603816,345852.384064128,0.9719522116784401
7,prefetch-hidden,2,300,0.1,frequency,20000,2;6,2,345832.70443603816,40000,385832.70443603816,345852.384064128,0.8963791303530156
7,prefetch-hidden,2,300,0.1,residual,0,9;13,2,316898.5347762053,0,316898.5347762053,345852.384064128,1.0913663084885197
7,prefetch-hidden,2,300,0.1,residual,5000,9;13,2,316898.5347762053,10000,326898.5347762053,345852.384064128,1.057980832801525
7,prefetch-hidden,2,300,0.1,residual,20000,9;13,2,316898.5347762053,40000,356898.5347762053,345852.384064128,0.9690496047595044
7,prefetch-hidden,2,300,0.1,oracle,0,9;10,2,312898.5347762053,0,312898.5347762053,345852.384064128,1.1053180044818436
7,prefetch-hidden,2,300,0.1,oracle,5000,9;10,2,312898.5347762053,10000,322898.5347762053,345852.384064128,1.0710868796720665
7,prefetch-hidden,2,300,0.1,oracle,20000,9;10,2,312898.5347762053,40000,352898.5347762053,345852.384064128,0.9800334939997818
7,prefetch-hidden,2,300,1.0,frequency,0,4;7,2,345405.040646325,0,345405.040646325,345852.384064128,1.0012951270686898
7,prefetch-hidden,2,300,1.0,frequency,5000,4;7,2,345405.040646325,10000,355405.040646325,345852.384064128,0.9731217751869109
7,prefetch-hidden,2,300,1.0,frequency,20000,4;7,2,345405.040646325,40000,385405.040646325,345852.384064128,0.8973737953300581
7,prefetch-hidden,2,300,1.0,residual,0,8;14,2,317698.5347762053,0,317698.5347762053,345852.384064128,1.0886181275836067
7,prefetch-hidden,2,300,1.0,residual,5000,8;14,2,317698.5347762053,10000,327698.5347762053,345852.384064128,1.0553980178773776
7,prefetch-hidden,2,300,1.0,residual,20000,8;14,2,317698.5347762053,40000,357698.5347762053,345852.384064128,0.9668823057396954
7,prefetch-hidden,2,300,1.0,oracle,0,9;10,2,312898.5347762053,0,312898.5347762053,345852.384064128,1.1053180044818436
7,prefetch-hidden,2,300,1.0,oracle,5000,9;10,2,312898.5347762053,10000,322898.5347762053,345852.384064128,1.0710868796720665
7,prefetch-hidden,2,300,1.0,oracle,20000,9;10,2,312898.5347762053,40000,352898.5347762053,345852.384064128,0.9800334939997818
7,prefetch-hidden,2,400,0.01,frequency,0,0;3,1,446601.76598750136,0,446601.76598750136,447053.1179186819,1.0010106362436397
7,prefetch-hidden,2,400,0.01,frequency,5000,0;3,1,446601.76598750136,5000,451601.76598750136,447053.1179186819,0.9899277451697446
7,prefetch-hidden,2,400,0.01,frequency,20000,0;3,1,446601.76598750136,20000,466601.76598750136,447053.1179186819,0.9581042132846468
7,prefetch-hidden,2,400,0.01,residual,0,8;13,2,414137.4232900461,0,414137.4232900461,447053.1179186819,1.0794801261067943
7,prefetch-hidden,2,400,0.01,residual,5000,8;13,2,414137.4232900461,10000,424137.4232900461,447053.1179186819,1.054028938193848
7,prefetch-hidden,2,400,0.01,residual,20000,8;13,2,414137.4232900461,40000,454137.4232900461,447053.1179186819,0.9844005250216086
7,prefetch-hidden,2,400,0.01,oracle,0,9;10,2,405437.4232900461,0,405437.4232900461,447053.1179186819,1.1026439401941055
7,prefetch-hidden,2,400,0.01,oracle,5000,9;10,2,405437.4232900461,10000,415437.4232900461,447053.1179186819,1.0761021825579797
7,prefetch-hidden,2,400,0.01,oracle,20000,9;10,2,405437.4232900461,40000,445437.4232900461,447053.1179186819,1.0036272089953782
7,prefetch-hidden,2,400,0.1,frequency,0,2;6,2,447005.5972568079,0,447005.5972568079,447053.1179186819,1.0001063088743531
7,prefetch-hidden,2,400,0.1,frequency,5000,2;6,2,447005.5972568079,10000,457005.5972568079,447053.1179186819,0.97822241259655
7,prefetch-hidden,2,400,0.1,frequency,20000,2;6,2,447005.5972568079,40000,487005.5972568079,447053.1179186819,0.9179629976263738
7,prefetch-hidden,2,400,0.1,residual,0,9;13,2,411437.4232900461,0,411437.4232900461,447053.1179186819,1.0865640620239063
7,prefetch-hidden,2,400,0.1,residual,5000,9;13,2,411437.4232900461,10000,421437.4232900461,447053.1179186819,1.060781727518788
7,prefetch-hidden,2,400,0.1,residual,20000,9;13,2,411437.4232900461,40000,451437.4232900461,447053.1179186819,0.9902881215752746
7,prefetch-hidden,2,400,0.1,oracle,0,9;10,2,405437.4232900461,0,405437.4232900461,447053.1179186819,1.1026439401941055
7,prefetch-hidden,2,400,0.1,oracle,5000,9;10,2,405437.4232900461,10000,415437.4232900461,447053.1179186819,1.0761021825579797
7,prefetch-hidden,2,400,0.1,oracle,20000,9;10,2,405437.4232900461,40000,445437.4232900461,447053.1179186819,1.0036272089953782
7,prefetch-hidden,2,400,1.0,frequency,0,4;7,2,446171.9591824979,0,446171.9591824979,447053.1179186819,1.0019749307818413
7,prefetch-hidden,2,400,1.0,frequency,5000,4;7,2,446171.9591824979,10000,456171.9591824979,447053.1179186819,0.9800100793565701
7,prefetch-hidden,2,400,1.0,frequency,20000,4;7,2,446171.9591824979,40000,486171.9591824979,447053.1179186819,0.91953702692028
7,prefetch-hidden,2,400,1.0,residual,0,8;14,2,412637.4232900461,0,412637.4232900461,447053.1179186819,1.0834042010882874
7,prefetch-hidden,2,400,1.0,residual,5000,8;14,2,412637.4232900461,10000,422637.4232900461,447053.1179186819,1.057769835994575
7,prefetch-hidden,2,400,1.0,residual,20000,8;14,2,412637.4232900461,40000,452637.4232900461,447053.1179186819,0.987662740453995
7,prefetch-hidden,2,400,1.0,oracle,0,9;10,2,405437.4232900461,0,405437.4232900461,447053.1179186819,1.1026439401941055
7,prefetch-hidden,2,400,1.0,oracle,5000,9;10,2,405437.4232900461,10000,415437.4232900461,447053.1179186819,1.0761021825579797
7,prefetch-hidden,2,400,1.0,oracle,20000,9;10,2,405437.4232900461,40000,445437.4232900461,447053.1179186819,1.0036272089953782
7,prefetch-hidden,4,200,0.01,frequency,0,0;2;3;5,1,259931.85533002383,0,259931.85533002383,259888.29395630612,0.9998324123310611
7,prefetch-hidden,4,200,0.01,frequency,5000,0;2;3;5,1,259931.85533002383,5000,264931.8553300238,259888.29395630612,0.9809627975184979
7,prefetch-hidden,4,200,0.01,frequency,20000,0;2;3;5,1,259931.85533002383,20000,279931.8553300238,259888.29395630612,0.9283984262881141
7,prefetch-hidden,4,200,0.01,residual,0,8;9;10;13,4,224733.43282488038,0,224733.43282488038,259888.29395630612,1.156429155597955
7,prefetch-hidden,4,200,0.01,residual,5000,8;9;10;13,4,224733.43282488038,20000,244733.43282488038,259888.29395630612,1.0619239511189704
7,prefetch-hidden,4,200,0.01,residual,20000,8;9;10;13,4,224733.43282488038,80000,304733.43282488035,259888.29395630612,0.8528381397050544
7,prefetch-hidden,4,200,0.01,oracle,0,9;10;11;14,4,223733.43282488038,0,223733.43282488038,259888.29395630612,1.1615979367720368
7,prefetch-hidden,4,200,0.01,oracle,5000,9;10;11;14,4,223733.43282488038,20000,243733.43282488038,259888.29395630612,1.066280858330309
7,prefetch-hidden,4,200,0.01,oracle,20000,9;10;11;14,4,223733.43282488038,80000,303733.43282488035,259888.29395630612,0.8556459904305186
7,prefetch-hidden,4,200,0.1,frequency,0,2;4;5;6,3,259922.091490417,0,259922.091490417,259888.29395630612,0.9998699705211008
7,prefetch-hidden,4,200,0.1,frequency,5000,2;4;5;6,3,259922.091490417,15000,274922.091490417,259888.29395630612,0.9453161531959503
7,prefetch-hidden,4,200,0.1,frequency,20000,2;4;5;6,3,259922.091490417,60000,319922.091490417,259888.29395630612,0.8123486963515643
7,prefetch-hidden,4,200,0.1,residual,0,8;9;13;15,4,226333.43282488038,0,226333.43282488038,259888.29395630612,1.1482541077233956
7,prefetch-hidden,4,200,0.1,residual,5000,8;9;13;15,4,226333.43282488038,20000,246333.43282488038,259888.29395630612,1.055026477632299
7,prefetch-hidden,4,200,0.1,residual,20000,8;9;13;15,4,226333.43282488038,80000,306333.43282488035,259888.29395630612,0.8483837090836728
7,prefetch-hidden,4,200,0.1,oracle,0,9;10;11;14,4,223733.43282488038,0,223733.43282488038,259888.29395630612,1.1615979367720368
7,prefetch-hidden,4,200,0.1,oracle,5000,9;10;11;14,4,223733.43282488038,20000,243733.43282488038,259888.29395630612,1.066280858330309
7,prefetch-hidden,4,200,0.1,oracle,20000,9;10;11;14,4,223733.43282488038,80000,303733.43282488035,259888.29395630612,0.8556459904305186
7,prefetch-hidden,4,200,1.0,frequency,0,2;4;6;7,3,259886.29462848426,0,259886.29462848426,259888.29395630612,1.0000076930867967
7,prefetch-hidden,4,200,1.0,frequency,5000,2;4;6;7,3,259886.29462848426,15000,274886.2946284843,259888.29395630612,0.945439256284318
7,prefetch-hidden,4,200,1.0,frequency,20000,2;4;6;7,3,259886.29462848426,60000,319886.2946284843,259888.29395630612,0.8124396021972126
7,prefetch-hidden,4,200,1.0,residual,0,8;9;14;15,4,225833.43282488038,0,225833.43282488038,259888.29395630612,1.1507963666204957
7,prefetch-hidden,4,200,1.0,residual,5000,8;9;14;15,4,225833.43282488038,20000,245833.43282488038,259888.29395630612,1.057172293328539
7,prefetch-hidden,4,200,1.0,residual,20000,8;9;14;15,4,225833.43282488038,80000,305833.43282488035,259888.29395630612,0.8497707119715642
7,prefetch-hidden,4,200,1.0,oracle,0,9;10;11;14,4,223733.43282488038,0,223733.43282488038,259888.29395630612,1.1615979367720368
7,prefetch-hidden,4,200,1.0,oracle,5000,9;10;11;14,4,223733.43282488038,20000,243733.43282488038,259888.29395630612,1.066280858330309
7,prefetch-hidden,4,200,1.0,oracle,20000,9;10;11;14,4,223733.43282488038,80000,303733.43282488035,259888.29395630612,0.8556459904305186
7,prefetch-hidden,4,300,0.01,frequency,0,0;2;3;5,1,340645.51384666737,0,340645.51384666737,340131.6029177512,0.9984913615238523
7,prefetch-hidden,4,300,0.01,frequency,5000,0;2;3;5,1,340645.51384666737,5000,345645.51384666737,340131.6029177512,0.9840474974850615
7,prefetch-hidden,4,300,0.01,frequency,20000,0;2;3;5,1,340645.51384666737,20000,360645.51384666737,340131.6029177512,0.9431189072335504
7,prefetch-hidden,4,300,0.01,residual,0,8;9;10;13,4,280298.5347762053,0,280298.5347762053,340131.6029177512,1.2134619368928115
7,prefetch-hidden,4,300,0.01,residual,5000,8;9;10;13,4,280298.5347762053,20000,300298.5347762053,340131.6029177512,1.132644896756593
7,prefetch-hidden,4,300,0.01,residual,20000,8;9;10;13,4,280298.5347762053,80000,360298.5347762053,340131.6029177512,0.9440271610569259
7,prefetch-hidden,4,300,0.01,oracle,0,9;10;11;14,4,278298.5347762053,0,278298.5347762053,340131.6029177512,1.2221825141525418
7,prefetch-hidden,4,300,0.01,oracle,5000,9;10;11;14,4,278298.5347762053,20000,298298.5347762053,340131.6029177512,1.1402389326951625
7,prefetch-hidden,4,300,0.01,oracle,20000,9;10;11;14,4,278298.5347762053,80000,358298.5347762053,340131.6029177512,0.9492966615958917
7,prefetch-hidden,4,300,0.1,frequency,0,2;4;5;6,3,340505.7707296731,0,340505.7707296731,340131.6029177512,0.9989011410552012
7,prefetch-hidden,4,300,0.1,frequency,5000,2;4;5;6,3,340505.7707296731,15000,355505.7707296731,340131.6029177512,0.9567540977453993
7,prefetch-hidden,4,300,0.1,frequency,20000,2;4;5;6,3,340505.7707296731,60000,400505.7707296731,340131.6029177512,0.8492551862562991
7,prefetch-hidden,4,300,0.1,residual,0,8;9;13;15,4,283498.5347762053,0,283498.5347762053,340131.6029177512,1.1997649412412386
7,prefetch-hidden,4,300,0.1,residual,5000,8;9;13;15,4,283498.5347762053,20000,303498.5347762053,340131.6029177512,1.1207026194329355
7,prefetch-hidden,4,300,0.1,residual,20000,8;9;13;15,4,283498.5347762053,80000,363498.5347762053,340131.6029177512,0.9357165720823595
7,prefetch-hidden,4,300,0.1,oracle,0,9;10;11;14,4,278298.5347762053,0,278298.5347762053,340131.6029177512,1.2221825141525418
7,prefetch-hidden,4,300,0.1,oracle,5000,9;10;11;14,4,278298.5347762053,20000,298298.5347762053,340131.6029177512,1.1402389326951625
7,prefetch-hidden,4,300,0.1,oracle,20000,9;10;11;14,4,278298.5347762053,80000,358298.5347762053,340131.6029177512,0.9492966615958917
7,prefetch-hidden,4,300,1.0,frequency,0,2;4;6;7,3,339939.21030615794,0,339939.21030615794,340131.6029177512,1.0005659618124663
7,prefetch-hidden,4,300,1.0,frequency,5000,2;4;6;7,3,339939.21030615794,15000,354939.21030615794,340131.6029177512,0.9582812860387157
7,prefetch-hidden,4,300,1.0,frequency,20000,2;4;6;7,3,339939.21030615794,60000,399939.21030615794,340131.6029177512,0.8504582550367508
7,prefetch-hidden,4,300,1.0,residual,0,8;9;14;15,4,282498.5347762053,0,282498.5347762053,340131.6029177512,1.204011918812969
7,prefetch-hidden,4,300,1.0,residual,5000,8;9;14;15,4,282498.5347762053,20000,302498.5347762053,340131.6029177512,1.12440743942574
7,prefetch-hidden,4,300,1.0,residual,20000,8;9;14;15,4,282498.5347762053,80000,362498.5347762053,340131.6029177512,0.9382978696113552
7,prefetch-hidden,4,300,1.0,oracle,0,9;10;11;14,4,278298.5347762053,0,278298.5347762053,340131.6029177512,1.2221825141525418
7,prefetch-hidden,4,300,1.0,oracle,5000,9;10;11;14,4,278298.5347762053,20000,298298.5347762053,340131.6029177512,1.1402389326951625
7,prefetch-hidden,4,300,1.0,oracle,20000,9;10;11;14,4,278298.5347762053,80000,358298.5347762053,340131.6029177512,0.9492966615958917
7,prefetch-hidden,4,400,0.01,frequency,0,0;2;3;5,1,431915.0324301965,0,431915.0324301965,430684.5120964801,0.9971510129508743
7,prefetch-hidden,4,400,0.01,frequency,5000,0;2;3;5,1,431915.0324301965,5000,436915.0324301965,430684.5120964801,0.9857397437230275
7,prefetch-hidden,4,400,0.01,frequency,20000,0;2;3;5,1,431915.0324301965,20000,451915.0324301965,430684.5120964801,0.9530209910930643
7,prefetch-hidden,4,400,0.01,residual,0,8;9;10;13,4,356537.42329004605,0,356537.42329004605,430684.5120964801,1.2079643929723327
7,prefetch-hidden,4,400,0.01,residual,5000,8;9;10;13,4,356537.42329004605,20000,376537.42329004605,430684.5120964801,1.1438026752648294
7,prefetch-hidden,4,400,0.01,residual,20000,8;9;10;13,4,356537.42329004605,80000,436537.42329004605,430684.5120964801,0.9865924182411341
7,prefetch-hidden,4,400,0.01,oracle,0,9;10;11;14,4,353537.42329004605,0,353537.42329004605,430684.5120964801,1.2182147736680813
7,prefetch-hidden,4,400,0.01,oracle,5000,9;10;11;14,4,353537.42329004605,20000,373537.42329004605,430684.5120964801,1.1529889249197403
7,prefetch-hidden,4,400,0.01,oracle,20000,9;10;11;14,4,353537.42329004605,80000,433537.42329004605,430684.5120964801,0.9934194580668131
7,prefetch-hidden,4,400,0.1,frequency,0,2;4;5;6,3,431279.88141894736,0,431279.88141894736,430684.5120964801,0.9986195291083172
7,prefetch-hidden,4,400,0.1,frequency,5000,2;4;5;6,3,431279.88141894736,15000,446279.88141894736,430684.5120964801,0.9650547336508163
7,prefetch-hidden,4,400,0.1,frequency,20000,2;4;5;6,3,431279.88141894736,60000,491279.88141894736,430684.5120964801,0.8766581502432959
7,prefetch-hidden,4,400,0.1,residual,0,8;9;13;15,4,361337.42329004605,0,361337.42329004605,430684.5120964801,1.1919178151408056
7,prefetch-hidden,4,400,0.1,residual,5000,8;9;13;15,4,361337.42329004605,20000,381337.42329004605,430684.5120964801,1.1294053134903064
7,prefetch-hidden,4,400,0.1,residual,20000,8;9;13;15,4,361337.42329004605,80000,441337.42329004605,430684.5120964801,0.9758622073919055
7,prefetch-hidden,4,400,0.1,oracle,0,9;10;11;14,4,353537.42329004605,0,353537.42329004605,430684.5120964801,1.2182147736680813
7,prefetch-hidden,4,400,0.1,oracle,5000,9;10;11;14,4,353537.42329004605,20000,373537.42329004605,430684.5120964801,1.1529889249197403
7,prefetch-hidden,4,400,0.1,oracle,20000,9;10;11;14,4,353537.42329004605,80000,433537.42329004605,430684.5120964801,0.9934194580668131
7,prefetch-hidden,4,400,1.0,frequency,0,2;4;6;7,3,430140.1331492597,0,430140.1331492597,430684.5120964801,1.001265585108822
7,prefetch-hidden,4,400,1.0,frequency,5000,2;4;6;7,3,430140.1331492597,15000,445140.1331492597,430684.5120964801,0.9675256846635922
7,prefetch-hidden,4,400,1.0,frequency,20000,2;4;6;7,3,430140.1331492597,60000,490140.1331492597,430684.5120964801,0.8786966889024901
7,prefetch-hidden,4,400,1.0,residual,0,8;9;14;15,4,359837.42329004605,0,359837.42329004605,430684.5120964801,1.1968863831856864
7,prefetch-hidden,4,400,1.0,residual,5000,8;9;14;15,4,359837.42329004605,20000,379837.42329004605,430684.5120964801,1.1338654005337618
7,prefetch-hidden,4,400,1.0,residual,20000,8;9;14;15,4,359837.42329004605,80000,439837.42329004605,430684.5120964801,0.9791902400548347
7,prefetch-hidden,4,400,1.0,oracle,0,9;10;11;14,4,353537.42329004605,0,353537.42329004605,430684.5120964801,1.2182147736680813
7,prefetch-hidden,4,400,1.0,oracle,5000,9;10;11;14,4,353537.42329004605,20000,373537.42329004605,430684.5120964801,1.1529889249197403
7,prefetch-hidden,4,400,1.0,oracle,20000,9;10;11;14,4,353537.42329004605,80000,433537.42329004605,430684.5120964801,0.9934194580668131
7,prefetch-hidden,8,200,0.01,frequency,0,0;2;3;4;5;6;8;13,2,243450.05164608883,0,243450.05164608883,259600.0,1.066337830880352
7,prefetch-hidden,8,200,0.01,frequency,5000,0;2;3;4;5;6;8;13,2,243450.05164608883,10000,253450.05164608883,259600.0,1.0242649323366435
7,prefetch-hidden,8,200,0.01,frequency,20000,0;2;3;4;5;6;8;13,2,243450.05164608883,40000,283450.05164608883,259600.0,0.9158580091709857
7,prefetch-hidden,8,200,0.01,residual,0,0;2;5;8;9;10;12;13,5,216036.6930731509,0,216036.6930731509,259600.0,1.2016477215382035
7,prefetch-hidden,8,200,0.01,residual,5000,0;2;5;8;9;10;12;13,5,216036.6930731509,25000,241036.6930731509,259600.0,1.0770144441087872
7,prefetch-hidden,8,200,0.01,residual,20000,0;2;5;8;9;10;12;13,5,216036.6930731509,100000,316036.69307315093,259600.0,0.8214236058339975
7,prefetch-hidden,8,200,0.01,oracle,0,8;9;10;11;12;13;14;15,8,190433.43282488038,0,190433.43282488038,259600.0,1.3632060093078515
7,prefetch-hidden,8,200,0.01,oracle,5000,8;9;10;11;12;13;14;15,8,190433.43282488038,40000,230433.43282488038,259600.0,1.1265726366941076
7,prefetch-hidden,8,200,0.01,oracle,20000,8;9;10;11;12;13;14;15,8,190433.43282488038,160000,350433.43282488035,259600.0,0.7407968980223645
7,prefetch-hidden,8,200,0.1,frequency,0,0;1;2;3;4;5;6;7,0,259600.0,0,259600.0,259600.0,1.0
7,prefetch-hidden,8,200,0.1,frequency,5000,0;1;2;3;4;5;6;7,0,259600.0,0,259600.0,259600.0,1.0
7,prefetch-hidden,8,200,0.1,frequency,20000,0;1;2;3;4;5;6;7,0,259600.0,0,259600.0,259600.0,1.0
7,prefetch-hidden,8,200,0.1,residual,0,8;9;10;11;12;13;14;15,8,190433.43282488038,0,190433.43282488038,259600.0,1.3632060093078515
7,prefetch-hidden,8,200,0.1,residual,5000,8;9;10;11;12;13;14;15,8,190433.43282488038,40000,230433.43282488038,259600.0,1.1265726366941076
7,prefetch-hidden,8,200,0.1,residual,20000,8;9;10;11;12;13;14;15,8,190433.43282488038,160000,350433.43282488035,259600.0,0.7407968980223645
7,prefetch-hidden,8,200,0.1,oracle,0,8;9;10;11;12;13;14;15,8,190433.43282488038,0,190433.43282488038,259600.0,1.3632060093078515
7,prefetch-hidden,8,200,0.1,oracle,5000,8;9;10;11;12;13;14;15,8,190433.43282488038,40000,230433.43282488038,259600.0,1.1265726366941076
7,prefetch-hidden,8,200,0.1,oracle,20000,8;9;10;11;12;13;14;15,8,190433.43282488038,160000,350433.43282488035,259600.0,0.7407968980223645
7,prefetch-hidden,8,200,1.0,frequency,0,0;1;2;3;4;5;6;7,0,259600.0,0,259600.0,259600.0,1.0
7,prefetch-hidden,8,200,1.0,frequency,5000,0;1;2;3;4;5;6;7,0,259600.0,0,259600.0,259600.0,1.0
7,prefetch-hidden,8,200,1.0,frequency,20000,0;1;2;3;4;5;6;7,0,259600.0,0,259600.0,259600.0,1.0
7,prefetch-hidden,8,200,1.0,residual,0,8;9;10;11;12;13;14;15,8,190433.43282488038,0,190433.43282488038,259600.0,1.3632060093078515
7,prefetch-hidden,8,200,1.0,residual,5000,8;9;10;11;12;13;14;15,8,190433.43282488038,40000,230433.43282488038,259600.0,1.1265726366941076
7,prefetch-hidden,8,200,1.0,residual,20000,8;9;10;11;12;13;14;15,8,190433.43282488038,160000,350433.43282488035,259600.0,0.7407968980223645
7,prefetch-hidden,8,200,1.0,oracle,0,8;9;10;11;12;13;14;15,8,190433.43282488038,0,190433.43282488038,259600.0,1.3632060093078515
7,prefetch-hidden,8,200,1.0,oracle,5000,8;9;10;11;12;13;14;15,8,190433.43282488038,40000,230433.43282488038,259600.0,1.1265726366941076
7,prefetch-hidden,8,200,1.0,oracle,20000,8;9;10;11;12;13;14;15,8,190433.43282488038,160000,350433.43282488035,259600.0,0.7407968980223645
7,prefetch-hidden,8,300,0.01,frequency,0,0;2;3;4;5;6;8;13,2,302203.161321689,0,302203.161321689,329400.0,1.0899952156667232
7,prefetch-hidden,8,300,0.01,frequency,5000,0;2;3;4;5;6;8;13,2,302203.161321689,10000,312203.161321689,329400.0,1.0550822054636135
7,prefetch-hidden,8,300,0.01,frequency,20000,0;2;3;4;5;6;8;13,2,302203.161321689,40000,342203.161321689,329400.0,0.9625860811097143
7,prefetch-hidden,8,300,0.01,residual,0,2;4;5;8;9;10;12;13,5,255182.5345329152,0,255182.5345329152,329400.0,1.2908406941052297
7,prefetch-hidden,8,300,0.01,residual,5000,2;4;5;8;9;10;12;13,5,255182.5345329152,25000,280182.5345329152,329400.0,1.1756621466399892
7,prefetch-hidden,8,300,0.01,residual,20000,2;4;5;8;9;10;12;13,5,255182.5345329152,100000,355182.5345329152,329400.0,0.9274104663766176
7,prefetch-hidden,8,300,0.01,oracle,0,8;9;10;11;12;13;14;15,8,211698.53477620526,0,211698.53477620526,329400.0,1.5559862062730927
7,prefetch-hidden,8,300,0.01,oracle,5000,8;9;10;11;12;13;14;15,8,211698.53477620526,40000,251698.53477620526,329400.0,1.3087084527245345
7,prefetch-hidden,8,300,0.01,oracle,20000,8;9;10;11;12;13;14;15,8,211698.53477620526,160000,371698.53477620526,329400.0,0.8862020405819662
7,prefetch-hidden,8,300,0.1,frequency,0,0;1;2;3;4;5;6;7,0,329400.0,0,329400.0,329400.0,1.0
7,prefetch-hidden,8,300,0.1,frequency,5000,0;1;2;3;4;5;6;7,0,329400.0,0,329400.0,329400.0,1.0
7,prefetch-hidden,8,300,0.1,frequency,20000,0;1;2;3;4;5;6;7,0,329400.0,0,329400.0,329400.0,1.0
7,prefetch-hidden,8,300,0.1,residual,0,8;9;10;11;12;13;14;15,8,211698.53477620526,0,211698.53477620526,329400.0,1.5559862062730927
7,prefetch-hidden,8,300,0.1,residual,5000,8;9;10;11;12;13;14;15,8,211698.53477620526,40000,251698.53477620526,329400.0,1.3087084527245345
7,prefetch-hidden,8,300,0.1,residual,20000,8;9;10;11;12;13;14;15,8,211698.53477620526,160000,371698.53477620526,329400.0,0.8862020405819662
7,prefetch-hidden,8,300,0.1,oracle,0,8;9;10;11;12;13;14;15,8,211698.53477620526,0,211698.53477620526,329400.0,1.5559862062730927
7,prefetch-hidden,8,300,0.1,oracle,5000,8;9;10;11;12;13;14;15,8,211698.53477620526,40000,251698.53477620526,329400.0,1.3087084527245345
7,prefetch-hidden,8,300,0.1,oracle,20000,8;9;10;11;12;13;14;15,8,211698.53477620526,160000,371698.53477620526,329400.0,0.8862020405819662
7,prefetch-hidden,8,300,1.0,frequency,0,0;1;2;3;4;5;6;7,0,329400.0,0,329400.0,329400.0,1.0
7,prefetch-hidden,8,300,1.0,frequency,5000,0;1;2;3;4;5;6;7,0,329400.0,0,329400.0,329400.0,1.0
7,prefetch-hidden,8,300,1.0,frequency,20000,0;1;2;3;4;5;6;7,0,329400.0,0,329400.0,329400.0,1.0
7,prefetch-hidden,8,300,1.0,residual,0,8;9;10;11;12;13;14;15,8,211698.53477620526,0,211698.53477620526,329400.0,1.5559862062730927
7,prefetch-hidden,8,300,1.0,residual,5000,8;9;10;11;12;13;14;15,8,211698.53477620526,40000,251698.53477620526,329400.0,1.3087084527245345
7,prefetch-hidden,8,300,1.0,residual,20000,8;9;10;11;12;13;14;15,8,211698.53477620526,160000,371698.53477620526,329400.0,0.8862020405819662
7,prefetch-hidden,8,300,1.0,oracle,0,8;9;10;11;12;13;14;15,8,211698.53477620526,0,211698.53477620526,329400.0,1.5559862062730927
7,prefetch-hidden,8,300,1.0,oracle,5000,8;9;10;11;12;13;14;15,8,211698.53477620526,40000,251698.53477620526,329400.0,1.3087084527245345
7,prefetch-hidden,8,300,1.0,oracle,20000,8;9;10;11;12;13;14;15,8,211698.53477620526,160000,371698.53477620526,329400.0,0.8862020405819662
7,prefetch-hidden,8,400,0.01,frequency,0,0;2;3;4;5;6;8;13,2,365944.2241164027,0,365944.2241164027,399200.0,1.09087662461102
7,prefetch-hidden,8,400,0.01,frequency,5000,0;2;3;4;5;6;8;13,2,365944.2241164027,10000,375944.2241164027,399200.0,1.0618596440422947
7,prefetch-hidden,8,400,0.01,frequency,20000,0;2;3;4;5;6;8;13,2,365944.2241164027,40000,405944.2241164027,399200.0,0.9833863281807187
7,prefetch-hidden,8,400,0.01,residual,0,0;4;5;8;9;10;12;13,5,307194.90017103706,0,307194.90017103706,399200.0,1.2995007396859037
7,prefetch-hidden,8,400,0.01,residual,5000,0;4;5;8;9;10;12;13,5,307194.90017103706,25000,332194.90017103706,399200.0,1.201704179668213
7,prefetch-hidden,8,400,0.01,residual,20000,0;4;5;8;9;10;12;13,5,307194.90017103706,100000,407194.90017103706,399200.0,0.9803659128155119
7,prefetch-hidden,8,400,0.01,oracle,0,8;9;10;11;12;13;14;15,8,253637.42329004608,0,253637.42329004608,399200.0,1.573900234522949
7,prefetch-hidden,8,400,0.01,oracle,5000,8;9;10;11;12;13;14;15,8,253637.42329004608,40000,293637.42329004605,399200.0,1.359499737898471
7,prefetch-hidden,8,400,0.01,oracle,20000,8;9;10;11;12;13;14;15,8,253637.42329004608,160000,413637.42329004605,399200.0,0.9650964287147625
7,prefetch-hidden,8,400,0.1,frequency,0,0;1;2;3;4;5;6;7,0,399200.0,0,399200.0,399200.0,1.0
7,prefetch-hidden,8,400,0.1,frequency,5000,0;1;2;3;4;5;6;7,0,399200.0,0,399200.0,399200.0,1.0
7,prefetch-hidden,8,400,0.1,frequency,20000,0;1;2;3;4;5;6;7,0,399200.0,0,399200.0,399200.0,1.0
7,prefetch-hidden,8,400,0.1,residual,0,8;9;10;11;12;13;14;15,8,253637.42329004608,0,253637.42329004608,399200.0,1.573900234522949
7,prefetch-hidden,8,400,0.1,residual,5000,8;9;10;11;12;13;14;15,8,253637.42329004608,40000,293637.42329004605,399200.0,1.359499737898471
7,prefetch-hidden,8,400,0.1,residual,20000,8;9;10;11;12;13;14;15,8,253637.42329004608,160000,413637.42329004605,399200.0,0.9650964287147625
7,prefetch-hidden,8,400,0.1,oracle,0,8;9;10;11;12;13;14;15,8,253637.42329004608,0,253637.42329004608,399200.0,1.573900234522949
7,prefetch-hidden,8,400,0.1,oracle,5000,8;9;10;11;12;13;14;15,8,253637.42329004608,40000,293637.42329004605,399200.0,1.359499737898471
7,prefetch-hidden,8,400,0.1,oracle,20000,8;9;10;11;12;13;14;15,8,253637.42329004608,160000,413637.42329004605,399200.0,0.9650964287147625
7,prefetch-hidden,8,400,1.0,frequency,0,0;1;2;3;4;5;6;7,0,399200.0,0,399200.0,399200.0,1.0
7,prefetch-hidden,8,400,1.0,frequency,5000,0;1;2;3;4;5;6;7,0,399200.0,0,399200.0,399200.0,1.0
7,prefetch-hidden,8,400,1.0,frequency,20000,0;1;2;3;4;5;6;7,0,399200.0,0,399200.0,399200.0,1.0
7,prefetch-hidden,8,400,1.0,residual,0,8;9;10;11;12;13;14;15,8,253637.42329004608,0,253637.42329004608,399200.0,1.573900234522949
7,prefetch-hidden,8,400,1.0,residual,5000,8;9;10;11;12;13;14;15,8,253637.42329004608,40000,293637.42329004605,399200.0,1.359499737898471
7,prefetch-hidden,8,400,1.0,residual,20000,8;9;10;11;12;13;14;15,8,253637.42329004608,160000,413637.42329004605,399200.0,0.9650964287147625
7,prefetch-hidden,8,400,1.0,oracle,0,8;9;10;11;12;13;14;15,8,253637.42329004608,0,253637.42329004608,399200.0,1.573900234522949
7,prefetch-hidden,8,400,1.0,oracle,5000,8;9;10;11;12;13;14;15,8,253637.42329004608,40000,293637.42329004605,399200.0,1.359499737898471
7,prefetch-hidden,8,400,1.0,oracle,20000,8;9;10;11;12;13;14;15,8,253637.42329004608,160000,413637.42329004605,399200.0,0.9650964287147625
7,phase-reversal,2,200,0.01,frequency,0,0;3,1,423820.43948207126,0,423820.43948207126,424520.43948207126,1.0016516428534108
7,phase-reversal,2,200,0.01,frequency,5000,0;3,1,423820.43948207126,5000,428820.43948207126,424520.43948207126,0.9899724929035716
7,phase-reversal,2,200,0.01,frequency,20000,0;3,1,423820.43948207126,20000,443820.43948207126,424520.43948207126,0.9565139450933745
7,phase-reversal,2,200,0.01,residual,0,8;13,2,466370.5518273821,0,466370.5518273821,424520.43948207126,0.910264247643147
7,phase-reversal,2,200,0.01,residual,5000,8;13,2,466370.5518273821,10000,476370.5518273821,424520.43948207126,0.8911559244239361
7,phase-reversal,2,200,0.01,residual,20000,8;13,2,466370.5518273821,40000,506370.5518273821,424520.43948207126,0.8383592567736582
7,phase-reversal,2,200,0.01,oracle,0,2;6,2,419020.43948207126,0,419020.43948207126,424520.43948207126,1.013125851347009
7,phase-reversal,2,200,0.01,oracle,5000,2;6,2,419020.43948207126,10000,429020.43948207126,424520.43948207126,0.9895109892539559
7,phase-reversal,2,200,0.01,oracle,20000,2;6,2,419020.43948207126,40000,459020.43948207126,424520.43948207126,0.9248399482190215
7,phase-reversal,2,200,0.1,frequency,0,2;6,2,419020.43948207126,0,419020.43948207126,424520.43948207126,1.013125851347009
7,phase-reversal,2,200,0.1,frequency,5000,2;6,2,419020.43948207126,10000,429020.43948207126,424520.43948207126,0.9895109892539559
7,phase-reversal,2,200,0.1,frequency,20000,2;6,2,419020.43948207126,40000,459020.43948207126,424520.43948207126,0.9248399482190215
7,phase-reversal,2,200,0.1,residual,0,9;13,2,466390.5367130431,0,466390.5367130431,424520.43948207126,0.9102252427202798
7,phase-reversal,2,200,0.1,residual,5000,9;13,2,466390.5367130431,10000,476390.5367130431,424520.43948207126,0.8911185398667646
7,phase-reversal,2,200,0.1,residual,20000,9;13,2,466390.5367130431,40000,506390.5367130431,424520.43948207126,0.8383261706224079
7,phase-reversal,2,200,0.1,oracle,0,2;6,2,419020.43948207126,0,419020.43948207126,424520.43948207126,1.013125851347009
7,phase-reversal,2,200,0.1,oracle,5000,2;6,2,419020.43948207126,10000,429020.43948207126,424520.43948207126,0.9895109892539559
7,phase-reversal,2,200,0.1,oracle,20000,2;6,2,419020.43948207126,40000,459020.43948207126,424520.43948207126,0.9248399482190215
7,phase-reversal,2,200,1.0,frequency,0,4;7,2,425220.43948207126,0,425220.43948207126,424520.43948207126,0.9983537950319307
7,phase-reversal,2,200,1.0,frequency,5000,4;7,2,425220.43948207126,10000,435220.43948207126,424520.43948207126,0.975414757604828
7,phase-reversal,2,200,1.0,frequency,20000,4;7,2,425220.43948207126,40000,465220.43948207126,424520.43948207126,0.9125145919097811
7,phase-reversal,2,200,1.0,residual,0,8;14,2,466358.493312926,0,466358.493312926,424520.43948207126,0.9102877841172254
7,phase-reversal,2,200,1.0,residual,5000,8;14,2,466358.493312926,10000,476358.493312926,424520.43948207126,0.8911784830992787
7,phase-reversal,2,200,1.0,residual,20000,8;14,2,466358.493312926,40000,506358.493312926,424520.43948207126,0.8383792216154665
7,phase-reversal,2,200,1.0,oracle,0,2;6,2,419020.43948207126,0,419020.43948207126,424520.43948207126,1.013125851347009
7,phase-reversal,2,200,1.0,oracle,5000,2;6,2,419020.43948207126,10000,429020.43948207126,424520.43948207126,0.9895109892539559
7,phase-reversal,2,200,1.0,oracle,20000,2;6,2,419020.43948207126,40000,459020.43948207126,424520.43948207126,0.9248399482190215
7,phase-reversal,2,300,0.01,frequency,0,0;3,1,562216.6726272553,0,562216.6726272553,563616.6726272553,1.0024901431568327
7,phase-reversal,2,300,0.01,frequency,5000,0;3,1,562216.6726272553,5000,567216.6726272553,563616.6726272553,0.9936532190012586
7,phase-reversal,2,300,0.01,frequency,20000,0;3,1,562216.6726272553,20000,582216.6726272553,563616.6726272553,0.9680531306050247
7,phase-reversal,2,300,0.01,residual,0,8;13,2,645286.8100533923,0,645286.8100533923,563616.6726272553,0.87343591073963
7,phase-reversal,2,300,0.01,residual,5000,8;13,2,645286.8100533923,10000,655286.8100533923,563616.6726272553,0.8601068478416836
7,phase-reversal,2,300,0.01,residual,20000,8;13,2,645286.8100533923,40000,685286.8100533923,563616.6726272553,0.8224537002008584
7,phase-reversal,2,300,0.01,oracle,0,2;6,2,552616.6726272553,0,552616.6726272553,563616.6726272553,1.0199052988171777
7,phase-reversal,2,300,0.01,oracle,5000,2;6,2,552616.6726272553,10000,562616.6726272553,563616.6726272553,1.0017774091111276
7,phase-reversal,2,300,0.01,oracle,20000,2;6,2,552616.6726272553,40000,592616.6726272553,563616.6726272553,0.9510644884973724
7,phase-reversal,2,300,0.1,frequency,0,2;6,2,552616.6726272553,0,552616.6726272553,563616.6726272553,1.0199052988171777
7,phase-reversal,2,300,0.1,frequency,5000,2;6,2,552616.6726272553,10000,562616.6726272553,563616.6726272553,1.0017774091111276
7,phase-reversal,2,300,0.1,frequency,20000,2;6,2,552616.6726272553,40000,592616.6726272553,563616.6726272553,0.9510644884973724
7,phase-reversal,2,300,0.1,residual,0,9;13,2,645374.9764610194,0,645374.9764610194,563616.6726272553,0.8733165883156887
7,phase-reversal,2,300,0.1,residual,5000,9;13,2,645374.9764610194,10000,655374.9764610194,563616.6726272553,0.859991139226504
7,phase-reversal,2,300,0.1,residual,20000,9;13,2,645374.9764610194,40000,685374.9764610194,563616.6726272553,0.8223479000320797
7,phase-reversal,2,300,0.1,oracle,0,2;6,2,552616.6726272553,0,552616.6726272553,563616.6726272553,1.0199052988171777
7,phase-reversal,2,300,0.1,oracle,5000,2;6,2,552616.6726272553,10000,562616.6726272553,563616.6726272553,1.0017774091111276
7,phase-reversal,2,300,0.1,oracle,20000,2;6,2,552616.6726272553,40000,592616.6726272553,563616.6726272553,0.9510644884973724
7,phase-reversal,2,300,1.0,frequency,0,4;7,2,565016.6726272553,0,565016.6726272553,563616.6726272553,0.997522197011479
7,phase-reversal,2,300,1.0,frequency,5000,4;7,2,565016.6726272553,10000,575016.6726272553,563616.6726272553,0.9801744879015188
7,phase-reversal,2,300,1.0,frequency,20000,4;7,2,565016.6726272553,40000,605016.6726272553,563616.6726272553,0.9315721336732382
7,phase-reversal,2,300,1.0,residual,0,8;14,2,645180.838469785,0,645180.838469785,563616.6726272553,0.8735793734420563
7,phase-reversal,2,300,1.0,residual,5000,8;14,2,645180.838469785,10000,655180.838469785,563616.6726272553,0.8602459649821514
7,phase-reversal,2,300,1.0,residual,20000,8;14,2,645180.838469785,40000,685180.838469785,563616.6726272553,0.8225809027088102
7,phase-reversal,2,300,1.0,oracle,0,2;6,2,552616.6726272553,0,552616.6726272553,563616.6726272553,1.0199052988171777
7,phase-reversal,2,300,1.0,oracle,5000,2;6,2,552616.6726272553,10000,562616.6726272553,563616.6726272553,1.0017774091111276
7,phase-reversal,2,300,1.0,oracle,20000,2;6,2,552616.6726272553,40000,592616.6726272553,563616.6726272553,0.9510644884973724
7,phase-reversal,2,400,0.01,frequency,0,0;3,1,709181.6222476533,0,709181.6222476533,711281.6222476533,1.0029611596439068
7,phase-reversal,2,400,0.01,frequency,5000,0;3,1,709181.6222476533,5000,714181.6222476533,711281.6222476533,0.9959394082546212
7,phase-reversal,2,400,0.01,frequency,20000,0;3,1,709181.6222476533,20000,729181.6222476533,711281.6222476533,0.9754519320648476
7,phase-reversal,2,400,0.01,residual,0,8;13,2,830881.2689853437,0,830881.2689853437,711281.6222476533,0.8560568745474991
7,phase-reversal,2,400,0.01,residual,5000,8;13,2,830881.2689853437,10000,840881.2689853437,711281.6222476533,0.8458764019157272
7,phase-reversal,2,400,0.01,residual,20000,8;13,2,830881.2689853437,40000,870881.2689853437,711281.6222476533,0.8167377661898291
7,phase-reversal,2,400,0.01,oracle,0,2;6,2,694781.6222476533,0,694781.6222476533,711281.6222476533,1.0237484692623586
7,phase-reversal,2,400,0.01,oracle,5000,2;6,2,694781.6222476533,10000,704781.6222476533,711281.6222476533,1.0092227149443405
7,phase-reversal,2,400,0.01,oracle,20000,2;6,2,694781.6222476533,40000,734781.6222476533,711281.6222476533,0.9680177085429615
7,phase-reversal,2,400,0.1,frequency,0,2;6,2,694781.6222476533,0,694781.6222476533,711281.6222476533,1.0237484692623586
7,phase-reversal,2,400,0.1,frequency,5000,2;6,2,694781.6222476533,10000,704781.6222476533,711281.6222476533,1.0092227149443405
7,phase-reversal,2,400,0.1,frequency,20000,2;6,2,694781.6222476533,40000,734781.6222476533,711281.6222476533,0.9680177085429615
7,phase-reversal,2,400,0.1,residual,0,9;13,2,830898.0602585048,0,830898.0602585048,711281.6222476533,0.8560395748503288
7,phase-reversal,2,400,0.1,residual,5000,9;13,2,830898.0602585048,10000,840898.0602585048,711281.6222476533,0.8458595112337334
7,phase-reversal,2,400,0.1,residual,20000,9;13,2,830898.0602585048,40000,870898.0602585048,711281.6222476533,0.8167220191494361
7,phase-reversal,2,400,0.1,oracle,0,2;6,2,694781.6222476533,0,694781.6222476533,711281.6222476533,1.0237484692623586
7,phase-reversal,2,400,0.1,oracle,5000,2;6,2,694781.6222476533,10000,704781.6222476533,711281.6222476533,1.0092227149443405
7,phase-reversal,2,400,0.1,oracle,20000,2;6,2,694781.6222476533,40000,734781.6222476533,711281.6222476533,0.9680177085429615
7,phase-reversal,2,400,1.0,frequency,0,4;7,2,713381.6222476533,0,713381.6222476533,711281.6222476533,0.9970562740411176
7,phase-reversal,2,400,1.0,frequency,5000,4;7,2,713381.6222476533,10000,723381.6222476533,711281.6222476533,0.9832730060760965
7,phase-reversal,2,400,1.0,frequency,20000,4;7,2,713381.6222476533,40000,753381.6222476533,711281.6222476533,0.9441186262622149
7,phase-reversal,2,400,1.0,residual,0,8;14,2,830487.4823955762,0,830487.4823955762,711281.6222476533,0.8564627852016884
7,phase-reversal,2,400,1.0,residual,5000,8;14,2,830487.4823955762,10000,840487.4823955762,711281.6222476533,0.8462727133310095
7,phase-reversal,2,400,1.0,residual,20000,8;14,2,830487.4823955762,40000,870487.4823955762,711281.6222476533,0.8171072377631562
7,phase-reversal,2,400,1.0,oracle,0,2;6,2,694781.6222476533,0,694781.6222476533,711281.6222476533,1.0237484692623586
7,phase-reversal,2,400,1.0,oracle,5000,2;6,2,694781.6222476533,10000,704781.6222476533,711281.6222476533,1.0092227149443405
7,phase-reversal,2,400,1.0,oracle,20000,2;6,2,694781.6222476533,40000,734781.6222476533,711281.6222476533,0.9680177085429615
7,phase-reversal,4,200,0.01,frequency,0,0;2;3;5,1,378520.43948207126,0,378520.43948207126,378220.43948207126,0.9992074404214195
7,phase-reversal,4,200,0.01,frequency,5000,0;2;3;5,1,378520.43948207126,5000,383520.43948207126,378220.43948207126,0.9861806583055719
7,phase-reversal,4,200,0.01,frequency,20000,0;2;3;5,1,378520.43948207126,20000,398520.43948207126,378220.43948207126,0.9490615838264596
7,phase-reversal,4,200,0.01,residual,0,8;9;10;13,4,466329.00773462764,0,466329.00773462764,378220.43948207126,0.8110592161517517
7,phase-reversal,4,200,0.01,residual,5000,8;9;10;13,4,466329.00773462764,20000,486329.00773462764,378220.43948207126,0.7777048735872499
7,phase-reversal,4,200,0.01,residual,20000,8;9;10;13,4,466329.00773462764,80000,546329.0077346277,378220.43948207126,0.6922942661426226
7,phase-reversal,4,200,0.01,oracle,0,2;3;4;6,2,374820.43948207126,0,374820.43948207126,378220.43948207126,1.0090710101207345
7,phase-reversal,4,200,0.01,oracle,5000,2;3;4;6,2,374820.43948207126,10000,384820.43948207126,378220.43948207126,0.9828491438529541
7,phase-reversal,4,200,0.01,oracle,20000,2;3;4;6,2,374820.43948207126,40000,414820.43948207126,378220.43948207126,0.9117690535073505
7,phase-reversal,4,200,0.1,frequency,0,2;4;5;6,3,375820.43948207126,0,375820.43948207126,378220.43948207126,1.0063860284004444
7,phase-reversal,4,200,0.1,frequency,5000,2;4;5;6,3,375820.43948207126,15000,390820.43948207126,378220.43948207126,0.9677601304151391
7,phase-reversal,4,200,0.1,frequency,20000,2;4;5;6,3,375820.43948207126,60000,435820.43948207126,378220.43948207126,0.8678354781422096
7,phase-reversal,4,200,0.1,residual,0,8;9;13;15,4,466340.4182342389,0,466340.4182342389,378220.43948207126,0.8110393710117879
7,phase-reversal,4,200,0.1,residual,5000,8;9;13;15,4,466340.4182342389,20000,486340.4182342389,378220.43948207126,0.7776866271063385
7,phase-reversal,4,200,0.1,residual,20000,8;9;13;15,4,466340.4182342389,80000,546340.4182342389,378220.43948207126,0.6922798073488176
7,phase-reversal,4,200,0.1,oracle,0,2;3;4;6,2,374820.43948207126,0,374820.43948207126,378220.43948207126,1.0090710101207345
7,phase-reversal,4,200,0.1,oracle,5000,2;3;4;6,2,374820.43948207126,10000,384820.43948207126,378220.43948207126,0.9828491438529541
7,phase-reversal,4,200,0.1,oracle,20000,2;3;4;6,2,374820.43948207126,40000,414820.43948207126,378220.43948207126,0.9117690535073505
7,phase-reversal,4,200,1.0,frequency,0,2;4;6;7,3,377820.43948207126,0,377820.43948207126,378220.43948207126,1.0010587039720464
7,phase-reversal,4,200,1.0,frequency,5000,2;4;6;7,3,377820.43948207126,15000,392820.43948207126,378220.43948207126,0.9628328912333332
7,phase-reversal,4,200,1.0,frequency,20000,2;4;6;7,3,377820.43948207126,60000,437820.43948207126,378220.43948207126,0.8638711338591112
7,phase-reversal,4,200,1.0,residual,0,8;9;14;15,4,466328.3597197827,0,466328.3597197827,378220.43948207126,0.8110603432082586
7,phase-reversal,4,200,1.0,residual,5000,8;9;14;15,4,466328.3597197827,20000,486328.3597197827,378220.43948207126,0.7777059098506982
7,phase-reversal,4,200,1.0,residual,20000,8;9;14;15,4,466328.3597197827,80000,546328.3597197827,378220.43948207126,0.6922950872915774
7,phase-reversal,4,200,1.0,oracle,0,2;3;4;6,2,374820.43948207126,0,374820.43948207126,378220.43948207126,1.0090710101207345
7,phase-reversal,4,200,1.0,oracle,5000,2;3;4;6,2,374820.43948207126,10000,384820.43948207126,378220.43948207126,0.9828491438529541
7,phase-reversal,4,200,1.0,oracle,20000,2;3;4;6,2,374820.43948207126,40000,414820.43948207126,378220.43948207126,0.9117690535073505
7,phase-reversal,4,300,0.01,frequency,0,0;2;3;5,1,471616.6726272554,0,471616.6726272554,471016.6726272554,0.9987277803461494
7,phase-reversal,4,300,0.01,frequency,5000,0;2;3;5,1,471616.6726272554,5000,476616.6726272554,471016.6726272554,0.988250515935309
7,phase-reversal,4,300,0.01,frequency,20000,0;2;3;5,1,471616.6726272554,20000,491616.6726272554,471016.6726272554,0.9580974341453652
7,phase-reversal,4,300,0.01,residual,0,8;9;10;13,4,643428.6918697027,0,643428.6918697027,471016.6726272554,0.7320417609270033
7,phase-reversal,4,300,0.01,residual,5000,8;9;10;13,4,643428.6918697027,20000,663428.6918697027,471016.6726272554,0.7099733225281776
7,phase-reversal,4,300,0.01,residual,20000,8;9;10;13,4,643428.6918697027,80000,723428.6918697027,471016.6726272554,0.6510892889939325
7,phase-reversal,4,300,0.01,oracle,0,2;3;4;6,2,464216.6726272554,0,464216.6726272554,471016.6726272554,1.014648332128002
7,phase-reversal,4,300,0.01,oracle,5000,2;3;4;6,2,464216.6726272554,10000,474216.6726272554,471016.6726272554,0.9932520297477705
7,phase-reversal,4,300,0.01,oracle,20000,2;3;4;6,2,464216.6726272554,40000,504216.6726272554,471016.6726272554,0.9341552911628068
7,phase-reversal,4,300,0.1,frequency,0,2;4;5;6,3,466216.6726272554,0,466216.6726272554,471016.6726272554,1.0102956420948026
7,phase-reversal,4,300,0.1,frequency,5000,2;4;5;6,3,466216.6726272554,15000,481216.6726272554,471016.6726272554,0.978803726927598
7,phase-reversal,4,300,0.1,frequency,20000,2;4;5;6,3,466216.6726272554,60000,526216.6726272553,471016.6726272554,0.89510024506749
7,phase-reversal,4,300,0.1,residual,0,8;9;13;15,4,643578.4577878797,0,643578.4577878797,471016.6726272554,0.731871408881899
7,phase-reversal,4,300,0.1,residual,5000,8;9;13;15,4,643578.4577878797,20000,663578.4577878797,471016.6726272554,0.7098130855504974
7,phase-reversal,4,300,0.1,residual,20000,8;9;13;15,4,643578.4577878797,80000,723578.4577878797,471016.6726272554,0.6509545268487471
7,phase-reversal,4,300,0.1,oracle,0,2;3;4;6,2,464216.6726272554,0,464216.6726272554,471016.6726272554,1.014648332128002
7,phase-reversal,4,300,0.1,oracle,5000,2;3;4;6,2,464216.6726272554,10000,474216.6726272554,471016.6726272554,0.9932520297477705
7,phase-reversal,4,300,0.1,oracle,20000,2;3;4;6,2,464216.6726272554,40000,504216.6726272554,471016.6726272554,0.9341552911628068
7,phase-reversal,4,300,1.0,frequency,0,2;4;6;7,3,470216.6726272554,0,470216.6726272554,471016.6726272554,1.0017013433307886
7,phase-reversal,4,300,1.0,frequency,5000,2;4;6;7,3,470216.6726272554,15000,485216.6726272554,471016.6726272554,0.9707347236789852
7,phase-reversal,4,300,1.0,frequency,20000,2;4;6;7,3,470216.6726272554,60000,530216.6726272553,471016.6726272554,0.8883475321387756
7,phase-reversal,4,300,1.0,residual,0,8;9;14;15,4,643472.4862042725,0,643472.4862042725,471016.6726272554,0.731991938623044
7,phase-reversal,4,300,1.0,residual,5000,8;9;14;15,4,643472.4862042725,20000,663472.4862042725,471016.6726272554,0.7099264587774284
7,phase-reversal,4,300,1.0,residual,20000,8;9;14;15,4,643472.4862042725,80000,723472.4862042725,471016.6726272554,0.6510498762689143
7,phase-reversal,4,300,1.0,oracle,0,2;3;4;6,2,464216.6726272554,0,464216.6726272554,471016.6726272554,1.014648332128002
7,phase-reversal,4,300,1.0,oracle,5000,2;3;4;6,2,464216.6726272554,10000,474216.6726272554,471016.6726272554,0.9932520297477705
7,phase-reversal,4,300,1.0,oracle,20000,2;3;4;6,2,464216.6726272554,40000,504216.6726272554,471016.6726272554,0.9341552911628068
7,phase-reversal,4,400,0.01,frequency,0,0;2;3;5,1,573281.6222476533,0,573281.6222476533,572381.6222476533,0.9984300909621499
7,phase-reversal,4,400,0.01,frequency,5000,0;2;3;5,1,573281.6222476533,5000,578281.6222476533,572381.6222476533,0.9897973586345905
7,phase-reversal,4,400,0.01,frequency,20000,0;2;3;5,1,573281.6222476533,20000,593281.6222476533,572381.6222476533,0.9647722106732042
7,phase-reversal,4,400,0.01,residual,0,8;9;10;13,4,825036.2123727977,0,825036.2123727977,572381.6222476533,0.6937654537629182
7,phase-reversal,4,400,0.01,residual,5000,8;9;10;13,4,825036.2123727977,20000,845036.2123727977,572381.6222476533,0.6773456733178914
7,phase-reversal,4,400,0.01,residual,20000,8;9;10;13,4,825036.2123727977,80000,905036.2123727977,572381.6222476533,0.6324405746671725
7,phase-reversal,4,400,0.01,oracle,0,2;3;4;6,2,562181.6222476533,0,562181.6222476533,572381.6222476533,1.01814360270124
7,phase-reversal,4,400,0.01,oracle,5000,2;3;4;6,2,562181.6222476533,10000,572181.6222476533,572381.6222476533,1.000349539363418
7,phase-reversal,4,400,0.01,oracle,20000,2;3;4;6,2,562181.6222476533,40000,602181.6222476533,572381.6222476533,0.9505132689224707
7,phase-reversal,4,400,0.1,frequency,0,2;4;5;6,3,565181.6222476533,0,565181.6222476533,572381.6222476533,1.0127392677266585
7,phase-reversal,4,400,0.1,frequency,5000,2;4;5;6,3,565181.6222476533,15000,580181.6222476533,572381.6222476533,0.9865559340370307
7,phase-reversal,4,400,0.1,frequency,20000,2;4;5;6,3,565181.6222476533,60000,625181.6222476533,572381.6222476533,0.915544542384062
7,phase-reversal,4,400,0.1,residual,0,8;9;13;15,4,825289.1094180506,0,825289.1094180506,572381.6222476533,0.6935528601016752
7,phase-reversal,4,400,0.1,residual,5000,8;9;13;15,4,825289.1094180506,20000,845289.1094180506,572381.6222476533,0.6771430222752027
7,phase-reversal,4,400,0.1,residual,20000,8;9;13;15,4,825289.1094180506,80000,905289.1094180506,572381.6222476533,0.6322638992261808
7,phase-reversal,4,400,0.1,oracle,0,2;3;4;6,2,562181.6222476533,0,562181.6222476533,572381.6222476533,1.01814360270124
7,phase-reversal,4,400,0.1,oracle,5000,2;3;4;6,2,562181.6222476533,10000,572181.6222476533,572381.6222476533,1.000349539363418
7,phase-reversal,4,400,0.1,oracle,20000,2;3;4;6,2,562181.6222476533,40000,602181.6222476533,572381.6222476533,0.9505132689224707
7,phase-reversal,4,400,1.0,frequency,0,2;4;6;7,3,571181.6222476533,0,571181.6222476533,572381.6222476533,1.0021009079306122
7,phase-reversal,4,400,1.0,frequency,5000,2;4;6;7,3,571181.6222476533,15000,586181.6222476533,572381.6222476533,0.9764578085080775
7,phase-reversal,4,400,1.0,frequency,20000,2;4;6;7,3,571181.6222476533,60000,631181.6222476533,572381.6222476533,0.9068413940972937
7,phase-reversal,4,400,1.0,residual,0,8;9;14;15,4,824895.3228282831,0,824895.3228282831,572381.6222476533,0.6938839467353908
7,phase-reversal,4,400,1.0,residual,5000,8;9;14;15,4,824895.3228282831,20000,844895.3228282831,572381.6222476533,0.677458623313961
7,phase-reversal,4,400,1.0,residual,20000,8;9;14;15,4,824895.3228282831,80000,904895.3228282831,572381.6222476533,0.6325390438074692
7,phase-reversal,4,400,1.0,oracle,0,2;3;4;6,2,562181.6222476533,0,562181.6222476533,572381.6222476533,1.01814360270124
7,phase-reversal,4,400,1.0,oracle,5000,2;3;4;6,2,562181.6222476533,10000,572181.6222476533,572381.6222476533,1.000349539363418
7,phase-reversal,4,400,1.0,oracle,20000,2;3;4;6,2,562181.6222476533,40000,602181.6222476533,572381.6222476533,0.9505132689224707
7,phase-reversal,8,200,0.01,frequency,0,0;2;3;4;5;6;8;13,2,333170.5518273822,0,333170.5518273822,293320.43948207126,0.8803912526880301
7,phase-reversal,8,200,0.01,frequency,5000,0;2;3;4;5;6;8;13,2,333170.5518273822,10000,343170.5518273822,293320.43948207126,0.8547366256228595
7,phase-reversal,8,200,0.01,frequency,20000,0;2;3;4;5;6;8;13,2,333170.5518273822,40000,373170.5518273822,293320.43948207126,0.7860224716170872
7,phase-reversal,8,200,0.01,residual,0,0;2;5;8;9;10;12;13,5,400179.0300904472,0,400179.0300904472,293320.43948207126,0.7329730381318978
7,phase-reversal,8,200,0.01,residual,5000,0;2;5;8;9;10;12;13,5,400179.0300904472,25000,425179.0300904472,293320.43948207126,0.689875131940712
7,phase-reversal,8,200,0.01,residual,20000,0;2;5;8;9;10;12;13,5,400179.0300904472,100000,500179.0300904472,293320.43948207126,0.5864309014095017
7,phase-reversal,8,200,0.01,oracle,0,0;1;2;3;4;5;6;7,0,293320.43948207126,0,293320.43948207126,293320.43948207126,1.0
7,phase-reversal,8,200,0.01,oracle,5000,0;1;2;3;4;5;6;7,0,293320.43948207126,0,293320.43948207126,293320.43948207126,1.0
7,phase-reversal,8,200,0.01,oracle,20000,0;1;2;3;4;5;6;7,0,293320.43948207126,0,293320.43948207126,293320.43948207126,1.0
7,phase-reversal,8,200,0.1,frequency,0,0;1;2;3;4;5;6;7,0,293320.43948207126,0,293320.43948207126,293320.43948207126,1.0
7,phase-reversal,8,200,0.1,frequency,5000,0;1;2;3;4;5;6;7,0,293320.43948207126,0,293320.43948207126,293320.43948207126,1.0
7,phase-reversal,8,200,0.1,frequency,20000,0;1;2;3;4;5;6;7,0,293320.43948207126,0,293320.43948207126,293320.43948207126,1.0
7,phase-reversal,8,200,0.1,residual,0,8;9;10;11;12;13;14;15,8,466200.0,0,466200.0,293320.43948207126,0.6291729718620147
7,phase-reversal,8,200,0.1,residual,5000,8;9;10;11;12;13;14;15,8,466200.0,40000,506200.0,293320.43948207126,0.5794556291625272
7,phase-reversal,8,200,0.1,residual,20000,8;9;10;11;12;13;14;15,8,466200.0,160000,626200.0,293320.43948207126,0.46841334954019687
7,phase-reversal,8,200,0.1,oracle,0,0;1;2;3;4;5;6;7,0,293320.43948207126,0,293320.43948207126,293320.43948207126,1.0
7,phase-reversal,8,200,0.1,oracle,5000,0;1;2;3;4;5;6;7,0,293320.43948207126,0,293320.43948207126,293320.43948207126,1.0
7,phase-reversal,8,200,0.1,oracle,20000,0;1;2;3;4;5;6;7,0,293320.43948207126,0,293320.43948207126,293320.43948207126,1.0
7,phase-reversal,8,200,1.0,frequency,0,0;1;2;3;4;5;6;7,0,293320.43948207126,0,293320.43948207126,293320.43948207126,1.0
7,phase-reversal,8,200,1.0,frequency,5000,0;1;2;3;4;5;6;7,0,293320.43948207126,0,293320.43948207126,293320.43948207126,1.0
7,phase-reversal,8,200,1.0,frequency,20000,0;1;2;3;4;5;6;7,0,293320.43948207126,0,293320.43948207126,293320.43948207126,1.0
7,phase-reversal,8,200,1.0,residual,0,8;9;10;11;12;13;14;15,8,466200.0,0,466200.0,293320.43948207126,0.6291729718620147
7,phase-reversal,8,200,1.0,residual,5000,8;9;10;11;12;13;14;15,8,466200.0,40000,506200.0,293320.43948207126,0.5794556291625272
7,phase-reversal,8,200,1.0,residual,20000,8;9;10;11;12;13;14;15,8,466200.0,160000,626200.0,293320.43948207126,0.46841334954019687
7,phase-reversal,8,200,1.0,oracle,0,0;1;2;3;4;5;6;7,0,293320.43948207126,0,293320.43948207126,293320.43948207126,1.0
7,phase-reversal,8,200,1.0,oracle,5000,0;1;2;3;4;5;6;7,0,293320.43948207126,0,293320.43948207126,293320.43948207126,1.0
7,phase-reversal,8,200,1.0,oracle,20000,0;1;2;3;4;5;6;7,0,293320.43948207126,0,293320.43948207126,293320.43948207126,1.0
7,phase-reversal,8,300,0.01,frequency,0,0;2;3;4;5;6;8;13,2,378886.8100533924,0,378886.8100533924,301216.6726272553,0.7950043776525453
7,phase-reversal,8,300,0.01,frequency,5000,0;2;3;4;5;6;8;13,2,378886.8100533924,10000,388886.8100533924,301216.6726272553,0.7745612986614271
7,phase-reversal,8,300,0.01,frequency,20000,0;2;3;4;5;6;8;13,2,378886.8100533924,40000,418886.8100533924,301216.6726272553,0.7190884635132376
7,phase-reversal,8,300,0.01,residual,0,2;4;5;8;9;10;12;13,5,507043.206121642,0,507043.206121642,301216.6726272553,0.5940650993655007
7,phase-reversal,8,300,0.01,residual,5000,2;4;5;8;9;10;12;13,5,507043.206121642,25000,532043.206121642,301216.6726272553,0.5661507733986318
7,phase-reversal,8,300,0.01,residual,20000,2;4;5;8;9;10;12;13,5,507043.206121642,100000,607043.206121642,301216.6726272553,0.4962030207894233
7,phase-reversal,8,300,0.01,oracle,0,0;1;2;3;4;5;6;7,0,301216.6726272553,0,301216.6726272553,301216.6726272553,1.0
7,phase-reversal,8,300,0.01,oracle,5000,0;1;2;3;4;5;6;7,0,301216.6726272553,0,301216.6726272553,301216.6726272553,1.0
7,phase-reversal,8,300,0.01,oracle,20000,0;1;2;3;4;5;6;7,0,301216.6726272553,0,301216.6726272553,301216.6726272553,1.0
7,phase-reversal,8,300,0.1,frequency,0,0;1;2;3;4;5;6;7,0,301216.6726272553,0,301216.6726272553,301216.6726272553,1.0
7,phase-reversal,8,300,0.1,frequency,5000,0;1;2;3;4;5;6;7,0,301216.6726272553,0,301216.6726272553,301216.6726272553,1.0
7,phase-reversal,8,300,0.1,frequency,20000,0;1;2;3;4;5;6;7,0,301216.6726272553,0,301216.6726272553,301216.6726272553,1.0
7,phase-reversal,8,300,0.1,residual,0,8;9;10;11;12;13;14;15,8,639300.0,0,639300.0,301216.6726272553,0.47116638921829396
7,phase-reversal,8,300,0.1,residual,5000,8;9;10;11;12;13;14;15,8,639300.0,40000,679300.0,301216.6726272553,0.44342215902731535
7,phase-reversal,8,300,0.1,residual,20000,8;9;10;11;12;13;14;15,8,639300.0,160000,799300.0,301216.6726272553,0.3768505850459844
7,phase-reversal,8,300,0.1,oracle,0,0;1;2;3;4;5;6;7,0,301216.6726272553,0,301216.6726272553,301216.6726272553,1.0
7,phase-reversal,8,300,0.1,oracle,5000,0;1;2;3;4;5;6;7,0,301216.6726272553,0,301216.6726272553,301216.6726272553,1.0
7,phase-reversal,8,300,0.1,oracle,20000,0;1;2;3;4;5;6;7,0,301216.6726272553,0,301216.6726272553,301216.6726272553,1.0
7,phase-reversal,8,300,1.0,frequency,0,0;1;2;3;4;5;6;7,0,301216.6726272553,0,301216.6726272553,301216.6726272553,1.0
7,phase-reversal,8,300,1.0,frequency,5000,0;1;2;3;4;5;6;7,0,301216.6726272553,0,301216.6726272553,301216.6726272553,1.0
7,phase-reversal,8,300,1.0,frequency,20000,0;1;2;3;4;5;6;7,0,301216.6726272553,0,301216.6726272553,301216.6726272553,1.0
7,phase-reversal,8,300,1.0,residual,0,8;9;10;11;12;13;14;15,8,639300.0,0,639300.0,301216.6726272553,0.47116638921829396
7,phase-reversal,8,300,1.0,residual,5000,8;9;10;11;12;13;14;15,8,639300.0,40000,679300.0,301216.6726272553,0.44342215902731535
7,phase-reversal,8,300,1.0,residual,20000,8;9;10;11;12;13;14;15,8,639300.0,160000,799300.0,301216.6726272553,0.3768505850459844
7,phase-reversal,8,300,1.0,oracle,0,0;1;2;3;4;5;6;7,0,301216.6726272553,0,301216.6726272553,301216.6726272553,1.0
7,phase-reversal,8,300,1.0,oracle,5000,0;1;2;3;4;5;6;7,0,301216.6726272553,0,301216.6726272553,301216.6726272553,1.0
7,phase-reversal,8,300,1.0,oracle,20000,0;1;2;3;4;5;6;7,0,301216.6726272553,0,301216.6726272553,301216.6726272553,1.0
7,phase-reversal,8,400,0.01,frequency,0,0;2;3;4;5;6;8;13,2,431281.2689853438,0,431281.2689853438,317681.6222476533,0.736599627883327
7,phase-reversal,8,400,0.01,frequency,5000,0;2;3;4;5;6;8;13,2,431281.2689853438,10000,441281.2689853438,317681.6222476533,0.7199073347892416
7,phase-reversal,8,400,0.01,frequency,20000,0;2;3;4;5;6;8;13,2,431281.2689853438,40000,471281.2689853438,317681.6222476533,0.6740807308799127
7,phase-reversal,8,400,0.01,residual,0,0;4;5;8;9;10;12;13,5,630095.4751941669,0,630095.4751941669,317681.6222476533,0.5041801357957034
7,phase-reversal,8,400,0.01,residual,5000,0;4;5;8;9;10;12;13,5,630095.4751941669,25000,655095.4751941669,317681.6222476533,0.48493942375879506
7,phase-reversal,8,400,0.01,residual,20000,0;4;5;8;9;10;12;13,5,630095.4751941669,100000,730095.4751941669,317681.6222476533,0.43512339555750124
7,phase-reversal,8,400,0.01,oracle,0,0;1;2;3;4;5;6;7,0,317681.6222476533,0,317681.6222476533,317681.6222476533,1.0
7,phase-reversal,8,400,0.01,oracle,5000,0;1;2;3;4;5;6;7,0,317681.6222476533,0,317681.6222476533,317681.6222476533,1.0
7,phase-reversal,8,400,0.01,oracle,20000,0;1;2;3;4;5;6;7,0,317681.6222476533,0,317681.6222476533,317681.6222476533,1.0
7,phase-reversal,8,400,0.1,frequency,0,0;1;2;3;4;5;6;7,0,317681.6222476533,0,317681.6222476533,317681.6222476533,1.0
7,phase-reversal,8,400,0.1,frequency,5000,0;1;2;3;4;5;6;7,0,317681.6222476533,0,317681.6222476533,317681.6222476533,1.0
7,phase-reversal,8,400,0.1,frequency,20000,0;1;2;3;4;5;6;7,0,317681.6222476533,0,317681.6222476533,317681.6222476533,1.0
7,phase-reversal,8,400,0.1,residual,0,8;9;10;11;12;13;14;15,8,812400.0,0,812400.0,317681.6222476533,0.3910408939532906
7,phase-reversal,8,400,0.1,residual,5000,8;9;10;11;12;13;14;15,8,812400.0,40000,852400.0,317681.6222476533,0.3726907816138589
7,phase-reversal,8,400,0.1,residual,20000,8;9;10;11;12;13;14;15,8,812400.0,160000,972400.0,317681.6222476533,0.3266985008717126
7,phase-reversal,8,400,0.1,oracle,0,0;1;2;3;4;5;6;7,0,317681.6222476533,0,317681.6222476533,317681.6222476533,1.0
7,phase-reversal,8,400,0.1,oracle,5000,0;1;2;3;4;5;6;7,0,317681.6222476533,0,317681.6222476533,317681.6222476533,1.0
7,phase-reversal,8,400,0.1,oracle,20000,0;1;2;3;4;5;6;7,0,317681.6222476533,0,317681.6222476533,317681.6222476533,1.0
7,phase-reversal,8,400,1.0,frequency,0,0;1;2;3;4;5;6;7,0,317681.6222476533,0,317681.6222476533,317681.6222476533,1.0
7,phase-reversal,8,400,1.0,frequency,5000,0;1;2;3;4;5;6;7,0,317681.6222476533,0,317681.6222476533,317681.6222476533,1.0
7,phase-reversal,8,400,1.0,frequency,20000,0;1;2;3;4;5;6;7,0,317681.6222476533,0,317681.6222476533,317681.6222476533,1.0
7,phase-reversal,8,400,1.0,residual,0,8;9;10;11;12;13;14;15,8,812400.0,0,812400.0,317681.6222476533,0.3910408939532906
7,phase-reversal,8,400,1.0,residual,5000,8;9;10;11;12;13;14;15,8,812400.0,40000,852400.0,317681.6222476533,0.3726907816138589
7,phase-reversal,8,400,1.0,residual,20000,8;9;10;11;12;13;14;15,8,812400.0,160000,972400.0,317681.6222476533,0.3266985008717126
7,phase-reversal,8,400,1.0,oracle,0,0;1;2;3;4;5;6;7,0,317681.6222476533,0,317681.6222476533,317681.6222476533,1.0
7,phase-reversal,8,400,1.0,oracle,5000,0;1;2;3;4;5;6;7,0,317681.6222476533,0,317681.6222476533,317681.6222476533,1.0
7,phase-reversal,8,400,1.0,oracle,20000,0;1;2;3;4;5;6;7,0,317681.6222476533,0,317681.6222476533,317681.6222476533,1.0
8,frequency-aligned,2,200,0.01,frequency,0,1;3,1,555700.0,0,555700.0,558000.0,1.0041389238797913
8,frequency-aligned,2,200,0.01,frequency,5000,1;3,1,555700.0,5000,560700.0,558000.0,0.9951845906902087
8,frequency-aligned,2,200,0.01,frequency,20000,1;3,1,555700.0,20000,575700.0,558000.0,0.969254820218864
8,frequency-aligned,2,200,0.01,residual,0,1;3,1,555700.0,0,555700.0,558000.0,1.0041389238797913
8,frequency-aligned,2,200,0.01,residual,5000,1;3,1,555700.0,5000,560700.0,558000.0,0.9951845906902087
8,frequency-aligned,2,200,0.01,residual,20000,1;3,1,555700.0,20000,575700.0,558000.0,0.969254820218864
8,frequency-aligned,2,200,0.01,oracle,0,3;4,2,554000.0,0,554000.0,558000.0,1.0072202166064983
8,frequency-aligned,2,200,0.01,oracle,5000,3;4,2,554000.0,10000,564000.0,558000.0,0.9893617021276596
8,frequency-aligned,2,200,0.01,oracle,20000,3;4,2,554000.0,40000,594000.0,558000.0,0.9393939393939394
8,frequency-aligned,2,200,0.1,frequency,0,1;4,1,555500.0,0,555500.0,558000.0,1.0045004500450045
8,frequency-aligned,2,200,0.1,frequency,5000,1;4,1,555500.0,5000,560500.0,558000.0,0.9955396966993756
8,frequency-aligned,2,200,0.1,frequency,20000,1;4,1,555500.0,20000,575500.0,558000.0,0.9695916594265855
8,frequency-aligned,2,200,0.1,residual,0,1;4,1,555500.0,0,555500.0,558000.0,1.0045004500450045
8,frequency-aligned,2,200,0.1,residual,5000,1;4,1,555500.0,5000,560500.0,558000.0,0.9955396966993756
8,frequency-aligned,2,200,0.1,residual,20000,1;4,1,555500.0,20000,575500.0,558000.0,0.9695916594265855
8,frequency-aligned,2,200,0.1,oracle,0,3;4,2,554000.0,0,554000.0,558000.0,1.0072202166064983
8,frequency-aligned,2,200,0.1,oracle,5000,3;4,2,554000.0,10000,564000.0,558000.0,0.9893617021276596
8,frequency-aligned,2,200,0.1,oracle,20000,3;4,2,554000.0,40000,594000.0,558000.0,0.9393939393939394
8,frequency-aligned,2,200,1.0,frequency,0,0;3,1,556500.0,0,556500.0,558000.0,1.0026954177897573
8,frequency-aligned,2,200,1.0,frequency,5000,0;3,1,556500.0,5000,561500.0,558000.0,0.993766696349065
8,frequency-aligned,2,200,1.0,frequency,20000,0;3,1,556500.0,20000,576500.0,558000.0,0.9679098005203816
8,frequency-aligned,2,200,1.0,residual,0,0;3,1,556500.0,0,556500.0,558000.0,1.0026954177897573
8,frequency-aligned,2,200,1.0,residual,5000,0;3,1,556500.0,5000,561500.0,558000.0,0.993766696349065
8,frequency-aligned,2,200,1.0,residual,20000,0;3,1,556500.0,20000,576500.0,558000.0,0.9679098005203816
8,frequency-aligned,2,200,1.0,oracle,0,3;4,2,554000.0,0,554000.0,558000.0,1.0072202166064983
8,frequency-aligned,2,200,1.0,oracle,5000,3;4,2,554000.0,10000,564000.0,558000.0,0.9893617021276596
8,frequency-aligned,2,200,1.0,oracle,20000,3;4,2,554000.0,40000,594000.0,558000.0,0.9393939393939394
8,frequency-aligned,2,300,0.01,frequency,0,1;3,1,751400.0,0,751400.0,756000.0,1.006121905775885
8,frequency-aligned,2,300,0.01,frequency,5000,1;3,1,751400.0,5000,756400.0,756000.0,0.9994711792702274
8,frequency-aligned,2,300,0.01,frequency,20000,1;3,1,751400.0,20000,771400.0,756000.0,0.9800362976406534
8,frequency-aligned,2,300,0.01,residual,0,1;3,1,751400.0,0,751400.0,756000.0,1.006121905775885
8,frequency-aligned,2,300,0.01,residual,5000,1;3,1,751400.0,5000,756400.0,756000.0,0.9994711792702274
8,frequency-aligned,2,300,0.01,residual,20000,1;3,1,751400.0,20000,771400.0,756000.0,0.9800362976406534
8,frequency-aligned,2,300,0.01,oracle,0,3;4,2,748000.0,0,748000.0,756000.0,1.0106951871657754
8,frequency-aligned,2,300,0.01,oracle,5000,3;4,2,748000.0,10000,758000.0,756000.0,0.9973614775725593
8,frequency-aligned,2,300,0.01,oracle,20000,3;4,2,748000.0,40000,788000.0,756000.0,0.9593908629441624
8,frequency-aligned,2,300,0.1,frequency,0,1;4,1,751000.0,0,751000.0,756000.0,1.0066577896138482
8,frequency-aligned,2,300,0.1,frequency,5000,1;4,1,751000.0,5000,756000.0,756000.0,1.0
8,frequency-aligned,2,300,0.1,frequency,20000,1;4,1,751000.0,20000,771000.0,756000.0,0.980544747081712
8,frequency-aligned,2,300,0.1,residual,0,1;4,1,751000.0,0,751000.0,756000.0,1.0066577896138482
8,frequency-aligned,2,300,0.1,residual,5000,1;4,1,751000.0,5000,756000.0,756000.0,1.0
8,frequency-aligned,2,300,0.1,residual,20000,1;4,1,751000.0,20000,771000.0,756000.0,0.980544747081712
8,frequency-aligned,2,300,0.1,oracle,0,3;4,2,748000.0,0,748000.0,756000.0,1.0106951871657754
8,frequency-aligned,2,300,0.1,oracle,5000,3;4,2,748000.0,10000,758000.0,756000.0,0.9973614775725593
8,frequency-aligned,2,300,0.1,oracle,20000,3;4,2,748000.0,40000,788000.0,756000.0,0.9593908629441624
8,frequency-aligned,2,300,1.0,frequency,0,0;3,1,753000.0,0,753000.0,756000.0,1.00398406374502
8,frequency-aligned,2,300,1.0,frequency,5000,0;3,1,753000.0,5000,758000.0,756000.0,0.9973614775725593
8,frequency-aligned,2,300,1.0,frequency,20000,0;3,1,753000.0,20000,773000.0,756000.0,0.9780077619663649
8,frequency-aligned,2,300,1.0,residual,0,0;3,1,753000.0,0,753000.0,756000.0,1.00398406374502
8,frequency-aligned,2,300,1.0,residual,5000,0;3,1,753000.0,5000,758000.0,756000.0,0.9973614775725593
8,frequency-aligned,2,300,1.0,residual,20000,0;3,1,753000.0,20000,773000.0,756000.0,0.9780077619663649
8,frequency-aligned,2,300,1.0,oracle,0,3;4,2,748000.0,0,748000.0,756000.0,1.0106951871657754
8,frequency-aligned,2,300,1.0,oracle,5000,3;4,2,748000.0,10000,758000.0,756000.0,0.9973614775725593
8,frequency-aligned,2,300,1.0,oracle,20000,3;4,2,748000.0,40000,788000.0,756000.0,0.9593908629441624
8,frequency-aligned,2,400,0.01,frequency,0,1;3,1,947100.0,0,947100.0,954000.0,1.0072853975293
8,frequency-aligned,2,400,0.01,frequency,5000,1;3,1,947100.0,5000,952100.0,954000.0,1.001995588698666
8,frequency-aligned,2,400,0.01,frequency,20000,1;3,1,947100.0,20000,967100.0,954000.0,0.9864543480508737
8,frequency-aligned,2,400,0.01,residual,0,1;3,1,947100.0,0,947100.0,954000.0,1.0072853975293
8,frequency-aligned,2,400,0.01,residual,5000,1;3,1,947100.0,5000,952100.0,954000.0,1.001995588698666
8,frequency-aligned,2,400,0.01,residual,20000,1;3,1,947100.0,20000,967100.0,954000.0,0.9864543480508737
8,frequency-aligned,2,400,0.01,oracle,0,3;4,2,942000.0,0,942000.0,954000.0,1.0127388535031847
8,frequency-aligned,2,400,0.01,oracle,5000,3;4,2,942000.0,10000,952000.0,954000.0,1.0021008403361344
8,frequency-aligned,2,400,0.01,oracle,20000,3;4,2,942000.0,40000,982000.0,954000.0,0.9714867617107943
8,frequency-aligned,2,400,0.1,frequency,0,1;4,1,946500.0,0,946500.0,954000.0,1.0079239302694136
8,frequency-aligned,2,400,0.1,frequency,5000,1;4,1,946500.0,5000,951500.0,954000.0,1.002627430373095
8,frequency-aligned,2,400,0.1,frequency,20000,1;4,1,946500.0,20000,966500.0,954000.0,0.9870667356440765
8,frequency-aligned,2,400,0.1,residual,0,1;4,1,946500.0,0,946500.0,954000.0,1.0079239302694136
8,frequency-aligned,2,400,0.1,residual,5000,1;4,1,946500.0,5000,951500.0,954000.0,1.002627430373095
8,frequency-aligned,2,400,0.1,residual,20000,1;4,1,946500.0,20000,966500.0,954000.0,0.9870667356440765
8,frequency-aligned,2,400,0.1,oracle,0,3;4,2,942000.0,0,942000.0,954000.0,1.0127388535031847
8,frequency-aligned,2,400,0.1,oracle,5000,3;4,2,942000.0,10000,952000.0,954000.0,1.0021008403361344
8,frequency-aligned,2,400,0.1,oracle,20000,3;4,2,942000.0,40000,982000.0,954000.0,0.9714867617107943
8,frequency-aligned,2,400,1.0,frequency,0,0;3,1,949500.0,0,949500.0,954000.0,1.004739336492891
8,frequency-aligned,2,400,1.0,frequency,5000,0;3,1,949500.0,5000,954500.0,954000.0,0.9994761655316919
8,frequency-aligned,2,400,1.0,frequency,20000,0;3,1,949500.0,20000,969500.0,954000.0,0.9840123775141826
8,frequency-aligned,2,400,1.0,residual,0,0;3,1,949500.0,0,949500.0,954000.0,1.004739336492891
8,frequency-aligned,2,400,1.0,residual,5000,0;3,1,949500.0,5000,954500.0,954000.0,0.9994761655316919
8,frequency-aligned,2,400,1.0,residual,20000,0;3,1,949500.0,20000,969500.0,954000.0,0.9840123775141826
8,frequency-aligned,2,400,1.0,oracle,0,3;4,2,942000.0,0,942000.0,954000.0,1.0127388535031847
8,frequency-aligned,2,400,1.0,oracle,5000,3;4,2,942000.0,10000,952000.0,954000.0,1.0021008403361344
8,frequency-aligned,2,400,1.0,oracle,20000,3;4,2,942000.0,40000,982000.0,954000.0,0.9714867617107943
8,frequency-aligned,4,200,0.01,frequency,0,1;3;4;5,2,512000.0,0,512000.0,514200.0,1.004296875
8,frequency-aligned,4,200,0.01,frequency,5000,1;3;4;5,2,512000.0,10000,522000.0,514200.0,0.9850574712643678
8,frequency-aligned,4,200,0.01,frequency,20000,1;3;4;5,2,512000.0,40000,552000.0,514200.0,0.9315217391304348
8,frequency-aligned,4,200,0.01,residual,0,1;3;4;5,2,512000.0,0,512000.0,514200.0,1.004296875
8,frequency-aligned,4,200,0.01,residual,5000,1;3;4;5,2,512000.0,10000,522000.0,514200.0,0.9850574712643678
8,frequency-aligned,4,200,0.01,residual,20000,1;3;4;5,2,512000.0,40000,552000.0,514200.0,0.9315217391304348
8,frequency-aligned,4,200,0.01,oracle,0,1;3;4;7,2,510000.0,0,510000.0,514200.0,1.0082352941176471
8,frequency-aligned,4,200,0.01,oracle,5000,1;3;4;7,2,510000.0,10000,520000.0,514200.0,0.9888461538461538
8,frequency-aligned,4,200,0.01,oracle,20000,1;3;4;7,2,510000.0,40000,550000.0,514200.0,0.9349090909090909
8,frequency-aligned,4,200,0.1,frequency,0,1;2;4;5,2,514000.0,0,514000.0,514200.0,1.0003891050583658
8,frequency-aligned,4,200,0.1,frequency,5000,1;2;4;5,2,514000.0,10000,524000.0,514200.0,0.9812977099236642
8,frequency-aligned,4,200,0.1,frequency,20000,1;2;4;5,2,514000.0,40000,554000.0,514200.0,0.9281588447653429
8,frequency-aligned,4,200,0.1,residual,0,1;2;4;5,2,514000.0,0,514000.0,514200.0,1.0003891050583658
8,frequency-aligned,4,200,0.1,residual,5000,1;2;4;5,2,514000.0,10000,524000.0,514200.0,0.9812977099236642
8,frequency-aligned,4,200,0.1,residual,20000,1;2;4;5,2,514000.0,40000,554000.0,514200.0,0.9281588447653429
8,frequency-aligned,4,200,0.1,oracle,0,1;3;4;7,2,510000.0,0,510000.0,514200.0,1.0082352941176471
8,frequency-aligned,4,200,0.1,oracle,5000,1;3;4;7,2,510000.0,10000,520000.0,514200.0,0.9888461538461538
8,frequency-aligned,4,200,0.1,oracle,20000,1;3;4;7,2,510000.0,40000,550000.0,514200.0,0.9349090909090909
8,frequency-aligned,4,200,1.0,frequency,0,0;1;3;6,1,515500.0,0,515500.0,514200.0,0.997478176527643
8,frequency-aligned,4,200,1.0,frequency,5000,0;1;3;6,1,515500.0,5000,520500.0,514200.0,0.9878962536023055
8,frequency-aligned,4,200,1.0,frequency,20000,0;1;3;6,1,515500.0,20000,535500.0,514200.0,0.9602240896358544
8,frequency-aligned,4,200,1.0,residual,0,0;1;3;6,1,515500.0,0,515500.0,514200.0,0.997478176527643
8,frequency-aligned,4,200,1.0,residual,5000,0;1;3;6,1,515500.0,5000,520500.0,514200.0,0.9878962536023055
8,frequency-aligned,4,200,1.0,residual,20000,0;1;3;6,1,515500.0,20000,535500.0,514200.0,0.9602240896358544
8,frequency-aligned,4,200,1.0,oracle,0,1;3;4;7,2,510000.0,0,510000.0,514200.0,1.0082352941176471
8,frequency-aligned,4,200,1.0,oracle,5000,1;3;4;7,2,510000.0,10000,520000.0,514200.0,0.9888461538461538
8,frequency-aligned,4,200,1.0,oracle,20000,1;3;4;7,2,510000.0,40000,550000.0,514200.0,0.9349090909090909
8,frequency-aligned,4,300,0.01,frequency,0,1;3;4;5,2,664000.0,0,664000.0,668400.0,1.0066265060240964
8,frequency-aligned,4,300,0.01,frequency,5000,1;3;4;5,2,664000.0,10000,674000.0,668400.0,0.9916913946587537
8,frequency-aligned,4,300,0.01,frequency,20000,1;3;4;5,2,664000.0,40000,704000.0,668400.0,0.9494318181818182
8,frequency-aligned,4,300,0.01,residual,0,1;3;4;5,2,664000.0,0,664000.0,668400.0,1.0066265060240964
8,frequency-aligned,4,300,0.01,residual,5000,1;3;4;5,2,664000.0,10000,674000.0,668400.0,0.9916913946587537
8,frequency-aligned,4,300,0.01,residual,20000,1;3;4;5,2,664000.0,40000,704000.0,668400.0,0.9494318181818182
8,frequency-aligned,4,300,0.01,oracle,0,1;3;4;7,2,660000.0,0,660000.0,668400.0,1.0127272727272727
8,frequency-aligned,4,300,0.01,oracle,5000,1;3;4;7,2,660000.0,10000,670000.0,668400.0,0.9976119402985074
8,frequency-aligned,4,300,0.01,oracle,20000,1;3;4;7,2,660000.0,40000,700000.0,668400.0,0.9548571428571428
8,frequency-aligned,4,300,0.1,frequency,0,1;2;4;5,2,668000.0,0,668000.0,668400.0,1.0005988023952095
8,frequency-aligned,4,300,0.1,frequency,5000,1;2;4;5,2,668000.0,10000,678000.0,668400.0,0.9858407079646018
8,frequency-aligned,4,300,0.1,frequency,20000,1;2;4;5,2,668000.0,40000,708000.0,668400.0,0.9440677966101695
8,frequency-aligned,4,300,0.1,residual,0,1;2;4;5,2,668000.0,0,668000.0,668400.0,1.0005988023952095
8,frequency-aligned,4,300,0.1,residual,5000,1;2;4;5,2,668000.0,10000,678000.0,668400.0,0.9858407079646018
8,frequency-aligned,4,300,0.1,residual,20000,1;2;4;5,2,668000.0,40000,708000.0,668400.0,0.9440677966101695
8,frequency-aligned,4,300,0.1,oracle,0,1;3;4;7,2,660000.0,0,660000.0,668400.0,1.0127272727272727
8,frequency-aligned,4,300,0.1,oracle,5000,1;3;4;7,2,660000.0,10000,670000.0,668400.0,0.9976119402985074
8,frequency-aligned,4,300,0.1,oracle,20000,1;3;4;7,2,660000.0,40000,700000.0,668400.0,0.9548571428571428
8,frequency-aligned,4,300,1.0,frequency,0,0;1;3;6,1,671000.0,0,671000.0,668400.0,0.9961251862891207
8,frequency-aligned,4,300,1.0,frequency,5000,0;1;3;6,1,671000.0,5000,676000.0,668400.0,0.9887573964497042
8,frequency-aligned,4,300,1.0,frequency,20000,0;1;3;6,1,671000.0,20000,691000.0,668400.0,0.9672937771345875
8,frequency-aligned,4,300,1.0,residual,0,0;1;3;6,1,671000.0,0,671000.0,668400.0,0.9961251862891207
8,frequency-aligned,4,300,1.0,residual,5000,0;1;3;6,1,671000.0,5000,676000.0,668400.0,0.9887573964497042
8,frequency-aligned,4,300,1.0,residual,20000,0;1;3;6,1,671000.0,20000,691000.0,668400.0,0.9672937771345875
8,frequency-aligned,4,300,1.0,oracle,0,1;3;4;7,2,660000.0,0,660000.0,668400.0,1.0127272727272727
8,frequency-aligned,4,300,1.0,oracle,5000,1;3;4;7,2,660000.0,10000,670000.0,668400.0,0.9976119402985074
8,frequency-aligned,4,300,1.0,oracle,20000,1;3;4;7,2,660000.0,40000,700000.0,668400.0,0.9548571428571428
8,frequency-aligned,4,400,0.01,frequency,0,1;3;4;5,2,816000.0,0,816000.0,822600.0,1.0080882352941176
8,frequency-aligned,4,400,0.01,frequency,5000,1;3;4;5,2,816000.0,10000,826000.0,822600.0,0.9958837772397094
8,frequency-aligned,4,400,0.01,frequency,20000,1;3;4;5,2,816000.0,40000,856000.0,822600.0,0.960981308411215
8,frequency-aligned,4,400,0.01,residual,0,1;3;4;5,2,816000.0,0,816000.0,822600.0,1.0080882352941176
8,frequency-aligned,4,400,0.01,residual,5000,1;3;4;5,2,816000.0,10000,826000.0,822600.0,0.9958837772397094
8,frequency-aligned,4,400,0.01,residual,20000,1;3;4;5,2,816000.0,40000,856000.0,822600.0,0.960981308411215
8,frequency-aligned,4,400,0.01,oracle,0,1;3;4;7,2,810000.0,0,810000.0,822600.0,1.0155555555555555
8,frequency-aligned,4,400,0.01,oracle,5000,1;3;4;7,2,810000.0,10000,820000.0,822600.0,1.003170731707317
8,frequency-aligned,4,400,0.01,oracle,20000,1;3;4;7,2,810000.0,40000,850000.0,822600.0,0.967764705882353
8,frequency-aligned,4,400,0.1,frequency,0,1;2;4;5,2,822000.0,0,822000.0,822600.0,1.0007299270072993
8,frequency-aligned,4,400,0.1,frequency,5000,1;2;4;5,2,822000.0,10000,832000.0,822600.0,0.9887019230769231
8,frequency-aligned,4,400,0.1,frequency,20000,1;2;4;5,2,822000.0,40000,862000.0,822600.0,0.954292343387471
8,frequency-aligned,4,400,0.1,residual,0,1;2;4;5,2,822000.0,0,822000.0,822600.0,1.0007299270072993
8,frequency-aligned,4,400,0.1,residual,5000,1;2;4;5,2,822000.0,10000,832000.0,822600.0,0.9887019230769231
8,frequency-aligned,4,400,0.1,residual,20000,1;2;4;5,2,822000.0,40000,862000.0,822600.0,0.954292343387471
8,frequency-aligned,4,400,0.1,oracle,0,1;3;4;7,2,810000.0,0,810000.0,822600.0,1.0155555555555555
8,frequency-aligned,4,400,0.1,oracle,5000,1;3;4;7,2,810000.0,10000,820000.0,822600.0,1.003170731707317
8,frequency-aligned,4,400,0.1,oracle,20000,1;3;4;7,2,810000.0,40000,850000.0,822600.0,0.967764705882353
8,frequency-aligned,4,400,1.0,frequency,0,0;1;3;6,1,826500.0,0,826500.0,822600.0,0.9952813067150635
8,frequency-aligned,4,400,1.0,frequency,5000,0;1;3;6,1,826500.0,5000,831500.0,822600.0,0.9892964521948286
8,frequency-aligned,4,400,1.0,frequency,20000,0;1;3;6,1,826500.0,20000,846500.0,822600.0,0.9717660956881276
8,frequency-aligned,4,400,1.0,residual,0,0;1;3;6,1,826500.0,0,826500.0,822600.0,0.9952813067150635
8,frequency-aligned,4,400,1.0,residual,5000,0;1;3;6,1,826500.0,5000,831500.0,822600.0,0.9892964521948286
8,frequency-aligned,4,400,1.0,residual,20000,0;1;3;6,1,826500.0,20000,846500.0,822600.0,0.9717660956881276
8,frequency-aligned,4,400,1.0,oracle,0,1;3;4;7,2,810000.0,0,810000.0,822600.0,1.0155555555555555
8,frequency-aligned,4,400,1.0,oracle,5000,1;3;4;7,2,810000.0,10000,820000.0,822600.0,1.003170731707317
8,frequency-aligned,4,400,1.0,oracle,20000,1;3;4;7,2,810000.0,40000,850000.0,822600.0,0.967764705882353
8,frequency-aligned,8,200,0.01,frequency,0,1;2;3;4;5;6;11;12,2,454800.0,0,454800.0,428300.0,0.9417326297273527
8,frequency-aligned,8,200,0.01,frequency,5000,1;2;3;4;5;6;11;12,2,454800.0,10000,464800.0,428300.0,0.9214716006884681
8,frequency-aligned,8,200,0.01,frequency,20000,1;2;3;4;5;6;11;12,2,454800.0,40000,494800.0,428300.0,0.8656022635408246
8,frequency-aligned,8,200,0.01,residual,0,1;2;3;4;5;6;11;12,2,454800.0,0,454800.0,428300.0,0.9417326297273527
8,frequency-aligned,8,200,0.01,residual,5000,1;2;3;4;5;6;11;12,2,454800.0,10000,464800.0,428300.0,0.9214716006884681
8,frequency-aligned,8,200,0.01,residual,20000,1;2;3;4;5;6;11;12,2,454800.0,40000,494800.0,428300.0,0.8656022635408246
8,frequency-aligned,8,200,0.01,oracle,0,0;1;2;3;4;5;6;7,0,428300.0,0,428300.0,428300.0,1.0
8,frequency-aligned,8,200,0.01,oracle,5000,0;1;2;3;4;5;6;7,0,428300.0,0,428300.0,428300.0,1.0
8,frequency-aligned,8,200,0.01,oracle,20000,0;1;2;3;4;5;6;7,0,428300.0,0,428300.0,428300.0,1.0
8,frequency-aligned,8,200,0.1,frequency,0,0;1;2;3;4;5;6;7,0,428300.0,0,428300.0,428300.0,1.0
8,frequency-aligned,8,200,0.1,frequency,5000,0;1;2;3;4;5;6;7,0,428300.0,0,428300.0,428300.0,1.0
8,frequency-aligned,8,200,0.1,frequency,20000,0;1;2;3;4;5;6;7,0,428300.0,0,428300.0,428300.0,1.0
8,frequency-aligned,8,200,0.1,residual,0,0;1;2;3;4;5;6;7,0,428300.0,0,428300.0,428300.0,1.0
8,frequency-aligned,8,200,0.1,residual,5000,0;1;2;3;4;5;6;7,0,428300.0,0,428300.0,428300.0,1.0
8,frequency-aligned,8,200,0.1,residual,20000,0;1;2;3;4;5;6;7,0,428300.0,0,428300.0,428300.0,1.0
8,frequency-aligned,8,200,0.1,oracle,0,0;1;2;3;4;5;6;7,0,428300.0,0,428300.0,428300.0,1.0
8,frequency-aligned,8,200,0.1,oracle,5000,0;1;2;3;4;5;6;7,0,428300.0,0,428300.0,428300.0,1.0
8,frequency-aligned,8,200,0.1,oracle,20000,0;1;2;3;4;5;6;7,0,428300.0,0,428300.0,428300.0,1.0
8,frequency-aligned,8,200,1.0,frequency,0,0;1;2;3;4;5;6;7,0,428300.0,0,428300.0,428300.0,1.0
8,frequency-aligned,8,200,1.0,frequency,5000,0;1;2;3;4;5;6;7,0,428300.0,0,428300.0,428300.0,1.0
8,frequency-aligned,8,200,1.0,frequency,20000,0;1;2;3;4;5;6;7,0,428300.0,0,428300.0,428300.0,1.0
8,frequency-aligned,8,200,1.0,residual,0,0;1;2;3;4;5;6;7,0,428300.0,0,428300.0,428300.0,1.0
8,frequency-aligned,8,200,1.0,residual,5000,0;1;2;3;4;5;6;7,0,428300.0,0,428300.0,428300.0,1.0
8,frequency-aligned,8,200,1.0,residual,20000,0;1;2;3;4;5;6;7,0,428300.0,0,428300.0,428300.0,1.0
8,frequency-aligned,8,200,1.0,oracle,0,0;1;2;3;4;5;6;7,0,428300.0,0,428300.0,428300.0,1.0
8,frequency-aligned,8,200,1.0,oracle,5000,0;1;2;3;4;5;6;7,0,428300.0,0,428300.0,428300.0,1.0
8,frequency-aligned,8,200,1.0,oracle,20000,0;1;2;3;4;5;6;7,0,428300.0,0,428300.0,428300.0,1.0
8,frequency-aligned,8,300,0.01,frequency,0,1;2;3;4;5;6;11;12,2,549600.0,0,549600.0,496600.0,0.903566229985444
8,frequency-aligned,8,300,0.01,frequency,5000,1;2;3;4;5;6;11;12,2,549600.0,10000,559600.0,496600.0,0.8874195854181558
8,frequency-aligned,8,300,0.01,frequency,20000,1;2;3;4;5;6;11;12,2,549600.0,40000,589600.0,496600.0,0.8422659430122117
8,frequency-aligned,8,300,0.01,residual,0,1;2;3;4;5;6;11;12,2,549600.0,0,549600.0,496600.0,0.903566229985444
8,frequency-aligned,8,300,0.01,residual,5000,1;2;3;4;5;6;11;12,2,549600.0,10000,559600.0,496600.0,0.8874195854181558
8,frequency-aligned,8,300,0.01,residual,20000,1;2;3;4;5;6;11;12,2,549600.0,40000,589600.0,496600.0,0.8422659430122117
8,frequency-aligned,8,300,0.01,oracle,0,0;1;2;3;4;5;6;7,0,496600.0,0,496600.0,496600.0,1.0
8,frequency-aligned,8,300,0.01,oracle,5000,0;1;2;3;4;5;6;7,0,496600.0,0,496600.0,496600.0,1.0
8,frequency-aligned,8,300,0.01,oracle,20000,0;1;2;3;4;5;6;7,0,496600.0,0,496600.0,496600.0,1.0
8,frequency-aligned,8,300,0.1,frequency,0,0;1;2;3;4;5;6;7,0,496600.0,0,496600.0,496600.0,1.0
8,frequency-aligned,8,300,0.1,frequency,5000,0;1;2;3;4;5;6;7,0,496600.0,0,496600.0,496600.0,1.0
8,frequency-aligned,8,300,0.1,frequency,20000,0;1;2;3;4;5;6;7,0,496600.0,0,496600.0,496600.0,1.0
8,frequency-aligned,8,300,0.1,residual,0,0;1;2;3;4;5;6;7,0,496600.0,0,496600.0,496600.0,1.0
8,frequency-aligned,8,300,0.1,residual,5000,0;1;2;3;4;5;6;7,0,496600.0,0,496600.0,496600.0,1.0
8,frequency-aligned,8,300,0.1,residual,20000,0;1;2;3;4;5;6;7,0,496600.0,0,496600.0,496600.0,1.0
8,frequency-aligned,8,300,0.1,oracle,0,0;1;2;3;4;5;6;7,0,496600.0,0,496600.0,496600.0,1.0
8,frequency-aligned,8,300,0.1,oracle,5000,0;1;2;3;4;5;6;7,0,496600.0,0,496600.0,496600.0,1.0
8,frequency-aligned,8,300,0.1,oracle,20000,0;1;2;3;4;5;6;7,0,496600.0,0,496600.0,496600.0,1.0
8,frequency-aligned,8,300,1.0,frequency,0,0;1;2;3;4;5;6;7,0,496600.0,0,496600.0,496600.0,1.0
8,frequency-aligned,8,300,1.0,frequency,5000,0;1;2;3;4;5;6;7,0,496600.0,0,496600.0,496600.0,1.0
8,frequency-aligned,8,300,1.0,frequency,20000,0;1;2;3;4;5;6;7,0,496600.0,0,496600.0,496600.0,1.0
8,frequency-aligned,8,300,1.0,residual,0,0;1;2;3;4;5;6;7,0,496600.0,0,496600.0,496600.0,1.0
8,frequency-aligned,8,300,1.0,residual,5000,0;1;2;3;4;5;6;7,0,496600.0,0,496600.0,496600.0,1.0
8,frequency-aligned,8,300,1.0,residual,20000,0;1;2;3;4;5;6;7,0,496600.0,0,496600.0,496600.0,1.0
8,frequency-aligned,8,300,1.0,oracle,0,0;1;2;3;4;5;6;7,0,496600.0,0,496600.0,496600.0,1.0
8,frequency-aligned,8,300,1.0,oracle,5000,0;1;2;3;4;5;6;7,0,496600.0,0,496600.0,496600.0,1.0
8,frequency-aligned,8,300,1.0,oracle,20000,0;1;2;3;4;5;6;7,0,496600.0,0,496600.0,496600.0,1.0
8,frequency-aligned,8,400,0.01,frequency,0,1;2;3;4;5;6;11;12,2,644400.0,0,644400.0,564900.0,0.8766294227188082
8,frequency-aligned,8,400,0.01,frequency,5000,1;2;3;4;5;6;11;12,2,644400.0,10000,654400.0,564900.0,0.8632334963325183
8,frequency-aligned,8,400,0.01,frequency,20000,1;2;3;4;5;6;11;12,2,644400.0,40000,684400.0,564900.0,0.8253945061367621
8,frequency-aligned,8,400,0.01,residual,0,1;2;3;4;5;6;11;12,2,644400.0,0,644400.0,564900.0,0.8766294227188082
8,frequency-aligned,8,400,0.01,residual,5000,1;2;3;4;5;6;11;12,2,644400.0,10000,654400.0,564900.0,0.8632334963325183
8,frequency-aligned,8,400,0.01,residual,20000,1;2;3;4;5;6;11;12,2,644400.0,40000,684400.0,564900.0,0.8253945061367621
8,frequency-aligned,8,400,0.01,oracle,0,0;1;2;3;4;5;6;7,0,564900.0,0,564900.0,564900.0,1.0
8,frequency-aligned,8,400,0.01,oracle,5000,0;1;2;3;4;5;6;7,0,564900.0,0,564900.0,564900.0,1.0
8,frequency-aligned,8,400,0.01,oracle,20000,0;1;2;3;4;5;6;7,0,564900.0,0,564900.0,564900.0,1.0
8,frequency-aligned,8,400,0.1,frequency,0,0;1;2;3;4;5;6;7,0,564900.0,0,564900.0,564900.0,1.0
8,frequency-aligned,8,400,0.1,frequency,5000,0;1;2;3;4;5;6;7,0,564900.0,0,564900.0,564900.0,1.0
8,frequency-aligned,8,400,0.1,frequency,20000,0;1;2;3;4;5;6;7,0,564900.0,0,564900.0,564900.0,1.0
8,frequency-aligned,8,400,0.1,residual,0,0;1;2;3;4;5;6;7,0,564900.0,0,564900.0,564900.0,1.0
8,frequency-aligned,8,400,0.1,residual,5000,0;1;2;3;4;5;6;7,0,564900.0,0,564900.0,564900.0,1.0
8,frequency-aligned,8,400,0.1,residual,20000,0;1;2;3;4;5;6;7,0,564900.0,0,564900.0,564900.0,1.0
8,frequency-aligned,8,400,0.1,oracle,0,0;1;2;3;4;5;6;7,0,564900.0,0,564900.0,564900.0,1.0
8,frequency-aligned,8,400,0.1,oracle,5000,0;1;2;3;4;5;6;7,0,564900.0,0,564900.0,564900.0,1.0
8,frequency-aligned,8,400,0.1,oracle,20000,0;1;2;3;4;5;6;7,0,564900.0,0,564900.0,564900.0,1.0
8,frequency-aligned,8,400,1.0,frequency,0,0;1;2;3;4;5;6;7,0,564900.0,0,564900.0,564900.0,1.0
8,frequency-aligned,8,400,1.0,frequency,5000,0;1;2;3;4;5;6;7,0,564900.0,0,564900.0,564900.0,1.0
8,frequency-aligned,8,400,1.0,frequency,20000,0;1;2;3;4;5;6;7,0,564900.0,0,564900.0,564900.0,1.0
8,frequency-aligned,8,400,1.0,residual,0,0;1;2;3;4;5;6;7,0,564900.0,0,564900.0,564900.0,1.0
8,frequency-aligned,8,400,1.0,residual,5000,0;1;2;3;4;5;6;7,0,564900.0,0,564900.0,564900.0,1.0
8,frequency-aligned,8,400,1.0,residual,20000,0;1;2;3;4;5;6;7,0,564900.0,0,564900.0,564900.0,1.0
8,frequency-aligned,8,400,1.0,oracle,0,0;1;2;3;4;5;6;7,0,564900.0,0,564900.0,564900.0,1.0
8,frequency-aligned,8,400,1.0,oracle,5000,0;1;2;3;4;5;6;7,0,564900.0,0,564900.0,564900.0,1.0
8,frequency-aligned,8,400,1.0,oracle,20000,0;1;2;3;4;5;6;7,0,564900.0,0,564900.0,564900.0,1.0
8,prefetch-hidden,2,200,0.01,frequency,0,0;5,1,261997.0491808405,0,261997.0491808405,262015.18914279566,1.0000692372758087
8,prefetch-hidden,2,200,0.01,frequency,5000,0;5,1,261997.0491808405,5000,266997.0491808405,262015.18914279566,0.981341141958949
8,prefetch-hidden,2,200,0.01,frequency,20000,0;5,1,261997.0491808405,20000,281997.0491808405,262015.18914279566,0.9291415988355581
8,prefetch-hidden,2,200,0.01,residual,0,8;9,2,245194.94224474893,0,245194.94224474893,262015.18914279566,1.0685994855524266
8,prefetch-hidden,2,200,0.01,residual,5000,8;9,2,245194.94224474893,10000,255194.94224474893,262015.18914279566,1.0267256350696232
8,prefetch-hidden,2,200,0.01,residual,20000,8;9,2,245194.94224474893,40000,285194.94224474893,262015.18914279566,0.9187231269968986
8,prefetch-hidden,2,200,0.01,oracle,0,8;12,2,242194.94224474893,0,242194.94224474893,262015.18914279566,1.0818359240467437
8,prefetch-hidden,2,200,0.01,oracle,5000,8;12,2,242194.94224474893,10000,252194.94224474893,262015.18914279566,1.0389391111916766
8,prefetch-hidden,2,200,0.01,oracle,20000,8;12,2,242194.94224474893,40000,282194.94224474893,262015.18914279566,0.9284900255779521
8,prefetch-hidden,2,200,0.1,frequency,0,0;4,1,261995.3492782774,0,261995.3492782774,262015.18914279566,1.0000757260179347
8,prefetch-hidden,2,200,0.1,frequency,5000,0;4,1,261995.3492782774,5000,266995.34927827737,262015.18914279566,0.9813473899491368
8,prefetch-hidden,2,200,0.1,frequency,20000,0;4,1,261995.3492782774,20000,281995.34927827737,262015.18914279566,0.9291471998151112
8,prefetch-hidden,2,200,0.1,residual,0,8;10,2,243794.94224474893,0,243794.94224474893,262015.18914279566,1.074735951165694
8,prefetch-hidden,2,200,0.1,residual,5000,8;10,2,243794.94224474893,10000,253794.94224474893,262015.18914279566,1.0323893251194876
8,prefetch-hidden,2,200,0.1,residual,20000,8;10,2,243794.94224474893,40000,283794.94224474893,262015.18914279566,0.9232553162164177
8,prefetch-hidden,2,200,0.1,oracle,0,8;12,2,242194.94224474893,0,242194.94224474893,262015.18914279566,1.0818359240467437
8,prefetch-hidden,2,200,0.1,oracle,5000,8;12,2,242194.94224474893,10000,252194.94224474893,262015.18914279566,1.0389391111916766
8,prefetch-hidden,2,200,0.1,oracle,20000,8;12,2,242194.94224474893,40000,282194.94224474893,262015.18914279566,0.9284900255779521
8,prefetch-hidden,2,200,1.0,frequency,0,3;5,2,262054.3949084301,0,262054.3949084301,262015.18914279566,0.9998503907341522
8,prefetch-hidden,2,200,1.0,frequency,5000,3;5,2,262054.3949084301,10000,272054.3949084301,262015.18914279566,0.9630985348756689
8,prefetch-hidden,2,200,1.0,frequency,20000,3;5,2,262054.3949084301,40000,302054.3949084301,262015.18914279566,0.86744372391015
8,prefetch-hidden,2,200,1.0,residual,0,11;13,2,244894.94224474893,0,244894.94224474893,262015.18914279566,1.0699085360486404
8,prefetch-hidden,2,200,1.0,residual,5000,11;13,2,244894.94224474893,10000,254894.94224474893,262015.18914279566,1.0279340454359032
8,prefetch-hidden,2,200,1.0,residual,20000,11;13,2,244894.94224474893,40000,284894.94224474893,262015.18914279566,0.9196905605916387
8,prefetch-hidden,2,200,1.0,oracle,0,8;12,2,242194.94224474893,0,242194.94224474893,262015.18914279566,1.0818359240467437
8,prefetch-hidden,2,200,1.0,oracle,5000,8;12,2,242194.94224474893,10000,252194.94224474893,262015.18914279566,1.0389391111916766
8,prefetch-hidden,2,200,1.0,oracle,20000,8;12,2,242194.94224474893,40000,282194.94224474893,262015.18914279566,0.9284900255779521
8,prefetch-hidden,2,300,0.01,frequency,0,0;5,1,348205.74498058646,0,348205.74498058646,348262.9351621004,1.0001642424984032
8,prefetch-hidden,2,300,0.01,frequency,5000,0;5,1,348205.74498058646,5000,353205.74498058646,348262.9351621004,0.9860058623373815
8,prefetch-hidden,2,300,0.01,frequency,20000,0;5,1,348205.74498058646,20000,368205.74498058646,348262.9351621004,0.9458378635033586
8,prefetch-hidden,2,300,0.01,residual,0,8;9,2,319834.9098449148,0,319834.9098449148,348262.9351621004,1.088883434678754
8,prefetch-hidden,2,300,0.01,residual,5000,8;9,2,319834.9098449148,10000,329834.9098449148,348262.9351621004,1.0558704514505464
8,prefetch-hidden,2,300,0.01,residual,20000,8;9,2,319834.9098449148,40000,359834.9098449148,348262.9351621004,0.9678408782299589
8,prefetch-hidden,2,300,0.01,oracle,0,8;12,2,313834.9098449148,0,313834.9098449148,348262.9351621004,1.1097010696936125
8,prefetch-hidden,2,300,0.01,oracle,5000,8;12,2,313834.9098449148,10000,323834.9098449148,348262.9351621004,1.0754335761048253
8,prefetch-hidden,2,300,0.01,oracle,20000,8;12,2,313834.9098449148,40000,353834.9098449148,348262.9351621004,0.9842526146296402
8,prefetch-hidden,2,300,0.1,frequency,0,0;4,1,347812.71083546174,0,347812.71083546174,348262.9351621004,1.0012944447187029
8,prefetch-hidden,2,300,0.1,frequency,5000,0;4,1,347812.71083546174,5000,352812.71083546174,348262.9351621004,0.9871042750625751
8,prefetch-hidden,2,300,0.1,frequency,20000,0;4,1,347812.71083546174,20000,367812.71083546174,348262.9351621004,0.9468485587978857
8,prefetch-hidden,2,300,0.1,residual,0,8;10,2,317034.9098449148,0,317034.9098449148,348262.9351621004,1.0985002734634541
8,prefetch-hidden,2,300,0.1,residual,5000,8;10,2,317034.9098449148,10000,327034.9098449148,348262.9351621004,1.0649105788958502
8,prefetch-hidden,2,300,0.1,residual,20000,8;10,2,317034.9098449148,40000,357034.9098449148,348262.9351621004,0.9754310448616225
8,prefetch-hidden,2,300,0.1,oracle,0,8;12,2,313834.9098449148,0,313834.9098449148,348262.9351621004,1.1097010696936125
8,prefetch-hidden,2,300,0.1,oracle,5000,8;12,2,313834.9098449148,10000,323834.9098449148,348262.9351621004,1.0754335761048253
8,prefetch-hidden,2,300,0.1,oracle,20000,8;12,2,313834.9098449148,40000,353834.9098449148,348262.9351621004,0.9842526146296402
8,prefetch-hidden,2,300,1.0,frequency,0,3;5,2,348800.3271103487,0,348800.3271103487,348262.9351621004,0.9984593135198573
8,prefetch-hidden,2,300,1.0,frequency,5000,3;5,2,348800.3271103487,10000,358800.3271103487,348262.9351621004,0.9706315988251385
8,prefetch-hidden,2,300,1.0,frequency,20000,3;5,2,348800.3271103487,40000,388800.3271103487,348262.9351621004,0.8957372483466481
8,prefetch-hidden,2,300,1.0,residual,0,11;13,2,319234.9098449148,0,319234.9098449148,348262.9351621004,1.0909299842278763
8,prefetch-hidden,2,300,1.0,residual,5000,11;13,2,319234.9098449148,10000,329234.9098449148,348262.9351621004,1.057794677138426
8,prefetch-hidden,2,300,1.0,residual,20000,11;13,2,319234.9098449148,40000,359234.9098449148,348262.9351621004,0.9694573818353258
8,prefetch-hidden,2,300,1.0,oracle,0,8;12,2,313834.9098449148,0,313834.9098449148,348262.9351621004,1.1097010696936125
8,prefetch-hidden,2,300,1.0,oracle,5000,8;12,2,313834.9098449148,10000,323834.9098449148,348262.9351621004,1.0754335761048253
8,prefetch-hidden,2,300,1.0,oracle,20000,8;12,2,313834.9098449148,40000,353834.9098449148,348262.9351621004,0.9842526146296402
8,prefetch-hidden,2,400,0.01,frequency,0,0;5,1,450359.6706339938,0,450359.6706339938,450517.5687476659,1.000350604470089
8,prefetch-hidden,2,400,0.01,frequency,5000,0;5,1,450359.6706339938,5000,455359.6706339938,450517.5687476659,0.9893664235139966
8,prefetch-hidden,2,400,0.01,frequency,20000,0;5,1,450359.6706339938,20000,470359.6706339938,450517.5687476659,0.9578150442626535
8,prefetch-hidden,2,400,0.01,residual,0,8;9,2,415393.9446800088,0,415393.9446800088,450517.5687476659,1.08455497370024
8,prefetch-hidden,2,400,0.01,residual,5000,8;9,2,415393.9446800088,10000,425393.9446800088,450517.5687476659,1.059059665474448
8,prefetch-hidden,2,400,0.01,residual,20000,8;9,2,415393.9446800088,40000,455393.9446800088,450517.5687476659,0.9892919614120707
8,prefetch-hidden,2,400,0.01,oracle,0,8;12,2,406393.9446800088,0,406393.9446800088,450517.5687476659,1.1085735273501667
8,prefetch-hidden,2,400,0.01,oracle,5000,8;12,2,406393.9446800088,10000,416393.9446800088,450517.5687476659,1.0819503369432533
8,prefetch-hidden,2,400,0.01,oracle,20000,8;12,2,406393.9446800088,40000,446393.9446800088,450517.5687476659,1.009237634418659
8,prefetch-hidden,2,400,0.1,frequency,0,0;4,1,449804.27199362667,0,449804.27199362667,450517.5687476659,1.0015857936405934
8,prefetch-hidden,2,400,0.1,frequency,5000,0;4,1,449804.27199362667,5000,454804.27199362667,450517.5687476659,0.9905746196552419
8,prefetch-hidden,2,400,0.1,frequency,20000,0;4,1,449804.27199362667,20000,469804.27199362667,450517.5687476659,0.9589473651141631
8,prefetch-hidden,2,400,0.1,residual,0,8;10,2,411193.9446800088,0,411193.9446800088,450517.5687476659,1.0956327897733484
8,prefetch-hidden,2,400,0.1,residual,5000,8;10,2,411193.9446800088,10000,421193.9446800088,450517.5687476659,1.069620241311719
8,prefetch-hidden,2,400,0.1,residual,20000,8;10,2,411193.9446800088,40000,451193.9446800088,450517.5687476659,0.9985009197478867
8,prefetch-hidden,2,400,0.1,oracle,0,8;12,2,406393.9446800088,0,406393.9446800088,450517.5687476659,1.1085735273501667
8,prefetch-hidden,2,400,0.1,oracle,5000,8;12,2,406393.9446800088,10000,416393.9446800088,450517.5687476659,1.0819503369432533
8,prefetch-hidden,2,400,0.1,oracle,20000,8;12,2,406393.9446800088,40000,446393.9446800088,450517.5687476659,1.009237634418659
8,prefetch-hidden,2,400,1.0,frequency,0,3;5,2,450956.15638783673,0,450956.15638783673,450517.5687476659,0.9990274273142562
8,prefetch-hidden,2,400,1.0,frequency,5000,3;5,2,450956.15638783673,10000,460956.15638783673,450517.5687476659,0.9773544891514844
8,prefetch-hidden,2,400,1.0,frequency,20000,3;5,2,450956.15638783673,40000,490956.15638783673,450517.5687476659,0.917632996115796
8,prefetch-hidden,2,400,1.0,residual,0,11;13,2,414493.9446800088,0,414493.9446800088,450517.5687476659,1.0869098922433416
8,prefetch-hidden,2,400,1.0,residual,5000,11;13,2,414493.9446800088,10000,424493.9446800088,450517.5687476659,1.0613050536852162
8,prefetch-hidden,2,400,1.0,residual,20000,11;13,2,414493.9446800088,40000,454493.9446800088,450517.5687476659,0.9912509814951606
8,prefetch-hidden,2,400,1.0,oracle,0,8;12,2,406393.9446800088,0,406393.9446800088,450517.5687476659,1.1085735273501667
8,prefetch-hidden,2,400,1.0,oracle,5000,8;12,2,406393.9446800088,10000,416393.9446800088,450517.5687476659,1.0819503369432533
8,prefetch-hidden,2,400,1.0,oracle,20000,8;12,2,406393.9446800088,40000,446393.9446800088,450517.5687476659,1.009237634418659
8,prefetch-hidden,4,200,0.01,frequency,0,0;2;5;7,2,261862.67883415273,0,261862.67883415273,261900.98305924717,1.000146275999562
8,prefetch-hidden,4,200,0.01,frequency,5000,0;2;5;7,2,261862.67883415273,10000,271862.67883415276,261900.98305924717,0.963357619303889
8,prefetch-hidden,4,200,0.01,frequency,20000,0;2;5;7,2,261862.67883415273,40000,301862.67883415276,261900.98305924717,0.8676163084179709
8,prefetch-hidden,4,200,0.01,residual,0,8;9;10;11,4,227094.94224474893,0,227094.94224474893,261900.98305924717,1.153266472914163
8,prefetch-hidden,4,200,0.01,residual,5000,8;9;10;11,4,227094.94224474893,20000,247094.94224474893,261900.98305924717,1.0599204527619701
8,prefetch-hidden,4,200,0.01,residual,20000,8;9;10;11,4,227094.94224474893,80000,307094.94224474893,261900.98305924717,0.8528339188683771
8,prefetch-hidden,4,200,0.01,oracle,0,8;10;11;12,4,224094.94224474893,0,224094.94224474893,261900.98305924717,1.1687054622286288
8,prefetch-hidden,4,200,0.01,oracle,5000,8;10;11;12,4,224094.94224474893,20000,244094.94224474893,261900.98305924717,1.072947192804366
8,prefetch-hidden,4,200,0.01,oracle,20000,8;10;11;12,4,224094.94224474893,80000,304094.94224474893,261900.98305924717,0.8612474154484877
8,prefetch-hidden,4,200,0.1,frequency,0,0;3;4;5,2,261854.8019419586,0,261854.8019419586,261900.98305924717,1.0001763615444363
8,prefetch-hidden,4,200,0.1,frequency,5000,0;3;4;5,2,261854.8019419586,10000,271854.8019419586,261900.98305924717,0.963385532234091
8,prefetch-hidden,4,200,0.1,frequency,20000,0;3;4;5,2,261854.8019419586,40000,301854.8019419586,261900.98305924717,0.8676389488400656
8,prefetch-hidden,4,200,0.1,residual,0,8;9;10;15,4,227694.94224474893,0,227694.94224474893,261900.98305924717,1.1502274950742217
8,prefetch-hidden,4,200,0.1,residual,5000,8;9;10;15,4,227694.94224474893,20000,247694.94224474893,261900.98305924717,1.0573529708994265
8,prefetch-hidden,4,200,0.1,residual,20000,8;9;10;15,4,227694.94224474893,80000,307694.94224474893,261900.98305924717,0.851170906965783
8,prefetch-hidden,4,200,0.1,oracle,0,8;10;11;12,4,224094.94224474893,0,224094.94224474893,261900.98305924717,1.1687054622286288
8,prefetch-hidden,4,200,0.1,oracle,5000,8;10;11;12,4,224094.94224474893,20000,244094.94224474893,261900.98305924717,1.072947192804366
8,prefetch-hidden,4,200,0.1,oracle,20000,8;10;11;12,4,224094.94224474893,80000,304094.94224474893,261900.98305924717,0.8612474154484877
8,prefetch-hidden,4,200,1.0,frequency,0,1;2;3;5,1,261928.99264535107,0,261928.99264535107,261900.98305924717,0.9998930642010225
8,prefetch-hidden,4,200,1.0,frequency,5000,1;2;3;5,1,261928.99264535107,5000,266928.9926453511,261900.98305924717,0.9811634939454319
8,prefetch-hidden,4,200,1.0,frequency,20000,1;2;3;5,1,261928.99264535107,20000,281928.9926453511,261900.98305924717,0.9289608018026798
8,prefetch-hidden,4,200,1.0,residual,0,9;11;13;14,4,228894.94224474893,0,228894.94224474893,261900.98305924717,1.144197335645827
8,prefetch-hidden,4,200,1.0,residual,5000,9;11;13;14,4,228894.94224474893,20000,248894.94224474893,261900.98305924717,1.0522551430623641
8,prefetch-hidden,4,200,1.0,residual,20000,9;11;13;14,4,228894.94224474893,80000,308894.94224474893,261900.98305924717,0.8478642646461116
8,prefetch-hidden,4,200,1.0,oracle,0,8;10;11;12,4,224094.94224474893,0,224094.94224474893,261900.98305924717,1.1687054622286288
8,prefetch-hidden,4,200,1.0,oracle,5000,8;10;11;12,4,224094.94224474893,20000,244094.94224474893,261900.98305924717,1.072947192804366
8,prefetch-hidden,4,200,1.0,oracle,20000,8;10;11;12,4,224094.94224474893,80000,304094.94224474893,261900.98305924717,0.8612474154484877
8,prefetch-hidden,4,300,0.01,frequency,0,0;2;5;7,2,342632.3296859019,0,342632.3296859019,343101.933648783,1.0013705769193224
8,prefetch-hidden,4,300,0.01,frequency,5000,0;2;5;7,2,342632.3296859019,10000,352632.3296859019,343101.933648783,0.9729735613135421
8,prefetch-hidden,4,300,0.01,frequency,20000,0;2;5;7,2,342632.3296859019,40000,382632.3296859019,343101.933648783,0.8966883010916279
8,prefetch-hidden,4,300,0.01,residual,0,8;9;10;11,4,283634.9098449148,0,283634.9098449148,343101.933648783,1.20966045342015
8,prefetch-hidden,4,300,0.01,residual,5000,8;9;10;11,4,283634.9098449148,20000,303634.9098449148,343101.933648783,1.129981838465236
8,prefetch-hidden,4,300,0.01,residual,20000,8;9;10;11,4,283634.9098449148,80000,363634.9098449148,343101.933648783,0.9435340897140794
8,prefetch-hidden,4,300,0.01,oracle,0,8;10;11;12,4,277634.9098449148,0,277634.9098449148,343101.933648783,1.235802564743885
8,prefetch-hidden,4,300,0.01,oracle,5000,8;10;11;12,4,277634.9098449148,20000,297634.9098449148,343101.933648783,1.15276105826282
8,prefetch-hidden,4,300,0.01,oracle,20000,8;10;11;12,4,277634.9098449148,80000,357634.9098449148,343101.933648783,0.9593636532786078
8,prefetch-hidden,4,300,0.1,frequency,0,0;3;4;5,2,342778.1281008957,0,342778.1281008957,343101.933648783,1.0009446505518929
8,prefetch-hidden,4,300,0.1,frequency,5000,0;3;4;5,2,342778.1281008957,10000,352778.1281008957,343101.933648783,0.9725714445388031
8,prefetch-hidden,4,300,0.1,frequency,20000,0;3;4;5,2,342778.1281008957,40000,382778.1281008957,343101.933648783,0.8963467566734782
8,prefetch-hidden,4,300,0.1,residual,0,8;9;10;15,4,284834.9098449148,0,284834.9098449148,343101.933648783,1.2045641941698548
8,prefetch-hidden,4,300,0.1,residual,5000,8;9;10;15,4,284834.9098449148,20000,304834.9098449148,343101.933648783,1.1255336005424597
8,prefetch-hidden,4,300,0.1,residual,20000,8;9;10;15,4,284834.9098449148,80000,364834.9098449148,343101.933648783,0.9404306561415131
8,prefetch-hidden,4,300,0.1,oracle,0,8;10;11;12,4,277634.9098449148,0,277634.9098449148,343101.933648783,1.235802564743885
8,prefetch-hidden,4,300,0.1,oracle,5000,8;10;11;12,4,277634.9098449148,20000,297634.9098449148,343101.933648783,1.15276105826282
8,prefetch-hidden,4,300,0.1,oracle,20000,8;10;11;12,4,277634.9098449148,80000,357634.9098449148,343101.933648783,0.9593636532786078
8,prefetch-hidden,4,300,1.0,frequency,0,1;2;3;5,1,343654.26691523416,0,343654.26691523416,343101.933648783,0.998392764706782
8,prefetch-hidden,4,300,1.0,frequency,5000,1;2;3;5,1,343654.26691523416,5000,348654.26691523416,343101.933648783,0.984074959656808
8,prefetch-hidden,4,300,1.0,frequency,20000,1;2;3;5,1,343654.26691523416,20000,363654.26691523416,343101.933648783,0.9434838660335538
8,prefetch-hidden,4,300,1.0,residual,0,9;11;13;14,4,287234.9098449148,0,287234.9098449148,343101.933648783,1.1944994215154148
8,prefetch-hidden,4,300,1.0,residual,5000,9;11;13;14,4,287234.9098449148,20000,307234.9098449148,343101.933648783,1.1167413684270875
8,prefetch-hidden,4,300,1.0,residual,20000,9;11;13;14,4,287234.9098449148,80000,367234.9098449148,343101.933648783,0.9342846348504197
8,prefetch-hidden,4,300,1.0,oracle,0,8;10;11;12,4,277634.9098449148,0,277634.9098449148,343101.933648783,1.235802564743885
8,prefetch-hidden,4,300,1.0,oracle,5000,8;10;11;12,4,277634.9098449148,20000,297634.9098449148,343101.933648783,1.15276105826282
8,prefetch-hidden,4,300,1.0,oracle,20000,8;10;11;12,4,277634.9098449148,80000,357634.9098449148,343101.933648783,0.9593636532786078
8,prefetch-hidden,4,400,0.01,frequency,0,0;2;5;7,2,434042.2361754102,0,434042.2361754102,434528.90534675034,1.0011212484195742
8,prefetch-hidden,4,400,0.01,frequency,5000,0;2;5;7,2,434042.2361754102,10000,444042.2361754102,434528.90534675034,0.9785756172417306
8,prefetch-hidden,4,400,0.01,frequency,20000,0;2;5;7,2,434042.2361754102,40000,474042.2361754102,434528.90534675034,0.9166459698877154
8,prefetch-hidden,4,400,0.01,residual,0,8;9;10;11,4,361093.9446800088,0,361093.9446800088,434528.90534675034,1.2033680202857389
8,prefetch-hidden,4,400,0.01,residual,5000,8;9;10;11,4,361093.9446800088,20000,381093.9446800088,434528.90534675034,1.1402146673088942
8,prefetch-hidden,4,400,0.01,residual,20000,8;9;10;11,4,361093.9446800088,80000,441093.9446800088,434528.90534675034,0.9851164600819423
8,prefetch-hidden,4,400,0.01,oracle,0,8;10;11;12,4,352093.9446800088,0,352093.9446800088,434528.90534675034,1.2341277432125688
8,prefetch-hidden,4,400,0.01,oracle,5000,8;10;11;12,4,352093.9446800088,20000,372093.9446800088,434528.90534675034,1.1677935412801033
8,prefetch-hidden,4,400,0.01,oracle,20000,8;10;11;12,4,352093.9446800088,80000,432093.9446800088,434528.90534675034,1.005635257556189
8,prefetch-hidden,4,400,0.1,frequency,0,0;3;4;5,2,434366.4837014546,0,434366.4837014546,434528.90534675034,1.00037392766567
8,prefetch-hidden,4,400,0.1,frequency,5000,0;3;4;5,2,434366.4837014546,10000,444366.4837014546,434528.90534675034,0.9778615653620861
8,prefetch-hidden,4,400,0.1,frequency,20000,0;3;4;5,2,434366.4837014546,40000,474366.4837014546,434528.90534675034,0.9160194075183097
8,prefetch-hidden,4,400,0.1,residual,0,8;9;10;15,4,362893.9446800088,0,362893.9446800088,434528.90534675034,1.1973991622536098
8,prefetch-hidden,4,400,0.1,residual,5000,8;9;10;15,4,362893.9446800088,20000,382893.9446800088,434528.90534675034,1.1348544718039189
8,prefetch-hidden,4,400,0.1,residual,20000,8;9;10;15,4,362893.9446800088,80000,442893.9446800088,434528.90534675034,0.9811127710510872
8,prefetch-hidden,4,400,0.1,oracle,0,8;10;11;12,4,352093.9446800088,0,352093.9446800088,434528.90534675034,1.2341277432125688
8,prefetch-hidden,4,400,0.1,oracle,5000,8;10;11;12,4,352093.9446800088,20000,372093.9446800088,434528.90534675034,1.1677935412801033
8,prefetch-hidden,4,400,0.1,oracle,20000,8;10;11;12,4,352093.9446800088,80000,432093.9446800088,434528.90534675034,1.005635257556189
8,prefetch-hidden,4,400,1.0,frequency,0,1;2;3;5,1,435575.4844165706,0,435575.4844165706,434528.90534675034,0.9975972498286444
8,prefetch-hidden,4,400,1.0,frequency,5000,1;2;3;5,1,435575.4844165706,5000,440575.4844165706,434528.90534675034,0.9862757250830073
8,prefetch-hidden,4,400,1.0,frequency,20000,1;2;3;5,1,435575.4844165706,20000,455575.4844165706,434528.90534675034,0.953802213267087
8,prefetch-hidden,4,400,1.0,residual,0,9;11;13;14,4,366493.9446800088,0,366493.9446800088,434528.90534675034,1.185637339045653
8,prefetch-hidden,4,400,1.0,residual,5000,9;11;13;14,4,366493.9446800088,20000,386493.9446800088,434528.90534675034,1.1242838635066101
8,prefetch-hidden,4,400,1.0,residual,20000,9;11;13;14,4,366493.9446800088,80000,446493.9446800088,434528.90534675034,0.9732022360530924
8,prefetch-hidden,4,400,1.0,oracle,0,8;10;11;12,4,352093.9446800088,0,352093.9446800088,434528.90534675034,1.2341277432125688
8,prefetch-hidden,4,400,1.0,oracle,5000,8;10;11;12,4,352093.9446800088,20000,372093.9446800088,434528.90534675034,1.1677935412801033
8,prefetch-hidden,4,400,1.0,oracle,20000,8;10;11;12,4,352093.9446800088,80000,432093.9446800088,434528.90534675034,1.005635257556189
8,prefetch-hidden,8,200,0.01,frequency,0,0;1;2;3;4;5;6;7,0,261600.0,0,261600.0,261600.0,1.0
8,prefetch-hidden,8,200,0.01,frequency,5000,0;1;2;3;4;5;6;7,0,261600.0,0,261600.0,261600.0,1.0
8,prefetch-hidden,8,200,0.01,frequency,20000,0;1;2;3;4;5;6;7,0,261600.0,0,261600.0,261600.0,1.0
8,prefetch-hidden,8,200,0.01,residual,0,0;1;8;9;10;11;14;15,6,210015.18914279566,0,210015.18914279566,261600.0,1.2456241906490404
8,prefetch-hidden,8,200,0.01,residual,5000,0;1;8;9;10;11;14;15,6,210015.18914279566,30000,240015.18914279566,261600.0,1.089931020342061
8,prefetch-hidden,8,200,0.01,residual,20000,0;1;8;9;10;11;14;15,6,210015.18914279566,120000,330015.1891427956,261600.0,0.7926907869892231
8,prefetch-hidden,8,200,0.01,oracle,0,8;9;10;11;12;13;14;15,8,191394.94224474893,0,191394.94224474893,261600.0,1.3668072778301288
8,prefetch-hidden,8,200,0.01,oracle,5000,8;9;10;11;12;13;14;15,8,191394.94224474893,40000,231394.94224474893,261600.0,1.1305346498166016
8,prefetch-hidden,8,200,0.01,oracle,20000,8;9;10;11;12;13;14;15,8,191394.94224474893,160000,351394.94224474893,261600.0,0.7444614835059118
8,prefetch-hidden,8,200,0.1,frequency,0,0;1;2;3;4;5;6;7,0,261600.0,0,261600.0,261600.0,1.0
8,prefetch-hidden,8,200,0.1,frequency,5000,0;1;2;3;4;5;6;7,0,261600.0,0,261600.0,261600.0,1.0
8,prefetch-hidden,8,200,0.1,frequency,20000,0;1;2;3;4;5;6;7,0,261600.0,0,261600.0,261600.0,1.0
8,prefetch-hidden,8,200,0.1,residual,0,8;9;10;11;12;13;14;15,8,191394.94224474893,0,191394.94224474893,261600.0,1.3668072778301288
8,prefetch-hidden,8,200,0.1,residual,5000,8;9;10;11;12;13;14;15,8,191394.94224474893,40000,231394.94224474893,261600.0,1.1305346498166016
8,prefetch-hidden,8,200,0.1,residual,20000,8;9;10;11;12;13;14;15,8,191394.94224474893,160000,351394.94224474893,261600.0,0.7444614835059118
8,prefetch-hidden,8,200,0.1,oracle,0,8;9;10;11;12;13;14;15,8,191394.94224474893,0,191394.94224474893,261600.0,1.3668072778301288
8,prefetch-hidden,8,200,0.1,oracle,5000,8;9;10;11;12;13;14;15,8,191394.94224474893,40000,231394.94224474893,261600.0,1.1305346498166016
8,prefetch-hidden,8,200,0.1,oracle,20000,8;9;10;11;12;13;14;15,8,191394.94224474893,160000,351394.94224474893,261600.0,0.7444614835059118
8,prefetch-hidden,8,200,1.0,frequency,0,0;1;2;3;4;5;6;7,0,261600.0,0,261600.0,261600.0,1.0
8,prefetch-hidden,8,200,1.0,frequency,5000,0;1;2;3;4;5;6;7,0,261600.0,0,261600.0,261600.0,1.0
8,prefetch-hidden,8,200,1.0,frequency,20000,0;1;2;3;4;5;6;7,0,261600.0,0,261600.0,261600.0,1.0
8,prefetch-hidden,8,200,1.0,residual,0,8;9;10;11;12;13;14;15,8,191394.94224474893,0,191394.94224474893,261600.0,1.3668072778301288
8,prefetch-hidden,8,200,1.0,residual,5000,8;9;10;11;12;13;14;15,8,191394.94224474893,40000,231394.94224474893,261600.0,1.1305346498166016
8,prefetch-hidden,8,200,1.0,residual,20000,8;9;10;11;12;13;14;15,8,191394.94224474893,160000,351394.94224474893,261600.0,0.7444614835059118
8,prefetch-hidden,8,200,1.0,oracle,0,8;9;10;11;12;13;14;15,8,191394.94224474893,0,191394.94224474893,261600.0,1.3668072778301288
8,prefetch-hidden,8,200,1.0,oracle,5000,8;9;10;11;12;13;14;15,8,191394.94224474893,40000,231394.94224474893,261600.0,1.1305346498166016
8,prefetch-hidden,8,200,1.0,oracle,20000,8;9;10;11;12;13;14;15,8,191394.94224474893,160000,351394.94224474893,261600.0,0.7444614835059118
8,prefetch-hidden,8,300,0.01,frequency,0,0;1;2;3;4;5;6;7,0,332400.0,0,332400.0,332400.0,1.0
8,prefetch-hidden,8,300,0.01,frequency,5000,0;1;2;3;4;5;6;7,0,332400.0,0,332400.0,332400.0,1.0
8,prefetch-hidden,8,300,0.01,frequency,20000,0;1;2;3;4;5;6;7,0,332400.0,0,332400.0,332400.0,1.0
8,prefetch-hidden,8,300,0.01,residual,0,0;5;8;9;10;11;14;15,6,244205.74498058646,0,244205.74498058646,332400.0,1.3611473392095041
8,prefetch-hidden,8,300,0.01,residual,5000,0;5;8;9;10;11;14;15,6,244205.74498058646,30000,274205.74498058646,332400.0,1.212228430967169
8,prefetch-hidden,8,300,0.01,residual,20000,0;5;8;9;10;11;14;15,6,244205.74498058646,120000,364205.74498058646,332400.0,0.9126709410300987
8,prefetch-hidden,8,300,0.01,oracle,0,8;9;10;11;12;13;14;15,8,212234.9098449148,0,212234.9098449148,332400.0,1.566189088509957
8,prefetch-hidden,8,300,0.01,oracle,5000,8;9;10;11;12;13;14;15,8,212234.9098449148,40000,252234.9098449148,332400.0,1.3178191718361834
8,prefetch-hidden,8,300,0.01,oracle,20000,8;9;10;11;12;13;14;15,8,212234.9098449148,160000,372234.9098449148,332400.0,0.8929844869695018
8,prefetch-hidden,8,300,0.1,frequency,0,0;1;2;3;4;5;6;7,0,332400.0,0,332400.0,332400.0,1.0
8,prefetch-hidden,8,300,0.1,frequency,5000,0;1;2;3;4;5;6;7,0,332400.0,0,332400.0,332400.0,1.0
8,prefetch-hidden,8,300,0.1,frequency,20000,0;1;2;3;4;5;6;7,0,332400.0,0,332400.0,332400.0,1.0
8,prefetch-hidden,8,300,0.1,residual,0,8;9;10;11;12;13;14;15,8,212234.9098449148,0,212234.9098449148,332400.0,1.566189088509957
8,prefetch-hidden,8,300,0.1,residual,5000,8;9;10;11;12;13;14;15,8,212234.9098449148,40000,252234.9098449148,332400.0,1.3178191718361834
8,prefetch-hidden,8,300,0.1,residual,20000,8;9;10;11;12;13;14;15,8,212234.9098449148,160000,372234.9098449148,332400.0,0.8929844869695018
8,prefetch-hidden,8,300,0.1,oracle,0,8;9;10;11;12;13;14;15,8,212234.9098449148,0,212234.9098449148,332400.0,1.566189088509957
8,prefetch-hidden,8,300,0.1,oracle,5000,8;9;10;11;12;13;14;15,8,212234.9098449148,40000,252234.9098449148,332400.0,1.3178191718361834
8,prefetch-hidden,8,300,0.1,oracle,20000,8;9;10;11;12;13;14;15,8,212234.9098449148,160000,372234.9098449148,332400.0,0.8929844869695018
8,prefetch-hidden,8,300,1.0,frequency,0,0;1;2;3;4;5;6;7,0,332400.0,0,332400.0,332400.0,1.0
8,prefetch-hidden,8,300,1.0,frequency,5000,0;1;2;3;4;5;6;7,0,332400.0,0,332400.0,332400.0,1.0
8,prefetch-hidden,8,300,1.0,frequency,20000,0;1;2;3;4;5;6;7,0,332400.0,0,332400.0,332400.0,1.0
8,prefetch-hidden,8,300,1.0,residual,0,8;9;10;11;12;13;14;15,8,212234.9098449148,0,212234.9098449148,332400.0,1.566189088509957
8,prefetch-hidden,8,300,1.0,residual,5000,8;9;10;11;12;13;14;15,8,212234.9098449148,40000,252234.9098449148,332400.0,1.3178191718361834
8,prefetch-hidden,8,300,1.0,residual,20000,8;9;10;11;12;13;14;15,8,212234.9098449148,160000,372234.9098449148,332400.0,0.8929844869695018
8,prefetch-hidden,8,300,1.0,oracle,0,8;9;10;11;12;13;14;15,8,212234.9098449148,0,212234.9098449148,332400.0,1.566189088509957
8,prefetch-hidden,8,300,1.0,oracle,5000,8;9;10;11;12;13;14;15,8,212234.9098449148,40000,252234.9098449148,332400.0,1.3178191718361834
8,prefetch-hidden,8,300,1.0,oracle,20000,8;9;10;11;12;13;14;15,8,212234.9098449148,160000,372234.9098449148,332400.0,0.8929844869695018
8,prefetch-hidden,8,400,0.01,frequency,0,0;1;2;3;4;5;6;7,0,403200.0,0,403200.0,403200.0,1.0
8,prefetch-hidden,8,400,0.01,frequency,5000,0;1;2;3;4;5;6;7,0,403200.0,0,403200.0,403200.0,1.0
8,prefetch-hidden,8,400,0.01,frequency,20000,0;1;2;3;4;5;6;7,0,403200.0,0,403200.0,403200.0,1.0
8,prefetch-hidden,8,400,0.01,residual,0,0;5;8;9;10;11;14;15,6,294359.6706339938,0,294359.6706339938,403200.0,1.36975285755547
8,prefetch-hidden,8,400,0.01,residual,5000,0;5;8;9;10;11;14;15,6,294359.6706339938,30000,324359.6706339938,403200.0,1.2430645252904122
8,prefetch-hidden,8,400,0.01,residual,20000,0;5;8;9;10;11;14;15,6,294359.6706339938,120000,414359.6706339938,403200.0,0.9730676718201873
8,prefetch-hidden,8,400,0.01,oracle,0,8;9;10;11;12;13;14;15,8,253993.9446800088,0,253993.9446800088,403200.0,1.5874394191088557
8,prefetch-hidden,8,400,0.01,oracle,5000,8;9;10;11;12;13;14;15,8,253993.9446800088,40000,293993.9446800088,403200.0,1.3714568184009848
8,prefetch-hidden,8,400,0.01,oracle,20000,8;9;10;11;12;13;14;15,8,253993.9446800088,160000,413993.9446800088,403200.0,0.973927288505749
8,prefetch-hidden,8,400,0.1,frequency,0,0;1;2;3;4;5;6;7,0,403200.0,0,403200.0,403200.0,1.0
8,prefetch-hidden,8,400,0.1,frequency,5000,0;1;2;3;4;5;6;7,0,403200.0,0,403200.0,403200.0,1.0
8,prefetch-hidden,8,400,0.1,frequency,20000,0;1;2;3;4;5;6;7,0,403200.0,0,403200.0,403200.0,1.0
8,prefetch-hidden,8,400,0.1,residual,0,8;9;10;11;12;13;14;15,8,253993.9446800088,0,253993.9446800088,403200.0,1.5874394191088557
8,prefetch-hidden,8,400,0.1,residual,5000,8;9;10;11;12;13;14;15,8,253993.9446800088,40000,293993.9446800088,403200.0,1.3714568184009848
8,prefetch-hidden,8,400,0.1,residual,20000,8;9;10;11;12;13;14;15,8,253993.9446800088,160000,413993.9446800088,403200.0,0.973927288505749
8,prefetch-hidden,8,400,0.1,oracle,0,8;9;10;11;12;13;14;15,8,253993.9446800088,0,253993.9446800088,403200.0,1.5874394191088557
8,prefetch-hidden,8,400,0.1,oracle,5000,8;9;10;11;12;13;14;15,8,253993.9446800088,40000,293993.9446800088,403200.0,1.3714568184009848
8,prefetch-hidden,8,400,0.1,oracle,20000,8;9;10;11;12;13;14;15,8,253993.9446800088,160000,413993.9446800088,403200.0,0.973927288505749
8,prefetch-hidden,8,400,1.0,frequency,0,0;1;2;3;4;5;6;7,0,403200.0,0,403200.0,403200.0,1.0
8,prefetch-hidden,8,400,1.0,frequency,5000,0;1;2;3;4;5;6;7,0,403200.0,0,403200.0,403200.0,1.0
8,prefetch-hidden,8,400,1.0,frequency,20000,0;1;2;3;4;5;6;7,0,403200.0,0,403200.0,403200.0,1.0
8,prefetch-hidden,8,400,1.0,residual,0,8;9;10;11;12;13;14;15,8,253993.9446800088,0,253993.9446800088,403200.0,1.5874394191088557
8,prefetch-hidden,8,400,1.0,residual,5000,8;9;10;11;12;13;14;15,8,253993.9446800088,40000,293993.9446800088,403200.0,1.3714568184009848
8,prefetch-hidden,8,400,1.0,residual,20000,8;9;10;11;12;13;14;15,8,253993.9446800088,160000,413993.9446800088,403200.0,0.973927288505749
8,prefetch-hidden,8,400,1.0,oracle,0,8;9;10;11;12;13;14;15,8,253993.9446800088,0,253993.9446800088,403200.0,1.5874394191088557
8,prefetch-hidden,8,400,1.0,oracle,5000,8;9;10;11;12;13;14;15,8,253993.9446800088,40000,293993.9446800088,403200.0,1.3714568184009848
8,prefetch-hidden,8,400,1.0,oracle,20000,8;9;10;11;12;13;14;15,8,253993.9446800088,160000,413993.9446800088,403200.0,0.973927288505749
8,phase-reversal,2,200,0.01,frequency,0,0;5,1,422097.2774615036,0,422097.2774615036,422097.2774615036,1.0
8,phase-reversal,2,200,0.01,frequency,5000,0;5,1,422097.2774615036,5000,427097.2774615036,422097.2774615036,0.9882930651543413
8,phase-reversal,2,200,0.01,frequency,20000,0;5,1,422097.2774615036,20000,442097.2774615036,422097.2774615036,0.9547610876166467
8,phase-reversal,2,200,0.01,residual,0,8;9,2,466335.5431327851,0,466335.5431327851,422097.2774615036,0.9051364059147319
8,phase-reversal,2,200,0.01,residual,5000,8;9,2,466335.5431327851,10000,476335.5431327851,422097.2774615036,0.8861343301938694
8,phase-reversal,2,200,0.01,residual,20000,8;9,2,466335.5431327851,40000,506335.5431327851,422097.2774615036,0.8336315377939204
8,phase-reversal,2,200,0.01,oracle,0,0;7,1,419797.2774615036,0,419797.2774615036,422097.2774615036,1.0054788349603123
8,phase-reversal,2,200,0.01,oracle,5000,0;7,1,419797.2774615036,5000,424797.2774615036,422097.2774615036,0.99364402706125
8,phase-reversal,2,200,0.01,oracle,20000,0;7,1,419797.2774615036,20000,439797.2774615036,422097.2774615036,0.9597541846958129
8,phase-reversal,2,200,0.1,frequency,0,0;4,1,420897.2774615036,0,420897.2774615036,422097.2774615036,1.002851051941313
8,phase-reversal,2,200,0.1,frequency,5000,0;4,1,420897.2774615036,5000,425897.2774615036,422097.2774615036,0.9910776607386426
8,phase-reversal,2,200,0.1,frequency,20000,0;4,1,420897.2774615036,20000,440897.2774615036,422097.2774615036,0.9573596822637638
8,phase-reversal,2,200,0.1,residual,0,8;10,2,466348.97524408845,0,466348.97524408845,422097.2774615036,0.9051103355391241
8,phase-reversal,2,200,0.1,residual,5000,8;10,2,466348.97524408845,10000,476348.97524408845,422097.2774615036,0.8861093429354278
8,phase-reversal,2,200,0.1,residual,20000,8;10,2,466348.97524408845,40000,506348.97524408845,422097.2774615036,0.8336094237339557
8,phase-reversal,2,200,0.1,oracle,0,0;7,1,419797.2774615036,0,419797.2774615036,422097.2774615036,1.0054788349603123
8,phase-reversal,2,200,0.1,oracle,5000,0;7,1,419797.2774615036,5000,424797.2774615036,422097.2774615036,0.99364402706125
8,phase-reversal,2,200,0.1,oracle,20000,0;7,1,419797.2774615036,20000,439797.2774615036,422097.2774615036,0.9597541846958129
8,phase-reversal,2,200,1.0,frequency,0,3;5,2,425197.2774615036,0,425197.2774615036,422097.2774615036,0.9927092665820734
8,phase-reversal,2,200,1.0,frequency,5000,3;5,2,425197.2774615036,10000,435197.2774615036,422097.2774615036,0.9698987087501741
8,phase-reversal,2,200,1.0,frequency,20000,3;5,2,425197.2774615036,40000,465197.2774615036,422097.2774615036,0.9073511344795722
8,phase-reversal,2,200,1.0,residual,0,11;13,2,466353.5614656553,0,466353.5614656553,422097.2774615036,0.9051014344887532
8,phase-reversal,2,200,1.0,residual,5000,11;13,2,466353.5614656553,10000,476353.5614656553,422097.2774615036,0.886100811680268
8,phase-reversal,2,200,1.0,residual,20000,11;13,2,466353.5614656553,40000,506353.5614656553,422097.2774615036,0.8336018734414163
8,phase-reversal,2,200,1.0,oracle,0,0;7,1,419797.2774615036,0,419797.2774615036,422097.2774615036,1.0054788349603123
8,phase-reversal,2,200,1.0,oracle,5000,0;7,1,419797.2774615036,5000,424797.2774615036,422097.2774615036,0.99364402706125
8,phase-reversal,2,200,1.0,oracle,20000,0;7,1,419797.2774615036,20000,439797.2774615036,422097.2774615036,0.9597541846958129
8,phase-reversal,2,300,0.01,frequency,0,0;5,1,559328.9155628331,0,559328.9155628331,559328.9155628331,1.0
8,phase-reversal,2,300,0.01,frequency,5000,0;5,1,559328.9155628331,5000,564328.9155628331,559328.9155628331,0.9911399188272796
8,phase-reversal,2,300,0.01,frequency,20000,0;5,1,559328.9155628331,20000,579328.9155628331,559328.9155628331,0.965477297157575
8,phase-reversal,2,300,0.01,residual,0,8;9,2,645807.8794999976,0,645807.8794999976,559328.9155628331,0.8660918104558915
8,phase-reversal,2,300,0.01,residual,5000,8;9,2,645807.8794999976,10000,655807.8794999976,559328.9155628331,0.852885323654967
8,phase-reversal,2,300,0.01,residual,20000,8;9,2,645807.8794999976,40000,685807.8794999976,559328.9155628331,0.815576683036397
8,phase-reversal,2,300,0.01,oracle,0,0;7,1,554728.9155628331,0,554728.9155628331,559328.9155628331,1.0082923386016984
8,phase-reversal,2,300,0.01,oracle,5000,0;7,1,554728.9155628331,5000,559728.9155628331,559328.9155628331,0.9992853683472869
8,phase-reversal,2,300,0.01,oracle,20000,0;7,1,554728.9155628331,20000,574728.9155628331,559328.9155628331,0.9732047586557938
8,phase-reversal,2,300,0.1,frequency,0,0;4,1,556928.9155628331,0,556928.9155628331,559328.9155628331,1.0043093470870956
8,phase-reversal,2,300,0.1,frequency,5000,0;4,1,556928.9155628331,5000,561928.9155628331,559328.9155628331,0.9953730802455755
8,phase-reversal,2,300,0.1,frequency,20000,0;4,1,556928.9155628331,20000,576928.9155628331,559328.9155628331,0.9694936420670993
8,phase-reversal,2,300,0.1,residual,0,8;10,2,645809.2422555154,0,645809.2422555154,559328.9155628331,0.8660899828707217
8,phase-reversal,2,300,0.1,residual,5000,8;10,2,645809.2422555154,10000,655809.2422555154,559328.9155628331,0.8528835513801866
8,phase-reversal,2,300,0.1,residual,20000,8;10,2,645809.2422555154,40000,685809.2422555154,559328.9155628331,0.8155750624230302
8,phase-reversal,2,300,0.1,oracle,0,0;7,1,554728.9155628331,0,554728.9155628331,559328.9155628331,1.0082923386016984
8,phase-reversal,2,300,0.1,oracle,5000,0;7,1,554728.9155628331,5000,559728.9155628331,559328.9155628331,0.9992853683472869
8,phase-reversal,2,300,0.1,oracle,20000,0;7,1,554728.9155628331,20000,574728.9155628331,559328.9155628331,0.9732047586557938
8,phase-reversal,2,300,1.0,frequency,0,3;5,2,565528.9155628331,0,565528.9155628331,559328.9155628331,0.9890368116830427
8,phase-reversal,2,300,1.0,frequency,5000,3;5,2,565528.9155628331,10000,575528.9155628331,559328.9155628331,0.9718519790023802
8,phase-reversal,2,300,1.0,frequency,20000,3;5,2,565528.9155628331,40000,605528.9155628331,559328.9155628331,0.9237030655141257
8,phase-reversal,2,300,1.0,residual,0,11;13,2,646089.9116533633,0,646089.9116533633,559328.9155628331,0.8657137427382108
8,phase-reversal,2,300,1.0,residual,5000,11;13,2,646089.9116533633,10000,656089.9116533633,559328.9155628331,0.8525186954228727
8,phase-reversal,2,300,1.0,residual,20000,11;13,2,646089.9116533633,40000,686089.9116533633,559328.9155628331,0.8152414225344647
8,phase-reversal,2,300,1.0,oracle,0,0;7,1,554728.9155628331,0,554728.9155628331,559328.9155628331,1.0082923386016984
8,phase-reversal,2,300,1.0,oracle,5000,0;7,1,554728.9155628331,5000,559728.9155628331,559328.9155628331,0.9992853683472869
8,phase-reversal,2,300,1.0,oracle,20000,0;7,1,554728.9155628331,20000,574728.9155628331,559328.9155628331,0.9732047586557938
8,phase-reversal,2,400,0.01,frequency,0,0;5,1,704625.0760479202,0,704625.0760479202,704625.0760479202,1.0
8,phase-reversal,2,400,0.01,frequency,5000,0;5,1,704625.0760479202,5000,709625.0760479202,704625.0760479202,0.9929540257683025
8,phase-reversal,2,400,0.01,frequency,20000,0;5,1,704625.0760479202,20000,724625.0760479202,704625.0760479202,0.9723995198881616
8,phase-reversal,2,400,0.01,residual,0,8;9,2,831102.8783478331,0,831102.8783478331,704625.0760479202,0.8478193186488046
8,phase-reversal,2,400,0.01,residual,5000,8;9,2,831102.8783478331,10000,841102.8783478331,704625.0760479202,0.8377394658689145
8,phase-reversal,2,400,0.01,residual,20000,8;9,2,831102.8783478331,40000,871102.8783478331,704625.0760479202,0.808888471800643
8,phase-reversal,2,400,0.01,oracle,0,0;7,1,697725.0760479202,0,697725.0760479202,704625.0760479202,1.009889281949107
8,phase-reversal,2,400,0.01,oracle,5000,0;7,1,697725.0760479202,5000,702725.0760479202,704625.0760479202,1.0027037600688529
8,phase-reversal,2,400,0.01,oracle,20000,0;7,1,697725.0760479202,20000,717725.0760479202,704625.0760479202,0.9817478858727721
8,phase-reversal,2,400,0.1,frequency,0,0;4,1,701025.0760479202,0,701025.0760479202,704625.0760479202,1.0051353369843705
8,phase-reversal,2,400,0.1,frequency,5000,0;4,1,701025.0760479202,5000,706025.0760479202,704625.0760479202,0.9980170675978866
8,phase-reversal,2,400,0.1,frequency,20000,0;4,1,701025.0760479202,20000,721025.0760479202,704625.0760479202,0.9772546052213723
8,phase-reversal,2,400,0.1,residual,0,8;10,2,831261.8568401235,0,831261.8568401235,704625.0760479202,0.8476571735486723
8,phase-reversal,2,400,0.1,residual,5000,8;10,2,831261.8568401235,10000,841261.8568401235,704625.0760479202,0.8375811530247824
8,phase-reversal,2,400,0.1,residual,20000,8;10,2,831261.8568401235,40000,871261.8568401235,704625.0760479202,0.8087408745327627
8,phase-reversal,2,400,0.1,oracle,0,0;7,1,697725.0760479202,0,697725.0760479202,704625.0760479202,1.009889281949107
8,phase-reversal,2,400,0.1,oracle,5000,0;7,1,697725.0760479202,5000,702725.0760479202,704625.0760479202,1.0027037600688529
8,phase-reversal,2,400,0.1,oracle,20000,0;7,1,697725.0760479202,20000,717725.0760479202,704625.0760479202,0.9817478858727721
8,phase-reversal,2,400,1.0,frequency,0,3;5,2,713925.0760479202,0,713925.0760479202,704625.0760479202,0.9869734229654993
8,phase-reversal,2,400,1.0,frequency,5000,3;5,2,713925.0760479202,10000,723925.0760479202,704625.0760479202,0.9733397824739498
8,phase-reversal,2,400,1.0,frequency,20000,3;5,2,713925.0760479202,40000,753925.0760479202,704625.0760479202,0.934608886789612
8,phase-reversal,2,400,1.0,residual,0,11;13,2,831904.9746798425,0,831904.9746798425,704625.0760479202,0.8470018782122252
8,phase-reversal,2,400,1.0,residual,5000,11;13,2,831904.9746798425,10000,841904.9746798425,704625.0760479202,0.8369413380837585
8,phase-reversal,2,400,1.0,residual,20000,11;13,2,831904.9746798425,40000,871904.9746798425,704625.0760479202,0.8081443465862248
8,phase-reversal,2,400,1.0,oracle,0,0;7,1,697725.0760479202,0,697725.0760479202,704625.0760479202,1.009889281949107
8,phase-reversal,2,400,1.0,oracle,5000,0;7,1,697725.0760479202,5000,702725.0760479202,704625.0760479202,1.0027037600688529
8,phase-reversal,2,400,1.0,oracle,20000,0;7,1,697725.0760479202,20000,717725.0760479202,704625.0760479202,0.9817478858727721
8,phase-reversal,4,200,0.01,frequency,0,0;2;5;7,2,377897.2774615036,0,377897.2774615036,379597.2774615036,1.0044985769980128
8,phase-reversal,4,200,0.01,frequency,5000,0;2;5;7,2,377897.2774615036,10000,387897.2774615036,379597.2774615036,0.9786025824818435
8,phase-reversal,4,200,0.01,frequency,20000,0;2;5;7,2,377897.2774615036,40000,417897.2774615036,379597.2774615036,0.9083506831328229
8,phase-reversal,4,200,0.01,residual,0,8;9;10;11,4,466285.3310293919,0,466285.3310293919,379597.2774615036,0.814087967604488
8,phase-reversal,4,200,0.01,residual,5000,8;9;10;11,4,466285.3310293919,20000,486285.3310293919,379597.2774615036,0.7806060624077514
8,phase-reversal,4,200,0.01,residual,20000,8;9;10;11,4,466285.3310293919,80000,546285.3310293918,379597.2774615036,0.6948699807593407
8,phase-reversal,4,200,0.01,oracle,0,0;2;6;7,2,376297.2774615036,0,376297.2774615036,379597.2774615036,1.0087696621731141
8,phase-reversal,4,200,0.01,oracle,5000,0;2;6;7,2,376297.2774615036,10000,386297.2774615036,379597.2774615036,0.9826558446281888
8,phase-reversal,4,200,0.01,oracle,20000,0;2;6;7,2,376297.2774615036,40000,416297.2774615036,379597.2774615036,0.911841844789884
8,phase-reversal,4,200,0.1,frequency,0,0;3;4;5,2,379697.2774615036,0,379697.2774615036,379597.2774615036,0.9997366322964742
8,phase-reversal,4,200,0.1,frequency,5000,0;3;4;5,2,379697.2774615036,10000,389697.2774615036,379597.2774615036,0.974082446596005
8,phase-reversal,4,200,0.1,frequency,20000,0;3;4;5,2,379697.2774615036,40000,419697.2774615036,379597.2774615036,0.904454943709569
8,phase-reversal,4,200,0.1,residual,0,8;9;10;15,4,466286.0140250184,0,466286.0140250184,379597.2774615036,0.8140867751635725
8,phase-reversal,4,200,0.1,residual,5000,8;9;10;15,4,466286.0140250184,20000,486286.0140250184,379597.2774615036,0.780604966035429
8,phase-reversal,4,200,0.1,residual,20000,8;9;10;15,4,466286.0140250184,80000,546286.0140250183,379597.2774615036,0.6948691119961916
8,phase-reversal,4,200,0.1,oracle,0,0;2;6;7,2,376297.2774615036,0,376297.2774615036,379597.2774615036,1.0087696621731141
8,phase-reversal,4,200,0.1,oracle,5000,0;2;6;7,2,376297.2774615036,10000,386297.2774615036,379597.2774615036,0.9826558446281888
8,phase-reversal,4,200,0.1,oracle,20000,0;2;6;7,2,376297.2774615036,40000,416297.2774615036,379597.2774615036,0.911841844789884
8,phase-reversal,4,200,1.0,frequency,0,1;2;3;5,1,383297.2774615036,0,383297.2774615036,379597.2774615036,0.9903469181296973
8,phase-reversal,4,200,1.0,frequency,5000,1;2;3;5,1,383297.2774615036,5000,388297.2774615036,379597.2774615036,0.9775944862223184
8,phase-reversal,4,200,1.0,frequency,20000,1;2;3;5,1,383297.2774615036,20000,403297.2774615036,379597.2774615036,0.9412344160883599
8,phase-reversal,4,200,1.0,residual,0,9;11;13;14,4,466292.30827229324,0,466292.30827229324,379597.2774615036,0.8140757862122749
8,phase-reversal,4,200,1.0,residual,5000,9;11;13;14,4,466292.30827229324,20000,486292.30827229324,379597.2774615036,0.7805948623990016
8,phase-reversal,4,200,1.0,residual,20000,9;11;13;14,4,466292.30827229324,80000,546292.3082722933,379597.2774615036,0.6948611058830753
8,phase-reversal,4,200,1.0,oracle,0,0;2;6;7,2,376297.2774615036,0,376297.2774615036,379597.2774615036,1.0087696621731141
8,phase-reversal,4,200,1.0,oracle,5000,0;2;6;7,2,376297.2774615036,10000,386297.2774615036,379597.2774615036,0.9826558446281888
8,phase-reversal,4,200,1.0,oracle,20000,0;2;6;7,2,376297.2774615036,40000,416297.2774615036,379597.2774615036,0.911841844789884
8,phase-reversal,4,300,0.01,frequency,0,0;2;5;7,2,470928.9155628331,0,470928.9155628331,474328.9155628331,1.0072197732771122
8,phase-reversal,4,300,0.01,frequency,5000,0;2;5;7,2,470928.9155628331,10000,480928.9155628331,474328.9155628331,0.9862765581639523
8,phase-reversal,4,300,0.01,frequency,20000,0;2;5;7,2,470928.9155628331,40000,510928.9155628331,474328.9155628331,0.9283657689256403
8,phase-reversal,4,300,0.01,residual,0,8;9;10;11,4,643645.8096902135,0,643645.8096902135,474328.9155628331,0.7369408895726788
8,phase-reversal,4,300,0.01,residual,5000,8;9;10;11,4,643645.8096902135,20000,663645.8096902135,474328.9155628331,0.7147320281947496
8,phase-reversal,4,300,0.01,residual,20000,8;9;10;11,4,643645.8096902135,80000,723645.8096902135,474328.9155628331,0.6554711009324978
8,phase-reversal,4,300,0.01,oracle,0,0;2;6;7,2,467728.9155628331,0,467728.9155628331,474328.9155628331,1.0141107376097498
8,phase-reversal,4,300,0.01,oracle,5000,0;2;6;7,2,467728.9155628331,10000,477728.9155628331,474328.9155628331,0.9928829930756979
8,phase-reversal,4,300,0.01,oracle,20000,0;2;6;7,2,467728.9155628331,40000,507728.9155628331,474328.9155628331,0.9342168645979615
8,phase-reversal,4,300,0.1,frequency,0,0;3;4;5,2,474528.9155628331,0,474528.9155628331,474328.9155628331,0.9995785293720978
8,phase-reversal,4,300,0.1,frequency,5000,0;3;4;5,2,474528.9155628331,10000,484528.9155628331,474328.9155628331,0.9789486247933179
8,phase-reversal,4,300,0.1,frequency,20000,0;3;4;5,2,474528.9155628331,40000,514528.9155628331,474328.9155628331,0.9218702802037355
8,phase-reversal,4,300,0.1,residual,0,8;9;10;15,4,643469.396085489,0,643469.396085489,474328.9155628331,0.7371429293271556
8,phase-reversal,4,300,0.1,residual,5000,8;9;10;15,4,643469.396085489,20000,663469.396085489,474328.9155628331,0.7149220723086904
8,phase-reversal,4,300,0.1,residual,20000,8;9;10;15,4,643469.396085489,80000,723469.396085489,474328.9155628331,0.6556309335672077
8,phase-reversal,4,300,0.1,oracle,0,0;2;6;7,2,467728.9155628331,0,467728.9155628331,474328.9155628331,1.0141107376097498
8,phase-reversal,4,300,0.1,oracle,5000,0;2;6;7,2,467728.9155628331,10000,477728.9155628331,474328.9155628331,0.9928829930756979
8,phase-reversal,4,300,0.1,oracle,20000,0;2;6;7,2,467728.9155628331,40000,507728.9155628331,474328.9155628331,0.9342168645979615
8,phase-reversal,4,300,1.0,frequency,0,1;2;3;5,1,481728.9155628331,0,481728.9155628331,474328.9155628331,0.9846386634454896
8,phase-reversal,4,300,1.0,frequency,5000,1;2;3;5,1,481728.9155628331,5000,486728.9155628331,474328.9155628331,0.9745238065717523
8,phase-reversal,4,300,1.0,frequency,20000,1;2;3;5,1,481728.9155628331,20000,501728.9155628331,474328.9155628331,0.9453888361820585
8,phase-reversal,4,300,1.0,residual,0,9;11;13;14,4,643749.2472400184,0,643749.2472400184,474328.9155628331,0.7368224780012552
8,phase-reversal,4,300,1.0,residual,5000,9;11;13;14,4,643749.2472400184,20000,663749.2472400184,474328.9155628331,0.7146206455753779
8,phase-reversal,4,300,1.0,residual,20000,9;11;13;14,4,643749.2472400184,80000,723749.2472400184,474328.9155628331,0.6553774216300227
8,phase-reversal,4,300,1.0,oracle,0,0;2;6;7,2,467728.9155628331,0,467728.9155628331,474328.9155628331,1.0141107376097498
8,phase-reversal,4,300,1.0,oracle,5000,0;2;6;7,2,467728.9155628331,10000,477728.9155628331,474328.9155628331,0.9928829930756979
8,phase-reversal,4,300,1.0,oracle,20000,0;2;6;7,2,467728.9155628331,40000,507728.9155628331,474328.9155628331,0.9342168645979615
8,phase-reversal,4,400,0.01,frequency,0,0;2;5;7,2,572025.0760479202,0,572025.0760479202,577125.0760479202,1.008915693058835
8,phase-reversal,4,400,0.01,frequency,5000,0;2;5;7,2,572025.0760479202,10000,582025.0760479202,577125.0760479202,0.9915811187496042
8,phase-reversal,4,400,0.01,frequency,20000,0;2;5;7,2,572025.0760479202,40000,612025.0760479202,577125.0760479202,0.9429761926988962
8,phase-reversal,4,400,0.01,residual,0,8;9;10;11,4,824709.7467963601,0,824709.7467963601,577125.0760479202,0.6997917489029333
8,phase-reversal,4,400,0.01,residual,5000,8;9;10;11,4,824709.7467963601,20000,844709.7467963601,577125.0760479202,0.6832229392838433
8,phase-reversal,4,400,0.01,residual,20000,8;9;10;11,4,824709.7467963601,80000,904709.7467963601,577125.0760479202,0.6379118585729401
8,phase-reversal,4,400,0.01,oracle,0,0;2;6;7,2,567225.0760479202,0,567225.0760479202,577125.0760479202,1.017453389171327
8,phase-reversal,4,400,0.01,oracle,5000,0;2;6;7,2,567225.0760479202,10000,577225.0760479202,577125.0760479202,0.9998267573531547
8,phase-reversal,4,400,0.01,oracle,20000,0;2;6;7,2,567225.0760479202,40000,607225.0760479202,577125.0760479202,0.9504302421172992
8,phase-reversal,4,400,0.1,frequency,0,0;3;4;5,2,577425.0760479202,0,577425.0760479202,577125.0760479202,0.9994804520751795
8,phase-reversal,4,400,0.1,frequency,5000,0;3;4;5,2,577425.0760479202,10000,587425.0760479202,577125.0760479202,0.9824658489738022
8,phase-reversal,4,400,0.1,frequency,20000,0;3;4;5,2,577425.0760479202,40000,617425.0760479202,577125.0760479202,0.9347289224824549
8,phase-reversal,4,400,0.1,residual,0,8;9;10;15,4,824417.4696509717,0,824417.4696509717,577125.0760479202,0.7000398430327464
8,phase-reversal,4,400,0.1,residual,5000,8;9;10;15,4,824417.4696509717,20000,844417.4696509717,577125.0760479202,0.6834594223713383
8,phase-reversal,4,400,0.1,residual,20000,8;9;10;15,4,824417.4696509717,80000,904417.4696509717,577125.0760479202,0.6381180101161043
8,phase-reversal,4,400,0.1,oracle,0,0;2;6;7,2,567225.0760479202,0,567225.0760479202,577125.0760479202,1.017453389171327
8,phase-reversal,4,400,0.1,oracle,5000,0;2;6;7,2,567225.0760479202,10000,577225.0760479202,577125.0760479202,0.9998267573531547
8,phase-reversal,4,400,0.1,oracle,20000,0;2;6;7,2,567225.0760479202,40000,607225.0760479202,577125.0760479202,0.9504302421172992
8,phase-reversal,4,400,1.0,frequency,0,1;2;3;5,1,588225.0760479202,0,588225.0760479202,577125.0760479202,0.9811296722088473
8,phase-reversal,4,400,1.0,frequency,5000,1;2;3;5,1,588225.0760479202,5000,593225.0760479202,577125.0760479202,0.9728602167203406
8,phase-reversal,4,400,1.0,frequency,20000,1;2;3;5,1,588225.0760479202,20000,608225.0760479202,577125.0760479202,0.9488676129532848
8,phase-reversal,4,400,1.0,residual,0,9;11;13;14,4,825159.5667905435,0,825159.5667905435,577125.0760479202,0.699410270782713
8,phase-reversal,4,400,1.0,residual,5000,9;11;13;14,4,825159.5667905435,20000,845159.5667905435,577125.0760479202,0.6828593069584805
8,phase-reversal,4,400,1.0,residual,20000,9;11;13;14,4,825159.5667905435,80000,905159.5667905435,577125.0760479202,0.6375948476070944
8,phase-reversal,4,400,1.0,oracle,0,0;2;6;7,2,567225.0760479202,0,567225.0760479202,577125.0760479202,1.017453389171327
8,phase-reversal,4,400,1.0,oracle,5000,0;2;6;7,2,567225.0760479202,10000,577225.0760479202,577125.0760479202,0.9998267573531547
8,phase-reversal,4,400,1.0,oracle,20000,0;2;6;7,2,567225.0760479202,40000,607225.0760479202,577125.0760479202,0.9504302421172992
8,phase-reversal,8,200,0.01,frequency,0,0;1;2;3;4;5;6;7,0,293297.2774615036,0,293297.2774615036,293297.2774615036,1.0
8,phase-reversal,8,200,0.01,frequency,5000,0;1;2;3;4;5;6;7,0,293297.2774615036,0,293297.2774615036,293297.2774615036,1.0
8,phase-reversal,8,200,0.01,frequency,20000,0;1;2;3;4;5;6;7,0,293297.2774615036,0,293297.2774615036,293297.2774615036,1.0
8,phase-reversal,8,200,0.01,residual,0,0;1;8;9;10;11;14;15,6,421935.37658115185,0,421935.37658115185,293297.2774615036,0.6951236936756191
8,phase-reversal,8,200,0.01,residual,5000,0;1;8;9;10;11;14;15,6,421935.37658115185,30000,451935.37658115185,293297.2774615036,0.6489805681517336
8,phase-reversal,8,200,0.01,residual,20000,0;1;8;9;10;11;14;15,6,421935.37658115185,120000,541935.3765811519,293297.2774615036,0.5412034167464687
8,phase-reversal,8,200,0.01,oracle,0,0;1;2;3;4;5;6;7,0,293297.2774615036,0,293297.2774615036,293297.2774615036,1.0
8,phase-reversal,8,200,0.01,oracle,5000,0;1;2;3;4;5;6;7,0,293297.2774615036,0,293297.2774615036,293297.2774615036,1.0
8,phase-reversal,8,200,0.01,oracle,20000,0;1;2;3;4;5;6;7,0,293297.2774615036,0,293297.2774615036,293297.2774615036,1.0
8,phase-reversal,8,200,0.1,frequency,0,0;1;2;3;4;5;6;7,0,293297.2774615036,0,293297.2774615036,293297.2774615036,1.0
8,phase-reversal,8,200,0.1,frequency,5000,0;1;2;3;4;5;6;7,0,293297.2774615036,0,293297.2774615036,293297.2774615036,1.0
8,phase-reversal,8,200,0.1,frequency,20000,0;1;2;3;4;5;6;7,0,293297.2774615036,0,293297.2774615036,293297.2774615036,1.0
8,phase-reversal,8,200,0.1,residual,0,8;9;10;11;12;13;14;15,8,466200.0,0,466200.0,293297.2774615036,0.6291232892782145
8,phase-reversal,8,200,0.1,residual,5000,8;9;10;11;12;13;14;15,8,466200.0,40000,506200.0,293297.2774615036,0.579409872503958
8,phase-reversal,8,200,0.1,residual,20000,8;9;10;11;12;13;14;15,8,466200.0,160000,626200.0,293297.2774615036,0.46837636132466237
8,phase-reversal,8,200,0.1,oracle,0,0;1;2;3;4;5;6;7,0,293297.2774615036,0,293297.2774615036,293297.2774615036,1.0
8,phase-reversal,8,200,0.1,oracle,5000,0;1;2;3;4;5;6;7,0,293297.2774615036,0,293297.2774615036,293297.2774615036,1.0
8,phase-reversal,8,200,0.1,oracle,20000,0;1;2;3;4;5;6;7,0,293297.2774615036,0,293297.2774615036,293297.2774615036,1.0
8,phase-reversal,8,200,1.0,frequency,0,0;1;2;3;4;5;6;7,0,293297.2774615036,0,293297.2774615036,293297.2774615036,1.0
8,phase-reversal,8,200,1.0,frequency,5000,0;1;2;3;4;5;6;7,0,293297.2774615036,0,293297.2774615036,293297.2774615036,1.0
8,phase-reversal,8,200,1.0,frequency,20000,0;1;2;3;4;5;6;7,0,293297.2774615036,0,293297.2774615036,293297.2774615036,1.0
8,phase-reversal,8,200,1.0,residual,0,8;9;10;11;12;13;14;15,8,466200.0,0,466200.0,293297.2774615036,0.6291232892782145
8,phase-reversal,8,200,1.0,residual,5000,8;9;10;11;12;13;14;15,8,466200.0,40000,506200.0,293297.2774615036,0.579409872503958
8,phase-reversal,8,200,1.0,residual,20000,8;9;10;11;12;13;14;15,8,466200.0,160000,626200.0,293297.2774615036,0.46837636132466237
8,phase-reversal,8,200,1.0,oracle,0,0;1;2;3;4;5;6;7,0,293297.2774615036,0,293297.2774615036,293297.2774615036,1.0
8,phase-reversal,8,200,1.0,oracle,5000,0;1;2;3;4;5;6;7,0,293297.2774615036,0,293297.2774615036,293297.2774615036,1.0
8,phase-reversal,8,200,1.0,oracle,20000,0;1;2;3;4;5;6;7,0,293297.2774615036,0,293297.2774615036,293297.2774615036,1.0
8,phase-reversal,8,300,0.01,frequency,0,0;1;2;3;4;5;6;7,0,301728.9155628331,0,301728.9155628331,301728.9155628331,1.0
8,phase-reversal,8,300,0.01,frequency,5000,0;1;2;3;4;5;6;7,0,301728.9155628331,0,301728.9155628331,301728.9155628331,1.0
8,phase-reversal,8,300,0.01,frequency,20000,0;1;2;3;4;5;6;7,0,301728.9155628331,0,301728.9155628331,301728.9155628331,1.0
8,phase-reversal,8,300,0.01,residual,0,0;5;8;9;10;11;14;15,6,552691.7224336381,0,552691.7224336381,301728.9155628331,0.545926242995365
8,phase-reversal,8,300,0.01,residual,5000,0;5;8;9;10;11;14;15,6,552691.7224336381,30000,582691.7224336381,301728.9155628331,0.5178191210656791
8,phase-reversal,8,300,0.01,residual,20000,0;5;8;9;10;11;14;15,6,552691.7224336381,120000,672691.7224336381,301728.9155628331,0.44853965865857526
8,phase-reversal,8,300,0.01,oracle,0,0;1;2;3;4;5;6;7,0,301728.9155628331,0,301728.9155628331,301728.9155628331,1.0
8,phase-reversal,8,300,0.01,oracle,5000,0;1;2;3;4;5;6;7,0,301728.9155628331,0,301728.9155628331,301728.9155628331,1.0
8,phase-reversal,8,300,0.01,oracle,20000,0;1;2;3;4;5;6;7,0,301728.9155628331,0,301728.9155628331,301728.9155628331,1.0
8,phase-reversal,8,300,0.1,frequency,0,0;1;2;3;4;5;6;7,0,301728.9155628331,0,301728.9155628331,301728.9155628331,1.0
8,phase-reversal,8,300,0.1,frequency,5000,0;1;2;3;4;5;6;7,0,301728.9155628331,0,301728.9155628331,301728.9155628331,1.0
8,phase-reversal,8,300,0.1,frequency,20000,0;1;2;3;4;5;6;7,0,301728.9155628331,0,301728.9155628331,301728.9155628331,1.0
8,phase-reversal,8,300,0.1,residual,0,8;9;10;11;12;13;14;15,8,639300.0,0,639300.0,301728.9155628331,0.47196764517884104
8,phase-reversal,8,300,0.1,residual,5000,8;9;10;11;12;13;14;15,8,639300.0,40000,679300.0,301728.9155628331,0.44417623371534387
8,phase-reversal,8,300,0.1,residual,20000,8;9;10;11;12;13;14;15,8,639300.0,160000,799300.0,301728.9155628331,0.3774914494718292
8,phase-reversal,8,300,0.1,oracle,0,0;1;2;3;4;5;6;7,0,301728.9155628331,0,301728.9155628331,301728.9155628331,1.0
8,phase-reversal,8,300,0.1,oracle,5000,0;1;2;3;4;5;6;7,0,301728.9155628331,0,301728.9155628331,301728.9155628331,1.0
8,phase-reversal,8,300,0.1,oracle,20000,0;1;2;3;4;5;6;7,0,301728.9155628331,0,301728.9155628331,301728.9155628331,1.0
8,phase-reversal,8,300,1.0,frequency,0,0;1;2;3;4;5;6;7,0,301728.9155628331,0,301728.9155628331,301728.9155628331,1.0
8,phase-reversal,8,300,1.0,frequency,5000,0;1;2;3;4;5;6;7,0,301728.9155628331,0,301728.9155628331,301728.9155628331,1.0
8,phase-reversal,8,300,1.0,frequency,20000,0;1;2;3;4;5;6;7,0,301728.9155628331,0,301728.9155628331,301728.9155628331,1.0
8,phase-reversal,8,300,1.0,residual,0,8;9;10;11;12;13;14;15,8,639300.0,0,639300.0,301728.9155628331,0.47196764517884104
8,phase-reversal,8,300,1.0,residual,5000,8;9;10;11;12;13;14;15,8,639300.0,40000,679300.0,301728.9155628331,0.44417623371534387
8,phase-reversal,8,300,1.0,residual,20000,8;9;10;11;12;13;14;15,8,639300.0,160000,799300.0,301728.9155628331,0.3774914494718292
8,phase-reversal,8,300,1.0,oracle,0,0;1;2;3;4;5;6;7,0,301728.9155628331,0,301728.9155628331,301728.9155628331,1.0
8,phase-reversal,8,300,1.0,oracle,5000,0;1;2;3;4;5;6;7,0,301728.9155628331,0,301728.9155628331,301728.9155628331,1.0
8,phase-reversal,8,300,1.0,oracle,20000,0;1;2;3;4;5;6;7,0,301728.9155628331,0,301728.9155628331,301728.9155628331,1.0
8,phase-reversal,8,400,0.01,frequency,0,0;1;2;3;4;5;6;7,0,318225.07604792016,0,318225.07604792016,318225.07604792016,1.0
8,phase-reversal,8,400,0.01,frequency,5000,0;1;2;3;4;5;6;7,0,318225.07604792016,0,318225.07604792016,318225.07604792016,1.0
8,phase-reversal,8,400,0.01,frequency,20000,0;1;2;3;4;5;6;7,0,318225.07604792016,0,318225.07604792016,318225.07604792016,1.0
8,phase-reversal,8,400,0.01,residual,0,0;5;8;9;10;11;14;15,6,685317.0783225264,0,685317.0783225264,318225.07604792016,0.46434721403244517
8,phase-reversal,8,400,0.01,residual,5000,0;5;8;9;10;11;14;15,6,685317.0783225264,30000,715317.0783225264,318225.07604792016,0.44487275040906676
8,phase-reversal,8,400,0.01,residual,20000,0;5;8;9;10;11;14;15,6,685317.0783225264,120000,805317.0783225264,318225.07604792016,0.3951550074050115
8,phase-reversal,8,400,0.01,oracle,0,0;1;2;3;4;5;6;7,0,318225.07604792016,0,318225.07604792016,318225.07604792016,1.0
8,phase-reversal,8,400,0.01,oracle,5000,0;1;2;3;4;5;6;7,0,318225.07604792016,0,318225.07604792016,318225.07604792016,1.0
8,phase-reversal,8,400,0.01,oracle,20000,0;1;2;3;4;5;6;7,0,318225.07604792016,0,318225.07604792016,318225.07604792016,1.0
8,phase-reversal,8,400,0.1,frequency,0,0;1;2;3;4;5;6;7,0,318225.07604792016,0,318225.07604792016,318225.07604792016,1.0
8,phase-reversal,8,400,0.1,frequency,5000,0;1;2;3;4;5;6;7,0,318225.07604792016,0,318225.07604792016,318225.07604792016,1.0
8,phase-reversal,8,400,0.1,frequency,20000,0;1;2;3;4;5;6;7,0,318225.07604792016,0,318225.07604792016,318225.07604792016,1.0
8,phase-reversal,8,400,0.1,residual,0,8;9;10;11;12;13;14;15,8,812400.0,0,812400.0,318225.07604792016,0.39170984250113267
8,phase-reversal,8,400,0.1,residual,5000,8;9;10;11;12;13;14;15,8,812400.0,40000,852400.0,318225.07604792016,0.37332833886428923
8,phase-reversal,8,400,0.1,residual,20000,8;9;10;11;12;13;14;15,8,812400.0,160000,972400.0,318225.07604792016,0.32725737972842467
8,phase-reversal,8,400,0.1,oracle,0,0;1;2;3;4;5;6;7,0,318225.07604792016,0,318225.07604792016,318225.07604792016,1.0
8,phase-reversal,8,400,0.1,oracle,5000,0;1;2;3;4;5;6;7,0,318225.07604792016,0,318225.07604792016,318225.07604792016,1.0
8,phase-reversal,8,400,0.1,oracle,20000,0;1;2;3;4;5;6;7,0,318225.07604792016,0,318225.07604792016,318225.07604792016,1.0
8,phase-reversal,8,400,1.0,frequency,0,0;1;2;3;4;5;6;7,0,318225.07604792016,0,318225.07604792016,318225.07604792016,1.0
8,phase-reversal,8,400,1.0,frequency,5000,0;1;2;3;4;5;6;7,0,318225.07604792016,0,318225.07604792016,318225.07604792016,1.0
8,phase-reversal,8,400,1.0,frequency,20000,0;1;2;3;4;5;6;7,0,318225.07604792016,0,318225.07604792016,318225.07604792016,1.0
8,phase-reversal,8,400,1.0,residual,0,8;9;10;11;12;13;14;15,8,812400.0,0,812400.0,318225.07604792016,0.39170984250113267
8,phase-reversal,8,400,1.0,residual,5000,8;9;10;11;12;13;14;15,8,812400.0,40000,852400.0,318225.07604792016,0.37332833886428923
8,phase-reversal,8,400,1.0,residual,20000,8;9;10;11;12;13;14;15,8,812400.0,160000,972400.0,318225.07604792016,0.32725737972842467
8,phase-reversal,8,400,1.0,oracle,0,0;1;2;3;4;5;6;7,0,318225.07604792016,0,318225.07604792016,318225.07604792016,1.0
8,phase-reversal,8,400,1.0,oracle,5000,0;1;2;3;4;5;6;7,0,318225.07604792016,0,318225.07604792016,318225.07604792016,1.0
8,phase-reversal,8,400,1.0,oracle,20000,0;1;2;3;4;5;6;7,0,318225.07604792016,0,318225.07604792016,318225.07604792016,1.0
9,frequency-aligned,2,200,0.01,frequency,0,2;7,2,555200.0,0,555200.0,556400.0,1.0021613832853027
9,frequency-aligned,2,200,0.01,frequency,5000,2;7,2,555200.0,10000,565200.0,556400.0,0.9844302901627743
9,frequency-aligned,2,200,0.01,frequency,20000,2;7,2,555200.0,40000,595200.0,556400.0,0.9348118279569892
9,frequency-aligned,2,200,0.01,residual,0,2;7,2,555200.0,0,555200.0,556400.0,1.0021613832853027
9,frequency-aligned,2,200,0.01,residual,5000,2;7,2,555200.0,10000,565200.0,556400.0,0.9844302901627743
9,frequency-aligned,2,200,0.01,residual,20000,2;7,2,555200.0,40000,595200.0,556400.0,0.9348118279569892
9,frequency-aligned,2,200,0.01,oracle,0,1;3,1,552900.0,0,552900.0,556400.0,1.0063302586362814
9,frequency-aligned,2,200,0.01,oracle,5000,1;3,1,552900.0,5000,557900.0,556400.0,0.9973113461193762
9,frequency-aligned,2,200,0.01,oracle,20000,1;3,1,552900.0,20000,572900.0,556400.0,0.9711991621574446
9,frequency-aligned,2,200,0.1,frequency,0,6;7,2,555600.0,0,555600.0,556400.0,1.0014398848092152
9,frequency-aligned,2,200,0.1,frequency,5000,6;7,2,555600.0,10000,565600.0,556400.0,0.9837340876944838
9,frequency-aligned,2,200,0.1,frequency,20000,6;7,2,555600.0,40000,595600.0,556400.0,0.9341840161182001
9,frequency-aligned,2,200,0.1,residual,0,6;7,2,555600.0,0,555600.0,556400.0,1.0014398848092152
9,frequency-aligned,2,200,0.1,residual,5000,6;7,2,555600.0,10000,565600.0,556400.0,0.9837340876944838
9,frequency-aligned,2,200,0.1,residual,20000,6;7,2,555600.0,40000,595600.0,556400.0,0.9341840161182001
9,frequency-aligned,2,200,0.1,oracle,0,1;3,1,552900.0,0,552900.0,556400.0,1.0063302586362814
9,frequency-aligned,2,200,0.1,oracle,5000,1;3,1,552900.0,5000,557900.0,556400.0,0.9973113461193762
9,frequency-aligned,2,200,0.1,oracle,20000,1;3,1,552900.0,20000,572900.0,556400.0,0.9711991621574446
9,frequency-aligned,2,200,1.0,frequency,0,3;4,2,555300.0,0,555300.0,556400.0,1.0019809112191609
9,frequency-aligned,2,200,1.0,frequency,5000,3;4,2,555300.0,10000,565300.0,556400.0,0.9842561471784893
9,frequency-aligned,2,200,1.0,frequency,20000,3;4,2,555300.0,40000,595300.0,556400.0,0.9346547959012262
9,frequency-aligned,2,200,1.0,residual,0,3;4,2,555300.0,0,555300.0,556400.0,1.0019809112191609
9,frequency-aligned,2,200,1.0,residual,5000,3;4,2,555300.0,10000,565300.0,556400.0,0.9842561471784893
9,frequency-aligned,2,200,1.0,residual,20000,3;4,2,555300.0,40000,595300.0,556400.0,0.9346547959012262
9,frequency-aligned,2,200,1.0,oracle,0,1;3,1,552900.0,0,552900.0,556400.0,1.0063302586362814
9,frequency-aligned,2,200,1.0,oracle,5000,1;3,1,552900.0,5000,557900.0,556400.0,0.9973113461193762
9,frequency-aligned,2,200,1.0,oracle,20000,1;3,1,552900.0,20000,572900.0,556400.0,0.9711991621574446
9,frequency-aligned,2,300,0.01,frequency,0,2;7,2,750400.0,0,750400.0,752800.0,1.0031982942430704
9,frequency-aligned,2,300,0.01,frequency,5000,2;7,2,750400.0,10000,760400.0,752800.0,0.9900052603892688
9,frequency-aligned,2,300,0.01,frequency,20000,2;7,2,750400.0,40000,790400.0,752800.0,0.9524291497975709
9,frequency-aligned,2,300,0.01,residual,0,2;7,2,750400.0,0,750400.0,752800.0,1.0031982942430704
9,frequency-aligned,2,300,0.01,residual,5000,2;7,2,750400.0,10000,760400.0,752800.0,0.9900052603892688
9,frequency-aligned,2,300,0.01,residual,20000,2;7,2,750400.0,40000,790400.0,752800.0,0.9524291497975709
9,frequency-aligned,2,300,0.01,oracle,0,1;3,1,745800.0,0,745800.0,752800.0,1.0093858943416465
9,frequency-aligned,2,300,0.01,oracle,5000,1;3,1,745800.0,5000,750800.0,752800.0,1.0026638252530633
9,frequency-aligned,2,300,0.01,oracle,20000,1;3,1,745800.0,20000,765800.0,752800.0,0.9830242883259337
9,frequency-aligned,2,300,0.1,frequency,0,6;7,2,751200.0,0,751200.0,752800.0,1.0021299254526093
9,frequency-aligned,2,300,0.1,frequency,5000,6;7,2,751200.0,10000,761200.0,752800.0,0.9889647924330005
9,frequency-aligned,2,300,0.1,frequency,20000,6;7,2,751200.0,40000,791200.0,752800.0,0.9514661274014156
9,frequency-aligned,2,300,0.1,residual,0,6;7,2,751200.0,0,751200.0,752800.0,1.0021299254526093
9,frequency-aligned,2,300,0.1,residual,5000,6;7,2,751200.0,10000,761200.0,752800.0,0.9889647924330005
9,frequency-aligned,2,300,0.1,residual,20000,6;7,2,751200.0,40000,791200.0,752800.0,0.9514661274014156
9,frequency-aligned,2,300,0.1,oracle,0,1;3,1,745800.0,0,745800.0,752800.0,1.0093858943416465
9,frequency-aligned,2,300,0.1,oracle,5000,1;3,1,745800.0,5000,750800.0,752800.0,1.0026638252530633
9,frequency-aligned,2,300,0.1,oracle,20000,1;3,1,745800.0,20000,765800.0,752800.0,0.9830242883259337
9,frequency-aligned,2,300,1.0,frequency,0,3;4,2,750600.0,0,750600.0,752800.0,1.0029309885424993
9,frequency-aligned,2,300,1.0,frequency,5000,3;4,2,750600.0,10000,760600.0,752800.0,0.989744938206679
9,frequency-aligned,2,300,1.0,frequency,20000,3;4,2,750600.0,40000,790600.0,752800.0,0.9521882114849481
9,frequency-aligned,2,300,1.0,residual,0,3;4,2,750600.0,0,750600.0,752800.0,1.0029309885424993
9,frequency-aligned,2,300,1.0,residual,5000,3;4,2,750600.0,10000,760600.0,752800.0,0.989744938206679
9,frequency-aligned,2,300,1.0,residual,20000,3;4,2,750600.0,40000,790600.0,752800.0,0.9521882114849481
9,frequency-aligned,2,300,1.0,oracle,0,1;3,1,745800.0,0,745800.0,752800.0,1.0093858943416465
9,frequency-aligned,2,300,1.0,oracle,5000,1;3,1,745800.0,5000,750800.0,752800.0,1.0026638252530633
9,frequency-aligned,2,300,1.0,oracle,20000,1;3,1,745800.0,20000,765800.0,752800.0,0.9830242883259337
9,frequency-aligned,2,400,0.01,frequency,0,2;7,2,945600.0,0,945600.0,949200.0,1.0038071065989849
9,frequency-aligned,2,400,0.01,frequency,5000,2;7,2,945600.0,10000,955600.0,949200.0,0.9933026370866471
9,frequency-aligned,2,400,0.01,frequency,20000,2;7,2,945600.0,40000,985600.0,949200.0,0.9630681818181818
9,frequency-aligned,2,400,0.01,residual,0,2;7,2,945600.0,0,945600.0,949200.0,1.0038071065989849
9,frequency-aligned,2,400,0.01,residual,5000,2;7,2,945600.0,10000,955600.0,949200.0,0.9933026370866471
9,frequency-aligned,2,400,0.01,residual,20000,2;7,2,945600.0,40000,985600.0,949200.0,0.9630681818181818
9,frequency-aligned,2,400,0.01,oracle,0,1;3,1,938700.0,0,938700.0,949200.0,1.0111856823266219
9,frequency-aligned,2,400,0.01,oracle,5000,1;3,1,938700.0,5000,943700.0,949200.0,1.0058281233442832
9,frequency-aligned,2,400,0.01,oracle,20000,1;3,1,938700.0,20000,958700.0,949200.0,0.9900907478877646
9,frequency-aligned,2,400,0.1,frequency,0,6;7,2,946800.0,0,946800.0,949200.0,1.002534854245881
9,frequency-aligned,2,400,0.1,frequency,5000,6;7,2,946800.0,10000,956800.0,949200.0,0.992056856187291
9,frequency-aligned,2,400,0.1,frequency,20000,6;7,2,946800.0,40000,986800.0,949200.0,0.9618970409404135
9,frequency-aligned,2,400,0.1,residual,0,6;7,2,946800.0,0,946800.0,949200.0,1.002534854245881
9,frequency-aligned,2,400,0.1,residual,5000,6;7,2,946800.0,10000,956800.0,949200.0,0.992056856187291
9,frequency-aligned,2,400,0.1,residual,20000,6;7,2,946800.0,40000,986800.0,949200.0,0.9618970409404135
9,frequency-aligned,2,400,0.1,oracle,0,1;3,1,938700.0,0,938700.0,949200.0,1.0111856823266219
9,frequency-aligned,2,400,0.1,oracle,5000,1;3,1,938700.0,5000,943700.0,949200.0,1.0058281233442832
9,frequency-aligned,2,400,0.1,oracle,20000,1;3,1,938700.0,20000,958700.0,949200.0,0.9900907478877646
9,frequency-aligned,2,400,1.0,frequency,0,3;4,2,945900.0,0,945900.0,949200.0,1.0034887408817
9,frequency-aligned,2,400,1.0,frequency,5000,3;4,2,945900.0,10000,955900.0,949200.0,0.9929908986295638
9,frequency-aligned,2,400,1.0,frequency,20000,3;4,2,945900.0,40000,985900.0,949200.0,0.9627751293234608
9,frequency-aligned,2,400,1.0,residual,0,3;4,2,945900.0,0,945900.0,949200.0,1.0034887408817
9,frequency-aligned,2,400,1.0,residual,5000,3;4,2,945900.0,10000,955900.0,949200.0,0.9929908986295638
9,frequency-aligned,2,400,1.0,residual,20000,3;4,2,945900.0,40000,985900.0,949200.0,0.9627751293234608
9,frequency-aligned,2,400,1.0,oracle,0,1;3,1,938700.0,0,938700.0,949200.0,1.0111856823266219
9,frequency-aligned,2,400,1.0,oracle,5000,1;3,1,938700.0,5000,943700.0,949200.0,1.0058281233442832
9,frequency-aligned,2,400,1.0,oracle,20000,1;3,1,938700.0,20000,958700.0,949200.0,0.9900907478877646
9,frequency-aligned,4,200,0.01,frequency,0,0;2;7;14,2,528800.0,0,528800.0,511100.0,0.9665279878971256
9,frequency-aligned,4,200,0.01,frequency,5000,0;2;7;14,2,528800.0,10000,538800.0,511100.0,0.9485894580549369
9,frequency-aligned,4,200,0.01,frequency,20000,0;2;7;14,2,528800.0,40000,568800.0,511100.0,0.8985583684950773
9,frequency-aligned,4,200,0.01,residual,0,0;2;7;14,2,528800.0,0,528800.0,511100.0,0.9665279878971256
9,frequency-aligned,4,200,0.01,residual,5000,0;2;7;14,2,528800.0,10000,538800.0,511100.0,0.9485894580549369
9,frequency-aligned,4,200,0.01,residual,20000,0;2;7;14,2,528800.0,40000,568800.0,511100.0,0.8985583684950773
9,frequency-aligned,4,200,0.01,oracle,0,1;2;3;7,1,508100.0,0,508100.0,511100.0,1.0059043495374926
9,frequency-aligned,4,200,0.01,oracle,5000,1;2;3;7,1,508100.0,5000,513100.0,511100.0,0.9961021243422334
9,frequency-aligned,4,200,0.01,oracle,20000,1;2;3;7,1,508100.0,20000,528100.0,511100.0,0.967809127059269
9,frequency-aligned,4,200,0.1,frequency,0,3;4;6;7,3,510900.0,0,510900.0,511100.0,1.000391466040321
9,frequency-aligned,4,200,0.1,frequency,5000,3;4;6;7,3,510900.0,15000,525900.0,511100.0,0.9718577676364328
9,frequency-aligned,4,200,0.1,frequency,20000,3;4;6;7,3,510900.0,60000,570900.0,511100.0,0.8952531091259415
9,frequency-aligned,4,200,0.1,residual,0,3;4;6;7,3,510900.0,0,510900.0,511100.0,1.000391466040321
9,frequency-aligned,4,200,0.1,residual,5000,3;4;6;7,3,510900.0,15000,525900.0,511100.0,0.9718577676364328
9,frequency-aligned,4,200,0.1,residual,20000,3;4;6;7,3,510900.0,60000,570900.0,511100.0,0.8952531091259415
9,frequency-aligned,4,200,0.1,oracle,0,1;2;3;7,1,508100.0,0,508100.0,511100.0,1.0059043495374926
9,frequency-aligned,4,200,0.1,oracle,5000,1;2;3;7,1,508100.0,5000,513100.0,511100.0,0.9961021243422334
9,frequency-aligned,4,200,0.1,oracle,20000,1;2;3;7,1,508100.0,20000,528100.0,511100.0,0.967809127059269
9,frequency-aligned,4,200,1.0,frequency,0,1;3;4;6,2,508900.0,0,508900.0,511100.0,1.0043230497150717
9,frequency-aligned,4,200,1.0,frequency,5000,1;3;4;6,2,508900.0,10000,518900.0,511100.0,0.9849682019656967
9,frequency-aligned,4,200,1.0,frequency,20000,1;3;4;6,2,508900.0,40000,548900.0,511100.0,0.9311349972672618
9,frequency-aligned,4,200,1.0,residual,0,1;3;4;6,2,508900.0,0,508900.0,511100.0,1.0043230497150717
9,frequency-aligned,4,200,1.0,residual,5000,1;3;4;6,2,508900.0,10000,518900.0,511100.0,0.9849682019656967
9,frequency-aligned,4,200,1.0,residual,20000,1;3;4;6,2,508900.0,40000,548900.0,511100.0,0.9311349972672618
9,frequency-aligned,4,200,1.0,oracle,0,1;2;3;7,1,508100.0,0,508100.0,511100.0,1.0059043495374926
9,frequency-aligned,4,200,1.0,oracle,5000,1;2;3;7,1,508100.0,5000,513100.0,511100.0,0.9961021243422334
9,frequency-aligned,4,200,1.0,oracle,20000,1;2;3;7,1,508100.0,20000,528100.0,511100.0,0.967809127059269
9,frequency-aligned,4,300,0.01,frequency,0,0;2;7;14,2,697600.0,0,697600.0,662200.0,0.9492545871559633
9,frequency-aligned,4,300,0.01,frequency,5000,0;2;7;14,2,697600.0,10000,707600.0,662200.0,0.9358394573205201
9,frequency-aligned,4,300,0.01,frequency,20000,0;2;7;14,2,697600.0,40000,737600.0,662200.0,0.8977765726681128
9,frequency-aligned,4,300,0.01,residual,0,0;2;7;14,2,697600.0,0,697600.0,662200.0,0.9492545871559633
9,frequency-aligned,4,300,0.01,residual,5000,0;2;7;14,2,697600.0,10000,707600.0,662200.0,0.9358394573205201
9,frequency-aligned,4,300,0.01,residual,20000,0;2;7;14,2,697600.0,40000,737600.0,662200.0,0.8977765726681128
9,frequency-aligned,4,300,0.01,oracle,0,1;2;3;7,1,656200.0,0,656200.0,662200.0,1.0091435537945748
9,frequency-aligned,4,300,0.01,oracle,5000,1;2;3;7,1,656200.0,5000,661200.0,662200.0,1.0015124016938899
9,frequency-aligned,4,300,0.01,oracle,20000,1;2;3;7,1,656200.0,20000,676200.0,662200.0,0.979296066252588
9,frequency-aligned,4,300,0.1,frequency,0,3;4;6;7,3,661800.0,0,661800.0,662200.0,1.0006044122091267
9,frequency-aligned,4,300,0.1,frequency,5000,3;4;6;7,3,661800.0,15000,676800.0,662200.0,0.9784278959810875
9,frequency-aligned,4,300,0.1,frequency,20000,3;4;6;7,3,661800.0,60000,721800.0,662200.0,0.9174286505957329
9,frequency-aligned,4,300,0.1,residual,0,3;4;6;7,3,661800.0,0,661800.0,662200.0,1.0006044122091267
9,frequency-aligned,4,300,0.1,residual,5000,3;4;6;7,3,661800.0,15000,676800.0,662200.0,0.9784278959810875
9,frequency-aligned,4,300,0.1,residual,20000,3;4;6;7,3,661800.0,60000,721800.0,662200.0,0.9174286505957329
9,frequency-aligned,4,300,0.1,oracle,0,1;2;3;7,1,656200.0,0,656200.0,662200.0,1.0091435537945748
9,frequency-aligned,4,300,0.1,oracle,5000,1;2;3;7,1,656200.0,5000,661200.0,662200.0,1.0015124016938899
9,frequency-aligned,4,300,0.1,oracle,20000,1;2;3;7,1,656200.0,20000,676200.0,662200.0,0.979296066252588
9,frequency-aligned,4,300,1.0,frequency,0,1;3;4;6,2,657800.0,0,657800.0,662200.0,1.0066889632107023
9,frequency-aligned,4,300,1.0,frequency,5000,1;3;4;6,2,657800.0,10000,667800.0,662200.0,0.9916142557651991
9,frequency-aligned,4,300,1.0,frequency,20000,1;3;4;6,2,657800.0,40000,697800.0,662200.0,0.9489825164803669
9,frequency-aligned,4,300,1.0,residual,0,1;3;4;6,2,657800.0,0,657800.0,662200.0,1.0066889632107023
9,frequency-aligned,4,300,1.0,residual,5000,1;3;4;6,2,657800.0,10000,667800.0,662200.0,0.9916142557651991
9,frequency-aligned,4,300,1.0,residual,20000,1;3;4;6,2,657800.0,40000,697800.0,662200.0,0.9489825164803669
9,frequency-aligned,4,300,1.0,oracle,0,1;2;3;7,1,656200.0,0,656200.0,662200.0,1.0091435537945748
9,frequency-aligned,4,300,1.0,oracle,5000,1;2;3;7,1,656200.0,5000,661200.0,662200.0,1.0015124016938899
9,frequency-aligned,4,300,1.0,oracle,20000,1;2;3;7,1,656200.0,20000,676200.0,662200.0,0.979296066252588
9,frequency-aligned,4,400,0.01,frequency,0,0;2;7;14,2,866400.0,0,866400.0,813300.0,0.9387119113573407
9,frequency-aligned,4,400,0.01,frequency,5000,0;2;7;14,2,866400.0,10000,876400.0,813300.0,0.9280009128251939
9,frequency-aligned,4,400,0.01,frequency,20000,0;2;7;14,2,866400.0,40000,906400.0,813300.0,0.8972859664607238
9,frequency-aligned,4,400,0.01,residual,0,0;2;7;14,2,866400.0,0,866400.0,813300.0,0.9387119113573407
9,frequency-aligned,4,400,0.01,residual,5000,0;2;7;14,2,866400.0,10000,876400.0,813300.0,0.9280009128251939
9,frequency-aligned,4,400,0.01,residual,20000,0;2;7;14,2,866400.0,40000,906400.0,813300.0,0.8972859664607238
9,frequency-aligned,4,400,0.01,oracle,0,1;2;3;7,1,804300.0,0,804300.0,813300.0,1.0111898545318911
9,frequency-aligned,4,400,0.01,oracle,5000,1;2;3;7,1,804300.0,5000,809300.0,813300.0,1.0049425429383418
9,frequency-aligned,4,400,0.01,oracle,20000,1;2;3;7,1,804300.0,20000,824300.0,813300.0,0.9866553439281814
9,frequency-aligned,4,400,0.1,frequency,0,3;4;6;7,3,812700.0,0,812700.0,813300.0,1.0007382798080473
9,frequency-aligned,4,400,0.1,frequency,5000,3;4;6;7,3,812700.0,15000,827700.0,813300.0,0.9826023921710765
9,frequency-aligned,4,400,0.1,frequency,20000,3;4;6;7,3,812700.0,60000,872700.0,813300.0,0.9319353729804056
9,frequency-aligned,4,400,0.1,residual,0,3;4;6;7,3,812700.0,0,812700.0,813300.0,1.0007382798080473
9,frequency-aligned,4,400,0.1,residual,5000,3;4;6;7,3,812700.0,15000,827700.0,813300.0,0.9826023921710765
9,frequency-aligned,4,400,0.1,residual,20000,3;4;6;7,3,812700.0,60000,872700.0,813300.0,0.9319353729804056
9,frequency-aligned,4,400,0.1,oracle,0,1;2;3;7,1,804300.0,0,804300.0,813300.0,1.0111898545318911
9,frequency-aligned,4,400,0.1,oracle,5000,1;2;3;7,1,804300.0,5000,809300.0,813300.0,1.0049425429383418
9,frequency-aligned,4,400,0.1,oracle,20000,1;2;3;7,1,804300.0,20000,824300.0,813300.0,0.9866553439281814
9,frequency-aligned,4,400,1.0,frequency,0,1;3;4;6,2,806700.0,0,806700.0,813300.0,1.008181480104128
9,frequency-aligned,4,400,1.0,frequency,5000,1;3;4;6,2,806700.0,10000,816700.0,813300.0,0.9958369046161382
9,frequency-aligned,4,400,1.0,frequency,20000,1;3;4;6,2,806700.0,40000,846700.0,813300.0,0.9605527341443251
9,frequency-aligned,4,400,1.0,residual,0,1;3;4;6,2,806700.0,0,806700.0,813300.0,1.008181480104128
9,frequency-aligned,4,400,1.0,residual,5000,1;3;4;6,2,806700.0,10000,816700.0,813300.0,0.9958369046161382
9,frequency-aligned,4,400,1.0,residual,20000,1;3;4;6,2,806700.0,40000,846700.0,813300.0,0.9605527341443251
9,frequency-aligned,4,400,1.0,oracle,0,1;2;3;7,1,804300.0,0,804300.0,813300.0,1.0111898545318911
9,frequency-aligned,4,400,1.0,oracle,5000,1;2;3;7,1,804300.0,5000,809300.0,813300.0,1.0049425429383418
9,frequency-aligned,4,400,1.0,oracle,20000,1;2;3;7,1,804300.0,20000,824300.0,813300.0,0.9866553439281814
9,frequency-aligned,8,200,0.01,frequency,0,0;2;3;4;5;7;10;14,2,453200.0,0,453200.0,423400.0,0.9342453662842012
9,frequency-aligned,8,200,0.01,frequency,5000,0;2;3;4;5;7;10;14,2,453200.0,10000,463200.0,423400.0,0.9140759930915371
9,frequency-aligned,8,200,0.01,frequency,20000,0;2;3;4;5;7;10;14,2,453200.0,40000,493200.0,423400.0,0.8584752635847527
9,frequency-aligned,8,200,0.01,residual,0,0;2;3;4;5;7;10;14,2,453200.0,0,453200.0,423400.0,0.9342453662842012
9,frequency-aligned,8,200,0.01,residual,5000,0;2;3;4;5;7;10;14,2,453200.0,10000,463200.0,423400.0,0.9140759930915371
9,frequency-aligned,8,200,0.01,residual,20000,0;2;3;4;5;7;10;14,2,453200.0,40000,493200.0,423400.0,0.8584752635847527
9,frequency-aligned,8,200,0.01,oracle,0,0;1;2;3;4;5;6;7,0,423400.0,0,423400.0,423400.0,1.0
9,frequency-aligned,8,200,0.01,oracle,5000,0;1;2;3;4;5;6;7,0,423400.0,0,423400.0,423400.0,1.0
9,frequency-aligned,8,200,0.01,oracle,20000,0;1;2;3;4;5;6;7,0,423400.0,0,423400.0,423400.0,1.0
9,frequency-aligned,8,200,0.1,frequency,0,0;1;2;3;4;5;6;7,0,423400.0,0,423400.0,423400.0,1.0
9,frequency-aligned,8,200,0.1,frequency,5000,0;1;2;3;4;5;6;7,0,423400.0,0,423400.0,423400.0,1.0
9,frequency-aligned,8,200,0.1,frequency,20000,0;1;2;3;4;5;6;7,0,423400.0,0,423400.0,423400.0,1.0
9,frequency-aligned,8,200,0.1,residual,0,0;1;2;3;4;5;6;7,0,423400.0,0,423400.0,423400.0,1.0
9,frequency-aligned,8,200,0.1,residual,5000,0;1;2;3;4;5;6;7,0,423400.0,0,423400.0,423400.0,1.0
9,frequency-aligned,8,200,0.1,residual,20000,0;1;2;3;4;5;6;7,0,423400.0,0,423400.0,423400.0,1.0
9,frequency-aligned,8,200,0.1,oracle,0,0;1;2;3;4;5;6;7,0,423400.0,0,423400.0,423400.0,1.0
9,frequency-aligned,8,200,0.1,oracle,5000,0;1;2;3;4;5;6;7,0,423400.0,0,423400.0,423400.0,1.0
9,frequency-aligned,8,200,0.1,oracle,20000,0;1;2;3;4;5;6;7,0,423400.0,0,423400.0,423400.0,1.0
9,frequency-aligned,8,200,1.0,frequency,0,0;1;2;3;4;5;6;7,0,423400.0,0,423400.0,423400.0,1.0
9,frequency-aligned,8,200,1.0,frequency,5000,0;1;2;3;4;5;6;7,0,423400.0,0,423400.0,423400.0,1.0
9,frequency-aligned,8,200,1.0,frequency,20000,0;1;2;3;4;5;6;7,0,423400.0,0,423400.0,423400.0,1.0
9,frequency-aligned,8,200,1.0,residual,0,0;1;2;3;4;5;6;7,0,423400.0,0,423400.0,423400.0,1.0
9,frequency-aligned,8,200,1.0,residual,5000,0;1;2;3;4;5;6;7,0,423400.0,0,423400.0,423400.0,1.0
9,frequency-aligned,8,200,1.0,residual,20000,0;1;2;3;4;5;6;7,0,423400.0,0,423400.0,423400.0,1.0
9,frequency-aligned,8,200,1.0,oracle,0,0;1;2;3;4;5;6;7,0,423400.0,0,423400.0,423400.0,1.0
9,frequency-aligned,8,200,1.0,oracle,5000,0;1;2;3;4;5;6;7,0,423400.0,0,423400.0,423400.0,1.0
9,frequency-aligned,8,200,1.0,oracle,20000,0;1;2;3;4;5;6;7,0,423400.0,0,423400.0,423400.0,1.0
9,frequency-aligned,8,300,0.01,frequency,0,0;2;3;4;5;7;10;14,2,546400.0,0,546400.0,486800.0,0.8909224011713031
9,frequency-aligned,8,300,0.01,frequency,5000,0;2;3;4;5;7;10;14,2,546400.0,10000,556400.0,486800.0,0.8749101365923796
9,frequency-aligned,8,300,0.01,frequency,20000,0;2;3;4;5;7;10;14,2,546400.0,40000,586400.0,486800.0,0.830150068212824
9,frequency-aligned,8,300,0.01,residual,0,0;2;3;4;5;7;10;14,2,546400.0,0,546400.0,486800.0,0.8909224011713031
9,frequency-aligned,8,300,0.01,residual,5000,0;2;3;4;5;7;10;14,2,546400.0,10000,556400.0,486800.0,0.8749101365923796
9,frequency-aligned,8,300,0.01,residual,20000,0;2;3;4;5;7;10;14,2,546400.0,40000,586400.0,486800.0,0.830150068212824
9,frequency-aligned,8,300,0.01,oracle,0,0;1;2;3;4;5;6;7,0,486800.0,0,486800.0,486800.0,1.0
9,frequency-aligned,8,300,0.01,oracle,5000,0;1;2;3;4;5;6;7,0,486800.0,0,486800.0,486800.0,1.0
9,frequency-aligned,8,300,0.01,oracle,20000,0;1;2;3;4;5;6;7,0,486800.0,0,486800.0,486800.0,1.0
9,frequency-aligned,8,300,0.1,frequency,0,0;1;2;3;4;5;6;7,0,486800.0,0,486800.0,486800.0,1.0
9,frequency-aligned,8,300,0.1,frequency,5000,0;1;2;3;4;5;6;7,0,486800.0,0,486800.0,486800.0,1.0
9,frequency-aligned,8,300,0.1,frequency,20000,0;1;2;3;4;5;6;7,0,486800.0,0,486800.0,486800.0,1.0
9,frequency-aligned,8,300,0.1,residual,0,0;1;2;3;4;5;6;7,0,486800.0,0,486800.0,486800.0,1.0
9,frequency-aligned,8,300,0.1,residual,5000,0;1;2;3;4;5;6;7,0,486800.0,0,486800.0,486800.0,1.0
9,frequency-aligned,8,300,0.1,residual,20000,0;1;2;3;4;5;6;7,0,486800.0,0,486800.0,486800.0,1.0
9,frequency-aligned,8,300,0.1,oracle,0,0;1;2;3;4;5;6;7,0,486800.0,0,486800.0,486800.0,1.0
9,frequency-aligned,8,300,0.1,oracle,5000,0;1;2;3;4;5;6;7,0,486800.0,0,486800.0,486800.0,1.0
9,frequency-aligned,8,300,0.1,oracle,20000,0;1;2;3;4;5;6;7,0,486800.0,0,486800.0,486800.0,1.0
9,frequency-aligned,8,300,1.0,frequency,0,0;1;2;3;4;5;6;7,0,486800.0,0,486800.0,486800.0,1.0
9,frequency-aligned,8,300,1.0,frequency,5000,0;1;2;3;4;5;6;7,0,486800.0,0,486800.0,486800.0,1.0
9,frequency-aligned,8,300,1.0,frequency,20000,0;1;2;3;4;5;6;7,0,486800.0,0,486800.0,486800.0,1.0
9,frequency-aligned,8,300,1.0,residual,0,0;1;2;3;4;5;6;7,0,486800.0,0,486800.0,486800.0,1.0
9,frequency-aligned,8,300,1.0,residual,5000,0;1;2;3;4;5;6;7,0,486800.0,0,486800.0,486800.0,1.0
9,frequency-aligned,8,300,1.0,residual,20000,0;1;2;3;4;5;6;7,0,486800.0,0,486800.0,486800.0,1.0
9,frequency-aligned,8,300,1.0,oracle,0,0;1;2;3;4;5;6;7,0,486800.0,0,486800.0,486800.0,1.0
9,frequency-aligned,8,300,1.0,oracle,5000,0;1;2;3;4;5;6;7,0,486800.0,0,486800.0,486800.0,1.0
9,frequency-aligned,8,300,1.0,oracle,20000,0;1;2;3;4;5;6;7,0,486800.0,0,486800.0,486800.0,1.0
9,frequency-aligned,8,400,0.01,frequency,0,0;2;3;4;5;7;10;14,2,639600.0,0,639600.0,550200.0,0.8602251407129456
9,frequency-aligned,8,400,0.01,frequency,5000,0;2;3;4;5;7;10;14,2,639600.0,10000,649600.0,550200.0,0.8469827586206896
9,frequency-aligned,8,400,0.01,frequency,20000,0;2;3;4;5;7;10;14,2,639600.0,40000,679600.0,550200.0,0.8095938787522072
9,frequency-aligned,8,400,0.01,residual,0,0;2;3;4;5;7;10;14,2,639600.0,0,639600.0,550200.0,0.8602251407129456
9,frequency-aligned,8,400,0.01,residual,5000,0;2;3;4;5;7;10;14,2,639600.0,10000,649600.0,550200.0,0.8469827586206896
9,frequency-aligned,8,400,0.01,residual,20000,0;2;3;4;5;7;10;14,2,639600.0,40000,679600.0,550200.0,0.8095938787522072
9,frequency-aligned,8,400,0.01,oracle,0,0;1;2;3;4;5;6;7,0,550200.0,0,550200.0,550200.0,1.0
9,frequency-aligned,8,400,0.01,oracle,5000,0;1;2;3;4;5;6;7,0,550200.0,0,550200.0,550200.0,1.0
9,frequency-aligned,8,400,0.01,oracle,20000,0;1;2;3;4;5;6;7,0,550200.0,0,550200.0,550200.0,1.0
9,frequency-aligned,8,400,0.1,frequency,0,0;1;2;3;4;5;6;7,0,550200.0,0,550200.0,550200.0,1.0
9,frequency-aligned,8,400,0.1,frequency,5000,0;1;2;3;4;5;6;7,0,550200.0,0,550200.0,550200.0,1.0
9,frequency-aligned,8,400,0.1,frequency,20000,0;1;2;3;4;5;6;7,0,550200.0,0,550200.0,550200.0,1.0
9,frequency-aligned,8,400,0.1,residual,0,0;1;2;3;4;5;6;7,0,550200.0,0,550200.0,550200.0,1.0
9,frequency-aligned,8,400,0.1,residual,5000,0;1;2;3;4;5;6;7,0,550200.0,0,550200.0,550200.0,1.0
9,frequency-aligned,8,400,0.1,residual,20000,0;1;2;3;4;5;6;7,0,550200.0,0,550200.0,550200.0,1.0
9,frequency-aligned,8,400,0.1,oracle,0,0;1;2;3;4;5;6;7,0,550200.0,0,550200.0,550200.0,1.0
9,frequency-aligned,8,400,0.1,oracle,5000,0;1;2;3;4;5;6;7,0,550200.0,0,550200.0,550200.0,1.0
9,frequency-aligned,8,400,0.1,oracle,20000,0;1;2;3;4;5;6;7,0,550200.0,0,550200.0,550200.0,1.0
9,frequency-aligned,8,400,1.0,frequency,0,0;1;2;3;4;5;6;7,0,550200.0,0,550200.0,550200.0,1.0
9,frequency-aligned,8,400,1.0,frequency,5000,0;1;2;3;4;5;6;7,0,550200.0,0,550200.0,550200.0,1.0
9,frequency-aligned,8,400,1.0,frequency,20000,0;1;2;3;4;5;6;7,0,550200.0,0,550200.0,550200.0,1.0
9,frequency-aligned,8,400,1.0,residual,0,0;1;2;3;4;5;6;7,0,550200.0,0,550200.0,550200.0,1.0
9,frequency-aligned,8,400,1.0,residual,5000,0;1;2;3;4;5;6;7,0,550200.0,0,550200.0,550200.0,1.0
9,frequency-aligned,8,400,1.0,residual,20000,0;1;2;3;4;5;6;7,0,550200.0,0,550200.0,550200.0,1.0
9,frequency-aligned,8,400,1.0,oracle,0,0;1;2;3;4;5;6;7,0,550200.0,0,550200.0,550200.0,1.0
9,frequency-aligned,8,400,1.0,oracle,5000,0;1;2;3;4;5;6;7,0,550200.0,0,550200.0,550200.0,1.0
9,frequency-aligned,8,400,1.0,oracle,20000,0;1;2;3;4;5;6;7,0,550200.0,0,550200.0,550200.0,1.0
9,prefetch-hidden,2,200,0.01,frequency,0,3;4,2,250066.24213506843,0,250066.24213506843,250068.30447856395,1.0000082471887366
9,prefetch-hidden,2,200,0.01,frequency,5000,3;4,2,250066.24213506843,10000,260066.24213506843,250068.30447856395,0.9615561882448705
9,prefetch-hidden,2,200,0.01,frequency,20000,3;4,2,250066.24213506843,40000,290066.2421350684,250068.30447856395,0.8621075745936697
9,prefetch-hidden,2,200,0.01,residual,0,9;10,2,231117.5678519827,0,231117.5678519827,250068.30447856395,1.0819960888421867
9,prefetch-hidden,2,200,0.01,residual,5000,9;10,2,231117.5678519827,10000,241117.5678519827,250068.30447856395,1.0371218767106838
9,prefetch-hidden,2,200,0.01,residual,20000,9;10,2,231117.5678519827,40000,271117.56785198266,250068.30447856395,0.9223611234779495
9,prefetch-hidden,2,200,0.01,oracle,0,9;10,2,231117.5678519827,0,231117.5678519827,250068.30447856395,1.0819960888421867
9,prefetch-hidden,2,200,0.01,oracle,5000,9;10,2,231117.5678519827,10000,241117.5678519827,250068.30447856395,1.0371218767106838
9,prefetch-hidden,2,200,0.01,oracle,20000,9;10,2,231117.5678519827,40000,271117.56785198266,250068.30447856395,0.9223611234779495
9,prefetch-hidden,2,200,0.1,frequency,0,4;5,2,250051.20657047123,0,250051.20657047123,250068.30447856395,1.0000683776268358
9,prefetch-hidden,2,200,0.1,frequency,5000,4;5,2,250051.20657047123,10000,260051.20657047123,250068.30447856395,0.9616117832193098
9,prefetch-hidden,2,200,0.1,frequency,20000,4;5,2,250051.20657047123,40000,290051.20657047123,250068.30447856395,0.8621522641996217
9,prefetch-hidden,2,200,0.1,residual,0,8;12,2,234517.5678519827,0,234517.5678519827,250068.30447856395,1.0663094742496912
9,prefetch-hidden,2,200,0.1,residual,5000,8;12,2,234517.5678519827,10000,244517.5678519827,250068.30447856395,1.0227007681915983
9,prefetch-hidden,2,200,0.1,residual,20000,8;12,2,234517.5678519827,40000,274517.56785198266,250068.30447856395,0.9109373452317575
9,prefetch-hidden,2,200,0.1,oracle,0,9;10,2,231117.5678519827,0,231117.5678519827,250068.30447856395,1.0819960888421867
9,prefetch-hidden,2,200,0.1,oracle,5000,9;10,2,231117.5678519827,10000,241117.5678519827,250068.30447856395,1.0371218767106838
9,prefetch-hidden,2,200,0.1,oracle,20000,9;10,2,231117.5678519827,40000,271117.56785198266,250068.30447856395,0.9223611234779495
9,prefetch-hidden,2,200,1.0,frequency,0,1;4,1,250064.16965441476,0,250064.16965441476,250068.30447856395,1.0000165350524024
9,prefetch-hidden,2,200,1.0,frequency,5000,1;4,1,250064.16965441476,5000,255064.16965441476,250068.30447856395,0.9804133007681177
9,prefetch-hidden,2,200,1.0,frequency,20000,1;4,1,250064.16965441476,20000,270064.16965441476,250068.30447856395,0.9259588371110528
9,prefetch-hidden,2,200,1.0,residual,0,8;9,2,232417.5678519827,0,232417.5678519827,250068.30447856395,1.0759440725144422
9,prefetch-hidden,2,200,1.0,residual,5000,8;9,2,232417.5678519827,10000,242417.5678519827,250068.30447856395,1.0315601575181743
9,prefetch-hidden,2,200,1.0,residual,20000,8;9,2,232417.5678519827,40000,272417.56785198266,250068.30447856395,0.917959537082564
9,prefetch-hidden,2,200,1.0,oracle,0,9;10,2,231117.5678519827,0,231117.5678519827,250068.30447856395,1.0819960888421867
9,prefetch-hidden,2,200,1.0,oracle,5000,9;10,2,231117.5678519827,10000,241117.5678519827,250068.30447856395,1.0371218767106838
9,prefetch-hidden,2,200,1.0,oracle,20000,9;10,2,231117.5678519827,40000,271117.56785198266,250068.30447856395,0.9223611234779495
9,prefetch-hidden,2,300,0.01,frequency,0,3;4,2,331412.312610646,0,331412.312610646,331472.7813913344,1.0001824578580443
9,prefetch-hidden,2,300,0.01,frequency,5000,3;4,2,331412.312610646,10000,341412.312610646,331472.7813913344,0.9708870159271413
9,prefetch-hidden,2,300,0.01,frequency,20000,3;4,2,331412.312610646,40000,371412.312610646,331472.7813913344,0.892465785696285
9,prefetch-hidden,2,300,0.01,residual,0,9;10,2,299021.5765647803,0,299021.5765647803,331472.7813913344,1.1085246262138004
9,prefetch-hidden,2,300,0.01,residual,5000,9;10,2,299021.5765647803,10000,309021.5765647803,331472.7813913344,1.0726525476833417
9,prefetch-hidden,2,300,0.01,residual,20000,9;10,2,299021.5765647803,40000,339021.5765647803,331472.7813913344,0.977733584835703
9,prefetch-hidden,2,300,0.01,oracle,0,9;10,2,299021.5765647803,0,299021.5765647803,331472.7813913344,1.1085246262138004
9,prefetch-hidden,2,300,0.01,oracle,5000,9;10,2,299021.5765647803,10000,309021.5765647803,331472.7813913344,1.0726525476833417
9,prefetch-hidden,2,300,0.01,oracle,20000,9;10,2,299021.5765647803,40000,339021.5765647803,331472.7813913344,0.977733584835703
9,prefetch-hidden,2,300,0.1,frequency,0,4;5,2,331477.4868847597,0,331477.4868847597,331472.7813913344,0.9999858044856396
9,prefetch-hidden,2,300,0.1,frequency,5000,4;5,2,331477.4868847597,10000,341477.4868847597,331472.7813913344,0.970701712769716
9,prefetch-hidden,2,300,0.1,frequency,20000,4;5,2,331477.4868847597,40000,371477.4868847597,331472.7813913344,0.892309206060082
9,prefetch-hidden,2,300,0.1,residual,0,8;12,2,305821.5765647803,0,305821.5765647803,331472.7813913344,1.0838763736512247
9,prefetch-hidden,2,300,0.1,residual,5000,8;12,2,305821.5765647803,10000,315821.5765647803,331472.7813913344,1.0495571106850698
9,prefetch-hidden,2,300,0.1,residual,20000,8;12,2,305821.5765647803,40000,345821.5765647803,331472.7813913344,0.9585080973952531
9,prefetch-hidden,2,300,0.1,oracle,0,9;10,2,299021.5765647803,0,299021.5765647803,331472.7813913344,1.1085246262138004
9,prefetch-hidden,2,300,0.1,oracle,5000,9;10,2,299021.5765647803,10000,309021.5765647803,331472.7813913344,1.0726525476833417
9,prefetch-hidden,2,300,0.1,oracle,20000,9;10,2,299021.5765647803,40000,339021.5765647803,331472.7813913344,0.977733584835703
9,prefetch-hidden,2,300,1.0,frequency,0,1;4,1,331131.5425849565,0,331131.5425849565,331472.7813913344,1.0010305234098633
9,prefetch-hidden,2,300,1.0,frequency,5000,1;4,1,331131.5425849565,5000,336131.5425849565,331472.7813913344,0.9861400654107176
9,prefetch-hidden,2,300,1.0,frequency,20000,1;4,1,331131.5425849565,20000,351131.5425849565,331472.7813913344,0.9440131152875119
9,prefetch-hidden,2,300,1.0,residual,0,8;9,2,301621.5765647803,0,301621.5765647803,331472.7813913344,1.0989690630442774
9,prefetch-hidden,2,300,1.0,residual,5000,8;9,2,301621.5765647803,10000,311621.5765647803,331472.7813913344,1.0637029214901859
9,prefetch-hidden,2,300,1.0,residual,20000,8;9,2,301621.5765647803,40000,341621.5765647803,331472.7813913344,0.9702922886911933
9,prefetch-hidden,2,300,1.0,oracle,0,9;10,2,299021.5765647803,0,299021.5765647803,331472.7813913344,1.1085246262138004
9,prefetch-hidden,2,300,1.0,oracle,5000,9;10,2,299021.5765647803,10000,309021.5765647803,331472.7813913344,1.0726525476833417
9,prefetch-hidden,2,300,1.0,oracle,20000,9;10,2,299021.5765647803,40000,339021.5765647803,331472.7813913344,0.977733584835703
9,prefetch-hidden,2,400,0.01,frequency,0,3;4,2,428364.87188619655,0,428364.87188619655,428742.5737742834,1.0008817293687593
9,prefetch-hidden,2,400,0.01,frequency,5000,3;4,2,428364.87188619655,10000,438364.87188619655,428742.5737742834,0.9780495684553593
9,prefetch-hidden,2,400,0.01,frequency,20000,3;4,2,428364.87188619655,40000,468364.87188619655,428742.5737742834,0.91540292517595
9,prefetch-hidden,2,400,0.01,residual,0,9;10,2,387956.5796376926,0,387956.5796376926,428742.5737742834,1.105130306527293
9,prefetch-hidden,2,400,0.01,residual,5000,9;10,2,387956.5796376926,10000,397956.5796376926,428742.5737742834,1.0773601837783886
9,prefetch-hidden,2,400,0.01,residual,20000,9;10,2,387956.5796376926,40000,427956.5796376926,428742.5737742834,1.0018366212227796
9,prefetch-hidden,2,400,0.01,oracle,0,9;10,2,387956.5796376926,0,387956.5796376926,428742.5737742834,1.105130306527293
9,prefetch-hidden,2,400,0.01,oracle,5000,9;10,2,387956.5796376926,10000,397956.5796376926,428742.5737742834,1.0773601837783886
9,prefetch-hidden,2,400,0.01,oracle,20000,9;10,2,387956.5796376926,40000,427956.5796376926,428742.5737742834,1.0018366212227796
9,prefetch-hidden,2,400,0.1,frequency,0,4;5,2,428448.70987432613,0,428448.70987432613,428742.5737742834,1.0006858788302653
9,prefetch-hidden,2,400,0.1,frequency,5000,4;5,2,428448.70987432613,10000,438448.70987432613,428742.5737742834,0.9778625506668162
9,prefetch-hidden,2,400,0.1,frequency,20000,4;5,2,428448.70987432613,40000,468448.70987432613,428742.5737742834,0.9152390960566527
9,prefetch-hidden,2,400,0.1,residual,0,8;12,2,398156.5796376926,0,398156.5796376926,428742.5737742834,1.0768190096580168
9,prefetch-hidden,2,400,0.1,residual,5000,8;12,2,398156.5796376926,10000,408156.5796376926,428742.5737742834,1.050436511779044
9,prefetch-hidden,2,400,0.1,residual,20000,8;12,2,398156.5796376926,40000,438156.5796376926,428742.5737742834,0.9785145167255196
9,prefetch-hidden,2,400,0.1,oracle,0,9;10,2,387956.5796376926,0,387956.5796376926,428742.5737742834,1.105130306527293
9,prefetch-hidden,2,400,0.1,oracle,5000,9;10,2,387956.5796376926,10000,397956.5796376926,428742.5737742834,1.0773601837783886
9,prefetch-hidden,2,400,0.1,oracle,20000,9;10,2,387956.5796376926,40000,427956.5796376926,428742.5737742834,1.0018366212227796
9,prefetch-hidden,2,400,1.0,frequency,0,1;4,1,427424.8169282272,0,427424.8169282272,428742.5737742834,1.0030830143544929
9,prefetch-hidden,2,400,1.0,frequency,5000,1;4,1,427424.8169282272,5000,432424.8169282272,428742.5737742834,0.9914846627441483
9,prefetch-hidden,2,400,1.0,frequency,20000,1;4,1,427424.8169282272,20000,447424.8169282272,428742.5737742834,0.9582449554716124
9,prefetch-hidden,2,400,1.0,residual,0,8;9,2,391856.5796376926,0,391856.5796376926,428742.5737742834,1.0941313634970613
9,prefetch-hidden,2,400,1.0,residual,5000,8;9,2,391856.5796376926,10000,401856.5796376926,428742.5737742834,1.0669044517345736
9,prefetch-hidden,2,400,1.0,residual,20000,8;9,2,391856.5796376926,40000,431856.5796376926,428742.5737742834,0.9927892591887295
9,prefetch-hidden,2,400,1.0,oracle,0,9;10,2,387956.5796376926,0,387956.5796376926,428742.5737742834,1.105130306527293
9,prefetch-hidden,2,400,1.0,oracle,5000,9;10,2,387956.5796376926,10000,397956.5796376926,428742.5737742834,1.0773601837783886
9,prefetch-hidden,2,400,1.0,oracle,20000,9;10,2,387956.5796376926,40000,427956.5796376926,428742.5737742834,1.0018366212227796
9,prefetch-hidden,4,200,0.01,frequency,0,1;3;4;6,2,249920.29158129793,0,249920.29158129793,249925.8275565404,1.000022150963443
9,prefetch-hidden,4,200,0.01,frequency,5000,1;3;4;6,2,249920.29158129793,10000,259920.29158129793,249925.8275565404,0.9615479654783649
9,prefetch-hidden,4,200,0.01,frequency,20000,1;3;4;6,2,249920.29158129793,40000,289920.29158129793,249925.8275565404,0.8620501386549465
9,prefetch-hidden,4,200,0.01,residual,0,9;10;11;13,4,217017.5678519827,0,217017.5678519827,249925.8275565404,1.1516386900391533
9,prefetch-hidden,4,200,0.01,residual,5000,9;10;11;13,4,217017.5678519827,20000,237017.5678519827,249925.8275565404,1.0544611938327666
9,prefetch-hidden,4,200,0.01,residual,20000,9;10;11;13,4,217017.5678519827,80000,297017.56785198266,249925.8275565404,0.8414513301822261
9,prefetch-hidden,4,200,0.01,oracle,0,8;9;10;15,4,213417.5678519827,0,213417.5678519827,249925.8275565404,1.1710649224991556
9,prefetch-hidden,4,200,0.01,oracle,5000,8;9;10;15,4,213417.5678519827,20000,233417.5678519827,249925.8275565404,1.0707241526697173
9,prefetch-hidden,4,200,0.01,oracle,20000,8;9;10;15,4,213417.5678519827,80000,293417.56785198266,249925.8275565404,0.8517752682164481
9,prefetch-hidden,4,200,0.1,frequency,0,4;5;6;7,4,249891.7402954423,0,249891.7402954423,249925.8275565404,1.000136408114401
9,prefetch-hidden,4,200,0.1,frequency,5000,4;5;6;7,4,249891.7402954423,20000,269891.7402954423,249925.8275565404,0.9260225128896282
9,prefetch-hidden,4,200,0.1,frequency,20000,4;5;6;7,4,249891.7402954423,80000,329891.7402954423,249925.8275565404,0.7575995304784335
9,prefetch-hidden,4,200,0.1,residual,0,8;11;12;15,4,217817.5678519827,0,217817.5678519827,249925.8275565404,1.1474089533787137
9,prefetch-hidden,4,200,0.1,residual,5000,8;11;12;15,4,217817.5678519827,20000,237817.5678519827,249925.8275565404,1.0509140675094863
9,prefetch-hidden,4,200,0.1,residual,20000,8;11;12;15,4,217817.5678519827,80000,297817.56785198266,249925.8275565404,0.8391910166990392
9,prefetch-hidden,4,200,0.1,oracle,0,8;9;10;15,4,213417.5678519827,0,213417.5678519827,249925.8275565404,1.1710649224991556
9,prefetch-hidden,4,200,0.1,oracle,5000,8;9;10;15,4,213417.5678519827,20000,233417.5678519827,249925.8275565404,1.0707241526697173
9,prefetch-hidden,4,200,0.1,oracle,20000,8;9;10;15,4,213417.5678519827,80000,293417.56785198266,249925.8275565404,0.8517752682164481
9,prefetch-hidden,4,200,1.0,frequency,0,0;1;4;6,2,249899.49960844705,0,249899.49960844705,249925.8275565404,1.0001053541449048
9,prefetch-hidden,4,200,1.0,frequency,5000,0;1;4;6,2,249899.49960844705,10000,259899.49960844705,249925.8275565404,0.9616248893632634
9,prefetch-hidden,4,200,1.0,frequency,20000,0;1;4;6,2,249899.49960844705,40000,289899.4996084471,249925.8275565404,0.8621119660230627
9,prefetch-hidden,4,200,1.0,residual,0,8;9;10;11,4,214717.5678519827,0,214717.5678519827,249925.8275565404,1.1639747509101297
9,prefetch-hidden,4,200,1.0,residual,5000,8;9;10;11,4,214717.5678519827,20000,234717.5678519827,249925.8275565404,1.0647938705386908
9,prefetch-hidden,4,200,1.0,residual,20000,8;9;10;11,4,214717.5678519827,80000,294717.56785198266,249925.8275565404,0.8480180851725194
9,prefetch-hidden,4,200,1.0,oracle,0,8;9;10;15,4,213417.5678519827,0,213417.5678519827,249925.8275565404,1.1710649224991556
9,prefetch-hidden,4,200,1.0,oracle,5000,8;9;10;15,4,213417.5678519827,20000,233417.5678519827,249925.8275565404,1.0707241526697173
9,prefetch-hidden,4,200,1.0,oracle,20000,8;9;10;15,4,213417.5678519827,80000,293417.56785198266,249925.8275565404,0.8517752682164481
9,prefetch-hidden,4,300,0.01,frequency,0,1;3;4;6,2,325523.8311050184,0,325523.8311050184,326139.8411967559,1.0018923655747305
9,prefetch-hidden,4,300,0.01,frequency,5000,1;3;4;6,2,325523.8311050184,10000,335523.8311050184,326139.8411967559,0.9720318229636412
9,prefetch-hidden,4,300,0.01,frequency,20000,1;3;4;6,2,325523.8311050184,40000,365523.8311050184,326139.8411967559,0.8922532908751794
9,prefetch-hidden,4,300,0.01,residual,0,9;10;11;13,4,270821.5765647803,0,270821.5765647803,326139.8411967559,1.204260920912051
9,prefetch-hidden,4,300,0.01,residual,5000,9;10;11;13,4,270821.5765647803,20000,290821.5765647803,326139.8411967559,1.1214430684585346
9,prefetch-hidden,4,300,0.01,residual,20000,9;10;11;13,4,270821.5765647803,80000,350821.5765647803,326139.8411967559,0.9296459025989615
9,prefetch-hidden,4,300,0.01,oracle,0,8;9;10;15,4,263621.5765647803,0,263621.5765647803,326139.8411967559,1.2371515467233116
9,prefetch-hidden,4,300,0.01,oracle,5000,8;9;10;15,4,263621.5765647803,20000,283621.5765647803,326139.8411967559,1.1499119536212867
9,prefetch-hidden,4,300,0.01,oracle,20000,8;9;10;15,4,263621.5765647803,80000,343621.5765647803,326139.8411967559,0.9491250359107507
9,prefetch-hidden,4,300,0.1,frequency,0,4;5;6;7,4,325481.73536802444,0,325481.73536802444,326139.8411967559,1.0020219439594278
9,prefetch-hidden,4,300,0.1,frequency,5000,4;5;6;7,4,325481.73536802444,20000,345481.73536802444,326139.8411967559,0.9440147128163965
9,prefetch-hidden,4,300,0.1,frequency,20000,4;5;6;7,4,325481.73536802444,80000,405481.73536802444,326139.8411967559,0.8043268358332933
9,prefetch-hidden,4,300,0.1,residual,0,8;11;12;15,4,272421.5765647803,0,272421.5765647803,326139.8411967559,1.1971879955668696
9,prefetch-hidden,4,300,0.1,residual,5000,8;11;12;15,4,272421.5765647803,20000,292421.5765647803,326139.8411967559,1.11530703386556
9,prefetch-hidden,4,300,0.1,residual,20000,8;11;12;15,4,272421.5765647803,80000,352421.5765647803,326139.8411967559,0.9254252942620457
9,prefetch-hidden,4,300,0.1,oracle,0,8;9;10;15,4,263621.5765647803,0,263621.5765647803,326139.8411967559,1.2371515467233116
9,prefetch-hidden,4,300,0.1,oracle,5000,8;9;10;15,4,263621.5765647803,20000,283621.5765647803,326139.8411967559,1.1499119536212867
9,prefetch-hidden,4,300,0.1,oracle,20000,8;9;10;15,4,263621.5765647803,80000,343621.5765647803,326139.8411967559,0.9491250359107507
9,prefetch-hidden,4,300,1.0,frequency,0,0;1;4;6,2,325395.04483503895,0,325395.04483503895,326139.8411967559,1.0022888989046976
9,prefetch-hidden,4,300,1.0,frequency,5000,0;1;4;6,2,325395.04483503895,10000,335395.04483503895,326139.8411967559,0.9724050674546036
9,prefetch-hidden,4,300,1.0,frequency,20000,0;1;4;6,2,325395.04483503895,40000,365395.04483503895,326139.8411967559,0.892567772351688
9,prefetch-hidden,4,300,1.0,residual,0,8;9;10;11,4,266221.5765647803,0,266221.5765647803,326139.8411967559,1.2250691525650834
9,prefetch-hidden,4,300,1.0,residual,5000,8;9;10;11,4,266221.5765647803,20000,286221.5765647803,326139.8411967559,1.1394663012868316
9,prefetch-hidden,4,300,1.0,residual,20000,8;9;10;11,4,266221.5765647803,80000,346221.5765647803,326139.8411967559,0.9419974469318869
9,prefetch-hidden,4,300,1.0,oracle,0,8;9;10;15,4,263621.5765647803,0,263621.5765647803,326139.8411967559,1.2371515467233116
9,prefetch-hidden,4,300,1.0,oracle,5000,8;9;10;15,4,263621.5765647803,20000,283621.5765647803,326139.8411967559,1.1499119536212867
9,prefetch-hidden,4,300,1.0,oracle,20000,8;9;10;15,4,263621.5765647803,80000,343621.5765647803,326139.8411967559,0.9491250359107507
9,prefetch-hidden,4,400,0.01,frequency,0,1;3;4;6,2,411340.8819411374,0,411340.8819411374,413273.50322457263,1.0046983447750564
9,prefetch-hidden,4,400,0.01,frequency,5000,1;3;4;6,2,411340.8819411374,10000,421340.8819411374,413273.50322457263,0.9808530834240485
9,prefetch-hidden,4,400,0.01,frequency,20000,1;3;4;6,2,411340.8819411374,40000,451340.8819411374,413273.50322457263,0.9156571446556232
9,prefetch-hidden,4,400,0.01,residual,0,9;10;11;13,4,345656.57963769266,0,345656.57963769266,413273.50322457263,1.195618794983605
9,prefetch-hidden,4,400,0.01,residual,5000,9;10;11;13,4,345656.57963769266,20000,365656.57963769266,413273.50322457263,1.1302230733385428
9,prefetch-hidden,4,400,0.01,residual,20000,9;10;11;13,4,345656.57963769266,80000,425656.57963769266,413273.50322457263,0.9709082931980985
9,prefetch-hidden,4,400,0.01,oracle,0,8;9;10;15,4,334856.57963769266,0,334856.57963769266,413273.50322457263,1.2341806264393111
9,prefetch-hidden,4,400,0.01,oracle,5000,8;9;10;15,4,334856.57963769266,20000,354856.57963769266,413273.50322457263,1.1646212214707232
9,prefetch-hidden,4,400,0.01,oracle,20000,8;9;10;15,4,334856.57963769266,80000,414856.57963769266,413273.50322457263,0.9961840392780981
9,prefetch-hidden,4,400,0.1,frequency,0,4;5;6;7,4,411183.07641312,0,411183.07641312,413273.50322457263,1.0050839320277674
9,prefetch-hidden,4,400,0.1,frequency,5000,4;5;6;7,4,411183.07641312,20000,431183.07641312,413273.50322457263,0.9584641091725314
9,prefetch-hidden,4,400,0.1,frequency,20000,4;5;6;7,4,411183.07641312,80000,491183.07641312,413273.50322457263,0.841383840507119
9,prefetch-hidden,4,400,0.1,residual,0,8;11;12;15,4,348056.57963769266,0,348056.57963769266,413273.50322457263,1.1873744885235817
9,prefetch-hidden,4,400,0.1,residual,5000,8;11;12;15,4,348056.57963769266,20000,368056.57963769266,413273.50322457263,1.1228531864078903
9,prefetch-hidden,4,400,0.1,residual,20000,8;11;12;15,4,348056.57963769266,80000,428056.57963769266,413273.50322457263,0.9654646672511553
9,prefetch-hidden,4,400,0.1,oracle,0,8;9;10;15,4,334856.57963769266,0,334856.57963769266,413273.50322457263,1.2341806264393111
9,prefetch-hidden,4,400,0.1,oracle,5000,8;9;10;15,4,334856.57963769266,20000,354856.57963769266,413273.50322457263,1.1646212214707232
9,prefetch-hidden,4,400,0.1,oracle,20000,8;9;10;15,4,334856.57963769266,80000,414856.57963769266,413273.50322457263,0.9961840392780981
9,prefetch-hidden,4,400,1.0,frequency,0,0;1;4;6,2,411011.8109291943,0,411011.8109291943,413273.50322457263,1.0055027428293732
9,prefetch-hidden,4,400,1.0,frequency,5000,0;1;4;6,2,411011.8109291943,10000,421011.8109291943,413273.50322457263,0.9816197372526371
9,prefetch-hidden,4,400,1.0,frequency,20000,0;1;4;6,2,411011.8109291943,40000,451011.8109291943,413273.50322457263,0.9163252340845097
9,prefetch-hidden,4,400,1.0,residual,0,8;9;10;11,4,338756.57963769266,0,338756.57963769266,413273.50322457263,1.219971885613491
9,prefetch-hidden,4,400,1.0,residual,5000,8;9;10;11,4,338756.57963769266,20000,358756.57963769266,413273.50322457263,1.15196076303865
9,prefetch-hidden,4,400,1.0,residual,20000,8;9;10;11,4,338756.57963769266,80000,418756.57963769266,413273.50322457263,0.9869062919133976
9,prefetch-hidden,4,400,1.0,oracle,0,8;9;10;15,4,334856.57963769266,0,334856.57963769266,413273.50322457263,1.2341806264393111
9,prefetch-hidden,4,400,1.0,oracle,5000,8;9;10;15,4,334856.57963769266,20000,354856.57963769266,413273.50322457263,1.1646212214707232
9,prefetch-hidden,4,400,1.0,oracle,20000,8;9;10;15,4,334856.57963769266,80000,414856.57963769266,413273.50322457263,0.9961840392780981
9,prefetch-hidden,8,200,0.01,frequency,0,0;1;2;3;4;6;9;10,2,230657.0226864235,0,230657.0226864235,249600.0,1.082126167644717
9,prefetch-hidden,8,200,0.01,frequency,5000,0;1;2;3;4;6;9;10,2,230657.0226864235,10000,240657.0226864235,249600.0,1.0371606746138018
9,prefetch-hidden,8,200,0.01,frequency,20000,0;1;2;3;4;6;9;10,2,230657.0226864235,40000,270657.0226864235,249600.0,0.9222003461154612
9,prefetch-hidden,8,200,0.01,residual,0,0;1;2;9;10;11;13;14,5,209889.0270164975,0,209889.0270164975,249600.0,1.1891998526458516
9,prefetch-hidden,8,200,0.01,residual,5000,0;1;2;9;10;11;13;14,5,209889.0270164975,25000,234889.0270164975,249600.0,1.06262946026197
9,prefetch-hidden,8,200,0.01,residual,20000,0;1;2;9;10;11;13;14,5,209889.0270164975,100000,309889.0270164975,249600.0,0.8054496230571988
9,prefetch-hidden,8,200,0.01,oracle,0,8;9;10;11;12;13;14;15,8,185417.5678519827,0,185417.5678519827,249600.0,1.346150760640187
9,prefetch-hidden,8,200,0.01,oracle,5000,8;9;10;11;12;13;14;15,8,185417.5678519827,40000,225417.5678519827,249600.0,1.1072783828627606
9,prefetch-hidden,8,200,0.01,oracle,20000,8;9;10;11;12;13;14;15,8,185417.5678519827,160000,345417.56785198266,249600.0,0.7226036635952398
9,prefetch-hidden,8,200,0.1,frequency,0,0;1;3;4;5;6;7;8,1,240979.2774620664,0,240979.2774620664,249600.0,1.03577370896255
9,prefetch-hidden,8,200,0.1,frequency,5000,0;1;3;4;5;6;7;8,1,240979.2774620664,5000,245979.2774620664,249600.0,1.0147196242516485
9,prefetch-hidden,8,200,0.1,frequency,20000,0;1;3;4;5;6;7;8,1,240979.2774620664,20000,260979.2774620664,249600.0,0.9563977739047868
9,prefetch-hidden,8,200,0.1,residual,0,8;9;10;11;12;13;14;15,8,185417.5678519827,0,185417.5678519827,249600.0,1.346150760640187
9,prefetch-hidden,8,200,0.1,residual,5000,8;9;10;11;12;13;14;15,8,185417.5678519827,40000,225417.5678519827,249600.0,1.1072783828627606
9,prefetch-hidden,8,200,0.1,residual,20000,8;9;10;11;12;13;14;15,8,185417.5678519827,160000,345417.56785198266,249600.0,0.7226036635952398
9,prefetch-hidden,8,200,0.1,oracle,0,8;9;10;11;12;13;14;15,8,185417.5678519827,0,185417.5678519827,249600.0,1.346150760640187
9,prefetch-hidden,8,200,0.1,oracle,5000,8;9;10;11;12;13;14;15,8,185417.5678519827,40000,225417.5678519827,249600.0,1.1072783828627606
9,prefetch-hidden,8,200,0.1,oracle,20000,8;9;10;11;12;13;14;15,8,185417.5678519827,160000,345417.56785198266,249600.0,0.7226036635952398
9,prefetch-hidden,8,200,1.0,frequency,0,0;1;2;3;4;5;6;7,0,249600.0,0,249600.0,249600.0,1.0
9,prefetch-hidden,8,200,1.0,frequency,5000,0;1;2;3;4;5;6;7,0,249600.0,0,249600.0,249600.0,1.0
9,prefetch-hidden,8,200,1.0,frequency,20000,0;1;2;3;4;5;6;7,0,249600.0,0,249600.0,249600.0,1.0
9,prefetch-hidden,8,200,1.0,residual,0,8;9;10;11;12;13;14;15,8,185417.5678519827,0,185417.5678519827,249600.0,1.346150760640187
9,prefetch-hidden,8,200,1.0,residual,5000,8;9;10;11;12;13;14;15,8,185417.5678519827,40000,225417.5678519827,249600.0,1.1072783828627606
9,prefetch-hidden,8,200,1.0,residual,20000,8;9;10;11;12;13;14;15,8,185417.5678519827,160000,345417.56785198266,249600.0,0.7226036635952398
9,prefetch-hidden,8,200,1.0,oracle,0,8;9;10;11;12;13;14;15,8,185417.5678519827,0,185417.5678519827,249600.0,1.346150760640187
9,prefetch-hidden,8,200,1.0,oracle,5000,8;9;10;11;12;13;14;15,8,185417.5678519827,40000,225417.5678519827,249600.0,1.1072783828627606
9,prefetch-hidden,8,200,1.0,oracle,20000,8;9;10;11;12;13;14;15,8,185417.5678519827,160000,345417.56785198266,249600.0,0.7226036635952398
9,prefetch-hidden,8,300,0.01,frequency,0,0;1;2;3;4;6;9;10,2,281862.1046404604,0,281862.1046404604,314400.0,1.115439056275566
9,prefetch-hidden,8,300,0.01,frequency,5000,0;1;2;3;4;6;9;10,2,281862.1046404604,10000,291862.1046404604,314400.0,1.0772210403515854
9,prefetch-hidden,8,300,0.01,frequency,20000,0;1;2;3;4;6;9;10,2,281862.1046404604,40000,321862.1046404604,314400.0,0.9768158334489361
9,prefetch-hidden,8,300,0.01,residual,0,1;3;6;9;10;11;13;14,5,248463.47562026413,0,248463.47562026413,314400.0,1.2653771312468842
9,prefetch-hidden,8,300,0.01,residual,5000,1;3;6;9;10;11;13;14,5,248463.47562026413,25000,273463.47562026413,314400.0,1.1496964970802206
9,prefetch-hidden,8,300,0.01,residual,20000,1;3;6;9;10;11;13;14,5,248463.47562026413,100000,348463.47562026413,314400.0,0.9022466398820387
9,prefetch-hidden,8,300,0.01,oracle,0,8;9;10;11;12;13;14;15,8,207621.57656478032,0,207621.57656478032,314400.0,1.5142934814479823
9,prefetch-hidden,8,300,0.01,oracle,5000,8;9;10;11;12;13;14;15,8,207621.57656478032,40000,247621.57656478032,314400.0,1.269679340393626
9,prefetch-hidden,8,300,0.01,oracle,20000,8;9;10;11;12;13;14;15,8,207621.57656478032,160000,367621.5765647803,314400.0,0.8552272772939324
9,prefetch-hidden,8,300,0.1,frequency,0,0;1;3;4;5;6;7;8,1,299663.3207556901,0,299663.3207556901,314400.0,1.04917745424147
9,prefetch-hidden,8,300,0.1,frequency,5000,0;1;3;4;5;6;7;8,1,299663.3207556901,5000,304663.3207556901,314400.0,1.0319588167691436
9,prefetch-hidden,8,300,0.1,frequency,20000,0;1;3;4;5;6;7;8,1,299663.3207556901,20000,319663.3207556901,314400.0,0.9835347992279893
9,prefetch-hidden,8,300,0.1,residual,0,8;9;10;11;12;13;14;15,8,207621.57656478032,0,207621.57656478032,314400.0,1.5142934814479823
9,prefetch-hidden,8,300,0.1,residual,5000,8;9;10;11;12;13;14;15,8,207621.57656478032,40000,247621.57656478032,314400.0,1.269679340393626
9,prefetch-hidden,8,300,0.1,residual,20000,8;9;10;11;12;13;14;15,8,207621.57656478032,160000,367621.5765647803,314400.0,0.8552272772939324
9,prefetch-hidden,8,300,0.1,oracle,0,8;9;10;11;12;13;14;15,8,207621.57656478032,0,207621.57656478032,314400.0,1.5142934814479823
9,prefetch-hidden,8,300,0.1,oracle,5000,8;9;10;11;12;13;14;15,8,207621.57656478032,40000,247621.57656478032,314400.0,1.269679340393626
9,prefetch-hidden,8,300,0.1,oracle,20000,8;9;10;11;12;13;14;15,8,207621.57656478032,160000,367621.5765647803,314400.0,0.8552272772939324
9,prefetch-hidden,8,300,1.0,frequency,0,0;1;2;3;4;5;6;7,0,314400.0,0,314400.0,314400.0,1.0
9,prefetch-hidden,8,300,1.0,frequency,5000,0;1;2;3;4;5;6;7,0,314400.0,0,314400.0,314400.0,1.0
9,prefetch-hidden,8,300,1.0,frequency,20000,0;1;2;3;4;5;6;7,0,314400.0,0,314400.0,314400.0,1.0
9,prefetch-hidden,8,300,1.0,residual,0,8;9;10;11;12;13;14;15,8,207621.57656478032,0,207621.57656478032,314400.0,1.5142934814479823
9,prefetch-hidden,8,300,1.0,residual,5000,8;9;10;11;12;13;14;15,8,207621.57656478032,40000,247621.57656478032,314400.0,1.269679340393626
9,prefetch-hidden,8,300,1.0,residual,20000,8;9;10;11;12;13;14;15,8,207621.57656478032,160000,367621.5765647803,314400.0,0.8552272772939324
9,prefetch-hidden,8,300,1.0,oracle,0,8;9;10;11;12;13;14;15,8,207621.57656478032,0,207621.57656478032,314400.0,1.5142934814479823
9,prefetch-hidden,8,300,1.0,oracle,5000,8;9;10;11;12;13;14;15,8,207621.57656478032,40000,247621.57656478032,314400.0,1.269679340393626
9,prefetch-hidden,8,300,1.0,oracle,20000,8;9;10;11;12;13;14;15,8,207621.57656478032,160000,367621.5765647803,314400.0,0.8552272772939324
9,prefetch-hidden,8,400,0.01,frequency,0,0;1;2;3;4;6;9;10,2,338242.74037948356,0,338242.74037948356,379200.0,1.1210883626787242
9,prefetch-hidden,8,400,0.01,frequency,5000,0;1;2;3;4;6;9;10,2,338242.74037948356,10000,348242.74037948356,379200.0,1.0888956352307073
9,prefetch-hidden,8,400,0.01,frequency,20000,0;1;2;3;4;6;9;10,2,338242.74037948356,40000,378242.74037948356,379200.0,1.0025308076489612
9,prefetch-hidden,8,400,0.01,residual,0,1;3;6;9;10;11;13;14,5,300310.14974588517,0,300310.14974588517,379200.0,1.262694585317444
9,prefetch-hidden,8,400,0.01,residual,5000,1;3;6;9;10;11;13;14,5,300310.14974588517,25000,325310.14974588517,379200.0,1.1656568363950854
9,prefetch-hidden,8,400,0.01,residual,20000,1;3;6;9;10;11;13;14,5,300310.14974588517,100000,400310.14974588517,379200.0,0.9472655146033999
9,prefetch-hidden,8,400,0.01,oracle,0,8;9;10;11;12;13;14;15,8,250856.57963769263,0,250856.57963769263,379200.0,1.5116207059335312
9,prefetch-hidden,8,400,0.01,oracle,5000,8;9;10;11;12;13;14;15,8,250856.57963769263,40000,290856.57963769266,379200.0,1.3037353339998459
9,prefetch-hidden,8,400,0.01,oracle,20000,8;9;10;11;12;13;14;15,8,250856.57963769263,160000,410856.57963769266,379200.0,0.9229498048549971
9,prefetch-hidden,8,400,0.1,frequency,0,0;1;3;4;5;6;7;8,1,360946.6306029624,0,360946.6306029624,379200.0,1.0505708264031868
9,prefetch-hidden,8,400,0.1,frequency,5000,0;1;3;4;5;6;7;8,1,360946.6306029624,5000,365946.6306029624,379200.0,1.036216672838879
9,prefetch-hidden,8,400,0.1,frequency,20000,0;1;3;4;5;6;7;8,1,360946.6306029624,20000,380946.6306029624,379200.0,0.9954150254585588
9,prefetch-hidden,8,400,0.1,residual,0,8;9;10;11;12;13;14;15,8,250856.57963769263,0,250856.57963769263,379200.0,1.5116207059335312
9,prefetch-hidden,8,400,0.1,residual,5000,8;9;10;11;12;13;14;15,8,250856.57963769263,40000,290856.57963769266,379200.0,1.3037353339998459
9,prefetch-hidden,8,400,0.1,residual,20000,8;9;10;11;12;13;14;15,8,250856.57963769263,160000,410856.57963769266,379200.0,0.9229498048549971
9,prefetch-hidden,8,400,0.1,oracle,0,8;9;10;11;12;13;14;15,8,250856.57963769263,0,250856.57963769263,379200.0,1.5116207059335312
9,prefetch-hidden,8,400,0.1,oracle,5000,8;9;10;11;12;13;14;15,8,250856.57963769263,40000,290856.57963769266,379200.0,1.3037353339998459
9,prefetch-hidden,8,400,0.1,oracle,20000,8;9;10;11;12;13;14;15,8,250856.57963769263,160000,410856.57963769266,379200.0,0.9229498048549971
9,prefetch-hidden,8,400,1.0,frequency,0,0;1;2;3;4;5;6;7,0,379200.0,0,379200.0,379200.0,1.0
9,prefetch-hidden,8,400,1.0,frequency,5000,0;1;2;3;4;5;6;7,0,379200.0,0,379200.0,379200.0,1.0
9,prefetch-hidden,8,400,1.0,frequency,20000,0;1;2;3;4;5;6;7,0,379200.0,0,379200.0,379200.0,1.0
9,prefetch-hidden,8,400,1.0,residual,0,8;9;10;11;12;13;14;15,8,250856.57963769263,0,250856.57963769263,379200.0,1.5116207059335312
9,prefetch-hidden,8,400,1.0,residual,5000,8;9;10;11;12;13;14;15,8,250856.57963769263,40000,290856.57963769266,379200.0,1.3037353339998459
9,prefetch-hidden,8,400,1.0,residual,20000,8;9;10;11;12;13;14;15,8,250856.57963769263,160000,410856.57963769266,379200.0,0.9229498048549971
9,prefetch-hidden,8,400,1.0,oracle,0,8;9;10;11;12;13;14;15,8,250856.57963769263,0,250856.57963769263,379200.0,1.5116207059335312
9,prefetch-hidden,8,400,1.0,oracle,5000,8;9;10;11;12;13;14;15,8,250856.57963769263,40000,290856.57963769266,379200.0,1.3037353339998459
9,prefetch-hidden,8,400,1.0,oracle,20000,8;9;10;11;12;13;14;15,8,250856.57963769263,160000,410856.57963769266,379200.0,0.9229498048549971
9,phase-reversal,2,200,0.01,frequency,0,3;4,2,428038.23481105454,0,428038.23481105454,429538.23481105454,1.0035043598398683
9,phase-reversal,2,200,0.01,frequency,5000,3;4,2,428038.23481105454,10000,438038.23481105454,429538.23481105454,0.9805953012214415
9,phase-reversal,2,200,0.01,frequency,20000,3;4,2,428038.23481105454,40000,468038.23481105454,429538.23481105454,0.9177417630943285
9,phase-reversal,2,200,0.01,residual,0,9;10,2,472356.9298904704,0,472356.9298904704,429538.23481105454,0.9093509751421566
9,phase-reversal,2,200,0.01,residual,5000,9;10,2,472356.9298904704,10000,482356.9298904704,429538.23481105454,0.8904987327715816
9,phase-reversal,2,200,0.01,residual,20000,9;10,2,472356.9298904704,40000,512356.9298904704,429538.23481105454,0.8383574218521441
9,phase-reversal,2,200,0.01,oracle,0,1;2,1,425838.23481105454,0,425838.23481105454,429538.23481105454,1.0086887453909386
9,phase-reversal,2,200,0.01,oracle,5000,1;2,1,425838.23481105454,5000,430838.23481105454,429538.23481105454,0.9969826262040784
9,phase-reversal,2,200,0.01,oracle,20000,1;2,1,425838.23481105454,20000,445838.23481105454,429538.23481105454,0.9634396542797459
9,phase-reversal,2,200,0.1,frequency,0,4;5,2,429538.23481105454,0,429538.23481105454,429538.23481105454,1.0
9,phase-reversal,2,200,0.1,frequency,5000,4;5,2,429538.23481105454,10000,439538.23481105454,429538.23481105454,0.9772488507073822
9,phase-reversal,2,200,0.1,frequency,20000,4;5,2,429538.23481105454,40000,469538.23481105454,429538.23481105454,0.9148099195455376
9,phase-reversal,2,200,0.1,residual,0,8;12,2,472377.8577812001,0,472377.8577812001,429538.23481105454,0.9093106879069925
9,phase-reversal,2,200,0.1,residual,5000,8;12,2,472377.8577812001,10000,482377.8577812001,429538.23481105454,0.89046009861814
9,phase-reversal,2,200,0.1,residual,20000,8;12,2,472377.8577812001,40000,512377.8577812001,429538.23481105454,0.8383231794424645
9,phase-reversal,2,200,0.1,oracle,0,1;2,1,425838.23481105454,0,425838.23481105454,429538.23481105454,1.0086887453909386
9,phase-reversal,2,200,0.1,oracle,5000,1;2,1,425838.23481105454,5000,430838.23481105454,429538.23481105454,0.9969826262040784
9,phase-reversal,2,200,0.1,oracle,20000,1;2,1,425838.23481105454,20000,445838.23481105454,429538.23481105454,0.9634396542797459
9,phase-reversal,2,200,1.0,frequency,0,1;4,1,426338.23481105454,0,426338.23481105454,429538.23481105454,1.0075057776636387
9,phase-reversal,2,200,1.0,frequency,5000,1;4,1,426338.23481105454,5000,431338.23481105454,429538.23481105454,0.9958269407747067
9,phase-reversal,2,200,1.0,frequency,20000,1;4,1,426338.23481105454,20000,446338.23481105454,429538.23481105454,0.9623603834721625
9,phase-reversal,2,200,1.0,residual,0,8;9,2,472368.2543875008,0,472368.2543875008,429538.23481105454,0.9093291744764218
9,phase-reversal,2,200,1.0,residual,5000,8;9,2,472368.2543875008,10000,482368.2543875008,429538.23481105454,0.8904778266481725
9,phase-reversal,2,200,1.0,residual,20000,8;9,2,472368.2543875008,40000,512368.2543875008,429538.23481105454,0.8383388922573598
9,phase-reversal,2,200,1.0,oracle,0,1;2,1,425838.23481105454,0,425838.23481105454,429538.23481105454,1.0086887453909386
9,phase-reversal,2,200,1.0,oracle,5000,1;2,1,425838.23481105454,5000,430838.23481105454,429538.23481105454,0.9969826262040784
9,phase-reversal,2,200,1.0,oracle,20000,1;2,1,425838.23481105454,20000,445838.23481105454,429538.23481105454,0.9634396542797459
9,phase-reversal,2,300,0.01,frequency,0,3;4,2,568024.2054476058,0,568024.2054476058,571024.2054476058,1.0052814650700246
9,phase-reversal,2,300,0.01,frequency,5000,3;4,2,568024.2054476058,10000,578024.2054476058,571024.2054476058,0.9878897805074107
9,phase-reversal,2,300,0.01,frequency,20000,3;4,2,568024.2054476058,40000,608024.2054476058,571024.2054476058,0.9391471594905306
9,phase-reversal,2,300,0.01,residual,0,9;10,2,654340.5161691889,0,654340.5161691889,571024.2054476058,0.8726713253072648
9,phase-reversal,2,300,0.01,residual,5000,9;10,2,654340.5161691889,10000,664340.5161691889,571024.2054476058,0.8595354212931701
9,phase-reversal,2,300,0.01,residual,20000,9;10,2,654340.5161691889,40000,694340.5161691889,571024.2054476058,0.8223979332187857
9,phase-reversal,2,300,0.01,oracle,0,1;2,1,563624.2054476058,0,563624.2054476058,571024.2054476058,1.0131293154702667
9,phase-reversal,2,300,0.01,oracle,5000,1;2,1,563624.2054476058,5000,568624.2054476058,571024.2054476058,1.004220713745576
9,phase-reversal,2,300,0.01,oracle,20000,1;2,1,563624.2054476058,20000,583624.2054476058,571024.2054476058,0.9784107652109176
9,phase-reversal,2,300,0.1,frequency,0,4;5,2,571024.2054476058,0,571024.2054476058,571024.2054476058,1.0
9,phase-reversal,2,300,0.1,frequency,5000,4;5,2,571024.2054476058,10000,581024.2054476058,571024.2054476058,0.9827890130802791
9,phase-reversal,2,300,0.1,frequency,20000,4;5,2,571024.2054476058,40000,611024.2054476058,571024.2054476058,0.9345361449785807
9,phase-reversal,2,300,0.1,residual,0,8;12,2,654962.9118135322,0,654962.9118135322,571024.2054476058,0.8718420465465627
9,phase-reversal,2,300,0.1,residual,5000,8;12,2,654962.9118135322,10000,664962.9118135322,571024.2054476058,0.858730908601007
9,phase-reversal,2,300,0.1,residual,20000,8;12,2,654962.9118135322,40000,694962.9118135322,571024.2054476058,0.8216614091786515
9,phase-reversal,2,300,0.1,oracle,0,1;2,1,563624.2054476058,0,563624.2054476058,571024.2054476058,1.0131293154702667
9,phase-reversal,2,300,0.1,oracle,5000,1;2,1,563624.2054476058,5000,568624.2054476058,571024.2054476058,1.004220713745576
9,phase-reversal,2,300,0.1,oracle,20000,1;2,1,563624.2054476058,20000,583624.2054476058,571024.2054476058,0.9784107652109176
9,phase-reversal,2,300,1.0,frequency,0,1;4,1,564624.2054476058,0,564624.2054476058,571024.2054476058,1.0113349727805707
9,phase-reversal,2,300,1.0,frequency,5000,1;4,1,564624.2054476058,5000,569624.2054476058,571024.2054476058,1.0024577607247218
9,phase-reversal,2,300,1.0,frequency,20000,1;4,1,564624.2054476058,20000,584624.2054476058,571024.2054476058,0.9767371931006732
9,phase-reversal,2,300,1.0,residual,0,8;9,2,654679.8207052059,0,654679.8207052059,571024.2054476058,0.8722190411070129
9,phase-reversal,2,300,1.0,residual,5000,8;9,2,654679.8207052059,10000,664679.8207052059,571024.2054476058,0.8590966472274814
9,phase-reversal,2,300,1.0,residual,20000,8;9,2,654679.8207052059,40000,694679.8207052059,571024.2054476058,0.8219962469442817
9,phase-reversal,2,300,1.0,oracle,0,1;2,1,563624.2054476058,0,563624.2054476058,571024.2054476058,1.0131293154702667
9,phase-reversal,2,300,1.0,oracle,5000,1;2,1,563624.2054476058,5000,568624.2054476058,571024.2054476058,1.004220713745576
9,phase-reversal,2,300,1.0,oracle,20000,1;2,1,563624.2054476058,20000,583624.2054476058,571024.2054476058,0.9784107652109176
9,phase-reversal,2,400,0.01,frequency,0,3;4,2,715477.4926867879,0,715477.4926867879,719977.4926867879,1.0062895060235948
9,phase-reversal,2,400,0.01,frequency,5000,3;4,2,715477.4926867879,10000,725477.4926867879,719977.4926867879,0.9924187861712555
9,phase-reversal,2,400,0.01,frequency,20000,3;4,2,715477.4926867879,40000,755477.4926867879,719977.4926867879,0.9530098509305056
9,phase-reversal,2,400,0.01,residual,0,9;10,2,841762.9149419422,0,841762.9149419422,719977.4926867879,0.8553209934847817
9,phase-reversal,2,400,0.01,residual,5000,9;10,2,841762.9149419422,10000,851762.9149419422,719977.4926867879,0.8452792203753822
9,phase-reversal,2,400,0.01,residual,20000,9;10,2,841762.9149419422,40000,881762.9149419422,719977.4926867879,0.8165204960272039
9,phase-reversal,2,400,0.01,oracle,0,1;2,1,708877.4926867879,0,708877.4926867879,719977.4926867879,1.0156585589393292
9,phase-reversal,2,400,0.01,oracle,5000,1;2,1,708877.4926867879,5000,713877.4926867879,719977.4926867879,1.0085448834884003
9,phase-reversal,2,400,0.01,oracle,20000,1;2,1,708877.4926867879,20000,728877.4926867879,719977.4926867879,0.987789443233879
9,phase-reversal,2,400,0.1,frequency,0,4;5,2,719977.4926867879,0,719977.4926867879,719977.4926867879,1.0
9,phase-reversal,2,400,0.1,frequency,5000,4;5,2,719977.4926867879,10000,729977.4926867879,719977.4926867879,0.9863009474947049
9,phase-reversal,2,400,0.1,frequency,20000,4;5,2,719977.4926867879,40000,759977.4926867879,719977.4926867879,0.9473668623282698
9,phase-reversal,2,400,0.1,residual,0,8;12,2,843334.0757034125,0,843334.0757034125,719977.4926867879,0.8537275006779078
9,phase-reversal,2,400,0.1,residual,5000,8;12,2,843334.0757034125,10000,853334.0757034125,719977.4926867879,0.8437228902329988
9,phase-reversal,2,400,0.1,residual,20000,8;12,2,843334.0757034125,40000,883334.0757034125,719977.4926867879,0.8150681746466745
9,phase-reversal,2,400,0.1,oracle,0,1;2,1,708877.4926867879,0,708877.4926867879,719977.4926867879,1.0156585589393292
9,phase-reversal,2,400,0.1,oracle,5000,1;2,1,708877.4926867879,5000,713877.4926867879,719977.4926867879,1.0085448834884003
9,phase-reversal,2,400,0.1,oracle,20000,1;2,1,708877.4926867879,20000,728877.4926867879,719977.4926867879,0.987789443233879
9,phase-reversal,2,400,1.0,frequency,0,1;4,1,710377.4926867879,0,710377.4926867879,719977.4926867879,1.013513941670211
9,phase-reversal,2,400,1.0,frequency,5000,1;4,1,710377.4926867879,5000,715377.4926867879,719977.4926867879,1.0064301715486232
9,phase-reversal,2,400,1.0,frequency,20000,1;4,1,710377.4926867879,20000,730377.4926867879,719977.4926867879,0.9857607879430371
9,phase-reversal,2,400,1.0,residual,0,8;9,2,842853.5811937444,0,842853.5811937444,719977.4926867879,0.8542141941985634
9,phase-reversal,2,400,1.0,residual,5000,8;9,2,842853.5811937444,10000,852853.5811937444,719977.4926867879,0.8441982405456173
9,phase-reversal,2,400,1.0,residual,20000,8;9,2,842853.5811937444,40000,882853.5811937444,719977.4926867879,0.8155117768376441
9,phase-reversal,2,400,1.0,oracle,0,1;2,1,708877.4926867879,0,708877.4926867879,719977.4926867879,1.0156585589393292
9,phase-reversal,2,400,1.0,oracle,5000,1;2,1,708877.4926867879,5000,713877.4926867879,719977.4926867879,1.0085448834884003
9,phase-reversal,2,400,1.0,oracle,20000,1;2,1,708877.4926867879,20000,728877.4926867879,719977.4926867879,0.987789443233879
9,phase-reversal,4,200,0.01,frequency,0,1;3;4;6,2,381738.23481105454,0,381738.23481105454,384638.23481105454,1.0075968287573693
9,phase-reversal,4,200,0.01,frequency,5000,1;3;4;6,2,381738.23481105454,10000,391738.23481105454,384638.23481105454,0.9818756522364366
9,phase-reversal,4,200,0.01,frequency,20000,1;3;4;6,2,381738.23481105454,40000,421738.23481105454,384638.23481105454,0.9120307410196721
9,phase-reversal,4,200,0.01,residual,0,9;10;11;13,4,472314.28403703374,0,472314.28403703374,384638.23481105454,0.8143692617623552
9,phase-reversal,4,200,0.01,residual,5000,9;10;11;13,4,472314.28403703374,20000,492314.28403703374,384638.23481105454,0.7812859534705693
9,phase-reversal,4,200,0.01,residual,20000,9;10;11;13,4,472314.28403703374,80000,552314.2840370338,384638.23481105454,0.6964118907076171
9,phase-reversal,4,200,0.01,oracle,0,1;2;4;6,2,380238.23481105454,0,380238.23481105454,384638.23481105454,1.0115716926841574
9,phase-reversal,4,200,0.01,oracle,5000,1;2;4;6,2,380238.23481105454,10000,390238.23481105454,384638.23481105454,0.9856497915876659
9,phase-reversal,4,200,0.01,oracle,20000,1;2;4;6,2,380238.23481105454,40000,420238.23481105454,384638.23481105454,0.915286147116037
9,phase-reversal,4,200,0.1,frequency,0,4;5;6;7,4,384138.23481105454,0,384138.23481105454,384638.23481105454,1.0013016147696048
9,phase-reversal,4,200,0.1,frequency,5000,4;5;6;7,4,384138.23481105454,20000,404138.23481105454,384638.23481105454,0.9517491830261574
9,phase-reversal,4,200,0.1,frequency,20000,4;5;6;7,4,384138.23481105454,80000,464138.23481105454,384638.23481105454,0.8287148223581202
9,phase-reversal,4,200,0.1,residual,0,8;11;12;15,4,472328.1235549139,0,472328.1235549139,384638.23481105454,0.8143454002190823
9,phase-reversal,4,200,0.1,residual,5000,8;11;12;15,4,472328.1235549139,20000,492328.1235549139,384638.23481105454,0.7812639912457738
9,phase-reversal,4,200,0.1,residual,20000,8;11;12;15,4,472328.1235549139,80000,552328.1235549139,384638.23481105454,0.6963944409265859
9,phase-reversal,4,200,0.1,oracle,0,1;2;4;6,2,380238.23481105454,0,380238.23481105454,384638.23481105454,1.0115716926841574
9,phase-reversal,4,200,0.1,oracle,5000,1;2;4;6,2,380238.23481105454,10000,390238.23481105454,384638.23481105454,0.9856497915876659
9,phase-reversal,4,200,0.1,oracle,20000,1;2;4;6,2,380238.23481105454,40000,420238.23481105454,384638.23481105454,0.915286147116037
9,phase-reversal,4,200,1.0,frequency,0,0;1;4;6,2,383938.23481105454,0,383938.23481105454,384638.23481105454,1.001823209924233
9,phase-reversal,4,200,1.0,frequency,5000,0;1;4;6,2,383938.23481105454,10000,393938.23481105454,384638.23481105454,0.9763922382287655
9,phase-reversal,4,200,1.0,frequency,20000,0;1;4;6,2,383938.23481105454,40000,423938.23481105454,384638.23481105454,0.9072978165852021
9,phase-reversal,4,200,1.0,residual,0,8;9;10;11,4,472317.4444788187,0,472317.4444788187,384638.23481105454,0.8143638125318148
9,phase-reversal,4,200,1.0,residual,5000,8;9;10;11,4,472317.4444788187,20000,492317.4444788187,384638.23481105454,0.7812809379896005
9,phase-reversal,4,200,1.0,residual,20000,8;9;10;11,4,472317.4444788187,80000,552317.4444788187,384638.23481105454,0.6964079057361828
9,phase-reversal,4,200,1.0,oracle,0,1;2;4;6,2,380238.23481105454,0,380238.23481105454,384638.23481105454,1.0115716926841574
9,phase-reversal,4,200,1.0,oracle,5000,1;2;4;6,2,380238.23481105454,10000,390238.23481105454,384638.23481105454,0.9856497915876659
9,phase-reversal,4,200,1.0,oracle,20000,1;2;4;6,2,380238.23481105454,40000,420238.23481105454,384638.23481105454,0.915286147116037
9,phase-reversal,4,300,0.01,frequency,0,1;3;4;6,2,475424.20544760575,0,475424.20544760575,481224.20544760575,1.0121996312630726
9,phase-reversal,4,300,0.01,frequency,5000,1;3;4;6,2,475424.20544760575,10000,485424.20544760575,481224.20544760575,0.9913477738586868
9,phase-reversal,4,300,0.01,frequency,20000,1;3;4;6,2,475424.20544760575,40000,515424.20544760575,481224.20544760575,0.9336468880612622
9,phase-reversal,4,300,0.01,residual,0,9;10;11;13,4,652350.072580339,0,652350.072580339,481224.20544760575,0.7376778599014281
9,phase-reversal,4,300,0.01,residual,5000,9;10;11;13,4,652350.072580339,20000,672350.072580339,481224.20544760575,0.7157345928450157
9,phase-reversal,4,300,0.01,residual,20000,9;10;11;13,4,652350.072580339,80000,732350.072580339,481224.20544760575,0.6570958663963473
9,phase-reversal,4,300,0.01,oracle,0,1;2;4;6,2,472424.20544760575,0,472424.20544760575,481224.20544760575,1.0186273266664274
9,phase-reversal,4,300,0.01,oracle,5000,1;2;4;6,2,472424.20544760575,10000,482424.20544760575,481224.20544760575,0.9975125626234144
9,phase-reversal,4,300,0.01,oracle,20000,1;2;4;6,2,472424.20544760575,40000,512424.20544760575,481224.20544760575,0.9391129465229954
9,phase-reversal,4,300,0.1,frequency,0,4;5;6;7,4,480224.20544760575,0,480224.20544760575,481224.20544760575,1.0020823606737355
9,phase-reversal,4,300,0.1,frequency,5000,4;5;6;7,4,480224.20544760575,20000,500224.20544760575,481224.20544760575,0.9620170319766941
9,phase-reversal,4,300,0.1,frequency,20000,4;5;6;7,4,480224.20544760575,80000,560224.2054476058,481224.20544760575,0.8589850291511754
9,phase-reversal,4,300,0.1,residual,0,8;11;12;15,4,652795.0532375195,0,652795.0532375195,481224.20544760575,0.7371750185008101
9,phase-reversal,4,300,0.1,residual,5000,8;11;12;15,4,652795.0532375195,20000,672795.0532375195,481224.20544760575,0.7152612123587022
9,phase-reversal,4,300,0.1,residual,20000,8;11;12;15,4,652795.0532375195,80000,732795.0532375195,481224.20544760575,0.6566968531263099
9,phase-reversal,4,300,0.1,oracle,0,1;2;4;6,2,472424.20544760575,0,472424.20544760575,481224.20544760575,1.0186273266664274
9,phase-reversal,4,300,0.1,oracle,5000,1;2;4;6,2,472424.20544760575,10000,482424.20544760575,481224.20544760575,0.9975125626234144
9,phase-reversal,4,300,0.1,oracle,20000,1;2;4;6,2,472424.20544760575,40000,512424.20544760575,481224.20544760575,0.9391129465229954
9,phase-reversal,4,300,1.0,frequency,0,0;1;4;6,2,479824.20544760575,0,479824.20544760575,481224.20544760575,1.0029177352540897
9,phase-reversal,4,300,1.0,frequency,5000,0;1;4;6,2,479824.20544760575,10000,489824.20544760575,481224.20544760575,0.982442680650824
9,phase-reversal,4,300,1.0,frequency,20000,0;1;4;6,2,479824.20544760575,40000,519824.20544760575,481224.20544760575,0.9257441273502017
9,phase-reversal,4,300,1.0,residual,0,8;9;10;11,4,652545.1157060914,0,652545.1157060914,481224.20544760575,0.737457370938856
9,phase-reversal,4,300,1.0,residual,5000,8;9;10;11,4,652545.1157060914,20000,672545.1157060914,481224.20544760575,0.7155270244470935
9,phase-reversal,4,300,1.0,residual,20000,8;9;10;11,4,652545.1157060914,80000,732545.1157060914,481224.20544760575,0.6569209119410475
9,phase-reversal,4,300,1.0,oracle,0,1;2;4;6,2,472424.20544760575,0,472424.20544760575,481224.20544760575,1.0186273266664274
9,phase-reversal,4,300,1.0,oracle,5000,1;2;4;6,2,472424.20544760575,10000,482424.20544760575,481224.20544760575,0.9975125626234144
9,phase-reversal,4,300,1.0,oracle,20000,1;2;4;6,2,472424.20544760575,40000,512424.20544760575,481224.20544760575,0.9391129465229954
9,phase-reversal,4,400,0.01,frequency,0,1;3;4;6,2,576577.4926867879,0,576577.4926867879,585277.4926867879,1.0150890385253488
9,phase-reversal,4,400,0.01,frequency,5000,1;3;4;6,2,576577.4926867879,10000,586577.4926867879,585277.4926867879,0.9977837540372622
9,phase-reversal,4,400,0.01,frequency,20000,1;3;4;6,2,576577.4926867879,40000,616577.4926867879,585277.4926867879,0.94923590242711
9,phase-reversal,4,400,0.01,residual,0,9;10;11;13,4,836071.8996389449,0,836071.8996389449,585277.4926867879,0.7000324887602827
9,phase-reversal,4,400,0.01,residual,5000,9;10;11;13,4,836071.8996389449,20000,856071.8996389449,585277.4926867879,0.6836779631870095
9,phase-reversal,4,400,0.01,residual,20000,9;10;11;13,4,836071.8996389449,80000,916071.8996389449,585277.4926867879,0.6388990786830877
9,phase-reversal,4,400,0.01,oracle,0,1;2;4;6,2,572077.4926867879,0,572077.4926867879,585277.4926867879,1.0230737971144532
9,phase-reversal,4,400,0.01,oracle,5000,1;2;4;6,2,572077.4926867879,10000,582077.4926867879,585277.4926867879,1.0054975497939789
9,phase-reversal,4,400,0.01,oracle,20000,1;2;4;6,2,572077.4926867879,40000,612077.4926867879,585277.4926867879,0.9562146945113793
9,phase-reversal,4,400,0.1,frequency,0,4;5;6;7,4,583777.4926867879,0,583777.4926867879,585277.4926867879,1.0025694721341454
9,phase-reversal,4,400,0.1,frequency,5000,4;5;6;7,4,583777.4926867879,20000,603777.4926867879,585277.4926867879,0.9693595733128844
9,phase-reversal,4,400,0.1,frequency,20000,4;5;6;7,4,583777.4926867879,80000,663777.4926867879,585277.4926867879,0.8817374785001316
9,phase-reversal,4,400,0.1,residual,0,8;11;12;15,4,837266.5170788895,0,837266.5170788895,585277.4926867879,0.6990336777454597
9,phase-reversal,4,400,0.1,residual,5000,8;11;12;15,4,837266.5170788895,20000,857266.5170788895,585277.4926867879,0.6827252447478104
9,phase-reversal,4,400,0.1,residual,20000,8;11;12;15,4,837266.5170788895,80000,917266.5170788895,585277.4926867879,0.6380669977474508
9,phase-reversal,4,400,0.1,oracle,0,1;2;4;6,2,572077.4926867879,0,572077.4926867879,585277.4926867879,1.0230737971144532
9,phase-reversal,4,400,0.1,oracle,5000,1;2;4;6,2,572077.4926867879,10000,582077.4926867879,585277.4926867879,1.0054975497939789
9,phase-reversal,4,400,0.1,oracle,20000,1;2;4;6,2,572077.4926867879,40000,612077.4926867879,585277.4926867879,0.9562146945113793
9,phase-reversal,4,400,1.0,frequency,0,0;1;4;6,2,583177.4926867879,0,583177.4926867879,585277.4926867879,1.0036009620164266
9,phase-reversal,4,400,1.0,frequency,5000,0;1;4;6,2,583177.4926867879,10000,593177.4926867879,585277.4926867879,0.986681895221248
9,phase-reversal,4,400,1.0,frequency,20000,0;1;4;6,2,583177.4926867879,40000,623177.4926867879,585277.4926867879,0.9391826559130101
9,phase-reversal,4,400,1.0,residual,0,8;9;10;11,4,836810.2042254461,0,836810.2042254461,585277.4926867879,0.6994148610180039
9,phase-reversal,4,400,1.0,residual,5000,8;9;10;11,4,836810.2042254461,20000,856810.2042254461,585277.4926867879,0.6830888448812032
9,phase-reversal,4,400,1.0,residual,20000,8;9;10;11,4,836810.2042254461,80000,916810.2042254461,585277.4926867879,0.6383845751163417
9,phase-reversal,4,400,1.0,oracle,0,1;2;4;6,2,572077.4926867879,0,572077.4926867879,585277.4926867879,1.0230737971144532
9,phase-reversal,4,400,1.0,oracle,5000,1;2;4;6,2,572077.4926867879,10000,582077.4926867879,585277.4926867879,1.0054975497939789
9,phase-reversal,4,400,1.0,oracle,20000,1;2;4;6,2,572077.4926867879,40000,612077.4926867879,585277.4926867879,0.9562146945113793
9,phase-reversal,8,200,0.01,frequency,0,0;1;2;3;4;6;9;10,2,338956.9298904704,0,338956.9298904704,296338.23481105454,0.8742651607884591
9,phase-reversal,8,200,0.01,frequency,5000,0;1;2;3;4;6;9;10,2,338956.9298904704,10000,348956.9298904704,296338.23481105454,0.8492114912406764
9,phase-reversal,8,200,0.01,frequency,20000,0;1;2;3;4;6;9;10,2,338956.9298904704,40000,378956.9298904704,296338.23481105454,0.7819839444464175
9,phase-reversal,8,200,0.01,residual,0,0;1;2;9;10;11;13;14,5,406191.4685235237,0,406191.4685235237,296338.23481105454,0.7295530747807736
9,phase-reversal,8,200,0.01,residual,5000,0;1;2;9;10;11;13;14,5,406191.4685235237,25000,431191.4685235237,296338.23481105454,0.6872544019151616
9,phase-reversal,8,200,0.01,residual,20000,0;1;2;9;10;11;13;14,5,406191.4685235237,100000,506191.4685235237,296338.23481105454,0.5854271619302946
9,phase-reversal,8,200,0.01,oracle,0,0;1;2;3;4;5;6;7,0,296338.23481105454,0,296338.23481105454,296338.23481105454,1.0
9,phase-reversal,8,200,0.01,oracle,5000,0;1;2;3;4;5;6;7,0,296338.23481105454,0,296338.23481105454,296338.23481105454,1.0
9,phase-reversal,8,200,0.01,oracle,20000,0;1;2;3;4;5;6;7,0,296338.23481105454,0,296338.23481105454,296338.23481105454,1.0
9,phase-reversal,8,200,0.1,frequency,0,0;1;3;4;5;6;7;8,1,319517.3921320196,0,319517.3921320196,296338.23481105454,0.92745572575471
9,phase-reversal,8,200,0.1,frequency,5000,0;1;3;4;5;6;7;8,1,319517.3921320196,5000,324517.3921320196,296338.23481105454,0.9131659565737503
9,phase-reversal,8,200,0.1,frequency,20000,0;1;3;4;5;6;7;8,1,319517.3921320196,20000,339517.3921320196,296338.23481105454,0.8728219575149921
9,phase-reversal,8,200,0.1,residual,0,8;9;10;11;12;13;14;15,8,472200.0,0,472200.0,296338.23481105454,0.6275693240386585
9,phase-reversal,8,200,0.1,residual,5000,8;9;10;11;12;13;14;15,8,472200.0,40000,512200.0,296338.23481105454,0.5785596150157254
9,phase-reversal,8,200,0.1,residual,20000,8;9;10;11;12;13;14;15,8,472200.0,160000,632200.0,296338.23481105454,0.4687412761959104
9,phase-reversal,8,200,0.1,oracle,0,0;1;2;3;4;5;6;7,0,296338.23481105454,0,296338.23481105454,296338.23481105454,1.0
9,phase-reversal,8,200,0.1,oracle,5000,0;1;2;3;4;5;6;7,0,296338.23481105454,0,296338.23481105454,296338.23481105454,1.0
9,phase-reversal,8,200,0.1,oracle,20000,0;1;2;3;4;5;6;7,0,296338.23481105454,0,296338.23481105454,296338.23481105454,1.0
9,phase-reversal,8,200,1.0,frequency,0,0;1;2;3;4;5;6;7,0,296338.23481105454,0,296338.23481105454,296338.23481105454,1.0
9,phase-reversal,8,200,1.0,frequency,5000,0;1;2;3;4;5;6;7,0,296338.23481105454,0,296338.23481105454,296338.23481105454,1.0
9,phase-reversal,8,200,1.0,frequency,20000,0;1;2;3;4;5;6;7,0,296338.23481105454,0,296338.23481105454,296338.23481105454,1.0
9,phase-reversal,8,200,1.0,residual,0,8;9;10;11;12;13;14;15,8,472200.0,0,472200.0,296338.23481105454,0.6275693240386585
9,phase-reversal,8,200,1.0,residual,5000,8;9;10;11;12;13;14;15,8,472200.0,40000,512200.0,296338.23481105454,0.5785596150157254
9,phase-reversal,8,200,1.0,residual,20000,8;9;10;11;12;13;14;15,8,472200.0,160000,632200.0,296338.23481105454,0.4687412761959104
9,phase-reversal,8,200,1.0,oracle,0,0;1;2;3;4;5;6;7,0,296338.23481105454,0,296338.23481105454,296338.23481105454,1.0
9,phase-reversal,8,200,1.0,oracle,5000,0;1;2;3;4;5;6;7,0,296338.23481105454,0,296338.23481105454,296338.23481105454,1.0
9,phase-reversal,8,200,1.0,oracle,20000,0;1;2;3;4;5;6;7,0,296338.23481105454,0,296338.23481105454,296338.23481105454,1.0
9,phase-reversal,8,300,0.01,frequency,0,0;1;2;3;4;6;9;10,2,387540.51616918895,0,387540.51616918895,304624.2054476058,0.7860447946418477
9,phase-reversal,8,300,0.01,frequency,5000,0;1;2;3;4;6;9;10,2,387540.51616918895,10000,397540.51616918895,304624.2054476058,0.7662720982078743
9,phase-reversal,8,300,0.01,frequency,20000,0;1;2;3;4;6;9;10,2,387540.51616918895,40000,427540.51616918895,304624.2054476058,0.7125037135125178
9,phase-reversal,8,300,0.01,residual,0,1;3;6;9;10;11;13;14,5,515311.6318385427,0,515311.6318385427,304624.2054476058,0.5911456032163671
9,phase-reversal,8,300,0.01,residual,5000,1;3;6;9;10;11;13;14,5,515311.6318385427,25000,540311.6318385426,304624.2054476058,0.5637935359841271
9,phase-reversal,8,300,0.01,residual,20000,1;3;6;9;10;11;13;14,5,515311.6318385427,100000,615311.6318385426,304624.2054476058,0.49507304865567536
9,phase-reversal,8,300,0.01,oracle,0,0;1;2;3;4;5;6;7,0,304624.2054476058,0,304624.2054476058,304624.2054476058,1.0
9,phase-reversal,8,300,0.01,oracle,5000,0;1;2;3;4;5;6;7,0,304624.2054476058,0,304624.2054476058,304624.2054476058,1.0
9,phase-reversal,8,300,0.01,oracle,20000,0;1;2;3;4;5;6;7,0,304624.2054476058,0,304624.2054476058,304624.2054476058,1.0
9,phase-reversal,8,300,0.1,frequency,0,0;1;3;4;5;6;7;8,1,350246.3253560519,0,350246.3253560519,304624.2054476058,0.8697427592935693
9,phase-reversal,8,300,0.1,frequency,5000,0;1;3;4;5;6;7;8,1,350246.3253560519,5000,355246.3253560519,304624.2054476058,0.8575013552702926
9,phase-reversal,8,300,0.1,frequency,20000,0;1;3;4;5;6;7;8,1,350246.3253560519,20000,370246.3253560519,304624.2054476058,0.8227609150601568
9,phase-reversal,8,300,0.1,residual,0,8;9;10;11;12;13;14;15,8,648300.0,0,648300.0,304624.2054476058,0.469881544728684
9,phase-reversal,8,300,0.1,residual,5000,8;9;10;11;12;13;14;15,8,648300.0,40000,688300.0,304624.2054476058,0.44257475729711726
9,phase-reversal,8,300,0.1,residual,20000,8;9;10;11;12;13;14;15,8,648300.0,160000,808300.0,304624.2054476058,0.3768702281920151
9,phase-reversal,8,300,0.1,oracle,0,0;1;2;3;4;5;6;7,0,304624.2054476058,0,304624.2054476058,304624.2054476058,1.0
9,phase-reversal,8,300,0.1,oracle,5000,0;1;2;3;4;5;6;7,0,304624.2054476058,0,304624.2054476058,304624.2054476058,1.0
9,phase-reversal,8,300,0.1,oracle,20000,0;1;2;3;4;5;6;7,0,304624.2054476058,0,304624.2054476058,304624.2054476058,1.0
9,phase-reversal,8,300,1.0,frequency,0,0;1;2;3;4;5;6;7,0,304624.2054476058,0,304624.2054476058,304624.2054476058,1.0
9,phase-reversal,8,300,1.0,frequency,5000,0;1;2;3;4;5;6;7,0,304624.2054476058,0,304624.2054476058,304624.2054476058,1.0
9,phase-reversal,8,300,1.0,frequency,20000,0;1;2;3;4;5;6;7,0,304624.2054476058,0,304624.2054476058,304624.2054476058,1.0
9,phase-reversal,8,300,1.0,residual,0,8;9;10;11;12;13;14;15,8,648300.0,0,648300.0,304624.2054476058,0.469881544728684
9,phase-reversal,8,300,1.0,residual,5000,8;9;10;11;12;13;14;15,8,648300.0,40000,688300.0,304624.2054476058,0.44257475729711726
9,phase-reversal,8,300,1.0,residual,20000,8;9;10;11;12;13;14;15,8,648300.0,160000,808300.0,304624.2054476058,0.3768702281920151
9,phase-reversal,8,300,1.0,oracle,0,0;1;2;3;4;5;6;7,0,304624.2054476058,0,304624.2054476058,304624.2054476058,1.0
9,phase-reversal,8,300,1.0,oracle,5000,0;1;2;3;4;5;6;7,0,304624.2054476058,0,304624.2054476058,304624.2054476058,1.0
9,phase-reversal,8,300,1.0,oracle,20000,0;1;2;3;4;5;6;7,0,304624.2054476058,0,304624.2054476058,304624.2054476058,1.0
9,phase-reversal,8,400,0.01,frequency,0,0;1;2;3;4;6;9;10,2,441562.9149419422,0,441562.9149419422,320377.4926867879,0.7255534417533953
9,phase-reversal,8,400,0.01,frequency,5000,0;1;2;3;4;6;9;10,2,441562.9149419422,10000,451562.9149419422,320377.4926867879,0.7094858370466032
9,phase-reversal,8,400,0.01,frequency,20000,0;1;2;3;4;6;9;10,2,441562.9149419422,40000,481562.9149419422,320377.4926867879,0.6652868872292896
9,phase-reversal,8,400,0.01,residual,0,1;3;6;9;10;11;13;14,5,629094.4800270763,0,629094.4800270763,320377.4926867879,0.5092676900820984
9,phase-reversal,8,400,0.01,residual,5000,1;3;6;9;10;11;13;14,5,629094.4800270763,25000,654094.4800270763,320377.4926867879,0.4898030826884915
9,phase-reversal,8,400,0.01,residual,20000,1;3;6;9;10;11;13;14,5,629094.4800270763,100000,729094.4800270763,320377.4926867879,0.43941834901135185
9,phase-reversal,8,400,0.01,oracle,0,0;1;2;3;4;5;6;7,0,320377.4926867879,0,320377.4926867879,320377.4926867879,1.0
9,phase-reversal,8,400,0.01,oracle,5000,0;1;2;3;4;5;6;7,0,320377.4926867879,0,320377.4926867879,320377.4926867879,1.0
9,phase-reversal,8,400,0.01,oracle,20000,0;1;2;3;4;5;6;7,0,320377.4926867879,0,320377.4926867879,320377.4926867879,1.0
9,phase-reversal,8,400,0.1,frequency,0,0;1;3;4;5;6;7;8,1,387741.2775511139,0,387741.2775511139,320377.4926867879,0.8262661502283677
9,phase-reversal,8,400,0.1,frequency,5000,0;1;3;4;5;6;7;8,1,387741.2775511139,5000,392741.2775511139,320377.4926867879,0.8157469331577756
9,phase-reversal,8,400,0.1,frequency,20000,0;1;3;4;5;6;7;8,1,387741.2775511139,20000,407741.2775511139,320377.4926867879,0.7857372072088674
9,phase-reversal,8,400,0.1,residual,0,8;9;10;11;12;13;14;15,8,824400.0,0,824400.0,320377.4926867879,0.38861898676223666
9,phase-reversal,8,400,0.1,residual,5000,8;9;10;11;12;13;14;15,8,824400.0,40000,864400.0,320377.4926867879,0.3706356926038731
9,phase-reversal,8,400,0.1,residual,20000,8;9;10;11;12;13;14;15,8,824400.0,160000,984400.0,320377.4926867879,0.3254545842003128
9,phase-reversal,8,400,0.1,oracle,0,0;1;2;3;4;5;6;7,0,320377.4926867879,0,320377.4926867879,320377.4926867879,1.0
9,phase-reversal,8,400,0.1,oracle,5000,0;1;2;3;4;5;6;7,0,320377.4926867879,0,320377.4926867879,320377.4926867879,1.0
9,phase-reversal,8,400,0.1,oracle,20000,0;1;2;3;4;5;6;7,0,320377.4926867879,0,320377.4926867879,320377.4926867879,1.0
9,phase-reversal,8,400,1.0,frequency,0,0;1;2;3;4;5;6;7,0,320377.4926867879,0,320377.4926867879,320377.4926867879,1.0
9,phase-reversal,8,400,1.0,frequency,5000,0;1;2;3;4;5;6;7,0,320377.4926867879,0,320377.4926867879,320377.4926867879,1.0
9,phase-reversal,8,400,1.0,frequency,20000,0;1;2;3;4;5;6;7,0,320377.4926867879,0,320377.4926867879,320377.4926867879,1.0
9,phase-reversal,8,400,1.0,residual,0,8;9;10;11;12;13;14;15,8,824400.0,0,824400.0,320377.4926867879,0.38861898676223666
9,phase-reversal,8,400,1.0,residual,5000,8;9;10;11;12;13;14;15,8,824400.0,40000,864400.0,320377.4926867879,0.3706356926038731
9,phase-reversal,8,400,1.0,residual,20000,8;9;10;11;12;13;14;15,8,824400.0,160000,984400.0,320377.4926867879,0.3254545842003128
9,phase-reversal,8,400,1.0,oracle,0,0;1;2;3;4;5;6;7,0,320377.4926867879,0,320377.4926867879,320377.4926867879,1.0
9,phase-reversal,8,400,1.0,oracle,5000,0;1;2;3;4;5;6;7,0,320377.4926867879,0,320377.4926867879,320377.4926867879,1.0
9,phase-reversal,8,400,1.0,oracle,20000,0;1;2;3;4;5;6;7,0,320377.4926867879,0,320377.4926867879,320377.4926867879,1.0
