=== generic WIDTH=1 PIPE=1 ===

 /----------------------------------------------------------------------------\
 |  yosys -- Yosys Open SYnthesis Suite                                       |
 |  Copyright (C) 2012 - 2026  Claire Xenia Wolf <claire@yosyshq.com>         |
 |  Distributed under an ISC-like license, type "license" to see terms        |
 \----------------------------------------------------------------------------/
 Yosys 0.69 (git sha1 9f75ca1f9, Release, Clang /workspace/YoWASP/yosys/wasi-sdk-33.0-x86_64-linux/share/cmake/../..//bin/clang++ 22.1.0)

-- Running command `read_verilog -sv rtl/stream_sum.sv; chparam -set WIDTH 1 -set PIPE 1 stream_sum; synth -top stream_sum; check -assert; tee -o results/generic_1_1.json stat -json; ltp -noff; write_verilog -noattr build/generic_1_1.v' --

1. Executing Verilog-2005 frontend: rtl/stream_sum.sv
Parsing SystemVerilog input from `rtl/stream_sum.sv' to AST representation.
Generating RTLIL representation for module `\stream_sum'.
Successfully finished Verilog frontend.
Parameter \WIDTH = 1
Parameter \PIPE = 1

2. Executing AST frontend in derive mode using pre-parsed AST for module `\stream_sum'.
Parameter \WIDTH = 1
Parameter \PIPE = 1
Generating RTLIL representation for module `$paramod$a5b7b5795fde09c414b2d658fd194f4e15e320f6\stream_sum'.

3. Executing SYNTH pass.

3.1. Executing HIERARCHY pass (managing design hierarchy).

3.1.1. Analyzing design hierarchy..
Top module:  \stream_sum

3.1.2. Analyzing design hierarchy..
Top module:  \stream_sum
Removed 0 unused modules.

3.2. Executing PROC pass (convert processes to netlists).

3.2.1. Executing PROC_CLEAN pass (remove empty switches from decision trees).
Cleaned up 0 empty switches.

3.2.2. Executing PROC_RMDEAD pass (remove dead branches from decision trees).
Marked 1 switch rules as full_case in process $proc$rtl/stream_sum.sv:21$19 in module stream_sum.
Removed a total of 0 dead cases.

3.2.3. Executing PROC_PRUNE pass (remove redundant assignments in processes).
Removed 0 redundant assignments.
Promoted 0 assignments to connections.

3.2.4. Executing PROC_INIT pass (extract init attributes).

3.2.5. Executing PROC_ARST pass (detect async resets in processes).

3.2.6. Executing PROC_ROM pass (convert switches to ROMs).
Converted 0 switches.
<suppressed ~3 debug messages>

3.2.7. Executing PROC_MUX pass (convert decision trees to multiplexers).
Creating decoders for process `\stream_sum.$proc$rtl/stream_sum.sv:21$19'.
     1/2: $0\single.value[2:0]
     2/2: $0\single.valid[0:0]

3.2.8. Executing PROC_DLATCH pass (convert process syncs to latches).

3.2.9. Executing PROC_DFF pass (convert process syncs to FFs).
Creating register for signal `\stream_sum.\single.valid' using process `\stream_sum.$proc$rtl/stream_sum.sv:21$19'.
  created $dff cell `$procdff$33' with positive edge clock.
Creating register for signal `\stream_sum.\single.value' using process `\stream_sum.$proc$rtl/stream_sum.sv:21$19'.
  created $dff cell `$procdff$34' with positive edge clock.

3.2.10. Executing PROC_MEMWR pass (convert process memory writes to cells).

3.2.11. Executing PROC_CLEAN pass (remove empty switches from decision trees).
Found and cleaned up 3 empty switches in `\stream_sum.$proc$rtl/stream_sum.sv:21$19'.
Removing empty process `stream_sum.$proc$rtl/stream_sum.sv:21$19'.
Cleaned up 3 empty switches.

3.2.12. Executing OPT_EXPR pass (perform const folding).
Optimizing module stream_sum.

3.3. Executing OPT_EXPR pass (perform const folding).
Optimizing module stream_sum.

3.4. Executing OPT_CLEAN pass (remove unused cells and wires).
Finding unused cells or wires in module \stream_sum..
Removed 0 unused cells and 12 unused wires.
<suppressed ~1 debug messages>

3.5. Executing CHECK pass (checking for obvious problems).
Checking module stream_sum...
Found and reported 0 problems.

3.6. Executing OPT pass (performing simple optimizations).

3.6.1. Executing OPT_EXPR pass (perform const folding).
Optimizing module stream_sum.

3.6.2. Executing OPT_MERGE pass (detect identical cells).
Finding identical cells in module `\stream_sum'.
Computing hashes of 16 cells of `\stream_sum'.
Finding duplicate cells in `\stream_sum'.
Computing hashes of 15 cells of `\stream_sum'.
Finding duplicate cells in `\stream_sum'.
<suppressed ~3 debug messages>
Removed a total of 1 cells.

3.6.3. Executing OPT_MUXTREE pass (detect dead branches in mux trees).
Running muxtree optimizer on module \stream_sum..
  Creating internal representation of mux trees.
  Evaluating internal representation of mux trees.
  Analyzing evaluation results.
Removed 0 multiplexer ports.
<suppressed ~7 debug messages>

3.6.4. Executing OPT_REDUCE pass (consolidate $*mux and $reduce_* inputs).
  Optimizing cells in module \stream_sum.
Performed a total of 0 changes.

3.6.5. Executing OPT_MERGE pass (detect identical cells).
Finding identical cells in module `\stream_sum'.
Computing hashes of 15 cells of `\stream_sum'.
Finding duplicate cells in `\stream_sum'.
Removed a total of 0 cells.

3.6.6. Executing OPT_DFF pass (perform DFF optimizations).

3.6.7. Executing OPT_CLEAN pass (remove unused cells and wires).
Finding unused cells or wires in module \stream_sum..
Removed 0 unused cells and 1 unused wires.
<suppressed ~1 debug messages>

3.6.8. Executing OPT_EXPR pass (perform const folding).
Optimizing module stream_sum.

3.6.9. Rerunning OPT passes. (Maybe there is more to do..)

3.6.10. Executing OPT_MUXTREE pass (detect dead branches in mux trees).
Running muxtree optimizer on module \stream_sum..
  Creating internal representation of mux trees.
  Evaluating internal representation of mux trees.
  Analyzing evaluation results.
Removed 0 multiplexer ports.
<suppressed ~7 debug messages>

3.6.11. Executing OPT_REDUCE pass (consolidate $*mux and $reduce_* inputs).
  Optimizing cells in module \stream_sum.
Performed a total of 0 changes.

3.6.12. Executing OPT_MERGE pass (detect identical cells).
Finding identical cells in module `\stream_sum'.
Computing hashes of 15 cells of `\stream_sum'.
Finding duplicate cells in `\stream_sum'.
Removed a total of 0 cells.

3.6.13. Executing OPT_DFF pass (perform DFF optimizations).

3.6.14. Executing OPT_CLEAN pass (remove unused cells and wires).
Finding unused cells or wires in module \stream_sum..

3.6.15. Executing OPT_EXPR pass (perform const folding).
Optimizing module stream_sum.

3.6.16. Finished fast OPT passes. (There is nothing left to do.)

3.7. Executing FSM pass (extract and optimize FSM).

3.7.1. Executing FSM_DETECT pass (finding FSMs in design).

3.7.2. Executing FSM_EXTRACT pass (extracting FSM from design).

3.7.3. Executing FSM_OPT pass (simple optimizations of FSMs).

3.7.4. Executing OPT_CLEAN pass (remove unused cells and wires).
Finding unused cells or wires in module \stream_sum..

3.7.5. Executing FSM_OPT pass (simple optimizations of FSMs).

3.7.6. Executing FSM_RECODE pass (re-assigning FSM state encoding).

3.7.7. Executing FSM_INFO pass (dumping all available information on FSM cells).

3.7.8. Executing FSM_MAP pass (mapping FSMs to basic logic).

3.8. Executing OPT pass (performing simple optimizations).

3.8.1. Executing OPT_EXPR pass (perform const folding).
Optimizing module stream_sum.

3.8.2. Executing OPT_MERGE pass (detect identical cells).
Finding identical cells in module `\stream_sum'.
Computing hashes of 15 cells of `\stream_sum'.
Finding duplicate cells in `\stream_sum'.
Removed a total of 0 cells.

3.8.3. Executing OPT_MUXTREE pass (detect dead branches in mux trees).
Running muxtree optimizer on module \stream_sum..
  Creating internal representation of mux trees.
  Evaluating internal representation of mux trees.
  Analyzing evaluation results.
Removed 0 multiplexer ports.
<suppressed ~7 debug messages>

3.8.4. Executing OPT_REDUCE pass (consolidate $*mux and $reduce_* inputs).
  Optimizing cells in module \stream_sum.
Performed a total of 0 changes.

3.8.5. Executing OPT_MERGE pass (detect identical cells).
Finding identical cells in module `\stream_sum'.
Computing hashes of 15 cells of `\stream_sum'.
Finding duplicate cells in `\stream_sum'.
Removed a total of 0 cells.

3.8.6. Executing OPT_DFF pass (perform DFF optimizations).
Adding EN signal on $procdff$34 ($dff) from module stream_sum (D = $add$rtl/stream_sum.sv:25$20_Y, Q = \single.value).
Adding SRST signal on $procdff$33 ($dff) from module stream_sum (D = $procmux$28_Y, Q = \single.valid, rval = 1'0).
Adding EN signal on $auto$ff.cc:337:slice$40 ($sdff) from module stream_sum (D = \s_valid, Q = \single.valid).

3.8.7. Executing OPT_CLEAN pass (remove unused cells and wires).
Finding unused cells or wires in module \stream_sum..
Removed 5 unused cells and 5 unused wires.
<suppressed ~6 debug messages>

3.8.8. Executing OPT_EXPR pass (perform const folding).
Optimizing module stream_sum.

3.8.9. Rerunning OPT passes. (Maybe there is more to do..)

3.8.10. Executing OPT_MUXTREE pass (detect dead branches in mux trees).
Running muxtree optimizer on module \stream_sum..
  Creating internal representation of mux trees.
  No muxes found in this module.
Removed 0 multiplexer ports.

3.8.11. Executing OPT_REDUCE pass (consolidate $*mux and $reduce_* inputs).
  Optimizing cells in module \stream_sum.
Performed a total of 0 changes.

3.8.12. Executing OPT_MERGE pass (detect identical cells).
Finding identical cells in module `\stream_sum'.
Computing hashes of 12 cells of `\stream_sum'.
Finding duplicate cells in `\stream_sum'.
Removed a total of 0 cells.

3.8.13. Executing OPT_DFF pass (perform DFF optimizations).

3.8.14. Executing OPT_CLEAN pass (remove unused cells and wires).
Finding unused cells or wires in module \stream_sum..

3.8.15. Executing OPT_EXPR pass (perform const folding).
Optimizing module stream_sum.

3.8.16. Finished fast OPT passes. (There is nothing left to do.)

3.9. Executing WREDUCE pass (reducing word size of cells).
Removed top 1 bits (of 2) from port A of cell stream_sum.$add$rtl/stream_sum.sv:16$13 ($add).
Removed top 1 bits (of 2) from port B of cell stream_sum.$add$rtl/stream_sum.sv:16$13 ($add).
Removed top 1 bits (of 2) from port A of cell stream_sum.$add$rtl/stream_sum.sv:17$14 ($add).
Removed top 1 bits (of 2) from port B of cell stream_sum.$add$rtl/stream_sum.sv:17$14 ($add).
Removed top 1 bits (of 3) from port A of cell stream_sum.$add$rtl/stream_sum.sv:25$20 ($add).
Removed top 1 bits (of 3) from port B of cell stream_sum.$add$rtl/stream_sum.sv:25$20 ($add).

3.10. Executing PEEPOPT pass (run peephole optimizers).

3.11. Executing OPT_CLEAN pass (remove unused cells and wires).
Finding unused cells or wires in module \stream_sum..

3.12. Executing ALUMACC pass (create $alu and $macc cells).
Extracting $alu and $macc cells in module stream_sum:
  creating $macc model for $add$rtl/stream_sum.sv:16$13 ($add).
  creating $macc model for $add$rtl/stream_sum.sv:17$14 ($add).
  creating $macc model for $add$rtl/stream_sum.sv:25$20 ($add).
  merging $macc model for $add$rtl/stream_sum.sv:16$13 into $add$rtl/stream_sum.sv:25$20.
  merging $macc model for $add$rtl/stream_sum.sv:17$14 into $add$rtl/stream_sum.sv:25$20.
  creating $macc cell for $add$rtl/stream_sum.sv:25$20: $auto$alumacc.cc:399:replace_macc$42
  created 0 $alu and 1 $macc cells.

3.13. Executing SHARE pass (SAT-based resource sharing).

3.14. Executing OPT pass (performing simple optimizations).

3.14.1. Executing OPT_EXPR pass (perform const folding).
Optimizing module stream_sum.

3.14.2. Executing OPT_MERGE pass (detect identical cells).
Finding identical cells in module `\stream_sum'.
Computing hashes of 12 cells of `\stream_sum'.
Finding duplicate cells in `\stream_sum'.
Removed a total of 0 cells.

3.14.3. Executing OPT_MUXTREE pass (detect dead branches in mux trees).
Running muxtree optimizer on module \stream_sum..
  Creating internal representation of mux trees.
  No muxes found in this module.
Removed 0 multiplexer ports.

3.14.4. Executing OPT_REDUCE pass (consolidate $*mux and $reduce_* inputs).
  Optimizing cells in module \stream_sum.
Performed a total of 0 changes.

3.14.5. Executing OPT_MERGE pass (detect identical cells).
Finding identical cells in module `\stream_sum'.
Computing hashes of 12 cells of `\stream_sum'.
Finding duplicate cells in `\stream_sum'.
Removed a total of 0 cells.

3.14.6. Executing OPT_DFF pass (perform DFF optimizations).

3.14.7. Executing OPT_CLEAN pass (remove unused cells and wires).
Finding unused cells or wires in module \stream_sum..
Removed 2 unused cells and 2 unused wires.
<suppressed ~4 debug messages>

3.14.8. Executing OPT_EXPR pass (perform const folding).
Optimizing module stream_sum.

3.14.9. Rerunning OPT passes. (Maybe there is more to do..)

3.14.10. Executing OPT_MUXTREE pass (detect dead branches in mux trees).
Running muxtree optimizer on module \stream_sum..
  Creating internal representation of mux trees.
  No muxes found in this module.
Removed 0 multiplexer ports.

3.14.11. Executing OPT_REDUCE pass (consolidate $*mux and $reduce_* inputs).
  Optimizing cells in module \stream_sum.
Performed a total of 0 changes.

3.14.12. Executing OPT_MERGE pass (detect identical cells).
Finding identical cells in module `\stream_sum'.
Computing hashes of 10 cells of `\stream_sum'.
Finding duplicate cells in `\stream_sum'.
Removed a total of 0 cells.

3.14.13. Executing OPT_DFF pass (perform DFF optimizations).

3.14.14. Executing OPT_CLEAN pass (remove unused cells and wires).
Finding unused cells or wires in module \stream_sum..

3.14.15. Executing OPT_EXPR pass (perform const folding).
Optimizing module stream_sum.

3.14.16. Finished fast OPT passes. (There is nothing left to do.)

3.15. Executing MEMORY pass.

3.15.1. Executing OPT_MEM pass (optimize memories).
Performed a total of 0 transformations.

3.15.2. Executing OPT_MEM_PRIORITY pass (removing unnecessary memory write priority relations).
Performed a total of 0 transformations.

3.15.3. Executing OPT_MEM_FEEDBACK pass (finding memory read-to-write feedback paths).

3.15.4. Executing MEMORY_BMUX2ROM pass (converting muxes to ROMs).

3.15.5. Executing MEMORY_DFF pass (merging $dff cells to $memrd).

3.15.6. Executing OPT_CLEAN pass (remove unused cells and wires).
Finding unused cells or wires in module \stream_sum..

3.15.7. Executing MEMORY_SHARE pass (consolidating $memrd/$memwr cells).

3.15.8. Executing OPT_MEM_WIDEN pass (optimize memories where all ports are wide).
Performed a total of 0 transformations.

3.15.9. Executing OPT_CLEAN pass (remove unused cells and wires).
Finding unused cells or wires in module \stream_sum..

3.15.10. Executing MEMORY_COLLECT pass (generating $mem cells).

3.16. Executing OPT_CLEAN pass (remove unused cells and wires).
Finding unused cells or wires in module \stream_sum..

3.17. Executing OPT pass (performing simple optimizations).

3.17.1. Executing OPT_EXPR pass (perform const folding).
Optimizing module stream_sum.

3.17.2. Executing OPT_MERGE pass (detect identical cells).
Finding identical cells in module `\stream_sum'.
Computing hashes of 10 cells of `\stream_sum'.
Finding duplicate cells in `\stream_sum'.
Removed a total of 0 cells.

3.17.3. Executing OPT_DFF pass (perform DFF optimizations).

3.17.4. Executing OPT_CLEAN pass (remove unused cells and wires).
Finding unused cells or wires in module \stream_sum..

3.17.5. Finished fast OPT passes.

3.18. Executing MEMORY_MAP pass (converting memories to logic and flip-flops).

3.19. Executing OPT pass (performing simple optimizations).

3.19.1. Executing OPT_EXPR pass (perform const folding).
Optimizing module stream_sum.

3.19.2. Executing OPT_MERGE pass (detect identical cells).
Finding identical cells in module `\stream_sum'.
Computing hashes of 10 cells of `\stream_sum'.
Finding duplicate cells in `\stream_sum'.
Removed a total of 0 cells.

3.19.3. Executing OPT_MUXTREE pass (detect dead branches in mux trees).
Running muxtree optimizer on module \stream_sum..
  Creating internal representation of mux trees.
  No muxes found in this module.
Removed 0 multiplexer ports.

3.19.4. Executing OPT_REDUCE pass (consolidate $*mux and $reduce_* inputs).
  Optimizing cells in module \stream_sum.
Performed a total of 0 changes.

3.19.5. Executing OPT_MERGE pass (detect identical cells).
Finding identical cells in module `\stream_sum'.
Computing hashes of 10 cells of `\stream_sum'.
Finding duplicate cells in `\stream_sum'.
Removed a total of 0 cells.

3.19.6. Executing OPT_SHARE pass.

3.19.7. Executing OPT_DFF pass (perform DFF optimizations).

3.19.8. Executing OPT_CLEAN pass (remove unused cells and wires).
Finding unused cells or wires in module \stream_sum..

3.19.9. Executing OPT_EXPR pass (perform const folding).
Optimizing module stream_sum.

3.19.10. Finished fast OPT passes. (There is nothing left to do.)

3.20. Executing TECHMAP pass (map to technology primitives).

3.20.1. Executing Verilog-2005 frontend: /share/techmap.v
Parsing Verilog input from `/share/techmap.v' to AST representation.
Generating RTLIL representation for module `\_90_simplemap_bool_ops'.
Generating RTLIL representation for module `\_90_simplemap_reduce_ops'.
Generating RTLIL representation for module `\_90_simplemap_logic_ops'.
Generating RTLIL representation for module `\_90_simplemap_compare_ops'.
Generating RTLIL representation for module `\_90_simplemap_various'.
Generating RTLIL representation for module `\_90_simplemap_registers'.
Generating RTLIL representation for module `\_90_shift_ops_shr_shl_sshl_sshr'.
Generating RTLIL representation for module `\_90_shift_shiftx'.
Generating RTLIL representation for module `\_90_fa'.
Generating RTLIL representation for module `\_90_lcu_brent_kung'.
Generating RTLIL representation for module `\_90_alu'.
Generating RTLIL representation for module `\_90_macc'.
Generating RTLIL representation for module `\_90_alumacc'.
Generating RTLIL representation for module `$__div_mod_u'.
Generating RTLIL representation for module `$__div_mod_trunc'.
Generating RTLIL representation for module `\_90_div'.
Generating RTLIL representation for module `\_90_mod'.
Generating RTLIL representation for module `$__div_mod_floor'.
Generating RTLIL representation for module `\_90_divfloor'.
Generating RTLIL representation for module `\_90_modfloor'.
Generating RTLIL representation for module `\_90_pow'.
Generating RTLIL representation for module `\_90_demux'.
Generating RTLIL representation for module `\_90_lut'.
Generating RTLIL representation for module `$connect'.
Generating RTLIL representation for module `$input_port'.
Successfully finished Verilog frontend.

3.20.2. Continuing TECHMAP pass.
Using extmapper maccmap for cells of type $macc_v2.
  add \a (1 bits, unsigned)
  add \c (1 bits, unsigned)
  add \b (1 bits, unsigned)
  add \d (1 bits, unsigned)
  packed 1 (1) bits / 1 words into adder tree
Using extmapper simplemap for cells of type $sdffe.
Using extmapper simplemap for cells of type $reduce_and.
Using extmapper simplemap for cells of type $not.
Using extmapper simplemap for cells of type $dffe.
Using extmapper simplemap for cells of type $logic_not.
Using extmapper simplemap for cells of type $logic_or.
Using extmapper simplemap for cells of type $logic_and.
Using template $paramod\_90_fa\WIDTH=32'00000000000000000000000000000001 for cells of type $fa.
Using template $paramod$78e969f2586efcf3a5b0b0440bcca0db83d5cca2\_90_alu for cells of type $alu.
Using extmapper simplemap for cells of type $or.
Using extmapper simplemap for cells of type $xor.
Using extmapper simplemap for cells of type $and.
Using template $paramod\_90_fa\WIDTH=32'00000000000000000000000000000011 for cells of type $fa.
Using template $paramod\_90_lcu_brent_kung\WIDTH=32'00000000000000000000000000000011 for cells of type $lcu.
Using extmapper simplemap for cells of type $pos.
Using extmapper simplemap for cells of type $mux.
No more expansions possible.
<suppressed ~236 debug messages>

3.21. Executing OPT pass (performing simple optimizations).

3.21.1. Executing OPT_EXPR pass (perform const folding).
Optimizing module stream_sum.
<suppressed ~25 debug messages>

3.21.2. Executing OPT_MERGE pass (detect identical cells).
Finding identical cells in module `\stream_sum'.
Computing hashes of 23 cells of `\stream_sum'.
Finding duplicate cells in `\stream_sum'.
Computing hashes of 22 cells of `\stream_sum'.
Finding duplicate cells in `\stream_sum'.
<suppressed ~3 debug messages>
Removed a total of 1 cells.

3.21.3. Executing OPT_DFF pass (perform DFF optimizations).

3.21.4. Executing OPT_CLEAN pass (remove unused cells and wires).
Finding unused cells or wires in module \stream_sum..
Removed 2 unused cells and 55 unused wires.
<suppressed ~3 debug messages>

3.21.5. Finished fast OPT passes.

3.22. Executing ABC pass (technology mapping using ABC).

3.22.1. Extracting gate netlist of module `\stream_sum' to `<abc-temp-dir>/input.blif'..

3.22.1.1. Executed ABC.
Extracted 16 gates and 24 wires to a netlist network with 8 inputs and 7 outputs.
Running ABC script: <abc-temp-dir>/abc.script

3.22.1.2. Re-integrating ABC results.
ABC RESULTS:               AND cells:        3
ABC RESULTS:            ANDNOT cells:        2
ABC RESULTS:              NAND cells:        3
ABC RESULTS:               NOT cells:        1
ABC RESULTS:             ORNOT cells:        1
ABC RESULTS:              XNOR cells:        2
ABC RESULTS:               XOR cells:        2
ABC RESULTS:        internal signals:        9
ABC RESULTS:           input signals:        8
ABC RESULTS:          output signals:        7
Removing temp directory.
Removing global temp directory.

3.23. Executing OPT pass (performing simple optimizations).

3.23.1. Executing OPT_EXPR pass (perform const folding).
Optimizing module stream_sum.

3.23.2. Executing OPT_MERGE pass (detect identical cells).
Finding identical cells in module `\stream_sum'.
Computing hashes of 18 cells of `\stream_sum'.
Finding duplicate cells in `\stream_sum'.
Removed a total of 0 cells.

3.23.3. Executing OPT_DFF pass (perform DFF optimizations).

3.23.4. Executing OPT_CLEAN pass (remove unused cells and wires).
Finding unused cells or wires in module \stream_sum..
Removed 0 unused cells and 23 unused wires.
<suppressed ~1 debug messages>

3.23.5. Finished fast OPT passes.

3.24. Executing HIERARCHY pass (managing design hierarchy).
Attribute `top' found on module `stream_sum'. Setting top module to stream_sum.

3.24.1. Analyzing design hierarchy..
Top module:  \stream_sum

3.24.2. Analyzing design hierarchy..
Top module:  \stream_sum
Removed 0 unused modules.

3.25. Printing statistics.

=== stream_sum ===

        +----------Local Count, excluding submodules.
        | 
       25 wires
       35 wire bits
       14 public wires
       18 public wire bits
       11 ports
       13 port bits
       18 cells
        2   $_ANDNOT_
        3   $_AND_
        3   $_DFFE_PP_
        3   $_NAND_
        1   $_NOT_
        1   $_ORNOT_
        1   $_SDFFE_PP0P_
        2   $_XNOR_
        2   $_XOR_

3.26. Executing CHECK pass (checking for obvious problems).
Checking module stream_sum...
Found and reported 0 problems.

4. Executing CHECK pass (checking for obvious problems).
Checking module stream_sum...
Found and reported 0 problems.
{
   "creator": "Yosys 0.69 (git sha1 9f75ca1f9, Release, Clang /workspace/YoWASP/yosys/wasi-sdk-33.0-x86_64-linux/share/cmake/../..//bin/clang++ 22.1.0)",
   "invocation": "stat -json ",
   "modules": {
      "\\stream_sum": {
         "num_wires":         25,
         "num_wire_bits":     35,
         "num_pub_wires":     14,
         "num_pub_wire_bits": 18,
         "num_ports":         11,
         "num_port_bits":     13,
         "num_memories":      0,
         "num_memory_bits":   0,
         "num_processes":     0,
         "num_cells":         18,
         "num_submodules":       0,
         "num_cells_by_type": {
            "$_ANDNOT_": 2,
            "$_AND_": 3,
            "$_DFFE_PP_": 3,
            "$_NAND_": 3,
            "$_NOT_": 1,
            "$_ORNOT_": 1,
            "$_SDFFE_PP0P_": 1,
            "$_XNOR_": 2,
            "$_XOR_": 2
         }
      }
   },
      "design": {
         "num_wires":         25,
         "num_wire_bits":     35,
         "num_pub_wires":     14,
         "num_pub_wire_bits": 18,
         "num_ports":         11,
         "num_port_bits":     13,
         "num_memories":      0,
         "num_memory_bits":   0,
         "num_processes":     0,
         "num_cells":         18,
         "num_submodules":       0,
         "num_cells_by_type": {
            "$_ANDNOT_": 2,
            "$_AND_": 3,
            "$_DFFE_PP_": 3,
            "$_NAND_": 3,
            "$_NOT_": 1,
            "$_ORNOT_": 1,
            "$_SDFFE_PP0P_": 1,
            "$_XNOR_": 2,
            "$_XOR_": 2
         }
      }
}

5. Executing LTP pass (find longest path).

Longest topological path in stream_sum (length=4):
    0: \a
    1: $abc$193$new_n18 (via $abc$193$auto$blifparse.cc:397:parse_blif$196)
    2: $abc$193$new_n21 (via $abc$193$auto$blifparse.cc:397:parse_blif$199)
    3: $abc$193$new_n22 (via $abc$193$auto$blifparse.cc:397:parse_blif$200)
    4: $auto$maccmap.cc:240:synth$117.Y [1] (via $abc$193$auto$blifparse.cc:397:parse_blif$202)
   ff: \single.value [1] (via $auto$ff.cc:337:slice$128)

6. Executing Verilog backend.

6.1. Executing BMUXMAP pass.

6.2. Executing DEMUXMAP pass.
Dumping module `\stream_sum'.

End of script. Logfile hash: d1273f65c4, time: 0.12s, user: 0.12s, system: 0.00s
Yosys 0.69 (git sha1 9f75ca1f9, Release, Clang /workspace/YoWASP/yosys/wasi-sdk-33.0-x86_64-linux/share/cmake/../..//bin/clang++ 22.1.0)
Time spent: 34% 1x abc (0 sec), 19% 3x read_verilog (0 sec), ...

=== ice40 WIDTH=1 PIPE=1 ===

 /----------------------------------------------------------------------------\
 |  yosys -- Yosys Open SYnthesis Suite                                       |
 |  Copyright (C) 2012 - 2026  Claire Xenia Wolf <claire@yosyshq.com>         |
 |  Distributed under an ISC-like license, type "license" to see terms        |
 \----------------------------------------------------------------------------/
 Yosys 0.69 (git sha1 9f75ca1f9, Release, Clang /workspace/YoWASP/yosys/wasi-sdk-33.0-x86_64-linux/share/cmake/../..//bin/clang++ 22.1.0)

-- Running command `read_verilog -sv rtl/stream_sum.sv; chparam -set WIDTH 1 -set PIPE 1 stream_sum; synth_ice40 -top stream_sum; check -assert; tee -o results/ice40_1_1.json stat -json' --

1. Executing Verilog-2005 frontend: rtl/stream_sum.sv
Parsing SystemVerilog input from `rtl/stream_sum.sv' to AST representation.
Generating RTLIL representation for module `\stream_sum'.
Successfully finished Verilog frontend.
Parameter \WIDTH = 1
Parameter \PIPE = 1

2. Executing AST frontend in derive mode using pre-parsed AST for module `\stream_sum'.
Parameter \WIDTH = 1
Parameter \PIPE = 1
Generating RTLIL representation for module `$paramod$a5b7b5795fde09c414b2d658fd194f4e15e320f6\stream_sum'.

3. Executing SYNTH_ICE40 pass.

3.1. Executing Verilog-2005 frontend: /share/ice40/cells_sim.v
Parsing Verilog input from `/share/ice40/cells_sim.v' to AST representation.
Generating RTLIL representation for module `\SB_IO'.
Generating RTLIL representation for module `\SB_GB_IO'.
Generating RTLIL representation for module `\SB_GB'.
Generating RTLIL representation for module `\SB_LUT4'.
Generating RTLIL representation for module `\SB_CARRY'.
Generating RTLIL representation for module `\SB_DFF'.
Generating RTLIL representation for module `\SB_DFFE'.
Generating RTLIL representation for module `\SB_DFFSR'.
Generating RTLIL representation for module `\SB_DFFR'.
Generating RTLIL representation for module `\SB_DFFSS'.
Generating RTLIL representation for module `\SB_DFFS'.
Generating RTLIL representation for module `\SB_DFFESR'.
Generating RTLIL representation for module `\SB_DFFER'.
Generating RTLIL representation for module `\SB_DFFESS'.
Generating RTLIL representation for module `\SB_DFFES'.
Generating RTLIL representation for module `\SB_DFFN'.
Generating RTLIL representation for module `\SB_DFFNE'.
Generating RTLIL representation for module `\SB_DFFNSR'.
Generating RTLIL representation for module `\SB_DFFNR'.
Generating RTLIL representation for module `\SB_DFFNSS'.
Generating RTLIL representation for module `\SB_DFFNS'.
Generating RTLIL representation for module `\SB_DFFNESR'.
Generating RTLIL representation for module `\SB_DFFNER'.
Generating RTLIL representation for module `\SB_DFFNESS'.
Generating RTLIL representation for module `\SB_DFFNES'.
Generating RTLIL representation for module `\SB_RAM40_4K'.
Generating RTLIL representation for module `\SB_RAM40_4KNR'.
Generating RTLIL representation for module `\SB_RAM40_4KNW'.
Generating RTLIL representation for module `\SB_RAM40_4KNRNW'.
Generating RTLIL representation for module `\ICESTORM_LC'.
Generating RTLIL representation for module `\SB_PLL40_CORE'.
Generating RTLIL representation for module `\SB_PLL40_PAD'.
Generating RTLIL representation for module `\SB_PLL40_2_PAD'.
Generating RTLIL representation for module `\SB_PLL40_2F_CORE'.
Generating RTLIL representation for module `\SB_PLL40_2F_PAD'.
Generating RTLIL representation for module `\SB_WARMBOOT'.
Generating RTLIL representation for module `\SB_SPRAM256KA'.
Generating RTLIL representation for module `\SB_HFOSC'.
Generating RTLIL representation for module `\SB_LFOSC'.
Generating RTLIL representation for module `\SB_RGBA_DRV'.
Generating RTLIL representation for module `\SB_LED_DRV_CUR'.
Generating RTLIL representation for module `\SB_RGB_DRV'.
Generating RTLIL representation for module `\SB_I2C'.
Generating RTLIL representation for module `\SB_SPI'.
Generating RTLIL representation for module `\SB_LEDDA_IP'.
Generating RTLIL representation for module `\SB_FILTER_50NS'.
Generating RTLIL representation for module `\SB_IO_I3C'.
Generating RTLIL representation for module `\SB_IO_OD'.
Generating RTLIL representation for module `\SB_MAC16'.
Generating RTLIL representation for module `\ICESTORM_RAM'.
Successfully finished Verilog frontend.

3.2. Executing HIERARCHY pass (managing design hierarchy).

3.2.1. Analyzing design hierarchy..
Top module:  \stream_sum

3.2.2. Analyzing design hierarchy..
Top module:  \stream_sum
Removed 0 unused modules.

3.3. Executing PROC pass (convert processes to netlists).

3.3.1. Executing PROC_CLEAN pass (remove empty switches from decision trees).
Cleaned up 0 empty switches.

3.3.2. Executing PROC_RMDEAD pass (remove dead branches from decision trees).
Marked 1 switch rules as full_case in process $proc$rtl/stream_sum.sv:21$19 in module stream_sum.
Removed a total of 0 dead cases.

3.3.3. Executing PROC_PRUNE pass (remove redundant assignments in processes).
Removed 0 redundant assignments.
Promoted 0 assignments to connections.

3.3.4. Executing PROC_INIT pass (extract init attributes).

3.3.5. Executing PROC_ARST pass (detect async resets in processes).

3.3.6. Executing PROC_ROM pass (convert switches to ROMs).
Converted 0 switches.
<suppressed ~3 debug messages>

3.3.7. Executing PROC_MUX pass (convert decision trees to multiplexers).
Creating decoders for process `\stream_sum.$proc$rtl/stream_sum.sv:21$19'.
     1/2: $0\single.value[2:0]
     2/2: $0\single.valid[0:0]

3.3.8. Executing PROC_DLATCH pass (convert process syncs to latches).

3.3.9. Executing PROC_DFF pass (convert process syncs to FFs).
Creating register for signal `\stream_sum.\single.valid' using process `\stream_sum.$proc$rtl/stream_sum.sv:21$19'.
  created $dff cell `$procdff$413' with positive edge clock.
Creating register for signal `\stream_sum.\single.value' using process `\stream_sum.$proc$rtl/stream_sum.sv:21$19'.
  created $dff cell `$procdff$414' with positive edge clock.

3.3.10. Executing PROC_MEMWR pass (convert process memory writes to cells).

3.3.11. Executing PROC_CLEAN pass (remove empty switches from decision trees).
Found and cleaned up 3 empty switches in `\stream_sum.$proc$rtl/stream_sum.sv:21$19'.
Removing empty process `stream_sum.$proc$rtl/stream_sum.sv:21$19'.
Cleaned up 3 empty switches.

3.3.12. Executing OPT_EXPR pass (perform const folding).
Optimizing module stream_sum.

3.4. Executing CHECK pass (checking for obvious problems).
Checking module stream_sum...
Found and reported 0 problems.

3.5. Executing FLATTEN pass (flatten design).

3.6. Executing TRIBUF pass.

3.7. Executing DEMINOUT pass (demote inout ports to input or output).

3.8. Executing OPT_EXPR pass (perform const folding).
Optimizing module stream_sum.

3.9. Executing OPT_CLEAN pass (remove unused cells and wires).
Finding unused cells or wires in module \stream_sum..
Removed 0 unused cells and 12 unused wires.
<suppressed ~1 debug messages>

3.10. Executing CHECK pass (checking for obvious problems).
Checking module stream_sum...
Found and reported 0 problems.

3.11. Executing OPT pass (performing simple optimizations).

3.11.1. Executing OPT_EXPR pass (perform const folding).
Optimizing module stream_sum.

3.11.2. Executing OPT_MERGE pass (detect identical cells).
Finding identical cells in module `\stream_sum'.
Computing hashes of 16 cells of `\stream_sum'.
Finding duplicate cells in `\stream_sum'.
Computing hashes of 15 cells of `\stream_sum'.
Finding duplicate cells in `\stream_sum'.
<suppressed ~3 debug messages>
Removed a total of 1 cells.

3.11.3. Executing OPT_MUXTREE pass (detect dead branches in mux trees).
Running muxtree optimizer on module \stream_sum..
  Creating internal representation of mux trees.
  Evaluating internal representation of mux trees.
  Analyzing evaluation results.
Removed 0 multiplexer ports.
<suppressed ~7 debug messages>

3.11.4. Executing OPT_REDUCE pass (consolidate $*mux and $reduce_* inputs).
  Optimizing cells in module \stream_sum.
Performed a total of 0 changes.

3.11.5. Executing OPT_MERGE pass (detect identical cells).
Finding identical cells in module `\stream_sum'.
Computing hashes of 15 cells of `\stream_sum'.
Finding duplicate cells in `\stream_sum'.
Removed a total of 0 cells.

3.11.6. Executing OPT_DFF pass (perform DFF optimizations).

3.11.7. Executing OPT_CLEAN pass (remove unused cells and wires).
Finding unused cells or wires in module \stream_sum..
Removed 0 unused cells and 1 unused wires.
<suppressed ~1 debug messages>

3.11.8. Executing OPT_EXPR pass (perform const folding).
Optimizing module stream_sum.

3.11.9. Rerunning OPT passes. (Maybe there is more to do..)

3.11.10. Executing OPT_MUXTREE pass (detect dead branches in mux trees).
Running muxtree optimizer on module \stream_sum..
  Creating internal representation of mux trees.
  Evaluating internal representation of mux trees.
  Analyzing evaluation results.
Removed 0 multiplexer ports.
<suppressed ~7 debug messages>

3.11.11. Executing OPT_REDUCE pass (consolidate $*mux and $reduce_* inputs).
  Optimizing cells in module \stream_sum.
Performed a total of 0 changes.

3.11.12. Executing OPT_MERGE pass (detect identical cells).
Finding identical cells in module `\stream_sum'.
Computing hashes of 15 cells of `\stream_sum'.
Finding duplicate cells in `\stream_sum'.
Removed a total of 0 cells.

3.11.13. Executing OPT_DFF pass (perform DFF optimizations).

3.11.14. Executing OPT_CLEAN pass (remove unused cells and wires).
Finding unused cells or wires in module \stream_sum..

3.11.15. Executing OPT_EXPR pass (perform const folding).
Optimizing module stream_sum.

3.11.16. Finished fast OPT passes. (There is nothing left to do.)

3.12. Executing FSM pass (extract and optimize FSM).

3.12.1. Executing FSM_DETECT pass (finding FSMs in design).

3.12.2. Executing FSM_EXTRACT pass (extracting FSM from design).

3.12.3. Executing FSM_OPT pass (simple optimizations of FSMs).

3.12.4. Executing OPT_CLEAN pass (remove unused cells and wires).
Finding unused cells or wires in module \stream_sum..

3.12.5. Executing FSM_OPT pass (simple optimizations of FSMs).

3.12.6. Executing FSM_RECODE pass (re-assigning FSM state encoding).

3.12.7. Executing FSM_INFO pass (dumping all available information on FSM cells).

3.12.8. Executing FSM_MAP pass (mapping FSMs to basic logic).

3.13. Executing OPT pass (performing simple optimizations).

3.13.1. Executing OPT_EXPR pass (perform const folding).
Optimizing module stream_sum.

3.13.2. Executing OPT_MERGE pass (detect identical cells).
Finding identical cells in module `\stream_sum'.
Computing hashes of 15 cells of `\stream_sum'.
Finding duplicate cells in `\stream_sum'.
Removed a total of 0 cells.

3.13.3. Executing OPT_MUXTREE pass (detect dead branches in mux trees).
Running muxtree optimizer on module \stream_sum..
  Creating internal representation of mux trees.
  Evaluating internal representation of mux trees.
  Analyzing evaluation results.
Removed 0 multiplexer ports.
<suppressed ~7 debug messages>

3.13.4. Executing OPT_REDUCE pass (consolidate $*mux and $reduce_* inputs).
  Optimizing cells in module \stream_sum.
Performed a total of 0 changes.

3.13.5. Executing OPT_MERGE pass (detect identical cells).
Finding identical cells in module `\stream_sum'.
Computing hashes of 15 cells of `\stream_sum'.
Finding duplicate cells in `\stream_sum'.
Removed a total of 0 cells.

3.13.6. Executing OPT_DFF pass (perform DFF optimizations).
Adding EN signal on $procdff$414 ($dff) from module stream_sum (D = $add$rtl/stream_sum.sv:25$20_Y, Q = \single.value).
Adding SRST signal on $procdff$413 ($dff) from module stream_sum (D = $procmux$408_Y, Q = \single.valid, rval = 1'0).
Adding EN signal on $auto$ff.cc:337:slice$420 ($sdff) from module stream_sum (D = \s_valid, Q = \single.valid).

3.13.7. Executing OPT_CLEAN pass (remove unused cells and wires).
Finding unused cells or wires in module \stream_sum..
Removed 5 unused cells and 5 unused wires.
<suppressed ~6 debug messages>

3.13.8. Executing OPT_EXPR pass (perform const folding).
Optimizing module stream_sum.

3.13.9. Rerunning OPT passes. (Maybe there is more to do..)

3.13.10. Executing OPT_MUXTREE pass (detect dead branches in mux trees).
Running muxtree optimizer on module \stream_sum..
  Creating internal representation of mux trees.
  No muxes found in this module.
Removed 0 multiplexer ports.

3.13.11. Executing OPT_REDUCE pass (consolidate $*mux and $reduce_* inputs).
  Optimizing cells in module \stream_sum.
Performed a total of 0 changes.

3.13.12. Executing OPT_MERGE pass (detect identical cells).
Finding identical cells in module `\stream_sum'.
Computing hashes of 12 cells of `\stream_sum'.
Finding duplicate cells in `\stream_sum'.
Removed a total of 0 cells.

3.13.13. Executing OPT_DFF pass (perform DFF optimizations).

3.13.14. Executing OPT_CLEAN pass (remove unused cells and wires).
Finding unused cells or wires in module \stream_sum..

3.13.15. Executing OPT_EXPR pass (perform const folding).
Optimizing module stream_sum.

3.13.16. Finished fast OPT passes. (There is nothing left to do.)

3.14. Executing WREDUCE pass (reducing word size of cells).
Removed top 1 bits (of 2) from port A of cell stream_sum.$add$rtl/stream_sum.sv:16$13 ($add).
Removed top 1 bits (of 2) from port B of cell stream_sum.$add$rtl/stream_sum.sv:16$13 ($add).
Removed top 1 bits (of 2) from port A of cell stream_sum.$add$rtl/stream_sum.sv:17$14 ($add).
Removed top 1 bits (of 2) from port B of cell stream_sum.$add$rtl/stream_sum.sv:17$14 ($add).
Removed top 1 bits (of 3) from port A of cell stream_sum.$add$rtl/stream_sum.sv:25$20 ($add).
Removed top 1 bits (of 3) from port B of cell stream_sum.$add$rtl/stream_sum.sv:25$20 ($add).

3.15. Executing PEEPOPT pass (run peephole optimizers).

3.16. Executing OPT_CLEAN pass (remove unused cells and wires).
Finding unused cells or wires in module \stream_sum..

3.17. Executing SHARE pass (SAT-based resource sharing).

3.18. Executing TECHMAP pass (map to technology primitives).

3.18.1. Executing Verilog-2005 frontend: /share/cmp2lut.v
Parsing Verilog input from `/share/cmp2lut.v' to AST representation.
Generating RTLIL representation for module `\_90_lut_cmp_'.
Successfully finished Verilog frontend.

3.18.2. Continuing TECHMAP pass.
No more expansions possible.
<suppressed ~6 debug messages>

3.19. Executing OPT_EXPR pass (perform const folding).
Optimizing module stream_sum.

3.20. Executing OPT_CLEAN pass (remove unused cells and wires).
Finding unused cells or wires in module \stream_sum..

3.21. Executing ALUMACC pass (create $alu and $macc cells).
Extracting $alu and $macc cells in module stream_sum:
  creating $macc model for $add$rtl/stream_sum.sv:16$13 ($add).
  creating $macc model for $add$rtl/stream_sum.sv:17$14 ($add).
  creating $macc model for $add$rtl/stream_sum.sv:25$20 ($add).
  merging $macc model for $add$rtl/stream_sum.sv:16$13 into $add$rtl/stream_sum.sv:25$20.
  merging $macc model for $add$rtl/stream_sum.sv:17$14 into $add$rtl/stream_sum.sv:25$20.
  creating $macc cell for $add$rtl/stream_sum.sv:25$20: $auto$alumacc.cc:399:replace_macc$423
  created 0 $alu and 1 $macc cells.

3.22. Executing OPT pass (performing simple optimizations).

3.22.1. Executing OPT_EXPR pass (perform const folding).
Optimizing module stream_sum.

3.22.2. Executing OPT_MERGE pass (detect identical cells).
Finding identical cells in module `\stream_sum'.
Computing hashes of 12 cells of `\stream_sum'.
Finding duplicate cells in `\stream_sum'.
Removed a total of 0 cells.

3.22.3. Executing OPT_MUXTREE pass (detect dead branches in mux trees).
Running muxtree optimizer on module \stream_sum..
  Creating internal representation of mux trees.
  No muxes found in this module.
Removed 0 multiplexer ports.

3.22.4. Executing OPT_REDUCE pass (consolidate $*mux and $reduce_* inputs).
  Optimizing cells in module \stream_sum.
Performed a total of 0 changes.

3.22.5. Executing OPT_MERGE pass (detect identical cells).
Finding identical cells in module `\stream_sum'.
Computing hashes of 12 cells of `\stream_sum'.
Finding duplicate cells in `\stream_sum'.
Removed a total of 0 cells.

3.22.6. Executing OPT_DFF pass (perform DFF optimizations).

3.22.7. Executing OPT_CLEAN pass (remove unused cells and wires).
Finding unused cells or wires in module \stream_sum..
Removed 2 unused cells and 2 unused wires.
<suppressed ~4 debug messages>

3.22.8. Executing OPT_EXPR pass (perform const folding).
Optimizing module stream_sum.

3.22.9. Rerunning OPT passes. (Maybe there is more to do..)

3.22.10. Executing OPT_MUXTREE pass (detect dead branches in mux trees).
Running muxtree optimizer on module \stream_sum..
  Creating internal representation of mux trees.
  No muxes found in this module.
Removed 0 multiplexer ports.

3.22.11. Executing OPT_REDUCE pass (consolidate $*mux and $reduce_* inputs).
  Optimizing cells in module \stream_sum.
Performed a total of 0 changes.

3.22.12. Executing OPT_MERGE pass (detect identical cells).
Finding identical cells in module `\stream_sum'.
Computing hashes of 10 cells of `\stream_sum'.
Finding duplicate cells in `\stream_sum'.
Removed a total of 0 cells.

3.22.13. Executing OPT_DFF pass (perform DFF optimizations).

3.22.14. Executing OPT_CLEAN pass (remove unused cells and wires).
Finding unused cells or wires in module \stream_sum..

3.22.15. Executing OPT_EXPR pass (perform const folding).
Optimizing module stream_sum.

3.22.16. Finished fast OPT passes. (There is nothing left to do.)

3.23. Executing MEMORY pass.

3.23.1. Executing OPT_MEM pass (optimize memories).
Performed a total of 0 transformations.

3.23.2. Executing OPT_MEM_PRIORITY pass (removing unnecessary memory write priority relations).
Performed a total of 0 transformations.

3.23.3. Executing OPT_MEM_FEEDBACK pass (finding memory read-to-write feedback paths).

3.23.4. Executing MEMORY_BMUX2ROM pass (converting muxes to ROMs).

3.23.5. Executing MEMORY_DFF pass (merging $dff cells to $memrd).

3.23.6. Executing OPT_CLEAN pass (remove unused cells and wires).
Finding unused cells or wires in module \stream_sum..

3.23.7. Executing MEMORY_SHARE pass (consolidating $memrd/$memwr cells).

3.23.8. Executing OPT_MEM_WIDEN pass (optimize memories where all ports are wide).
Performed a total of 0 transformations.

3.23.9. Executing OPT_CLEAN pass (remove unused cells and wires).
Finding unused cells or wires in module \stream_sum..

3.23.10. Executing MEMORY_COLLECT pass (generating $mem cells).

3.24. Executing OPT_CLEAN pass (remove unused cells and wires).
Finding unused cells or wires in module \stream_sum..

3.25. Executing MEMORY_LIBMAP pass (mapping memories to cells).

3.26. Executing TECHMAP pass (map to technology primitives).

3.26.1. Executing Verilog-2005 frontend: /share/ice40/brams_map.v
Parsing Verilog input from `/share/ice40/brams_map.v' to AST representation.
Generating RTLIL representation for module `$__ICE40_RAM4K_'.
Successfully finished Verilog frontend.

3.26.2. Executing Verilog-2005 frontend: /share/ice40/spram_map.v
Parsing Verilog input from `/share/ice40/spram_map.v' to AST representation.
Generating RTLIL representation for module `$__ICE40_SPRAM_'.
Successfully finished Verilog frontend.

3.26.3. Continuing TECHMAP pass.
No more expansions possible.
<suppressed ~4 debug messages>

3.27. Executing ICE40_BRAMINIT pass.

3.28. Executing OPT pass (performing simple optimizations).

3.28.1. Executing OPT_EXPR pass (perform const folding).
Optimizing module stream_sum.

3.28.2. Executing OPT_MERGE pass (detect identical cells).
Finding identical cells in module `\stream_sum'.
Computing hashes of 10 cells of `\stream_sum'.
Finding duplicate cells in `\stream_sum'.
Removed a total of 0 cells.

3.28.3. Executing OPT_DFF pass (perform DFF optimizations).

3.28.4. Executing OPT_CLEAN pass (remove unused cells and wires).
Finding unused cells or wires in module \stream_sum..

3.28.5. Finished fast OPT passes.

3.29. Executing MEMORY_MAP pass (converting memories to logic and flip-flops).

3.30. Executing OPT pass (performing simple optimizations).

3.30.1. Executing OPT_EXPR pass (perform const folding).
Optimizing module stream_sum.

3.30.2. Executing OPT_MERGE pass (detect identical cells).
Finding identical cells in module `\stream_sum'.
Computing hashes of 10 cells of `\stream_sum'.
Finding duplicate cells in `\stream_sum'.
Removed a total of 0 cells.

3.30.3. Executing OPT_MUXTREE pass (detect dead branches in mux trees).
Running muxtree optimizer on module \stream_sum..
  Creating internal representation of mux trees.
  No muxes found in this module.
Removed 0 multiplexer ports.

3.30.4. Executing OPT_REDUCE pass (consolidate $*mux and $reduce_* inputs).
  Optimizing cells in module \stream_sum.
Performed a total of 0 changes.

3.30.5. Executing OPT_MERGE pass (detect identical cells).
Finding identical cells in module `\stream_sum'.
Computing hashes of 10 cells of `\stream_sum'.
Finding duplicate cells in `\stream_sum'.
Removed a total of 0 cells.

3.30.6. Executing OPT_DFF pass (perform DFF optimizations).

3.30.7. Executing OPT_CLEAN pass (remove unused cells and wires).
Finding unused cells or wires in module \stream_sum..

3.30.8. Executing OPT_EXPR pass (perform const folding).
Optimizing module stream_sum.

3.30.9. Finished fast OPT passes. (There is nothing left to do.)

3.31. Executing ICE40_WRAPCARRY pass (wrap carries).

3.32. Executing TECHMAP pass (map to technology primitives).

3.32.1. Executing Verilog-2005 frontend: /share/techmap.v
Parsing Verilog input from `/share/techmap.v' to AST representation.
Generating RTLIL representation for module `\_90_simplemap_bool_ops'.
Generating RTLIL representation for module `\_90_simplemap_reduce_ops'.
Generating RTLIL representation for module `\_90_simplemap_logic_ops'.
Generating RTLIL representation for module `\_90_simplemap_compare_ops'.
Generating RTLIL representation for module `\_90_simplemap_various'.
Generating RTLIL representation for module `\_90_simplemap_registers'.
Generating RTLIL representation for module `\_90_shift_ops_shr_shl_sshl_sshr'.
Generating RTLIL representation for module `\_90_shift_shiftx'.
Generating RTLIL representation for module `\_90_fa'.
Generating RTLIL representation for module `\_90_lcu_brent_kung'.
Generating RTLIL representation for module `\_90_alu'.
Generating RTLIL representation for module `\_90_macc'.
Generating RTLIL representation for module `\_90_alumacc'.
Generating RTLIL representation for module `$__div_mod_u'.
Generating RTLIL representation for module `$__div_mod_trunc'.
Generating RTLIL representation for module `\_90_div'.
Generating RTLIL representation for module `\_90_mod'.
Generating RTLIL representation for module `$__div_mod_floor'.
Generating RTLIL representation for module `\_90_divfloor'.
Generating RTLIL representation for module `\_90_modfloor'.
Generating RTLIL representation for module `\_90_pow'.
Generating RTLIL representation for module `\_90_demux'.
Generating RTLIL representation for module `\_90_lut'.
Generating RTLIL representation for module `$connect'.
Generating RTLIL representation for module `$input_port'.
Successfully finished Verilog frontend.

3.32.2. Executing Verilog-2005 frontend: /share/ice40/arith_map.v
Parsing Verilog input from `/share/ice40/arith_map.v' to AST representation.
Generating RTLIL representation for module `\_80_ice40_alu'.
Successfully finished Verilog frontend.

3.32.3. Continuing TECHMAP pass.
Using extmapper maccmap for cells of type $macc_v2.
  add \a (1 bits, unsigned)
  add \c (1 bits, unsigned)
  add \b (1 bits, unsigned)
  add \d (1 bits, unsigned)
  packed 1 (1) bits / 1 words into adder tree
Using extmapper simplemap for cells of type $sdffe.
Using extmapper simplemap for cells of type $reduce_and.
Using extmapper simplemap for cells of type $not.
Using extmapper simplemap for cells of type $dffe.
Using extmapper simplemap for cells of type $logic_not.
Using extmapper simplemap for cells of type $logic_or.
Using extmapper simplemap for cells of type $logic_and.
Using template $paramod\_90_fa\WIDTH=32'00000000000000000000000000000001 for cells of type $fa.
Using template $paramod$78e969f2586efcf3a5b0b0440bcca0db83d5cca2\_80_ice40_alu for cells of type $alu.
Using extmapper simplemap for cells of type $or.
Using extmapper simplemap for cells of type $xor.
Using extmapper simplemap for cells of type $and.
Using extmapper simplemap for cells of type $mux.
Using extmapper simplemap for cells of type $pos.
No more expansions possible.
<suppressed ~125 debug messages>

3.33. Executing OPT pass (performing simple optimizations).

3.33.1. Executing OPT_EXPR pass (perform const folding).
Optimizing module stream_sum.
<suppressed ~6 debug messages>

3.33.2. Executing OPT_MERGE pass (detect identical cells).
Finding identical cells in module `\stream_sum'.
Computing hashes of 23 cells of `\stream_sum'.
Finding duplicate cells in `\stream_sum'.
Computing hashes of 22 cells of `\stream_sum'.
Finding duplicate cells in `\stream_sum'.
<suppressed ~3 debug messages>
Removed a total of 1 cells.

3.33.3. Executing OPT_DFF pass (perform DFF optimizations).

3.33.4. Executing OPT_CLEAN pass (remove unused cells and wires).
Finding unused cells or wires in module \stream_sum..
Removed 3 unused cells and 29 unused wires.
<suppressed ~4 debug messages>

3.33.5. Finished fast OPT passes.

3.34. Executing ICE40_OPT pass (performing simple optimizations).

3.34.1. Running ICE40 specific optimizations.
Optimized $__ICE40_CARRY_WRAPPER cell back to logic (without SB_CARRY) stream_sum.$auto$maccmap.cc:240:synth$521.slice[2].carry: CO=1'0

3.34.2. Executing OPT_EXPR pass (perform const folding).
Optimizing module stream_sum.

3.34.3. Executing OPT_MERGE pass (detect identical cells).
Finding identical cells in module `\stream_sum'.
Computing hashes of 19 cells of `\stream_sum'.
Finding duplicate cells in `\stream_sum'.
Removed a total of 0 cells.

3.34.4. Executing OPT_DFF pass (perform DFF optimizations).

3.34.5. Executing OPT_CLEAN pass (remove unused cells and wires).
Finding unused cells or wires in module \stream_sum..
Removed 0 unused cells and 1 unused wires.
<suppressed ~1 debug messages>

3.34.6. Rerunning OPT passes. (Removed registers in this run.)

3.34.7. Running ICE40 specific optimizations.

3.34.8. Executing OPT_EXPR pass (perform const folding).
Optimizing module stream_sum.

3.34.9. Executing OPT_MERGE pass (detect identical cells).
Finding identical cells in module `\stream_sum'.
Computing hashes of 19 cells of `\stream_sum'.
Finding duplicate cells in `\stream_sum'.
Removed a total of 0 cells.

3.34.10. Executing OPT_DFF pass (perform DFF optimizations).

3.34.11. Executing OPT_CLEAN pass (remove unused cells and wires).
Finding unused cells or wires in module \stream_sum..

3.34.12. Finished OPT passes. (There is nothing left to do.)

3.35. Executing DFFLEGALIZE pass (convert FFs and LATCHes to types supported by the target).

3.36. Executing TECHMAP pass (map to technology primitives).

3.36.1. Executing Verilog-2005 frontend: /share/ice40/ff_map.v
Parsing Verilog input from `/share/ice40/ff_map.v' to AST representation.
Generating RTLIL representation for module `$_DFF_N_'.
Generating RTLIL representation for module `$_DFF_P_'.
Generating RTLIL representation for module `$_DFFE_NP_'.
Generating RTLIL representation for module `$_DFFE_PP_'.
Generating RTLIL representation for module `$_DFF_NP0_'.
Generating RTLIL representation for module `$_DFF_NP1_'.
Generating RTLIL representation for module `$_DFF_PP0_'.
Generating RTLIL representation for module `$_DFF_PP1_'.
Generating RTLIL representation for module `$_DFFE_NP0P_'.
Generating RTLIL representation for module `$_DFFE_NP1P_'.
Generating RTLIL representation for module `$_DFFE_PP0P_'.
Generating RTLIL representation for module `$_DFFE_PP1P_'.
Generating RTLIL representation for module `$_SDFF_NP0_'.
Generating RTLIL representation for module `$_SDFF_NP1_'.
Generating RTLIL representation for module `$_SDFF_PP0_'.
Generating RTLIL representation for module `$_SDFF_PP1_'.
Generating RTLIL representation for module `$_SDFFCE_NP0P_'.
Generating RTLIL representation for module `$_SDFFCE_NP1P_'.
Generating RTLIL representation for module `$_SDFFCE_PP0P_'.
Generating RTLIL representation for module `$_SDFFCE_PP1P_'.
Successfully finished Verilog frontend.

3.36.2. Continuing TECHMAP pass.
Using template $_DFFE_PP_ for cells of type $_DFFE_PP_.
Using template $_SDFFCE_PP0P_ for cells of type $_SDFFCE_PP0P_.
No more expansions possible.
<suppressed ~26 debug messages>

3.37. Executing OPT_EXPR pass (perform const folding).
Optimizing module stream_sum.

3.38. Executing SIMPLEMAP pass (map simple cells to gate primitives).
Mapping stream_sum.$auto$maccmap.cc:240:synth$521.slice[2].carry ($lut).

3.39. Executing ICE40_OPT pass (performing simple optimizations).

3.39.1. Running ICE40 specific optimizations.

3.39.2. Executing OPT_EXPR pass (perform const folding).
Optimizing module stream_sum.
<suppressed ~15 debug messages>

3.39.3. Executing OPT_MERGE pass (detect identical cells).
Finding identical cells in module `\stream_sum'.
Computing hashes of 19 cells of `\stream_sum'.
Finding duplicate cells in `\stream_sum'.
Removed a total of 0 cells.

3.39.4. Executing OPT_DFF pass (perform DFF optimizations).

3.39.5. Executing OPT_CLEAN pass (remove unused cells and wires).
Finding unused cells or wires in module \stream_sum..
Removed 0 unused cells and 25 unused wires.
<suppressed ~1 debug messages>

3.39.6. Rerunning OPT passes. (Removed registers in this run.)

3.39.7. Running ICE40 specific optimizations.

3.39.8. Executing OPT_EXPR pass (perform const folding).
Optimizing module stream_sum.

3.39.9. Executing OPT_MERGE pass (detect identical cells).
Finding identical cells in module `\stream_sum'.
Computing hashes of 19 cells of `\stream_sum'.
Finding duplicate cells in `\stream_sum'.
Removed a total of 0 cells.

3.39.10. Executing OPT_DFF pass (perform DFF optimizations).

3.39.11. Executing OPT_CLEAN pass (remove unused cells and wires).
Finding unused cells or wires in module \stream_sum..

3.39.12. Finished OPT passes. (There is nothing left to do.)

3.40. Executing CHECK pass (checking for obvious problems).
Checking module stream_sum...
Found and reported 0 problems.

3.41. Executing TECHMAP pass (map to technology primitives).

3.41.1. Executing Verilog-2005 frontend: /share/ice40/latches_map.v
Parsing Verilog input from `/share/ice40/latches_map.v' to AST representation.
Generating RTLIL representation for module `$_DLATCH_N_'.
Generating RTLIL representation for module `$_DLATCH_P_'.
Successfully finished Verilog frontend.

3.41.2. Continuing TECHMAP pass.
No more expansions possible.
<suppressed ~4 debug messages>

3.42. Executing Verilog-2005 frontend: /share/ice40/abc9_model.v
Parsing Verilog input from `/share/ice40/abc9_model.v' to AST representation.
Generating RTLIL representation for module `$__ICE40_CARRY_WRAPPER'.
Successfully finished Verilog frontend.

3.43. Executing ABC9 pass.

3.43.1. Executing ABC9_OPS pass (helper functions for ABC9).

3.43.2. Executing ABC9_OPS pass (helper functions for ABC9).

3.43.3. Executing SCC pass (detecting logic loops).
Found 0 SCCs in module stream_sum.
Found 0 SCCs.

3.43.4. Executing ABC9_OPS pass (helper functions for ABC9).

3.43.5. Executing TECHMAP pass (map to technology primitives).

3.43.5.1. Executing Verilog-2005 frontend: /share/techmap.v
Parsing Verilog input from `/share/techmap.v' to AST representation.
Generating RTLIL representation for module `\_90_simplemap_bool_ops'.
Generating RTLIL representation for module `\_90_simplemap_reduce_ops'.
Generating RTLIL representation for module `\_90_simplemap_logic_ops'.
Generating RTLIL representation for module `\_90_simplemap_compare_ops'.
Generating RTLIL representation for module `\_90_simplemap_various'.
Generating RTLIL representation for module `\_90_simplemap_registers'.
Generating RTLIL representation for module `\_90_shift_ops_shr_shl_sshl_sshr'.
Generating RTLIL representation for module `\_90_shift_shiftx'.
Generating RTLIL representation for module `\_90_fa'.
Generating RTLIL representation for module `\_90_lcu_brent_kung'.
Generating RTLIL representation for module `\_90_alu'.
Generating RTLIL representation for module `\_90_macc'.
Generating RTLIL representation for module `\_90_alumacc'.
Generating RTLIL representation for module `$__div_mod_u'.
Generating RTLIL representation for module `$__div_mod_trunc'.
Generating RTLIL representation for module `\_90_div'.
Generating RTLIL representation for module `\_90_mod'.
Generating RTLIL representation for module `$__div_mod_floor'.
Generating RTLIL representation for module `\_90_divfloor'.
Generating RTLIL representation for module `\_90_modfloor'.
Generating RTLIL representation for module `\_90_pow'.
Generating RTLIL representation for module `\_90_demux'.
Generating RTLIL representation for module `\_90_lut'.
Generating RTLIL representation for module `$connect'.
Generating RTLIL representation for module `$input_port'.
Successfully finished Verilog frontend.

3.43.5.2. Continuing TECHMAP pass.
No more expansions possible.
<suppressed ~130 debug messages>

3.43.6. Executing OPT pass (performing simple optimizations).

3.43.6.1. Executing OPT_EXPR pass (perform const folding).

3.43.6.2. Executing OPT_MERGE pass (detect identical cells).
Removed a total of 0 cells.

3.43.6.3. Executing OPT_MUXTREE pass (detect dead branches in mux trees).
Removed 0 multiplexer ports.

3.43.6.4. Executing OPT_REDUCE pass (consolidate $*mux and $reduce_* inputs).
Performed a total of 0 changes.

3.43.6.5. Executing OPT_MERGE pass (detect identical cells).
Removed a total of 0 cells.

3.43.6.6. Executing OPT_DFF pass (perform DFF optimizations).

3.43.6.7. Executing OPT_CLEAN pass (remove unused cells and wires).

3.43.6.8. Executing OPT_EXPR pass (perform const folding).

3.43.6.9. Finished fast OPT passes. (There is nothing left to do.)

3.43.7. Executing TECHMAP pass (map to technology primitives).

3.43.7.1. Executing Verilog-2005 frontend: /share/abc9_map.v
Parsing Verilog input from `/share/abc9_map.v' to AST representation.
Successfully finished Verilog frontend.

3.43.7.2. Continuing TECHMAP pass.
No more expansions possible.
<suppressed ~2 debug messages>

3.43.8. Executing Verilog-2005 frontend: /share/abc9_model.v
Parsing Verilog input from `/share/abc9_model.v' to AST representation.
Generating RTLIL representation for module `$__ABC9_DELAY'.
Generating RTLIL representation for module `$__ABC9_SCC_BREAKER'.
Generating RTLIL representation for module `$__DFF_N__$abc9_flop'.
Generating RTLIL representation for module `$__DFF_P__$abc9_flop'.
Successfully finished Verilog frontend.

3.43.9. Executing ABC9_OPS pass (helper functions for ABC9).
<suppressed ~7 debug messages>

3.43.10. Executing ABC9_OPS pass (helper functions for ABC9).

3.43.11. Executing ABC9_OPS pass (helper functions for ABC9).
<suppressed ~2 debug messages>

3.43.12. Executing TECHMAP pass (map to technology primitives).

3.43.12.1. Executing Verilog-2005 frontend: /share/techmap.v
Parsing Verilog input from `/share/techmap.v' to AST representation.
Generating RTLIL representation for module `\_90_simplemap_bool_ops'.
Generating RTLIL representation for module `\_90_simplemap_reduce_ops'.
Generating RTLIL representation for module `\_90_simplemap_logic_ops'.
Generating RTLIL representation for module `\_90_simplemap_compare_ops'.
Generating RTLIL representation for module `\_90_simplemap_various'.
Generating RTLIL representation for module `\_90_simplemap_registers'.
Generating RTLIL representation for module `\_90_shift_ops_shr_shl_sshl_sshr'.
Generating RTLIL representation for module `\_90_shift_shiftx'.
Generating RTLIL representation for module `\_90_fa'.
Generating RTLIL representation for module `\_90_lcu_brent_kung'.
Generating RTLIL representation for module `\_90_alu'.
Generating RTLIL representation for module `\_90_macc'.
Generating RTLIL representation for module `\_90_alumacc'.
Generating RTLIL representation for module `$__div_mod_u'.
Generating RTLIL representation for module `$__div_mod_trunc'.
Generating RTLIL representation for module `\_90_div'.
Generating RTLIL representation for module `\_90_mod'.
Generating RTLIL representation for module `$__div_mod_floor'.
Generating RTLIL representation for module `\_90_divfloor'.
Generating RTLIL representation for module `\_90_modfloor'.
Generating RTLIL representation for module `\_90_pow'.
Generating RTLIL representation for module `\_90_demux'.
Generating RTLIL representation for module `\_90_lut'.
Generating RTLIL representation for module `$connect'.
Generating RTLIL representation for module `$input_port'.
Successfully finished Verilog frontend.

3.43.12.2. Continuing TECHMAP pass.
Using template $paramod$__ICE40_CARRY_WRAPPER\LUT=16'0110100110010110\I3_IS_CI=1'1 for cells of type $paramod$__ICE40_CARRY_WRAPPER\LUT=16'0110100110010110\I3_IS_CI=1'1.
Using template SB_CARRY for cells of type SB_CARRY.
Using template $paramod\SB_LUT4\LUT_INIT=16'0110100110010110 for cells of type SB_LUT4.
Using extmapper simplemap for cells of type $logic_or.
Using extmapper simplemap for cells of type $logic_and.
Using extmapper simplemap for cells of type $mux.
No more expansions possible.
<suppressed ~150 debug messages>

3.43.13. Executing OPT pass (performing simple optimizations).

3.43.13.1. Executing OPT_EXPR pass (perform const folding).
Optimizing module stream_sum.
<suppressed ~4 debug messages>

3.43.13.2. Executing OPT_MERGE pass (detect identical cells).
Finding identical cells in module `\stream_sum'.
Computing hashes of 30 cells of `\stream_sum'.
Finding duplicate cells in `\stream_sum'.
Computing hashes of 20 cells of `\stream_sum'.
Finding duplicate cells in `\stream_sum'.
Computing hashes of 18 cells of `\stream_sum'.
Finding duplicate cells in `\stream_sum'.
<suppressed ~29 debug messages>
Removed a total of 12 cells.

3.43.13.3. Executing OPT_MUXTREE pass (detect dead branches in mux trees).
Running muxtree optimizer on module \stream_sum..
  Creating internal representation of mux trees.
  No muxes found in this module.
Removed 0 multiplexer ports.

3.43.13.4. Executing OPT_REDUCE pass (consolidate $*mux and $reduce_* inputs).
  Optimizing cells in module \stream_sum.
Performed a total of 0 changes.

3.43.13.5. Executing OPT_MERGE pass (detect identical cells).
Finding identical cells in module `\stream_sum'.
Computing hashes of 18 cells of `\stream_sum'.
Finding duplicate cells in `\stream_sum'.
Removed a total of 0 cells.

3.43.13.6. Executing OPT_DFF pass (perform DFF optimizations).

3.43.13.7. Executing OPT_CLEAN pass (remove unused cells and wires).
Finding unused cells or wires in module \stream_sum..
Removed 0 unused cells and 24 unused wires.
<suppressed ~1 debug messages>

3.43.13.8. Executing OPT_EXPR pass (perform const folding).
Optimizing module stream_sum.

3.43.13.9. Rerunning OPT passes. (Maybe there is more to do..)

3.43.13.10. Executing OPT_MUXTREE pass (detect dead branches in mux trees).
Running muxtree optimizer on module \stream_sum..
  Creating internal representation of mux trees.
  No muxes found in this module.
Removed 0 multiplexer ports.

3.43.13.11. Executing OPT_REDUCE pass (consolidate $*mux and $reduce_* inputs).
  Optimizing cells in module \stream_sum.
Performed a total of 0 changes.

3.43.13.12. Executing OPT_MERGE pass (detect identical cells).
Finding identical cells in module `\stream_sum'.
Computing hashes of 18 cells of `\stream_sum'.
Finding duplicate cells in `\stream_sum'.
Removed a total of 0 cells.

3.43.13.13. Executing OPT_DFF pass (perform DFF optimizations).

3.43.13.14. Executing OPT_CLEAN pass (remove unused cells and wires).
Finding unused cells or wires in module \stream_sum..

3.43.13.15. Executing OPT_EXPR pass (perform const folding).
Optimizing module stream_sum.

3.43.13.16. Finished fast OPT passes. (There is nothing left to do.)

3.43.14. Executing AIGMAP pass (map logic to AIG).
Module stream_sum: replaced 7 cells with 43 new cells, skipped 11 cells.
  replaced 2 cell types:
       5 $_MUX_
       2 $_OR_
  not replaced 3 cell types:
       2 $_AND_
       1 $_NOT_
       8 $specify2

3.43.15. Executing AIGMAP pass (map logic to AIG).
Module stream_sum: replaced 5 cells with 26 new cells, skipped 19 cells.
  replaced 2 cell types:
       3 $_OR_
       2 $_XOR_
  not replaced 7 cell types:
       6 $_AND_
       2 $_NOT_
       3 SB_DFFE
       1 SB_DFFESR
       4 $paramod$__ABC9_DELAY\DELAY=32'00000000000000000000000000010101
       1 $paramod$__ABC9_DELAY\DELAY=32'00000000000000000000000011001011
       2 $paramod$__ICE40_CARRY_WRAPPER\LUT=16'0110100110010110\I3_IS_CI=1'1

3.43.15.1. Executing ABC9_OPS pass (helper functions for ABC9).

3.43.15.2. Executing ABC9_OPS pass (helper functions for ABC9).

3.43.15.3. Executing XAIGER backend.
<suppressed ~15 debug messages>
Extracted 15 AND gates and 63 wires from module `stream_sum' to a netlist network with 12 inputs and 12 outputs.

3.43.15.4. Executing ABC9_EXE pass (technology mapping using ABC9).

3.43.15.5. Executing ABC9.
Running ABC command: "/yosys-abc" -s -f <abc-temp-dir>/abc.script 2>&1

3.43.15.6. Executing AIGER frontend.
<suppressed ~11 debug messages>
Removed 28 unused cells and 74 unused wires.

3.43.15.7. Executing ABC_OPS_REINTEGRATE pass (reintegrate ABC mapped design into module).
ABC RESULTS:              $lut cells:        6
ABC RESULTS:   $paramod$__ICE40_CARRY_WRAPPER\LUT=16'0110100110010110\I3_IS_CI=1'1 cells:        2
ABC RESULTS:           input signals:       10
ABC RESULTS:          output signals:       10
<suppressed ~48 debug messages>
Removing temp directory.

3.43.16. Executing TECHMAP pass (map to technology primitives).

3.43.16.1. Executing Verilog-2005 frontend: /share/abc9_unmap.v
Parsing Verilog input from `/share/abc9_unmap.v' to AST representation.
Generating RTLIL representation for module `$__DFF_x__$abc9_flop'.
Generating RTLIL representation for module `$__ABC9_SCC_BREAKER'.
Successfully finished Verilog frontend.

3.43.16.2. Continuing TECHMAP pass.
Using template $paramod$__ICE40_CARRY_WRAPPER\LUT=16'0110100110010110\I3_IS_CI=1'1 for cells of type $paramod$__ICE40_CARRY_WRAPPER\LUT=16'0110100110010110\I3_IS_CI=1'1.
No more expansions possible.
<suppressed ~8 debug messages>

3.44. Executing ICE40_WRAPCARRY pass (wrap carries).

3.45. Executing TECHMAP pass (map to technology primitives).

3.45.1. Executing Verilog-2005 frontend: /share/ice40/ff_map.v
Parsing Verilog input from `/share/ice40/ff_map.v' to AST representation.
Generating RTLIL representation for module `$_DFF_N_'.
Generating RTLIL representation for module `$_DFF_P_'.
Generating RTLIL representation for module `$_DFFE_NP_'.
Generating RTLIL representation for module `$_DFFE_PP_'.
Generating RTLIL representation for module `$_DFF_NP0_'.
Generating RTLIL representation for module `$_DFF_NP1_'.
Generating RTLIL representation for module `$_DFF_PP0_'.
Generating RTLIL representation for module `$_DFF_PP1_'.
Generating RTLIL representation for module `$_DFFE_NP0P_'.
Generating RTLIL representation for module `$_DFFE_NP1P_'.
Generating RTLIL representation for module `$_DFFE_PP0P_'.
Generating RTLIL representation for module `$_DFFE_PP1P_'.
Generating RTLIL representation for module `$_SDFF_NP0_'.
Generating RTLIL representation for module `$_SDFF_NP1_'.
Generating RTLIL representation for module `$_SDFF_PP0_'.
Generating RTLIL representation for module `$_SDFF_PP1_'.
Generating RTLIL representation for module `$_SDFFCE_NP0P_'.
Generating RTLIL representation for module `$_SDFFCE_NP1P_'.
Generating RTLIL representation for module `$_SDFFCE_PP0P_'.
Generating RTLIL representation for module `$_SDFFCE_PP1P_'.
Successfully finished Verilog frontend.

3.45.2. Continuing TECHMAP pass.
No more expansions possible.
<suppressed ~22 debug messages>
Removed 2 unused cells and 84 unused wires.

3.46. Executing OPT_LUT pass (optimize LUTs).
Discovering LUTs.
Number of LUTs:        8
  2-LUT                1
  3-LUT                6
  4-LUT                1
  with \SB_CARRY    (#0)    2
  with \SB_CARRY    (#1)    1

Eliminating LUTs.
Number of LUTs:        8
  2-LUT                1
  3-LUT                6
  4-LUT                1
  with \SB_CARRY    (#0)    2
  with \SB_CARRY    (#1)    1

Combining LUTs.
Number of LUTs:        8
  2-LUT                1
  3-LUT                6
  4-LUT                1
  with \SB_CARRY    (#0)    2
  with \SB_CARRY    (#1)    1

Eliminated 0 LUTs.
Combined 0 LUTs.
<suppressed ~19 debug messages>

3.47. Executing TECHMAP pass (map to technology primitives).

3.47.1. Executing Verilog-2005 frontend: /share/ice40/cells_map.v
Parsing Verilog input from `/share/ice40/cells_map.v' to AST representation.
Generating RTLIL representation for module `$lut'.
Successfully finished Verilog frontend.

3.47.2. Continuing TECHMAP pass.
Using template $paramod$lut\WIDTH=32'00000000000000000000000000000011\LUT=8'10010110 for cells of type $lut.
Using template $paramod$fd904e9e35cfd343a9df248824bd3f1408724879$lut for cells of type $lut.
Using template $paramod$lut\WIDTH=32'00000000000000000000000000000011\LUT=8'11101000 for cells of type $lut.
Using template $paramod$lut\WIDTH=32'00000000000000000000000000000011\LUT=8'11101111 for cells of type $lut.
Using template $paramod$lut\WIDTH=32'00000000000000000000000000000011\LUT=8'00100011 for cells of type $lut.
Using template $paramod$e3232e0a90c8340ac10328f8e4e3ccd56fa7779b$lut for cells of type $lut.
Using template $paramod$lut\WIDTH=32'00000000000000000000000000000010\LUT=4'0100 for cells of type $lut.
No more expansions possible.
<suppressed ~88 debug messages>
Removed 0 unused cells and 16 unused wires.

3.48. Executing AUTONAME pass.
Renamed 22 objects in module stream_sum.
<suppressed ~22 debug messages>

3.49. Executing HIERARCHY pass (managing design hierarchy).
Attribute `top' found on module `stream_sum'. Setting top module to stream_sum.

3.49.1. Analyzing design hierarchy..
Top module:  \stream_sum

3.49.2. Analyzing design hierarchy..
Top module:  \stream_sum
Removed 0 unused modules.

3.50. Printing statistics.

=== stream_sum ===

        +----------Local Count, excluding submodules.
        | 
       21 wires
       31 wire bits
       21 public wires
       31 public wire bits
       11 ports
       13 port bits
       14 submodules
        2   SB_CARRY
        3   SB_DFFE
        1   SB_DFFESR
        8   SB_LUT4

=== design hierarchy ===

        +----------Count including submodules.
        | 
        - stream_sum

        +----------Count including submodules.
        | 
       21 wires
       31 wire bits
       21 public wires
       31 public wire bits
       11 ports
       13 port bits
        - memories
        - memory bits
        - processes
        - cells
       14 submodules
        2   SB_CARRY
        3   SB_DFFE
        1   SB_DFFESR
        8   SB_LUT4

3.51. Executing CHECK pass (checking for obvious problems).
Checking module stream_sum...
Found and reported 0 problems.

4. Executing CHECK pass (checking for obvious problems).
Checking module stream_sum...
Found and reported 0 problems.
{
   "creator": "Yosys 0.69 (git sha1 9f75ca1f9, Release, Clang /workspace/YoWASP/yosys/wasi-sdk-33.0-x86_64-linux/share/cmake/../..//bin/clang++ 22.1.0)",
   "invocation": "stat -json ",
   "modules": {
      "\\stream_sum": {
         "num_wires":         21,
         "num_wire_bits":     31,
         "num_pub_wires":     21,
         "num_pub_wire_bits": 31,
         "num_ports":         11,
         "num_port_bits":     13,
         "num_memories":      0,
         "num_memory_bits":   0,
         "num_processes":     0,
         "num_cells":         14,
         "num_submodules":       0,
         "num_cells_by_type": {
            "SB_CARRY": 2,
            "SB_DFFE": 3,
            "SB_DFFESR": 1,
            "SB_LUT4": 8
         }
      }
   },
      "design": {
         "num_wires":         21,
         "num_wire_bits":     31,
         "num_pub_wires":     21,
         "num_pub_wire_bits": 31,
         "num_ports":         11,
         "num_port_bits":     13,
         "num_memories":      0,
         "num_memory_bits":   0,
         "num_processes":     0,
         "num_cells":         14,
         "num_submodules":       0,
         "num_cells_by_type": {
            "SB_CARRY": 2,
            "SB_DFFE": 3,
            "SB_DFFESR": 1,
            "SB_LUT4": 8
         }
      }
}

End of script. Logfile hash: be662c4fb0, time: 1.52s, user: 1.52s, system: 0.00s
Yosys 0.69 (git sha1 9f75ca1f9, Release, Clang /workspace/YoWASP/yosys/wasi-sdk-33.0-x86_64-linux/share/cmake/../..//bin/clang++ 22.1.0)
Time spent: 85% 21x read_verilog (1 sec), 3% 1x abc9_exe (0 sec), ...

=== generic WIDTH=1 PIPE=2 ===

 /----------------------------------------------------------------------------\
 |  yosys -- Yosys Open SYnthesis Suite                                       |
 |  Copyright (C) 2012 - 2026  Claire Xenia Wolf <claire@yosyshq.com>         |
 |  Distributed under an ISC-like license, type "license" to see terms        |
 \----------------------------------------------------------------------------/
 Yosys 0.69 (git sha1 9f75ca1f9, Release, Clang /workspace/YoWASP/yosys/wasi-sdk-33.0-x86_64-linux/share/cmake/../..//bin/clang++ 22.1.0)

-- Running command `read_verilog -sv rtl/stream_sum.sv; chparam -set WIDTH 1 -set PIPE 2 stream_sum; synth -top stream_sum; check -assert; tee -o results/generic_1_2.json stat -json; ltp -noff; write_verilog -noattr build/generic_1_2.v' --

1. Executing Verilog-2005 frontend: rtl/stream_sum.sv
Parsing SystemVerilog input from `rtl/stream_sum.sv' to AST representation.
Generating RTLIL representation for module `\stream_sum'.
Successfully finished Verilog frontend.
Parameter \WIDTH = 1
Parameter \PIPE = 2

2. Executing AST frontend in derive mode using pre-parsed AST for module `\stream_sum'.
Parameter \WIDTH = 1
Parameter \PIPE = 2
Generating RTLIL representation for module `$paramod$0b6c2a8d87b9fb27a764f7e382803232cad1f48a\stream_sum'.

3. Executing SYNTH pass.

3.1. Executing HIERARCHY pass (managing design hierarchy).

3.1.1. Analyzing design hierarchy..
Top module:  \stream_sum

3.1.2. Analyzing design hierarchy..
Top module:  \stream_sum
Removed 0 unused modules.

3.2. Executing PROC pass (convert processes to netlists).

3.2.1. Executing PROC_CLEAN pass (remove empty switches from decision trees).
Cleaned up 0 empty switches.

3.2.2. Executing PROC_RMDEAD pass (remove dead branches from decision trees).
Marked 1 switch rules as full_case in process $proc$rtl/stream_sum.sv:37$19 in module stream_sum.
Removed a total of 0 dead cases.

3.2.3. Executing PROC_PRUNE pass (remove redundant assignments in processes).
Removed 0 redundant assignments.
Promoted 0 assignments to connections.

3.2.4. Executing PROC_INIT pass (extract init attributes).

3.2.5. Executing PROC_ARST pass (detect async resets in processes).

3.2.6. Executing PROC_ROM pass (convert switches to ROMs).
Converted 0 switches.
<suppressed ~5 debug messages>

3.2.7. Executing PROC_MUX pass (convert decision trees to multiplexers).
Creating decoders for process `\stream_sum.$proc$rtl/stream_sum.sv:37$19'.
     1/5: $0\split.value[2:0]
     2/5: $0\split.cd[1:0]
     3/5: $0\split.ab[1:0]
     4/5: $0\split.v1[0:0]
     5/5: $0\split.v0[0:0]

3.2.8. Executing PROC_DLATCH pass (convert process syncs to latches).

3.2.9. Executing PROC_DFF pass (convert process syncs to FFs).
Creating register for signal `\stream_sum.\split.v0' using process `\stream_sum.$proc$rtl/stream_sum.sv:37$19'.
  created $dff cell `$procdff$54' with positive edge clock.
Creating register for signal `\stream_sum.\split.v1' using process `\stream_sum.$proc$rtl/stream_sum.sv:37$19'.
  created $dff cell `$procdff$55' with positive edge clock.
Creating register for signal `\stream_sum.\split.ab' using process `\stream_sum.$proc$rtl/stream_sum.sv:37$19'.
  created $dff cell `$procdff$56' with positive edge clock.
Creating register for signal `\stream_sum.\split.cd' using process `\stream_sum.$proc$rtl/stream_sum.sv:37$19'.
  created $dff cell `$procdff$57' with positive edge clock.
Creating register for signal `\stream_sum.\split.value' using process `\stream_sum.$proc$rtl/stream_sum.sv:37$19'.
  created $dff cell `$procdff$58' with positive edge clock.

3.2.10. Executing PROC_MEMWR pass (convert process memory writes to cells).

3.2.11. Executing PROC_CLEAN pass (remove empty switches from decision trees).
Found and cleaned up 5 empty switches in `\stream_sum.$proc$rtl/stream_sum.sv:37$19'.
Removing empty process `stream_sum.$proc$rtl/stream_sum.sv:37$19'.
Cleaned up 5 empty switches.

3.2.12. Executing OPT_EXPR pass (perform const folding).
Optimizing module stream_sum.

3.3. Executing OPT_EXPR pass (perform const folding).
Optimizing module stream_sum.

3.4. Executing OPT_CLEAN pass (remove unused cells and wires).
Finding unused cells or wires in module \stream_sum..
Removed 0 unused cells and 22 unused wires.
<suppressed ~1 debug messages>

3.5. Executing CHECK pass (checking for obvious problems).
Checking module stream_sum...
Found and reported 0 problems.

3.6. Executing OPT pass (performing simple optimizations).

3.6.1. Executing OPT_EXPR pass (perform const folding).
Optimizing module stream_sum.

3.6.2. Executing OPT_MERGE pass (detect identical cells).
Finding identical cells in module `\stream_sum'.
Computing hashes of 29 cells of `\stream_sum'.
Finding duplicate cells in `\stream_sum'.
Computing hashes of 28 cells of `\stream_sum'.
Finding duplicate cells in `\stream_sum'.
<suppressed ~3 debug messages>
Removed a total of 1 cells.

3.6.3. Executing OPT_MUXTREE pass (detect dead branches in mux trees).
Running muxtree optimizer on module \stream_sum..
  Creating internal representation of mux trees.
  Evaluating internal representation of mux trees.
  Analyzing evaluation results.
Removed 0 multiplexer ports.
<suppressed ~18 debug messages>

3.6.4. Executing OPT_REDUCE pass (consolidate $*mux and $reduce_* inputs).
  Optimizing cells in module \stream_sum.
Performed a total of 0 changes.

3.6.5. Executing OPT_MERGE pass (detect identical cells).
Finding identical cells in module `\stream_sum'.
Computing hashes of 28 cells of `\stream_sum'.
Finding duplicate cells in `\stream_sum'.
Removed a total of 0 cells.

3.6.6. Executing OPT_DFF pass (perform DFF optimizations).

3.6.7. Executing OPT_CLEAN pass (remove unused cells and wires).
Finding unused cells or wires in module \stream_sum..
Removed 0 unused cells and 1 unused wires.
<suppressed ~1 debug messages>

3.6.8. Executing OPT_EXPR pass (perform const folding).
Optimizing module stream_sum.

3.6.9. Rerunning OPT passes. (Maybe there is more to do..)

3.6.10. Executing OPT_MUXTREE pass (detect dead branches in mux trees).
Running muxtree optimizer on module \stream_sum..
  Creating internal representation of mux trees.
  Evaluating internal representation of mux trees.
  Analyzing evaluation results.
Removed 0 multiplexer ports.
<suppressed ~18 debug messages>

3.6.11. Executing OPT_REDUCE pass (consolidate $*mux and $reduce_* inputs).
  Optimizing cells in module \stream_sum.
Performed a total of 0 changes.

3.6.12. Executing OPT_MERGE pass (detect identical cells).
Finding identical cells in module `\stream_sum'.
Computing hashes of 28 cells of `\stream_sum'.
Finding duplicate cells in `\stream_sum'.
Removed a total of 0 cells.

3.6.13. Executing OPT_DFF pass (perform DFF optimizations).

3.6.14. Executing OPT_CLEAN pass (remove unused cells and wires).
Finding unused cells or wires in module \stream_sum..

3.6.15. Executing OPT_EXPR pass (perform const folding).
Optimizing module stream_sum.

3.6.16. Finished fast OPT passes. (There is nothing left to do.)

3.7. Executing FSM pass (extract and optimize FSM).

3.7.1. Executing FSM_DETECT pass (finding FSMs in design).

3.7.2. Executing FSM_EXTRACT pass (extracting FSM from design).

3.7.3. Executing FSM_OPT pass (simple optimizations of FSMs).

3.7.4. Executing OPT_CLEAN pass (remove unused cells and wires).
Finding unused cells or wires in module \stream_sum..

3.7.5. Executing FSM_OPT pass (simple optimizations of FSMs).

3.7.6. Executing FSM_RECODE pass (re-assigning FSM state encoding).

3.7.7. Executing FSM_INFO pass (dumping all available information on FSM cells).

3.7.8. Executing FSM_MAP pass (mapping FSMs to basic logic).

3.8. Executing OPT pass (performing simple optimizations).

3.8.1. Executing OPT_EXPR pass (perform const folding).
Optimizing module stream_sum.

3.8.2. Executing OPT_MERGE pass (detect identical cells).
Finding identical cells in module `\stream_sum'.
Computing hashes of 28 cells of `\stream_sum'.
Finding duplicate cells in `\stream_sum'.
Removed a total of 0 cells.

3.8.3. Executing OPT_MUXTREE pass (detect dead branches in mux trees).
Running muxtree optimizer on module \stream_sum..
  Creating internal representation of mux trees.
  Evaluating internal representation of mux trees.
  Analyzing evaluation results.
Removed 0 multiplexer ports.
<suppressed ~18 debug messages>

3.8.4. Executing OPT_REDUCE pass (consolidate $*mux and $reduce_* inputs).
  Optimizing cells in module \stream_sum.
Performed a total of 0 changes.

3.8.5. Executing OPT_MERGE pass (detect identical cells).
Finding identical cells in module `\stream_sum'.
Computing hashes of 28 cells of `\stream_sum'.
Finding duplicate cells in `\stream_sum'.
Removed a total of 0 cells.

3.8.6. Executing OPT_DFF pass (perform DFF optimizations).
Adding EN signal on $procdff$58 ($dff) from module stream_sum (D = $add$rtl/stream_sum.sv:49$22_Y, Q = \split.value).
Adding SRST signal on $procdff$54 ($dff) from module stream_sum (D = $procmux$49_Y, Q = \split.v0, rval = 1'0).
Adding EN signal on $auto$ff.cc:337:slice$64 ($sdff) from module stream_sum (D = \s_valid, Q = \split.v0).
Adding SRST signal on $procdff$55 ($dff) from module stream_sum (D = $procmux$44_Y, Q = \split.v1, rval = 1'0).
Adding EN signal on $auto$ff.cc:337:slice$66 ($sdff) from module stream_sum (D = \split.v0, Q = \split.v1).
Adding EN signal on $procdff$56 ($dff) from module stream_sum (D = $add$rtl/stream_sum.sv:43$20_Y, Q = \split.ab).
Adding EN signal on $procdff$57 ($dff) from module stream_sum (D = $add$rtl/stream_sum.sv:44$21_Y, Q = \split.cd).

3.8.7. Executing OPT_CLEAN pass (remove unused cells and wires).
Finding unused cells or wires in module \stream_sum..
Removed 13 unused cells and 13 unused wires.
<suppressed ~14 debug messages>

3.8.8. Executing OPT_EXPR pass (perform const folding).
Optimizing module stream_sum.

3.8.9. Rerunning OPT passes. (Maybe there is more to do..)

3.8.10. Executing OPT_MUXTREE pass (detect dead branches in mux trees).
Running muxtree optimizer on module \stream_sum..
  Creating internal representation of mux trees.
  No muxes found in this module.
Removed 0 multiplexer ports.

3.8.11. Executing OPT_REDUCE pass (consolidate $*mux and $reduce_* inputs).
  Optimizing cells in module \stream_sum.
Performed a total of 0 changes.

3.8.12. Executing OPT_MERGE pass (detect identical cells).
Finding identical cells in module `\stream_sum'.
Computing hashes of 21 cells of `\stream_sum'.
Finding duplicate cells in `\stream_sum'.
Computing hashes of 19 cells of `\stream_sum'.
Finding duplicate cells in `\stream_sum'.
Computing hashes of 18 cells of `\stream_sum'.
Finding duplicate cells in `\stream_sum'.
<suppressed ~9 debug messages>
Removed a total of 3 cells.

3.8.13. Executing OPT_DFF pass (perform DFF optimizations).

3.8.14. Executing OPT_CLEAN pass (remove unused cells and wires).
Finding unused cells or wires in module \stream_sum..
Removed 0 unused cells and 3 unused wires.
<suppressed ~1 debug messages>

3.8.15. Executing OPT_EXPR pass (perform const folding).
Optimizing module stream_sum.

3.8.16. Rerunning OPT passes. (Maybe there is more to do..)

3.8.17. Executing OPT_MUXTREE pass (detect dead branches in mux trees).
Running muxtree optimizer on module \stream_sum..
  Creating internal representation of mux trees.
  No muxes found in this module.
Removed 0 multiplexer ports.

3.8.18. Executing OPT_REDUCE pass (consolidate $*mux and $reduce_* inputs).
  Optimizing cells in module \stream_sum.
Performed a total of 0 changes.

3.8.19. Executing OPT_MERGE pass (detect identical cells).
Finding identical cells in module `\stream_sum'.
Computing hashes of 18 cells of `\stream_sum'.
Finding duplicate cells in `\stream_sum'.
Removed a total of 0 cells.

3.8.20. Executing OPT_DFF pass (perform DFF optimizations).

3.8.21. Executing OPT_CLEAN pass (remove unused cells and wires).
Finding unused cells or wires in module \stream_sum..

3.8.22. Executing OPT_EXPR pass (perform const folding).
Optimizing module stream_sum.

3.8.23. Finished fast OPT passes. (There is nothing left to do.)

3.9. Executing WREDUCE pass (reducing word size of cells).
Removed top 1 bits (of 2) from port A of cell stream_sum.$add$rtl/stream_sum.sv:43$20 ($add).
Removed top 1 bits (of 2) from port B of cell stream_sum.$add$rtl/stream_sum.sv:43$20 ($add).
Removed top 1 bits (of 2) from port A of cell stream_sum.$add$rtl/stream_sum.sv:44$21 ($add).
Removed top 1 bits (of 2) from port B of cell stream_sum.$add$rtl/stream_sum.sv:44$21 ($add).
Removed top 1 bits (of 3) from port A of cell stream_sum.$add$rtl/stream_sum.sv:49$22 ($add).
Removed top 1 bits (of 3) from port B of cell stream_sum.$add$rtl/stream_sum.sv:49$22 ($add).

3.10. Executing PEEPOPT pass (run peephole optimizers).

3.11. Executing OPT_CLEAN pass (remove unused cells and wires).
Finding unused cells or wires in module \stream_sum..

3.12. Executing ALUMACC pass (create $alu and $macc cells).
Extracting $alu and $macc cells in module stream_sum:
  creating $macc model for $add$rtl/stream_sum.sv:43$20 ($add).
  creating $macc model for $add$rtl/stream_sum.sv:44$21 ($add).
  creating $macc model for $add$rtl/stream_sum.sv:49$22 ($add).
  creating $alu model for $macc $add$rtl/stream_sum.sv:49$22.
  creating $alu model for $macc $add$rtl/stream_sum.sv:44$21.
  creating $alu model for $macc $add$rtl/stream_sum.sv:43$20.
  creating $alu cell for $add$rtl/stream_sum.sv:43$20: $auto$alumacc.cc:548:replace_alu$78
  creating $alu cell for $add$rtl/stream_sum.sv:44$21: $auto$alumacc.cc:548:replace_alu$81
  creating $alu cell for $add$rtl/stream_sum.sv:49$22: $auto$alumacc.cc:548:replace_alu$84
  created 3 $alu and 0 $macc cells.

3.13. Executing SHARE pass (SAT-based resource sharing).

3.14. Executing OPT pass (performing simple optimizations).

3.14.1. Executing OPT_EXPR pass (perform const folding).
Optimizing module stream_sum.

3.14.2. Executing OPT_MERGE pass (detect identical cells).
Finding identical cells in module `\stream_sum'.
Computing hashes of 18 cells of `\stream_sum'.
Finding duplicate cells in `\stream_sum'.
Removed a total of 0 cells.

3.14.3. Executing OPT_MUXTREE pass (detect dead branches in mux trees).
Running muxtree optimizer on module \stream_sum..
  Creating internal representation of mux trees.
  No muxes found in this module.
Removed 0 multiplexer ports.

3.14.4. Executing OPT_REDUCE pass (consolidate $*mux and $reduce_* inputs).
  Optimizing cells in module \stream_sum.
Performed a total of 0 changes.

3.14.5. Executing OPT_MERGE pass (detect identical cells).
Finding identical cells in module `\stream_sum'.
Computing hashes of 18 cells of `\stream_sum'.
Finding duplicate cells in `\stream_sum'.
Removed a total of 0 cells.

3.14.6. Executing OPT_DFF pass (perform DFF optimizations).

3.14.7. Executing OPT_CLEAN pass (remove unused cells and wires).
Finding unused cells or wires in module \stream_sum..

3.14.8. Executing OPT_EXPR pass (perform const folding).
Optimizing module stream_sum.

3.14.9. Finished fast OPT passes. (There is nothing left to do.)

3.15. Executing MEMORY pass.

3.15.1. Executing OPT_MEM pass (optimize memories).
Performed a total of 0 transformations.

3.15.2. Executing OPT_MEM_PRIORITY pass (removing unnecessary memory write priority relations).
Performed a total of 0 transformations.

3.15.3. Executing OPT_MEM_FEEDBACK pass (finding memory read-to-write feedback paths).

3.15.4. Executing MEMORY_BMUX2ROM pass (converting muxes to ROMs).

3.15.5. Executing MEMORY_DFF pass (merging $dff cells to $memrd).

3.15.6. Executing OPT_CLEAN pass (remove unused cells and wires).
Finding unused cells or wires in module \stream_sum..

3.15.7. Executing MEMORY_SHARE pass (consolidating $memrd/$memwr cells).

3.15.8. Executing OPT_MEM_WIDEN pass (optimize memories where all ports are wide).
Performed a total of 0 transformations.

3.15.9. Executing OPT_CLEAN pass (remove unused cells and wires).
Finding unused cells or wires in module \stream_sum..

3.15.10. Executing MEMORY_COLLECT pass (generating $mem cells).

3.16. Executing OPT_CLEAN pass (remove unused cells and wires).
Finding unused cells or wires in module \stream_sum..

3.17. Executing OPT pass (performing simple optimizations).

3.17.1. Executing OPT_EXPR pass (perform const folding).
Optimizing module stream_sum.

3.17.2. Executing OPT_MERGE pass (detect identical cells).
Finding identical cells in module `\stream_sum'.
Computing hashes of 18 cells of `\stream_sum'.
Finding duplicate cells in `\stream_sum'.
Removed a total of 0 cells.

3.17.3. Executing OPT_DFF pass (perform DFF optimizations).

3.17.4. Executing OPT_CLEAN pass (remove unused cells and wires).
Finding unused cells or wires in module \stream_sum..

3.17.5. Finished fast OPT passes.

3.18. Executing MEMORY_MAP pass (converting memories to logic and flip-flops).

3.19. Executing OPT pass (performing simple optimizations).

3.19.1. Executing OPT_EXPR pass (perform const folding).
Optimizing module stream_sum.

3.19.2. Executing OPT_MERGE pass (detect identical cells).
Finding identical cells in module `\stream_sum'.
Computing hashes of 18 cells of `\stream_sum'.
Finding duplicate cells in `\stream_sum'.
Removed a total of 0 cells.

3.19.3. Executing OPT_MUXTREE pass (detect dead branches in mux trees).
Running muxtree optimizer on module \stream_sum..
  Creating internal representation of mux trees.
  No muxes found in this module.
Removed 0 multiplexer ports.

3.19.4. Executing OPT_REDUCE pass (consolidate $*mux and $reduce_* inputs).
  Optimizing cells in module \stream_sum.
Performed a total of 0 changes.

3.19.5. Executing OPT_MERGE pass (detect identical cells).
Finding identical cells in module `\stream_sum'.
Computing hashes of 18 cells of `\stream_sum'.
Finding duplicate cells in `\stream_sum'.
Removed a total of 0 cells.

3.19.6. Executing OPT_SHARE pass.

3.19.7. Executing OPT_DFF pass (perform DFF optimizations).

3.19.8. Executing OPT_CLEAN pass (remove unused cells and wires).
Finding unused cells or wires in module \stream_sum..

3.19.9. Executing OPT_EXPR pass (perform const folding).
Optimizing module stream_sum.

3.19.10. Finished fast OPT passes. (There is nothing left to do.)

3.20. Executing TECHMAP pass (map to technology primitives).

3.20.1. Executing Verilog-2005 frontend: /share/techmap.v
Parsing Verilog input from `/share/techmap.v' to AST representation.
Generating RTLIL representation for module `\_90_simplemap_bool_ops'.
Generating RTLIL representation for module `\_90_simplemap_reduce_ops'.
Generating RTLIL representation for module `\_90_simplemap_logic_ops'.
Generating RTLIL representation for module `\_90_simplemap_compare_ops'.
Generating RTLIL representation for module `\_90_simplemap_various'.
Generating RTLIL representation for module `\_90_simplemap_registers'.
Generating RTLIL representation for module `\_90_shift_ops_shr_shl_sshl_sshr'.
Generating RTLIL representation for module `\_90_shift_shiftx'.
Generating RTLIL representation for module `\_90_fa'.
Generating RTLIL representation for module `\_90_lcu_brent_kung'.
Generating RTLIL representation for module `\_90_alu'.
Generating RTLIL representation for module `\_90_macc'.
Generating RTLIL representation for module `\_90_alumacc'.
Generating RTLIL representation for module `$__div_mod_u'.
Generating RTLIL representation for module `$__div_mod_trunc'.
Generating RTLIL representation for module `\_90_div'.
Generating RTLIL representation for module `\_90_mod'.
Generating RTLIL representation for module `$__div_mod_floor'.
Generating RTLIL representation for module `\_90_divfloor'.
Generating RTLIL representation for module `\_90_modfloor'.
Generating RTLIL representation for module `\_90_pow'.
Generating RTLIL representation for module `\_90_demux'.
Generating RTLIL representation for module `\_90_lut'.
Generating RTLIL representation for module `$connect'.
Generating RTLIL representation for module `$input_port'.
Successfully finished Verilog frontend.

3.20.2. Continuing TECHMAP pass.
Using template $paramod$649fc39eef2451024566705288528c8671211199\_90_alu for cells of type $alu.
Using template $paramod$1d1e68f77481583066c6d429218f48ea9d5739b3\_90_alu for cells of type $alu.
Using extmapper simplemap for cells of type $dffe.
Using extmapper simplemap for cells of type $reduce_and.
Using extmapper simplemap for cells of type $sdffe.
Using extmapper simplemap for cells of type $not.
Using extmapper simplemap for cells of type $logic_not.
Using extmapper simplemap for cells of type $logic_or.
Using extmapper simplemap for cells of type $logic_and.
Using extmapper simplemap for cells of type $xor.
Using template $paramod\_90_fa\WIDTH=32'00000000000000000000000000000011 for cells of type $fa.
Using template $paramod\_90_lcu_brent_kung\WIDTH=32'00000000000000000000000000000011 for cells of type $lcu.
Using extmapper simplemap for cells of type $pos.
Using extmapper simplemap for cells of type $mux.
Using template $paramod\_90_fa\WIDTH=32'00000000000000000000000000000010 for cells of type $fa.
Using template $paramod\_90_lcu_brent_kung\WIDTH=32'00000000000000000000000000000010 for cells of type $lcu.
Using extmapper simplemap for cells of type $or.
Using extmapper simplemap for cells of type $and.
No more expansions possible.
<suppressed ~374 debug messages>

3.21. Executing OPT pass (performing simple optimizations).

3.21.1. Executing OPT_EXPR pass (perform const folding).
Optimizing module stream_sum.
<suppressed ~58 debug messages>

3.21.2. Executing OPT_MERGE pass (detect identical cells).
Finding identical cells in module `\stream_sum'.
Computing hashes of 36 cells of `\stream_sum'.
Finding duplicate cells in `\stream_sum'.
Computing hashes of 35 cells of `\stream_sum'.
Finding duplicate cells in `\stream_sum'.
<suppressed ~3 debug messages>
Removed a total of 1 cells.

3.21.3. Executing OPT_DFF pass (perform DFF optimizations).

3.21.4. Executing OPT_CLEAN pass (remove unused cells and wires).
Finding unused cells or wires in module \stream_sum..
Removed 4 unused cells and 127 unused wires.
<suppressed ~5 debug messages>

3.21.5. Finished fast OPT passes.

3.22. Executing ABC pass (technology mapping using ABC).

3.22.1. Extracting gate netlist of module `\stream_sum' to `<abc-temp-dir>/input.blif'..

3.22.1.1. Executed ABC.
Extracted 22 gates and 35 wires to a netlist network with 13 inputs and 13 outputs.
Running ABC script: <abc-temp-dir>/abc.script

3.22.1.2. Re-integrating ABC results.
ABC RESULTS:               AND cells:        6
ABC RESULTS:            ANDNOT cells:        2
ABC RESULTS:              NAND cells:        3
ABC RESULTS:               NOT cells:        2
ABC RESULTS:                OR cells:        1
ABC RESULTS:             ORNOT cells:        1
ABC RESULTS:               XOR cells:        5
ABC RESULTS:        internal signals:        9
ABC RESULTS:           input signals:       13
ABC RESULTS:          output signals:       13
Removing temp directory.
Removing global temp directory.

3.23. Executing OPT pass (performing simple optimizations).

3.23.1. Executing OPT_EXPR pass (perform const folding).
Optimizing module stream_sum.

3.23.2. Executing OPT_MERGE pass (detect identical cells).
Finding identical cells in module `\stream_sum'.
Computing hashes of 29 cells of `\stream_sum'.
Finding duplicate cells in `\stream_sum'.
Removed a total of 0 cells.

3.23.3. Executing OPT_DFF pass (perform DFF optimizations).

3.23.4. Executing OPT_CLEAN pass (remove unused cells and wires).
Finding unused cells or wires in module \stream_sum..
Removed 0 unused cells and 33 unused wires.
<suppressed ~1 debug messages>

3.23.5. Finished fast OPT passes.

3.24. Executing HIERARCHY pass (managing design hierarchy).
Attribute `top' found on module `stream_sum'. Setting top module to stream_sum.

3.24.1. Analyzing design hierarchy..
Top module:  \stream_sum

3.24.2. Analyzing design hierarchy..
Top module:  \stream_sum
Removed 0 unused modules.

3.25. Printing statistics.

=== stream_sum ===

        +----------Local Count, excluding submodules.
        | 
       34 wires
       50 wire bits
       18 public wires
       24 public wire bits
       11 ports
       13 port bits
       29 cells
        2   $_ANDNOT_
        6   $_AND_
        7   $_DFFE_PP_
        3   $_NAND_
        2   $_NOT_
        1   $_ORNOT_
        1   $_OR_
        2   $_SDFFE_PP0P_
        5   $_XOR_

3.26. Executing CHECK pass (checking for obvious problems).
Checking module stream_sum...
Found and reported 0 problems.

4. Executing CHECK pass (checking for obvious problems).
Checking module stream_sum...
Found and reported 0 problems.
{
   "creator": "Yosys 0.69 (git sha1 9f75ca1f9, Release, Clang /workspace/YoWASP/yosys/wasi-sdk-33.0-x86_64-linux/share/cmake/../..//bin/clang++ 22.1.0)",
   "invocation": "stat -json ",
   "modules": {
      "\\stream_sum": {
         "num_wires":         34,
         "num_wire_bits":     50,
         "num_pub_wires":     18,
         "num_pub_wire_bits": 24,
         "num_ports":         11,
         "num_port_bits":     13,
         "num_memories":      0,
         "num_memory_bits":   0,
         "num_processes":     0,
         "num_cells":         29,
         "num_submodules":       0,
         "num_cells_by_type": {
            "$_ANDNOT_": 2,
            "$_AND_": 6,
            "$_DFFE_PP_": 7,
            "$_NAND_": 3,
            "$_NOT_": 2,
            "$_ORNOT_": 1,
            "$_OR_": 1,
            "$_SDFFE_PP0P_": 2,
            "$_XOR_": 5
         }
      }
   },
      "design": {
         "num_wires":         34,
         "num_wire_bits":     50,
         "num_pub_wires":     18,
         "num_pub_wire_bits": 24,
         "num_ports":         11,
         "num_port_bits":     13,
         "num_memories":      0,
         "num_memory_bits":   0,
         "num_processes":     0,
         "num_cells":         29,
         "num_submodules":       0,
         "num_cells_by_type": {
            "$_ANDNOT_": 2,
            "$_AND_": 6,
            "$_DFFE_PP_": 7,
            "$_NAND_": 3,
            "$_NOT_": 2,
            "$_ORNOT_": 1,
            "$_OR_": 1,
            "$_SDFFE_PP0P_": 2,
            "$_XOR_": 5
         }
      }
}

5. Executing LTP pass (find longest path).

Longest topological path in stream_sum (length=4):
    0: \split.v1
    1: \split.r1 (via $abc$287$auto$blifparse.cc:397:parse_blif$299)
    2: \split.r0 (via $abc$287$auto$blifparse.cc:397:parse_blif$302)
    3: \s_ready (via $abc$287$auto$blifparse.cc:397:parse_blif$303)
    4: $abc$287$auto$simple.cc:210:make_patterns_logic$71 (via $abc$287$auto$blifparse.cc:397:parse_blif$304)
   ff: \split.cd [1] (via $auto$ff.cc:337:slice$165)

6. Executing Verilog backend.

6.1. Executing BMUXMAP pass.

6.2. Executing DEMUXMAP pass.
Dumping module `\stream_sum'.

End of script. Logfile hash: 596c1d78fe, time: 0.11s, user: 0.11s, system: 0.00s
Yosys 0.69 (git sha1 9f75ca1f9, Release, Clang /workspace/YoWASP/yosys/wasi-sdk-33.0-x86_64-linux/share/cmake/../..//bin/clang++ 22.1.0)
Time spent: 29% 1x abc (0 sec), 13% 3x read_verilog (0 sec), ...

=== ice40 WIDTH=1 PIPE=2 ===

 /----------------------------------------------------------------------------\
 |  yosys -- Yosys Open SYnthesis Suite                                       |
 |  Copyright (C) 2012 - 2026  Claire Xenia Wolf <claire@yosyshq.com>         |
 |  Distributed under an ISC-like license, type "license" to see terms        |
 \----------------------------------------------------------------------------/
 Yosys 0.69 (git sha1 9f75ca1f9, Release, Clang /workspace/YoWASP/yosys/wasi-sdk-33.0-x86_64-linux/share/cmake/../..//bin/clang++ 22.1.0)

-- Running command `read_verilog -sv rtl/stream_sum.sv; chparam -set WIDTH 1 -set PIPE 2 stream_sum; synth_ice40 -top stream_sum; check -assert; tee -o results/ice40_1_2.json stat -json' --

1. Executing Verilog-2005 frontend: rtl/stream_sum.sv
Parsing SystemVerilog input from `rtl/stream_sum.sv' to AST representation.
Generating RTLIL representation for module `\stream_sum'.
Successfully finished Verilog frontend.
Parameter \WIDTH = 1
Parameter \PIPE = 2

2. Executing AST frontend in derive mode using pre-parsed AST for module `\stream_sum'.
Parameter \WIDTH = 1
Parameter \PIPE = 2
Generating RTLIL representation for module `$paramod$0b6c2a8d87b9fb27a764f7e382803232cad1f48a\stream_sum'.

3. Executing SYNTH_ICE40 pass.

3.1. Executing Verilog-2005 frontend: /share/ice40/cells_sim.v
Parsing Verilog input from `/share/ice40/cells_sim.v' to AST representation.
Generating RTLIL representation for module `\SB_IO'.
Generating RTLIL representation for module `\SB_GB_IO'.
Generating RTLIL representation for module `\SB_GB'.
Generating RTLIL representation for module `\SB_LUT4'.
Generating RTLIL representation for module `\SB_CARRY'.
Generating RTLIL representation for module `\SB_DFF'.
Generating RTLIL representation for module `\SB_DFFE'.
Generating RTLIL representation for module `\SB_DFFSR'.
Generating RTLIL representation for module `\SB_DFFR'.
Generating RTLIL representation for module `\SB_DFFSS'.
Generating RTLIL representation for module `\SB_DFFS'.
Generating RTLIL representation for module `\SB_DFFESR'.
Generating RTLIL representation for module `\SB_DFFER'.
Generating RTLIL representation for module `\SB_DFFESS'.
Generating RTLIL representation for module `\SB_DFFES'.
Generating RTLIL representation for module `\SB_DFFN'.
Generating RTLIL representation for module `\SB_DFFNE'.
Generating RTLIL representation for module `\SB_DFFNSR'.
Generating RTLIL representation for module `\SB_DFFNR'.
Generating RTLIL representation for module `\SB_DFFNSS'.
Generating RTLIL representation for module `\SB_DFFNS'.
Generating RTLIL representation for module `\SB_DFFNESR'.
Generating RTLIL representation for module `\SB_DFFNER'.
Generating RTLIL representation for module `\SB_DFFNESS'.
Generating RTLIL representation for module `\SB_DFFNES'.
Generating RTLIL representation for module `\SB_RAM40_4K'.
Generating RTLIL representation for module `\SB_RAM40_4KNR'.
Generating RTLIL representation for module `\SB_RAM40_4KNW'.
Generating RTLIL representation for module `\SB_RAM40_4KNRNW'.
Generating RTLIL representation for module `\ICESTORM_LC'.
Generating RTLIL representation for module `\SB_PLL40_CORE'.
Generating RTLIL representation for module `\SB_PLL40_PAD'.
Generating RTLIL representation for module `\SB_PLL40_2_PAD'.
Generating RTLIL representation for module `\SB_PLL40_2F_CORE'.
Generating RTLIL representation for module `\SB_PLL40_2F_PAD'.
Generating RTLIL representation for module `\SB_WARMBOOT'.
Generating RTLIL representation for module `\SB_SPRAM256KA'.
Generating RTLIL representation for module `\SB_HFOSC'.
Generating RTLIL representation for module `\SB_LFOSC'.
Generating RTLIL representation for module `\SB_RGBA_DRV'.
Generating RTLIL representation for module `\SB_LED_DRV_CUR'.
Generating RTLIL representation for module `\SB_RGB_DRV'.
Generating RTLIL representation for module `\SB_I2C'.
Generating RTLIL representation for module `\SB_SPI'.
Generating RTLIL representation for module `\SB_LEDDA_IP'.
Generating RTLIL representation for module `\SB_FILTER_50NS'.
Generating RTLIL representation for module `\SB_IO_I3C'.
Generating RTLIL representation for module `\SB_IO_OD'.
Generating RTLIL representation for module `\SB_MAC16'.
Generating RTLIL representation for module `\ICESTORM_RAM'.
Successfully finished Verilog frontend.

3.2. Executing HIERARCHY pass (managing design hierarchy).

3.2.1. Analyzing design hierarchy..
Top module:  \stream_sum

3.2.2. Analyzing design hierarchy..
Top module:  \stream_sum
Removed 0 unused modules.

3.3. Executing PROC pass (convert processes to netlists).

3.3.1. Executing PROC_CLEAN pass (remove empty switches from decision trees).
Cleaned up 0 empty switches.

3.3.2. Executing PROC_RMDEAD pass (remove dead branches from decision trees).
Marked 1 switch rules as full_case in process $proc$rtl/stream_sum.sv:37$19 in module stream_sum.
Removed a total of 0 dead cases.

3.3.3. Executing PROC_PRUNE pass (remove redundant assignments in processes).
Removed 0 redundant assignments.
Promoted 0 assignments to connections.

3.3.4. Executing PROC_INIT pass (extract init attributes).

3.3.5. Executing PROC_ARST pass (detect async resets in processes).

3.3.6. Executing PROC_ROM pass (convert switches to ROMs).
Converted 0 switches.
<suppressed ~5 debug messages>

3.3.7. Executing PROC_MUX pass (convert decision trees to multiplexers).
Creating decoders for process `\stream_sum.$proc$rtl/stream_sum.sv:37$19'.
     1/5: $0\split.value[2:0]
     2/5: $0\split.cd[1:0]
     3/5: $0\split.ab[1:0]
     4/5: $0\split.v1[0:0]
     5/5: $0\split.v0[0:0]

3.3.8. Executing PROC_DLATCH pass (convert process syncs to latches).

3.3.9. Executing PROC_DFF pass (convert process syncs to FFs).
Creating register for signal `\stream_sum.\split.v0' using process `\stream_sum.$proc$rtl/stream_sum.sv:37$19'.
  created $dff cell `$procdff$434' with positive edge clock.
Creating register for signal `\stream_sum.\split.v1' using process `\stream_sum.$proc$rtl/stream_sum.sv:37$19'.
  created $dff cell `$procdff$435' with positive edge clock.
Creating register for signal `\stream_sum.\split.ab' using process `\stream_sum.$proc$rtl/stream_sum.sv:37$19'.
  created $dff cell `$procdff$436' with positive edge clock.
Creating register for signal `\stream_sum.\split.cd' using process `\stream_sum.$proc$rtl/stream_sum.sv:37$19'.
  created $dff cell `$procdff$437' with positive edge clock.
Creating register for signal `\stream_sum.\split.value' using process `\stream_sum.$proc$rtl/stream_sum.sv:37$19'.
  created $dff cell `$procdff$438' with positive edge clock.

3.3.10. Executing PROC_MEMWR pass (convert process memory writes to cells).

3.3.11. Executing PROC_CLEAN pass (remove empty switches from decision trees).
Found and cleaned up 5 empty switches in `\stream_sum.$proc$rtl/stream_sum.sv:37$19'.
Removing empty process `stream_sum.$proc$rtl/stream_sum.sv:37$19'.
Cleaned up 5 empty switches.

3.3.12. Executing OPT_EXPR pass (perform const folding).
Optimizing module stream_sum.

3.4. Executing CHECK pass (checking for obvious problems).
Checking module stream_sum...
Found and reported 0 problems.

3.5. Executing FLATTEN pass (flatten design).

3.6. Executing TRIBUF pass.

3.7. Executing DEMINOUT pass (demote inout ports to input or output).

3.8. Executing OPT_EXPR pass (perform const folding).
Optimizing module stream_sum.

3.9. Executing OPT_CLEAN pass (remove unused cells and wires).
Finding unused cells or wires in module \stream_sum..
Removed 0 unused cells and 22 unused wires.
<suppressed ~1 debug messages>

3.10. Executing CHECK pass (checking for obvious problems).
Checking module stream_sum...
Found and reported 0 problems.

3.11. Executing OPT pass (performing simple optimizations).

3.11.1. Executing OPT_EXPR pass (perform const folding).
Optimizing module stream_sum.

3.11.2. Executing OPT_MERGE pass (detect identical cells).
Finding identical cells in module `\stream_sum'.
Computing hashes of 29 cells of `\stream_sum'.
Finding duplicate cells in `\stream_sum'.
Computing hashes of 28 cells of `\stream_sum'.
Finding duplicate cells in `\stream_sum'.
<suppressed ~3 debug messages>
Removed a total of 1 cells.

3.11.3. Executing OPT_MUXTREE pass (detect dead branches in mux trees).
Running muxtree optimizer on module \stream_sum..
  Creating internal representation of mux trees.
  Evaluating internal representation of mux trees.
  Analyzing evaluation results.
Removed 0 multiplexer ports.
<suppressed ~18 debug messages>

3.11.4. Executing OPT_REDUCE pass (consolidate $*mux and $reduce_* inputs).
  Optimizing cells in module \stream_sum.
Performed a total of 0 changes.

3.11.5. Executing OPT_MERGE pass (detect identical cells).
Finding identical cells in module `\stream_sum'.
Computing hashes of 28 cells of `\stream_sum'.
Finding duplicate cells in `\stream_sum'.
Removed a total of 0 cells.

3.11.6. Executing OPT_DFF pass (perform DFF optimizations).

3.11.7. Executing OPT_CLEAN pass (remove unused cells and wires).
Finding unused cells or wires in module \stream_sum..
Removed 0 unused cells and 1 unused wires.
<suppressed ~1 debug messages>

3.11.8. Executing OPT_EXPR pass (perform const folding).
Optimizing module stream_sum.

3.11.9. Rerunning OPT passes. (Maybe there is more to do..)

3.11.10. Executing OPT_MUXTREE pass (detect dead branches in mux trees).
Running muxtree optimizer on module \stream_sum..
  Creating internal representation of mux trees.
  Evaluating internal representation of mux trees.
  Analyzing evaluation results.
Removed 0 multiplexer ports.
<suppressed ~18 debug messages>

3.11.11. Executing OPT_REDUCE pass (consolidate $*mux and $reduce_* inputs).
  Optimizing cells in module \stream_sum.
Performed a total of 0 changes.

3.11.12. Executing OPT_MERGE pass (detect identical cells).
Finding identical cells in module `\stream_sum'.
Computing hashes of 28 cells of `\stream_sum'.
Finding duplicate cells in `\stream_sum'.
Removed a total of 0 cells.

3.11.13. Executing OPT_DFF pass (perform DFF optimizations).

3.11.14. Executing OPT_CLEAN pass (remove unused cells and wires).
Finding unused cells or wires in module \stream_sum..

3.11.15. Executing OPT_EXPR pass (perform const folding).
Optimizing module stream_sum.

3.11.16. Finished fast OPT passes. (There is nothing left to do.)

3.12. Executing FSM pass (extract and optimize FSM).

3.12.1. Executing FSM_DETECT pass (finding FSMs in design).

3.12.2. Executing FSM_EXTRACT pass (extracting FSM from design).

3.12.3. Executing FSM_OPT pass (simple optimizations of FSMs).

3.12.4. Executing OPT_CLEAN pass (remove unused cells and wires).
Finding unused cells or wires in module \stream_sum..

3.12.5. Executing FSM_OPT pass (simple optimizations of FSMs).

3.12.6. Executing FSM_RECODE pass (re-assigning FSM state encoding).

3.12.7. Executing FSM_INFO pass (dumping all available information on FSM cells).

3.12.8. Executing FSM_MAP pass (mapping FSMs to basic logic).

3.13. Executing OPT pass (performing simple optimizations).

3.13.1. Executing OPT_EXPR pass (perform const folding).
Optimizing module stream_sum.

3.13.2. Executing OPT_MERGE pass (detect identical cells).
Finding identical cells in module `\stream_sum'.
Computing hashes of 28 cells of `\stream_sum'.
Finding duplicate cells in `\stream_sum'.
Removed a total of 0 cells.

3.13.3. Executing OPT_MUXTREE pass (detect dead branches in mux trees).
Running muxtree optimizer on module \stream_sum..
  Creating internal representation of mux trees.
  Evaluating internal representation of mux trees.
  Analyzing evaluation results.
Removed 0 multiplexer ports.
<suppressed ~18 debug messages>

3.13.4. Executing OPT_REDUCE pass (consolidate $*mux and $reduce_* inputs).
  Optimizing cells in module \stream_sum.
Performed a total of 0 changes.

3.13.5. Executing OPT_MERGE pass (detect identical cells).
Finding identical cells in module `\stream_sum'.
Computing hashes of 28 cells of `\stream_sum'.
Finding duplicate cells in `\stream_sum'.
Removed a total of 0 cells.

3.13.6. Executing OPT_DFF pass (perform DFF optimizations).
Adding EN signal on $procdff$438 ($dff) from module stream_sum (D = $add$rtl/stream_sum.sv:49$22_Y, Q = \split.value).
Adding SRST signal on $procdff$434 ($dff) from module stream_sum (D = $procmux$429_Y, Q = \split.v0, rval = 1'0).
Adding EN signal on $auto$ff.cc:337:slice$444 ($sdff) from module stream_sum (D = \s_valid, Q = \split.v0).
Adding SRST signal on $procdff$435 ($dff) from module stream_sum (D = $procmux$424_Y, Q = \split.v1, rval = 1'0).
Adding EN signal on $auto$ff.cc:337:slice$446 ($sdff) from module stream_sum (D = \split.v0, Q = \split.v1).
Adding EN signal on $procdff$436 ($dff) from module stream_sum (D = $add$rtl/stream_sum.sv:43$20_Y, Q = \split.ab).
Adding EN signal on $procdff$437 ($dff) from module stream_sum (D = $add$rtl/stream_sum.sv:44$21_Y, Q = \split.cd).

3.13.7. Executing OPT_CLEAN pass (remove unused cells and wires).
Finding unused cells or wires in module \stream_sum..
Removed 13 unused cells and 13 unused wires.
<suppressed ~14 debug messages>

3.13.8. Executing OPT_EXPR pass (perform const folding).
Optimizing module stream_sum.

3.13.9. Rerunning OPT passes. (Maybe there is more to do..)

3.13.10. Executing OPT_MUXTREE pass (detect dead branches in mux trees).
Running muxtree optimizer on module \stream_sum..
  Creating internal representation of mux trees.
  No muxes found in this module.
Removed 0 multiplexer ports.

3.13.11. Executing OPT_REDUCE pass (consolidate $*mux and $reduce_* inputs).
  Optimizing cells in module \stream_sum.
Performed a total of 0 changes.

3.13.12. Executing OPT_MERGE pass (detect identical cells).
Finding identical cells in module `\stream_sum'.
Computing hashes of 21 cells of `\stream_sum'.
Finding duplicate cells in `\stream_sum'.
Computing hashes of 19 cells of `\stream_sum'.
Finding duplicate cells in `\stream_sum'.
Computing hashes of 18 cells of `\stream_sum'.
Finding duplicate cells in `\stream_sum'.
<suppressed ~9 debug messages>
Removed a total of 3 cells.

3.13.13. Executing OPT_DFF pass (perform DFF optimizations).

3.13.14. Executing OPT_CLEAN pass (remove unused cells and wires).
Finding unused cells or wires in module \stream_sum..
Removed 0 unused cells and 3 unused wires.
<suppressed ~1 debug messages>

3.13.15. Executing OPT_EXPR pass (perform const folding).
Optimizing module stream_sum.

3.13.16. Rerunning OPT passes. (Maybe there is more to do..)

3.13.17. Executing OPT_MUXTREE pass (detect dead branches in mux trees).
Running muxtree optimizer on module \stream_sum..
  Creating internal representation of mux trees.
  No muxes found in this module.
Removed 0 multiplexer ports.

3.13.18. Executing OPT_REDUCE pass (consolidate $*mux and $reduce_* inputs).
  Optimizing cells in module \stream_sum.
Performed a total of 0 changes.

3.13.19. Executing OPT_MERGE pass (detect identical cells).
Finding identical cells in module `\stream_sum'.
Computing hashes of 18 cells of `\stream_sum'.
Finding duplicate cells in `\stream_sum'.
Removed a total of 0 cells.

3.13.20. Executing OPT_DFF pass (perform DFF optimizations).

3.13.21. Executing OPT_CLEAN pass (remove unused cells and wires).
Finding unused cells or wires in module \stream_sum..

3.13.22. Executing OPT_EXPR pass (perform const folding).
Optimizing module stream_sum.

3.13.23. Finished fast OPT passes. (There is nothing left to do.)

3.14. Executing WREDUCE pass (reducing word size of cells).
Removed top 1 bits (of 2) from port A of cell stream_sum.$add$rtl/stream_sum.sv:43$20 ($add).
Removed top 1 bits (of 2) from port B of cell stream_sum.$add$rtl/stream_sum.sv:43$20 ($add).
Removed top 1 bits (of 2) from port A of cell stream_sum.$add$rtl/stream_sum.sv:44$21 ($add).
Removed top 1 bits (of 2) from port B of cell stream_sum.$add$rtl/stream_sum.sv:44$21 ($add).
Removed top 1 bits (of 3) from port A of cell stream_sum.$add$rtl/stream_sum.sv:49$22 ($add).
Removed top 1 bits (of 3) from port B of cell stream_sum.$add$rtl/stream_sum.sv:49$22 ($add).

3.15. Executing PEEPOPT pass (run peephole optimizers).

3.16. Executing OPT_CLEAN pass (remove unused cells and wires).
Finding unused cells or wires in module \stream_sum..

3.17. Executing SHARE pass (SAT-based resource sharing).

3.18. Executing TECHMAP pass (map to technology primitives).

3.18.1. Executing Verilog-2005 frontend: /share/cmp2lut.v
Parsing Verilog input from `/share/cmp2lut.v' to AST representation.
Generating RTLIL representation for module `\_90_lut_cmp_'.
Successfully finished Verilog frontend.

3.18.2. Continuing TECHMAP pass.
No more expansions possible.
<suppressed ~6 debug messages>

3.19. Executing OPT_EXPR pass (perform const folding).
Optimizing module stream_sum.

3.20. Executing OPT_CLEAN pass (remove unused cells and wires).
Finding unused cells or wires in module \stream_sum..

3.21. Executing ALUMACC pass (create $alu and $macc cells).
Extracting $alu and $macc cells in module stream_sum:
  creating $macc model for $add$rtl/stream_sum.sv:43$20 ($add).
  creating $macc model for $add$rtl/stream_sum.sv:44$21 ($add).
  creating $macc model for $add$rtl/stream_sum.sv:49$22 ($add).
  creating $alu model for $macc $add$rtl/stream_sum.sv:49$22.
  creating $alu model for $macc $add$rtl/stream_sum.sv:44$21.
  creating $alu model for $macc $add$rtl/stream_sum.sv:43$20.
  creating $alu cell for $add$rtl/stream_sum.sv:43$20: $auto$alumacc.cc:548:replace_alu$459
  creating $alu cell for $add$rtl/stream_sum.sv:44$21: $auto$alumacc.cc:548:replace_alu$462
  creating $alu cell for $add$rtl/stream_sum.sv:49$22: $auto$alumacc.cc:548:replace_alu$465
  created 3 $alu and 0 $macc cells.

3.22. Executing OPT pass (performing simple optimizations).

3.22.1. Executing OPT_EXPR pass (perform const folding).
Optimizing module stream_sum.

3.22.2. Executing OPT_MERGE pass (detect identical cells).
Finding identical cells in module `\stream_sum'.
Computing hashes of 18 cells of `\stream_sum'.
Finding duplicate cells in `\stream_sum'.
Removed a total of 0 cells.

3.22.3. Executing OPT_MUXTREE pass (detect dead branches in mux trees).
Running muxtree optimizer on module \stream_sum..
  Creating internal representation of mux trees.
  No muxes found in this module.
Removed 0 multiplexer ports.

3.22.4. Executing OPT_REDUCE pass (consolidate $*mux and $reduce_* inputs).
  Optimizing cells in module \stream_sum.
Performed a total of 0 changes.

3.22.5. Executing OPT_MERGE pass (detect identical cells).
Finding identical cells in module `\stream_sum'.
Computing hashes of 18 cells of `\stream_sum'.
Finding duplicate cells in `\stream_sum'.
Removed a total of 0 cells.

3.22.6. Executing OPT_DFF pass (perform DFF optimizations).

3.22.7. Executing OPT_CLEAN pass (remove unused cells and wires).
Finding unused cells or wires in module \stream_sum..

3.22.8. Executing OPT_EXPR pass (perform const folding).
Optimizing module stream_sum.

3.22.9. Finished fast OPT passes. (There is nothing left to do.)

3.23. Executing MEMORY pass.

3.23.1. Executing OPT_MEM pass (optimize memories).
Performed a total of 0 transformations.

3.23.2. Executing OPT_MEM_PRIORITY pass (removing unnecessary memory write priority relations).
Performed a total of 0 transformations.

3.23.3. Executing OPT_MEM_FEEDBACK pass (finding memory read-to-write feedback paths).

3.23.4. Executing MEMORY_BMUX2ROM pass (converting muxes to ROMs).

3.23.5. Executing MEMORY_DFF pass (merging $dff cells to $memrd).

3.23.6. Executing OPT_CLEAN pass (remove unused cells and wires).
Finding unused cells or wires in module \stream_sum..

3.23.7. Executing MEMORY_SHARE pass (consolidating $memrd/$memwr cells).

3.23.8. Executing OPT_MEM_WIDEN pass (optimize memories where all ports are wide).
Performed a total of 0 transformations.

3.23.9. Executing OPT_CLEAN pass (remove unused cells and wires).
Finding unused cells or wires in module \stream_sum..

3.23.10. Executing MEMORY_COLLECT pass (generating $mem cells).

3.24. Executing OPT_CLEAN pass (remove unused cells and wires).
Finding unused cells or wires in module \stream_sum..

3.25. Executing MEMORY_LIBMAP pass (mapping memories to cells).

3.26. Executing TECHMAP pass (map to technology primitives).

3.26.1. Executing Verilog-2005 frontend: /share/ice40/brams_map.v
Parsing Verilog input from `/share/ice40/brams_map.v' to AST representation.
Generating RTLIL representation for module `$__ICE40_RAM4K_'.
Successfully finished Verilog frontend.

3.26.2. Executing Verilog-2005 frontend: /share/ice40/spram_map.v
Parsing Verilog input from `/share/ice40/spram_map.v' to AST representation.
Generating RTLIL representation for module `$__ICE40_SPRAM_'.
Successfully finished Verilog frontend.

3.26.3. Continuing TECHMAP pass.
No more expansions possible.
<suppressed ~4 debug messages>

3.27. Executing ICE40_BRAMINIT pass.

3.28. Executing OPT pass (performing simple optimizations).

3.28.1. Executing OPT_EXPR pass (perform const folding).
Optimizing module stream_sum.

3.28.2. Executing OPT_MERGE pass (detect identical cells).
Finding identical cells in module `\stream_sum'.
Computing hashes of 18 cells of `\stream_sum'.
Finding duplicate cells in `\stream_sum'.
Removed a total of 0 cells.

3.28.3. Executing OPT_DFF pass (perform DFF optimizations).

3.28.4. Executing OPT_CLEAN pass (remove unused cells and wires).
Finding unused cells or wires in module \stream_sum..

3.28.5. Finished fast OPT passes.

3.29. Executing MEMORY_MAP pass (converting memories to logic and flip-flops).

3.30. Executing OPT pass (performing simple optimizations).

3.30.1. Executing OPT_EXPR pass (perform const folding).
Optimizing module stream_sum.

3.30.2. Executing OPT_MERGE pass (detect identical cells).
Finding identical cells in module `\stream_sum'.
Computing hashes of 18 cells of `\stream_sum'.
Finding duplicate cells in `\stream_sum'.
Removed a total of 0 cells.

3.30.3. Executing OPT_MUXTREE pass (detect dead branches in mux trees).
Running muxtree optimizer on module \stream_sum..
  Creating internal representation of mux trees.
  No muxes found in this module.
Removed 0 multiplexer ports.

3.30.4. Executing OPT_REDUCE pass (consolidate $*mux and $reduce_* inputs).
  Optimizing cells in module \stream_sum.
Performed a total of 0 changes.

3.30.5. Executing OPT_MERGE pass (detect identical cells).
Finding identical cells in module `\stream_sum'.
Computing hashes of 18 cells of `\stream_sum'.
Finding duplicate cells in `\stream_sum'.
Removed a total of 0 cells.

3.30.6. Executing OPT_DFF pass (perform DFF optimizations).

3.30.7. Executing OPT_CLEAN pass (remove unused cells and wires).
Finding unused cells or wires in module \stream_sum..

3.30.8. Executing OPT_EXPR pass (perform const folding).
Optimizing module stream_sum.

3.30.9. Finished fast OPT passes. (There is nothing left to do.)

3.31. Executing ICE40_WRAPCARRY pass (wrap carries).

3.32. Executing TECHMAP pass (map to technology primitives).

3.32.1. Executing Verilog-2005 frontend: /share/techmap.v
Parsing Verilog input from `/share/techmap.v' to AST representation.
Generating RTLIL representation for module `\_90_simplemap_bool_ops'.
Generating RTLIL representation for module `\_90_simplemap_reduce_ops'.
Generating RTLIL representation for module `\_90_simplemap_logic_ops'.
Generating RTLIL representation for module `\_90_simplemap_compare_ops'.
Generating RTLIL representation for module `\_90_simplemap_various'.
Generating RTLIL representation for module `\_90_simplemap_registers'.
Generating RTLIL representation for module `\_90_shift_ops_shr_shl_sshl_sshr'.
Generating RTLIL representation for module `\_90_shift_shiftx'.
Generating RTLIL representation for module `\_90_fa'.
Generating RTLIL representation for module `\_90_lcu_brent_kung'.
Generating RTLIL representation for module `\_90_alu'.
Generating RTLIL representation for module `\_90_macc'.
Generating RTLIL representation for module `\_90_alumacc'.
Generating RTLIL representation for module `$__div_mod_u'.
Generating RTLIL representation for module `$__div_mod_trunc'.
Generating RTLIL representation for module `\_90_div'.
Generating RTLIL representation for module `\_90_mod'.
Generating RTLIL representation for module `$__div_mod_floor'.
Generating RTLIL representation for module `\_90_divfloor'.
Generating RTLIL representation for module `\_90_modfloor'.
Generating RTLIL representation for module `\_90_pow'.
Generating RTLIL representation for module `\_90_demux'.
Generating RTLIL representation for module `\_90_lut'.
Generating RTLIL representation for module `$connect'.
Generating RTLIL representation for module `$input_port'.
Successfully finished Verilog frontend.

3.32.2. Executing Verilog-2005 frontend: /share/ice40/arith_map.v
Parsing Verilog input from `/share/ice40/arith_map.v' to AST representation.
Generating RTLIL representation for module `\_80_ice40_alu'.
Successfully finished Verilog frontend.

3.32.3. Continuing TECHMAP pass.
Using template $paramod$649fc39eef2451024566705288528c8671211199\_80_ice40_alu for cells of type $alu.
Using template $paramod$1d1e68f77481583066c6d429218f48ea9d5739b3\_90_alu for cells of type $alu.
Using extmapper simplemap for cells of type $dffe.
Using extmapper simplemap for cells of type $reduce_and.
Using extmapper simplemap for cells of type $sdffe.
Using extmapper simplemap for cells of type $not.
Using extmapper simplemap for cells of type $logic_not.
Using extmapper simplemap for cells of type $logic_or.
Using extmapper simplemap for cells of type $logic_and.
Using extmapper simplemap for cells of type $xor.
Using extmapper simplemap for cells of type $mux.
Using extmapper simplemap for cells of type $pos.
Using template $paramod\_90_fa\WIDTH=32'00000000000000000000000000000010 for cells of type $fa.
Using template $paramod\_90_lcu_brent_kung\WIDTH=32'00000000000000000000000000000010 for cells of type $lcu.
Using extmapper simplemap for cells of type $or.
Using extmapper simplemap for cells of type $and.
No more expansions possible.
<suppressed ~278 debug messages>

3.33. Executing OPT pass (performing simple optimizations).

3.33.1. Executing OPT_EXPR pass (perform const folding).
Optimizing module stream_sum.
<suppressed ~41 debug messages>

3.33.2. Executing OPT_MERGE pass (detect identical cells).
Finding identical cells in module `\stream_sum'.
Computing hashes of 34 cells of `\stream_sum'.
Finding duplicate cells in `\stream_sum'.
Computing hashes of 33 cells of `\stream_sum'.
Finding duplicate cells in `\stream_sum'.
<suppressed ~3 debug messages>
Removed a total of 1 cells.

3.33.3. Executing OPT_DFF pass (perform DFF optimizations).

3.33.4. Executing OPT_CLEAN pass (remove unused cells and wires).
Finding unused cells or wires in module \stream_sum..
Removed 6 unused cells and 103 unused wires.
<suppressed ~7 debug messages>

3.33.5. Finished fast OPT passes.

3.34. Executing ICE40_OPT pass (performing simple optimizations).

3.34.1. Running ICE40 specific optimizations.
Optimized $__ICE40_CARRY_WRAPPER cell back to logic (without SB_CARRY) stream_sum.$auto$alumacc.cc:548:replace_alu$465.slice[2].carry: CO=1'0

3.34.2. Executing OPT_EXPR pass (perform const folding).
Optimizing module stream_sum.

3.34.3. Executing OPT_MERGE pass (detect identical cells).
Finding identical cells in module `\stream_sum'.
Computing hashes of 27 cells of `\stream_sum'.
Finding duplicate cells in `\stream_sum'.
Removed a total of 0 cells.

3.34.4. Executing OPT_DFF pass (perform DFF optimizations).

3.34.5. Executing OPT_CLEAN pass (remove unused cells and wires).
Finding unused cells or wires in module \stream_sum..
Removed 0 unused cells and 1 unused wires.
<suppressed ~1 debug messages>

3.34.6. Rerunning OPT passes. (Removed registers in this run.)

3.34.7. Running ICE40 specific optimizations.

3.34.8. Executing OPT_EXPR pass (perform const folding).
Optimizing module stream_sum.

3.34.9. Executing OPT_MERGE pass (detect identical cells).
Finding identical cells in module `\stream_sum'.
Computing hashes of 27 cells of `\stream_sum'.
Finding duplicate cells in `\stream_sum'.
Removed a total of 0 cells.

3.34.10. Executing OPT_DFF pass (perform DFF optimizations).

3.34.11. Executing OPT_CLEAN pass (remove unused cells and wires).
Finding unused cells or wires in module \stream_sum..

3.34.12. Finished OPT passes. (There is nothing left to do.)

3.35. Executing DFFLEGALIZE pass (convert FFs and LATCHes to types supported by the target).

3.36. Executing TECHMAP pass (map to technology primitives).

3.36.1. Executing Verilog-2005 frontend: /share/ice40/ff_map.v
Parsing Verilog input from `/share/ice40/ff_map.v' to AST representation.
Generating RTLIL representation for module `$_DFF_N_'.
Generating RTLIL representation for module `$_DFF_P_'.
Generating RTLIL representation for module `$_DFFE_NP_'.
Generating RTLIL representation for module `$_DFFE_PP_'.
Generating RTLIL representation for module `$_DFF_NP0_'.
Generating RTLIL representation for module `$_DFF_NP1_'.
Generating RTLIL representation for module `$_DFF_PP0_'.
Generating RTLIL representation for module `$_DFF_PP1_'.
Generating RTLIL representation for module `$_DFFE_NP0P_'.
Generating RTLIL representation for module `$_DFFE_NP1P_'.
Generating RTLIL representation for module `$_DFFE_PP0P_'.
Generating RTLIL representation for module `$_DFFE_PP1P_'.
Generating RTLIL representation for module `$_SDFF_NP0_'.
Generating RTLIL representation for module `$_SDFF_NP1_'.
Generating RTLIL representation for module `$_SDFF_PP0_'.
Generating RTLIL representation for module `$_SDFF_PP1_'.
Generating RTLIL representation for module `$_SDFFCE_NP0P_'.
Generating RTLIL representation for module `$_SDFFCE_NP1P_'.
Generating RTLIL representation for module `$_SDFFCE_PP0P_'.
Generating RTLIL representation for module `$_SDFFCE_PP1P_'.
Successfully finished Verilog frontend.

3.36.2. Continuing TECHMAP pass.
Using template $_DFFE_PP_ for cells of type $_DFFE_PP_.
Using template $_SDFFCE_PP0P_ for cells of type $_SDFFCE_PP0P_.
No more expansions possible.
<suppressed ~31 debug messages>

3.37. Executing OPT_EXPR pass (perform const folding).
Optimizing module stream_sum.

3.38. Executing SIMPLEMAP pass (map simple cells to gate primitives).
Mapping stream_sum.$auto$alumacc.cc:548:replace_alu$465.slice[2].carry ($lut).

3.39. Executing ICE40_OPT pass (performing simple optimizations).

3.39.1. Running ICE40 specific optimizations.

3.39.2. Executing OPT_EXPR pass (perform const folding).
Optimizing module stream_sum.
<suppressed ~15 debug messages>

3.39.3. Executing OPT_MERGE pass (detect identical cells).
Finding identical cells in module `\stream_sum'.
Computing hashes of 28 cells of `\stream_sum'.
Finding duplicate cells in `\stream_sum'.
Removed a total of 0 cells.

3.39.4. Executing OPT_DFF pass (perform DFF optimizations).

3.39.5. Executing OPT_CLEAN pass (remove unused cells and wires).
Finding unused cells or wires in module \stream_sum..
Removed 0 unused cells and 51 unused wires.
<suppressed ~1 debug messages>

3.39.6. Rerunning OPT passes. (Removed registers in this run.)

3.39.7. Running ICE40 specific optimizations.

3.39.8. Executing OPT_EXPR pass (perform const folding).
Optimizing module stream_sum.

3.39.9. Executing OPT_MERGE pass (detect identical cells).
Finding identical cells in module `\stream_sum'.
Computing hashes of 28 cells of `\stream_sum'.
Finding duplicate cells in `\stream_sum'.
Removed a total of 0 cells.

3.39.10. Executing OPT_DFF pass (perform DFF optimizations).

3.39.11. Executing OPT_CLEAN pass (remove unused cells and wires).
Finding unused cells or wires in module \stream_sum..

3.39.12. Finished OPT passes. (There is nothing left to do.)

3.40. Executing CHECK pass (checking for obvious problems).
Checking module stream_sum...
Found and reported 0 problems.

3.41. Executing TECHMAP pass (map to technology primitives).

3.41.1. Executing Verilog-2005 frontend: /share/ice40/latches_map.v
Parsing Verilog input from `/share/ice40/latches_map.v' to AST representation.
Generating RTLIL representation for module `$_DLATCH_N_'.
Generating RTLIL representation for module `$_DLATCH_P_'.
Successfully finished Verilog frontend.

3.41.2. Continuing TECHMAP pass.
No more expansions possible.
<suppressed ~4 debug messages>

3.42. Executing Verilog-2005 frontend: /share/ice40/abc9_model.v
Parsing Verilog input from `/share/ice40/abc9_model.v' to AST representation.
Generating RTLIL representation for module `$__ICE40_CARRY_WRAPPER'.
Successfully finished Verilog frontend.

3.43. Executing ABC9 pass.

3.43.1. Executing ABC9_OPS pass (helper functions for ABC9).

3.43.2. Executing ABC9_OPS pass (helper functions for ABC9).

3.43.3. Executing SCC pass (detecting logic loops).
Found 0 SCCs in module stream_sum.
Found 0 SCCs.

3.43.4. Executing ABC9_OPS pass (helper functions for ABC9).

3.43.5. Executing TECHMAP pass (map to technology primitives).

3.43.5.1. Executing Verilog-2005 frontend: /share/techmap.v
Parsing Verilog input from `/share/techmap.v' to AST representation.
Generating RTLIL representation for module `\_90_simplemap_bool_ops'.
Generating RTLIL representation for module `\_90_simplemap_reduce_ops'.
Generating RTLIL representation for module `\_90_simplemap_logic_ops'.
Generating RTLIL representation for module `\_90_simplemap_compare_ops'.
Generating RTLIL representation for module `\_90_simplemap_various'.
Generating RTLIL representation for module `\_90_simplemap_registers'.
Generating RTLIL representation for module `\_90_shift_ops_shr_shl_sshl_sshr'.
Generating RTLIL representation for module `\_90_shift_shiftx'.
Generating RTLIL representation for module `\_90_fa'.
Generating RTLIL representation for module `\_90_lcu_brent_kung'.
Generating RTLIL representation for module `\_90_alu'.
Generating RTLIL representation for module `\_90_macc'.
Generating RTLIL representation for module `\_90_alumacc'.
Generating RTLIL representation for module `$__div_mod_u'.
Generating RTLIL representation for module `$__div_mod_trunc'.
Generating RTLIL representation for module `\_90_div'.
Generating RTLIL representation for module `\_90_mod'.
Generating RTLIL representation for module `$__div_mod_floor'.
Generating RTLIL representation for module `\_90_divfloor'.
Generating RTLIL representation for module `\_90_modfloor'.
Generating RTLIL representation for module `\_90_pow'.
Generating RTLIL representation for module `\_90_demux'.
Generating RTLIL representation for module `\_90_lut'.
Generating RTLIL representation for module `$connect'.
Generating RTLIL representation for module `$input_port'.
Successfully finished Verilog frontend.

3.43.5.2. Continuing TECHMAP pass.
No more expansions possible.
<suppressed ~130 debug messages>

3.43.6. Executing OPT pass (performing simple optimizations).

3.43.6.1. Executing OPT_EXPR pass (perform const folding).

3.43.6.2. Executing OPT_MERGE pass (detect identical cells).
Removed a total of 0 cells.

3.43.6.3. Executing OPT_MUXTREE pass (detect dead branches in mux trees).
Removed 0 multiplexer ports.

3.43.6.4. Executing OPT_REDUCE pass (consolidate $*mux and $reduce_* inputs).
Performed a total of 0 changes.

3.43.6.5. Executing OPT_MERGE pass (detect identical cells).
Removed a total of 0 cells.

3.43.6.6. Executing OPT_DFF pass (perform DFF optimizations).

3.43.6.7. Executing OPT_CLEAN pass (remove unused cells and wires).

3.43.6.8. Executing OPT_EXPR pass (perform const folding).

3.43.6.9. Finished fast OPT passes. (There is nothing left to do.)

3.43.7. Executing TECHMAP pass (map to technology primitives).

3.43.7.1. Executing Verilog-2005 frontend: /share/abc9_map.v
Parsing Verilog input from `/share/abc9_map.v' to AST representation.
Successfully finished Verilog frontend.

3.43.7.2. Continuing TECHMAP pass.
No more expansions possible.
<suppressed ~2 debug messages>

3.43.8. Executing Verilog-2005 frontend: /share/abc9_model.v
Parsing Verilog input from `/share/abc9_model.v' to AST representation.
Generating RTLIL representation for module `$__ABC9_DELAY'.
Generating RTLIL representation for module `$__ABC9_SCC_BREAKER'.
Generating RTLIL representation for module `$__DFF_N__$abc9_flop'.
Generating RTLIL representation for module `$__DFF_P__$abc9_flop'.
Successfully finished Verilog frontend.

3.43.9. Executing ABC9_OPS pass (helper functions for ABC9).
<suppressed ~13 debug messages>

3.43.10. Executing ABC9_OPS pass (helper functions for ABC9).

3.43.11. Executing ABC9_OPS pass (helper functions for ABC9).
<suppressed ~2 debug messages>

3.43.12. Executing TECHMAP pass (map to technology primitives).

3.43.12.1. Executing Verilog-2005 frontend: /share/techmap.v
Parsing Verilog input from `/share/techmap.v' to AST representation.
Generating RTLIL representation for module `\_90_simplemap_bool_ops'.
Generating RTLIL representation for module `\_90_simplemap_reduce_ops'.
Generating RTLIL representation for module `\_90_simplemap_logic_ops'.
Generating RTLIL representation for module `\_90_simplemap_compare_ops'.
Generating RTLIL representation for module `\_90_simplemap_various'.
Generating RTLIL representation for module `\_90_simplemap_registers'.
Generating RTLIL representation for module `\_90_shift_ops_shr_shl_sshl_sshr'.
Generating RTLIL representation for module `\_90_shift_shiftx'.
Generating RTLIL representation for module `\_90_fa'.
Generating RTLIL representation for module `\_90_lcu_brent_kung'.
Generating RTLIL representation for module `\_90_alu'.
Generating RTLIL representation for module `\_90_macc'.
Generating RTLIL representation for module `\_90_alumacc'.
Generating RTLIL representation for module `$__div_mod_u'.
Generating RTLIL representation for module `$__div_mod_trunc'.
Generating RTLIL representation for module `\_90_div'.
Generating RTLIL representation for module `\_90_mod'.
Generating RTLIL representation for module `$__div_mod_floor'.
Generating RTLIL representation for module `\_90_divfloor'.
Generating RTLIL representation for module `\_90_modfloor'.
Generating RTLIL representation for module `\_90_pow'.
Generating RTLIL representation for module `\_90_demux'.
Generating RTLIL representation for module `\_90_lut'.
Generating RTLIL representation for module `$connect'.
Generating RTLIL representation for module `$input_port'.
Successfully finished Verilog frontend.

3.43.12.2. Continuing TECHMAP pass.
Using template $paramod$__ICE40_CARRY_WRAPPER\LUT=16'0110100110010110\I3_IS_CI=1'1 for cells of type $paramod$__ICE40_CARRY_WRAPPER\LUT=16'0110100110010110\I3_IS_CI=1'1.
Using template SB_CARRY for cells of type SB_CARRY.
Using template $paramod\SB_LUT4\LUT_INIT=16'0110100110010110 for cells of type SB_LUT4.
Using extmapper simplemap for cells of type $mux.
Using extmapper simplemap for cells of type $logic_or.
Using extmapper simplemap for cells of type $logic_and.
No more expansions possible.
<suppressed ~150 debug messages>

3.43.13. Executing OPT pass (performing simple optimizations).

3.43.13.1. Executing OPT_EXPR pass (perform const folding).
Optimizing module stream_sum.
<suppressed ~4 debug messages>

3.43.13.2. Executing OPT_MERGE pass (detect identical cells).
Finding identical cells in module `\stream_sum'.
Computing hashes of 30 cells of `\stream_sum'.
Finding duplicate cells in `\stream_sum'.
Computing hashes of 20 cells of `\stream_sum'.
Finding duplicate cells in `\stream_sum'.
Computing hashes of 18 cells of `\stream_sum'.
Finding duplicate cells in `\stream_sum'.
<suppressed ~29 debug messages>
Removed a total of 12 cells.

3.43.13.3. Executing OPT_MUXTREE pass (detect dead branches in mux trees).
Running muxtree optimizer on module \stream_sum..
  Creating internal representation of mux trees.
  No muxes found in this module.
Removed 0 multiplexer ports.

3.43.13.4. Executing OPT_REDUCE pass (consolidate $*mux and $reduce_* inputs).
  Optimizing cells in module \stream_sum.
Performed a total of 0 changes.

3.43.13.5. Executing OPT_MERGE pass (detect identical cells).
Finding identical cells in module `\stream_sum'.
Computing hashes of 18 cells of `\stream_sum'.
Finding duplicate cells in `\stream_sum'.
Removed a total of 0 cells.

3.43.13.6. Executing OPT_DFF pass (perform DFF optimizations).

3.43.13.7. Executing OPT_CLEAN pass (remove unused cells and wires).
Finding unused cells or wires in module \stream_sum..
Removed 0 unused cells and 24 unused wires.
<suppressed ~1 debug messages>

3.43.13.8. Executing OPT_EXPR pass (perform const folding).
Optimizing module stream_sum.

3.43.13.9. Rerunning OPT passes. (Maybe there is more to do..)

3.43.13.10. Executing OPT_MUXTREE pass (detect dead branches in mux trees).
Running muxtree optimizer on module \stream_sum..
  Creating internal representation of mux trees.
  No muxes found in this module.
Removed 0 multiplexer ports.

3.43.13.11. Executing OPT_REDUCE pass (consolidate $*mux and $reduce_* inputs).
  Optimizing cells in module \stream_sum.
Performed a total of 0 changes.

3.43.13.12. Executing OPT_MERGE pass (detect identical cells).
Finding identical cells in module `\stream_sum'.
Computing hashes of 18 cells of `\stream_sum'.
Finding duplicate cells in `\stream_sum'.
Removed a total of 0 cells.

3.43.13.13. Executing OPT_DFF pass (perform DFF optimizations).

3.43.13.14. Executing OPT_CLEAN pass (remove unused cells and wires).
Finding unused cells or wires in module \stream_sum..

3.43.13.15. Executing OPT_EXPR pass (perform const folding).
Optimizing module stream_sum.

3.43.13.16. Finished fast OPT passes. (There is nothing left to do.)

3.43.14. Executing AIGMAP pass (map logic to AIG).
Module stream_sum: replaced 7 cells with 43 new cells, skipped 11 cells.
  replaced 2 cell types:
       5 $_MUX_
       2 $_OR_
  not replaced 3 cell types:
       2 $_AND_
       1 $_NOT_
       8 $specify2

3.43.15. Executing AIGMAP pass (map logic to AIG).
Module stream_sum: replaced 6 cells with 30 new cells, skipped 33 cells.
  replaced 2 cell types:
       4 $_OR_
       2 $_XOR_
  not replaced 7 cell types:
       8 $_AND_
       3 $_NOT_
       7 SB_DFFE
       2 SB_DFFESR
       2 $paramod$__ICE40_CARRY_WRAPPER\LUT=16'0110100110010110\I3_IS_CI=1'1
       2 $paramod$__ABC9_DELAY\DELAY=32'00000000000000000000000011001011
       9 $paramod$__ABC9_DELAY\DELAY=32'00000000000000000000000000010101

3.43.15.1. Executing ABC9_OPS pass (helper functions for ABC9).

3.43.15.2. Executing ABC9_OPS pass (helper functions for ABC9).

3.43.15.3. Executing XAIGER backend.
<suppressed ~20 debug messages>
Extracted 18 AND gates and 82 wires from module `stream_sum' to a netlist network with 17 inputs and 20 outputs.

3.43.15.4. Executing ABC9_EXE pass (technology mapping using ABC9).

3.43.15.5. Executing ABC9.
Running ABC command: "/yosys-abc" -s -f <abc-temp-dir>/abc.script 2>&1

3.43.15.6. Executing AIGER frontend.
<suppressed ~11 debug messages>
Removed 22 unused cells and 93 unused wires.

3.43.15.7. Executing ABC_OPS_REINTEGRATE pass (reintegrate ABC mapped design into module).
ABC RESULTS:              $lut cells:       11
ABC RESULTS:   $paramod$__ICE40_CARRY_WRAPPER\LUT=16'0110100110010110\I3_IS_CI=1'1 cells:        2
ABC RESULTS:           input signals:       13
ABC RESULTS:          output signals:       18
<suppressed ~74 debug messages>
Removing temp directory.

3.43.16. Executing TECHMAP pass (map to technology primitives).

3.43.16.1. Executing Verilog-2005 frontend: /share/abc9_unmap.v
Parsing Verilog input from `/share/abc9_unmap.v' to AST representation.
Generating RTLIL representation for module `$__DFF_x__$abc9_flop'.
Generating RTLIL representation for module `$__ABC9_SCC_BREAKER'.
Successfully finished Verilog frontend.

3.43.16.2. Continuing TECHMAP pass.
Using template $paramod$__ICE40_CARRY_WRAPPER\LUT=16'0110100110010110\I3_IS_CI=1'1 for cells of type $paramod$__ICE40_CARRY_WRAPPER\LUT=16'0110100110010110\I3_IS_CI=1'1.
No more expansions possible.
<suppressed ~8 debug messages>

3.44. Executing ICE40_WRAPCARRY pass (wrap carries).

3.45. Executing TECHMAP pass (map to technology primitives).

3.45.1. Executing Verilog-2005 frontend: /share/ice40/ff_map.v
Parsing Verilog input from `/share/ice40/ff_map.v' to AST representation.
Generating RTLIL representation for module `$_DFF_N_'.
Generating RTLIL representation for module `$_DFF_P_'.
Generating RTLIL representation for module `$_DFFE_NP_'.
Generating RTLIL representation for module `$_DFFE_PP_'.
Generating RTLIL representation for module `$_DFF_NP0_'.
Generating RTLIL representation for module `$_DFF_NP1_'.
Generating RTLIL representation for module `$_DFF_PP0_'.
Generating RTLIL representation for module `$_DFF_PP1_'.
Generating RTLIL representation for module `$_DFFE_NP0P_'.
Generating RTLIL representation for module `$_DFFE_NP1P_'.
Generating RTLIL representation for module `$_DFFE_PP0P_'.
Generating RTLIL representation for module `$_DFFE_PP1P_'.
Generating RTLIL representation for module `$_SDFF_NP0_'.
Generating RTLIL representation for module `$_SDFF_NP1_'.
Generating RTLIL representation for module `$_SDFF_PP0_'.
Generating RTLIL representation for module `$_SDFF_PP1_'.
Generating RTLIL representation for module `$_SDFFCE_NP0P_'.
Generating RTLIL representation for module `$_SDFFCE_NP1P_'.
Generating RTLIL representation for module `$_SDFFCE_PP0P_'.
Generating RTLIL representation for module `$_SDFFCE_PP1P_'.
Successfully finished Verilog frontend.

3.45.2. Continuing TECHMAP pass.
No more expansions possible.
<suppressed ~22 debug messages>
Removed 2 unused cells and 111 unused wires.

3.46. Executing OPT_LUT pass (optimize LUTs).
Discovering LUTs.
Number of LUTs:       13
  2-LUT                7
  3-LUT                5
  4-LUT                1
  with \SB_CARRY    (#0)    2
  with \SB_CARRY    (#1)    1

Eliminating LUTs.
Number of LUTs:       13
  2-LUT                7
  3-LUT                5
  4-LUT                1
  with \SB_CARRY    (#0)    2
  with \SB_CARRY    (#1)    1

Combining LUTs.
Number of LUTs:       13
  2-LUT                7
  3-LUT                5
  4-LUT                1
  with \SB_CARRY    (#0)    2
  with \SB_CARRY    (#1)    1

Eliminated 0 LUTs.
Combined 0 LUTs.
<suppressed ~29 debug messages>

3.47. Executing TECHMAP pass (map to technology primitives).

3.47.1. Executing Verilog-2005 frontend: /share/ice40/cells_map.v
Parsing Verilog input from `/share/ice40/cells_map.v' to AST representation.
Generating RTLIL representation for module `$lut'.
Successfully finished Verilog frontend.

3.47.2. Continuing TECHMAP pass.
Using template $paramod$fd904e9e35cfd343a9df248824bd3f1408724879$lut for cells of type $lut.
Using template $paramod$lut\WIDTH=32'00000000000000000000000000000010\LUT=4'0100 for cells of type $lut.
Using template $paramod$lut\WIDTH=32'00000000000000000000000000000010\LUT=4'1011 for cells of type $lut.
Using template $paramod$lut\WIDTH=32'00000000000000000000000000000011\LUT=8'10111111 for cells of type $lut.
Using template $paramod$lut\WIDTH=32'00000000000000000000000000000010\LUT=4'1000 for cells of type $lut.
Using template $paramod$lut\WIDTH=32'00000000000000000000000000000010\LUT=4'0110 for cells of type $lut.
Using template $paramod$9f6bc32305fc769fa11e4327bee073e3fbe84018$lut for cells of type $lut.
Using template $paramod$lut\WIDTH=32'00000000000000000000000000000011\LUT=8'00010101 for cells of type $lut.
Using template $paramod$lut\WIDTH=32'00000000000000000000000000000011\LUT=8'00000100 for cells of type $lut.
No more expansions possible.
<suppressed ~115 debug messages>
Removed 0 unused cells and 26 unused wires.

3.48. Executing AUTONAME pass.
Renamed 37 objects in module stream_sum.
<suppressed ~37 debug messages>

3.49. Executing HIERARCHY pass (managing design hierarchy).
Attribute `top' found on module `stream_sum'. Setting top module to stream_sum.

3.49.1. Analyzing design hierarchy..
Top module:  \stream_sum

3.49.2. Analyzing design hierarchy..
Top module:  \stream_sum
Removed 0 unused modules.

3.50. Printing statistics.

=== stream_sum ===

        +----------Local Count, excluding submodules.
        | 
       29 wires
       36 wire bits
       29 public wires
       36 public wire bits
       11 ports
       13 port bits
       24 submodules
        2   SB_CARRY
        7   SB_DFFE
        2   SB_DFFESR
       13   SB_LUT4

=== design hierarchy ===

        +----------Count including submodules.
        | 
        - stream_sum

        +----------Count including submodules.
        | 
       29 wires
       36 wire bits
       29 public wires
       36 public wire bits
       11 ports
       13 port bits
        - memories
        - memory bits
        - processes
        - cells
       24 submodules
        2   SB_CARRY
        7   SB_DFFE
        2   SB_DFFESR
       13   SB_LUT4

3.51. Executing CHECK pass (checking for obvious problems).
Checking module stream_sum...
Found and reported 0 problems.

4. Executing CHECK pass (checking for obvious problems).
Checking module stream_sum...
Found and reported 0 problems.
{
   "creator": "Yosys 0.69 (git sha1 9f75ca1f9, Release, Clang /workspace/YoWASP/yosys/wasi-sdk-33.0-x86_64-linux/share/cmake/../..//bin/clang++ 22.1.0)",
   "invocation": "stat -json ",
   "modules": {
      "\\stream_sum": {
         "num_wires":         29,
         "num_wire_bits":     36,
         "num_pub_wires":     29,
         "num_pub_wire_bits": 36,
         "num_ports":         11,
         "num_port_bits":     13,
         "num_memories":      0,
         "num_memory_bits":   0,
         "num_processes":     0,
         "num_cells":         24,
         "num_submodules":       0,
         "num_cells_by_type": {
            "SB_CARRY": 2,
            "SB_DFFE": 7,
            "SB_DFFESR": 2,
            "SB_LUT4": 13
         }
      }
   },
      "design": {
         "num_wires":         29,
         "num_wire_bits":     36,
         "num_pub_wires":     29,
         "num_pub_wire_bits": 36,
         "num_ports":         11,
         "num_port_bits":     13,
         "num_memories":      0,
         "num_memory_bits":   0,
         "num_processes":     0,
         "num_cells":         24,
         "num_submodules":       0,
         "num_cells_by_type": {
            "SB_CARRY": 2,
            "SB_DFFE": 7,
            "SB_DFFESR": 2,
            "SB_LUT4": 13
         }
      }
}

End of script. Logfile hash: e03c69352e, time: 1.78s, user: 1.78s, system: 0.00s
Yosys 0.69 (git sha1 9f75ca1f9, Release, Clang /workspace/YoWASP/yosys/wasi-sdk-33.0-x86_64-linux/share/cmake/../..//bin/clang++ 22.1.0)
Time spent: 84% 21x read_verilog (1 sec), 3% 1x abc9_exe (0 sec), ...

=== generic WIDTH=8 PIPE=1 ===

 /----------------------------------------------------------------------------\
 |  yosys -- Yosys Open SYnthesis Suite                                       |
 |  Copyright (C) 2012 - 2026  Claire Xenia Wolf <claire@yosyshq.com>         |
 |  Distributed under an ISC-like license, type "license" to see terms        |
 \----------------------------------------------------------------------------/
 Yosys 0.69 (git sha1 9f75ca1f9, Release, Clang /workspace/YoWASP/yosys/wasi-sdk-33.0-x86_64-linux/share/cmake/../..//bin/clang++ 22.1.0)

-- Running command `read_verilog -sv rtl/stream_sum.sv; chparam -set WIDTH 8 -set PIPE 1 stream_sum; synth -top stream_sum; check -assert; tee -o results/generic_8_1.json stat -json; ltp -noff; write_verilog -noattr build/generic_8_1.v' --

1. Executing Verilog-2005 frontend: rtl/stream_sum.sv
Parsing SystemVerilog input from `rtl/stream_sum.sv' to AST representation.
Generating RTLIL representation for module `\stream_sum'.
Successfully finished Verilog frontend.
Parameter \WIDTH = 8
Parameter \PIPE = 1

2. Executing AST frontend in derive mode using pre-parsed AST for module `\stream_sum'.
Parameter \WIDTH = 8
Parameter \PIPE = 1
Generating RTLIL representation for module `$paramod$c7079aef9031745aa1ef2f2381ec57e1dcc7358a\stream_sum'.

3. Executing SYNTH pass.

3.1. Executing HIERARCHY pass (managing design hierarchy).

3.1.1. Analyzing design hierarchy..
Top module:  \stream_sum

3.1.2. Analyzing design hierarchy..
Top module:  \stream_sum
Removed 0 unused modules.

3.2. Executing PROC pass (convert processes to netlists).

3.2.1. Executing PROC_CLEAN pass (remove empty switches from decision trees).
Cleaned up 0 empty switches.

3.2.2. Executing PROC_RMDEAD pass (remove dead branches from decision trees).
Marked 1 switch rules as full_case in process $proc$rtl/stream_sum.sv:21$19 in module stream_sum.
Removed a total of 0 dead cases.

3.2.3. Executing PROC_PRUNE pass (remove redundant assignments in processes).
Removed 0 redundant assignments.
Promoted 0 assignments to connections.

3.2.4. Executing PROC_INIT pass (extract init attributes).

3.2.5. Executing PROC_ARST pass (detect async resets in processes).

3.2.6. Executing PROC_ROM pass (convert switches to ROMs).
Converted 0 switches.
<suppressed ~3 debug messages>

3.2.7. Executing PROC_MUX pass (convert decision trees to multiplexers).
Creating decoders for process `\stream_sum.$proc$rtl/stream_sum.sv:21$19'.
     1/2: $0\single.value[9:0]
     2/2: $0\single.valid[0:0]

3.2.8. Executing PROC_DLATCH pass (convert process syncs to latches).

3.2.9. Executing PROC_DFF pass (convert process syncs to FFs).
Creating register for signal `\stream_sum.\single.valid' using process `\stream_sum.$proc$rtl/stream_sum.sv:21$19'.
  created $dff cell `$procdff$33' with positive edge clock.
Creating register for signal `\stream_sum.\single.value' using process `\stream_sum.$proc$rtl/stream_sum.sv:21$19'.
  created $dff cell `$procdff$34' with positive edge clock.

3.2.10. Executing PROC_MEMWR pass (convert process memory writes to cells).

3.2.11. Executing PROC_CLEAN pass (remove empty switches from decision trees).
Found and cleaned up 3 empty switches in `\stream_sum.$proc$rtl/stream_sum.sv:21$19'.
Removing empty process `stream_sum.$proc$rtl/stream_sum.sv:21$19'.
Cleaned up 3 empty switches.

3.2.12. Executing OPT_EXPR pass (perform const folding).
Optimizing module stream_sum.

3.3. Executing OPT_EXPR pass (perform const folding).
Optimizing module stream_sum.

3.4. Executing OPT_CLEAN pass (remove unused cells and wires).
Finding unused cells or wires in module \stream_sum..
Removed 0 unused cells and 12 unused wires.
<suppressed ~1 debug messages>

3.5. Executing CHECK pass (checking for obvious problems).
Checking module stream_sum...
Found and reported 0 problems.

3.6. Executing OPT pass (performing simple optimizations).

3.6.1. Executing OPT_EXPR pass (perform const folding).
Optimizing module stream_sum.

3.6.2. Executing OPT_MERGE pass (detect identical cells).
Finding identical cells in module `\stream_sum'.
Computing hashes of 16 cells of `\stream_sum'.
Finding duplicate cells in `\stream_sum'.
Computing hashes of 15 cells of `\stream_sum'.
Finding duplicate cells in `\stream_sum'.
<suppressed ~3 debug messages>
Removed a total of 1 cells.

3.6.3. Executing OPT_MUXTREE pass (detect dead branches in mux trees).
Running muxtree optimizer on module \stream_sum..
  Creating internal representation of mux trees.
  Evaluating internal representation of mux trees.
  Analyzing evaluation results.
Removed 0 multiplexer ports.
<suppressed ~7 debug messages>

3.6.4. Executing OPT_REDUCE pass (consolidate $*mux and $reduce_* inputs).
  Optimizing cells in module \stream_sum.
Performed a total of 0 changes.

3.6.5. Executing OPT_MERGE pass (detect identical cells).
Finding identical cells in module `\stream_sum'.
Computing hashes of 15 cells of `\stream_sum'.
Finding duplicate cells in `\stream_sum'.
Removed a total of 0 cells.

3.6.6. Executing OPT_DFF pass (perform DFF optimizations).

3.6.7. Executing OPT_CLEAN pass (remove unused cells and wires).
Finding unused cells or wires in module \stream_sum..
Removed 0 unused cells and 1 unused wires.
<suppressed ~1 debug messages>

3.6.8. Executing OPT_EXPR pass (perform const folding).
Optimizing module stream_sum.

3.6.9. Rerunning OPT passes. (Maybe there is more to do..)

3.6.10. Executing OPT_MUXTREE pass (detect dead branches in mux trees).
Running muxtree optimizer on module \stream_sum..
  Creating internal representation of mux trees.
  Evaluating internal representation of mux trees.
  Analyzing evaluation results.
Removed 0 multiplexer ports.
<suppressed ~7 debug messages>

3.6.11. Executing OPT_REDUCE pass (consolidate $*mux and $reduce_* inputs).
  Optimizing cells in module \stream_sum.
Performed a total of 0 changes.

3.6.12. Executing OPT_MERGE pass (detect identical cells).
Finding identical cells in module `\stream_sum'.
Computing hashes of 15 cells of `\stream_sum'.
Finding duplicate cells in `\stream_sum'.
Removed a total of 0 cells.

3.6.13. Executing OPT_DFF pass (perform DFF optimizations).

3.6.14. Executing OPT_CLEAN pass (remove unused cells and wires).
Finding unused cells or wires in module \stream_sum..

3.6.15. Executing OPT_EXPR pass (perform const folding).
Optimizing module stream_sum.

3.6.16. Finished fast OPT passes. (There is nothing left to do.)

3.7. Executing FSM pass (extract and optimize FSM).

3.7.1. Executing FSM_DETECT pass (finding FSMs in design).

3.7.2. Executing FSM_EXTRACT pass (extracting FSM from design).

3.7.3. Executing FSM_OPT pass (simple optimizations of FSMs).

3.7.4. Executing OPT_CLEAN pass (remove unused cells and wires).
Finding unused cells or wires in module \stream_sum..

3.7.5. Executing FSM_OPT pass (simple optimizations of FSMs).

3.7.6. Executing FSM_RECODE pass (re-assigning FSM state encoding).

3.7.7. Executing FSM_INFO pass (dumping all available information on FSM cells).

3.7.8. Executing FSM_MAP pass (mapping FSMs to basic logic).

3.8. Executing OPT pass (performing simple optimizations).

3.8.1. Executing OPT_EXPR pass (perform const folding).
Optimizing module stream_sum.

3.8.2. Executing OPT_MERGE pass (detect identical cells).
Finding identical cells in module `\stream_sum'.
Computing hashes of 15 cells of `\stream_sum'.
Finding duplicate cells in `\stream_sum'.
Removed a total of 0 cells.

3.8.3. Executing OPT_MUXTREE pass (detect dead branches in mux trees).
Running muxtree optimizer on module \stream_sum..
  Creating internal representation of mux trees.
  Evaluating internal representation of mux trees.
  Analyzing evaluation results.
Removed 0 multiplexer ports.
<suppressed ~7 debug messages>

3.8.4. Executing OPT_REDUCE pass (consolidate $*mux and $reduce_* inputs).
  Optimizing cells in module \stream_sum.
Performed a total of 0 changes.

3.8.5. Executing OPT_MERGE pass (detect identical cells).
Finding identical cells in module `\stream_sum'.
Computing hashes of 15 cells of `\stream_sum'.
Finding duplicate cells in `\stream_sum'.
Removed a total of 0 cells.

3.8.6. Executing OPT_DFF pass (perform DFF optimizations).
Adding EN signal on $procdff$34 ($dff) from module stream_sum (D = $add$rtl/stream_sum.sv:25$20_Y, Q = \single.value).
Adding SRST signal on $procdff$33 ($dff) from module stream_sum (D = $procmux$28_Y, Q = \single.valid, rval = 1'0).
Adding EN signal on $auto$ff.cc:337:slice$40 ($sdff) from module stream_sum (D = \s_valid, Q = \single.valid).

3.8.7. Executing OPT_CLEAN pass (remove unused cells and wires).
Finding unused cells or wires in module \stream_sum..
Removed 5 unused cells and 5 unused wires.
<suppressed ~6 debug messages>

3.8.8. Executing OPT_EXPR pass (perform const folding).
Optimizing module stream_sum.

3.8.9. Rerunning OPT passes. (Maybe there is more to do..)

3.8.10. Executing OPT_MUXTREE pass (detect dead branches in mux trees).
Running muxtree optimizer on module \stream_sum..
  Creating internal representation of mux trees.
  No muxes found in this module.
Removed 0 multiplexer ports.

3.8.11. Executing OPT_REDUCE pass (consolidate $*mux and $reduce_* inputs).
  Optimizing cells in module \stream_sum.
Performed a total of 0 changes.

3.8.12. Executing OPT_MERGE pass (detect identical cells).
Finding identical cells in module `\stream_sum'.
Computing hashes of 12 cells of `\stream_sum'.
Finding duplicate cells in `\stream_sum'.
Removed a total of 0 cells.

3.8.13. Executing OPT_DFF pass (perform DFF optimizations).

3.8.14. Executing OPT_CLEAN pass (remove unused cells and wires).
Finding unused cells or wires in module \stream_sum..

3.8.15. Executing OPT_EXPR pass (perform const folding).
Optimizing module stream_sum.

3.8.16. Finished fast OPT passes. (There is nothing left to do.)

3.9. Executing WREDUCE pass (reducing word size of cells).
Removed top 1 bits (of 9) from port A of cell stream_sum.$add$rtl/stream_sum.sv:16$13 ($add).
Removed top 1 bits (of 9) from port B of cell stream_sum.$add$rtl/stream_sum.sv:16$13 ($add).
Removed top 1 bits (of 9) from port A of cell stream_sum.$add$rtl/stream_sum.sv:17$14 ($add).
Removed top 1 bits (of 9) from port B of cell stream_sum.$add$rtl/stream_sum.sv:17$14 ($add).
Removed top 1 bits (of 10) from port A of cell stream_sum.$add$rtl/stream_sum.sv:25$20 ($add).
Removed top 1 bits (of 10) from port B of cell stream_sum.$add$rtl/stream_sum.sv:25$20 ($add).

3.10. Executing PEEPOPT pass (run peephole optimizers).

3.11. Executing OPT_CLEAN pass (remove unused cells and wires).
Finding unused cells or wires in module \stream_sum..

3.12. Executing ALUMACC pass (create $alu and $macc cells).
Extracting $alu and $macc cells in module stream_sum:
  creating $macc model for $add$rtl/stream_sum.sv:16$13 ($add).
  creating $macc model for $add$rtl/stream_sum.sv:17$14 ($add).
  creating $macc model for $add$rtl/stream_sum.sv:25$20 ($add).
  merging $macc model for $add$rtl/stream_sum.sv:16$13 into $add$rtl/stream_sum.sv:25$20.
  merging $macc model for $add$rtl/stream_sum.sv:17$14 into $add$rtl/stream_sum.sv:25$20.
  creating $macc cell for $add$rtl/stream_sum.sv:25$20: $auto$alumacc.cc:399:replace_macc$42
  created 0 $alu and 1 $macc cells.

3.13. Executing SHARE pass (SAT-based resource sharing).

3.14. Executing OPT pass (performing simple optimizations).

3.14.1. Executing OPT_EXPR pass (perform const folding).
Optimizing module stream_sum.

3.14.2. Executing OPT_MERGE pass (detect identical cells).
Finding identical cells in module `\stream_sum'.
Computing hashes of 12 cells of `\stream_sum'.
Finding duplicate cells in `\stream_sum'.
Removed a total of 0 cells.

3.14.3. Executing OPT_MUXTREE pass (detect dead branches in mux trees).
Running muxtree optimizer on module \stream_sum..
  Creating internal representation of mux trees.
  No muxes found in this module.
Removed 0 multiplexer ports.

3.14.4. Executing OPT_REDUCE pass (consolidate $*mux and $reduce_* inputs).
  Optimizing cells in module \stream_sum.
Performed a total of 0 changes.

3.14.5. Executing OPT_MERGE pass (detect identical cells).
Finding identical cells in module `\stream_sum'.
Computing hashes of 12 cells of `\stream_sum'.
Finding duplicate cells in `\stream_sum'.
Removed a total of 0 cells.

3.14.6. Executing OPT_DFF pass (perform DFF optimizations).

3.14.7. Executing OPT_CLEAN pass (remove unused cells and wires).
Finding unused cells or wires in module \stream_sum..
Removed 2 unused cells and 2 unused wires.
<suppressed ~4 debug messages>

3.14.8. Executing OPT_EXPR pass (perform const folding).
Optimizing module stream_sum.

3.14.9. Rerunning OPT passes. (Maybe there is more to do..)

3.14.10. Executing OPT_MUXTREE pass (detect dead branches in mux trees).
Running muxtree optimizer on module \stream_sum..
  Creating internal representation of mux trees.
  No muxes found in this module.
Removed 0 multiplexer ports.

3.14.11. Executing OPT_REDUCE pass (consolidate $*mux and $reduce_* inputs).
  Optimizing cells in module \stream_sum.
Performed a total of 0 changes.

3.14.12. Executing OPT_MERGE pass (detect identical cells).
Finding identical cells in module `\stream_sum'.
Computing hashes of 10 cells of `\stream_sum'.
Finding duplicate cells in `\stream_sum'.
Removed a total of 0 cells.

3.14.13. Executing OPT_DFF pass (perform DFF optimizations).

3.14.14. Executing OPT_CLEAN pass (remove unused cells and wires).
Finding unused cells or wires in module \stream_sum..

3.14.15. Executing OPT_EXPR pass (perform const folding).
Optimizing module stream_sum.

3.14.16. Finished fast OPT passes. (There is nothing left to do.)

3.15. Executing MEMORY pass.

3.15.1. Executing OPT_MEM pass (optimize memories).
Performed a total of 0 transformations.

3.15.2. Executing OPT_MEM_PRIORITY pass (removing unnecessary memory write priority relations).
Performed a total of 0 transformations.

3.15.3. Executing OPT_MEM_FEEDBACK pass (finding memory read-to-write feedback paths).

3.15.4. Executing MEMORY_BMUX2ROM pass (converting muxes to ROMs).

3.15.5. Executing MEMORY_DFF pass (merging $dff cells to $memrd).

3.15.6. Executing OPT_CLEAN pass (remove unused cells and wires).
Finding unused cells or wires in module \stream_sum..

3.15.7. Executing MEMORY_SHARE pass (consolidating $memrd/$memwr cells).

3.15.8. Executing OPT_MEM_WIDEN pass (optimize memories where all ports are wide).
Performed a total of 0 transformations.

3.15.9. Executing OPT_CLEAN pass (remove unused cells and wires).
Finding unused cells or wires in module \stream_sum..

3.15.10. Executing MEMORY_COLLECT pass (generating $mem cells).

3.16. Executing OPT_CLEAN pass (remove unused cells and wires).
Finding unused cells or wires in module \stream_sum..

3.17. Executing OPT pass (performing simple optimizations).

3.17.1. Executing OPT_EXPR pass (perform const folding).
Optimizing module stream_sum.

3.17.2. Executing OPT_MERGE pass (detect identical cells).
Finding identical cells in module `\stream_sum'.
Computing hashes of 10 cells of `\stream_sum'.
Finding duplicate cells in `\stream_sum'.
Removed a total of 0 cells.

3.17.3. Executing OPT_DFF pass (perform DFF optimizations).

3.17.4. Executing OPT_CLEAN pass (remove unused cells and wires).
Finding unused cells or wires in module \stream_sum..

3.17.5. Finished fast OPT passes.

3.18. Executing MEMORY_MAP pass (converting memories to logic and flip-flops).

3.19. Executing OPT pass (performing simple optimizations).

3.19.1. Executing OPT_EXPR pass (perform const folding).
Optimizing module stream_sum.

3.19.2. Executing OPT_MERGE pass (detect identical cells).
Finding identical cells in module `\stream_sum'.
Computing hashes of 10 cells of `\stream_sum'.
Finding duplicate cells in `\stream_sum'.
Removed a total of 0 cells.

3.19.3. Executing OPT_MUXTREE pass (detect dead branches in mux trees).
Running muxtree optimizer on module \stream_sum..
  Creating internal representation of mux trees.
  No muxes found in this module.
Removed 0 multiplexer ports.

3.19.4. Executing OPT_REDUCE pass (consolidate $*mux and $reduce_* inputs).
  Optimizing cells in module \stream_sum.
Performed a total of 0 changes.

3.19.5. Executing OPT_MERGE pass (detect identical cells).
Finding identical cells in module `\stream_sum'.
Computing hashes of 10 cells of `\stream_sum'.
Finding duplicate cells in `\stream_sum'.
Removed a total of 0 cells.

3.19.6. Executing OPT_SHARE pass.

3.19.7. Executing OPT_DFF pass (perform DFF optimizations).

3.19.8. Executing OPT_CLEAN pass (remove unused cells and wires).
Finding unused cells or wires in module \stream_sum..

3.19.9. Executing OPT_EXPR pass (perform const folding).
Optimizing module stream_sum.

3.19.10. Finished fast OPT passes. (There is nothing left to do.)

3.20. Executing TECHMAP pass (map to technology primitives).

3.20.1. Executing Verilog-2005 frontend: /share/techmap.v
Parsing Verilog input from `/share/techmap.v' to AST representation.
Generating RTLIL representation for module `\_90_simplemap_bool_ops'.
Generating RTLIL representation for module `\_90_simplemap_reduce_ops'.
Generating RTLIL representation for module `\_90_simplemap_logic_ops'.
Generating RTLIL representation for module `\_90_simplemap_compare_ops'.
Generating RTLIL representation for module `\_90_simplemap_various'.
Generating RTLIL representation for module `\_90_simplemap_registers'.
Generating RTLIL representation for module `\_90_shift_ops_shr_shl_sshl_sshr'.
Generating RTLIL representation for module `\_90_shift_shiftx'.
Generating RTLIL representation for module `\_90_fa'.
Generating RTLIL representation for module `\_90_lcu_brent_kung'.
Generating RTLIL representation for module `\_90_alu'.
Generating RTLIL representation for module `\_90_macc'.
Generating RTLIL representation for module `\_90_alumacc'.
Generating RTLIL representation for module `$__div_mod_u'.
Generating RTLIL representation for module `$__div_mod_trunc'.
Generating RTLIL representation for module `\_90_div'.
Generating RTLIL representation for module `\_90_mod'.
Generating RTLIL representation for module `$__div_mod_floor'.
Generating RTLIL representation for module `\_90_divfloor'.
Generating RTLIL representation for module `\_90_modfloor'.
Generating RTLIL representation for module `\_90_pow'.
Generating RTLIL representation for module `\_90_demux'.
Generating RTLIL representation for module `\_90_lut'.
Generating RTLIL representation for module `$connect'.
Generating RTLIL representation for module `$input_port'.
Successfully finished Verilog frontend.

3.20.2. Continuing TECHMAP pass.
Using extmapper maccmap for cells of type $macc_v2.
  add \a (8 bits, unsigned)
  add \c (8 bits, unsigned)
  add \b (8 bits, unsigned)
  add \d (8 bits, unsigned)
Using extmapper simplemap for cells of type $sdffe.
Using extmapper simplemap for cells of type $reduce_and.
Using extmapper simplemap for cells of type $not.
Using extmapper simplemap for cells of type $dffe.
Using extmapper simplemap for cells of type $logic_not.
Using extmapper simplemap for cells of type $logic_or.
Using extmapper simplemap for cells of type $logic_and.
Using template $paramod\_90_fa\WIDTH=32'00000000000000000000000000001000 for cells of type $fa.
Using template $paramod\_90_fa\WIDTH=32'00000000000000000000000000001001 for cells of type $fa.
Using template $paramod$484d51534650924b7ed4c69e46eed3a56904771f\_90_alu for cells of type $alu.
Using extmapper simplemap for cells of type $or.
Using extmapper simplemap for cells of type $xor.
Using extmapper simplemap for cells of type $and.
Using template $paramod\_90_fa\WIDTH=32'00000000000000000000000000001010 for cells of type $fa.
Using template $paramod\_90_lcu_brent_kung\WIDTH=32'00000000000000000000000000001010 for cells of type $lcu.
Using extmapper simplemap for cells of type $pos.
Using extmapper simplemap for cells of type $mux.
No more expansions possible.
<suppressed ~287 debug messages>

3.21. Executing OPT pass (performing simple optimizations).

3.21.1. Executing OPT_EXPR pass (perform const folding).
Optimizing module stream_sum.
<suppressed ~67 debug messages>

3.21.2. Executing OPT_MERGE pass (detect identical cells).
Finding identical cells in module `\stream_sum'.
Computing hashes of 153 cells of `\stream_sum'.
Finding duplicate cells in `\stream_sum'.
Computing hashes of 152 cells of `\stream_sum'.
Finding duplicate cells in `\stream_sum'.
<suppressed ~3 debug messages>
Removed a total of 1 cells.

3.21.3. Executing OPT_DFF pass (perform DFF optimizations).

3.21.4. Executing OPT_CLEAN pass (remove unused cells and wires).
Finding unused cells or wires in module \stream_sum..
Removed 8 unused cells and 67 unused wires.
<suppressed ~9 debug messages>

3.21.5. Finished fast OPT passes.

3.22. Executing ABC pass (technology mapping using ABC).

3.22.1. Extracting gate netlist of module `\stream_sum' to `<abc-temp-dir>/input.blif'..

3.22.1.1. Executed ABC.
Extracted 133 gates and 169 wires to a netlist network with 36 inputs and 14 outputs.
Running ABC script: <abc-temp-dir>/abc.script

3.22.1.2. Re-integrating ABC results.
ABC RESULTS:               AND cells:       15
ABC RESULTS:            ANDNOT cells:        3
ABC RESULTS:              NAND cells:       44
ABC RESULTS:               NOT cells:        1
ABC RESULTS:                OR cells:       13
ABC RESULTS:             ORNOT cells:        1
ABC RESULTS:              XNOR cells:       19
ABC RESULTS:               XOR cells:       25
ABC RESULTS:        internal signals:      119
ABC RESULTS:           input signals:       36
ABC RESULTS:          output signals:       14
Removing temp directory.
Removing global temp directory.

3.23. Executing OPT pass (performing simple optimizations).

3.23.1. Executing OPT_EXPR pass (perform const folding).
Optimizing module stream_sum.

3.23.2. Executing OPT_MERGE pass (detect identical cells).
Finding identical cells in module `\stream_sum'.
Computing hashes of 132 cells of `\stream_sum'.
Finding duplicate cells in `\stream_sum'.
Removed a total of 0 cells.

3.23.3. Executing OPT_DFF pass (perform DFF optimizations).

3.23.4. Executing OPT_CLEAN pass (remove unused cells and wires).
Finding unused cells or wires in module \stream_sum..
Removed 0 unused cells and 82 unused wires.
<suppressed ~1 debug messages>

3.23.5. Finished fast OPT passes.

3.24. Executing HIERARCHY pass (managing design hierarchy).
Attribute `top' found on module `stream_sum'. Setting top module to stream_sum.

3.24.1. Analyzing design hierarchy..
Top module:  \stream_sum

3.24.2. Analyzing design hierarchy..
Top module:  \stream_sum
Removed 0 unused modules.

3.25. Printing statistics.

=== stream_sum ===

        +----------Local Count, excluding submodules.
        | 
      126 wires
      207 wire bits
       14 public wires
       60 public wire bits
       11 ports
       48 port bits
      132 cells
        3   $_ANDNOT_
       15   $_AND_
       10   $_DFFE_PP_
       44   $_NAND_
        1   $_NOT_
        1   $_ORNOT_
       13   $_OR_
        1   $_SDFFE_PP0P_
       19   $_XNOR_
       25   $_XOR_

3.26. Executing CHECK pass (checking for obvious problems).
Checking module stream_sum...
Found and reported 0 problems.

4. Executing CHECK pass (checking for obvious problems).
Checking module stream_sum...
Found and reported 0 problems.
{
   "creator": "Yosys 0.69 (git sha1 9f75ca1f9, Release, Clang /workspace/YoWASP/yosys/wasi-sdk-33.0-x86_64-linux/share/cmake/../..//bin/clang++ 22.1.0)",
   "invocation": "stat -json ",
   "modules": {
      "\\stream_sum": {
         "num_wires":         126,
         "num_wire_bits":     207,
         "num_pub_wires":     14,
         "num_pub_wire_bits": 60,
         "num_ports":         11,
         "num_port_bits":     48,
         "num_memories":      0,
         "num_memory_bits":   0,
         "num_processes":     0,
         "num_cells":         132,
         "num_submodules":       0,
         "num_cells_by_type": {
            "$_ANDNOT_": 3,
            "$_AND_": 15,
            "$_DFFE_PP_": 10,
            "$_NAND_": 44,
            "$_NOT_": 1,
            "$_ORNOT_": 1,
            "$_OR_": 13,
            "$_SDFFE_PP0P_": 1,
            "$_XNOR_": 19,
            "$_XOR_": 25
         }
      }
   },
      "design": {
         "num_wires":         126,
         "num_wire_bits":     207,
         "num_pub_wires":     14,
         "num_pub_wire_bits": 60,
         "num_ports":         11,
         "num_port_bits":     48,
         "num_memories":      0,
         "num_memory_bits":   0,
         "num_processes":     0,
         "num_cells":         132,
         "num_submodules":       0,
         "num_cells_by_type": {
            "$_ANDNOT_": 3,
            "$_AND_": 15,
            "$_DFFE_PP_": 10,
            "$_NAND_": 44,
            "$_NOT_": 1,
            "$_ORNOT_": 1,
            "$_OR_": 13,
            "$_SDFFE_PP0P_": 1,
            "$_XNOR_": 19,
            "$_XOR_": 25
         }
      }
}

5. Executing LTP pass (find longest path).

Longest topological path in stream_sum (length=21):
    0: \a [0]
    1: $abc$409$new_n53 (via $abc$409$auto$blifparse.cc:397:parse_blif$412)
    2: $abc$409$new_n54 (via $abc$409$auto$blifparse.cc:397:parse_blif$413)
    3: $abc$409$new_n57 (via $abc$409$auto$blifparse.cc:397:parse_blif$416)
    4: $abc$409$new_n63 (via $abc$409$auto$blifparse.cc:397:parse_blif$422)
    5: $abc$409$new_n64 (via $abc$409$auto$blifparse.cc:397:parse_blif$423)
    6: $abc$409$new_n138 (via $abc$409$auto$blifparse.cc:397:parse_blif$497)
    7: $abc$409$new_n141 (via $abc$409$auto$blifparse.cc:397:parse_blif$500)
    8: $abc$409$new_n142 (via $abc$409$auto$blifparse.cc:397:parse_blif$501)
    9: $abc$409$new_n143 (via $abc$409$auto$blifparse.cc:397:parse_blif$502)
   10: $abc$409$new_n145 (via $abc$409$auto$blifparse.cc:397:parse_blif$504)
   11: $abc$409$new_n146 (via $abc$409$auto$blifparse.cc:397:parse_blif$505)
   12: $abc$409$new_n148 (via $abc$409$auto$blifparse.cc:397:parse_blif$507)
   13: $abc$409$new_n149 (via $abc$409$auto$blifparse.cc:397:parse_blif$508)
   14: $abc$409$new_n150 (via $abc$409$auto$blifparse.cc:397:parse_blif$509)
   15: $abc$409$new_n151 (via $abc$409$auto$blifparse.cc:397:parse_blif$510)
   16: $abc$409$new_n152 (via $abc$409$auto$blifparse.cc:397:parse_blif$511)
   17: $abc$409$new_n153 (via $abc$409$auto$blifparse.cc:397:parse_blif$512)
   18: $abc$409$new_n154 (via $abc$409$auto$blifparse.cc:397:parse_blif$513)
   19: $abc$409$new_n155 (via $abc$409$auto$blifparse.cc:397:parse_blif$514)
   20: $abc$409$new_n156 (via $abc$409$auto$blifparse.cc:397:parse_blif$515)
   21: $auto$maccmap.cc:240:synth$120.CO [8] (via $abc$409$auto$blifparse.cc:397:parse_blif$516)
   ff: \single.value [9] (via $auto$ff.cc:337:slice$139)

6. Executing Verilog backend.

6.1. Executing BMUXMAP pass.

6.2. Executing DEMUXMAP pass.
Dumping module `\stream_sum'.

End of script. Logfile hash: 240095ef99, time: 0.12s, user: 0.12s, system: 0.00s
Yosys 0.69 (git sha1 9f75ca1f9, Release, Clang /workspace/YoWASP/yosys/wasi-sdk-33.0-x86_64-linux/share/cmake/../..//bin/clang++ 22.1.0)
Time spent: 41% 1x abc (0 sec), 11% 3x read_verilog (0 sec), ...

=== ice40 WIDTH=8 PIPE=1 ===

 /----------------------------------------------------------------------------\
 |  yosys -- Yosys Open SYnthesis Suite                                       |
 |  Copyright (C) 2012 - 2026  Claire Xenia Wolf <claire@yosyshq.com>         |
 |  Distributed under an ISC-like license, type "license" to see terms        |
 \----------------------------------------------------------------------------/
 Yosys 0.69 (git sha1 9f75ca1f9, Release, Clang /workspace/YoWASP/yosys/wasi-sdk-33.0-x86_64-linux/share/cmake/../..//bin/clang++ 22.1.0)

-- Running command `read_verilog -sv rtl/stream_sum.sv; chparam -set WIDTH 8 -set PIPE 1 stream_sum; synth_ice40 -top stream_sum; check -assert; tee -o results/ice40_8_1.json stat -json' --

1. Executing Verilog-2005 frontend: rtl/stream_sum.sv
Parsing SystemVerilog input from `rtl/stream_sum.sv' to AST representation.
Generating RTLIL representation for module `\stream_sum'.
Successfully finished Verilog frontend.
Parameter \WIDTH = 8
Parameter \PIPE = 1

2. Executing AST frontend in derive mode using pre-parsed AST for module `\stream_sum'.
Parameter \WIDTH = 8
Parameter \PIPE = 1
Generating RTLIL representation for module `$paramod$c7079aef9031745aa1ef2f2381ec57e1dcc7358a\stream_sum'.

3. Executing SYNTH_ICE40 pass.

3.1. Executing Verilog-2005 frontend: /share/ice40/cells_sim.v
Parsing Verilog input from `/share/ice40/cells_sim.v' to AST representation.
Generating RTLIL representation for module `\SB_IO'.
Generating RTLIL representation for module `\SB_GB_IO'.
Generating RTLIL representation for module `\SB_GB'.
Generating RTLIL representation for module `\SB_LUT4'.
Generating RTLIL representation for module `\SB_CARRY'.
Generating RTLIL representation for module `\SB_DFF'.
Generating RTLIL representation for module `\SB_DFFE'.
Generating RTLIL representation for module `\SB_DFFSR'.
Generating RTLIL representation for module `\SB_DFFR'.
Generating RTLIL representation for module `\SB_DFFSS'.
Generating RTLIL representation for module `\SB_DFFS'.
Generating RTLIL representation for module `\SB_DFFESR'.
Generating RTLIL representation for module `\SB_DFFER'.
Generating RTLIL representation for module `\SB_DFFESS'.
Generating RTLIL representation for module `\SB_DFFES'.
Generating RTLIL representation for module `\SB_DFFN'.
Generating RTLIL representation for module `\SB_DFFNE'.
Generating RTLIL representation for module `\SB_DFFNSR'.
Generating RTLIL representation for module `\SB_DFFNR'.
Generating RTLIL representation for module `\SB_DFFNSS'.
Generating RTLIL representation for module `\SB_DFFNS'.
Generating RTLIL representation for module `\SB_DFFNESR'.
Generating RTLIL representation for module `\SB_DFFNER'.
Generating RTLIL representation for module `\SB_DFFNESS'.
Generating RTLIL representation for module `\SB_DFFNES'.
Generating RTLIL representation for module `\SB_RAM40_4K'.
Generating RTLIL representation for module `\SB_RAM40_4KNR'.
Generating RTLIL representation for module `\SB_RAM40_4KNW'.
Generating RTLIL representation for module `\SB_RAM40_4KNRNW'.
Generating RTLIL representation for module `\ICESTORM_LC'.
Generating RTLIL representation for module `\SB_PLL40_CORE'.
Generating RTLIL representation for module `\SB_PLL40_PAD'.
Generating RTLIL representation for module `\SB_PLL40_2_PAD'.
Generating RTLIL representation for module `\SB_PLL40_2F_CORE'.
Generating RTLIL representation for module `\SB_PLL40_2F_PAD'.
Generating RTLIL representation for module `\SB_WARMBOOT'.
Generating RTLIL representation for module `\SB_SPRAM256KA'.
Generating RTLIL representation for module `\SB_HFOSC'.
Generating RTLIL representation for module `\SB_LFOSC'.
Generating RTLIL representation for module `\SB_RGBA_DRV'.
Generating RTLIL representation for module `\SB_LED_DRV_CUR'.
Generating RTLIL representation for module `\SB_RGB_DRV'.
Generating RTLIL representation for module `\SB_I2C'.
Generating RTLIL representation for module `\SB_SPI'.
Generating RTLIL representation for module `\SB_LEDDA_IP'.
Generating RTLIL representation for module `\SB_FILTER_50NS'.
Generating RTLIL representation for module `\SB_IO_I3C'.
Generating RTLIL representation for module `\SB_IO_OD'.
Generating RTLIL representation for module `\SB_MAC16'.
Generating RTLIL representation for module `\ICESTORM_RAM'.
Successfully finished Verilog frontend.

3.2. Executing HIERARCHY pass (managing design hierarchy).

3.2.1. Analyzing design hierarchy..
Top module:  \stream_sum

3.2.2. Analyzing design hierarchy..
Top module:  \stream_sum
Removed 0 unused modules.

3.3. Executing PROC pass (convert processes to netlists).

3.3.1. Executing PROC_CLEAN pass (remove empty switches from decision trees).
Cleaned up 0 empty switches.

3.3.2. Executing PROC_RMDEAD pass (remove dead branches from decision trees).
Marked 1 switch rules as full_case in process $proc$rtl/stream_sum.sv:21$19 in module stream_sum.
Removed a total of 0 dead cases.

3.3.3. Executing PROC_PRUNE pass (remove redundant assignments in processes).
Removed 0 redundant assignments.
Promoted 0 assignments to connections.

3.3.4. Executing PROC_INIT pass (extract init attributes).

3.3.5. Executing PROC_ARST pass (detect async resets in processes).

3.3.6. Executing PROC_ROM pass (convert switches to ROMs).
Converted 0 switches.
<suppressed ~3 debug messages>

3.3.7. Executing PROC_MUX pass (convert decision trees to multiplexers).
Creating decoders for process `\stream_sum.$proc$rtl/stream_sum.sv:21$19'.
     1/2: $0\single.value[9:0]
     2/2: $0\single.valid[0:0]

3.3.8. Executing PROC_DLATCH pass (convert process syncs to latches).

3.3.9. Executing PROC_DFF pass (convert process syncs to FFs).
Creating register for signal `\stream_sum.\single.valid' using process `\stream_sum.$proc$rtl/stream_sum.sv:21$19'.
  created $dff cell `$procdff$413' with positive edge clock.
Creating register for signal `\stream_sum.\single.value' using process `\stream_sum.$proc$rtl/stream_sum.sv:21$19'.
  created $dff cell `$procdff$414' with positive edge clock.

3.3.10. Executing PROC_MEMWR pass (convert process memory writes to cells).

3.3.11. Executing PROC_CLEAN pass (remove empty switches from decision trees).
Found and cleaned up 3 empty switches in `\stream_sum.$proc$rtl/stream_sum.sv:21$19'.
Removing empty process `stream_sum.$proc$rtl/stream_sum.sv:21$19'.
Cleaned up 3 empty switches.

3.3.12. Executing OPT_EXPR pass (perform const folding).
Optimizing module stream_sum.

3.4. Executing CHECK pass (checking for obvious problems).
Checking module stream_sum...
Found and reported 0 problems.

3.5. Executing FLATTEN pass (flatten design).

3.6. Executing TRIBUF pass.

3.7. Executing DEMINOUT pass (demote inout ports to input or output).

3.8. Executing OPT_EXPR pass (perform const folding).
Optimizing module stream_sum.

3.9. Executing OPT_CLEAN pass (remove unused cells and wires).
Finding unused cells or wires in module \stream_sum..
Removed 0 unused cells and 12 unused wires.
<suppressed ~1 debug messages>

3.10. Executing CHECK pass (checking for obvious problems).
Checking module stream_sum...
Found and reported 0 problems.

3.11. Executing OPT pass (performing simple optimizations).

3.11.1. Executing OPT_EXPR pass (perform const folding).
Optimizing module stream_sum.

3.11.2. Executing OPT_MERGE pass (detect identical cells).
Finding identical cells in module `\stream_sum'.
Computing hashes of 16 cells of `\stream_sum'.
Finding duplicate cells in `\stream_sum'.
Computing hashes of 15 cells of `\stream_sum'.
Finding duplicate cells in `\stream_sum'.
<suppressed ~3 debug messages>
Removed a total of 1 cells.

3.11.3. Executing OPT_MUXTREE pass (detect dead branches in mux trees).
Running muxtree optimizer on module \stream_sum..
  Creating internal representation of mux trees.
  Evaluating internal representation of mux trees.
  Analyzing evaluation results.
Removed 0 multiplexer ports.
<suppressed ~7 debug messages>

3.11.4. Executing OPT_REDUCE pass (consolidate $*mux and $reduce_* inputs).
  Optimizing cells in module \stream_sum.
Performed a total of 0 changes.

3.11.5. Executing OPT_MERGE pass (detect identical cells).
Finding identical cells in module `\stream_sum'.
Computing hashes of 15 cells of `\stream_sum'.
Finding duplicate cells in `\stream_sum'.
Removed a total of 0 cells.

3.11.6. Executing OPT_DFF pass (perform DFF optimizations).

3.11.7. Executing OPT_CLEAN pass (remove unused cells and wires).
Finding unused cells or wires in module \stream_sum..
Removed 0 unused cells and 1 unused wires.
<suppressed ~1 debug messages>

3.11.8. Executing OPT_EXPR pass (perform const folding).
Optimizing module stream_sum.

3.11.9. Rerunning OPT passes. (Maybe there is more to do..)

3.11.10. Executing OPT_MUXTREE pass (detect dead branches in mux trees).
Running muxtree optimizer on module \stream_sum..
  Creating internal representation of mux trees.
  Evaluating internal representation of mux trees.
  Analyzing evaluation results.
Removed 0 multiplexer ports.
<suppressed ~7 debug messages>

3.11.11. Executing OPT_REDUCE pass (consolidate $*mux and $reduce_* inputs).
  Optimizing cells in module \stream_sum.
Performed a total of 0 changes.

3.11.12. Executing OPT_MERGE pass (detect identical cells).
Finding identical cells in module `\stream_sum'.
Computing hashes of 15 cells of `\stream_sum'.
Finding duplicate cells in `\stream_sum'.
Removed a total of 0 cells.

3.11.13. Executing OPT_DFF pass (perform DFF optimizations).

3.11.14. Executing OPT_CLEAN pass (remove unused cells and wires).
Finding unused cells or wires in module \stream_sum..

3.11.15. Executing OPT_EXPR pass (perform const folding).
Optimizing module stream_sum.

3.11.16. Finished fast OPT passes. (There is nothing left to do.)

3.12. Executing FSM pass (extract and optimize FSM).

3.12.1. Executing FSM_DETECT pass (finding FSMs in design).

3.12.2. Executing FSM_EXTRACT pass (extracting FSM from design).

3.12.3. Executing FSM_OPT pass (simple optimizations of FSMs).

3.12.4. Executing OPT_CLEAN pass (remove unused cells and wires).
Finding unused cells or wires in module \stream_sum..

3.12.5. Executing FSM_OPT pass (simple optimizations of FSMs).

3.12.6. Executing FSM_RECODE pass (re-assigning FSM state encoding).

3.12.7. Executing FSM_INFO pass (dumping all available information on FSM cells).

3.12.8. Executing FSM_MAP pass (mapping FSMs to basic logic).

3.13. Executing OPT pass (performing simple optimizations).

3.13.1. Executing OPT_EXPR pass (perform const folding).
Optimizing module stream_sum.

3.13.2. Executing OPT_MERGE pass (detect identical cells).
Finding identical cells in module `\stream_sum'.
Computing hashes of 15 cells of `\stream_sum'.
Finding duplicate cells in `\stream_sum'.
Removed a total of 0 cells.

3.13.3. Executing OPT_MUXTREE pass (detect dead branches in mux trees).
Running muxtree optimizer on module \stream_sum..
  Creating internal representation of mux trees.
  Evaluating internal representation of mux trees.
  Analyzing evaluation results.
Removed 0 multiplexer ports.
<suppressed ~7 debug messages>

3.13.4. Executing OPT_REDUCE pass (consolidate $*mux and $reduce_* inputs).
  Optimizing cells in module \stream_sum.
Performed a total of 0 changes.

3.13.5. Executing OPT_MERGE pass (detect identical cells).
Finding identical cells in module `\stream_sum'.
Computing hashes of 15 cells of `\stream_sum'.
Finding duplicate cells in `\stream_sum'.
Removed a total of 0 cells.

3.13.6. Executing OPT_DFF pass (perform DFF optimizations).
Adding EN signal on $procdff$414 ($dff) from module stream_sum (D = $add$rtl/stream_sum.sv:25$20_Y, Q = \single.value).
Adding SRST signal on $procdff$413 ($dff) from module stream_sum (D = $procmux$408_Y, Q = \single.valid, rval = 1'0).
Adding EN signal on $auto$ff.cc:337:slice$420 ($sdff) from module stream_sum (D = \s_valid, Q = \single.valid).

3.13.7. Executing OPT_CLEAN pass (remove unused cells and wires).
Finding unused cells or wires in module \stream_sum..
Removed 5 unused cells and 5 unused wires.
<suppressed ~6 debug messages>

3.13.8. Executing OPT_EXPR pass (perform const folding).
Optimizing module stream_sum.

3.13.9. Rerunning OPT passes. (Maybe there is more to do..)

3.13.10. Executing OPT_MUXTREE pass (detect dead branches in mux trees).
Running muxtree optimizer on module \stream_sum..
  Creating internal representation of mux trees.
  No muxes found in this module.
Removed 0 multiplexer ports.

3.13.11. Executing OPT_REDUCE pass (consolidate $*mux and $reduce_* inputs).
  Optimizing cells in module \stream_sum.
Performed a total of 0 changes.

3.13.12. Executing OPT_MERGE pass (detect identical cells).
Finding identical cells in module `\stream_sum'.
Computing hashes of 12 cells of `\stream_sum'.
Finding duplicate cells in `\stream_sum'.
Removed a total of 0 cells.

3.13.13. Executing OPT_DFF pass (perform DFF optimizations).

3.13.14. Executing OPT_CLEAN pass (remove unused cells and wires).
Finding unused cells or wires in module \stream_sum..

3.13.15. Executing OPT_EXPR pass (perform const folding).
Optimizing module stream_sum.

3.13.16. Finished fast OPT passes. (There is nothing left to do.)

3.14. Executing WREDUCE pass (reducing word size of cells).
Removed top 1 bits (of 9) from port A of cell stream_sum.$add$rtl/stream_sum.sv:16$13 ($add).
Removed top 1 bits (of 9) from port B of cell stream_sum.$add$rtl/stream_sum.sv:16$13 ($add).
Removed top 1 bits (of 9) from port A of cell stream_sum.$add$rtl/stream_sum.sv:17$14 ($add).
Removed top 1 bits (of 9) from port B of cell stream_sum.$add$rtl/stream_sum.sv:17$14 ($add).
Removed top 1 bits (of 10) from port A of cell stream_sum.$add$rtl/stream_sum.sv:25$20 ($add).
Removed top 1 bits (of 10) from port B of cell stream_sum.$add$rtl/stream_sum.sv:25$20 ($add).

3.15. Executing PEEPOPT pass (run peephole optimizers).

3.16. Executing OPT_CLEAN pass (remove unused cells and wires).
Finding unused cells or wires in module \stream_sum..

3.17. Executing SHARE pass (SAT-based resource sharing).

3.18. Executing TECHMAP pass (map to technology primitives).

3.18.1. Executing Verilog-2005 frontend: /share/cmp2lut.v
Parsing Verilog input from `/share/cmp2lut.v' to AST representation.
Generating RTLIL representation for module `\_90_lut_cmp_'.
Successfully finished Verilog frontend.

3.18.2. Continuing TECHMAP pass.
No more expansions possible.
<suppressed ~6 debug messages>

3.19. Executing OPT_EXPR pass (perform const folding).
Optimizing module stream_sum.

3.20. Executing OPT_CLEAN pass (remove unused cells and wires).
Finding unused cells or wires in module \stream_sum..

3.21. Executing ALUMACC pass (create $alu and $macc cells).
Extracting $alu and $macc cells in module stream_sum:
  creating $macc model for $add$rtl/stream_sum.sv:16$13 ($add).
  creating $macc model for $add$rtl/stream_sum.sv:17$14 ($add).
  creating $macc model for $add$rtl/stream_sum.sv:25$20 ($add).
  merging $macc model for $add$rtl/stream_sum.sv:16$13 into $add$rtl/stream_sum.sv:25$20.
  merging $macc model for $add$rtl/stream_sum.sv:17$14 into $add$rtl/stream_sum.sv:25$20.
  creating $macc cell for $add$rtl/stream_sum.sv:25$20: $auto$alumacc.cc:399:replace_macc$423
  created 0 $alu and 1 $macc cells.

3.22. Executing OPT pass (performing simple optimizations).

3.22.1. Executing OPT_EXPR pass (perform const folding).
Optimizing module stream_sum.

3.22.2. Executing OPT_MERGE pass (detect identical cells).
Finding identical cells in module `\stream_sum'.
Computing hashes of 12 cells of `\stream_sum'.
Finding duplicate cells in `\stream_sum'.
Removed a total of 0 cells.

3.22.3. Executing OPT_MUXTREE pass (detect dead branches in mux trees).
Running muxtree optimizer on module \stream_sum..
  Creating internal representation of mux trees.
  No muxes found in this module.
Removed 0 multiplexer ports.

3.22.4. Executing OPT_REDUCE pass (consolidate $*mux and $reduce_* inputs).
  Optimizing cells in module \stream_sum.
Performed a total of 0 changes.

3.22.5. Executing OPT_MERGE pass (detect identical cells).
Finding identical cells in module `\stream_sum'.
Computing hashes of 12 cells of `\stream_sum'.
Finding duplicate cells in `\stream_sum'.
Removed a total of 0 cells.

3.22.6. Executing OPT_DFF pass (perform DFF optimizations).

3.22.7. Executing OPT_CLEAN pass (remove unused cells and wires).
Finding unused cells or wires in module \stream_sum..
Removed 2 unused cells and 2 unused wires.
<suppressed ~4 debug messages>

3.22.8. Executing OPT_EXPR pass (perform const folding).
Optimizing module stream_sum.

3.22.9. Rerunning OPT passes. (Maybe there is more to do..)

3.22.10. Executing OPT_MUXTREE pass (detect dead branches in mux trees).
Running muxtree optimizer on module \stream_sum..
  Creating internal representation of mux trees.
  No muxes found in this module.
Removed 0 multiplexer ports.

3.22.11. Executing OPT_REDUCE pass (consolidate $*mux and $reduce_* inputs).
  Optimizing cells in module \stream_sum.
Performed a total of 0 changes.

3.22.12. Executing OPT_MERGE pass (detect identical cells).
Finding identical cells in module `\stream_sum'.
Computing hashes of 10 cells of `\stream_sum'.
Finding duplicate cells in `\stream_sum'.
Removed a total of 0 cells.

3.22.13. Executing OPT_DFF pass (perform DFF optimizations).

3.22.14. Executing OPT_CLEAN pass (remove unused cells and wires).
Finding unused cells or wires in module \stream_sum..

3.22.15. Executing OPT_EXPR pass (perform const folding).
Optimizing module stream_sum.

3.22.16. Finished fast OPT passes. (There is nothing left to do.)

3.23. Executing MEMORY pass.

3.23.1. Executing OPT_MEM pass (optimize memories).
Performed a total of 0 transformations.

3.23.2. Executing OPT_MEM_PRIORITY pass (removing unnecessary memory write priority relations).
Performed a total of 0 transformations.

3.23.3. Executing OPT_MEM_FEEDBACK pass (finding memory read-to-write feedback paths).

3.23.4. Executing MEMORY_BMUX2ROM pass (converting muxes to ROMs).

3.23.5. Executing MEMORY_DFF pass (merging $dff cells to $memrd).

3.23.6. Executing OPT_CLEAN pass (remove unused cells and wires).
Finding unused cells or wires in module \stream_sum..

3.23.7. Executing MEMORY_SHARE pass (consolidating $memrd/$memwr cells).

3.23.8. Executing OPT_MEM_WIDEN pass (optimize memories where all ports are wide).
Performed a total of 0 transformations.

3.23.9. Executing OPT_CLEAN pass (remove unused cells and wires).
Finding unused cells or wires in module \stream_sum..

3.23.10. Executing MEMORY_COLLECT pass (generating $mem cells).

3.24. Executing OPT_CLEAN pass (remove unused cells and wires).
Finding unused cells or wires in module \stream_sum..

3.25. Executing MEMORY_LIBMAP pass (mapping memories to cells).

3.26. Executing TECHMAP pass (map to technology primitives).

3.26.1. Executing Verilog-2005 frontend: /share/ice40/brams_map.v
Parsing Verilog input from `/share/ice40/brams_map.v' to AST representation.
Generating RTLIL representation for module `$__ICE40_RAM4K_'.
Successfully finished Verilog frontend.

3.26.2. Executing Verilog-2005 frontend: /share/ice40/spram_map.v
Parsing Verilog input from `/share/ice40/spram_map.v' to AST representation.
Generating RTLIL representation for module `$__ICE40_SPRAM_'.
Successfully finished Verilog frontend.

3.26.3. Continuing TECHMAP pass.
No more expansions possible.
<suppressed ~4 debug messages>

3.27. Executing ICE40_BRAMINIT pass.

3.28. Executing OPT pass (performing simple optimizations).

3.28.1. Executing OPT_EXPR pass (perform const folding).
Optimizing module stream_sum.

3.28.2. Executing OPT_MERGE pass (detect identical cells).
Finding identical cells in module `\stream_sum'.
Computing hashes of 10 cells of `\stream_sum'.
Finding duplicate cells in `\stream_sum'.
Removed a total of 0 cells.

3.28.3. Executing OPT_DFF pass (perform DFF optimizations).

3.28.4. Executing OPT_CLEAN pass (remove unused cells and wires).
Finding unused cells or wires in module \stream_sum..

3.28.5. Finished fast OPT passes.

3.29. Executing MEMORY_MAP pass (converting memories to logic and flip-flops).

3.30. Executing OPT pass (performing simple optimizations).

3.30.1. Executing OPT_EXPR pass (perform const folding).
Optimizing module stream_sum.

3.30.2. Executing OPT_MERGE pass (detect identical cells).
Finding identical cells in module `\stream_sum'.
Computing hashes of 10 cells of `\stream_sum'.
Finding duplicate cells in `\stream_sum'.
Removed a total of 0 cells.

3.30.3. Executing OPT_MUXTREE pass (detect dead branches in mux trees).
Running muxtree optimizer on module \stream_sum..
  Creating internal representation of mux trees.
  No muxes found in this module.
Removed 0 multiplexer ports.

3.30.4. Executing OPT_REDUCE pass (consolidate $*mux and $reduce_* inputs).
  Optimizing cells in module \stream_sum.
Performed a total of 0 changes.

3.30.5. Executing OPT_MERGE pass (detect identical cells).
Finding identical cells in module `\stream_sum'.
Computing hashes of 10 cells of `\stream_sum'.
Finding duplicate cells in `\stream_sum'.
Removed a total of 0 cells.

3.30.6. Executing OPT_DFF pass (perform DFF optimizations).

3.30.7. Executing OPT_CLEAN pass (remove unused cells and wires).
Finding unused cells or wires in module \stream_sum..

3.30.8. Executing OPT_EXPR pass (perform const folding).
Optimizing module stream_sum.

3.30.9. Finished fast OPT passes. (There is nothing left to do.)

3.31. Executing ICE40_WRAPCARRY pass (wrap carries).

3.32. Executing TECHMAP pass (map to technology primitives).

3.32.1. Executing Verilog-2005 frontend: /share/techmap.v
Parsing Verilog input from `/share/techmap.v' to AST representation.
Generating RTLIL representation for module `\_90_simplemap_bool_ops'.
Generating RTLIL representation for module `\_90_simplemap_reduce_ops'.
Generating RTLIL representation for module `\_90_simplemap_logic_ops'.
Generating RTLIL representation for module `\_90_simplemap_compare_ops'.
Generating RTLIL representation for module `\_90_simplemap_various'.
Generating RTLIL representation for module `\_90_simplemap_registers'.
Generating RTLIL representation for module `\_90_shift_ops_shr_shl_sshl_sshr'.
Generating RTLIL representation for module `\_90_shift_shiftx'.
Generating RTLIL representation for module `\_90_fa'.
Generating RTLIL representation for module `\_90_lcu_brent_kung'.
Generating RTLIL representation for module `\_90_alu'.
Generating RTLIL representation for module `\_90_macc'.
Generating RTLIL representation for module `\_90_alumacc'.
Generating RTLIL representation for module `$__div_mod_u'.
Generating RTLIL representation for module `$__div_mod_trunc'.
Generating RTLIL representation for module `\_90_div'.
Generating RTLIL representation for module `\_90_mod'.
Generating RTLIL representation for module `$__div_mod_floor'.
Generating RTLIL representation for module `\_90_divfloor'.
Generating RTLIL representation for module `\_90_modfloor'.
Generating RTLIL representation for module `\_90_pow'.
Generating RTLIL representation for module `\_90_demux'.
Generating RTLIL representation for module `\_90_lut'.
Generating RTLIL representation for module `$connect'.
Generating RTLIL representation for module `$input_port'.
Successfully finished Verilog frontend.

3.32.2. Executing Verilog-2005 frontend: /share/ice40/arith_map.v
Parsing Verilog input from `/share/ice40/arith_map.v' to AST representation.
Generating RTLIL representation for module `\_80_ice40_alu'.
Successfully finished Verilog frontend.

3.32.3. Continuing TECHMAP pass.
Using extmapper maccmap for cells of type $macc_v2.
  add \a (8 bits, unsigned)
  add \c (8 bits, unsigned)
  add \b (8 bits, unsigned)
  add \d (8 bits, unsigned)
Using extmapper simplemap for cells of type $sdffe.
Using extmapper simplemap for cells of type $reduce_and.
Using extmapper simplemap for cells of type $not.
Using extmapper simplemap for cells of type $dffe.
Using extmapper simplemap for cells of type $logic_not.
Using extmapper simplemap for cells of type $logic_or.
Using extmapper simplemap for cells of type $logic_and.
Using template $paramod\_90_fa\WIDTH=32'00000000000000000000000000001000 for cells of type $fa.
Using template $paramod\_90_fa\WIDTH=32'00000000000000000000000000001001 for cells of type $fa.
Using template $paramod$484d51534650924b7ed4c69e46eed3a56904771f\_80_ice40_alu for cells of type $alu.
Using extmapper simplemap for cells of type $or.
Using extmapper simplemap for cells of type $xor.
Using extmapper simplemap for cells of type $and.
Using extmapper simplemap for cells of type $mux.
Using extmapper simplemap for cells of type $pos.
No more expansions possible.
<suppressed ~140 debug messages>

3.33. Executing OPT pass (performing simple optimizations).

3.33.1. Executing OPT_EXPR pass (perform const folding).
Optimizing module stream_sum.
<suppressed ~22 debug messages>

3.33.2. Executing OPT_MERGE pass (detect identical cells).
Finding identical cells in module `\stream_sum'.
Computing hashes of 122 cells of `\stream_sum'.
Finding duplicate cells in `\stream_sum'.
Computing hashes of 121 cells of `\stream_sum'.
Finding duplicate cells in `\stream_sum'.
<suppressed ~3 debug messages>
Removed a total of 1 cells.

3.33.3. Executing OPT_DFF pass (perform DFF optimizations).

3.33.4. Executing OPT_CLEAN pass (remove unused cells and wires).
Finding unused cells or wires in module \stream_sum..
Removed 16 unused cells and 39 unused wires.
<suppressed ~17 debug messages>

3.33.5. Finished fast OPT passes.

3.34. Executing ICE40_OPT pass (performing simple optimizations).

3.34.1. Running ICE40 specific optimizations.
Optimized $__ICE40_CARRY_WRAPPER cell back to logic (without SB_CARRY) stream_sum.$auto$maccmap.cc:240:synth$524.slice[0].carry: CO=1'0
Optimized $__ICE40_CARRY_WRAPPER cell back to logic (without SB_CARRY) stream_sum.$auto$maccmap.cc:240:synth$524.slice[9].carry: CO=1'0

3.34.2. Executing OPT_EXPR pass (perform const folding).
Optimizing module stream_sum.

3.34.3. Executing OPT_MERGE pass (detect identical cells).
Finding identical cells in module `\stream_sum'.
Computing hashes of 105 cells of `\stream_sum'.
Finding duplicate cells in `\stream_sum'.
Removed a total of 0 cells.

3.34.4. Executing OPT_DFF pass (perform DFF optimizations).

3.34.5. Executing OPT_CLEAN pass (remove unused cells and wires).
Finding unused cells or wires in module \stream_sum..
Removed 0 unused cells and 1 unused wires.
<suppressed ~1 debug messages>

3.34.6. Rerunning OPT passes. (Removed registers in this run.)

3.34.7. Running ICE40 specific optimizations.

3.34.8. Executing OPT_EXPR pass (perform const folding).
Optimizing module stream_sum.

3.34.9. Executing OPT_MERGE pass (detect identical cells).
Finding identical cells in module `\stream_sum'.
Computing hashes of 105 cells of `\stream_sum'.
Finding duplicate cells in `\stream_sum'.
Removed a total of 0 cells.

3.34.10. Executing OPT_DFF pass (perform DFF optimizations).

3.34.11. Executing OPT_CLEAN pass (remove unused cells and wires).
Finding unused cells or wires in module \stream_sum..

3.34.12. Finished OPT passes. (There is nothing left to do.)

3.35. Executing DFFLEGALIZE pass (convert FFs and LATCHes to types supported by the target).

3.36. Executing TECHMAP pass (map to technology primitives).

3.36.1. Executing Verilog-2005 frontend: /share/ice40/ff_map.v
Parsing Verilog input from `/share/ice40/ff_map.v' to AST representation.
Generating RTLIL representation for module `$_DFF_N_'.
Generating RTLIL representation for module `$_DFF_P_'.
Generating RTLIL representation for module `$_DFFE_NP_'.
Generating RTLIL representation for module `$_DFFE_PP_'.
Generating RTLIL representation for module `$_DFF_NP0_'.
Generating RTLIL representation for module `$_DFF_NP1_'.
Generating RTLIL representation for module `$_DFF_PP0_'.
Generating RTLIL representation for module `$_DFF_PP1_'.
Generating RTLIL representation for module `$_DFFE_NP0P_'.
Generating RTLIL representation for module `$_DFFE_NP1P_'.
Generating RTLIL representation for module `$_DFFE_PP0P_'.
Generating RTLIL representation for module `$_DFFE_PP1P_'.
Generating RTLIL representation for module `$_SDFF_NP0_'.
Generating RTLIL representation for module `$_SDFF_NP1_'.
Generating RTLIL representation for module `$_SDFF_PP0_'.
Generating RTLIL representation for module `$_SDFF_PP1_'.
Generating RTLIL representation for module `$_SDFFCE_NP0P_'.
Generating RTLIL representation for module `$_SDFFCE_NP1P_'.
Generating RTLIL representation for module `$_SDFFCE_PP0P_'.
Generating RTLIL representation for module `$_SDFFCE_PP1P_'.
Successfully finished Verilog frontend.

3.36.2. Continuing TECHMAP pass.
Using template $_DFFE_PP_ for cells of type $_DFFE_PP_.
Using template $_SDFFCE_PP0P_ for cells of type $_SDFFCE_PP0P_.
No more expansions possible.
<suppressed ~33 debug messages>

3.37. Executing OPT_EXPR pass (perform const folding).
Optimizing module stream_sum.

3.38. Executing SIMPLEMAP pass (map simple cells to gate primitives).
Mapping stream_sum.$auto$maccmap.cc:240:synth$524.slice[0].carry ($lut).
Mapping stream_sum.$auto$maccmap.cc:240:synth$524.slice[9].carry ($lut).

3.39. Executing ICE40_OPT pass (performing simple optimizations).

3.39.1. Running ICE40 specific optimizations.

3.39.2. Executing OPT_EXPR pass (perform const folding).
Optimizing module stream_sum.
<suppressed ~28 debug messages>

3.39.3. Executing OPT_MERGE pass (detect identical cells).
Finding identical cells in module `\stream_sum'.
Computing hashes of 106 cells of `\stream_sum'.
Finding duplicate cells in `\stream_sum'.
Computing hashes of 105 cells of `\stream_sum'.
Finding duplicate cells in `\stream_sum'.
<suppressed ~3 debug messages>
Removed a total of 1 cells.

3.39.4. Executing OPT_DFF pass (perform DFF optimizations).

3.39.5. Executing OPT_CLEAN pass (remove unused cells and wires).
Finding unused cells or wires in module \stream_sum..
Removed 1 unused cells and 64 unused wires.
<suppressed ~2 debug messages>

3.39.6. Rerunning OPT passes. (Removed registers in this run.)

3.39.7. Running ICE40 specific optimizations.

3.39.8. Executing OPT_EXPR pass (perform const folding).
Optimizing module stream_sum.

3.39.9. Executing OPT_MERGE pass (detect identical cells).
Finding identical cells in module `\stream_sum'.
Computing hashes of 104 cells of `\stream_sum'.
Finding duplicate cells in `\stream_sum'.
Removed a total of 0 cells.

3.39.10. Executing OPT_DFF pass (perform DFF optimizations).

3.39.11. Executing OPT_CLEAN pass (remove unused cells and wires).
Finding unused cells or wires in module \stream_sum..

3.39.12. Finished OPT passes. (There is nothing left to do.)

3.40. Executing CHECK pass (checking for obvious problems).
Checking module stream_sum...
Found and reported 0 problems.

3.41. Executing TECHMAP pass (map to technology primitives).

3.41.1. Executing Verilog-2005 frontend: /share/ice40/latches_map.v
Parsing Verilog input from `/share/ice40/latches_map.v' to AST representation.
Generating RTLIL representation for module `$_DLATCH_N_'.
Generating RTLIL representation for module `$_DLATCH_P_'.
Successfully finished Verilog frontend.

3.41.2. Continuing TECHMAP pass.
No more expansions possible.
<suppressed ~4 debug messages>

3.42. Executing Verilog-2005 frontend: /share/ice40/abc9_model.v
Parsing Verilog input from `/share/ice40/abc9_model.v' to AST representation.
Generating RTLIL representation for module `$__ICE40_CARRY_WRAPPER'.
Successfully finished Verilog frontend.

3.43. Executing ABC9 pass.

3.43.1. Executing ABC9_OPS pass (helper functions for ABC9).

3.43.2. Executing ABC9_OPS pass (helper functions for ABC9).

3.43.3. Executing SCC pass (detecting logic loops).
Found 0 SCCs in module stream_sum.
Found 0 SCCs.

3.43.4. Executing ABC9_OPS pass (helper functions for ABC9).

3.43.5. Executing TECHMAP pass (map to technology primitives).

3.43.5.1. Executing Verilog-2005 frontend: /share/techmap.v
Parsing Verilog input from `/share/techmap.v' to AST representation.
Generating RTLIL representation for module `\_90_simplemap_bool_ops'.
Generating RTLIL representation for module `\_90_simplemap_reduce_ops'.
Generating RTLIL representation for module `\_90_simplemap_logic_ops'.
Generating RTLIL representation for module `\_90_simplemap_compare_ops'.
Generating RTLIL representation for module `\_90_simplemap_various'.
Generating RTLIL representation for module `\_90_simplemap_registers'.
Generating RTLIL representation for module `\_90_shift_ops_shr_shl_sshl_sshr'.
Generating RTLIL representation for module `\_90_shift_shiftx'.
Generating RTLIL representation for module `\_90_fa'.
Generating RTLIL representation for module `\_90_lcu_brent_kung'.
Generating RTLIL representation for module `\_90_alu'.
Generating RTLIL representation for module `\_90_macc'.
Generating RTLIL representation for module `\_90_alumacc'.
Generating RTLIL representation for module `$__div_mod_u'.
Generating RTLIL representation for module `$__div_mod_trunc'.
Generating RTLIL representation for module `\_90_div'.
Generating RTLIL representation for module `\_90_mod'.
Generating RTLIL representation for module `$__div_mod_floor'.
Generating RTLIL representation for module `\_90_divfloor'.
Generating RTLIL representation for module `\_90_modfloor'.
Generating RTLIL representation for module `\_90_pow'.
Generating RTLIL representation for module `\_90_demux'.
Generating RTLIL representation for module `\_90_lut'.
Generating RTLIL representation for module `$connect'.
Generating RTLIL representation for module `$input_port'.
Successfully finished Verilog frontend.

3.43.5.2. Continuing TECHMAP pass.
No more expansions possible.
<suppressed ~130 debug messages>

3.43.6. Executing OPT pass (performing simple optimizations).

3.43.6.1. Executing OPT_EXPR pass (perform const folding).

3.43.6.2. Executing OPT_MERGE pass (detect identical cells).
Removed a total of 0 cells.

3.43.6.3. Executing OPT_MUXTREE pass (detect dead branches in mux trees).
Removed 0 multiplexer ports.

3.43.6.4. Executing OPT_REDUCE pass (consolidate $*mux and $reduce_* inputs).
Performed a total of 0 changes.

3.43.6.5. Executing OPT_MERGE pass (detect identical cells).
Removed a total of 0 cells.

3.43.6.6. Executing OPT_DFF pass (perform DFF optimizations).

3.43.6.7. Executing OPT_CLEAN pass (remove unused cells and wires).

3.43.6.8. Executing OPT_EXPR pass (perform const folding).

3.43.6.9. Finished fast OPT passes. (There is nothing left to do.)

3.43.7. Executing TECHMAP pass (map to technology primitives).

3.43.7.1. Executing Verilog-2005 frontend: /share/abc9_map.v
Parsing Verilog input from `/share/abc9_map.v' to AST representation.
Successfully finished Verilog frontend.

3.43.7.2. Continuing TECHMAP pass.
No more expansions possible.
<suppressed ~2 debug messages>

3.43.8. Executing Verilog-2005 frontend: /share/abc9_model.v
Parsing Verilog input from `/share/abc9_model.v' to AST representation.
Generating RTLIL representation for module `$__ABC9_DELAY'.
Generating RTLIL representation for module `$__ABC9_SCC_BREAKER'.
Generating RTLIL representation for module `$__DFF_N__$abc9_flop'.
Generating RTLIL representation for module `$__DFF_P__$abc9_flop'.
Successfully finished Verilog frontend.

3.43.9. Executing ABC9_OPS pass (helper functions for ABC9).
<suppressed ~14 debug messages>

3.43.10. Executing ABC9_OPS pass (helper functions for ABC9).

3.43.11. Executing ABC9_OPS pass (helper functions for ABC9).
<suppressed ~2 debug messages>

3.43.12. Executing TECHMAP pass (map to technology primitives).

3.43.12.1. Executing Verilog-2005 frontend: /share/techmap.v
Parsing Verilog input from `/share/techmap.v' to AST representation.
Generating RTLIL representation for module `\_90_simplemap_bool_ops'.
Generating RTLIL representation for module `\_90_simplemap_reduce_ops'.
Generating RTLIL representation for module `\_90_simplemap_logic_ops'.
Generating RTLIL representation for module `\_90_simplemap_compare_ops'.
Generating RTLIL representation for module `\_90_simplemap_various'.
Generating RTLIL representation for module `\_90_simplemap_registers'.
Generating RTLIL representation for module `\_90_shift_ops_shr_shl_sshl_sshr'.
Generating RTLIL representation for module `\_90_shift_shiftx'.
Generating RTLIL representation for module `\_90_fa'.
Generating RTLIL representation for module `\_90_lcu_brent_kung'.
Generating RTLIL representation for module `\_90_alu'.
Generating RTLIL representation for module `\_90_macc'.
Generating RTLIL representation for module `\_90_alumacc'.
Generating RTLIL representation for module `$__div_mod_u'.
Generating RTLIL representation for module `$__div_mod_trunc'.
Generating RTLIL representation for module `\_90_div'.
Generating RTLIL representation for module `\_90_mod'.
Generating RTLIL representation for module `$__div_mod_floor'.
Generating RTLIL representation for module `\_90_divfloor'.
Generating RTLIL representation for module `\_90_modfloor'.
Generating RTLIL representation for module `\_90_pow'.
Generating RTLIL representation for module `\_90_demux'.
Generating RTLIL representation for module `\_90_lut'.
Generating RTLIL representation for module `$connect'.
Generating RTLIL representation for module `$input_port'.
Successfully finished Verilog frontend.

3.43.12.2. Continuing TECHMAP pass.
Using template $paramod$__ICE40_CARRY_WRAPPER\LUT=16'0110100110010110\I3_IS_CI=1'1 for cells of type $paramod$__ICE40_CARRY_WRAPPER\LUT=16'0110100110010110\I3_IS_CI=1'1.
Using template SB_CARRY for cells of type SB_CARRY.
Using template $paramod\SB_LUT4\LUT_INIT=16'0110100110010110 for cells of type SB_LUT4.
Using extmapper simplemap for cells of type $logic_or.
Using extmapper simplemap for cells of type $logic_and.
Using extmapper simplemap for cells of type $mux.
No more expansions possible.
<suppressed ~150 debug messages>

3.43.13. Executing OPT pass (performing simple optimizations).

3.43.13.1. Executing OPT_EXPR pass (perform const folding).
Optimizing module stream_sum.
<suppressed ~4 debug messages>

3.43.13.2. Executing OPT_MERGE pass (detect identical cells).
Finding identical cells in module `\stream_sum'.
Computing hashes of 30 cells of `\stream_sum'.
Finding duplicate cells in `\stream_sum'.
Computing hashes of 20 cells of `\stream_sum'.
Finding duplicate cells in `\stream_sum'.
Computing hashes of 18 cells of `\stream_sum'.
Finding duplicate cells in `\stream_sum'.
<suppressed ~29 debug messages>
Removed a total of 12 cells.

3.43.13.3. Executing OPT_MUXTREE pass (detect dead branches in mux trees).
Running muxtree optimizer on module \stream_sum..
  Creating internal representation of mux trees.
  No muxes found in this module.
Removed 0 multiplexer ports.

3.43.13.4. Executing OPT_REDUCE pass (consolidate $*mux and $reduce_* inputs).
  Optimizing cells in module \stream_sum.
Performed a total of 0 changes.

3.43.13.5. Executing OPT_MERGE pass (detect identical cells).
Finding identical cells in module `\stream_sum'.
Computing hashes of 18 cells of `\stream_sum'.
Finding duplicate cells in `\stream_sum'.
Removed a total of 0 cells.

3.43.13.6. Executing OPT_DFF pass (perform DFF optimizations).

3.43.13.7. Executing OPT_CLEAN pass (remove unused cells and wires).
Finding unused cells or wires in module \stream_sum..
Removed 0 unused cells and 24 unused wires.
<suppressed ~1 debug messages>

3.43.13.8. Executing OPT_EXPR pass (perform const folding).
Optimizing module stream_sum.

3.43.13.9. Rerunning OPT passes. (Maybe there is more to do..)

3.43.13.10. Executing OPT_MUXTREE pass (detect dead branches in mux trees).
Running muxtree optimizer on module \stream_sum..
  Creating internal representation of mux trees.
  No muxes found in this module.
Removed 0 multiplexer ports.

3.43.13.11. Executing OPT_REDUCE pass (consolidate $*mux and $reduce_* inputs).
  Optimizing cells in module \stream_sum.
Performed a total of 0 changes.

3.43.13.12. Executing OPT_MERGE pass (detect identical cells).
Finding identical cells in module `\stream_sum'.
Computing hashes of 18 cells of `\stream_sum'.
Finding duplicate cells in `\stream_sum'.
Removed a total of 0 cells.

3.43.13.13. Executing OPT_DFF pass (perform DFF optimizations).

3.43.13.14. Executing OPT_CLEAN pass (remove unused cells and wires).
Finding unused cells or wires in module \stream_sum..

3.43.13.15. Executing OPT_EXPR pass (perform const folding).
Optimizing module stream_sum.

3.43.13.16. Finished fast OPT passes. (There is nothing left to do.)

3.43.14. Executing AIGMAP pass (map logic to AIG).
Module stream_sum: replaced 7 cells with 43 new cells, skipped 11 cells.
  replaced 2 cell types:
       5 $_MUX_
       2 $_OR_
  not replaced 3 cell types:
       2 $_AND_
       1 $_NOT_
       8 $specify2

3.43.15. Executing AIGMAP pass (map logic to AIG).
Module stream_sum: replaced 48 cells with 285 new cells, skipped 68 cells.
  replaced 2 cell types:
      17 $_OR_
      31 $_XOR_
  not replaced 7 cell types:
      35 $_AND_
       2 $_NOT_
      10 SB_DFFE
       1 SB_DFFESR
      11 $paramod$__ABC9_DELAY\DELAY=32'00000000000000000000000000010101
       1 $paramod$__ABC9_DELAY\DELAY=32'00000000000000000000000011001011
       8 $paramod$__ICE40_CARRY_WRAPPER\LUT=16'0110100110010110\I3_IS_CI=1'1

3.43.15.1. Executing ABC9_OPS pass (helper functions for ABC9).

3.43.15.2. Executing ABC9_OPS pass (helper functions for ABC9).

3.43.15.3. Executing XAIGER backend.
<suppressed ~22 debug messages>
Extracted 145 AND gates and 426 wires from module `stream_sum' to a netlist network with 47 inputs and 26 outputs.

3.43.15.4. Executing ABC9_EXE pass (technology mapping using ABC9).

3.43.15.5. Executing ABC9.
Running ABC command: "/yosys-abc" -s -f <abc-temp-dir>/abc.script 2>&1

3.43.15.6. Executing AIGER frontend.
<suppressed ~11 debug messages>
Removed 410 unused cells and 554 unused wires.

3.43.15.7. Executing ABC_OPS_REINTEGRATE pass (reintegrate ABC mapped design into module).
ABC RESULTS:              $lut cells:       35
ABC RESULTS:   $paramod$__ICE40_CARRY_WRAPPER\LUT=16'0110100110010110\I3_IS_CI=1'1 cells:        8
ABC RESULTS:           input signals:       10
ABC RESULTS:          output signals:       17
<suppressed ~146 debug messages>
Removing temp directory.

3.43.16. Executing TECHMAP pass (map to technology primitives).

3.43.16.1. Executing Verilog-2005 frontend: /share/abc9_unmap.v
Parsing Verilog input from `/share/abc9_unmap.v' to AST representation.
Generating RTLIL representation for module `$__DFF_x__$abc9_flop'.
Generating RTLIL representation for module `$__ABC9_SCC_BREAKER'.
Successfully finished Verilog frontend.

3.43.16.2. Continuing TECHMAP pass.
Using template $paramod$__ICE40_CARRY_WRAPPER\LUT=16'0110100110010110\I3_IS_CI=1'1 for cells of type $paramod$__ICE40_CARRY_WRAPPER\LUT=16'0110100110010110\I3_IS_CI=1'1.
No more expansions possible.
<suppressed ~14 debug messages>

3.44. Executing ICE40_WRAPCARRY pass (wrap carries).

3.45. Executing TECHMAP pass (map to technology primitives).

3.45.1. Executing Verilog-2005 frontend: /share/ice40/ff_map.v
Parsing Verilog input from `/share/ice40/ff_map.v' to AST representation.
Generating RTLIL representation for module `$_DFF_N_'.
Generating RTLIL representation for module `$_DFF_P_'.
Generating RTLIL representation for module `$_DFFE_NP_'.
Generating RTLIL representation for module `$_DFFE_PP_'.
Generating RTLIL representation for module `$_DFF_NP0_'.
Generating RTLIL representation for module `$_DFF_NP1_'.
Generating RTLIL representation for module `$_DFF_PP0_'.
Generating RTLIL representation for module `$_DFF_PP1_'.
Generating RTLIL representation for module `$_DFFE_NP0P_'.
Generating RTLIL representation for module `$_DFFE_NP1P_'.
Generating RTLIL representation for module `$_DFFE_PP0P_'.
Generating RTLIL representation for module `$_DFFE_PP1P_'.
Generating RTLIL representation for module `$_SDFF_NP0_'.
Generating RTLIL representation for module `$_SDFF_NP1_'.
Generating RTLIL representation for module `$_SDFF_PP0_'.
Generating RTLIL representation for module `$_SDFF_PP1_'.
Generating RTLIL representation for module `$_SDFFCE_NP0P_'.
Generating RTLIL representation for module `$_SDFFCE_NP1P_'.
Generating RTLIL representation for module `$_SDFFCE_PP0P_'.
Generating RTLIL representation for module `$_SDFFCE_PP1P_'.
Successfully finished Verilog frontend.

3.45.2. Continuing TECHMAP pass.
No more expansions possible.
<suppressed ~22 debug messages>
Removed 9 unused cells and 457 unused wires.

3.46. Executing OPT_LUT pass (optimize LUTs).
Discovering LUTs.
Number of LUTs:       43
  2-LUT                3
  3-LUT               38
  4-LUT                2
  with \SB_CARRY    (#0)    8
  with \SB_CARRY    (#1)    7

Eliminating LUTs.
Number of LUTs:       43
  2-LUT                3
  3-LUT               38
  4-LUT                2
  with \SB_CARRY    (#0)    8
  with \SB_CARRY    (#1)    7

Combining LUTs.
Number of LUTs:       43
  2-LUT                3
  3-LUT               38
  4-LUT                2
  with \SB_CARRY    (#0)    8
  with \SB_CARRY    (#1)    7

Eliminated 0 LUTs.
Combined 0 LUTs.
<suppressed ~105 debug messages>

3.47. Executing TECHMAP pass (map to technology primitives).

3.47.1. Executing Verilog-2005 frontend: /share/ice40/cells_map.v
Parsing Verilog input from `/share/ice40/cells_map.v' to AST representation.
Generating RTLIL representation for module `$lut'.
Successfully finished Verilog frontend.

3.47.2. Continuing TECHMAP pass.
Using template $paramod$lut\WIDTH=32'00000000000000000000000000000011\LUT=8'01101001 for cells of type $lut.
Using template $paramod$lut\WIDTH=32'00000000000000000000000000000011\LUT=8'11101000 for cells of type $lut.
Using template $paramod$0de052767abdccc3aefc818722bdc3c7850d25d6$lut for cells of type $lut.
Using template $paramod$fd904e9e35cfd343a9df248824bd3f1408724879$lut for cells of type $lut.
Using template $paramod$lut\WIDTH=32'00000000000000000000000000000011\LUT=8'10001110 for cells of type $lut.
Using template $paramod$lut\WIDTH=32'00000000000000000000000000000010\LUT=4'0100 for cells of type $lut.
Using template $paramod$lut\WIDTH=32'00000000000000000000000000000010\LUT=4'1011 for cells of type $lut.
Using template $paramod$lut\WIDTH=32'00000000000000000000000000000011\LUT=8'00100011 for cells of type $lut.
Using template $paramod$lut\WIDTH=32'00000000000000000000000000000010\LUT=4'1000 for cells of type $lut.
No more expansions possible.
<suppressed ~145 debug messages>
Removed 0 unused cells and 101 unused wires.

3.48. Executing AUTONAME pass.
Renamed 96 objects in module stream_sum.
<suppressed ~96 debug messages>

3.49. Executing HIERARCHY pass (managing design hierarchy).
Attribute `top' found on module `stream_sum'. Setting top module to stream_sum.

3.49.1. Analyzing design hierarchy..
Top module:  \stream_sum

3.49.2. Analyzing design hierarchy..
Top module:  \stream_sum
Removed 0 unused modules.

3.50. Printing statistics.

=== stream_sum ===

        +----------Local Count, excluding submodules.
        | 
       47 wires
      131 wire bits
       47 public wires
      131 public wire bits
       11 ports
       48 port bits
       62 submodules
        8   SB_CARRY
       10   SB_DFFE
        1   SB_DFFESR
       43   SB_LUT4

=== design hierarchy ===

        +----------Count including submodules.
        | 
        - stream_sum

        +----------Count including submodules.
        | 
       47 wires
      131 wire bits
       47 public wires
      131 public wire bits
       11 ports
       48 port bits
        - memories
        - memory bits
        - processes
        - cells
       62 submodules
        8   SB_CARRY
       10   SB_DFFE
        1   SB_DFFESR
       43   SB_LUT4

3.51. Executing CHECK pass (checking for obvious problems).
Checking module stream_sum...
Found and reported 0 problems.

4. Executing CHECK pass (checking for obvious problems).
Checking module stream_sum...
Found and reported 0 problems.
{
   "creator": "Yosys 0.69 (git sha1 9f75ca1f9, Release, Clang /workspace/YoWASP/yosys/wasi-sdk-33.0-x86_64-linux/share/cmake/../..//bin/clang++ 22.1.0)",
   "invocation": "stat -json ",
   "modules": {
      "\\stream_sum": {
         "num_wires":         47,
         "num_wire_bits":     131,
         "num_pub_wires":     47,
         "num_pub_wire_bits": 131,
         "num_ports":         11,
         "num_port_bits":     48,
         "num_memories":      0,
         "num_memory_bits":   0,
         "num_processes":     0,
         "num_cells":         62,
         "num_submodules":       0,
         "num_cells_by_type": {
            "SB_CARRY": 8,
            "SB_DFFE": 10,
            "SB_DFFESR": 1,
            "SB_LUT4": 43
         }
      }
   },
      "design": {
         "num_wires":         47,
         "num_wire_bits":     131,
         "num_pub_wires":     47,
         "num_pub_wire_bits": 131,
         "num_ports":         11,
         "num_port_bits":     48,
         "num_memories":      0,
         "num_memory_bits":   0,
         "num_processes":     0,
         "num_cells":         62,
         "num_submodules":       0,
         "num_cells_by_type": {
            "SB_CARRY": 8,
            "SB_DFFE": 10,
            "SB_DFFESR": 1,
            "SB_LUT4": 43
         }
      }
}

End of script. Logfile hash: ac88fd7c71, time: 1.29s, user: 1.29s, system: 0.00s
Yosys 0.69 (git sha1 9f75ca1f9, Release, Clang /workspace/YoWASP/yosys/wasi-sdk-33.0-x86_64-linux/share/cmake/../..//bin/clang++ 22.1.0)
Time spent: 83% 21x read_verilog (1 sec), 4% 1x abc9_exe (0 sec), ...

=== generic WIDTH=8 PIPE=2 ===

 /----------------------------------------------------------------------------\
 |  yosys -- Yosys Open SYnthesis Suite                                       |
 |  Copyright (C) 2012 - 2026  Claire Xenia Wolf <claire@yosyshq.com>         |
 |  Distributed under an ISC-like license, type "license" to see terms        |
 \----------------------------------------------------------------------------/
 Yosys 0.69 (git sha1 9f75ca1f9, Release, Clang /workspace/YoWASP/yosys/wasi-sdk-33.0-x86_64-linux/share/cmake/../..//bin/clang++ 22.1.0)

-- Running command `read_verilog -sv rtl/stream_sum.sv; chparam -set WIDTH 8 -set PIPE 2 stream_sum; synth -top stream_sum; check -assert; tee -o results/generic_8_2.json stat -json; ltp -noff; write_verilog -noattr build/generic_8_2.v' --

1. Executing Verilog-2005 frontend: rtl/stream_sum.sv
Parsing SystemVerilog input from `rtl/stream_sum.sv' to AST representation.
Generating RTLIL representation for module `\stream_sum'.
Successfully finished Verilog frontend.
Parameter \WIDTH = 8
Parameter \PIPE = 2

2. Executing AST frontend in derive mode using pre-parsed AST for module `\stream_sum'.
Parameter \WIDTH = 8
Parameter \PIPE = 2
Generating RTLIL representation for module `$paramod$1d46e09b3564d8336ed30904a4068295373b0c22\stream_sum'.

3. Executing SYNTH pass.

3.1. Executing HIERARCHY pass (managing design hierarchy).

3.1.1. Analyzing design hierarchy..
Top module:  \stream_sum

3.1.2. Analyzing design hierarchy..
Top module:  \stream_sum
Removed 0 unused modules.

3.2. Executing PROC pass (convert processes to netlists).

3.2.1. Executing PROC_CLEAN pass (remove empty switches from decision trees).
Cleaned up 0 empty switches.

3.2.2. Executing PROC_RMDEAD pass (remove dead branches from decision trees).
Marked 1 switch rules as full_case in process $proc$rtl/stream_sum.sv:37$19 in module stream_sum.
Removed a total of 0 dead cases.

3.2.3. Executing PROC_PRUNE pass (remove redundant assignments in processes).
Removed 0 redundant assignments.
Promoted 0 assignments to connections.

3.2.4. Executing PROC_INIT pass (extract init attributes).

3.2.5. Executing PROC_ARST pass (detect async resets in processes).

3.2.6. Executing PROC_ROM pass (convert switches to ROMs).
Converted 0 switches.
<suppressed ~5 debug messages>

3.2.7. Executing PROC_MUX pass (convert decision trees to multiplexers).
Creating decoders for process `\stream_sum.$proc$rtl/stream_sum.sv:37$19'.
     1/5: $0\split.value[9:0]
     2/5: $0\split.cd[8:0]
     3/5: $0\split.ab[8:0]
     4/5: $0\split.v1[0:0]
     5/5: $0\split.v0[0:0]

3.2.8. Executing PROC_DLATCH pass (convert process syncs to latches).

3.2.9. Executing PROC_DFF pass (convert process syncs to FFs).
Creating register for signal `\stream_sum.\split.v0' using process `\stream_sum.$proc$rtl/stream_sum.sv:37$19'.
  created $dff cell `$procdff$54' with positive edge clock.
Creating register for signal `\stream_sum.\split.v1' using process `\stream_sum.$proc$rtl/stream_sum.sv:37$19'.
  created $dff cell `$procdff$55' with positive edge clock.
Creating register for signal `\stream_sum.\split.ab' using process `\stream_sum.$proc$rtl/stream_sum.sv:37$19'.
  created $dff cell `$procdff$56' with positive edge clock.
Creating register for signal `\stream_sum.\split.cd' using process `\stream_sum.$proc$rtl/stream_sum.sv:37$19'.
  created $dff cell `$procdff$57' with positive edge clock.
Creating register for signal `\stream_sum.\split.value' using process `\stream_sum.$proc$rtl/stream_sum.sv:37$19'.
  created $dff cell `$procdff$58' with positive edge clock.

3.2.10. Executing PROC_MEMWR pass (convert process memory writes to cells).

3.2.11. Executing PROC_CLEAN pass (remove empty switches from decision trees).
Found and cleaned up 5 empty switches in `\stream_sum.$proc$rtl/stream_sum.sv:37$19'.
Removing empty process `stream_sum.$proc$rtl/stream_sum.sv:37$19'.
Cleaned up 5 empty switches.

3.2.12. Executing OPT_EXPR pass (perform const folding).
Optimizing module stream_sum.

3.3. Executing OPT_EXPR pass (perform const folding).
Optimizing module stream_sum.

3.4. Executing OPT_CLEAN pass (remove unused cells and wires).
Finding unused cells or wires in module \stream_sum..
Removed 0 unused cells and 22 unused wires.
<suppressed ~1 debug messages>

3.5. Executing CHECK pass (checking for obvious problems).
Checking module stream_sum...
Found and reported 0 problems.

3.6. Executing OPT pass (performing simple optimizations).

3.6.1. Executing OPT_EXPR pass (perform const folding).
Optimizing module stream_sum.

3.6.2. Executing OPT_MERGE pass (detect identical cells).
Finding identical cells in module `\stream_sum'.
Computing hashes of 29 cells of `\stream_sum'.
Finding duplicate cells in `\stream_sum'.
Computing hashes of 28 cells of `\stream_sum'.
Finding duplicate cells in `\stream_sum'.
<suppressed ~3 debug messages>
Removed a total of 1 cells.

3.6.3. Executing OPT_MUXTREE pass (detect dead branches in mux trees).
Running muxtree optimizer on module \stream_sum..
  Creating internal representation of mux trees.
  Evaluating internal representation of mux trees.
  Analyzing evaluation results.
Removed 0 multiplexer ports.
<suppressed ~18 debug messages>

3.6.4. Executing OPT_REDUCE pass (consolidate $*mux and $reduce_* inputs).
  Optimizing cells in module \stream_sum.
Performed a total of 0 changes.

3.6.5. Executing OPT_MERGE pass (detect identical cells).
Finding identical cells in module `\stream_sum'.
Computing hashes of 28 cells of `\stream_sum'.
Finding duplicate cells in `\stream_sum'.
Removed a total of 0 cells.

3.6.6. Executing OPT_DFF pass (perform DFF optimizations).

3.6.7. Executing OPT_CLEAN pass (remove unused cells and wires).
Finding unused cells or wires in module \stream_sum..
Removed 0 unused cells and 1 unused wires.
<suppressed ~1 debug messages>

3.6.8. Executing OPT_EXPR pass (perform const folding).
Optimizing module stream_sum.

3.6.9. Rerunning OPT passes. (Maybe there is more to do..)

3.6.10. Executing OPT_MUXTREE pass (detect dead branches in mux trees).
Running muxtree optimizer on module \stream_sum..
  Creating internal representation of mux trees.
  Evaluating internal representation of mux trees.
  Analyzing evaluation results.
Removed 0 multiplexer ports.
<suppressed ~18 debug messages>

3.6.11. Executing OPT_REDUCE pass (consolidate $*mux and $reduce_* inputs).
  Optimizing cells in module \stream_sum.
Performed a total of 0 changes.

3.6.12. Executing OPT_MERGE pass (detect identical cells).
Finding identical cells in module `\stream_sum'.
Computing hashes of 28 cells of `\stream_sum'.
Finding duplicate cells in `\stream_sum'.
Removed a total of 0 cells.

3.6.13. Executing OPT_DFF pass (perform DFF optimizations).

3.6.14. Executing OPT_CLEAN pass (remove unused cells and wires).
Finding unused cells or wires in module \stream_sum..

3.6.15. Executing OPT_EXPR pass (perform const folding).
Optimizing module stream_sum.

3.6.16. Finished fast OPT passes. (There is nothing left to do.)

3.7. Executing FSM pass (extract and optimize FSM).

3.7.1. Executing FSM_DETECT pass (finding FSMs in design).

3.7.2. Executing FSM_EXTRACT pass (extracting FSM from design).

3.7.3. Executing FSM_OPT pass (simple optimizations of FSMs).

3.7.4. Executing OPT_CLEAN pass (remove unused cells and wires).
Finding unused cells or wires in module \stream_sum..

3.7.5. Executing FSM_OPT pass (simple optimizations of FSMs).

3.7.6. Executing FSM_RECODE pass (re-assigning FSM state encoding).

3.7.7. Executing FSM_INFO pass (dumping all available information on FSM cells).

3.7.8. Executing FSM_MAP pass (mapping FSMs to basic logic).

3.8. Executing OPT pass (performing simple optimizations).

3.8.1. Executing OPT_EXPR pass (perform const folding).
Optimizing module stream_sum.

3.8.2. Executing OPT_MERGE pass (detect identical cells).
Finding identical cells in module `\stream_sum'.
Computing hashes of 28 cells of `\stream_sum'.
Finding duplicate cells in `\stream_sum'.
Removed a total of 0 cells.

3.8.3. Executing OPT_MUXTREE pass (detect dead branches in mux trees).
Running muxtree optimizer on module \stream_sum..
  Creating internal representation of mux trees.
  Evaluating internal representation of mux trees.
  Analyzing evaluation results.
Removed 0 multiplexer ports.
<suppressed ~18 debug messages>

3.8.4. Executing OPT_REDUCE pass (consolidate $*mux and $reduce_* inputs).
  Optimizing cells in module \stream_sum.
Performed a total of 0 changes.

3.8.5. Executing OPT_MERGE pass (detect identical cells).
Finding identical cells in module `\stream_sum'.
Computing hashes of 28 cells of `\stream_sum'.
Finding duplicate cells in `\stream_sum'.
Removed a total of 0 cells.

3.8.6. Executing OPT_DFF pass (perform DFF optimizations).
Adding EN signal on $procdff$58 ($dff) from module stream_sum (D = $add$rtl/stream_sum.sv:49$22_Y, Q = \split.value).
Adding SRST signal on $procdff$54 ($dff) from module stream_sum (D = $procmux$49_Y, Q = \split.v0, rval = 1'0).
Adding EN signal on $auto$ff.cc:337:slice$64 ($sdff) from module stream_sum (D = \s_valid, Q = \split.v0).
Adding SRST signal on $procdff$55 ($dff) from module stream_sum (D = $procmux$44_Y, Q = \split.v1, rval = 1'0).
Adding EN signal on $auto$ff.cc:337:slice$66 ($sdff) from module stream_sum (D = \split.v0, Q = \split.v1).
Adding EN signal on $procdff$56 ($dff) from module stream_sum (D = $add$rtl/stream_sum.sv:43$20_Y, Q = \split.ab).
Adding EN signal on $procdff$57 ($dff) from module stream_sum (D = $add$rtl/stream_sum.sv:44$21_Y, Q = \split.cd).

3.8.7. Executing OPT_CLEAN pass (remove unused cells and wires).
Finding unused cells or wires in module \stream_sum..
Removed 13 unused cells and 13 unused wires.
<suppressed ~14 debug messages>

3.8.8. Executing OPT_EXPR pass (perform const folding).
Optimizing module stream_sum.

3.8.9. Rerunning OPT passes. (Maybe there is more to do..)

3.8.10. Executing OPT_MUXTREE pass (detect dead branches in mux trees).
Running muxtree optimizer on module \stream_sum..
  Creating internal representation of mux trees.
  No muxes found in this module.
Removed 0 multiplexer ports.

3.8.11. Executing OPT_REDUCE pass (consolidate $*mux and $reduce_* inputs).
  Optimizing cells in module \stream_sum.
Performed a total of 0 changes.

3.8.12. Executing OPT_MERGE pass (detect identical cells).
Finding identical cells in module `\stream_sum'.
Computing hashes of 21 cells of `\stream_sum'.
Finding duplicate cells in `\stream_sum'.
Computing hashes of 19 cells of `\stream_sum'.
Finding duplicate cells in `\stream_sum'.
Computing hashes of 18 cells of `\stream_sum'.
Finding duplicate cells in `\stream_sum'.
<suppressed ~9 debug messages>
Removed a total of 3 cells.

3.8.13. Executing OPT_DFF pass (perform DFF optimizations).

3.8.14. Executing OPT_CLEAN pass (remove unused cells and wires).
Finding unused cells or wires in module \stream_sum..
Removed 0 unused cells and 3 unused wires.
<suppressed ~1 debug messages>

3.8.15. Executing OPT_EXPR pass (perform const folding).
Optimizing module stream_sum.

3.8.16. Rerunning OPT passes. (Maybe there is more to do..)

3.8.17. Executing OPT_MUXTREE pass (detect dead branches in mux trees).
Running muxtree optimizer on module \stream_sum..
  Creating internal representation of mux trees.
  No muxes found in this module.
Removed 0 multiplexer ports.

3.8.18. Executing OPT_REDUCE pass (consolidate $*mux and $reduce_* inputs).
  Optimizing cells in module \stream_sum.
Performed a total of 0 changes.

3.8.19. Executing OPT_MERGE pass (detect identical cells).
Finding identical cells in module `\stream_sum'.
Computing hashes of 18 cells of `\stream_sum'.
Finding duplicate cells in `\stream_sum'.
Removed a total of 0 cells.

3.8.20. Executing OPT_DFF pass (perform DFF optimizations).

3.8.21. Executing OPT_CLEAN pass (remove unused cells and wires).
Finding unused cells or wires in module \stream_sum..

3.8.22. Executing OPT_EXPR pass (perform const folding).
Optimizing module stream_sum.

3.8.23. Finished fast OPT passes. (There is nothing left to do.)

3.9. Executing WREDUCE pass (reducing word size of cells).
Removed top 1 bits (of 9) from port A of cell stream_sum.$add$rtl/stream_sum.sv:43$20 ($add).
Removed top 1 bits (of 9) from port B of cell stream_sum.$add$rtl/stream_sum.sv:43$20 ($add).
Removed top 1 bits (of 9) from port A of cell stream_sum.$add$rtl/stream_sum.sv:44$21 ($add).
Removed top 1 bits (of 9) from port B of cell stream_sum.$add$rtl/stream_sum.sv:44$21 ($add).
Removed top 1 bits (of 10) from port A of cell stream_sum.$add$rtl/stream_sum.sv:49$22 ($add).
Removed top 1 bits (of 10) from port B of cell stream_sum.$add$rtl/stream_sum.sv:49$22 ($add).

3.10. Executing PEEPOPT pass (run peephole optimizers).

3.11. Executing OPT_CLEAN pass (remove unused cells and wires).
Finding unused cells or wires in module \stream_sum..

3.12. Executing ALUMACC pass (create $alu and $macc cells).
Extracting $alu and $macc cells in module stream_sum:
  creating $macc model for $add$rtl/stream_sum.sv:43$20 ($add).
  creating $macc model for $add$rtl/stream_sum.sv:44$21 ($add).
  creating $macc model for $add$rtl/stream_sum.sv:49$22 ($add).
  creating $alu model for $macc $add$rtl/stream_sum.sv:49$22.
  creating $alu model for $macc $add$rtl/stream_sum.sv:44$21.
  creating $alu model for $macc $add$rtl/stream_sum.sv:43$20.
  creating $alu cell for $add$rtl/stream_sum.sv:43$20: $auto$alumacc.cc:548:replace_alu$78
  creating $alu cell for $add$rtl/stream_sum.sv:44$21: $auto$alumacc.cc:548:replace_alu$81
  creating $alu cell for $add$rtl/stream_sum.sv:49$22: $auto$alumacc.cc:548:replace_alu$84
  created 3 $alu and 0 $macc cells.

3.13. Executing SHARE pass (SAT-based resource sharing).

3.14. Executing OPT pass (performing simple optimizations).

3.14.1. Executing OPT_EXPR pass (perform const folding).
Optimizing module stream_sum.

3.14.2. Executing OPT_MERGE pass (detect identical cells).
Finding identical cells in module `\stream_sum'.
Computing hashes of 18 cells of `\stream_sum'.
Finding duplicate cells in `\stream_sum'.
Removed a total of 0 cells.

3.14.3. Executing OPT_MUXTREE pass (detect dead branches in mux trees).
Running muxtree optimizer on module \stream_sum..
  Creating internal representation of mux trees.
  No muxes found in this module.
Removed 0 multiplexer ports.

3.14.4. Executing OPT_REDUCE pass (consolidate $*mux and $reduce_* inputs).
  Optimizing cells in module \stream_sum.
Performed a total of 0 changes.

3.14.5. Executing OPT_MERGE pass (detect identical cells).
Finding identical cells in module `\stream_sum'.
Computing hashes of 18 cells of `\stream_sum'.
Finding duplicate cells in `\stream_sum'.
Removed a total of 0 cells.

3.14.6. Executing OPT_DFF pass (perform DFF optimizations).

3.14.7. Executing OPT_CLEAN pass (remove unused cells and wires).
Finding unused cells or wires in module \stream_sum..

3.14.8. Executing OPT_EXPR pass (perform const folding).
Optimizing module stream_sum.

3.14.9. Finished fast OPT passes. (There is nothing left to do.)

3.15. Executing MEMORY pass.

3.15.1. Executing OPT_MEM pass (optimize memories).
Performed a total of 0 transformations.

3.15.2. Executing OPT_MEM_PRIORITY pass (removing unnecessary memory write priority relations).
Performed a total of 0 transformations.

3.15.3. Executing OPT_MEM_FEEDBACK pass (finding memory read-to-write feedback paths).

3.15.4. Executing MEMORY_BMUX2ROM pass (converting muxes to ROMs).

3.15.5. Executing MEMORY_DFF pass (merging $dff cells to $memrd).

3.15.6. Executing OPT_CLEAN pass (remove unused cells and wires).
Finding unused cells or wires in module \stream_sum..

3.15.7. Executing MEMORY_SHARE pass (consolidating $memrd/$memwr cells).

3.15.8. Executing OPT_MEM_WIDEN pass (optimize memories where all ports are wide).
Performed a total of 0 transformations.

3.15.9. Executing OPT_CLEAN pass (remove unused cells and wires).
Finding unused cells or wires in module \stream_sum..

3.15.10. Executing MEMORY_COLLECT pass (generating $mem cells).

3.16. Executing OPT_CLEAN pass (remove unused cells and wires).
Finding unused cells or wires in module \stream_sum..

3.17. Executing OPT pass (performing simple optimizations).

3.17.1. Executing OPT_EXPR pass (perform const folding).
Optimizing module stream_sum.

3.17.2. Executing OPT_MERGE pass (detect identical cells).
Finding identical cells in module `\stream_sum'.
Computing hashes of 18 cells of `\stream_sum'.
Finding duplicate cells in `\stream_sum'.
Removed a total of 0 cells.

3.17.3. Executing OPT_DFF pass (perform DFF optimizations).

3.17.4. Executing OPT_CLEAN pass (remove unused cells and wires).
Finding unused cells or wires in module \stream_sum..

3.17.5. Finished fast OPT passes.

3.18. Executing MEMORY_MAP pass (converting memories to logic and flip-flops).

3.19. Executing OPT pass (performing simple optimizations).

3.19.1. Executing OPT_EXPR pass (perform const folding).
Optimizing module stream_sum.

3.19.2. Executing OPT_MERGE pass (detect identical cells).
Finding identical cells in module `\stream_sum'.
Computing hashes of 18 cells of `\stream_sum'.
Finding duplicate cells in `\stream_sum'.
Removed a total of 0 cells.

3.19.3. Executing OPT_MUXTREE pass (detect dead branches in mux trees).
Running muxtree optimizer on module \stream_sum..
  Creating internal representation of mux trees.
  No muxes found in this module.
Removed 0 multiplexer ports.

3.19.4. Executing OPT_REDUCE pass (consolidate $*mux and $reduce_* inputs).
  Optimizing cells in module \stream_sum.
Performed a total of 0 changes.

3.19.5. Executing OPT_MERGE pass (detect identical cells).
Finding identical cells in module `\stream_sum'.
Computing hashes of 18 cells of `\stream_sum'.
Finding duplicate cells in `\stream_sum'.
Removed a total of 0 cells.

3.19.6. Executing OPT_SHARE pass.

3.19.7. Executing OPT_DFF pass (perform DFF optimizations).

3.19.8. Executing OPT_CLEAN pass (remove unused cells and wires).
Finding unused cells or wires in module \stream_sum..

3.19.9. Executing OPT_EXPR pass (perform const folding).
Optimizing module stream_sum.

3.19.10. Finished fast OPT passes. (There is nothing left to do.)

3.20. Executing TECHMAP pass (map to technology primitives).

3.20.1. Executing Verilog-2005 frontend: /share/techmap.v
Parsing Verilog input from `/share/techmap.v' to AST representation.
Generating RTLIL representation for module `\_90_simplemap_bool_ops'.
Generating RTLIL representation for module `\_90_simplemap_reduce_ops'.
Generating RTLIL representation for module `\_90_simplemap_logic_ops'.
Generating RTLIL representation for module `\_90_simplemap_compare_ops'.
Generating RTLIL representation for module `\_90_simplemap_various'.
Generating RTLIL representation for module `\_90_simplemap_registers'.
Generating RTLIL representation for module `\_90_shift_ops_shr_shl_sshl_sshr'.
Generating RTLIL representation for module `\_90_shift_shiftx'.
Generating RTLIL representation for module `\_90_fa'.
Generating RTLIL representation for module `\_90_lcu_brent_kung'.
Generating RTLIL representation for module `\_90_alu'.
Generating RTLIL representation for module `\_90_macc'.
Generating RTLIL representation for module `\_90_alumacc'.
Generating RTLIL representation for module `$__div_mod_u'.
Generating RTLIL representation for module `$__div_mod_trunc'.
Generating RTLIL representation for module `\_90_div'.
Generating RTLIL representation for module `\_90_mod'.
Generating RTLIL representation for module `$__div_mod_floor'.
Generating RTLIL representation for module `\_90_divfloor'.
Generating RTLIL representation for module `\_90_modfloor'.
Generating RTLIL representation for module `\_90_pow'.
Generating RTLIL representation for module `\_90_demux'.
Generating RTLIL representation for module `\_90_lut'.
Generating RTLIL representation for module `$connect'.
Generating RTLIL representation for module `$input_port'.
Successfully finished Verilog frontend.

3.20.2. Continuing TECHMAP pass.
Using template $paramod$f31f04e77f067a6da635d02c4a81c0a799bf18a4\_90_alu for cells of type $alu.
Using template $paramod$4ccbe221165818e15f326ddee3d1183c7924e12f\_90_alu for cells of type $alu.
Using extmapper simplemap for cells of type $dffe.
Using extmapper simplemap for cells of type $reduce_and.
Using extmapper simplemap for cells of type $sdffe.
Using extmapper simplemap for cells of type $not.
Using extmapper simplemap for cells of type $logic_not.
Using extmapper simplemap for cells of type $logic_or.
Using extmapper simplemap for cells of type $logic_and.
Using extmapper simplemap for cells of type $xor.
Using template $paramod\_90_fa\WIDTH=32'00000000000000000000000000001010 for cells of type $fa.
Using template $paramod\_90_lcu_brent_kung\WIDTH=32'00000000000000000000000000001010 for cells of type $lcu.
Using extmapper simplemap for cells of type $pos.
Using extmapper simplemap for cells of type $mux.
Using template $paramod\_90_fa\WIDTH=32'00000000000000000000000000001001 for cells of type $fa.
Using template $paramod\_90_lcu_brent_kung\WIDTH=32'00000000000000000000000000001001 for cells of type $lcu.
Using extmapper simplemap for cells of type $or.
Using extmapper simplemap for cells of type $and.
No more expansions possible.
<suppressed ~469 debug messages>

3.21. Executing OPT pass (performing simple optimizations).

3.21.1. Executing OPT_EXPR pass (perform const folding).
Optimizing module stream_sum.
<suppressed ~145 debug messages>

3.21.2. Executing OPT_MERGE pass (detect identical cells).
Finding identical cells in module `\stream_sum'.
Computing hashes of 219 cells of `\stream_sum'.
Finding duplicate cells in `\stream_sum'.
Computing hashes of 218 cells of `\stream_sum'.
Finding duplicate cells in `\stream_sum'.
<suppressed ~3 debug messages>
Removed a total of 1 cells.

3.21.3. Executing OPT_DFF pass (perform DFF optimizations).

3.21.4. Executing OPT_CLEAN pass (remove unused cells and wires).
Finding unused cells or wires in module \stream_sum..
Removed 25 unused cells and 126 unused wires.
<suppressed ~26 debug messages>

3.21.5. Finished fast OPT passes.

3.22. Executing ABC pass (technology mapping using ABC).

3.22.1. Extracting gate netlist of module `\stream_sum' to `<abc-temp-dir>/input.blif'..

3.22.1.1. Executed ABC.
Extracted 163 gates and 218 wires to a netlist network with 55 inputs and 34 outputs.
Running ABC script: <abc-temp-dir>/abc.script

3.22.1.2. Re-integrating ABC results.
ABC RESULTS:               AND cells:        6
ABC RESULTS:            ANDNOT cells:        2
ABC RESULTS:              NAND cells:       68
ABC RESULTS:               NOT cells:        2
ABC RESULTS:                OR cells:        3
ABC RESULTS:             ORNOT cells:        1
ABC RESULTS:              XNOR cells:        2
ABC RESULTS:               XOR cells:       43
ABC RESULTS:        internal signals:      129
ABC RESULTS:           input signals:       55
ABC RESULTS:          output signals:       34
Removing temp directory.
Removing global temp directory.

3.23. Executing OPT pass (performing simple optimizations).

3.23.1. Executing OPT_EXPR pass (perform const folding).
Optimizing module stream_sum.

3.23.2. Executing OPT_MERGE pass (detect identical cells).
Finding identical cells in module `\stream_sum'.
Computing hashes of 157 cells of `\stream_sum'.
Finding duplicate cells in `\stream_sum'.
Removed a total of 0 cells.

3.23.3. Executing OPT_DFF pass (perform DFF optimizations).

3.23.4. Executing OPT_CLEAN pass (remove unused cells and wires).
Finding unused cells or wires in module \stream_sum..
Removed 0 unused cells and 155 unused wires.
<suppressed ~1 debug messages>

3.23.5. Finished fast OPT passes.

3.24. Executing HIERARCHY pass (managing design hierarchy).
Attribute `top' found on module `stream_sum'. Setting top module to stream_sum.

3.24.1. Analyzing design hierarchy..
Top module:  \stream_sum

3.24.2. Analyzing design hierarchy..
Top module:  \stream_sum
Removed 0 unused modules.

3.25. Printing statistics.

=== stream_sum ===

        +----------Local Count, excluding submodules.
        | 
      122 wires
      259 wire bits
       18 public wires
       80 public wire bits
       11 ports
       48 port bits
      157 cells
        2   $_ANDNOT_
        6   $_AND_
       28   $_DFFE_PP_
       68   $_NAND_
        2   $_NOT_
        1   $_ORNOT_
        3   $_OR_
        2   $_SDFFE_PP0P_
        2   $_XNOR_
       43   $_XOR_

3.26. Executing CHECK pass (checking for obvious problems).
Checking module stream_sum...
Found and reported 0 problems.

4. Executing CHECK pass (checking for obvious problems).
Checking module stream_sum...
Found and reported 0 problems.
{
   "creator": "Yosys 0.69 (git sha1 9f75ca1f9, Release, Clang /workspace/YoWASP/yosys/wasi-sdk-33.0-x86_64-linux/share/cmake/../..//bin/clang++ 22.1.0)",
   "invocation": "stat -json ",
   "modules": {
      "\\stream_sum": {
         "num_wires":         122,
         "num_wire_bits":     259,
         "num_pub_wires":     18,
         "num_pub_wire_bits": 80,
         "num_ports":         11,
         "num_port_bits":     48,
         "num_memories":      0,
         "num_memory_bits":   0,
         "num_processes":     0,
         "num_cells":         157,
         "num_submodules":       0,
         "num_cells_by_type": {
            "$_ANDNOT_": 2,
            "$_AND_": 6,
            "$_DFFE_PP_": 28,
            "$_NAND_": 68,
            "$_NOT_": 2,
            "$_ORNOT_": 1,
            "$_OR_": 3,
            "$_SDFFE_PP0P_": 2,
            "$_XNOR_": 2,
            "$_XOR_": 43
         }
      }
   },
      "design": {
         "num_wires":         122,
         "num_wire_bits":     259,
         "num_pub_wires":     18,
         "num_pub_wire_bits": 80,
         "num_ports":         11,
         "num_port_bits":     48,
         "num_memories":      0,
         "num_memory_bits":   0,
         "num_processes":     0,
         "num_cells":         157,
         "num_submodules":       0,
         "num_cells_by_type": {
            "$_ANDNOT_": 2,
            "$_AND_": 6,
            "$_DFFE_PP_": 28,
            "$_NAND_": 68,
            "$_NOT_": 2,
            "$_ORNOT_": 1,
            "$_OR_": 3,
            "$_SDFFE_PP0P_": 2,
            "$_XNOR_": 2,
            "$_XOR_": 43
         }
      }
}

5. Executing LTP pass (find longest path).

Longest topological path in stream_sum (length=17):
    0: \split.cd [1]
    1: $abc$626$new_n177 (via $abc$626$auto$blifparse.cc:397:parse_blif$714)
    2: $abc$626$new_n178 (via $abc$626$auto$blifparse.cc:397:parse_blif$715)
    3: $abc$626$new_n179 (via $abc$626$auto$blifparse.cc:397:parse_blif$716)
    4: $abc$626$new_n181 (via $abc$626$auto$blifparse.cc:397:parse_blif$718)
    5: $abc$626$new_n182 (via $abc$626$auto$blifparse.cc:397:parse_blif$719)
    6: $abc$626$new_n184 (via $abc$626$auto$blifparse.cc:397:parse_blif$721)
    7: $abc$626$new_n185 (via $abc$626$auto$blifparse.cc:397:parse_blif$722)
    8: $abc$626$new_n187 (via $abc$626$auto$blifparse.cc:397:parse_blif$724)
    9: $abc$626$new_n188 (via $abc$626$auto$blifparse.cc:397:parse_blif$725)
   10: $abc$626$new_n190 (via $abc$626$auto$blifparse.cc:397:parse_blif$727)
   11: $abc$626$new_n191 (via $abc$626$auto$blifparse.cc:397:parse_blif$728)
   12: $abc$626$new_n192 (via $abc$626$auto$blifparse.cc:397:parse_blif$729)
   13: $abc$626$new_n193 (via $abc$626$auto$blifparse.cc:397:parse_blif$730)
   14: $abc$626$new_n194 (via $abc$626$auto$blifparse.cc:397:parse_blif$731)
   15: $abc$626$new_n195 (via $abc$626$auto$blifparse.cc:397:parse_blif$732)
   16: $abc$626$new_n196 (via $abc$626$auto$blifparse.cc:397:parse_blif$733)
   17: $auto$alumacc.cc:548:replace_alu$84.CO [8] (via $abc$626$auto$blifparse.cc:397:parse_blif$734)
   ff: \split.value [9] (via $auto$ff.cc:337:slice$202)

6. Executing Verilog backend.

6.1. Executing BMUXMAP pass.

6.2. Executing DEMUXMAP pass.
Dumping module `\stream_sum'.

End of script. Logfile hash: dfeb2b2767, time: 0.17s, user: 0.17s, system: 0.00s
Yosys 0.69 (git sha1 9f75ca1f9, Release, Clang /workspace/YoWASP/yosys/wasi-sdk-33.0-x86_64-linux/share/cmake/../..//bin/clang++ 22.1.0)
Time spent: 39% 1x abc (0 sec), 12% 3x read_verilog (0 sec), ...

=== ice40 WIDTH=8 PIPE=2 ===

 /----------------------------------------------------------------------------\
 |  yosys -- Yosys Open SYnthesis Suite                                       |
 |  Copyright (C) 2012 - 2026  Claire Xenia Wolf <claire@yosyshq.com>         |
 |  Distributed under an ISC-like license, type "license" to see terms        |
 \----------------------------------------------------------------------------/
 Yosys 0.69 (git sha1 9f75ca1f9, Release, Clang /workspace/YoWASP/yosys/wasi-sdk-33.0-x86_64-linux/share/cmake/../..//bin/clang++ 22.1.0)

-- Running command `read_verilog -sv rtl/stream_sum.sv; chparam -set WIDTH 8 -set PIPE 2 stream_sum; synth_ice40 -top stream_sum; check -assert; tee -o results/ice40_8_2.json stat -json' --

1. Executing Verilog-2005 frontend: rtl/stream_sum.sv
Parsing SystemVerilog input from `rtl/stream_sum.sv' to AST representation.
Generating RTLIL representation for module `\stream_sum'.
Successfully finished Verilog frontend.
Parameter \WIDTH = 8
Parameter \PIPE = 2

2. Executing AST frontend in derive mode using pre-parsed AST for module `\stream_sum'.
Parameter \WIDTH = 8
Parameter \PIPE = 2
Generating RTLIL representation for module `$paramod$1d46e09b3564d8336ed30904a4068295373b0c22\stream_sum'.

3. Executing SYNTH_ICE40 pass.

3.1. Executing Verilog-2005 frontend: /share/ice40/cells_sim.v
Parsing Verilog input from `/share/ice40/cells_sim.v' to AST representation.
Generating RTLIL representation for module `\SB_IO'.
Generating RTLIL representation for module `\SB_GB_IO'.
Generating RTLIL representation for module `\SB_GB'.
Generating RTLIL representation for module `\SB_LUT4'.
Generating RTLIL representation for module `\SB_CARRY'.
Generating RTLIL representation for module `\SB_DFF'.
Generating RTLIL representation for module `\SB_DFFE'.
Generating RTLIL representation for module `\SB_DFFSR'.
Generating RTLIL representation for module `\SB_DFFR'.
Generating RTLIL representation for module `\SB_DFFSS'.
Generating RTLIL representation for module `\SB_DFFS'.
Generating RTLIL representation for module `\SB_DFFESR'.
Generating RTLIL representation for module `\SB_DFFER'.
Generating RTLIL representation for module `\SB_DFFESS'.
Generating RTLIL representation for module `\SB_DFFES'.
Generating RTLIL representation for module `\SB_DFFN'.
Generating RTLIL representation for module `\SB_DFFNE'.
Generating RTLIL representation for module `\SB_DFFNSR'.
Generating RTLIL representation for module `\SB_DFFNR'.
Generating RTLIL representation for module `\SB_DFFNSS'.
Generating RTLIL representation for module `\SB_DFFNS'.
Generating RTLIL representation for module `\SB_DFFNESR'.
Generating RTLIL representation for module `\SB_DFFNER'.
Generating RTLIL representation for module `\SB_DFFNESS'.
Generating RTLIL representation for module `\SB_DFFNES'.
Generating RTLIL representation for module `\SB_RAM40_4K'.
Generating RTLIL representation for module `\SB_RAM40_4KNR'.
Generating RTLIL representation for module `\SB_RAM40_4KNW'.
Generating RTLIL representation for module `\SB_RAM40_4KNRNW'.
Generating RTLIL representation for module `\ICESTORM_LC'.
Generating RTLIL representation for module `\SB_PLL40_CORE'.
Generating RTLIL representation for module `\SB_PLL40_PAD'.
Generating RTLIL representation for module `\SB_PLL40_2_PAD'.
Generating RTLIL representation for module `\SB_PLL40_2F_CORE'.
Generating RTLIL representation for module `\SB_PLL40_2F_PAD'.
Generating RTLIL representation for module `\SB_WARMBOOT'.
Generating RTLIL representation for module `\SB_SPRAM256KA'.
Generating RTLIL representation for module `\SB_HFOSC'.
Generating RTLIL representation for module `\SB_LFOSC'.
Generating RTLIL representation for module `\SB_RGBA_DRV'.
Generating RTLIL representation for module `\SB_LED_DRV_CUR'.
Generating RTLIL representation for module `\SB_RGB_DRV'.
Generating RTLIL representation for module `\SB_I2C'.
Generating RTLIL representation for module `\SB_SPI'.
Generating RTLIL representation for module `\SB_LEDDA_IP'.
Generating RTLIL representation for module `\SB_FILTER_50NS'.
Generating RTLIL representation for module `\SB_IO_I3C'.
Generating RTLIL representation for module `\SB_IO_OD'.
Generating RTLIL representation for module `\SB_MAC16'.
Generating RTLIL representation for module `\ICESTORM_RAM'.
Successfully finished Verilog frontend.

3.2. Executing HIERARCHY pass (managing design hierarchy).

3.2.1. Analyzing design hierarchy..
Top module:  \stream_sum

3.2.2. Analyzing design hierarchy..
Top module:  \stream_sum
Removed 0 unused modules.

3.3. Executing PROC pass (convert processes to netlists).

3.3.1. Executing PROC_CLEAN pass (remove empty switches from decision trees).
Cleaned up 0 empty switches.

3.3.2. Executing PROC_RMDEAD pass (remove dead branches from decision trees).
Marked 1 switch rules as full_case in process $proc$rtl/stream_sum.sv:37$19 in module stream_sum.
Removed a total of 0 dead cases.

3.3.3. Executing PROC_PRUNE pass (remove redundant assignments in processes).
Removed 0 redundant assignments.
Promoted 0 assignments to connections.

3.3.4. Executing PROC_INIT pass (extract init attributes).

3.3.5. Executing PROC_ARST pass (detect async resets in processes).

3.3.6. Executing PROC_ROM pass (convert switches to ROMs).
Converted 0 switches.
<suppressed ~5 debug messages>

3.3.7. Executing PROC_MUX pass (convert decision trees to multiplexers).
Creating decoders for process `\stream_sum.$proc$rtl/stream_sum.sv:37$19'.
     1/5: $0\split.value[9:0]
     2/5: $0\split.cd[8:0]
     3/5: $0\split.ab[8:0]
     4/5: $0\split.v1[0:0]
     5/5: $0\split.v0[0:0]

3.3.8. Executing PROC_DLATCH pass (convert process syncs to latches).

3.3.9. Executing PROC_DFF pass (convert process syncs to FFs).
Creating register for signal `\stream_sum.\split.v0' using process `\stream_sum.$proc$rtl/stream_sum.sv:37$19'.
  created $dff cell `$procdff$434' with positive edge clock.
Creating register for signal `\stream_sum.\split.v1' using process `\stream_sum.$proc$rtl/stream_sum.sv:37$19'.
  created $dff cell `$procdff$435' with positive edge clock.
Creating register for signal `\stream_sum.\split.ab' using process `\stream_sum.$proc$rtl/stream_sum.sv:37$19'.
  created $dff cell `$procdff$436' with positive edge clock.
Creating register for signal `\stream_sum.\split.cd' using process `\stream_sum.$proc$rtl/stream_sum.sv:37$19'.
  created $dff cell `$procdff$437' with positive edge clock.
Creating register for signal `\stream_sum.\split.value' using process `\stream_sum.$proc$rtl/stream_sum.sv:37$19'.
  created $dff cell `$procdff$438' with positive edge clock.

3.3.10. Executing PROC_MEMWR pass (convert process memory writes to cells).

3.3.11. Executing PROC_CLEAN pass (remove empty switches from decision trees).
Found and cleaned up 5 empty switches in `\stream_sum.$proc$rtl/stream_sum.sv:37$19'.
Removing empty process `stream_sum.$proc$rtl/stream_sum.sv:37$19'.
Cleaned up 5 empty switches.

3.3.12. Executing OPT_EXPR pass (perform const folding).
Optimizing module stream_sum.

3.4. Executing CHECK pass (checking for obvious problems).
Checking module stream_sum...
Found and reported 0 problems.

3.5. Executing FLATTEN pass (flatten design).

3.6. Executing TRIBUF pass.

3.7. Executing DEMINOUT pass (demote inout ports to input or output).

3.8. Executing OPT_EXPR pass (perform const folding).
Optimizing module stream_sum.

3.9. Executing OPT_CLEAN pass (remove unused cells and wires).
Finding unused cells or wires in module \stream_sum..
Removed 0 unused cells and 22 unused wires.
<suppressed ~1 debug messages>

3.10. Executing CHECK pass (checking for obvious problems).
Checking module stream_sum...
Found and reported 0 problems.

3.11. Executing OPT pass (performing simple optimizations).

3.11.1. Executing OPT_EXPR pass (perform const folding).
Optimizing module stream_sum.

3.11.2. Executing OPT_MERGE pass (detect identical cells).
Finding identical cells in module `\stream_sum'.
Computing hashes of 29 cells of `\stream_sum'.
Finding duplicate cells in `\stream_sum'.
Computing hashes of 28 cells of `\stream_sum'.
Finding duplicate cells in `\stream_sum'.
<suppressed ~3 debug messages>
Removed a total of 1 cells.

3.11.3. Executing OPT_MUXTREE pass (detect dead branches in mux trees).
Running muxtree optimizer on module \stream_sum..
  Creating internal representation of mux trees.
  Evaluating internal representation of mux trees.
  Analyzing evaluation results.
Removed 0 multiplexer ports.
<suppressed ~18 debug messages>

3.11.4. Executing OPT_REDUCE pass (consolidate $*mux and $reduce_* inputs).
  Optimizing cells in module \stream_sum.
Performed a total of 0 changes.

3.11.5. Executing OPT_MERGE pass (detect identical cells).
Finding identical cells in module `\stream_sum'.
Computing hashes of 28 cells of `\stream_sum'.
Finding duplicate cells in `\stream_sum'.
Removed a total of 0 cells.

3.11.6. Executing OPT_DFF pass (perform DFF optimizations).

3.11.7. Executing OPT_CLEAN pass (remove unused cells and wires).
Finding unused cells or wires in module \stream_sum..
Removed 0 unused cells and 1 unused wires.
<suppressed ~1 debug messages>

3.11.8. Executing OPT_EXPR pass (perform const folding).
Optimizing module stream_sum.

3.11.9. Rerunning OPT passes. (Maybe there is more to do..)

3.11.10. Executing OPT_MUXTREE pass (detect dead branches in mux trees).
Running muxtree optimizer on module \stream_sum..
  Creating internal representation of mux trees.
  Evaluating internal representation of mux trees.
  Analyzing evaluation results.
Removed 0 multiplexer ports.
<suppressed ~18 debug messages>

3.11.11. Executing OPT_REDUCE pass (consolidate $*mux and $reduce_* inputs).
  Optimizing cells in module \stream_sum.
Performed a total of 0 changes.

3.11.12. Executing OPT_MERGE pass (detect identical cells).
Finding identical cells in module `\stream_sum'.
Computing hashes of 28 cells of `\stream_sum'.
Finding duplicate cells in `\stream_sum'.
Removed a total of 0 cells.

3.11.13. Executing OPT_DFF pass (perform DFF optimizations).

3.11.14. Executing OPT_CLEAN pass (remove unused cells and wires).
Finding unused cells or wires in module \stream_sum..

3.11.15. Executing OPT_EXPR pass (perform const folding).
Optimizing module stream_sum.

3.11.16. Finished fast OPT passes. (There is nothing left to do.)

3.12. Executing FSM pass (extract and optimize FSM).

3.12.1. Executing FSM_DETECT pass (finding FSMs in design).

3.12.2. Executing FSM_EXTRACT pass (extracting FSM from design).

3.12.3. Executing FSM_OPT pass (simple optimizations of FSMs).

3.12.4. Executing OPT_CLEAN pass (remove unused cells and wires).
Finding unused cells or wires in module \stream_sum..

3.12.5. Executing FSM_OPT pass (simple optimizations of FSMs).

3.12.6. Executing FSM_RECODE pass (re-assigning FSM state encoding).

3.12.7. Executing FSM_INFO pass (dumping all available information on FSM cells).

3.12.8. Executing FSM_MAP pass (mapping FSMs to basic logic).

3.13. Executing OPT pass (performing simple optimizations).

3.13.1. Executing OPT_EXPR pass (perform const folding).
Optimizing module stream_sum.

3.13.2. Executing OPT_MERGE pass (detect identical cells).
Finding identical cells in module `\stream_sum'.
Computing hashes of 28 cells of `\stream_sum'.
Finding duplicate cells in `\stream_sum'.
Removed a total of 0 cells.

3.13.3. Executing OPT_MUXTREE pass (detect dead branches in mux trees).
Running muxtree optimizer on module \stream_sum..
  Creating internal representation of mux trees.
  Evaluating internal representation of mux trees.
  Analyzing evaluation results.
Removed 0 multiplexer ports.
<suppressed ~18 debug messages>

3.13.4. Executing OPT_REDUCE pass (consolidate $*mux and $reduce_* inputs).
  Optimizing cells in module \stream_sum.
Performed a total of 0 changes.

3.13.5. Executing OPT_MERGE pass (detect identical cells).
Finding identical cells in module `\stream_sum'.
Computing hashes of 28 cells of `\stream_sum'.
Finding duplicate cells in `\stream_sum'.
Removed a total of 0 cells.

3.13.6. Executing OPT_DFF pass (perform DFF optimizations).
Adding EN signal on $procdff$438 ($dff) from module stream_sum (D = $add$rtl/stream_sum.sv:49$22_Y, Q = \split.value).
Adding SRST signal on $procdff$434 ($dff) from module stream_sum (D = $procmux$429_Y, Q = \split.v0, rval = 1'0).
Adding EN signal on $auto$ff.cc:337:slice$444 ($sdff) from module stream_sum (D = \s_valid, Q = \split.v0).
Adding SRST signal on $procdff$435 ($dff) from module stream_sum (D = $procmux$424_Y, Q = \split.v1, rval = 1'0).
Adding EN signal on $auto$ff.cc:337:slice$446 ($sdff) from module stream_sum (D = \split.v0, Q = \split.v1).
Adding EN signal on $procdff$436 ($dff) from module stream_sum (D = $add$rtl/stream_sum.sv:43$20_Y, Q = \split.ab).
Adding EN signal on $procdff$437 ($dff) from module stream_sum (D = $add$rtl/stream_sum.sv:44$21_Y, Q = \split.cd).

3.13.7. Executing OPT_CLEAN pass (remove unused cells and wires).
Finding unused cells or wires in module \stream_sum..
Removed 13 unused cells and 13 unused wires.
<suppressed ~14 debug messages>

3.13.8. Executing OPT_EXPR pass (perform const folding).
Optimizing module stream_sum.

3.13.9. Rerunning OPT passes. (Maybe there is more to do..)

3.13.10. Executing OPT_MUXTREE pass (detect dead branches in mux trees).
Running muxtree optimizer on module \stream_sum..
  Creating internal representation of mux trees.
  No muxes found in this module.
Removed 0 multiplexer ports.

3.13.11. Executing OPT_REDUCE pass (consolidate $*mux and $reduce_* inputs).
  Optimizing cells in module \stream_sum.
Performed a total of 0 changes.

3.13.12. Executing OPT_MERGE pass (detect identical cells).
Finding identical cells in module `\stream_sum'.
Computing hashes of 21 cells of `\stream_sum'.
Finding duplicate cells in `\stream_sum'.
Computing hashes of 19 cells of `\stream_sum'.
Finding duplicate cells in `\stream_sum'.
Computing hashes of 18 cells of `\stream_sum'.
Finding duplicate cells in `\stream_sum'.
<suppressed ~9 debug messages>
Removed a total of 3 cells.

3.13.13. Executing OPT_DFF pass (perform DFF optimizations).

3.13.14. Executing OPT_CLEAN pass (remove unused cells and wires).
Finding unused cells or wires in module \stream_sum..
Removed 0 unused cells and 3 unused wires.
<suppressed ~1 debug messages>

3.13.15. Executing OPT_EXPR pass (perform const folding).
Optimizing module stream_sum.

3.13.16. Rerunning OPT passes. (Maybe there is more to do..)

3.13.17. Executing OPT_MUXTREE pass (detect dead branches in mux trees).
Running muxtree optimizer on module \stream_sum..
  Creating internal representation of mux trees.
  No muxes found in this module.
Removed 0 multiplexer ports.

3.13.18. Executing OPT_REDUCE pass (consolidate $*mux and $reduce_* inputs).
  Optimizing cells in module \stream_sum.
Performed a total of 0 changes.

3.13.19. Executing OPT_MERGE pass (detect identical cells).
Finding identical cells in module `\stream_sum'.
Computing hashes of 18 cells of `\stream_sum'.
Finding duplicate cells in `\stream_sum'.
Removed a total of 0 cells.

3.13.20. Executing OPT_DFF pass (perform DFF optimizations).

3.13.21. Executing OPT_CLEAN pass (remove unused cells and wires).
Finding unused cells or wires in module \stream_sum..

3.13.22. Executing OPT_EXPR pass (perform const folding).
Optimizing module stream_sum.

3.13.23. Finished fast OPT passes. (There is nothing left to do.)

3.14. Executing WREDUCE pass (reducing word size of cells).
Removed top 1 bits (of 9) from port A of cell stream_sum.$add$rtl/stream_sum.sv:43$20 ($add).
Removed top 1 bits (of 9) from port B of cell stream_sum.$add$rtl/stream_sum.sv:43$20 ($add).
Removed top 1 bits (of 9) from port A of cell stream_sum.$add$rtl/stream_sum.sv:44$21 ($add).
Removed top 1 bits (of 9) from port B of cell stream_sum.$add$rtl/stream_sum.sv:44$21 ($add).
Removed top 1 bits (of 10) from port A of cell stream_sum.$add$rtl/stream_sum.sv:49$22 ($add).
Removed top 1 bits (of 10) from port B of cell stream_sum.$add$rtl/stream_sum.sv:49$22 ($add).

3.15. Executing PEEPOPT pass (run peephole optimizers).

3.16. Executing OPT_CLEAN pass (remove unused cells and wires).
Finding unused cells or wires in module \stream_sum..

3.17. Executing SHARE pass (SAT-based resource sharing).

3.18. Executing TECHMAP pass (map to technology primitives).

3.18.1. Executing Verilog-2005 frontend: /share/cmp2lut.v
Parsing Verilog input from `/share/cmp2lut.v' to AST representation.
Generating RTLIL representation for module `\_90_lut_cmp_'.
Successfully finished Verilog frontend.

3.18.2. Continuing TECHMAP pass.
No more expansions possible.
<suppressed ~6 debug messages>

3.19. Executing OPT_EXPR pass (perform const folding).
Optimizing module stream_sum.

3.20. Executing OPT_CLEAN pass (remove unused cells and wires).
Finding unused cells or wires in module \stream_sum..

3.21. Executing ALUMACC pass (create $alu and $macc cells).
Extracting $alu and $macc cells in module stream_sum:
  creating $macc model for $add$rtl/stream_sum.sv:43$20 ($add).
  creating $macc model for $add$rtl/stream_sum.sv:44$21 ($add).
  creating $macc model for $add$rtl/stream_sum.sv:49$22 ($add).
  creating $alu model for $macc $add$rtl/stream_sum.sv:49$22.
  creating $alu model for $macc $add$rtl/stream_sum.sv:44$21.
  creating $alu model for $macc $add$rtl/stream_sum.sv:43$20.
  creating $alu cell for $add$rtl/stream_sum.sv:43$20: $auto$alumacc.cc:548:replace_alu$459
  creating $alu cell for $add$rtl/stream_sum.sv:44$21: $auto$alumacc.cc:548:replace_alu$462
  creating $alu cell for $add$rtl/stream_sum.sv:49$22: $auto$alumacc.cc:548:replace_alu$465
  created 3 $alu and 0 $macc cells.

3.22. Executing OPT pass (performing simple optimizations).

3.22.1. Executing OPT_EXPR pass (perform const folding).
Optimizing module stream_sum.

3.22.2. Executing OPT_MERGE pass (detect identical cells).
Finding identical cells in module `\stream_sum'.
Computing hashes of 18 cells of `\stream_sum'.
Finding duplicate cells in `\stream_sum'.
Removed a total of 0 cells.

3.22.3. Executing OPT_MUXTREE pass (detect dead branches in mux trees).
Running muxtree optimizer on module \stream_sum..
  Creating internal representation of mux trees.
  No muxes found in this module.
Removed 0 multiplexer ports.

3.22.4. Executing OPT_REDUCE pass (consolidate $*mux and $reduce_* inputs).
  Optimizing cells in module \stream_sum.
Performed a total of 0 changes.

3.22.5. Executing OPT_MERGE pass (detect identical cells).
Finding identical cells in module `\stream_sum'.
Computing hashes of 18 cells of `\stream_sum'.
Finding duplicate cells in `\stream_sum'.
Removed a total of 0 cells.

3.22.6. Executing OPT_DFF pass (perform DFF optimizations).

3.22.7. Executing OPT_CLEAN pass (remove unused cells and wires).
Finding unused cells or wires in module \stream_sum..

3.22.8. Executing OPT_EXPR pass (perform const folding).
Optimizing module stream_sum.

3.22.9. Finished fast OPT passes. (There is nothing left to do.)

3.23. Executing MEMORY pass.

3.23.1. Executing OPT_MEM pass (optimize memories).
Performed a total of 0 transformations.

3.23.2. Executing OPT_MEM_PRIORITY pass (removing unnecessary memory write priority relations).
Performed a total of 0 transformations.

3.23.3. Executing OPT_MEM_FEEDBACK pass (finding memory read-to-write feedback paths).

3.23.4. Executing MEMORY_BMUX2ROM pass (converting muxes to ROMs).

3.23.5. Executing MEMORY_DFF pass (merging $dff cells to $memrd).

3.23.6. Executing OPT_CLEAN pass (remove unused cells and wires).
Finding unused cells or wires in module \stream_sum..

3.23.7. Executing MEMORY_SHARE pass (consolidating $memrd/$memwr cells).

3.23.8. Executing OPT_MEM_WIDEN pass (optimize memories where all ports are wide).
Performed a total of 0 transformations.

3.23.9. Executing OPT_CLEAN pass (remove unused cells and wires).
Finding unused cells or wires in module \stream_sum..

3.23.10. Executing MEMORY_COLLECT pass (generating $mem cells).

3.24. Executing OPT_CLEAN pass (remove unused cells and wires).
Finding unused cells or wires in module \stream_sum..

3.25. Executing MEMORY_LIBMAP pass (mapping memories to cells).

3.26. Executing TECHMAP pass (map to technology primitives).

3.26.1. Executing Verilog-2005 frontend: /share/ice40/brams_map.v
Parsing Verilog input from `/share/ice40/brams_map.v' to AST representation.
Generating RTLIL representation for module `$__ICE40_RAM4K_'.
Successfully finished Verilog frontend.

3.26.2. Executing Verilog-2005 frontend: /share/ice40/spram_map.v
Parsing Verilog input from `/share/ice40/spram_map.v' to AST representation.
Generating RTLIL representation for module `$__ICE40_SPRAM_'.
Successfully finished Verilog frontend.

3.26.3. Continuing TECHMAP pass.
No more expansions possible.
<suppressed ~4 debug messages>

3.27. Executing ICE40_BRAMINIT pass.

3.28. Executing OPT pass (performing simple optimizations).

3.28.1. Executing OPT_EXPR pass (perform const folding).
Optimizing module stream_sum.

3.28.2. Executing OPT_MERGE pass (detect identical cells).
Finding identical cells in module `\stream_sum'.
Computing hashes of 18 cells of `\stream_sum'.
Finding duplicate cells in `\stream_sum'.
Removed a total of 0 cells.

3.28.3. Executing OPT_DFF pass (perform DFF optimizations).

3.28.4. Executing OPT_CLEAN pass (remove unused cells and wires).
Finding unused cells or wires in module \stream_sum..

3.28.5. Finished fast OPT passes.

3.29. Executing MEMORY_MAP pass (converting memories to logic and flip-flops).

3.30. Executing OPT pass (performing simple optimizations).

3.30.1. Executing OPT_EXPR pass (perform const folding).
Optimizing module stream_sum.

3.30.2. Executing OPT_MERGE pass (detect identical cells).
Finding identical cells in module `\stream_sum'.
Computing hashes of 18 cells of `\stream_sum'.
Finding duplicate cells in `\stream_sum'.
Removed a total of 0 cells.

3.30.3. Executing OPT_MUXTREE pass (detect dead branches in mux trees).
Running muxtree optimizer on module \stream_sum..
  Creating internal representation of mux trees.
  No muxes found in this module.
Removed 0 multiplexer ports.

3.30.4. Executing OPT_REDUCE pass (consolidate $*mux and $reduce_* inputs).
  Optimizing cells in module \stream_sum.
Performed a total of 0 changes.

3.30.5. Executing OPT_MERGE pass (detect identical cells).
Finding identical cells in module `\stream_sum'.
Computing hashes of 18 cells of `\stream_sum'.
Finding duplicate cells in `\stream_sum'.
Removed a total of 0 cells.

3.30.6. Executing OPT_DFF pass (perform DFF optimizations).

3.30.7. Executing OPT_CLEAN pass (remove unused cells and wires).
Finding unused cells or wires in module \stream_sum..

3.30.8. Executing OPT_EXPR pass (perform const folding).
Optimizing module stream_sum.

3.30.9. Finished fast OPT passes. (There is nothing left to do.)

3.31. Executing ICE40_WRAPCARRY pass (wrap carries).

3.32. Executing TECHMAP pass (map to technology primitives).

3.32.1. Executing Verilog-2005 frontend: /share/techmap.v
Parsing Verilog input from `/share/techmap.v' to AST representation.
Generating RTLIL representation for module `\_90_simplemap_bool_ops'.
Generating RTLIL representation for module `\_90_simplemap_reduce_ops'.
Generating RTLIL representation for module `\_90_simplemap_logic_ops'.
Generating RTLIL representation for module `\_90_simplemap_compare_ops'.
Generating RTLIL representation for module `\_90_simplemap_various'.
Generating RTLIL representation for module `\_90_simplemap_registers'.
Generating RTLIL representation for module `\_90_shift_ops_shr_shl_sshl_sshr'.
Generating RTLIL representation for module `\_90_shift_shiftx'.
Generating RTLIL representation for module `\_90_fa'.
Generating RTLIL representation for module `\_90_lcu_brent_kung'.
Generating RTLIL representation for module `\_90_alu'.
Generating RTLIL representation for module `\_90_macc'.
Generating RTLIL representation for module `\_90_alumacc'.
Generating RTLIL representation for module `$__div_mod_u'.
Generating RTLIL representation for module `$__div_mod_trunc'.
Generating RTLIL representation for module `\_90_div'.
Generating RTLIL representation for module `\_90_mod'.
Generating RTLIL representation for module `$__div_mod_floor'.
Generating RTLIL representation for module `\_90_divfloor'.
Generating RTLIL representation for module `\_90_modfloor'.
Generating RTLIL representation for module `\_90_pow'.
Generating RTLIL representation for module `\_90_demux'.
Generating RTLIL representation for module `\_90_lut'.
Generating RTLIL representation for module `$connect'.
Generating RTLIL representation for module `$input_port'.
Successfully finished Verilog frontend.

3.32.2. Executing Verilog-2005 frontend: /share/ice40/arith_map.v
Parsing Verilog input from `/share/ice40/arith_map.v' to AST representation.
Generating RTLIL representation for module `\_80_ice40_alu'.
Successfully finished Verilog frontend.

3.32.3. Continuing TECHMAP pass.
Using template $paramod$f31f04e77f067a6da635d02c4a81c0a799bf18a4\_80_ice40_alu for cells of type $alu.
Using template $paramod$4ccbe221165818e15f326ddee3d1183c7924e12f\_80_ice40_alu for cells of type $alu.
Using extmapper simplemap for cells of type $dffe.
Using extmapper simplemap for cells of type $reduce_and.
Using extmapper simplemap for cells of type $sdffe.
Using extmapper simplemap for cells of type $not.
Using extmapper simplemap for cells of type $logic_not.
Using extmapper simplemap for cells of type $logic_or.
Using extmapper simplemap for cells of type $logic_and.
Using extmapper simplemap for cells of type $xor.
Using extmapper simplemap for cells of type $mux.
Using extmapper simplemap for cells of type $pos.
No more expansions possible.
<suppressed ~144 debug messages>

3.33. Executing OPT pass (performing simple optimizations).

3.33.1. Executing OPT_EXPR pass (perform const folding).
Optimizing module stream_sum.
<suppressed ~34 debug messages>

3.33.2. Executing OPT_MERGE pass (detect identical cells).
Finding identical cells in module `\stream_sum'.
Computing hashes of 120 cells of `\stream_sum'.
Finding duplicate cells in `\stream_sum'.
Computing hashes of 119 cells of `\stream_sum'.
Finding duplicate cells in `\stream_sum'.
<suppressed ~3 debug messages>
Removed a total of 1 cells.

3.33.3. Executing OPT_DFF pass (perform DFF optimizations).

3.33.4. Executing OPT_CLEAN pass (remove unused cells and wires).
Finding unused cells or wires in module \stream_sum..
Removed 50 unused cells and 51 unused wires.
<suppressed ~51 debug messages>

3.33.5. Finished fast OPT passes.

3.34. Executing ICE40_OPT pass (performing simple optimizations).

3.34.1. Running ICE40 specific optimizations.
Optimized $__ICE40_CARRY_WRAPPER cell back to logic (without SB_CARRY) stream_sum.$auto$alumacc.cc:548:replace_alu$459.slice[8].carry: CO=1'0
Optimized $__ICE40_CARRY_WRAPPER cell back to logic (without SB_CARRY) stream_sum.$auto$alumacc.cc:548:replace_alu$462.slice[8].carry: CO=1'0
Optimized $__ICE40_CARRY_WRAPPER cell back to logic (without SB_CARRY) stream_sum.$auto$alumacc.cc:548:replace_alu$465.slice[9].carry: CO=1'0

3.34.2. Executing OPT_EXPR pass (perform const folding).
Optimizing module stream_sum.

3.34.3. Executing OPT_MERGE pass (detect identical cells).
Finding identical cells in module `\stream_sum'.
Computing hashes of 69 cells of `\stream_sum'.
Finding duplicate cells in `\stream_sum'.
Removed a total of 0 cells.

3.34.4. Executing OPT_DFF pass (perform DFF optimizations).

3.34.5. Executing OPT_CLEAN pass (remove unused cells and wires).
Finding unused cells or wires in module \stream_sum..
Removed 0 unused cells and 3 unused wires.
<suppressed ~1 debug messages>

3.34.6. Rerunning OPT passes. (Removed registers in this run.)

3.34.7. Running ICE40 specific optimizations.

3.34.8. Executing OPT_EXPR pass (perform const folding).
Optimizing module stream_sum.

3.34.9. Executing OPT_MERGE pass (detect identical cells).
Finding identical cells in module `\stream_sum'.
Computing hashes of 69 cells of `\stream_sum'.
Finding duplicate cells in `\stream_sum'.
Removed a total of 0 cells.

3.34.10. Executing OPT_DFF pass (perform DFF optimizations).

3.34.11. Executing OPT_CLEAN pass (remove unused cells and wires).
Finding unused cells or wires in module \stream_sum..

3.34.12. Finished OPT passes. (There is nothing left to do.)

3.35. Executing DFFLEGALIZE pass (convert FFs and LATCHes to types supported by the target).

3.36. Executing TECHMAP pass (map to technology primitives).

3.36.1. Executing Verilog-2005 frontend: /share/ice40/ff_map.v
Parsing Verilog input from `/share/ice40/ff_map.v' to AST representation.
Generating RTLIL representation for module `$_DFF_N_'.
Generating RTLIL representation for module `$_DFF_P_'.
Generating RTLIL representation for module `$_DFFE_NP_'.
Generating RTLIL representation for module `$_DFFE_PP_'.
Generating RTLIL representation for module `$_DFF_NP0_'.
Generating RTLIL representation for module `$_DFF_NP1_'.
Generating RTLIL representation for module `$_DFF_PP0_'.
Generating RTLIL representation for module `$_DFF_PP1_'.
Generating RTLIL representation for module `$_DFFE_NP0P_'.
Generating RTLIL representation for module `$_DFFE_NP1P_'.
Generating RTLIL representation for module `$_DFFE_PP0P_'.
Generating RTLIL representation for module `$_DFFE_PP1P_'.
Generating RTLIL representation for module `$_SDFF_NP0_'.
Generating RTLIL representation for module `$_SDFF_NP1_'.
Generating RTLIL representation for module `$_SDFF_PP0_'.
Generating RTLIL representation for module `$_SDFF_PP1_'.
Generating RTLIL representation for module `$_SDFFCE_NP0P_'.
Generating RTLIL representation for module `$_SDFFCE_NP1P_'.
Generating RTLIL representation for module `$_SDFFCE_PP0P_'.
Generating RTLIL representation for module `$_SDFFCE_PP1P_'.
Successfully finished Verilog frontend.

3.36.2. Continuing TECHMAP pass.
Using template $_DFFE_PP_ for cells of type $_DFFE_PP_.
Using template $_SDFFCE_PP0P_ for cells of type $_SDFFCE_PP0P_.
No more expansions possible.
<suppressed ~52 debug messages>

3.37. Executing OPT_EXPR pass (perform const folding).
Optimizing module stream_sum.

3.38. Executing SIMPLEMAP pass (map simple cells to gate primitives).
Mapping stream_sum.$auto$alumacc.cc:548:replace_alu$459.slice[8].carry ($lut).
Mapping stream_sum.$auto$alumacc.cc:548:replace_alu$462.slice[8].carry ($lut).
Mapping stream_sum.$auto$alumacc.cc:548:replace_alu$465.slice[9].carry ($lut).

3.39. Executing ICE40_OPT pass (performing simple optimizations).

3.39.1. Running ICE40 specific optimizations.

3.39.2. Executing OPT_EXPR pass (perform const folding).
Optimizing module stream_sum.
<suppressed ~45 debug messages>

3.39.3. Executing OPT_MERGE pass (detect identical cells).
Finding identical cells in module `\stream_sum'.
Computing hashes of 68 cells of `\stream_sum'.
Finding duplicate cells in `\stream_sum'.
Removed a total of 0 cells.

3.39.4. Executing OPT_DFF pass (perform DFF optimizations).

3.39.5. Executing OPT_CLEAN pass (remove unused cells and wires).
Finding unused cells or wires in module \stream_sum..
Removed 0 unused cells and 164 unused wires.
<suppressed ~1 debug messages>

3.39.6. Rerunning OPT passes. (Removed registers in this run.)

3.39.7. Running ICE40 specific optimizations.

3.39.8. Executing OPT_EXPR pass (perform const folding).
Optimizing module stream_sum.

3.39.9. Executing OPT_MERGE pass (detect identical cells).
Finding identical cells in module `\stream_sum'.
Computing hashes of 68 cells of `\stream_sum'.
Finding duplicate cells in `\stream_sum'.
Removed a total of 0 cells.

3.39.10. Executing OPT_DFF pass (perform DFF optimizations).

3.39.11. Executing OPT_CLEAN pass (remove unused cells and wires).
Finding unused cells or wires in module \stream_sum..

3.39.12. Finished OPT passes. (There is nothing left to do.)

3.40. Executing CHECK pass (checking for obvious problems).
Checking module stream_sum...
Found and reported 0 problems.

3.41. Executing TECHMAP pass (map to technology primitives).

3.41.1. Executing Verilog-2005 frontend: /share/ice40/latches_map.v
Parsing Verilog input from `/share/ice40/latches_map.v' to AST representation.
Generating RTLIL representation for module `$_DLATCH_N_'.
Generating RTLIL representation for module `$_DLATCH_P_'.
Successfully finished Verilog frontend.

3.41.2. Continuing TECHMAP pass.
No more expansions possible.
<suppressed ~4 debug messages>

3.42. Executing Verilog-2005 frontend: /share/ice40/abc9_model.v
Parsing Verilog input from `/share/ice40/abc9_model.v' to AST representation.
Generating RTLIL representation for module `$__ICE40_CARRY_WRAPPER'.
Successfully finished Verilog frontend.

3.43. Executing ABC9 pass.

3.43.1. Executing ABC9_OPS pass (helper functions for ABC9).

3.43.2. Executing ABC9_OPS pass (helper functions for ABC9).

3.43.3. Executing SCC pass (detecting logic loops).
Found 0 SCCs in module stream_sum.
Found 0 SCCs.

3.43.4. Executing ABC9_OPS pass (helper functions for ABC9).

3.43.5. Executing TECHMAP pass (map to technology primitives).

3.43.5.1. Executing Verilog-2005 frontend: /share/techmap.v
Parsing Verilog input from `/share/techmap.v' to AST representation.
Generating RTLIL representation for module `\_90_simplemap_bool_ops'.
Generating RTLIL representation for module `\_90_simplemap_reduce_ops'.
Generating RTLIL representation for module `\_90_simplemap_logic_ops'.
Generating RTLIL representation for module `\_90_simplemap_compare_ops'.
Generating RTLIL representation for module `\_90_simplemap_various'.
Generating RTLIL representation for module `\_90_simplemap_registers'.
Generating RTLIL representation for module `\_90_shift_ops_shr_shl_sshl_sshr'.
Generating RTLIL representation for module `\_90_shift_shiftx'.
Generating RTLIL representation for module `\_90_fa'.
Generating RTLIL representation for module `\_90_lcu_brent_kung'.
Generating RTLIL representation for module `\_90_alu'.
Generating RTLIL representation for module `\_90_macc'.
Generating RTLIL representation for module `\_90_alumacc'.
Generating RTLIL representation for module `$__div_mod_u'.
Generating RTLIL representation for module `$__div_mod_trunc'.
Generating RTLIL representation for module `\_90_div'.
Generating RTLIL representation for module `\_90_mod'.
Generating RTLIL representation for module `$__div_mod_floor'.
Generating RTLIL representation for module `\_90_divfloor'.
Generating RTLIL representation for module `\_90_modfloor'.
Generating RTLIL representation for module `\_90_pow'.
Generating RTLIL representation for module `\_90_demux'.
Generating RTLIL representation for module `\_90_lut'.
Generating RTLIL representation for module `$connect'.
Generating RTLIL representation for module `$input_port'.
Successfully finished Verilog frontend.

3.43.5.2. Continuing TECHMAP pass.
No more expansions possible.
<suppressed ~130 debug messages>

3.43.6. Executing OPT pass (performing simple optimizations).

3.43.6.1. Executing OPT_EXPR pass (perform const folding).

3.43.6.2. Executing OPT_MERGE pass (detect identical cells).
Removed a total of 0 cells.

3.43.6.3. Executing OPT_MUXTREE pass (detect dead branches in mux trees).
Removed 0 multiplexer ports.

3.43.6.4. Executing OPT_REDUCE pass (consolidate $*mux and $reduce_* inputs).
Performed a total of 0 changes.

3.43.6.5. Executing OPT_MERGE pass (detect identical cells).
Removed a total of 0 cells.

3.43.6.6. Executing OPT_DFF pass (perform DFF optimizations).

3.43.6.7. Executing OPT_CLEAN pass (remove unused cells and wires).

3.43.6.8. Executing OPT_EXPR pass (perform const folding).

3.43.6.9. Finished fast OPT passes. (There is nothing left to do.)

3.43.7. Executing TECHMAP pass (map to technology primitives).

3.43.7.1. Executing Verilog-2005 frontend: /share/abc9_map.v
Parsing Verilog input from `/share/abc9_map.v' to AST representation.
Successfully finished Verilog frontend.

3.43.7.2. Continuing TECHMAP pass.
No more expansions possible.
<suppressed ~2 debug messages>

3.43.8. Executing Verilog-2005 frontend: /share/abc9_model.v
Parsing Verilog input from `/share/abc9_model.v' to AST representation.
Generating RTLIL representation for module `$__ABC9_DELAY'.
Generating RTLIL representation for module `$__ABC9_SCC_BREAKER'.
Generating RTLIL representation for module `$__DFF_N__$abc9_flop'.
Generating RTLIL representation for module `$__DFF_P__$abc9_flop'.
Successfully finished Verilog frontend.

3.43.9. Executing ABC9_OPS pass (helper functions for ABC9).
<suppressed ~34 debug messages>

3.43.10. Executing ABC9_OPS pass (helper functions for ABC9).

3.43.11. Executing ABC9_OPS pass (helper functions for ABC9).
<suppressed ~2 debug messages>

3.43.12. Executing TECHMAP pass (map to technology primitives).

3.43.12.1. Executing Verilog-2005 frontend: /share/techmap.v
Parsing Verilog input from `/share/techmap.v' to AST representation.
Generating RTLIL representation for module `\_90_simplemap_bool_ops'.
Generating RTLIL representation for module `\_90_simplemap_reduce_ops'.
Generating RTLIL representation for module `\_90_simplemap_logic_ops'.
Generating RTLIL representation for module `\_90_simplemap_compare_ops'.
Generating RTLIL representation for module `\_90_simplemap_various'.
Generating RTLIL representation for module `\_90_simplemap_registers'.
Generating RTLIL representation for module `\_90_shift_ops_shr_shl_sshl_sshr'.
Generating RTLIL representation for module `\_90_shift_shiftx'.
Generating RTLIL representation for module `\_90_fa'.
Generating RTLIL representation for module `\_90_lcu_brent_kung'.
Generating RTLIL representation for module `\_90_alu'.
Generating RTLIL representation for module `\_90_macc'.
Generating RTLIL representation for module `\_90_alumacc'.
Generating RTLIL representation for module `$__div_mod_u'.
Generating RTLIL representation for module `$__div_mod_trunc'.
Generating RTLIL representation for module `\_90_div'.
Generating RTLIL representation for module `\_90_mod'.
Generating RTLIL representation for module `$__div_mod_floor'.
Generating RTLIL representation for module `\_90_divfloor'.
Generating RTLIL representation for module `\_90_modfloor'.
Generating RTLIL representation for module `\_90_pow'.
Generating RTLIL representation for module `\_90_demux'.
Generating RTLIL representation for module `\_90_lut'.
Generating RTLIL representation for module `$connect'.
Generating RTLIL representation for module `$input_port'.
Successfully finished Verilog frontend.

3.43.12.2. Continuing TECHMAP pass.
Using template $paramod$__ICE40_CARRY_WRAPPER\LUT=16'0110100110010110\I3_IS_CI=1'1 for cells of type $paramod$__ICE40_CARRY_WRAPPER\LUT=16'0110100110010110\I3_IS_CI=1'1.
Using template $paramod\SB_LUT4\LUT_INIT=16'0110100110010110 for cells of type SB_LUT4.
Using template SB_CARRY for cells of type SB_CARRY.
Using extmapper simplemap for cells of type $mux.
Using extmapper simplemap for cells of type $logic_and.
Using extmapper simplemap for cells of type $logic_or.
No more expansions possible.
<suppressed ~150 debug messages>

3.43.13. Executing OPT pass (performing simple optimizations).

3.43.13.1. Executing OPT_EXPR pass (perform const folding).
Optimizing module stream_sum.
<suppressed ~4 debug messages>

3.43.13.2. Executing OPT_MERGE pass (detect identical cells).
Finding identical cells in module `\stream_sum'.
Computing hashes of 30 cells of `\stream_sum'.
Finding duplicate cells in `\stream_sum'.
Computing hashes of 20 cells of `\stream_sum'.
Finding duplicate cells in `\stream_sum'.
Computing hashes of 18 cells of `\stream_sum'.
Finding duplicate cells in `\stream_sum'.
<suppressed ~29 debug messages>
Removed a total of 12 cells.

3.43.13.3. Executing OPT_MUXTREE pass (detect dead branches in mux trees).
Running muxtree optimizer on module \stream_sum..
  Creating internal representation of mux trees.
  No muxes found in this module.
Removed 0 multiplexer ports.

3.43.13.4. Executing OPT_REDUCE pass (consolidate $*mux and $reduce_* inputs).
  Optimizing cells in module \stream_sum.
Performed a total of 0 changes.

3.43.13.5. Executing OPT_MERGE pass (detect identical cells).
Finding identical cells in module `\stream_sum'.
Computing hashes of 18 cells of `\stream_sum'.
Finding duplicate cells in `\stream_sum'.
Removed a total of 0 cells.

3.43.13.6. Executing OPT_DFF pass (perform DFF optimizations).

3.43.13.7. Executing OPT_CLEAN pass (remove unused cells and wires).
Finding unused cells or wires in module \stream_sum..
Removed 0 unused cells and 24 unused wires.
<suppressed ~1 debug messages>

3.43.13.8. Executing OPT_EXPR pass (perform const folding).
Optimizing module stream_sum.

3.43.13.9. Rerunning OPT passes. (Maybe there is more to do..)

3.43.13.10. Executing OPT_MUXTREE pass (detect dead branches in mux trees).
Running muxtree optimizer on module \stream_sum..
  Creating internal representation of mux trees.
  No muxes found in this module.
Removed 0 multiplexer ports.

3.43.13.11. Executing OPT_REDUCE pass (consolidate $*mux and $reduce_* inputs).
  Optimizing cells in module \stream_sum.
Performed a total of 0 changes.

3.43.13.12. Executing OPT_MERGE pass (detect identical cells).
Finding identical cells in module `\stream_sum'.
Computing hashes of 18 cells of `\stream_sum'.
Finding duplicate cells in `\stream_sum'.
Removed a total of 0 cells.

3.43.13.13. Executing OPT_DFF pass (perform DFF optimizations).

3.43.13.14. Executing OPT_CLEAN pass (remove unused cells and wires).
Finding unused cells or wires in module \stream_sum..

3.43.13.15. Executing OPT_EXPR pass (perform const folding).
Optimizing module stream_sum.

3.43.13.16. Finished fast OPT passes. (There is nothing left to do.)

3.43.14. Executing AIGMAP pass (map logic to AIG).
Module stream_sum: replaced 7 cells with 43 new cells, skipped 11 cells.
  replaced 2 cell types:
       5 $_MUX_
       2 $_OR_
  not replaced 3 cell types:
       2 $_AND_
       1 $_NOT_
       8 $specify2

3.43.15. Executing AIGMAP pass (map logic to AIG).
Module stream_sum: replaced 4 cells with 16 new cells, skipped 96 cells.
  replaced 1 cell types:
       4 $_OR_
  not replaced 7 cell types:
       6 $_AND_
       3 $_NOT_
      28 SB_DFFE
       2 SB_DFFESR
       2 $paramod$__ABC9_DELAY\DELAY=32'00000000000000000000000011001011
      30 $paramod$__ABC9_DELAY\DELAY=32'00000000000000000000000000010101
      25 $paramod$__ICE40_CARRY_WRAPPER\LUT=16'0110100110010110\I3_IS_CI=1'1

3.43.15.1. Executing ABC9_OPS pass (helper functions for ABC9).

3.43.15.2. Executing ABC9_OPS pass (helper functions for ABC9).

3.43.15.3. Executing XAIGER backend.
<suppressed ~41 debug messages>
Extracted 10 AND gates and 187 wires from module `stream_sum' to a netlist network with 66 inputs and 48 outputs.

3.43.15.4. Executing ABC9_EXE pass (technology mapping using ABC9).

3.43.15.5. Executing ABC9.
Running ABC command: "/yosys-abc" -s -f <abc-temp-dir>/abc.script 2>&1

3.43.15.6. Executing AIGER frontend.
<suppressed ~11 debug messages>
Removed 9 unused cells and 353 unused wires.

3.43.15.7. Executing ABC_OPS_REINTEGRATE pass (reintegrate ABC mapped design into module).
ABC RESULTS:              $lut cells:        6
ABC RESULTS:   $paramod$__ICE40_CARRY_WRAPPER\LUT=16'0110100110010110\I3_IS_CI=1'1 cells:       25
ABC RESULTS:           input signals:       13
ABC RESULTS:          output signals:       39
<suppressed ~228 debug messages>
Removing temp directory.

3.43.16. Executing TECHMAP pass (map to technology primitives).

3.43.16.1. Executing Verilog-2005 frontend: /share/abc9_unmap.v
Parsing Verilog input from `/share/abc9_unmap.v' to AST representation.
Generating RTLIL representation for module `$__DFF_x__$abc9_flop'.
Generating RTLIL representation for module `$__ABC9_SCC_BREAKER'.
Successfully finished Verilog frontend.

3.43.16.2. Continuing TECHMAP pass.
Using template $paramod$__ICE40_CARRY_WRAPPER\LUT=16'0110100110010110\I3_IS_CI=1'1 for cells of type $paramod$__ICE40_CARRY_WRAPPER\LUT=16'0110100110010110\I3_IS_CI=1'1.
No more expansions possible.
<suppressed ~31 debug messages>

3.44. Executing ICE40_WRAPCARRY pass (wrap carries).

3.45. Executing TECHMAP pass (map to technology primitives).

3.45.1. Executing Verilog-2005 frontend: /share/ice40/ff_map.v
Parsing Verilog input from `/share/ice40/ff_map.v' to AST representation.
Generating RTLIL representation for module `$_DFF_N_'.
Generating RTLIL representation for module `$_DFF_P_'.
Generating RTLIL representation for module `$_DFFE_NP_'.
Generating RTLIL representation for module `$_DFFE_PP_'.
Generating RTLIL representation for module `$_DFF_NP0_'.
Generating RTLIL representation for module `$_DFF_NP1_'.
Generating RTLIL representation for module `$_DFF_PP0_'.
Generating RTLIL representation for module `$_DFF_PP1_'.
Generating RTLIL representation for module `$_DFFE_NP0P_'.
Generating RTLIL representation for module `$_DFFE_NP1P_'.
Generating RTLIL representation for module `$_DFFE_PP0P_'.
Generating RTLIL representation for module `$_DFFE_PP1P_'.
Generating RTLIL representation for module `$_SDFF_NP0_'.
Generating RTLIL representation for module `$_SDFF_NP1_'.
Generating RTLIL representation for module `$_SDFF_PP0_'.
Generating RTLIL representation for module `$_SDFF_PP1_'.
Generating RTLIL representation for module `$_SDFFCE_NP0P_'.
Generating RTLIL representation for module `$_SDFFCE_NP1P_'.
Generating RTLIL representation for module `$_SDFFCE_PP0P_'.
Generating RTLIL representation for module `$_SDFFCE_PP1P_'.
Successfully finished Verilog frontend.

3.45.2. Continuing TECHMAP pass.
No more expansions possible.
<suppressed ~22 debug messages>
Removed 2 unused cells and 360 unused wires.

3.46. Executing OPT_LUT pass (optimize LUTs).
Discovering LUTs.
Number of LUTs:       31
  2-LUT                3
  3-LUT               26
  4-LUT                2
  with \SB_CARRY    (#0)   25
  with \SB_CARRY    (#1)   22

Eliminating LUTs.
Number of LUTs:       31
  2-LUT                3
  3-LUT               26
  4-LUT                2
  with \SB_CARRY    (#0)   25
  with \SB_CARRY    (#1)   22

Combining LUTs.
Number of LUTs:       31
  2-LUT                3
  3-LUT               26
  4-LUT                2
  with \SB_CARRY    (#0)   25
  with \SB_CARRY    (#1)   22

Eliminated 0 LUTs.
Combined 0 LUTs.
<suppressed ~111 debug messages>

3.47. Executing TECHMAP pass (map to technology primitives).

3.47.1. Executing Verilog-2005 frontend: /share/ice40/cells_map.v
Parsing Verilog input from `/share/ice40/cells_map.v' to AST representation.
Generating RTLIL representation for module `$lut'.
Successfully finished Verilog frontend.

3.47.2. Continuing TECHMAP pass.
Using template $paramod$fd904e9e35cfd343a9df248824bd3f1408724879$lut for cells of type $lut.
Using template $paramod$lut\WIDTH=32'00000000000000000000000000000010\LUT=4'0100 for cells of type $lut.
Using template $paramod$lut\WIDTH=32'00000000000000000000000000000010\LUT=4'1011 for cells of type $lut.
Using template $paramod$lut\WIDTH=32'00000000000000000000000000000011\LUT=8'10111111 for cells of type $lut.
Using template $paramod$3b56205e0e57b3ea26d80fc7983017f83663129e$lut for cells of type $lut.
Using template $paramod$lut\WIDTH=32'00000000000000000000000000000010\LUT=4'1000 for cells of type $lut.
Using template $paramod$779a912c2e61b008e2ba6da235f91f694eb7e6d7$lut for cells of type $lut.
No more expansions possible.
<suppressed ~111 debug messages>
Removed 0 unused cells and 62 unused wires.

3.48. Executing AUTONAME pass.
Renamed 140 objects in module stream_sum.
<suppressed ~140 debug messages>

3.49. Executing HIERARCHY pass (managing design hierarchy).
Attribute `top' found on module `stream_sum'. Setting top module to stream_sum.

3.49.1. Analyzing design hierarchy..
Top module:  \stream_sum

3.49.2. Analyzing design hierarchy..
Top module:  \stream_sum
Removed 0 unused modules.

3.50. Printing statistics.

=== stream_sum ===

        +----------Local Count, excluding submodules.
        | 
       70 wires
      132 wire bits
       70 public wires
      132 public wire bits
       11 ports
       48 port bits
       86 submodules
       25   SB_CARRY
       28   SB_DFFE
        2   SB_DFFESR
       31   SB_LUT4

=== design hierarchy ===

        +----------Count including submodules.
        | 
        - stream_sum

        +----------Count including submodules.
        | 
       70 wires
      132 wire bits
       70 public wires
      132 public wire bits
       11 ports
       48 port bits
        - memories
        - memory bits
        - processes
        - cells
       86 submodules
       25   SB_CARRY
       28   SB_DFFE
        2   SB_DFFESR
       31   SB_LUT4

3.51. Executing CHECK pass (checking for obvious problems).
Checking module stream_sum...
Found and reported 0 problems.

4. Executing CHECK pass (checking for obvious problems).
Checking module stream_sum...
Found and reported 0 problems.
{
   "creator": "Yosys 0.69 (git sha1 9f75ca1f9, Release, Clang /workspace/YoWASP/yosys/wasi-sdk-33.0-x86_64-linux/share/cmake/../..//bin/clang++ 22.1.0)",
   "invocation": "stat -json ",
   "modules": {
      "\\stream_sum": {
         "num_wires":         70,
         "num_wire_bits":     132,
         "num_pub_wires":     70,
         "num_pub_wire_bits": 132,
         "num_ports":         11,
         "num_port_bits":     48,
         "num_memories":      0,
         "num_memory_bits":   0,
         "num_processes":     0,
         "num_cells":         86,
         "num_submodules":       0,
         "num_cells_by_type": {
            "SB_CARRY": 25,
            "SB_DFFE": 28,
            "SB_DFFESR": 2,
            "SB_LUT4": 31
         }
      }
   },
      "design": {
         "num_wires":         70,
         "num_wire_bits":     132,
         "num_pub_wires":     70,
         "num_pub_wire_bits": 132,
         "num_ports":         11,
         "num_port_bits":     48,
         "num_memories":      0,
         "num_memory_bits":   0,
         "num_processes":     0,
         "num_cells":         86,
         "num_submodules":       0,
         "num_cells_by_type": {
            "SB_CARRY": 25,
            "SB_DFFE": 28,
            "SB_DFFESR": 2,
            "SB_LUT4": 31
         }
      }
}

End of script. Logfile hash: 84645fff5b, time: 1.33s, user: 1.33s, system: 0.00s
Yosys 0.69 (git sha1 9f75ca1f9, Release, Clang /workspace/YoWASP/yosys/wasi-sdk-33.0-x86_64-linux/share/cmake/../..//bin/clang++ 22.1.0)
Time spent: 83% 21x read_verilog (1 sec), 3% 1x abc9_exe (0 sec), ...

=== generic WIDTH=16 PIPE=1 ===

 /----------------------------------------------------------------------------\
 |  yosys -- Yosys Open SYnthesis Suite                                       |
 |  Copyright (C) 2012 - 2026  Claire Xenia Wolf <claire@yosyshq.com>         |
 |  Distributed under an ISC-like license, type "license" to see terms        |
 \----------------------------------------------------------------------------/
 Yosys 0.69 (git sha1 9f75ca1f9, Release, Clang /workspace/YoWASP/yosys/wasi-sdk-33.0-x86_64-linux/share/cmake/../..//bin/clang++ 22.1.0)

-- Running command `read_verilog -sv rtl/stream_sum.sv; chparam -set WIDTH 16 -set PIPE 1 stream_sum; synth -top stream_sum; check -assert; tee -o results/generic_16_1.json stat -json; ltp -noff; write_verilog -noattr build/generic_16_1.v' --

1. Executing Verilog-2005 frontend: rtl/stream_sum.sv
Parsing SystemVerilog input from `rtl/stream_sum.sv' to AST representation.
Generating RTLIL representation for module `\stream_sum'.
Successfully finished Verilog frontend.
Parameter \WIDTH = 16
Parameter \PIPE = 1

2. Executing AST frontend in derive mode using pre-parsed AST for module `\stream_sum'.
Parameter \WIDTH = 16
Parameter \PIPE = 1
Generating RTLIL representation for module `$paramod$050263a659b25705bf9d461c6ef7d72f16bbc9e6\stream_sum'.

3. Executing SYNTH pass.

3.1. Executing HIERARCHY pass (managing design hierarchy).

3.1.1. Analyzing design hierarchy..
Top module:  \stream_sum

3.1.2. Analyzing design hierarchy..
Top module:  \stream_sum
Removed 0 unused modules.

3.2. Executing PROC pass (convert processes to netlists).

3.2.1. Executing PROC_CLEAN pass (remove empty switches from decision trees).
Cleaned up 0 empty switches.

3.2.2. Executing PROC_RMDEAD pass (remove dead branches from decision trees).
Marked 1 switch rules as full_case in process $proc$rtl/stream_sum.sv:21$19 in module stream_sum.
Removed a total of 0 dead cases.

3.2.3. Executing PROC_PRUNE pass (remove redundant assignments in processes).
Removed 0 redundant assignments.
Promoted 0 assignments to connections.

3.2.4. Executing PROC_INIT pass (extract init attributes).

3.2.5. Executing PROC_ARST pass (detect async resets in processes).

3.2.6. Executing PROC_ROM pass (convert switches to ROMs).
Converted 0 switches.
<suppressed ~3 debug messages>

3.2.7. Executing PROC_MUX pass (convert decision trees to multiplexers).
Creating decoders for process `\stream_sum.$proc$rtl/stream_sum.sv:21$19'.
     1/2: $0\single.value[17:0]
     2/2: $0\single.valid[0:0]

3.2.8. Executing PROC_DLATCH pass (convert process syncs to latches).

3.2.9. Executing PROC_DFF pass (convert process syncs to FFs).
Creating register for signal `\stream_sum.\single.valid' using process `\stream_sum.$proc$rtl/stream_sum.sv:21$19'.
  created $dff cell `$procdff$33' with positive edge clock.
Creating register for signal `\stream_sum.\single.value' using process `\stream_sum.$proc$rtl/stream_sum.sv:21$19'.
  created $dff cell `$procdff$34' with positive edge clock.

3.2.10. Executing PROC_MEMWR pass (convert process memory writes to cells).

3.2.11. Executing PROC_CLEAN pass (remove empty switches from decision trees).
Found and cleaned up 3 empty switches in `\stream_sum.$proc$rtl/stream_sum.sv:21$19'.
Removing empty process `stream_sum.$proc$rtl/stream_sum.sv:21$19'.
Cleaned up 3 empty switches.

3.2.12. Executing OPT_EXPR pass (perform const folding).
Optimizing module stream_sum.

3.3. Executing OPT_EXPR pass (perform const folding).
Optimizing module stream_sum.

3.4. Executing OPT_CLEAN pass (remove unused cells and wires).
Finding unused cells or wires in module \stream_sum..
Removed 0 unused cells and 12 unused wires.
<suppressed ~1 debug messages>

3.5. Executing CHECK pass (checking for obvious problems).
Checking module stream_sum...
Found and reported 0 problems.

3.6. Executing OPT pass (performing simple optimizations).

3.6.1. Executing OPT_EXPR pass (perform const folding).
Optimizing module stream_sum.

3.6.2. Executing OPT_MERGE pass (detect identical cells).
Finding identical cells in module `\stream_sum'.
Computing hashes of 16 cells of `\stream_sum'.
Finding duplicate cells in `\stream_sum'.
Computing hashes of 15 cells of `\stream_sum'.
Finding duplicate cells in `\stream_sum'.
<suppressed ~3 debug messages>
Removed a total of 1 cells.

3.6.3. Executing OPT_MUXTREE pass (detect dead branches in mux trees).
Running muxtree optimizer on module \stream_sum..
  Creating internal representation of mux trees.
  Evaluating internal representation of mux trees.
  Analyzing evaluation results.
Removed 0 multiplexer ports.
<suppressed ~7 debug messages>

3.6.4. Executing OPT_REDUCE pass (consolidate $*mux and $reduce_* inputs).
  Optimizing cells in module \stream_sum.
Performed a total of 0 changes.

3.6.5. Executing OPT_MERGE pass (detect identical cells).
Finding identical cells in module `\stream_sum'.
Computing hashes of 15 cells of `\stream_sum'.
Finding duplicate cells in `\stream_sum'.
Removed a total of 0 cells.

3.6.6. Executing OPT_DFF pass (perform DFF optimizations).

3.6.7. Executing OPT_CLEAN pass (remove unused cells and wires).
Finding unused cells or wires in module \stream_sum..
Removed 0 unused cells and 1 unused wires.
<suppressed ~1 debug messages>

3.6.8. Executing OPT_EXPR pass (perform const folding).
Optimizing module stream_sum.

3.6.9. Rerunning OPT passes. (Maybe there is more to do..)

3.6.10. Executing OPT_MUXTREE pass (detect dead branches in mux trees).
Running muxtree optimizer on module \stream_sum..
  Creating internal representation of mux trees.
  Evaluating internal representation of mux trees.
  Analyzing evaluation results.
Removed 0 multiplexer ports.
<suppressed ~7 debug messages>

3.6.11. Executing OPT_REDUCE pass (consolidate $*mux and $reduce_* inputs).
  Optimizing cells in module \stream_sum.
Performed a total of 0 changes.

3.6.12. Executing OPT_MERGE pass (detect identical cells).
Finding identical cells in module `\stream_sum'.
Computing hashes of 15 cells of `\stream_sum'.
Finding duplicate cells in `\stream_sum'.
Removed a total of 0 cells.

3.6.13. Executing OPT_DFF pass (perform DFF optimizations).

3.6.14. Executing OPT_CLEAN pass (remove unused cells and wires).
Finding unused cells or wires in module \stream_sum..

3.6.15. Executing OPT_EXPR pass (perform const folding).
Optimizing module stream_sum.

3.6.16. Finished fast OPT passes. (There is nothing left to do.)

3.7. Executing FSM pass (extract and optimize FSM).

3.7.1. Executing FSM_DETECT pass (finding FSMs in design).

3.7.2. Executing FSM_EXTRACT pass (extracting FSM from design).

3.7.3. Executing FSM_OPT pass (simple optimizations of FSMs).

3.7.4. Executing OPT_CLEAN pass (remove unused cells and wires).
Finding unused cells or wires in module \stream_sum..

3.7.5. Executing FSM_OPT pass (simple optimizations of FSMs).

3.7.6. Executing FSM_RECODE pass (re-assigning FSM state encoding).

3.7.7. Executing FSM_INFO pass (dumping all available information on FSM cells).

3.7.8. Executing FSM_MAP pass (mapping FSMs to basic logic).

3.8. Executing OPT pass (performing simple optimizations).

3.8.1. Executing OPT_EXPR pass (perform const folding).
Optimizing module stream_sum.

3.8.2. Executing OPT_MERGE pass (detect identical cells).
Finding identical cells in module `\stream_sum'.
Computing hashes of 15 cells of `\stream_sum'.
Finding duplicate cells in `\stream_sum'.
Removed a total of 0 cells.

3.8.3. Executing OPT_MUXTREE pass (detect dead branches in mux trees).
Running muxtree optimizer on module \stream_sum..
  Creating internal representation of mux trees.
  Evaluating internal representation of mux trees.
  Analyzing evaluation results.
Removed 0 multiplexer ports.
<suppressed ~7 debug messages>

3.8.4. Executing OPT_REDUCE pass (consolidate $*mux and $reduce_* inputs).
  Optimizing cells in module \stream_sum.
Performed a total of 0 changes.

3.8.5. Executing OPT_MERGE pass (detect identical cells).
Finding identical cells in module `\stream_sum'.
Computing hashes of 15 cells of `\stream_sum'.
Finding duplicate cells in `\stream_sum'.
Removed a total of 0 cells.

3.8.6. Executing OPT_DFF pass (perform DFF optimizations).
Adding EN signal on $procdff$34 ($dff) from module stream_sum (D = $add$rtl/stream_sum.sv:25$20_Y, Q = \single.value).
Adding SRST signal on $procdff$33 ($dff) from module stream_sum (D = $procmux$28_Y, Q = \single.valid, rval = 1'0).
Adding EN signal on $auto$ff.cc:337:slice$40 ($sdff) from module stream_sum (D = \s_valid, Q = \single.valid).

3.8.7. Executing OPT_CLEAN pass (remove unused cells and wires).
Finding unused cells or wires in module \stream_sum..
Removed 5 unused cells and 5 unused wires.
<suppressed ~6 debug messages>

3.8.8. Executing OPT_EXPR pass (perform const folding).
Optimizing module stream_sum.

3.8.9. Rerunning OPT passes. (Maybe there is more to do..)

3.8.10. Executing OPT_MUXTREE pass (detect dead branches in mux trees).
Running muxtree optimizer on module \stream_sum..
  Creating internal representation of mux trees.
  No muxes found in this module.
Removed 0 multiplexer ports.

3.8.11. Executing OPT_REDUCE pass (consolidate $*mux and $reduce_* inputs).
  Optimizing cells in module \stream_sum.
Performed a total of 0 changes.

3.8.12. Executing OPT_MERGE pass (detect identical cells).
Finding identical cells in module `\stream_sum'.
Computing hashes of 12 cells of `\stream_sum'.
Finding duplicate cells in `\stream_sum'.
Removed a total of 0 cells.

3.8.13. Executing OPT_DFF pass (perform DFF optimizations).

3.8.14. Executing OPT_CLEAN pass (remove unused cells and wires).
Finding unused cells or wires in module \stream_sum..

3.8.15. Executing OPT_EXPR pass (perform const folding).
Optimizing module stream_sum.

3.8.16. Finished fast OPT passes. (There is nothing left to do.)

3.9. Executing WREDUCE pass (reducing word size of cells).
Removed top 1 bits (of 17) from port A of cell stream_sum.$add$rtl/stream_sum.sv:16$13 ($add).
Removed top 1 bits (of 17) from port B of cell stream_sum.$add$rtl/stream_sum.sv:16$13 ($add).
Removed top 1 bits (of 17) from port A of cell stream_sum.$add$rtl/stream_sum.sv:17$14 ($add).
Removed top 1 bits (of 17) from port B of cell stream_sum.$add$rtl/stream_sum.sv:17$14 ($add).
Removed top 1 bits (of 18) from port A of cell stream_sum.$add$rtl/stream_sum.sv:25$20 ($add).
Removed top 1 bits (of 18) from port B of cell stream_sum.$add$rtl/stream_sum.sv:25$20 ($add).

3.10. Executing PEEPOPT pass (run peephole optimizers).

3.11. Executing OPT_CLEAN pass (remove unused cells and wires).
Finding unused cells or wires in module \stream_sum..

3.12. Executing ALUMACC pass (create $alu and $macc cells).
Extracting $alu and $macc cells in module stream_sum:
  creating $macc model for $add$rtl/stream_sum.sv:16$13 ($add).
  creating $macc model for $add$rtl/stream_sum.sv:17$14 ($add).
  creating $macc model for $add$rtl/stream_sum.sv:25$20 ($add).
  merging $macc model for $add$rtl/stream_sum.sv:16$13 into $add$rtl/stream_sum.sv:25$20.
  merging $macc model for $add$rtl/stream_sum.sv:17$14 into $add$rtl/stream_sum.sv:25$20.
  creating $macc cell for $add$rtl/stream_sum.sv:25$20: $auto$alumacc.cc:399:replace_macc$42
  created 0 $alu and 1 $macc cells.

3.13. Executing SHARE pass (SAT-based resource sharing).

3.14. Executing OPT pass (performing simple optimizations).

3.14.1. Executing OPT_EXPR pass (perform const folding).
Optimizing module stream_sum.

3.14.2. Executing OPT_MERGE pass (detect identical cells).
Finding identical cells in module `\stream_sum'.
Computing hashes of 12 cells of `\stream_sum'.
Finding duplicate cells in `\stream_sum'.
Removed a total of 0 cells.

3.14.3. Executing OPT_MUXTREE pass (detect dead branches in mux trees).
Running muxtree optimizer on module \stream_sum..
  Creating internal representation of mux trees.
  No muxes found in this module.
Removed 0 multiplexer ports.

3.14.4. Executing OPT_REDUCE pass (consolidate $*mux and $reduce_* inputs).
  Optimizing cells in module \stream_sum.
Performed a total of 0 changes.

3.14.5. Executing OPT_MERGE pass (detect identical cells).
Finding identical cells in module `\stream_sum'.
Computing hashes of 12 cells of `\stream_sum'.
Finding duplicate cells in `\stream_sum'.
Removed a total of 0 cells.

3.14.6. Executing OPT_DFF pass (perform DFF optimizations).

3.14.7. Executing OPT_CLEAN pass (remove unused cells and wires).
Finding unused cells or wires in module \stream_sum..
Removed 2 unused cells and 2 unused wires.
<suppressed ~4 debug messages>

3.14.8. Executing OPT_EXPR pass (perform const folding).
Optimizing module stream_sum.

3.14.9. Rerunning OPT passes. (Maybe there is more to do..)

3.14.10. Executing OPT_MUXTREE pass (detect dead branches in mux trees).
Running muxtree optimizer on module \stream_sum..
  Creating internal representation of mux trees.
  No muxes found in this module.
Removed 0 multiplexer ports.

3.14.11. Executing OPT_REDUCE pass (consolidate $*mux and $reduce_* inputs).
  Optimizing cells in module \stream_sum.
Performed a total of 0 changes.

3.14.12. Executing OPT_MERGE pass (detect identical cells).
Finding identical cells in module `\stream_sum'.
Computing hashes of 10 cells of `\stream_sum'.
Finding duplicate cells in `\stream_sum'.
Removed a total of 0 cells.

3.14.13. Executing OPT_DFF pass (perform DFF optimizations).

3.14.14. Executing OPT_CLEAN pass (remove unused cells and wires).
Finding unused cells or wires in module \stream_sum..

3.14.15. Executing OPT_EXPR pass (perform const folding).
Optimizing module stream_sum.

3.14.16. Finished fast OPT passes. (There is nothing left to do.)

3.15. Executing MEMORY pass.

3.15.1. Executing OPT_MEM pass (optimize memories).
Performed a total of 0 transformations.

3.15.2. Executing OPT_MEM_PRIORITY pass (removing unnecessary memory write priority relations).
Performed a total of 0 transformations.

3.15.3. Executing OPT_MEM_FEEDBACK pass (finding memory read-to-write feedback paths).

3.15.4. Executing MEMORY_BMUX2ROM pass (converting muxes to ROMs).

3.15.5. Executing MEMORY_DFF pass (merging $dff cells to $memrd).

3.15.6. Executing OPT_CLEAN pass (remove unused cells and wires).
Finding unused cells or wires in module \stream_sum..

3.15.7. Executing MEMORY_SHARE pass (consolidating $memrd/$memwr cells).

3.15.8. Executing OPT_MEM_WIDEN pass (optimize memories where all ports are wide).
Performed a total of 0 transformations.

3.15.9. Executing OPT_CLEAN pass (remove unused cells and wires).
Finding unused cells or wires in module \stream_sum..

3.15.10. Executing MEMORY_COLLECT pass (generating $mem cells).

3.16. Executing OPT_CLEAN pass (remove unused cells and wires).
Finding unused cells or wires in module \stream_sum..

3.17. Executing OPT pass (performing simple optimizations).

3.17.1. Executing OPT_EXPR pass (perform const folding).
Optimizing module stream_sum.

3.17.2. Executing OPT_MERGE pass (detect identical cells).
Finding identical cells in module `\stream_sum'.
Computing hashes of 10 cells of `\stream_sum'.
Finding duplicate cells in `\stream_sum'.
Removed a total of 0 cells.

3.17.3. Executing OPT_DFF pass (perform DFF optimizations).

3.17.4. Executing OPT_CLEAN pass (remove unused cells and wires).
Finding unused cells or wires in module \stream_sum..

3.17.5. Finished fast OPT passes.

3.18. Executing MEMORY_MAP pass (converting memories to logic and flip-flops).

3.19. Executing OPT pass (performing simple optimizations).

3.19.1. Executing OPT_EXPR pass (perform const folding).
Optimizing module stream_sum.

3.19.2. Executing OPT_MERGE pass (detect identical cells).
Finding identical cells in module `\stream_sum'.
Computing hashes of 10 cells of `\stream_sum'.
Finding duplicate cells in `\stream_sum'.
Removed a total of 0 cells.

3.19.3. Executing OPT_MUXTREE pass (detect dead branches in mux trees).
Running muxtree optimizer on module \stream_sum..
  Creating internal representation of mux trees.
  No muxes found in this module.
Removed 0 multiplexer ports.

3.19.4. Executing OPT_REDUCE pass (consolidate $*mux and $reduce_* inputs).
  Optimizing cells in module \stream_sum.
Performed a total of 0 changes.

3.19.5. Executing OPT_MERGE pass (detect identical cells).
Finding identical cells in module `\stream_sum'.
Computing hashes of 10 cells of `\stream_sum'.
Finding duplicate cells in `\stream_sum'.
Removed a total of 0 cells.

3.19.6. Executing OPT_SHARE pass.

3.19.7. Executing OPT_DFF pass (perform DFF optimizations).

3.19.8. Executing OPT_CLEAN pass (remove unused cells and wires).
Finding unused cells or wires in module \stream_sum..

3.19.9. Executing OPT_EXPR pass (perform const folding).
Optimizing module stream_sum.

3.19.10. Finished fast OPT passes. (There is nothing left to do.)

3.20. Executing TECHMAP pass (map to technology primitives).

3.20.1. Executing Verilog-2005 frontend: /share/techmap.v
Parsing Verilog input from `/share/techmap.v' to AST representation.
Generating RTLIL representation for module `\_90_simplemap_bool_ops'.
Generating RTLIL representation for module `\_90_simplemap_reduce_ops'.
Generating RTLIL representation for module `\_90_simplemap_logic_ops'.
Generating RTLIL representation for module `\_90_simplemap_compare_ops'.
Generating RTLIL representation for module `\_90_simplemap_various'.
Generating RTLIL representation for module `\_90_simplemap_registers'.
Generating RTLIL representation for module `\_90_shift_ops_shr_shl_sshl_sshr'.
Generating RTLIL representation for module `\_90_shift_shiftx'.
Generating RTLIL representation for module `\_90_fa'.
Generating RTLIL representation for module `\_90_lcu_brent_kung'.
Generating RTLIL representation for module `\_90_alu'.
Generating RTLIL representation for module `\_90_macc'.
Generating RTLIL representation for module `\_90_alumacc'.
Generating RTLIL representation for module `$__div_mod_u'.
Generating RTLIL representation for module `$__div_mod_trunc'.
Generating RTLIL representation for module `\_90_div'.
Generating RTLIL representation for module `\_90_mod'.
Generating RTLIL representation for module `$__div_mod_floor'.
Generating RTLIL representation for module `\_90_divfloor'.
Generating RTLIL representation for module `\_90_modfloor'.
Generating RTLIL representation for module `\_90_pow'.
Generating RTLIL representation for module `\_90_demux'.
Generating RTLIL representation for module `\_90_lut'.
Generating RTLIL representation for module `$connect'.
Generating RTLIL representation for module `$input_port'.
Successfully finished Verilog frontend.

3.20.2. Continuing TECHMAP pass.
Using extmapper maccmap for cells of type $macc_v2.
  add \a (16 bits, unsigned)
  add \c (16 bits, unsigned)
  add \b (16 bits, unsigned)
  add \d (16 bits, unsigned)
Using extmapper simplemap for cells of type $sdffe.
Using extmapper simplemap for cells of type $reduce_and.
Using extmapper simplemap for cells of type $not.
Using extmapper simplemap for cells of type $dffe.
Using extmapper simplemap for cells of type $logic_not.
Using extmapper simplemap for cells of type $logic_or.
Using extmapper simplemap for cells of type $logic_and.
Using template $paramod\_90_fa\WIDTH=32'00000000000000000000000000010000 for cells of type $fa.
Using template $paramod\_90_fa\WIDTH=32'00000000000000000000000000010001 for cells of type $fa.
Using template $paramod$12350b8c8422a70d10b7db4eaae1202a7148b784\_90_alu for cells of type $alu.
Using extmapper simplemap for cells of type $or.
Using extmapper simplemap for cells of type $xor.
Using extmapper simplemap for cells of type $and.
Using template $paramod\_90_fa\WIDTH=32'00000000000000000000000000010010 for cells of type $fa.
Using template $paramod\_90_lcu_brent_kung\WIDTH=32'00000000000000000000000000010010 for cells of type $lcu.
Using extmapper simplemap for cells of type $pos.
Using extmapper simplemap for cells of type $mux.
No more expansions possible.
<suppressed ~332 debug messages>

3.21. Executing OPT pass (performing simple optimizations).

3.21.1. Executing OPT_EXPR pass (perform const folding).
Optimizing module stream_sum.
<suppressed ~99 debug messages>

3.21.2. Executing OPT_MERGE pass (detect identical cells).
Finding identical cells in module `\stream_sum'.
Computing hashes of 310 cells of `\stream_sum'.
Finding duplicate cells in `\stream_sum'.
Computing hashes of 309 cells of `\stream_sum'.
Finding duplicate cells in `\stream_sum'.
<suppressed ~3 debug messages>
Removed a total of 1 cells.

3.21.3. Executing OPT_DFF pass (perform DFF optimizations).

3.21.4. Executing OPT_CLEAN pass (remove unused cells and wires).
Finding unused cells or wires in module \stream_sum..
Removed 16 unused cells and 67 unused wires.
<suppressed ~17 debug messages>

3.21.5. Finished fast OPT passes.

3.22. Executing ABC pass (technology mapping using ABC).

3.22.1. Extracting gate netlist of module `\stream_sum' to `<abc-temp-dir>/input.blif'..

3.22.1.1. Executed ABC.
Extracted 274 gates and 342 wires to a netlist network with 68 inputs and 22 outputs.
Running ABC script: <abc-temp-dir>/abc.script

3.22.1.2. Re-integrating ABC results.
ABC RESULTS:               AND cells:       31
ABC RESULTS:            ANDNOT cells:        3
ABC RESULTS:              NAND cells:       86
ABC RESULTS:               NOT cells:        1
ABC RESULTS:                OR cells:       29
ABC RESULTS:             ORNOT cells:        1
ABC RESULTS:              XNOR cells:       36
ABC RESULTS:               XOR cells:       55
ABC RESULTS:        internal signals:      252
ABC RESULTS:           input signals:       68
ABC RESULTS:          output signals:       22
Removing temp directory.
Removing global temp directory.

3.23. Executing OPT pass (performing simple optimizations).

3.23.1. Executing OPT_EXPR pass (perform const folding).
Optimizing module stream_sum.

3.23.2. Executing OPT_MERGE pass (detect identical cells).
Finding identical cells in module `\stream_sum'.
Computing hashes of 261 cells of `\stream_sum'.
Finding duplicate cells in `\stream_sum'.
Removed a total of 0 cells.

3.23.3. Executing OPT_DFF pass (perform DFF optimizations).

3.23.4. Executing OPT_CLEAN pass (remove unused cells and wires).
Finding unused cells or wires in module \stream_sum..
Removed 0 unused cells and 151 unused wires.
<suppressed ~1 debug messages>

3.23.5. Finished fast OPT passes.

3.24. Executing HIERARCHY pass (managing design hierarchy).
Attribute `top' found on module `stream_sum'. Setting top module to stream_sum.

3.24.1. Analyzing design hierarchy..
Top module:  \stream_sum

3.24.2. Analyzing design hierarchy..
Top module:  \stream_sum
Removed 0 unused modules.

3.25. Printing statistics.

=== stream_sum ===

        +----------Local Count, excluding submodules.
        | 
      239 wires
      400 wire bits
       14 public wires
      108 public wire bits
       11 ports
       88 port bits
      261 cells
        3   $_ANDNOT_
       31   $_AND_
       18   $_DFFE_PP_
       86   $_NAND_
        1   $_NOT_
        1   $_ORNOT_
       29   $_OR_
        1   $_SDFFE_PP0P_
       36   $_XNOR_
       55   $_XOR_

3.26. Executing CHECK pass (checking for obvious problems).
Checking module stream_sum...
Found and reported 0 problems.

4. Executing CHECK pass (checking for obvious problems).
Checking module stream_sum...
Found and reported 0 problems.
{
   "creator": "Yosys 0.69 (git sha1 9f75ca1f9, Release, Clang /workspace/YoWASP/yosys/wasi-sdk-33.0-x86_64-linux/share/cmake/../..//bin/clang++ 22.1.0)",
   "invocation": "stat -json ",
   "modules": {
      "\\stream_sum": {
         "num_wires":         239,
         "num_wire_bits":     400,
         "num_pub_wires":     14,
         "num_pub_wire_bits": 108,
         "num_ports":         11,
         "num_port_bits":     88,
         "num_memories":      0,
         "num_memory_bits":   0,
         "num_processes":     0,
         "num_cells":         261,
         "num_submodules":       0,
         "num_cells_by_type": {
            "$_ANDNOT_": 3,
            "$_AND_": 31,
            "$_DFFE_PP_": 18,
            "$_NAND_": 86,
            "$_NOT_": 1,
            "$_ORNOT_": 1,
            "$_OR_": 29,
            "$_SDFFE_PP0P_": 1,
            "$_XNOR_": 36,
            "$_XOR_": 55
         }
      }
   },
      "design": {
         "num_wires":         239,
         "num_wire_bits":     400,
         "num_pub_wires":     14,
         "num_pub_wire_bits": 108,
         "num_ports":         11,
         "num_port_bits":     88,
         "num_memories":      0,
         "num_memory_bits":   0,
         "num_processes":     0,
         "num_cells":         261,
         "num_submodules":       0,
         "num_cells_by_type": {
            "$_ANDNOT_": 3,
            "$_AND_": 31,
            "$_DFFE_PP_": 18,
            "$_NAND_": 86,
            "$_NOT_": 1,
            "$_ORNOT_": 1,
            "$_OR_": 29,
            "$_SDFFE_PP0P_": 1,
            "$_XNOR_": 36,
            "$_XOR_": 55
         }
      }
}

5. Executing LTP pass (find longest path).

Longest topological path in stream_sum (length=37):
    0: \a [0]
    1: $abc$643$new_n259 (via $abc$643$auto$blifparse.cc:397:parse_blif$812)
    2: $abc$643$new_n260 (via $abc$643$auto$blifparse.cc:397:parse_blif$813)
    3: $abc$643$new_n261 (via $abc$643$auto$blifparse.cc:397:parse_blif$814)
    4: $abc$643$new_n264 (via $abc$643$auto$blifparse.cc:397:parse_blif$817)
    5: $abc$643$new_n265 (via $abc$643$auto$blifparse.cc:397:parse_blif$818)
    6: $abc$643$new_n266 (via $abc$643$auto$blifparse.cc:397:parse_blif$819)
    7: $abc$643$new_n273 (via $abc$643$auto$blifparse.cc:397:parse_blif$826)
    8: $abc$643$new_n274 (via $abc$643$auto$blifparse.cc:397:parse_blif$827)
    9: $abc$643$new_n275 (via $abc$643$auto$blifparse.cc:397:parse_blif$828)
   10: $abc$643$new_n277 (via $abc$643$auto$blifparse.cc:397:parse_blif$830)
   11: $abc$643$new_n278 (via $abc$643$auto$blifparse.cc:397:parse_blif$831)
   12: $abc$643$new_n280 (via $abc$643$auto$blifparse.cc:397:parse_blif$833)
   13: $abc$643$new_n281 (via $abc$643$auto$blifparse.cc:397:parse_blif$834)
   14: $abc$643$new_n283 (via $abc$643$auto$blifparse.cc:397:parse_blif$836)
   15: $abc$643$new_n284 (via $abc$643$auto$blifparse.cc:397:parse_blif$837)
   16: $abc$643$new_n285 (via $abc$643$auto$blifparse.cc:397:parse_blif$838)
   17: $abc$643$new_n286 (via $abc$643$auto$blifparse.cc:397:parse_blif$839)
   18: $abc$643$new_n287 (via $abc$643$auto$blifparse.cc:397:parse_blif$840)
   19: $abc$643$new_n288 (via $abc$643$auto$blifparse.cc:397:parse_blif$841)
   20: $abc$643$new_n290 (via $abc$643$auto$blifparse.cc:397:parse_blif$843)
   21: $abc$643$new_n291 (via $abc$643$auto$blifparse.cc:397:parse_blif$844)
   22: $abc$643$new_n293 (via $abc$643$auto$blifparse.cc:397:parse_blif$846)
   23: $abc$643$new_n294 (via $abc$643$auto$blifparse.cc:397:parse_blif$847)
   24: $abc$643$new_n295 (via $abc$643$auto$blifparse.cc:397:parse_blif$848)
   25: $abc$643$new_n296 (via $abc$643$auto$blifparse.cc:397:parse_blif$849)
   26: $abc$643$new_n297 (via $abc$643$auto$blifparse.cc:397:parse_blif$850)
   27: $abc$643$new_n298 (via $abc$643$auto$blifparse.cc:397:parse_blif$851)
   28: $abc$643$new_n299 (via $abc$643$auto$blifparse.cc:397:parse_blif$852)
   29: $abc$643$new_n300 (via $abc$643$auto$blifparse.cc:397:parse_blif$853)
   30: $abc$643$new_n301 (via $abc$643$auto$blifparse.cc:397:parse_blif$854)
   31: $abc$643$new_n302 (via $abc$643$auto$blifparse.cc:397:parse_blif$855)
   32: $abc$643$new_n303 (via $abc$643$auto$blifparse.cc:397:parse_blif$856)
   33: $abc$643$new_n304 (via $abc$643$auto$blifparse.cc:397:parse_blif$857)
   34: $abc$643$new_n305 (via $abc$643$auto$blifparse.cc:397:parse_blif$858)
   35: $abc$643$new_n306 (via $abc$643$auto$blifparse.cc:397:parse_blif$859)
   36: $abc$643$new_n307 (via $abc$643$auto$blifparse.cc:397:parse_blif$860)
   37: $auto$maccmap.cc:240:synth$120.CO [16] (via $abc$643$auto$blifparse.cc:397:parse_blif$861)
   ff: \single.value [17] (via $auto$ff.cc:337:slice$147)

6. Executing Verilog backend.

6.1. Executing BMUXMAP pass.

6.2. Executing DEMUXMAP pass.
Dumping module `\stream_sum'.

End of script. Logfile hash: 8a4e4a6055, time: 0.17s, user: 0.17s, system: 0.00s
Yosys 0.69 (git sha1 9f75ca1f9, Release, Clang /workspace/YoWASP/yosys/wasi-sdk-33.0-x86_64-linux/share/cmake/../..//bin/clang++ 22.1.0)
Time spent: 42% 1x abc (0 sec), 12% 3x read_verilog (0 sec), ...

=== ice40 WIDTH=16 PIPE=1 ===

 /----------------------------------------------------------------------------\
 |  yosys -- Yosys Open SYnthesis Suite                                       |
 |  Copyright (C) 2012 - 2026  Claire Xenia Wolf <claire@yosyshq.com>         |
 |  Distributed under an ISC-like license, type "license" to see terms        |
 \----------------------------------------------------------------------------/
 Yosys 0.69 (git sha1 9f75ca1f9, Release, Clang /workspace/YoWASP/yosys/wasi-sdk-33.0-x86_64-linux/share/cmake/../..//bin/clang++ 22.1.0)

-- Running command `read_verilog -sv rtl/stream_sum.sv; chparam -set WIDTH 16 -set PIPE 1 stream_sum; synth_ice40 -top stream_sum; check -assert; tee -o results/ice40_16_1.json stat -json' --

1. Executing Verilog-2005 frontend: rtl/stream_sum.sv
Parsing SystemVerilog input from `rtl/stream_sum.sv' to AST representation.
Generating RTLIL representation for module `\stream_sum'.
Successfully finished Verilog frontend.
Parameter \WIDTH = 16
Parameter \PIPE = 1

2. Executing AST frontend in derive mode using pre-parsed AST for module `\stream_sum'.
Parameter \WIDTH = 16
Parameter \PIPE = 1
Generating RTLIL representation for module `$paramod$050263a659b25705bf9d461c6ef7d72f16bbc9e6\stream_sum'.

3. Executing SYNTH_ICE40 pass.

3.1. Executing Verilog-2005 frontend: /share/ice40/cells_sim.v
Parsing Verilog input from `/share/ice40/cells_sim.v' to AST representation.
Generating RTLIL representation for module `\SB_IO'.
Generating RTLIL representation for module `\SB_GB_IO'.
Generating RTLIL representation for module `\SB_GB'.
Generating RTLIL representation for module `\SB_LUT4'.
Generating RTLIL representation for module `\SB_CARRY'.
Generating RTLIL representation for module `\SB_DFF'.
Generating RTLIL representation for module `\SB_DFFE'.
Generating RTLIL representation for module `\SB_DFFSR'.
Generating RTLIL representation for module `\SB_DFFR'.
Generating RTLIL representation for module `\SB_DFFSS'.
Generating RTLIL representation for module `\SB_DFFS'.
Generating RTLIL representation for module `\SB_DFFESR'.
Generating RTLIL representation for module `\SB_DFFER'.
Generating RTLIL representation for module `\SB_DFFESS'.
Generating RTLIL representation for module `\SB_DFFES'.
Generating RTLIL representation for module `\SB_DFFN'.
Generating RTLIL representation for module `\SB_DFFNE'.
Generating RTLIL representation for module `\SB_DFFNSR'.
Generating RTLIL representation for module `\SB_DFFNR'.
Generating RTLIL representation for module `\SB_DFFNSS'.
Generating RTLIL representation for module `\SB_DFFNS'.
Generating RTLIL representation for module `\SB_DFFNESR'.
Generating RTLIL representation for module `\SB_DFFNER'.
Generating RTLIL representation for module `\SB_DFFNESS'.
Generating RTLIL representation for module `\SB_DFFNES'.
Generating RTLIL representation for module `\SB_RAM40_4K'.
Generating RTLIL representation for module `\SB_RAM40_4KNR'.
Generating RTLIL representation for module `\SB_RAM40_4KNW'.
Generating RTLIL representation for module `\SB_RAM40_4KNRNW'.
Generating RTLIL representation for module `\ICESTORM_LC'.
Generating RTLIL representation for module `\SB_PLL40_CORE'.
Generating RTLIL representation for module `\SB_PLL40_PAD'.
Generating RTLIL representation for module `\SB_PLL40_2_PAD'.
Generating RTLIL representation for module `\SB_PLL40_2F_CORE'.
Generating RTLIL representation for module `\SB_PLL40_2F_PAD'.
Generating RTLIL representation for module `\SB_WARMBOOT'.
Generating RTLIL representation for module `\SB_SPRAM256KA'.
Generating RTLIL representation for module `\SB_HFOSC'.
Generating RTLIL representation for module `\SB_LFOSC'.
Generating RTLIL representation for module `\SB_RGBA_DRV'.
Generating RTLIL representation for module `\SB_LED_DRV_CUR'.
Generating RTLIL representation for module `\SB_RGB_DRV'.
Generating RTLIL representation for module `\SB_I2C'.
Generating RTLIL representation for module `\SB_SPI'.
Generating RTLIL representation for module `\SB_LEDDA_IP'.
Generating RTLIL representation for module `\SB_FILTER_50NS'.
Generating RTLIL representation for module `\SB_IO_I3C'.
Generating RTLIL representation for module `\SB_IO_OD'.
Generating RTLIL representation for module `\SB_MAC16'.
Generating RTLIL representation for module `\ICESTORM_RAM'.
Successfully finished Verilog frontend.

3.2. Executing HIERARCHY pass (managing design hierarchy).

3.2.1. Analyzing design hierarchy..
Top module:  \stream_sum

3.2.2. Analyzing design hierarchy..
Top module:  \stream_sum
Removed 0 unused modules.

3.3. Executing PROC pass (convert processes to netlists).

3.3.1. Executing PROC_CLEAN pass (remove empty switches from decision trees).
Cleaned up 0 empty switches.

3.3.2. Executing PROC_RMDEAD pass (remove dead branches from decision trees).
Marked 1 switch rules as full_case in process $proc$rtl/stream_sum.sv:21$19 in module stream_sum.
Removed a total of 0 dead cases.

3.3.3. Executing PROC_PRUNE pass (remove redundant assignments in processes).
Removed 0 redundant assignments.
Promoted 0 assignments to connections.

3.3.4. Executing PROC_INIT pass (extract init attributes).

3.3.5. Executing PROC_ARST pass (detect async resets in processes).

3.3.6. Executing PROC_ROM pass (convert switches to ROMs).
Converted 0 switches.
<suppressed ~3 debug messages>

3.3.7. Executing PROC_MUX pass (convert decision trees to multiplexers).
Creating decoders for process `\stream_sum.$proc$rtl/stream_sum.sv:21$19'.
     1/2: $0\single.value[17:0]
     2/2: $0\single.valid[0:0]

3.3.8. Executing PROC_DLATCH pass (convert process syncs to latches).

3.3.9. Executing PROC_DFF pass (convert process syncs to FFs).
Creating register for signal `\stream_sum.\single.valid' using process `\stream_sum.$proc$rtl/stream_sum.sv:21$19'.
  created $dff cell `$procdff$413' with positive edge clock.
Creating register for signal `\stream_sum.\single.value' using process `\stream_sum.$proc$rtl/stream_sum.sv:21$19'.
  created $dff cell `$procdff$414' with positive edge clock.

3.3.10. Executing PROC_MEMWR pass (convert process memory writes to cells).

3.3.11. Executing PROC_CLEAN pass (remove empty switches from decision trees).
Found and cleaned up 3 empty switches in `\stream_sum.$proc$rtl/stream_sum.sv:21$19'.
Removing empty process `stream_sum.$proc$rtl/stream_sum.sv:21$19'.
Cleaned up 3 empty switches.

3.3.12. Executing OPT_EXPR pass (perform const folding).
Optimizing module stream_sum.

3.4. Executing CHECK pass (checking for obvious problems).
Checking module stream_sum...
Found and reported 0 problems.

3.5. Executing FLATTEN pass (flatten design).

3.6. Executing TRIBUF pass.

3.7. Executing DEMINOUT pass (demote inout ports to input or output).

3.8. Executing OPT_EXPR pass (perform const folding).
Optimizing module stream_sum.

3.9. Executing OPT_CLEAN pass (remove unused cells and wires).
Finding unused cells or wires in module \stream_sum..
Removed 0 unused cells and 12 unused wires.
<suppressed ~1 debug messages>

3.10. Executing CHECK pass (checking for obvious problems).
Checking module stream_sum...
Found and reported 0 problems.

3.11. Executing OPT pass (performing simple optimizations).

3.11.1. Executing OPT_EXPR pass (perform const folding).
Optimizing module stream_sum.

3.11.2. Executing OPT_MERGE pass (detect identical cells).
Finding identical cells in module `\stream_sum'.
Computing hashes of 16 cells of `\stream_sum'.
Finding duplicate cells in `\stream_sum'.
Computing hashes of 15 cells of `\stream_sum'.
Finding duplicate cells in `\stream_sum'.
<suppressed ~3 debug messages>
Removed a total of 1 cells.

3.11.3. Executing OPT_MUXTREE pass (detect dead branches in mux trees).
Running muxtree optimizer on module \stream_sum..
  Creating internal representation of mux trees.
  Evaluating internal representation of mux trees.
  Analyzing evaluation results.
Removed 0 multiplexer ports.
<suppressed ~7 debug messages>

3.11.4. Executing OPT_REDUCE pass (consolidate $*mux and $reduce_* inputs).
  Optimizing cells in module \stream_sum.
Performed a total of 0 changes.

3.11.5. Executing OPT_MERGE pass (detect identical cells).
Finding identical cells in module `\stream_sum'.
Computing hashes of 15 cells of `\stream_sum'.
Finding duplicate cells in `\stream_sum'.
Removed a total of 0 cells.

3.11.6. Executing OPT_DFF pass (perform DFF optimizations).

3.11.7. Executing OPT_CLEAN pass (remove unused cells and wires).
Finding unused cells or wires in module \stream_sum..
Removed 0 unused cells and 1 unused wires.
<suppressed ~1 debug messages>

3.11.8. Executing OPT_EXPR pass (perform const folding).
Optimizing module stream_sum.

3.11.9. Rerunning OPT passes. (Maybe there is more to do..)

3.11.10. Executing OPT_MUXTREE pass (detect dead branches in mux trees).
Running muxtree optimizer on module \stream_sum..
  Creating internal representation of mux trees.
  Evaluating internal representation of mux trees.
  Analyzing evaluation results.
Removed 0 multiplexer ports.
<suppressed ~7 debug messages>

3.11.11. Executing OPT_REDUCE pass (consolidate $*mux and $reduce_* inputs).
  Optimizing cells in module \stream_sum.
Performed a total of 0 changes.

3.11.12. Executing OPT_MERGE pass (detect identical cells).
Finding identical cells in module `\stream_sum'.
Computing hashes of 15 cells of `\stream_sum'.
Finding duplicate cells in `\stream_sum'.
Removed a total of 0 cells.

3.11.13. Executing OPT_DFF pass (perform DFF optimizations).

3.11.14. Executing OPT_CLEAN pass (remove unused cells and wires).
Finding unused cells or wires in module \stream_sum..

3.11.15. Executing OPT_EXPR pass (perform const folding).
Optimizing module stream_sum.

3.11.16. Finished fast OPT passes. (There is nothing left to do.)

3.12. Executing FSM pass (extract and optimize FSM).

3.12.1. Executing FSM_DETECT pass (finding FSMs in design).

3.12.2. Executing FSM_EXTRACT pass (extracting FSM from design).

3.12.3. Executing FSM_OPT pass (simple optimizations of FSMs).

3.12.4. Executing OPT_CLEAN pass (remove unused cells and wires).
Finding unused cells or wires in module \stream_sum..

3.12.5. Executing FSM_OPT pass (simple optimizations of FSMs).

3.12.6. Executing FSM_RECODE pass (re-assigning FSM state encoding).

3.12.7. Executing FSM_INFO pass (dumping all available information on FSM cells).

3.12.8. Executing FSM_MAP pass (mapping FSMs to basic logic).

3.13. Executing OPT pass (performing simple optimizations).

3.13.1. Executing OPT_EXPR pass (perform const folding).
Optimizing module stream_sum.

3.13.2. Executing OPT_MERGE pass (detect identical cells).
Finding identical cells in module `\stream_sum'.
Computing hashes of 15 cells of `\stream_sum'.
Finding duplicate cells in `\stream_sum'.
Removed a total of 0 cells.

3.13.3. Executing OPT_MUXTREE pass (detect dead branches in mux trees).
Running muxtree optimizer on module \stream_sum..
  Creating internal representation of mux trees.
  Evaluating internal representation of mux trees.
  Analyzing evaluation results.
Removed 0 multiplexer ports.
<suppressed ~7 debug messages>

3.13.4. Executing OPT_REDUCE pass (consolidate $*mux and $reduce_* inputs).
  Optimizing cells in module \stream_sum.
Performed a total of 0 changes.

3.13.5. Executing OPT_MERGE pass (detect identical cells).
Finding identical cells in module `\stream_sum'.
Computing hashes of 15 cells of `\stream_sum'.
Finding duplicate cells in `\stream_sum'.
Removed a total of 0 cells.

3.13.6. Executing OPT_DFF pass (perform DFF optimizations).
Adding EN signal on $procdff$414 ($dff) from module stream_sum (D = $add$rtl/stream_sum.sv:25$20_Y, Q = \single.value).
Adding SRST signal on $procdff$413 ($dff) from module stream_sum (D = $procmux$408_Y, Q = \single.valid, rval = 1'0).
Adding EN signal on $auto$ff.cc:337:slice$420 ($sdff) from module stream_sum (D = \s_valid, Q = \single.valid).

3.13.7. Executing OPT_CLEAN pass (remove unused cells and wires).
Finding unused cells or wires in module \stream_sum..
Removed 5 unused cells and 5 unused wires.
<suppressed ~6 debug messages>

3.13.8. Executing OPT_EXPR pass (perform const folding).
Optimizing module stream_sum.

3.13.9. Rerunning OPT passes. (Maybe there is more to do..)

3.13.10. Executing OPT_MUXTREE pass (detect dead branches in mux trees).
Running muxtree optimizer on module \stream_sum..
  Creating internal representation of mux trees.
  No muxes found in this module.
Removed 0 multiplexer ports.

3.13.11. Executing OPT_REDUCE pass (consolidate $*mux and $reduce_* inputs).
  Optimizing cells in module \stream_sum.
Performed a total of 0 changes.

3.13.12. Executing OPT_MERGE pass (detect identical cells).
Finding identical cells in module `\stream_sum'.
Computing hashes of 12 cells of `\stream_sum'.
Finding duplicate cells in `\stream_sum'.
Removed a total of 0 cells.

3.13.13. Executing OPT_DFF pass (perform DFF optimizations).

3.13.14. Executing OPT_CLEAN pass (remove unused cells and wires).
Finding unused cells or wires in module \stream_sum..

3.13.15. Executing OPT_EXPR pass (perform const folding).
Optimizing module stream_sum.

3.13.16. Finished fast OPT passes. (There is nothing left to do.)

3.14. Executing WREDUCE pass (reducing word size of cells).
Removed top 1 bits (of 17) from port A of cell stream_sum.$add$rtl/stream_sum.sv:16$13 ($add).
Removed top 1 bits (of 17) from port B of cell stream_sum.$add$rtl/stream_sum.sv:16$13 ($add).
Removed top 1 bits (of 17) from port A of cell stream_sum.$add$rtl/stream_sum.sv:17$14 ($add).
Removed top 1 bits (of 17) from port B of cell stream_sum.$add$rtl/stream_sum.sv:17$14 ($add).
Removed top 1 bits (of 18) from port A of cell stream_sum.$add$rtl/stream_sum.sv:25$20 ($add).
Removed top 1 bits (of 18) from port B of cell stream_sum.$add$rtl/stream_sum.sv:25$20 ($add).

3.15. Executing PEEPOPT pass (run peephole optimizers).

3.16. Executing OPT_CLEAN pass (remove unused cells and wires).
Finding unused cells or wires in module \stream_sum..

3.17. Executing SHARE pass (SAT-based resource sharing).

3.18. Executing TECHMAP pass (map to technology primitives).

3.18.1. Executing Verilog-2005 frontend: /share/cmp2lut.v
Parsing Verilog input from `/share/cmp2lut.v' to AST representation.
Generating RTLIL representation for module `\_90_lut_cmp_'.
Successfully finished Verilog frontend.

3.18.2. Continuing TECHMAP pass.
No more expansions possible.
<suppressed ~6 debug messages>

3.19. Executing OPT_EXPR pass (perform const folding).
Optimizing module stream_sum.

3.20. Executing OPT_CLEAN pass (remove unused cells and wires).
Finding unused cells or wires in module \stream_sum..

3.21. Executing ALUMACC pass (create $alu and $macc cells).
Extracting $alu and $macc cells in module stream_sum:
  creating $macc model for $add$rtl/stream_sum.sv:16$13 ($add).
  creating $macc model for $add$rtl/stream_sum.sv:17$14 ($add).
  creating $macc model for $add$rtl/stream_sum.sv:25$20 ($add).
  merging $macc model for $add$rtl/stream_sum.sv:16$13 into $add$rtl/stream_sum.sv:25$20.
  merging $macc model for $add$rtl/stream_sum.sv:17$14 into $add$rtl/stream_sum.sv:25$20.
  creating $macc cell for $add$rtl/stream_sum.sv:25$20: $auto$alumacc.cc:399:replace_macc$423
  created 0 $alu and 1 $macc cells.

3.22. Executing OPT pass (performing simple optimizations).

3.22.1. Executing OPT_EXPR pass (perform const folding).
Optimizing module stream_sum.

3.22.2. Executing OPT_MERGE pass (detect identical cells).
Finding identical cells in module `\stream_sum'.
Computing hashes of 12 cells of `\stream_sum'.
Finding duplicate cells in `\stream_sum'.
Removed a total of 0 cells.

3.22.3. Executing OPT_MUXTREE pass (detect dead branches in mux trees).
Running muxtree optimizer on module \stream_sum..
  Creating internal representation of mux trees.
  No muxes found in this module.
Removed 0 multiplexer ports.

3.22.4. Executing OPT_REDUCE pass (consolidate $*mux and $reduce_* inputs).
  Optimizing cells in module \stream_sum.
Performed a total of 0 changes.

3.22.5. Executing OPT_MERGE pass (detect identical cells).
Finding identical cells in module `\stream_sum'.
Computing hashes of 12 cells of `\stream_sum'.
Finding duplicate cells in `\stream_sum'.
Removed a total of 0 cells.

3.22.6. Executing OPT_DFF pass (perform DFF optimizations).

3.22.7. Executing OPT_CLEAN pass (remove unused cells and wires).
Finding unused cells or wires in module \stream_sum..
Removed 2 unused cells and 2 unused wires.
<suppressed ~4 debug messages>

3.22.8. Executing OPT_EXPR pass (perform const folding).
Optimizing module stream_sum.

3.22.9. Rerunning OPT passes. (Maybe there is more to do..)

3.22.10. Executing OPT_MUXTREE pass (detect dead branches in mux trees).
Running muxtree optimizer on module \stream_sum..
  Creating internal representation of mux trees.
  No muxes found in this module.
Removed 0 multiplexer ports.

3.22.11. Executing OPT_REDUCE pass (consolidate $*mux and $reduce_* inputs).
  Optimizing cells in module \stream_sum.
Performed a total of 0 changes.

3.22.12. Executing OPT_MERGE pass (detect identical cells).
Finding identical cells in module `\stream_sum'.
Computing hashes of 10 cells of `\stream_sum'.
Finding duplicate cells in `\stream_sum'.
Removed a total of 0 cells.

3.22.13. Executing OPT_DFF pass (perform DFF optimizations).

3.22.14. Executing OPT_CLEAN pass (remove unused cells and wires).
Finding unused cells or wires in module \stream_sum..

3.22.15. Executing OPT_EXPR pass (perform const folding).
Optimizing module stream_sum.

3.22.16. Finished fast OPT passes. (There is nothing left to do.)

3.23. Executing MEMORY pass.

3.23.1. Executing OPT_MEM pass (optimize memories).
Performed a total of 0 transformations.

3.23.2. Executing OPT_MEM_PRIORITY pass (removing unnecessary memory write priority relations).
Performed a total of 0 transformations.

3.23.3. Executing OPT_MEM_FEEDBACK pass (finding memory read-to-write feedback paths).

3.23.4. Executing MEMORY_BMUX2ROM pass (converting muxes to ROMs).

3.23.5. Executing MEMORY_DFF pass (merging $dff cells to $memrd).

3.23.6. Executing OPT_CLEAN pass (remove unused cells and wires).
Finding unused cells or wires in module \stream_sum..

3.23.7. Executing MEMORY_SHARE pass (consolidating $memrd/$memwr cells).

3.23.8. Executing OPT_MEM_WIDEN pass (optimize memories where all ports are wide).
Performed a total of 0 transformations.

3.23.9. Executing OPT_CLEAN pass (remove unused cells and wires).
Finding unused cells or wires in module \stream_sum..

3.23.10. Executing MEMORY_COLLECT pass (generating $mem cells).

3.24. Executing OPT_CLEAN pass (remove unused cells and wires).
Finding unused cells or wires in module \stream_sum..

3.25. Executing MEMORY_LIBMAP pass (mapping memories to cells).

3.26. Executing TECHMAP pass (map to technology primitives).

3.26.1. Executing Verilog-2005 frontend: /share/ice40/brams_map.v
Parsing Verilog input from `/share/ice40/brams_map.v' to AST representation.
Generating RTLIL representation for module `$__ICE40_RAM4K_'.
Successfully finished Verilog frontend.

3.26.2. Executing Verilog-2005 frontend: /share/ice40/spram_map.v
Parsing Verilog input from `/share/ice40/spram_map.v' to AST representation.
Generating RTLIL representation for module `$__ICE40_SPRAM_'.
Successfully finished Verilog frontend.

3.26.3. Continuing TECHMAP pass.
No more expansions possible.
<suppressed ~4 debug messages>

3.27. Executing ICE40_BRAMINIT pass.

3.28. Executing OPT pass (performing simple optimizations).

3.28.1. Executing OPT_EXPR pass (perform const folding).
Optimizing module stream_sum.

3.28.2. Executing OPT_MERGE pass (detect identical cells).
Finding identical cells in module `\stream_sum'.
Computing hashes of 10 cells of `\stream_sum'.
Finding duplicate cells in `\stream_sum'.
Removed a total of 0 cells.

3.28.3. Executing OPT_DFF pass (perform DFF optimizations).

3.28.4. Executing OPT_CLEAN pass (remove unused cells and wires).
Finding unused cells or wires in module \stream_sum..

3.28.5. Finished fast OPT passes.

3.29. Executing MEMORY_MAP pass (converting memories to logic and flip-flops).

3.30. Executing OPT pass (performing simple optimizations).

3.30.1. Executing OPT_EXPR pass (perform const folding).
Optimizing module stream_sum.

3.30.2. Executing OPT_MERGE pass (detect identical cells).
Finding identical cells in module `\stream_sum'.
Computing hashes of 10 cells of `\stream_sum'.
Finding duplicate cells in `\stream_sum'.
Removed a total of 0 cells.

3.30.3. Executing OPT_MUXTREE pass (detect dead branches in mux trees).
Running muxtree optimizer on module \stream_sum..
  Creating internal representation of mux trees.
  No muxes found in this module.
Removed 0 multiplexer ports.

3.30.4. Executing OPT_REDUCE pass (consolidate $*mux and $reduce_* inputs).
  Optimizing cells in module \stream_sum.
Performed a total of 0 changes.

3.30.5. Executing OPT_MERGE pass (detect identical cells).
Finding identical cells in module `\stream_sum'.
Computing hashes of 10 cells of `\stream_sum'.
Finding duplicate cells in `\stream_sum'.
Removed a total of 0 cells.

3.30.6. Executing OPT_DFF pass (perform DFF optimizations).

3.30.7. Executing OPT_CLEAN pass (remove unused cells and wires).
Finding unused cells or wires in module \stream_sum..

3.30.8. Executing OPT_EXPR pass (perform const folding).
Optimizing module stream_sum.

3.30.9. Finished fast OPT passes. (There is nothing left to do.)

3.31. Executing ICE40_WRAPCARRY pass (wrap carries).

3.32. Executing TECHMAP pass (map to technology primitives).

3.32.1. Executing Verilog-2005 frontend: /share/techmap.v
Parsing Verilog input from `/share/techmap.v' to AST representation.
Generating RTLIL representation for module `\_90_simplemap_bool_ops'.
Generating RTLIL representation for module `\_90_simplemap_reduce_ops'.
Generating RTLIL representation for module `\_90_simplemap_logic_ops'.
Generating RTLIL representation for module `\_90_simplemap_compare_ops'.
Generating RTLIL representation for module `\_90_simplemap_various'.
Generating RTLIL representation for module `\_90_simplemap_registers'.
Generating RTLIL representation for module `\_90_shift_ops_shr_shl_sshl_sshr'.
Generating RTLIL representation for module `\_90_shift_shiftx'.
Generating RTLIL representation for module `\_90_fa'.
Generating RTLIL representation for module `\_90_lcu_brent_kung'.
Generating RTLIL representation for module `\_90_alu'.
Generating RTLIL representation for module `\_90_macc'.
Generating RTLIL representation for module `\_90_alumacc'.
Generating RTLIL representation for module `$__div_mod_u'.
Generating RTLIL representation for module `$__div_mod_trunc'.
Generating RTLIL representation for module `\_90_div'.
Generating RTLIL representation for module `\_90_mod'.
Generating RTLIL representation for module `$__div_mod_floor'.
Generating RTLIL representation for module `\_90_divfloor'.
Generating RTLIL representation for module `\_90_modfloor'.
Generating RTLIL representation for module `\_90_pow'.
Generating RTLIL representation for module `\_90_demux'.
Generating RTLIL representation for module `\_90_lut'.
Generating RTLIL representation for module `$connect'.
Generating RTLIL representation for module `$input_port'.
Successfully finished Verilog frontend.

3.32.2. Executing Verilog-2005 frontend: /share/ice40/arith_map.v
Parsing Verilog input from `/share/ice40/arith_map.v' to AST representation.
Generating RTLIL representation for module `\_80_ice40_alu'.
Successfully finished Verilog frontend.

3.32.3. Continuing TECHMAP pass.
Using extmapper maccmap for cells of type $macc_v2.
  add \a (16 bits, unsigned)
  add \c (16 bits, unsigned)
  add \b (16 bits, unsigned)
  add \d (16 bits, unsigned)
Using extmapper simplemap for cells of type $sdffe.
Using extmapper simplemap for cells of type $reduce_and.
Using extmapper simplemap for cells of type $not.
Using extmapper simplemap for cells of type $dffe.
Using extmapper simplemap for cells of type $logic_not.
Using extmapper simplemap for cells of type $logic_or.
Using extmapper simplemap for cells of type $logic_and.
Using template $paramod\_90_fa\WIDTH=32'00000000000000000000000000010000 for cells of type $fa.
Using template $paramod\_90_fa\WIDTH=32'00000000000000000000000000010001 for cells of type $fa.
Using template $paramod$12350b8c8422a70d10b7db4eaae1202a7148b784\_80_ice40_alu for cells of type $alu.
Using extmapper simplemap for cells of type $or.
Using extmapper simplemap for cells of type $xor.
Using extmapper simplemap for cells of type $and.
Using extmapper simplemap for cells of type $mux.
Using extmapper simplemap for cells of type $pos.
No more expansions possible.
<suppressed ~140 debug messages>

3.33. Executing OPT pass (performing simple optimizations).

3.33.1. Executing OPT_EXPR pass (perform const folding).
Optimizing module stream_sum.
<suppressed ~30 debug messages>

3.33.2. Executing OPT_MERGE pass (detect identical cells).
Finding identical cells in module `\stream_sum'.
Computing hashes of 234 cells of `\stream_sum'.
Finding duplicate cells in `\stream_sum'.
Computing hashes of 233 cells of `\stream_sum'.
Finding duplicate cells in `\stream_sum'.
<suppressed ~3 debug messages>
Removed a total of 1 cells.

3.33.3. Executing OPT_DFF pass (perform DFF optimizations).

3.33.4. Executing OPT_CLEAN pass (remove unused cells and wires).
Finding unused cells or wires in module \stream_sum..
Removed 32 unused cells and 39 unused wires.
<suppressed ~33 debug messages>

3.33.5. Finished fast OPT passes.

3.34. Executing ICE40_OPT pass (performing simple optimizations).

3.34.1. Running ICE40 specific optimizations.
Optimized $__ICE40_CARRY_WRAPPER cell back to logic (without SB_CARRY) stream_sum.$auto$maccmap.cc:240:synth$524.slice[0].carry: CO=1'0
Optimized $__ICE40_CARRY_WRAPPER cell back to logic (without SB_CARRY) stream_sum.$auto$maccmap.cc:240:synth$524.slice[17].carry: CO=1'0

3.34.2. Executing OPT_EXPR pass (perform const folding).
Optimizing module stream_sum.

3.34.3. Executing OPT_MERGE pass (detect identical cells).
Finding identical cells in module `\stream_sum'.
Computing hashes of 201 cells of `\stream_sum'.
Finding duplicate cells in `\stream_sum'.
Removed a total of 0 cells.

3.34.4. Executing OPT_DFF pass (perform DFF optimizations).

3.34.5. Executing OPT_CLEAN pass (remove unused cells and wires).
Finding unused cells or wires in module \stream_sum..
Removed 0 unused cells and 1 unused wires.
<suppressed ~1 debug messages>

3.34.6. Rerunning OPT passes. (Removed registers in this run.)

3.34.7. Running ICE40 specific optimizations.

3.34.8. Executing OPT_EXPR pass (perform const folding).
Optimizing module stream_sum.

3.34.9. Executing OPT_MERGE pass (detect identical cells).
Finding identical cells in module `\stream_sum'.
Computing hashes of 201 cells of `\stream_sum'.
Finding duplicate cells in `\stream_sum'.
Removed a total of 0 cells.

3.34.10. Executing OPT_DFF pass (perform DFF optimizations).

3.34.11. Executing OPT_CLEAN pass (remove unused cells and wires).
Finding unused cells or wires in module \stream_sum..

3.34.12. Finished OPT passes. (There is nothing left to do.)

3.35. Executing DFFLEGALIZE pass (convert FFs and LATCHes to types supported by the target).

3.36. Executing TECHMAP pass (map to technology primitives).

3.36.1. Executing Verilog-2005 frontend: /share/ice40/ff_map.v
Parsing Verilog input from `/share/ice40/ff_map.v' to AST representation.
Generating RTLIL representation for module `$_DFF_N_'.
Generating RTLIL representation for module `$_DFF_P_'.
Generating RTLIL representation for module `$_DFFE_NP_'.
Generating RTLIL representation for module `$_DFFE_PP_'.
Generating RTLIL representation for module `$_DFF_NP0_'.
Generating RTLIL representation for module `$_DFF_NP1_'.
Generating RTLIL representation for module `$_DFF_PP0_'.
Generating RTLIL representation for module `$_DFF_PP1_'.
Generating RTLIL representation for module `$_DFFE_NP0P_'.
Generating RTLIL representation for module `$_DFFE_NP1P_'.
Generating RTLIL representation for module `$_DFFE_PP0P_'.
Generating RTLIL representation for module `$_DFFE_PP1P_'.
Generating RTLIL representation for module `$_SDFF_NP0_'.
Generating RTLIL representation for module `$_SDFF_NP1_'.
Generating RTLIL representation for module `$_SDFF_PP0_'.
Generating RTLIL representation for module `$_SDFF_PP1_'.
Generating RTLIL representation for module `$_SDFFCE_NP0P_'.
Generating RTLIL representation for module `$_SDFFCE_NP1P_'.
Generating RTLIL representation for module `$_SDFFCE_PP0P_'.
Generating RTLIL representation for module `$_SDFFCE_PP1P_'.
Successfully finished Verilog frontend.

3.36.2. Continuing TECHMAP pass.
Using template $_DFFE_PP_ for cells of type $_DFFE_PP_.
Using template $_SDFFCE_PP0P_ for cells of type $_SDFFCE_PP0P_.
No more expansions possible.
<suppressed ~41 debug messages>

3.37. Executing OPT_EXPR pass (perform const folding).
Optimizing module stream_sum.

3.38. Executing SIMPLEMAP pass (map simple cells to gate primitives).
Mapping stream_sum.$auto$maccmap.cc:240:synth$524.slice[0].carry ($lut).
Mapping stream_sum.$auto$maccmap.cc:240:synth$524.slice[17].carry ($lut).

3.39. Executing ICE40_OPT pass (performing simple optimizations).

3.39.1. Running ICE40 specific optimizations.

3.39.2. Executing OPT_EXPR pass (perform const folding).
Optimizing module stream_sum.
<suppressed ~28 debug messages>

3.39.3. Executing OPT_MERGE pass (detect identical cells).
Finding identical cells in module `\stream_sum'.
Computing hashes of 202 cells of `\stream_sum'.
Finding duplicate cells in `\stream_sum'.
Computing hashes of 201 cells of `\stream_sum'.
Finding duplicate cells in `\stream_sum'.
<suppressed ~3 debug messages>
Removed a total of 1 cells.

3.39.4. Executing OPT_DFF pass (perform DFF optimizations).

3.39.5. Executing OPT_CLEAN pass (remove unused cells and wires).
Finding unused cells or wires in module \stream_sum..
Removed 1 unused cells and 104 unused wires.
<suppressed ~2 debug messages>

3.39.6. Rerunning OPT passes. (Removed registers in this run.)

3.39.7. Running ICE40 specific optimizations.

3.39.8. Executing OPT_EXPR pass (perform const folding).
Optimizing module stream_sum.

3.39.9. Executing OPT_MERGE pass (detect identical cells).
Finding identical cells in module `\stream_sum'.
Computing hashes of 200 cells of `\stream_sum'.
Finding duplicate cells in `\stream_sum'.
Removed a total of 0 cells.

3.39.10. Executing OPT_DFF pass (perform DFF optimizations).

3.39.11. Executing OPT_CLEAN pass (remove unused cells and wires).
Finding unused cells or wires in module \stream_sum..

3.39.12. Finished OPT passes. (There is nothing left to do.)

3.40. Executing CHECK pass (checking for obvious problems).
Checking module stream_sum...
Found and reported 0 problems.

3.41. Executing TECHMAP pass (map to technology primitives).

3.41.1. Executing Verilog-2005 frontend: /share/ice40/latches_map.v
Parsing Verilog input from `/share/ice40/latches_map.v' to AST representation.
Generating RTLIL representation for module `$_DLATCH_N_'.
Generating RTLIL representation for module `$_DLATCH_P_'.
Successfully finished Verilog frontend.

3.41.2. Continuing TECHMAP pass.
No more expansions possible.
<suppressed ~4 debug messages>

3.42. Executing Verilog-2005 frontend: /share/ice40/abc9_model.v
Parsing Verilog input from `/share/ice40/abc9_model.v' to AST representation.
Generating RTLIL representation for module `$__ICE40_CARRY_WRAPPER'.
Successfully finished Verilog frontend.

3.43. Executing ABC9 pass.

3.43.1. Executing ABC9_OPS pass (helper functions for ABC9).

3.43.2. Executing ABC9_OPS pass (helper functions for ABC9).

3.43.3. Executing SCC pass (detecting logic loops).
Found 0 SCCs in module stream_sum.
Found 0 SCCs.

3.43.4. Executing ABC9_OPS pass (helper functions for ABC9).

3.43.5. Executing TECHMAP pass (map to technology primitives).

3.43.5.1. Executing Verilog-2005 frontend: /share/techmap.v
Parsing Verilog input from `/share/techmap.v' to AST representation.
Generating RTLIL representation for module `\_90_simplemap_bool_ops'.
Generating RTLIL representation for module `\_90_simplemap_reduce_ops'.
Generating RTLIL representation for module `\_90_simplemap_logic_ops'.
Generating RTLIL representation for module `\_90_simplemap_compare_ops'.
Generating RTLIL representation for module `\_90_simplemap_various'.
Generating RTLIL representation for module `\_90_simplemap_registers'.
Generating RTLIL representation for module `\_90_shift_ops_shr_shl_sshl_sshr'.
Generating RTLIL representation for module `\_90_shift_shiftx'.
Generating RTLIL representation for module `\_90_fa'.
Generating RTLIL representation for module `\_90_lcu_brent_kung'.
Generating RTLIL representation for module `\_90_alu'.
Generating RTLIL representation for module `\_90_macc'.
Generating RTLIL representation for module `\_90_alumacc'.
Generating RTLIL representation for module `$__div_mod_u'.
Generating RTLIL representation for module `$__div_mod_trunc'.
Generating RTLIL representation for module `\_90_div'.
Generating RTLIL representation for module `\_90_mod'.
Generating RTLIL representation for module `$__div_mod_floor'.
Generating RTLIL representation for module `\_90_divfloor'.
Generating RTLIL representation for module `\_90_modfloor'.
Generating RTLIL representation for module `\_90_pow'.
Generating RTLIL representation for module `\_90_demux'.
Generating RTLIL representation for module `\_90_lut'.
Generating RTLIL representation for module `$connect'.
Generating RTLIL representation for module `$input_port'.
Successfully finished Verilog frontend.

3.43.5.2. Continuing TECHMAP pass.
No more expansions possible.
<suppressed ~130 debug messages>

3.43.6. Executing OPT pass (performing simple optimizations).

3.43.6.1. Executing OPT_EXPR pass (perform const folding).

3.43.6.2. Executing OPT_MERGE pass (detect identical cells).
Removed a total of 0 cells.

3.43.6.3. Executing OPT_MUXTREE pass (detect dead branches in mux trees).
Removed 0 multiplexer ports.

3.43.6.4. Executing OPT_REDUCE pass (consolidate $*mux and $reduce_* inputs).
Performed a total of 0 changes.

3.43.6.5. Executing OPT_MERGE pass (detect identical cells).
Removed a total of 0 cells.

3.43.6.6. Executing OPT_DFF pass (perform DFF optimizations).

3.43.6.7. Executing OPT_CLEAN pass (remove unused cells and wires).

3.43.6.8. Executing OPT_EXPR pass (perform const folding).

3.43.6.9. Finished fast OPT passes. (There is nothing left to do.)

3.43.7. Executing TECHMAP pass (map to technology primitives).

3.43.7.1. Executing Verilog-2005 frontend: /share/abc9_map.v
Parsing Verilog input from `/share/abc9_map.v' to AST representation.
Successfully finished Verilog frontend.

3.43.7.2. Continuing TECHMAP pass.
No more expansions possible.
<suppressed ~2 debug messages>

3.43.8. Executing Verilog-2005 frontend: /share/abc9_model.v
Parsing Verilog input from `/share/abc9_model.v' to AST representation.
Generating RTLIL representation for module `$__ABC9_DELAY'.
Generating RTLIL representation for module `$__ABC9_SCC_BREAKER'.
Generating RTLIL representation for module `$__DFF_N__$abc9_flop'.
Generating RTLIL representation for module `$__DFF_P__$abc9_flop'.
Successfully finished Verilog frontend.

3.43.9. Executing ABC9_OPS pass (helper functions for ABC9).
<suppressed ~22 debug messages>

3.43.10. Executing ABC9_OPS pass (helper functions for ABC9).

3.43.11. Executing ABC9_OPS pass (helper functions for ABC9).
<suppressed ~2 debug messages>

3.43.12. Executing TECHMAP pass (map to technology primitives).

3.43.12.1. Executing Verilog-2005 frontend: /share/techmap.v
Parsing Verilog input from `/share/techmap.v' to AST representation.
Generating RTLIL representation for module `\_90_simplemap_bool_ops'.
Generating RTLIL representation for module `\_90_simplemap_reduce_ops'.
Generating RTLIL representation for module `\_90_simplemap_logic_ops'.
Generating RTLIL representation for module `\_90_simplemap_compare_ops'.
Generating RTLIL representation for module `\_90_simplemap_various'.
Generating RTLIL representation for module `\_90_simplemap_registers'.
Generating RTLIL representation for module `\_90_shift_ops_shr_shl_sshl_sshr'.
Generating RTLIL representation for module `\_90_shift_shiftx'.
Generating RTLIL representation for module `\_90_fa'.
Generating RTLIL representation for module `\_90_lcu_brent_kung'.
Generating RTLIL representation for module `\_90_alu'.
Generating RTLIL representation for module `\_90_macc'.
Generating RTLIL representation for module `\_90_alumacc'.
Generating RTLIL representation for module `$__div_mod_u'.
Generating RTLIL representation for module `$__div_mod_trunc'.
Generating RTLIL representation for module `\_90_div'.
Generating RTLIL representation for module `\_90_mod'.
Generating RTLIL representation for module `$__div_mod_floor'.
Generating RTLIL representation for module `\_90_divfloor'.
Generating RTLIL representation for module `\_90_modfloor'.
Generating RTLIL representation for module `\_90_pow'.
Generating RTLIL representation for module `\_90_demux'.
Generating RTLIL representation for module `\_90_lut'.
Generating RTLIL representation for module `$connect'.
Generating RTLIL representation for module `$input_port'.
Successfully finished Verilog frontend.

3.43.12.2. Continuing TECHMAP pass.
Using template $paramod$__ICE40_CARRY_WRAPPER\LUT=16'0110100110010110\I3_IS_CI=1'1 for cells of type $paramod$__ICE40_CARRY_WRAPPER\LUT=16'0110100110010110\I3_IS_CI=1'1.
Using template SB_CARRY for cells of type SB_CARRY.
Using template $paramod\SB_LUT4\LUT_INIT=16'0110100110010110 for cells of type SB_LUT4.
Using extmapper simplemap for cells of type $logic_or.
Using extmapper simplemap for cells of type $logic_and.
Using extmapper simplemap for cells of type $mux.
No more expansions possible.
<suppressed ~150 debug messages>

3.43.13. Executing OPT pass (performing simple optimizations).

3.43.13.1. Executing OPT_EXPR pass (perform const folding).
Optimizing module stream_sum.
<suppressed ~4 debug messages>

3.43.13.2. Executing OPT_MERGE pass (detect identical cells).
Finding identical cells in module `\stream_sum'.
Computing hashes of 30 cells of `\stream_sum'.
Finding duplicate cells in `\stream_sum'.
Computing hashes of 20 cells of `\stream_sum'.
Finding duplicate cells in `\stream_sum'.
Computing hashes of 18 cells of `\stream_sum'.
Finding duplicate cells in `\stream_sum'.
<suppressed ~29 debug messages>
Removed a total of 12 cells.

3.43.13.3. Executing OPT_MUXTREE pass (detect dead branches in mux trees).
Running muxtree optimizer on module \stream_sum..
  Creating internal representation of mux trees.
  No muxes found in this module.
Removed 0 multiplexer ports.

3.43.13.4. Executing OPT_REDUCE pass (consolidate $*mux and $reduce_* inputs).
  Optimizing cells in module \stream_sum.
Performed a total of 0 changes.

3.43.13.5. Executing OPT_MERGE pass (detect identical cells).
Finding identical cells in module `\stream_sum'.
Computing hashes of 18 cells of `\stream_sum'.
Finding duplicate cells in `\stream_sum'.
Removed a total of 0 cells.

3.43.13.6. Executing OPT_DFF pass (perform DFF optimizations).

3.43.13.7. Executing OPT_CLEAN pass (remove unused cells and wires).
Finding unused cells or wires in module \stream_sum..
Removed 0 unused cells and 24 unused wires.
<suppressed ~1 debug messages>

3.43.13.8. Executing OPT_EXPR pass (perform const folding).
Optimizing module stream_sum.

3.43.13.9. Rerunning OPT passes. (Maybe there is more to do..)

3.43.13.10. Executing OPT_MUXTREE pass (detect dead branches in mux trees).
Running muxtree optimizer on module \stream_sum..
  Creating internal representation of mux trees.
  No muxes found in this module.
Removed 0 multiplexer ports.

3.43.13.11. Executing OPT_REDUCE pass (consolidate $*mux and $reduce_* inputs).
  Optimizing cells in module \stream_sum.
Performed a total of 0 changes.

3.43.13.12. Executing OPT_MERGE pass (detect identical cells).
Finding identical cells in module `\stream_sum'.
Computing hashes of 18 cells of `\stream_sum'.
Finding duplicate cells in `\stream_sum'.
Removed a total of 0 cells.

3.43.13.13. Executing OPT_DFF pass (perform DFF optimizations).

3.43.13.14. Executing OPT_CLEAN pass (remove unused cells and wires).
Finding unused cells or wires in module \stream_sum..

3.43.13.15. Executing OPT_EXPR pass (perform const folding).
Optimizing module stream_sum.

3.43.13.16. Finished fast OPT passes. (There is nothing left to do.)

3.43.14. Executing AIGMAP pass (map logic to AIG).
Module stream_sum: replaced 7 cells with 43 new cells, skipped 11 cells.
  replaced 2 cell types:
       5 $_MUX_
       2 $_OR_
  not replaced 3 cell types:
       2 $_AND_
       1 $_NOT_
       8 $specify2

3.43.15. Executing AIGMAP pass (map logic to AIG).
Module stream_sum: replaced 96 cells with 573 new cells, skipped 124 cells.
  replaced 2 cell types:
      33 $_OR_
      63 $_XOR_
  not replaced 7 cell types:
      67 $_AND_
       2 $_NOT_
      18 SB_DFFE
       1 SB_DFFESR
      19 $paramod$__ABC9_DELAY\DELAY=32'00000000000000000000000000010101
       1 $paramod$__ABC9_DELAY\DELAY=32'00000000000000000000000011001011
      16 $paramod$__ICE40_CARRY_WRAPPER\LUT=16'0110100110010110\I3_IS_CI=1'1

3.43.15.1. Executing ABC9_OPS pass (helper functions for ABC9).

3.43.15.2. Executing ABC9_OPS pass (helper functions for ABC9).

3.43.15.3. Executing XAIGER backend.
<suppressed ~30 debug messages>
Extracted 289 AND gates and 834 wires from module `stream_sum' to a netlist network with 87 inputs and 42 outputs.

3.43.15.4. Executing ABC9_EXE pass (technology mapping using ABC9).

3.43.15.5. Executing ABC9.
Running ABC command: "/yosys-abc" -s -f <abc-temp-dir>/abc.script 2>&1

3.43.15.6. Executing AIGER frontend.
<suppressed ~11 debug messages>
Removed 810 unused cells and 1074 unused wires.

3.43.15.7. Executing ABC_OPS_REINTEGRATE pass (reintegrate ABC mapped design into module).
ABC RESULTS:              $lut cells:       67
ABC RESULTS:   $paramod$__ICE40_CARRY_WRAPPER\LUT=16'0110100110010110\I3_IS_CI=1'1 cells:       16
ABC RESULTS:           input signals:       10
ABC RESULTS:          output signals:       25
<suppressed ~258 debug messages>
Removing temp directory.

3.43.16. Executing TECHMAP pass (map to technology primitives).

3.43.16.1. Executing Verilog-2005 frontend: /share/abc9_unmap.v
Parsing Verilog input from `/share/abc9_unmap.v' to AST representation.
Generating RTLIL representation for module `$__DFF_x__$abc9_flop'.
Generating RTLIL representation for module `$__ABC9_SCC_BREAKER'.
Successfully finished Verilog frontend.

3.43.16.2. Continuing TECHMAP pass.
Using template $paramod$__ICE40_CARRY_WRAPPER\LUT=16'0110100110010110\I3_IS_CI=1'1 for cells of type $paramod$__ICE40_CARRY_WRAPPER\LUT=16'0110100110010110\I3_IS_CI=1'1.
No more expansions possible.
<suppressed ~22 debug messages>

3.44. Executing ICE40_WRAPCARRY pass (wrap carries).

3.45. Executing TECHMAP pass (map to technology primitives).

3.45.1. Executing Verilog-2005 frontend: /share/ice40/ff_map.v
Parsing Verilog input from `/share/ice40/ff_map.v' to AST representation.
Generating RTLIL representation for module `$_DFF_N_'.
Generating RTLIL representation for module `$_DFF_P_'.
Generating RTLIL representation for module `$_DFFE_NP_'.
Generating RTLIL representation for module `$_DFFE_PP_'.
Generating RTLIL representation for module `$_DFF_NP0_'.
Generating RTLIL representation for module `$_DFF_NP1_'.
Generating RTLIL representation for module `$_DFF_PP0_'.
Generating RTLIL representation for module `$_DFF_PP1_'.
Generating RTLIL representation for module `$_DFFE_NP0P_'.
Generating RTLIL representation for module `$_DFFE_NP1P_'.
Generating RTLIL representation for module `$_DFFE_PP0P_'.
Generating RTLIL representation for module `$_DFFE_PP1P_'.
Generating RTLIL representation for module `$_SDFF_NP0_'.
Generating RTLIL representation for module `$_SDFF_NP1_'.
Generating RTLIL representation for module `$_SDFF_PP0_'.
Generating RTLIL representation for module `$_SDFF_PP1_'.
Generating RTLIL representation for module `$_SDFFCE_NP0P_'.
Generating RTLIL representation for module `$_SDFFCE_NP1P_'.
Generating RTLIL representation for module `$_SDFFCE_PP0P_'.
Generating RTLIL representation for module `$_SDFFCE_PP1P_'.
Successfully finished Verilog frontend.

3.45.2. Continuing TECHMAP pass.
No more expansions possible.
<suppressed ~22 debug messages>
Removed 17 unused cells and 873 unused wires.

3.46. Executing OPT_LUT pass (optimize LUTs).
Discovering LUTs.
Number of LUTs:       83
  2-LUT                3
  3-LUT               78
  4-LUT                2
  with \SB_CARRY    (#0)   16
  with \SB_CARRY    (#1)   15

Eliminating LUTs.
Number of LUTs:       83
  2-LUT                3
  3-LUT               78
  4-LUT                2
  with \SB_CARRY    (#0)   16
  with \SB_CARRY    (#1)   15

Combining LUTs.
Number of LUTs:       83
  2-LUT                3
  3-LUT               78
  4-LUT                2
  with \SB_CARRY    (#0)   16
  with \SB_CARRY    (#1)   15

Eliminated 0 LUTs.
Combined 0 LUTs.
<suppressed ~201 debug messages>

3.47. Executing TECHMAP pass (map to technology primitives).

3.47.1. Executing Verilog-2005 frontend: /share/ice40/cells_map.v
Parsing Verilog input from `/share/ice40/cells_map.v' to AST representation.
Generating RTLIL representation for module `$lut'.
Successfully finished Verilog frontend.

3.47.2. Continuing TECHMAP pass.
Using template $paramod$lut\WIDTH=32'00000000000000000000000000000011\LUT=8'11101000 for cells of type $lut.
Using template $paramod$lut\WIDTH=32'00000000000000000000000000000011\LUT=8'01101001 for cells of type $lut.
Using template $paramod$0de052767abdccc3aefc818722bdc3c7850d25d6$lut for cells of type $lut.
Using template $paramod$fd904e9e35cfd343a9df248824bd3f1408724879$lut for cells of type $lut.
Using template $paramod$lut\WIDTH=32'00000000000000000000000000000011\LUT=8'10001110 for cells of type $lut.
Using template $paramod$lut\WIDTH=32'00000000000000000000000000000010\LUT=4'0100 for cells of type $lut.
Using template $paramod$lut\WIDTH=32'00000000000000000000000000000010\LUT=4'1011 for cells of type $lut.
Using template $paramod$lut\WIDTH=32'00000000000000000000000000000011\LUT=8'00100011 for cells of type $lut.
Using template $paramod$lut\WIDTH=32'00000000000000000000000000000010\LUT=4'1000 for cells of type $lut.
No more expansions possible.
<suppressed ~185 debug messages>
Removed 0 unused cells and 197 unused wires.

3.48. Executing AUTONAME pass.
Renamed 184 objects in module stream_sum.
<suppressed ~184 debug messages>

3.49. Executing HIERARCHY pass (managing design hierarchy).
Attribute `top' found on module `stream_sum'. Setting top module to stream_sum.

3.49.1. Analyzing design hierarchy..
Top module:  \stream_sum

3.49.2. Analyzing design hierarchy..
Top module:  \stream_sum
Removed 0 unused modules.

3.50. Printing statistics.

=== stream_sum ===

        +----------Local Count, excluding submodules.
        | 
       79 wires
      251 wire bits
       79 public wires
      251 public wire bits
       11 ports
       88 port bits
      118 submodules
       16   SB_CARRY
       18   SB_DFFE
        1   SB_DFFESR
       83   SB_LUT4

=== design hierarchy ===

        +----------Count including submodules.
        | 
        - stream_sum

        +----------Count including submodules.
        | 
       79 wires
      251 wire bits
       79 public wires
      251 public wire bits
       11 ports
       88 port bits
        - memories
        - memory bits
        - processes
        - cells
      118 submodules
       16   SB_CARRY
       18   SB_DFFE
        1   SB_DFFESR
       83   SB_LUT4

3.51. Executing CHECK pass (checking for obvious problems).
Checking module stream_sum...
Found and reported 0 problems.

4. Executing CHECK pass (checking for obvious problems).
Checking module stream_sum...
Found and reported 0 problems.
{
   "creator": "Yosys 0.69 (git sha1 9f75ca1f9, Release, Clang /workspace/YoWASP/yosys/wasi-sdk-33.0-x86_64-linux/share/cmake/../..//bin/clang++ 22.1.0)",
   "invocation": "stat -json ",
   "modules": {
      "\\stream_sum": {
         "num_wires":         79,
         "num_wire_bits":     251,
         "num_pub_wires":     79,
         "num_pub_wire_bits": 251,
         "num_ports":         11,
         "num_port_bits":     88,
         "num_memories":      0,
         "num_memory_bits":   0,
         "num_processes":     0,
         "num_cells":         118,
         "num_submodules":       0,
         "num_cells_by_type": {
            "SB_CARRY": 16,
            "SB_DFFE": 18,
            "SB_DFFESR": 1,
            "SB_LUT4": 83
         }
      }
   },
      "design": {
         "num_wires":         79,
         "num_wire_bits":     251,
         "num_pub_wires":     79,
         "num_pub_wire_bits": 251,
         "num_ports":         11,
         "num_port_bits":     88,
         "num_memories":      0,
         "num_memory_bits":   0,
         "num_processes":     0,
         "num_cells":         118,
         "num_submodules":       0,
         "num_cells_by_type": {
            "SB_CARRY": 16,
            "SB_DFFE": 18,
            "SB_DFFESR": 1,
            "SB_LUT4": 83
         }
      }
}

End of script. Logfile hash: ff36ea9845, time: 1.36s, user: 1.36s, system: 0.00s
Yosys 0.69 (git sha1 9f75ca1f9, Release, Clang /workspace/YoWASP/yosys/wasi-sdk-33.0-x86_64-linux/share/cmake/../..//bin/clang++ 22.1.0)
Time spent: 79% 21x read_verilog (1 sec), 6% 1x abc9_exe (0 sec), ...

=== generic WIDTH=16 PIPE=2 ===

 /----------------------------------------------------------------------------\
 |  yosys -- Yosys Open SYnthesis Suite                                       |
 |  Copyright (C) 2012 - 2026  Claire Xenia Wolf <claire@yosyshq.com>         |
 |  Distributed under an ISC-like license, type "license" to see terms        |
 \----------------------------------------------------------------------------/
 Yosys 0.69 (git sha1 9f75ca1f9, Release, Clang /workspace/YoWASP/yosys/wasi-sdk-33.0-x86_64-linux/share/cmake/../..//bin/clang++ 22.1.0)

-- Running command `read_verilog -sv rtl/stream_sum.sv; chparam -set WIDTH 16 -set PIPE 2 stream_sum; synth -top stream_sum; check -assert; tee -o results/generic_16_2.json stat -json; ltp -noff; write_verilog -noattr build/generic_16_2.v' --

1. Executing Verilog-2005 frontend: rtl/stream_sum.sv
Parsing SystemVerilog input from `rtl/stream_sum.sv' to AST representation.
Generating RTLIL representation for module `\stream_sum'.
Successfully finished Verilog frontend.
Parameter \WIDTH = 16
Parameter \PIPE = 2

2. Executing AST frontend in derive mode using pre-parsed AST for module `\stream_sum'.
Parameter \WIDTH = 16
Parameter \PIPE = 2
Generating RTLIL representation for module `$paramod$f0ca87ad28dc6abeecf8c743fc6f0a219a8a883e\stream_sum'.

3. Executing SYNTH pass.

3.1. Executing HIERARCHY pass (managing design hierarchy).

3.1.1. Analyzing design hierarchy..
Top module:  \stream_sum

3.1.2. Analyzing design hierarchy..
Top module:  \stream_sum
Removed 0 unused modules.

3.2. Executing PROC pass (convert processes to netlists).

3.2.1. Executing PROC_CLEAN pass (remove empty switches from decision trees).
Cleaned up 0 empty switches.

3.2.2. Executing PROC_RMDEAD pass (remove dead branches from decision trees).
Marked 1 switch rules as full_case in process $proc$rtl/stream_sum.sv:37$19 in module stream_sum.
Removed a total of 0 dead cases.

3.2.3. Executing PROC_PRUNE pass (remove redundant assignments in processes).
Removed 0 redundant assignments.
Promoted 0 assignments to connections.

3.2.4. Executing PROC_INIT pass (extract init attributes).

3.2.5. Executing PROC_ARST pass (detect async resets in processes).

3.2.6. Executing PROC_ROM pass (convert switches to ROMs).
Converted 0 switches.
<suppressed ~5 debug messages>

3.2.7. Executing PROC_MUX pass (convert decision trees to multiplexers).
Creating decoders for process `\stream_sum.$proc$rtl/stream_sum.sv:37$19'.
     1/5: $0\split.value[17:0]
     2/5: $0\split.cd[16:0]
     3/5: $0\split.ab[16:0]
     4/5: $0\split.v1[0:0]
     5/5: $0\split.v0[0:0]

3.2.8. Executing PROC_DLATCH pass (convert process syncs to latches).

3.2.9. Executing PROC_DFF pass (convert process syncs to FFs).
Creating register for signal `\stream_sum.\split.v0' using process `\stream_sum.$proc$rtl/stream_sum.sv:37$19'.
  created $dff cell `$procdff$54' with positive edge clock.
Creating register for signal `\stream_sum.\split.v1' using process `\stream_sum.$proc$rtl/stream_sum.sv:37$19'.
  created $dff cell `$procdff$55' with positive edge clock.
Creating register for signal `\stream_sum.\split.ab' using process `\stream_sum.$proc$rtl/stream_sum.sv:37$19'.
  created $dff cell `$procdff$56' with positive edge clock.
Creating register for signal `\stream_sum.\split.cd' using process `\stream_sum.$proc$rtl/stream_sum.sv:37$19'.
  created $dff cell `$procdff$57' with positive edge clock.
Creating register for signal `\stream_sum.\split.value' using process `\stream_sum.$proc$rtl/stream_sum.sv:37$19'.
  created $dff cell `$procdff$58' with positive edge clock.

3.2.10. Executing PROC_MEMWR pass (convert process memory writes to cells).

3.2.11. Executing PROC_CLEAN pass (remove empty switches from decision trees).
Found and cleaned up 5 empty switches in `\stream_sum.$proc$rtl/stream_sum.sv:37$19'.
Removing empty process `stream_sum.$proc$rtl/stream_sum.sv:37$19'.
Cleaned up 5 empty switches.

3.2.12. Executing OPT_EXPR pass (perform const folding).
Optimizing module stream_sum.

3.3. Executing OPT_EXPR pass (perform const folding).
Optimizing module stream_sum.

3.4. Executing OPT_CLEAN pass (remove unused cells and wires).
Finding unused cells or wires in module \stream_sum..
Removed 0 unused cells and 22 unused wires.
<suppressed ~1 debug messages>

3.5. Executing CHECK pass (checking for obvious problems).
Checking module stream_sum...
Found and reported 0 problems.

3.6. Executing OPT pass (performing simple optimizations).

3.6.1. Executing OPT_EXPR pass (perform const folding).
Optimizing module stream_sum.

3.6.2. Executing OPT_MERGE pass (detect identical cells).
Finding identical cells in module `\stream_sum'.
Computing hashes of 29 cells of `\stream_sum'.
Finding duplicate cells in `\stream_sum'.
Computing hashes of 28 cells of `\stream_sum'.
Finding duplicate cells in `\stream_sum'.
<suppressed ~3 debug messages>
Removed a total of 1 cells.

3.6.3. Executing OPT_MUXTREE pass (detect dead branches in mux trees).
Running muxtree optimizer on module \stream_sum..
  Creating internal representation of mux trees.
  Evaluating internal representation of mux trees.
  Analyzing evaluation results.
Removed 0 multiplexer ports.
<suppressed ~18 debug messages>

3.6.4. Executing OPT_REDUCE pass (consolidate $*mux and $reduce_* inputs).
  Optimizing cells in module \stream_sum.
Performed a total of 0 changes.

3.6.5. Executing OPT_MERGE pass (detect identical cells).
Finding identical cells in module `\stream_sum'.
Computing hashes of 28 cells of `\stream_sum'.
Finding duplicate cells in `\stream_sum'.
Removed a total of 0 cells.

3.6.6. Executing OPT_DFF pass (perform DFF optimizations).

3.6.7. Executing OPT_CLEAN pass (remove unused cells and wires).
Finding unused cells or wires in module \stream_sum..
Removed 0 unused cells and 1 unused wires.
<suppressed ~1 debug messages>

3.6.8. Executing OPT_EXPR pass (perform const folding).
Optimizing module stream_sum.

3.6.9. Rerunning OPT passes. (Maybe there is more to do..)

3.6.10. Executing OPT_MUXTREE pass (detect dead branches in mux trees).
Running muxtree optimizer on module \stream_sum..
  Creating internal representation of mux trees.
  Evaluating internal representation of mux trees.
  Analyzing evaluation results.
Removed 0 multiplexer ports.
<suppressed ~18 debug messages>

3.6.11. Executing OPT_REDUCE pass (consolidate $*mux and $reduce_* inputs).
  Optimizing cells in module \stream_sum.
Performed a total of 0 changes.

3.6.12. Executing OPT_MERGE pass (detect identical cells).
Finding identical cells in module `\stream_sum'.
Computing hashes of 28 cells of `\stream_sum'.
Finding duplicate cells in `\stream_sum'.
Removed a total of 0 cells.

3.6.13. Executing OPT_DFF pass (perform DFF optimizations).

3.6.14. Executing OPT_CLEAN pass (remove unused cells and wires).
Finding unused cells or wires in module \stream_sum..

3.6.15. Executing OPT_EXPR pass (perform const folding).
Optimizing module stream_sum.

3.6.16. Finished fast OPT passes. (There is nothing left to do.)

3.7. Executing FSM pass (extract and optimize FSM).

3.7.1. Executing FSM_DETECT pass (finding FSMs in design).

3.7.2. Executing FSM_EXTRACT pass (extracting FSM from design).

3.7.3. Executing FSM_OPT pass (simple optimizations of FSMs).

3.7.4. Executing OPT_CLEAN pass (remove unused cells and wires).
Finding unused cells or wires in module \stream_sum..

3.7.5. Executing FSM_OPT pass (simple optimizations of FSMs).

3.7.6. Executing FSM_RECODE pass (re-assigning FSM state encoding).

3.7.7. Executing FSM_INFO pass (dumping all available information on FSM cells).

3.7.8. Executing FSM_MAP pass (mapping FSMs to basic logic).

3.8. Executing OPT pass (performing simple optimizations).

3.8.1. Executing OPT_EXPR pass (perform const folding).
Optimizing module stream_sum.

3.8.2. Executing OPT_MERGE pass (detect identical cells).
Finding identical cells in module `\stream_sum'.
Computing hashes of 28 cells of `\stream_sum'.
Finding duplicate cells in `\stream_sum'.
Removed a total of 0 cells.

3.8.3. Executing OPT_MUXTREE pass (detect dead branches in mux trees).
Running muxtree optimizer on module \stream_sum..
  Creating internal representation of mux trees.
  Evaluating internal representation of mux trees.
  Analyzing evaluation results.
Removed 0 multiplexer ports.
<suppressed ~18 debug messages>

3.8.4. Executing OPT_REDUCE pass (consolidate $*mux and $reduce_* inputs).
  Optimizing cells in module \stream_sum.
Performed a total of 0 changes.

3.8.5. Executing OPT_MERGE pass (detect identical cells).
Finding identical cells in module `\stream_sum'.
Computing hashes of 28 cells of `\stream_sum'.
Finding duplicate cells in `\stream_sum'.
Removed a total of 0 cells.

3.8.6. Executing OPT_DFF pass (perform DFF optimizations).
Adding EN signal on $procdff$58 ($dff) from module stream_sum (D = $add$rtl/stream_sum.sv:49$22_Y, Q = \split.value).
Adding SRST signal on $procdff$54 ($dff) from module stream_sum (D = $procmux$49_Y, Q = \split.v0, rval = 1'0).
Adding EN signal on $auto$ff.cc:337:slice$64 ($sdff) from module stream_sum (D = \s_valid, Q = \split.v0).
Adding SRST signal on $procdff$55 ($dff) from module stream_sum (D = $procmux$44_Y, Q = \split.v1, rval = 1'0).
Adding EN signal on $auto$ff.cc:337:slice$66 ($sdff) from module stream_sum (D = \split.v0, Q = \split.v1).
Adding EN signal on $procdff$56 ($dff) from module stream_sum (D = $add$rtl/stream_sum.sv:43$20_Y, Q = \split.ab).
Adding EN signal on $procdff$57 ($dff) from module stream_sum (D = $add$rtl/stream_sum.sv:44$21_Y, Q = \split.cd).

3.8.7. Executing OPT_CLEAN pass (remove unused cells and wires).
Finding unused cells or wires in module \stream_sum..
Removed 13 unused cells and 13 unused wires.
<suppressed ~14 debug messages>

3.8.8. Executing OPT_EXPR pass (perform const folding).
Optimizing module stream_sum.

3.8.9. Rerunning OPT passes. (Maybe there is more to do..)

3.8.10. Executing OPT_MUXTREE pass (detect dead branches in mux trees).
Running muxtree optimizer on module \stream_sum..
  Creating internal representation of mux trees.
  No muxes found in this module.
Removed 0 multiplexer ports.

3.8.11. Executing OPT_REDUCE pass (consolidate $*mux and $reduce_* inputs).
  Optimizing cells in module \stream_sum.
Performed a total of 0 changes.

3.8.12. Executing OPT_MERGE pass (detect identical cells).
Finding identical cells in module `\stream_sum'.
Computing hashes of 21 cells of `\stream_sum'.
Finding duplicate cells in `\stream_sum'.
Computing hashes of 19 cells of `\stream_sum'.
Finding duplicate cells in `\stream_sum'.
Computing hashes of 18 cells of `\stream_sum'.
Finding duplicate cells in `\stream_sum'.
<suppressed ~9 debug messages>
Removed a total of 3 cells.

3.8.13. Executing OPT_DFF pass (perform DFF optimizations).

3.8.14. Executing OPT_CLEAN pass (remove unused cells and wires).
Finding unused cells or wires in module \stream_sum..
Removed 0 unused cells and 3 unused wires.
<suppressed ~1 debug messages>

3.8.15. Executing OPT_EXPR pass (perform const folding).
Optimizing module stream_sum.

3.8.16. Rerunning OPT passes. (Maybe there is more to do..)

3.8.17. Executing OPT_MUXTREE pass (detect dead branches in mux trees).
Running muxtree optimizer on module \stream_sum..
  Creating internal representation of mux trees.
  No muxes found in this module.
Removed 0 multiplexer ports.

3.8.18. Executing OPT_REDUCE pass (consolidate $*mux and $reduce_* inputs).
  Optimizing cells in module \stream_sum.
Performed a total of 0 changes.

3.8.19. Executing OPT_MERGE pass (detect identical cells).
Finding identical cells in module `\stream_sum'.
Computing hashes of 18 cells of `\stream_sum'.
Finding duplicate cells in `\stream_sum'.
Removed a total of 0 cells.

3.8.20. Executing OPT_DFF pass (perform DFF optimizations).

3.8.21. Executing OPT_CLEAN pass (remove unused cells and wires).
Finding unused cells or wires in module \stream_sum..

3.8.22. Executing OPT_EXPR pass (perform const folding).
Optimizing module stream_sum.

3.8.23. Finished fast OPT passes. (There is nothing left to do.)

3.9. Executing WREDUCE pass (reducing word size of cells).
Removed top 1 bits (of 17) from port A of cell stream_sum.$add$rtl/stream_sum.sv:43$20 ($add).
Removed top 1 bits (of 17) from port B of cell stream_sum.$add$rtl/stream_sum.sv:43$20 ($add).
Removed top 1 bits (of 17) from port A of cell stream_sum.$add$rtl/stream_sum.sv:44$21 ($add).
Removed top 1 bits (of 17) from port B of cell stream_sum.$add$rtl/stream_sum.sv:44$21 ($add).
Removed top 1 bits (of 18) from port A of cell stream_sum.$add$rtl/stream_sum.sv:49$22 ($add).
Removed top 1 bits (of 18) from port B of cell stream_sum.$add$rtl/stream_sum.sv:49$22 ($add).

3.10. Executing PEEPOPT pass (run peephole optimizers).

3.11. Executing OPT_CLEAN pass (remove unused cells and wires).
Finding unused cells or wires in module \stream_sum..

3.12. Executing ALUMACC pass (create $alu and $macc cells).
Extracting $alu and $macc cells in module stream_sum:
  creating $macc model for $add$rtl/stream_sum.sv:43$20 ($add).
  creating $macc model for $add$rtl/stream_sum.sv:44$21 ($add).
  creating $macc model for $add$rtl/stream_sum.sv:49$22 ($add).
  creating $alu model for $macc $add$rtl/stream_sum.sv:49$22.
  creating $alu model for $macc $add$rtl/stream_sum.sv:44$21.
  creating $alu model for $macc $add$rtl/stream_sum.sv:43$20.
  creating $alu cell for $add$rtl/stream_sum.sv:43$20: $auto$alumacc.cc:548:replace_alu$78
  creating $alu cell for $add$rtl/stream_sum.sv:44$21: $auto$alumacc.cc:548:replace_alu$81
  creating $alu cell for $add$rtl/stream_sum.sv:49$22: $auto$alumacc.cc:548:replace_alu$84
  created 3 $alu and 0 $macc cells.

3.13. Executing SHARE pass (SAT-based resource sharing).

3.14. Executing OPT pass (performing simple optimizations).

3.14.1. Executing OPT_EXPR pass (perform const folding).
Optimizing module stream_sum.

3.14.2. Executing OPT_MERGE pass (detect identical cells).
Finding identical cells in module `\stream_sum'.
Computing hashes of 18 cells of `\stream_sum'.
Finding duplicate cells in `\stream_sum'.
Removed a total of 0 cells.

3.14.3. Executing OPT_MUXTREE pass (detect dead branches in mux trees).
Running muxtree optimizer on module \stream_sum..
  Creating internal representation of mux trees.
  No muxes found in this module.
Removed 0 multiplexer ports.

3.14.4. Executing OPT_REDUCE pass (consolidate $*mux and $reduce_* inputs).
  Optimizing cells in module \stream_sum.
Performed a total of 0 changes.

3.14.5. Executing OPT_MERGE pass (detect identical cells).
Finding identical cells in module `\stream_sum'.
Computing hashes of 18 cells of `\stream_sum'.
Finding duplicate cells in `\stream_sum'.
Removed a total of 0 cells.

3.14.6. Executing OPT_DFF pass (perform DFF optimizations).

3.14.7. Executing OPT_CLEAN pass (remove unused cells and wires).
Finding unused cells or wires in module \stream_sum..

3.14.8. Executing OPT_EXPR pass (perform const folding).
Optimizing module stream_sum.

3.14.9. Finished fast OPT passes. (There is nothing left to do.)

3.15. Executing MEMORY pass.

3.15.1. Executing OPT_MEM pass (optimize memories).
Performed a total of 0 transformations.

3.15.2. Executing OPT_MEM_PRIORITY pass (removing unnecessary memory write priority relations).
Performed a total of 0 transformations.

3.15.3. Executing OPT_MEM_FEEDBACK pass (finding memory read-to-write feedback paths).

3.15.4. Executing MEMORY_BMUX2ROM pass (converting muxes to ROMs).

3.15.5. Executing MEMORY_DFF pass (merging $dff cells to $memrd).

3.15.6. Executing OPT_CLEAN pass (remove unused cells and wires).
Finding unused cells or wires in module \stream_sum..

3.15.7. Executing MEMORY_SHARE pass (consolidating $memrd/$memwr cells).

3.15.8. Executing OPT_MEM_WIDEN pass (optimize memories where all ports are wide).
Performed a total of 0 transformations.

3.15.9. Executing OPT_CLEAN pass (remove unused cells and wires).
Finding unused cells or wires in module \stream_sum..

3.15.10. Executing MEMORY_COLLECT pass (generating $mem cells).

3.16. Executing OPT_CLEAN pass (remove unused cells and wires).
Finding unused cells or wires in module \stream_sum..

3.17. Executing OPT pass (performing simple optimizations).

3.17.1. Executing OPT_EXPR pass (perform const folding).
Optimizing module stream_sum.

3.17.2. Executing OPT_MERGE pass (detect identical cells).
Finding identical cells in module `\stream_sum'.
Computing hashes of 18 cells of `\stream_sum'.
Finding duplicate cells in `\stream_sum'.
Removed a total of 0 cells.

3.17.3. Executing OPT_DFF pass (perform DFF optimizations).

3.17.4. Executing OPT_CLEAN pass (remove unused cells and wires).
Finding unused cells or wires in module \stream_sum..

3.17.5. Finished fast OPT passes.

3.18. Executing MEMORY_MAP pass (converting memories to logic and flip-flops).

3.19. Executing OPT pass (performing simple optimizations).

3.19.1. Executing OPT_EXPR pass (perform const folding).
Optimizing module stream_sum.

3.19.2. Executing OPT_MERGE pass (detect identical cells).
Finding identical cells in module `\stream_sum'.
Computing hashes of 18 cells of `\stream_sum'.
Finding duplicate cells in `\stream_sum'.
Removed a total of 0 cells.

3.19.3. Executing OPT_MUXTREE pass (detect dead branches in mux trees).
Running muxtree optimizer on module \stream_sum..
  Creating internal representation of mux trees.
  No muxes found in this module.
Removed 0 multiplexer ports.

3.19.4. Executing OPT_REDUCE pass (consolidate $*mux and $reduce_* inputs).
  Optimizing cells in module \stream_sum.
Performed a total of 0 changes.

3.19.5. Executing OPT_MERGE pass (detect identical cells).
Finding identical cells in module `\stream_sum'.
Computing hashes of 18 cells of `\stream_sum'.
Finding duplicate cells in `\stream_sum'.
Removed a total of 0 cells.

3.19.6. Executing OPT_SHARE pass.

3.19.7. Executing OPT_DFF pass (perform DFF optimizations).

3.19.8. Executing OPT_CLEAN pass (remove unused cells and wires).
Finding unused cells or wires in module \stream_sum..

3.19.9. Executing OPT_EXPR pass (perform const folding).
Optimizing module stream_sum.

3.19.10. Finished fast OPT passes. (There is nothing left to do.)

3.20. Executing TECHMAP pass (map to technology primitives).

3.20.1. Executing Verilog-2005 frontend: /share/techmap.v
Parsing Verilog input from `/share/techmap.v' to AST representation.
Generating RTLIL representation for module `\_90_simplemap_bool_ops'.
Generating RTLIL representation for module `\_90_simplemap_reduce_ops'.
Generating RTLIL representation for module `\_90_simplemap_logic_ops'.
Generating RTLIL representation for module `\_90_simplemap_compare_ops'.
Generating RTLIL representation for module `\_90_simplemap_various'.
Generating RTLIL representation for module `\_90_simplemap_registers'.
Generating RTLIL representation for module `\_90_shift_ops_shr_shl_sshl_sshr'.
Generating RTLIL representation for module `\_90_shift_shiftx'.
Generating RTLIL representation for module `\_90_fa'.
Generating RTLIL representation for module `\_90_lcu_brent_kung'.
Generating RTLIL representation for module `\_90_alu'.
Generating RTLIL representation for module `\_90_macc'.
Generating RTLIL representation for module `\_90_alumacc'.
Generating RTLIL representation for module `$__div_mod_u'.
Generating RTLIL representation for module `$__div_mod_trunc'.
Generating RTLIL representation for module `\_90_div'.
Generating RTLIL representation for module `\_90_mod'.
Generating RTLIL representation for module `$__div_mod_floor'.
Generating RTLIL representation for module `\_90_divfloor'.
Generating RTLIL representation for module `\_90_modfloor'.
Generating RTLIL representation for module `\_90_pow'.
Generating RTLIL representation for module `\_90_demux'.
Generating RTLIL representation for module `\_90_lut'.
Generating RTLIL representation for module `$connect'.
Generating RTLIL representation for module `$input_port'.
Successfully finished Verilog frontend.

3.20.2. Continuing TECHMAP pass.
Using template $paramod$4ce4a1faeffe5690bb1819c6520eb4b4e75ebebd\_90_alu for cells of type $alu.
Using template $paramod$081ba1a4a7201ecdb44563d3c3bd7013d1ebf4eb\_90_alu for cells of type $alu.
Using extmapper simplemap for cells of type $dffe.
Using extmapper simplemap for cells of type $reduce_and.
Using extmapper simplemap for cells of type $sdffe.
Using extmapper simplemap for cells of type $not.
Using extmapper simplemap for cells of type $logic_not.
Using extmapper simplemap for cells of type $logic_or.
Using extmapper simplemap for cells of type $logic_and.
Using extmapper simplemap for cells of type $xor.
Using template $paramod\_90_fa\WIDTH=32'00000000000000000000000000010010 for cells of type $fa.
Using template $paramod\_90_lcu_brent_kung\WIDTH=32'00000000000000000000000000010010 for cells of type $lcu.
Using extmapper simplemap for cells of type $pos.
Using extmapper simplemap for cells of type $mux.
Using template $paramod\_90_fa\WIDTH=32'00000000000000000000000000010001 for cells of type $fa.
Using template $paramod\_90_lcu_brent_kung\WIDTH=32'00000000000000000000000000010001 for cells of type $lcu.
Using extmapper simplemap for cells of type $or.
Using extmapper simplemap for cells of type $and.
No more expansions possible.
<suppressed ~596 debug messages>

3.21. Executing OPT pass (performing simple optimizations).

3.21.1. Executing OPT_EXPR pass (perform const folding).
Optimizing module stream_sum.
<suppressed ~241 debug messages>

3.21.2. Executing OPT_MERGE pass (detect identical cells).
Finding identical cells in module `\stream_sum'.
Computing hashes of 450 cells of `\stream_sum'.
Finding duplicate cells in `\stream_sum'.
Computing hashes of 449 cells of `\stream_sum'.
Finding duplicate cells in `\stream_sum'.
<suppressed ~3 debug messages>
Removed a total of 1 cells.

3.21.3. Executing OPT_DFF pass (perform DFF optimizations).

3.21.4. Executing OPT_CLEAN pass (remove unused cells and wires).
Finding unused cells or wires in module \stream_sum..
Removed 49 unused cells and 126 unused wires.
<suppressed ~50 debug messages>

3.21.5. Finished fast OPT passes.

3.22. Executing ABC pass (technology mapping using ABC).

3.22.1. Extracting gate netlist of module `\stream_sum' to `<abc-temp-dir>/input.blif'..

3.22.1.1. Executed ABC.
Extracted 346 gates and 449 wires to a netlist network with 103 inputs and 58 outputs.
Running ABC script: <abc-temp-dir>/abc.script

3.22.1.2. Re-integrating ABC results.
ABC RESULTS:               AND cells:        9
ABC RESULTS:            ANDNOT cells:        2
ABC RESULTS:              NAND cells:      147
ABC RESULTS:               NOT cells:        2
ABC RESULTS:                OR cells:       13
ABC RESULTS:             ORNOT cells:        1
ABC RESULTS:              XNOR cells:       12
ABC RESULTS:               XOR cells:       71
ABC RESULTS:        internal signals:      288
ABC RESULTS:           input signals:      103
ABC RESULTS:          output signals:       58
Removing temp directory.
Removing global temp directory.

3.23. Executing OPT pass (performing simple optimizations).

3.23.1. Executing OPT_EXPR pass (perform const folding).
Optimizing module stream_sum.

3.23.2. Executing OPT_MERGE pass (detect identical cells).
Finding identical cells in module `\stream_sum'.
Computing hashes of 311 cells of `\stream_sum'.
Finding duplicate cells in `\stream_sum'.
Removed a total of 0 cells.

3.23.3. Executing OPT_DFF pass (perform DFF optimizations).

3.23.4. Executing OPT_CLEAN pass (remove unused cells and wires).
Finding unused cells or wires in module \stream_sum..
Removed 0 unused cells and 314 unused wires.
<suppressed ~1 debug messages>

3.23.5. Finished fast OPT passes.

3.24. Executing HIERARCHY pass (managing design hierarchy).
Attribute `top' found on module `stream_sum'. Setting top module to stream_sum.

3.24.1. Analyzing design hierarchy..
Top module:  \stream_sum

3.24.2. Analyzing design hierarchy..
Top module:  \stream_sum
Removed 0 unused modules.

3.25. Printing statistics.

=== stream_sum ===

        +----------Local Count, excluding submodules.
        | 
      228 wires
      501 wire bits
       18 public wires
      144 public wire bits
       11 ports
       88 port bits
      311 cells
        2   $_ANDNOT_
        9   $_AND_
       52   $_DFFE_PP_
      147   $_NAND_
        2   $_NOT_
        1   $_ORNOT_
       13   $_OR_
        2   $_SDFFE_PP0P_
       12   $_XNOR_
       71   $_XOR_

3.26. Executing CHECK pass (checking for obvious problems).
Checking module stream_sum...
Found and reported 0 problems.

4. Executing CHECK pass (checking for obvious problems).
Checking module stream_sum...
Found and reported 0 problems.
{
   "creator": "Yosys 0.69 (git sha1 9f75ca1f9, Release, Clang /workspace/YoWASP/yosys/wasi-sdk-33.0-x86_64-linux/share/cmake/../..//bin/clang++ 22.1.0)",
   "invocation": "stat -json ",
   "modules": {
      "\\stream_sum": {
         "num_wires":         228,
         "num_wire_bits":     501,
         "num_pub_wires":     18,
         "num_pub_wire_bits": 144,
         "num_ports":         11,
         "num_port_bits":     88,
         "num_memories":      0,
         "num_memory_bits":   0,
         "num_processes":     0,
         "num_cells":         311,
         "num_submodules":       0,
         "num_cells_by_type": {
            "$_ANDNOT_": 2,
            "$_AND_": 9,
            "$_DFFE_PP_": 52,
            "$_NAND_": 147,
            "$_NOT_": 2,
            "$_ORNOT_": 1,
            "$_OR_": 13,
            "$_SDFFE_PP0P_": 2,
            "$_XNOR_": 12,
            "$_XOR_": 71
         }
      }
   },
      "design": {
         "num_wires":         228,
         "num_wire_bits":     501,
         "num_pub_wires":     18,
         "num_pub_wire_bits": 144,
         "num_ports":         11,
         "num_port_bits":     88,
         "num_memories":      0,
         "num_memory_bits":   0,
         "num_processes":     0,
         "num_cells":         311,
         "num_submodules":       0,
         "num_cells_by_type": {
            "$_ANDNOT_": 2,
            "$_AND_": 9,
            "$_DFFE_PP_": 52,
            "$_NAND_": 147,
            "$_NOT_": 2,
            "$_ORNOT_": 1,
            "$_OR_": 13,
            "$_SDFFE_PP0P_": 2,
            "$_XNOR_": 12,
            "$_XOR_": 71
         }
      }
}

5. Executing LTP pass (find longest path).

Longest topological path in stream_sum (length=33):
    0: \split.cd [1]
    1: $abc$1043$new_n353 (via $abc$1043$auto$blifparse.cc:397:parse_blif$1235)
    2: $abc$1043$new_n354 (via $abc$1043$auto$blifparse.cc:397:parse_blif$1236)
    3: $abc$1043$new_n355 (via $abc$1043$auto$blifparse.cc:397:parse_blif$1237)
    4: $abc$1043$new_n357 (via $abc$1043$auto$blifparse.cc:397:parse_blif$1239)
    5: $abc$1043$new_n358 (via $abc$1043$auto$blifparse.cc:397:parse_blif$1240)
    6: $abc$1043$new_n360 (via $abc$1043$auto$blifparse.cc:397:parse_blif$1242)
    7: $abc$1043$new_n361 (via $abc$1043$auto$blifparse.cc:397:parse_blif$1243)
    8: $abc$1043$new_n363 (via $abc$1043$auto$blifparse.cc:397:parse_blif$1245)
    9: $abc$1043$new_n364 (via $abc$1043$auto$blifparse.cc:397:parse_blif$1246)
   10: $abc$1043$new_n366 (via $abc$1043$auto$blifparse.cc:397:parse_blif$1248)
   11: $abc$1043$new_n367 (via $abc$1043$auto$blifparse.cc:397:parse_blif$1249)
   12: $abc$1043$new_n368 (via $abc$1043$auto$blifparse.cc:397:parse_blif$1250)
   13: $abc$1043$new_n369 (via $abc$1043$auto$blifparse.cc:397:parse_blif$1251)
   14: $abc$1043$new_n370 (via $abc$1043$auto$blifparse.cc:397:parse_blif$1252)
   15: $abc$1043$new_n371 (via $abc$1043$auto$blifparse.cc:397:parse_blif$1253)
   16: $abc$1043$new_n372 (via $abc$1043$auto$blifparse.cc:397:parse_blif$1254)
   17: $abc$1043$new_n373 (via $abc$1043$auto$blifparse.cc:397:parse_blif$1255)
   18: $abc$1043$new_n375 (via $abc$1043$auto$blifparse.cc:397:parse_blif$1257)
   19: $abc$1043$new_n376 (via $abc$1043$auto$blifparse.cc:397:parse_blif$1258)
   20: $abc$1043$new_n377 (via $abc$1043$auto$blifparse.cc:397:parse_blif$1259)
   21: $abc$1043$new_n378 (via $abc$1043$auto$blifparse.cc:397:parse_blif$1260)
   22: $abc$1043$new_n379 (via $abc$1043$auto$blifparse.cc:397:parse_blif$1261)
   23: $abc$1043$new_n380 (via $abc$1043$auto$blifparse.cc:397:parse_blif$1262)
   24: $abc$1043$new_n381 (via $abc$1043$auto$blifparse.cc:397:parse_blif$1263)
   25: $abc$1043$new_n382 (via $abc$1043$auto$blifparse.cc:397:parse_blif$1264)
   26: $abc$1043$new_n383 (via $abc$1043$auto$blifparse.cc:397:parse_blif$1265)
   27: $abc$1043$new_n384 (via $abc$1043$auto$blifparse.cc:397:parse_blif$1266)
   28: $abc$1043$new_n385 (via $abc$1043$auto$blifparse.cc:397:parse_blif$1267)
   29: $abc$1043$new_n386 (via $abc$1043$auto$blifparse.cc:397:parse_blif$1268)
   30: $abc$1043$new_n387 (via $abc$1043$auto$blifparse.cc:397:parse_blif$1269)
   31: $abc$1043$new_n388 (via $abc$1043$auto$blifparse.cc:397:parse_blif$1270)
   32: $abc$1043$new_n389 (via $abc$1043$auto$blifparse.cc:397:parse_blif$1271)
   33: $auto$alumacc.cc:548:replace_alu$84.CO [16] (via $abc$1043$auto$blifparse.cc:397:parse_blif$1272)
   ff: \split.value [17] (via $auto$ff.cc:337:slice$226)

6. Executing Verilog backend.

6.1. Executing BMUXMAP pass.

6.2. Executing DEMUXMAP pass.
Dumping module `\stream_sum'.

End of script. Logfile hash: 9ac62c0d33, time: 0.22s, user: 0.22s, system: 0.00s
Yosys 0.69 (git sha1 9f75ca1f9, Release, Clang /workspace/YoWASP/yosys/wasi-sdk-33.0-x86_64-linux/share/cmake/../..//bin/clang++ 22.1.0)
Time spent: 36% 1x abc (0 sec), 13% 1x techmap (0 sec), ...

=== ice40 WIDTH=16 PIPE=2 ===

 /----------------------------------------------------------------------------\
 |  yosys -- Yosys Open SYnthesis Suite                                       |
 |  Copyright (C) 2012 - 2026  Claire Xenia Wolf <claire@yosyshq.com>         |
 |  Distributed under an ISC-like license, type "license" to see terms        |
 \----------------------------------------------------------------------------/
 Yosys 0.69 (git sha1 9f75ca1f9, Release, Clang /workspace/YoWASP/yosys/wasi-sdk-33.0-x86_64-linux/share/cmake/../..//bin/clang++ 22.1.0)

-- Running command `read_verilog -sv rtl/stream_sum.sv; chparam -set WIDTH 16 -set PIPE 2 stream_sum; synth_ice40 -top stream_sum; check -assert; tee -o results/ice40_16_2.json stat -json' --

1. Executing Verilog-2005 frontend: rtl/stream_sum.sv
Parsing SystemVerilog input from `rtl/stream_sum.sv' to AST representation.
Generating RTLIL representation for module `\stream_sum'.
Successfully finished Verilog frontend.
Parameter \WIDTH = 16
Parameter \PIPE = 2

2. Executing AST frontend in derive mode using pre-parsed AST for module `\stream_sum'.
Parameter \WIDTH = 16
Parameter \PIPE = 2
Generating RTLIL representation for module `$paramod$f0ca87ad28dc6abeecf8c743fc6f0a219a8a883e\stream_sum'.

3. Executing SYNTH_ICE40 pass.

3.1. Executing Verilog-2005 frontend: /share/ice40/cells_sim.v
Parsing Verilog input from `/share/ice40/cells_sim.v' to AST representation.
Generating RTLIL representation for module `\SB_IO'.
Generating RTLIL representation for module `\SB_GB_IO'.
Generating RTLIL representation for module `\SB_GB'.
Generating RTLIL representation for module `\SB_LUT4'.
Generating RTLIL representation for module `\SB_CARRY'.
Generating RTLIL representation for module `\SB_DFF'.
Generating RTLIL representation for module `\SB_DFFE'.
Generating RTLIL representation for module `\SB_DFFSR'.
Generating RTLIL representation for module `\SB_DFFR'.
Generating RTLIL representation for module `\SB_DFFSS'.
Generating RTLIL representation for module `\SB_DFFS'.
Generating RTLIL representation for module `\SB_DFFESR'.
Generating RTLIL representation for module `\SB_DFFER'.
Generating RTLIL representation for module `\SB_DFFESS'.
Generating RTLIL representation for module `\SB_DFFES'.
Generating RTLIL representation for module `\SB_DFFN'.
Generating RTLIL representation for module `\SB_DFFNE'.
Generating RTLIL representation for module `\SB_DFFNSR'.
Generating RTLIL representation for module `\SB_DFFNR'.
Generating RTLIL representation for module `\SB_DFFNSS'.
Generating RTLIL representation for module `\SB_DFFNS'.
Generating RTLIL representation for module `\SB_DFFNESR'.
Generating RTLIL representation for module `\SB_DFFNER'.
Generating RTLIL representation for module `\SB_DFFNESS'.
Generating RTLIL representation for module `\SB_DFFNES'.
Generating RTLIL representation for module `\SB_RAM40_4K'.
Generating RTLIL representation for module `\SB_RAM40_4KNR'.
Generating RTLIL representation for module `\SB_RAM40_4KNW'.
Generating RTLIL representation for module `\SB_RAM40_4KNRNW'.
Generating RTLIL representation for module `\ICESTORM_LC'.
Generating RTLIL representation for module `\SB_PLL40_CORE'.
Generating RTLIL representation for module `\SB_PLL40_PAD'.
Generating RTLIL representation for module `\SB_PLL40_2_PAD'.
Generating RTLIL representation for module `\SB_PLL40_2F_CORE'.
Generating RTLIL representation for module `\SB_PLL40_2F_PAD'.
Generating RTLIL representation for module `\SB_WARMBOOT'.
Generating RTLIL representation for module `\SB_SPRAM256KA'.
Generating RTLIL representation for module `\SB_HFOSC'.
Generating RTLIL representation for module `\SB_LFOSC'.
Generating RTLIL representation for module `\SB_RGBA_DRV'.
Generating RTLIL representation for module `\SB_LED_DRV_CUR'.
Generating RTLIL representation for module `\SB_RGB_DRV'.
Generating RTLIL representation for module `\SB_I2C'.
Generating RTLIL representation for module `\SB_SPI'.
Generating RTLIL representation for module `\SB_LEDDA_IP'.
Generating RTLIL representation for module `\SB_FILTER_50NS'.
Generating RTLIL representation for module `\SB_IO_I3C'.
Generating RTLIL representation for module `\SB_IO_OD'.
Generating RTLIL representation for module `\SB_MAC16'.
Generating RTLIL representation for module `\ICESTORM_RAM'.
Successfully finished Verilog frontend.

3.2. Executing HIERARCHY pass (managing design hierarchy).

3.2.1. Analyzing design hierarchy..
Top module:  \stream_sum

3.2.2. Analyzing design hierarchy..
Top module:  \stream_sum
Removed 0 unused modules.

3.3. Executing PROC pass (convert processes to netlists).

3.3.1. Executing PROC_CLEAN pass (remove empty switches from decision trees).
Cleaned up 0 empty switches.

3.3.2. Executing PROC_RMDEAD pass (remove dead branches from decision trees).
Marked 1 switch rules as full_case in process $proc$rtl/stream_sum.sv:37$19 in module stream_sum.
Removed a total of 0 dead cases.

3.3.3. Executing PROC_PRUNE pass (remove redundant assignments in processes).
Removed 0 redundant assignments.
Promoted 0 assignments to connections.

3.3.4. Executing PROC_INIT pass (extract init attributes).

3.3.5. Executing PROC_ARST pass (detect async resets in processes).

3.3.6. Executing PROC_ROM pass (convert switches to ROMs).
Converted 0 switches.
<suppressed ~5 debug messages>

3.3.7. Executing PROC_MUX pass (convert decision trees to multiplexers).
Creating decoders for process `\stream_sum.$proc$rtl/stream_sum.sv:37$19'.
     1/5: $0\split.value[17:0]
     2/5: $0\split.cd[16:0]
     3/5: $0\split.ab[16:0]
     4/5: $0\split.v1[0:0]
     5/5: $0\split.v0[0:0]

3.3.8. Executing PROC_DLATCH pass (convert process syncs to latches).

3.3.9. Executing PROC_DFF pass (convert process syncs to FFs).
Creating register for signal `\stream_sum.\split.v0' using process `\stream_sum.$proc$rtl/stream_sum.sv:37$19'.
  created $dff cell `$procdff$434' with positive edge clock.
Creating register for signal `\stream_sum.\split.v1' using process `\stream_sum.$proc$rtl/stream_sum.sv:37$19'.
  created $dff cell `$procdff$435' with positive edge clock.
Creating register for signal `\stream_sum.\split.ab' using process `\stream_sum.$proc$rtl/stream_sum.sv:37$19'.
  created $dff cell `$procdff$436' with positive edge clock.
Creating register for signal `\stream_sum.\split.cd' using process `\stream_sum.$proc$rtl/stream_sum.sv:37$19'.
  created $dff cell `$procdff$437' with positive edge clock.
Creating register for signal `\stream_sum.\split.value' using process `\stream_sum.$proc$rtl/stream_sum.sv:37$19'.
  created $dff cell `$procdff$438' with positive edge clock.

3.3.10. Executing PROC_MEMWR pass (convert process memory writes to cells).

3.3.11. Executing PROC_CLEAN pass (remove empty switches from decision trees).
Found and cleaned up 5 empty switches in `\stream_sum.$proc$rtl/stream_sum.sv:37$19'.
Removing empty process `stream_sum.$proc$rtl/stream_sum.sv:37$19'.
Cleaned up 5 empty switches.

3.3.12. Executing OPT_EXPR pass (perform const folding).
Optimizing module stream_sum.

3.4. Executing CHECK pass (checking for obvious problems).
Checking module stream_sum...
Found and reported 0 problems.

3.5. Executing FLATTEN pass (flatten design).

3.6. Executing TRIBUF pass.

3.7. Executing DEMINOUT pass (demote inout ports to input or output).

3.8. Executing OPT_EXPR pass (perform const folding).
Optimizing module stream_sum.

3.9. Executing OPT_CLEAN pass (remove unused cells and wires).
Finding unused cells or wires in module \stream_sum..
Removed 0 unused cells and 22 unused wires.
<suppressed ~1 debug messages>

3.10. Executing CHECK pass (checking for obvious problems).
Checking module stream_sum...
Found and reported 0 problems.

3.11. Executing OPT pass (performing simple optimizations).

3.11.1. Executing OPT_EXPR pass (perform const folding).
Optimizing module stream_sum.

3.11.2. Executing OPT_MERGE pass (detect identical cells).
Finding identical cells in module `\stream_sum'.
Computing hashes of 29 cells of `\stream_sum'.
Finding duplicate cells in `\stream_sum'.
Computing hashes of 28 cells of `\stream_sum'.
Finding duplicate cells in `\stream_sum'.
<suppressed ~3 debug messages>
Removed a total of 1 cells.

3.11.3. Executing OPT_MUXTREE pass (detect dead branches in mux trees).
Running muxtree optimizer on module \stream_sum..
  Creating internal representation of mux trees.
  Evaluating internal representation of mux trees.
  Analyzing evaluation results.
Removed 0 multiplexer ports.
<suppressed ~18 debug messages>

3.11.4. Executing OPT_REDUCE pass (consolidate $*mux and $reduce_* inputs).
  Optimizing cells in module \stream_sum.
Performed a total of 0 changes.

3.11.5. Executing OPT_MERGE pass (detect identical cells).
Finding identical cells in module `\stream_sum'.
Computing hashes of 28 cells of `\stream_sum'.
Finding duplicate cells in `\stream_sum'.
Removed a total of 0 cells.

3.11.6. Executing OPT_DFF pass (perform DFF optimizations).

3.11.7. Executing OPT_CLEAN pass (remove unused cells and wires).
Finding unused cells or wires in module \stream_sum..
Removed 0 unused cells and 1 unused wires.
<suppressed ~1 debug messages>

3.11.8. Executing OPT_EXPR pass (perform const folding).
Optimizing module stream_sum.

3.11.9. Rerunning OPT passes. (Maybe there is more to do..)

3.11.10. Executing OPT_MUXTREE pass (detect dead branches in mux trees).
Running muxtree optimizer on module \stream_sum..
  Creating internal representation of mux trees.
  Evaluating internal representation of mux trees.
  Analyzing evaluation results.
Removed 0 multiplexer ports.
<suppressed ~18 debug messages>

3.11.11. Executing OPT_REDUCE pass (consolidate $*mux and $reduce_* inputs).
  Optimizing cells in module \stream_sum.
Performed a total of 0 changes.

3.11.12. Executing OPT_MERGE pass (detect identical cells).
Finding identical cells in module `\stream_sum'.
Computing hashes of 28 cells of `\stream_sum'.
Finding duplicate cells in `\stream_sum'.
Removed a total of 0 cells.

3.11.13. Executing OPT_DFF pass (perform DFF optimizations).

3.11.14. Executing OPT_CLEAN pass (remove unused cells and wires).
Finding unused cells or wires in module \stream_sum..

3.11.15. Executing OPT_EXPR pass (perform const folding).
Optimizing module stream_sum.

3.11.16. Finished fast OPT passes. (There is nothing left to do.)

3.12. Executing FSM pass (extract and optimize FSM).

3.12.1. Executing FSM_DETECT pass (finding FSMs in design).

3.12.2. Executing FSM_EXTRACT pass (extracting FSM from design).

3.12.3. Executing FSM_OPT pass (simple optimizations of FSMs).

3.12.4. Executing OPT_CLEAN pass (remove unused cells and wires).
Finding unused cells or wires in module \stream_sum..

3.12.5. Executing FSM_OPT pass (simple optimizations of FSMs).

3.12.6. Executing FSM_RECODE pass (re-assigning FSM state encoding).

3.12.7. Executing FSM_INFO pass (dumping all available information on FSM cells).

3.12.8. Executing FSM_MAP pass (mapping FSMs to basic logic).

3.13. Executing OPT pass (performing simple optimizations).

3.13.1. Executing OPT_EXPR pass (perform const folding).
Optimizing module stream_sum.

3.13.2. Executing OPT_MERGE pass (detect identical cells).
Finding identical cells in module `\stream_sum'.
Computing hashes of 28 cells of `\stream_sum'.
Finding duplicate cells in `\stream_sum'.
Removed a total of 0 cells.

3.13.3. Executing OPT_MUXTREE pass (detect dead branches in mux trees).
Running muxtree optimizer on module \stream_sum..
  Creating internal representation of mux trees.
  Evaluating internal representation of mux trees.
  Analyzing evaluation results.
Removed 0 multiplexer ports.
<suppressed ~18 debug messages>

3.13.4. Executing OPT_REDUCE pass (consolidate $*mux and $reduce_* inputs).
  Optimizing cells in module \stream_sum.
Performed a total of 0 changes.

3.13.5. Executing OPT_MERGE pass (detect identical cells).
Finding identical cells in module `\stream_sum'.
Computing hashes of 28 cells of `\stream_sum'.
Finding duplicate cells in `\stream_sum'.
Removed a total of 0 cells.

3.13.6. Executing OPT_DFF pass (perform DFF optimizations).
Adding EN signal on $procdff$438 ($dff) from module stream_sum (D = $add$rtl/stream_sum.sv:49$22_Y, Q = \split.value).
Adding SRST signal on $procdff$434 ($dff) from module stream_sum (D = $procmux$429_Y, Q = \split.v0, rval = 1'0).
Adding EN signal on $auto$ff.cc:337:slice$444 ($sdff) from module stream_sum (D = \s_valid, Q = \split.v0).
Adding SRST signal on $procdff$435 ($dff) from module stream_sum (D = $procmux$424_Y, Q = \split.v1, rval = 1'0).
Adding EN signal on $auto$ff.cc:337:slice$446 ($sdff) from module stream_sum (D = \split.v0, Q = \split.v1).
Adding EN signal on $procdff$436 ($dff) from module stream_sum (D = $add$rtl/stream_sum.sv:43$20_Y, Q = \split.ab).
Adding EN signal on $procdff$437 ($dff) from module stream_sum (D = $add$rtl/stream_sum.sv:44$21_Y, Q = \split.cd).

3.13.7. Executing OPT_CLEAN pass (remove unused cells and wires).
Finding unused cells or wires in module \stream_sum..
Removed 13 unused cells and 13 unused wires.
<suppressed ~14 debug messages>

3.13.8. Executing OPT_EXPR pass (perform const folding).
Optimizing module stream_sum.

3.13.9. Rerunning OPT passes. (Maybe there is more to do..)

3.13.10. Executing OPT_MUXTREE pass (detect dead branches in mux trees).
Running muxtree optimizer on module \stream_sum..
  Creating internal representation of mux trees.
  No muxes found in this module.
Removed 0 multiplexer ports.

3.13.11. Executing OPT_REDUCE pass (consolidate $*mux and $reduce_* inputs).
  Optimizing cells in module \stream_sum.
Performed a total of 0 changes.

3.13.12. Executing OPT_MERGE pass (detect identical cells).
Finding identical cells in module `\stream_sum'.
Computing hashes of 21 cells of `\stream_sum'.
Finding duplicate cells in `\stream_sum'.
Computing hashes of 19 cells of `\stream_sum'.
Finding duplicate cells in `\stream_sum'.
Computing hashes of 18 cells of `\stream_sum'.
Finding duplicate cells in `\stream_sum'.
<suppressed ~9 debug messages>
Removed a total of 3 cells.

3.13.13. Executing OPT_DFF pass (perform DFF optimizations).

3.13.14. Executing OPT_CLEAN pass (remove unused cells and wires).
Finding unused cells or wires in module \stream_sum..
Removed 0 unused cells and 3 unused wires.
<suppressed ~1 debug messages>

3.13.15. Executing OPT_EXPR pass (perform const folding).
Optimizing module stream_sum.

3.13.16. Rerunning OPT passes. (Maybe there is more to do..)

3.13.17. Executing OPT_MUXTREE pass (detect dead branches in mux trees).
Running muxtree optimizer on module \stream_sum..
  Creating internal representation of mux trees.
  No muxes found in this module.
Removed 0 multiplexer ports.

3.13.18. Executing OPT_REDUCE pass (consolidate $*mux and $reduce_* inputs).
  Optimizing cells in module \stream_sum.
Performed a total of 0 changes.

3.13.19. Executing OPT_MERGE pass (detect identical cells).
Finding identical cells in module `\stream_sum'.
Computing hashes of 18 cells of `\stream_sum'.
Finding duplicate cells in `\stream_sum'.
Removed a total of 0 cells.

3.13.20. Executing OPT_DFF pass (perform DFF optimizations).

3.13.21. Executing OPT_CLEAN pass (remove unused cells and wires).
Finding unused cells or wires in module \stream_sum..

3.13.22. Executing OPT_EXPR pass (perform const folding).
Optimizing module stream_sum.

3.13.23. Finished fast OPT passes. (There is nothing left to do.)

3.14. Executing WREDUCE pass (reducing word size of cells).
Removed top 1 bits (of 17) from port A of cell stream_sum.$add$rtl/stream_sum.sv:43$20 ($add).
Removed top 1 bits (of 17) from port B of cell stream_sum.$add$rtl/stream_sum.sv:43$20 ($add).
Removed top 1 bits (of 17) from port A of cell stream_sum.$add$rtl/stream_sum.sv:44$21 ($add).
Removed top 1 bits (of 17) from port B of cell stream_sum.$add$rtl/stream_sum.sv:44$21 ($add).
Removed top 1 bits (of 18) from port A of cell stream_sum.$add$rtl/stream_sum.sv:49$22 ($add).
Removed top 1 bits (of 18) from port B of cell stream_sum.$add$rtl/stream_sum.sv:49$22 ($add).

3.15. Executing PEEPOPT pass (run peephole optimizers).

3.16. Executing OPT_CLEAN pass (remove unused cells and wires).
Finding unused cells or wires in module \stream_sum..

3.17. Executing SHARE pass (SAT-based resource sharing).

3.18. Executing TECHMAP pass (map to technology primitives).

3.18.1. Executing Verilog-2005 frontend: /share/cmp2lut.v
Parsing Verilog input from `/share/cmp2lut.v' to AST representation.
Generating RTLIL representation for module `\_90_lut_cmp_'.
Successfully finished Verilog frontend.

3.18.2. Continuing TECHMAP pass.
No more expansions possible.
<suppressed ~6 debug messages>

3.19. Executing OPT_EXPR pass (perform const folding).
Optimizing module stream_sum.

3.20. Executing OPT_CLEAN pass (remove unused cells and wires).
Finding unused cells or wires in module \stream_sum..

3.21. Executing ALUMACC pass (create $alu and $macc cells).
Extracting $alu and $macc cells in module stream_sum:
  creating $macc model for $add$rtl/stream_sum.sv:43$20 ($add).
  creating $macc model for $add$rtl/stream_sum.sv:44$21 ($add).
  creating $macc model for $add$rtl/stream_sum.sv:49$22 ($add).
  creating $alu model for $macc $add$rtl/stream_sum.sv:49$22.
  creating $alu model for $macc $add$rtl/stream_sum.sv:44$21.
  creating $alu model for $macc $add$rtl/stream_sum.sv:43$20.
  creating $alu cell for $add$rtl/stream_sum.sv:43$20: $auto$alumacc.cc:548:replace_alu$459
  creating $alu cell for $add$rtl/stream_sum.sv:44$21: $auto$alumacc.cc:548:replace_alu$462
  creating $alu cell for $add$rtl/stream_sum.sv:49$22: $auto$alumacc.cc:548:replace_alu$465
  created 3 $alu and 0 $macc cells.

3.22. Executing OPT pass (performing simple optimizations).

3.22.1. Executing OPT_EXPR pass (perform const folding).
Optimizing module stream_sum.

3.22.2. Executing OPT_MERGE pass (detect identical cells).
Finding identical cells in module `\stream_sum'.
Computing hashes of 18 cells of `\stream_sum'.
Finding duplicate cells in `\stream_sum'.
Removed a total of 0 cells.

3.22.3. Executing OPT_MUXTREE pass (detect dead branches in mux trees).
Running muxtree optimizer on module \stream_sum..
  Creating internal representation of mux trees.
  No muxes found in this module.
Removed 0 multiplexer ports.

3.22.4. Executing OPT_REDUCE pass (consolidate $*mux and $reduce_* inputs).
  Optimizing cells in module \stream_sum.
Performed a total of 0 changes.

3.22.5. Executing OPT_MERGE pass (detect identical cells).
Finding identical cells in module `\stream_sum'.
Computing hashes of 18 cells of `\stream_sum'.
Finding duplicate cells in `\stream_sum'.
Removed a total of 0 cells.

3.22.6. Executing OPT_DFF pass (perform DFF optimizations).

3.22.7. Executing OPT_CLEAN pass (remove unused cells and wires).
Finding unused cells or wires in module \stream_sum..

3.22.8. Executing OPT_EXPR pass (perform const folding).
Optimizing module stream_sum.

3.22.9. Finished fast OPT passes. (There is nothing left to do.)

3.23. Executing MEMORY pass.

3.23.1. Executing OPT_MEM pass (optimize memories).
Performed a total of 0 transformations.

3.23.2. Executing OPT_MEM_PRIORITY pass (removing unnecessary memory write priority relations).
Performed a total of 0 transformations.

3.23.3. Executing OPT_MEM_FEEDBACK pass (finding memory read-to-write feedback paths).

3.23.4. Executing MEMORY_BMUX2ROM pass (converting muxes to ROMs).

3.23.5. Executing MEMORY_DFF pass (merging $dff cells to $memrd).

3.23.6. Executing OPT_CLEAN pass (remove unused cells and wires).
Finding unused cells or wires in module \stream_sum..

3.23.7. Executing MEMORY_SHARE pass (consolidating $memrd/$memwr cells).

3.23.8. Executing OPT_MEM_WIDEN pass (optimize memories where all ports are wide).
Performed a total of 0 transformations.

3.23.9. Executing OPT_CLEAN pass (remove unused cells and wires).
Finding unused cells or wires in module \stream_sum..

3.23.10. Executing MEMORY_COLLECT pass (generating $mem cells).

3.24. Executing OPT_CLEAN pass (remove unused cells and wires).
Finding unused cells or wires in module \stream_sum..

3.25. Executing MEMORY_LIBMAP pass (mapping memories to cells).

3.26. Executing TECHMAP pass (map to technology primitives).

3.26.1. Executing Verilog-2005 frontend: /share/ice40/brams_map.v
Parsing Verilog input from `/share/ice40/brams_map.v' to AST representation.
Generating RTLIL representation for module `$__ICE40_RAM4K_'.
Successfully finished Verilog frontend.

3.26.2. Executing Verilog-2005 frontend: /share/ice40/spram_map.v
Parsing Verilog input from `/share/ice40/spram_map.v' to AST representation.
Generating RTLIL representation for module `$__ICE40_SPRAM_'.
Successfully finished Verilog frontend.

3.26.3. Continuing TECHMAP pass.
No more expansions possible.
<suppressed ~4 debug messages>

3.27. Executing ICE40_BRAMINIT pass.

3.28. Executing OPT pass (performing simple optimizations).

3.28.1. Executing OPT_EXPR pass (perform const folding).
Optimizing module stream_sum.

3.28.2. Executing OPT_MERGE pass (detect identical cells).
Finding identical cells in module `\stream_sum'.
Computing hashes of 18 cells of `\stream_sum'.
Finding duplicate cells in `\stream_sum'.
Removed a total of 0 cells.

3.28.3. Executing OPT_DFF pass (perform DFF optimizations).

3.28.4. Executing OPT_CLEAN pass (remove unused cells and wires).
Finding unused cells or wires in module \stream_sum..

3.28.5. Finished fast OPT passes.

3.29. Executing MEMORY_MAP pass (converting memories to logic and flip-flops).

3.30. Executing OPT pass (performing simple optimizations).

3.30.1. Executing OPT_EXPR pass (perform const folding).
Optimizing module stream_sum.

3.30.2. Executing OPT_MERGE pass (detect identical cells).
Finding identical cells in module `\stream_sum'.
Computing hashes of 18 cells of `\stream_sum'.
Finding duplicate cells in `\stream_sum'.
Removed a total of 0 cells.

3.30.3. Executing OPT_MUXTREE pass (detect dead branches in mux trees).
Running muxtree optimizer on module \stream_sum..
  Creating internal representation of mux trees.
  No muxes found in this module.
Removed 0 multiplexer ports.

3.30.4. Executing OPT_REDUCE pass (consolidate $*mux and $reduce_* inputs).
  Optimizing cells in module \stream_sum.
Performed a total of 0 changes.

3.30.5. Executing OPT_MERGE pass (detect identical cells).
Finding identical cells in module `\stream_sum'.
Computing hashes of 18 cells of `\stream_sum'.
Finding duplicate cells in `\stream_sum'.
Removed a total of 0 cells.

3.30.6. Executing OPT_DFF pass (perform DFF optimizations).

3.30.7. Executing OPT_CLEAN pass (remove unused cells and wires).
Finding unused cells or wires in module \stream_sum..

3.30.8. Executing OPT_EXPR pass (perform const folding).
Optimizing module stream_sum.

3.30.9. Finished fast OPT passes. (There is nothing left to do.)

3.31. Executing ICE40_WRAPCARRY pass (wrap carries).

3.32. Executing TECHMAP pass (map to technology primitives).

3.32.1. Executing Verilog-2005 frontend: /share/techmap.v
Parsing Verilog input from `/share/techmap.v' to AST representation.
Generating RTLIL representation for module `\_90_simplemap_bool_ops'.
Generating RTLIL representation for module `\_90_simplemap_reduce_ops'.
Generating RTLIL representation for module `\_90_simplemap_logic_ops'.
Generating RTLIL representation for module `\_90_simplemap_compare_ops'.
Generating RTLIL representation for module `\_90_simplemap_various'.
Generating RTLIL representation for module `\_90_simplemap_registers'.
Generating RTLIL representation for module `\_90_shift_ops_shr_shl_sshl_sshr'.
Generating RTLIL representation for module `\_90_shift_shiftx'.
Generating RTLIL representation for module `\_90_fa'.
Generating RTLIL representation for module `\_90_lcu_brent_kung'.
Generating RTLIL representation for module `\_90_alu'.
Generating RTLIL representation for module `\_90_macc'.
Generating RTLIL representation for module `\_90_alumacc'.
Generating RTLIL representation for module `$__div_mod_u'.
Generating RTLIL representation for module `$__div_mod_trunc'.
Generating RTLIL representation for module `\_90_div'.
Generating RTLIL representation for module `\_90_mod'.
Generating RTLIL representation for module `$__div_mod_floor'.
Generating RTLIL representation for module `\_90_divfloor'.
Generating RTLIL representation for module `\_90_modfloor'.
Generating RTLIL representation for module `\_90_pow'.
Generating RTLIL representation for module `\_90_demux'.
Generating RTLIL representation for module `\_90_lut'.
Generating RTLIL representation for module `$connect'.
Generating RTLIL representation for module `$input_port'.
Successfully finished Verilog frontend.

3.32.2. Executing Verilog-2005 frontend: /share/ice40/arith_map.v
Parsing Verilog input from `/share/ice40/arith_map.v' to AST representation.
Generating RTLIL representation for module `\_80_ice40_alu'.
Successfully finished Verilog frontend.

3.32.3. Continuing TECHMAP pass.
Using template $paramod$4ce4a1faeffe5690bb1819c6520eb4b4e75ebebd\_80_ice40_alu for cells of type $alu.
Using template $paramod$081ba1a4a7201ecdb44563d3c3bd7013d1ebf4eb\_80_ice40_alu for cells of type $alu.
Using extmapper simplemap for cells of type $dffe.
Using extmapper simplemap for cells of type $reduce_and.
Using extmapper simplemap for cells of type $sdffe.
Using extmapper simplemap for cells of type $not.
Using extmapper simplemap for cells of type $logic_not.
Using extmapper simplemap for cells of type $logic_or.
Using extmapper simplemap for cells of type $logic_and.
Using extmapper simplemap for cells of type $xor.
Using extmapper simplemap for cells of type $mux.
Using extmapper simplemap for cells of type $pos.
No more expansions possible.
<suppressed ~144 debug messages>

3.33. Executing OPT pass (performing simple optimizations).

3.33.1. Executing OPT_EXPR pass (perform const folding).
Optimizing module stream_sum.
<suppressed ~58 debug messages>

3.33.2. Executing OPT_MERGE pass (detect identical cells).
Finding identical cells in module `\stream_sum'.
Computing hashes of 216 cells of `\stream_sum'.
Finding duplicate cells in `\stream_sum'.
Computing hashes of 215 cells of `\stream_sum'.
Finding duplicate cells in `\stream_sum'.
<suppressed ~3 debug messages>
Removed a total of 1 cells.

3.33.3. Executing OPT_DFF pass (perform DFF optimizations).

3.33.4. Executing OPT_CLEAN pass (remove unused cells and wires).
Finding unused cells or wires in module \stream_sum..
Removed 98 unused cells and 51 unused wires.
<suppressed ~99 debug messages>

3.33.5. Finished fast OPT passes.

3.34. Executing ICE40_OPT pass (performing simple optimizations).

3.34.1. Running ICE40 specific optimizations.
Optimized $__ICE40_CARRY_WRAPPER cell back to logic (without SB_CARRY) stream_sum.$auto$alumacc.cc:548:replace_alu$459.slice[16].carry: CO=1'0
Optimized $__ICE40_CARRY_WRAPPER cell back to logic (without SB_CARRY) stream_sum.$auto$alumacc.cc:548:replace_alu$462.slice[16].carry: CO=1'0
Optimized $__ICE40_CARRY_WRAPPER cell back to logic (without SB_CARRY) stream_sum.$auto$alumacc.cc:548:replace_alu$465.slice[17].carry: CO=1'0

3.34.2. Executing OPT_EXPR pass (perform const folding).
Optimizing module stream_sum.

3.34.3. Executing OPT_MERGE pass (detect identical cells).
Finding identical cells in module `\stream_sum'.
Computing hashes of 117 cells of `\stream_sum'.
Finding duplicate cells in `\stream_sum'.
Removed a total of 0 cells.

3.34.4. Executing OPT_DFF pass (perform DFF optimizations).

3.34.5. Executing OPT_CLEAN pass (remove unused cells and wires).
Finding unused cells or wires in module \stream_sum..
Removed 0 unused cells and 3 unused wires.
<suppressed ~1 debug messages>

3.34.6. Rerunning OPT passes. (Removed registers in this run.)

3.34.7. Running ICE40 specific optimizations.

3.34.8. Executing OPT_EXPR pass (perform const folding).
Optimizing module stream_sum.

3.34.9. Executing OPT_MERGE pass (detect identical cells).
Finding identical cells in module `\stream_sum'.
Computing hashes of 117 cells of `\stream_sum'.
Finding duplicate cells in `\stream_sum'.
Removed a total of 0 cells.

3.34.10. Executing OPT_DFF pass (perform DFF optimizations).

3.34.11. Executing OPT_CLEAN pass (remove unused cells and wires).
Finding unused cells or wires in module \stream_sum..

3.34.12. Finished OPT passes. (There is nothing left to do.)

3.35. Executing DFFLEGALIZE pass (convert FFs and LATCHes to types supported by the target).

3.36. Executing TECHMAP pass (map to technology primitives).

3.36.1. Executing Verilog-2005 frontend: /share/ice40/ff_map.v
Parsing Verilog input from `/share/ice40/ff_map.v' to AST representation.
Generating RTLIL representation for module `$_DFF_N_'.
Generating RTLIL representation for module `$_DFF_P_'.
Generating RTLIL representation for module `$_DFFE_NP_'.
Generating RTLIL representation for module `$_DFFE_PP_'.
Generating RTLIL representation for module `$_DFF_NP0_'.
Generating RTLIL representation for module `$_DFF_NP1_'.
Generating RTLIL representation for module `$_DFF_PP0_'.
Generating RTLIL representation for module `$_DFF_PP1_'.
Generating RTLIL representation for module `$_DFFE_NP0P_'.
Generating RTLIL representation for module `$_DFFE_NP1P_'.
Generating RTLIL representation for module `$_DFFE_PP0P_'.
Generating RTLIL representation for module `$_DFFE_PP1P_'.
Generating RTLIL representation for module `$_SDFF_NP0_'.
Generating RTLIL representation for module `$_SDFF_NP1_'.
Generating RTLIL representation for module `$_SDFF_PP0_'.
Generating RTLIL representation for module `$_SDFF_PP1_'.
Generating RTLIL representation for module `$_SDFFCE_NP0P_'.
Generating RTLIL representation for module `$_SDFFCE_NP1P_'.
Generating RTLIL representation for module `$_SDFFCE_PP0P_'.
Generating RTLIL representation for module `$_SDFFCE_PP1P_'.
Successfully finished Verilog frontend.

3.36.2. Continuing TECHMAP pass.
Using template $_DFFE_PP_ for cells of type $_DFFE_PP_.
Using template $_SDFFCE_PP0P_ for cells of type $_SDFFCE_PP0P_.
No more expansions possible.
<suppressed ~76 debug messages>

3.37. Executing OPT_EXPR pass (perform const folding).
Optimizing module stream_sum.

3.38. Executing SIMPLEMAP pass (map simple cells to gate primitives).
Mapping stream_sum.$auto$alumacc.cc:548:replace_alu$459.slice[16].carry ($lut).
Mapping stream_sum.$auto$alumacc.cc:548:replace_alu$462.slice[16].carry ($lut).
Mapping stream_sum.$auto$alumacc.cc:548:replace_alu$465.slice[17].carry ($lut).

3.39. Executing ICE40_OPT pass (performing simple optimizations).

3.39.1. Running ICE40 specific optimizations.

3.39.2. Executing OPT_EXPR pass (perform const folding).
Optimizing module stream_sum.
<suppressed ~45 debug messages>

3.39.3. Executing OPT_MERGE pass (detect identical cells).
Finding identical cells in module `\stream_sum'.
Computing hashes of 116 cells of `\stream_sum'.
Finding duplicate cells in `\stream_sum'.
Removed a total of 0 cells.

3.39.4. Executing OPT_DFF pass (perform DFF optimizations).

3.39.5. Executing OPT_CLEAN pass (remove unused cells and wires).
Finding unused cells or wires in module \stream_sum..
Removed 0 unused cells and 284 unused wires.
<suppressed ~1 debug messages>

3.39.6. Rerunning OPT passes. (Removed registers in this run.)

3.39.7. Running ICE40 specific optimizations.

3.39.8. Executing OPT_EXPR pass (perform const folding).
Optimizing module stream_sum.

3.39.9. Executing OPT_MERGE pass (detect identical cells).
Finding identical cells in module `\stream_sum'.
Computing hashes of 116 cells of `\stream_sum'.
Finding duplicate cells in `\stream_sum'.
Removed a total of 0 cells.

3.39.10. Executing OPT_DFF pass (perform DFF optimizations).

3.39.11. Executing OPT_CLEAN pass (remove unused cells and wires).
Finding unused cells or wires in module \stream_sum..

3.39.12. Finished OPT passes. (There is nothing left to do.)

3.40. Executing CHECK pass (checking for obvious problems).
Checking module stream_sum...
Found and reported 0 problems.

3.41. Executing TECHMAP pass (map to technology primitives).

3.41.1. Executing Verilog-2005 frontend: /share/ice40/latches_map.v
Parsing Verilog input from `/share/ice40/latches_map.v' to AST representation.
Generating RTLIL representation for module `$_DLATCH_N_'.
Generating RTLIL representation for module `$_DLATCH_P_'.
Successfully finished Verilog frontend.

3.41.2. Continuing TECHMAP pass.
No more expansions possible.
<suppressed ~4 debug messages>

3.42. Executing Verilog-2005 frontend: /share/ice40/abc9_model.v
Parsing Verilog input from `/share/ice40/abc9_model.v' to AST representation.
Generating RTLIL representation for module `$__ICE40_CARRY_WRAPPER'.
Successfully finished Verilog frontend.

3.43. Executing ABC9 pass.

3.43.1. Executing ABC9_OPS pass (helper functions for ABC9).

3.43.2. Executing ABC9_OPS pass (helper functions for ABC9).

3.43.3. Executing SCC pass (detecting logic loops).
Found 0 SCCs in module stream_sum.
Found 0 SCCs.

3.43.4. Executing ABC9_OPS pass (helper functions for ABC9).

3.43.5. Executing TECHMAP pass (map to technology primitives).

3.43.5.1. Executing Verilog-2005 frontend: /share/techmap.v
Parsing Verilog input from `/share/techmap.v' to AST representation.
Generating RTLIL representation for module `\_90_simplemap_bool_ops'.
Generating RTLIL representation for module `\_90_simplemap_reduce_ops'.
Generating RTLIL representation for module `\_90_simplemap_logic_ops'.
Generating RTLIL representation for module `\_90_simplemap_compare_ops'.
Generating RTLIL representation for module `\_90_simplemap_various'.
Generating RTLIL representation for module `\_90_simplemap_registers'.
Generating RTLIL representation for module `\_90_shift_ops_shr_shl_sshl_sshr'.
Generating RTLIL representation for module `\_90_shift_shiftx'.
Generating RTLIL representation for module `\_90_fa'.
Generating RTLIL representation for module `\_90_lcu_brent_kung'.
Generating RTLIL representation for module `\_90_alu'.
Generating RTLIL representation for module `\_90_macc'.
Generating RTLIL representation for module `\_90_alumacc'.
Generating RTLIL representation for module `$__div_mod_u'.
Generating RTLIL representation for module `$__div_mod_trunc'.
Generating RTLIL representation for module `\_90_div'.
Generating RTLIL representation for module `\_90_mod'.
Generating RTLIL representation for module `$__div_mod_floor'.
Generating RTLIL representation for module `\_90_divfloor'.
Generating RTLIL representation for module `\_90_modfloor'.
Generating RTLIL representation for module `\_90_pow'.
Generating RTLIL representation for module `\_90_demux'.
Generating RTLIL representation for module `\_90_lut'.
Generating RTLIL representation for module `$connect'.
Generating RTLIL representation for module `$input_port'.
Successfully finished Verilog frontend.

3.43.5.2. Continuing TECHMAP pass.
No more expansions possible.
<suppressed ~130 debug messages>

3.43.6. Executing OPT pass (performing simple optimizations).

3.43.6.1. Executing OPT_EXPR pass (perform const folding).

3.43.6.2. Executing OPT_MERGE pass (detect identical cells).
Removed a total of 0 cells.

3.43.6.3. Executing OPT_MUXTREE pass (detect dead branches in mux trees).
Removed 0 multiplexer ports.

3.43.6.4. Executing OPT_REDUCE pass (consolidate $*mux and $reduce_* inputs).
Performed a total of 0 changes.

3.43.6.5. Executing OPT_MERGE pass (detect identical cells).
Removed a total of 0 cells.

3.43.6.6. Executing OPT_DFF pass (perform DFF optimizations).

3.43.6.7. Executing OPT_CLEAN pass (remove unused cells and wires).

3.43.6.8. Executing OPT_EXPR pass (perform const folding).

3.43.6.9. Finished fast OPT passes. (There is nothing left to do.)

3.43.7. Executing TECHMAP pass (map to technology primitives).

3.43.7.1. Executing Verilog-2005 frontend: /share/abc9_map.v
Parsing Verilog input from `/share/abc9_map.v' to AST representation.
Successfully finished Verilog frontend.

3.43.7.2. Continuing TECHMAP pass.
No more expansions possible.
<suppressed ~2 debug messages>

3.43.8. Executing Verilog-2005 frontend: /share/abc9_model.v
Parsing Verilog input from `/share/abc9_model.v' to AST representation.
Generating RTLIL representation for module `$__ABC9_DELAY'.
Generating RTLIL representation for module `$__ABC9_SCC_BREAKER'.
Generating RTLIL representation for module `$__DFF_N__$abc9_flop'.
Generating RTLIL representation for module `$__DFF_P__$abc9_flop'.
Successfully finished Verilog frontend.

3.43.9. Executing ABC9_OPS pass (helper functions for ABC9).
<suppressed ~58 debug messages>

3.43.10. Executing ABC9_OPS pass (helper functions for ABC9).

3.43.11. Executing ABC9_OPS pass (helper functions for ABC9).
<suppressed ~2 debug messages>

3.43.12. Executing TECHMAP pass (map to technology primitives).

3.43.12.1. Executing Verilog-2005 frontend: /share/techmap.v
Parsing Verilog input from `/share/techmap.v' to AST representation.
Generating RTLIL representation for module `\_90_simplemap_bool_ops'.
Generating RTLIL representation for module `\_90_simplemap_reduce_ops'.
Generating RTLIL representation for module `\_90_simplemap_logic_ops'.
Generating RTLIL representation for module `\_90_simplemap_compare_ops'.
Generating RTLIL representation for module `\_90_simplemap_various'.
Generating RTLIL representation for module `\_90_simplemap_registers'.
Generating RTLIL representation for module `\_90_shift_ops_shr_shl_sshl_sshr'.
Generating RTLIL representation for module `\_90_shift_shiftx'.
Generating RTLIL representation for module `\_90_fa'.
Generating RTLIL representation for module `\_90_lcu_brent_kung'.
Generating RTLIL representation for module `\_90_alu'.
Generating RTLIL representation for module `\_90_macc'.
Generating RTLIL representation for module `\_90_alumacc'.
Generating RTLIL representation for module `$__div_mod_u'.
Generating RTLIL representation for module `$__div_mod_trunc'.
Generating RTLIL representation for module `\_90_div'.
Generating RTLIL representation for module `\_90_mod'.
Generating RTLIL representation for module `$__div_mod_floor'.
Generating RTLIL representation for module `\_90_divfloor'.
Generating RTLIL representation for module `\_90_modfloor'.
Generating RTLIL representation for module `\_90_pow'.
Generating RTLIL representation for module `\_90_demux'.
Generating RTLIL representation for module `\_90_lut'.
Generating RTLIL representation for module `$connect'.
Generating RTLIL representation for module `$input_port'.
Successfully finished Verilog frontend.

3.43.12.2. Continuing TECHMAP pass.
Using template $paramod$__ICE40_CARRY_WRAPPER\LUT=16'0110100110010110\I3_IS_CI=1'1 for cells of type $paramod$__ICE40_CARRY_WRAPPER\LUT=16'0110100110010110\I3_IS_CI=1'1.
Using template $paramod\SB_LUT4\LUT_INIT=16'0110100110010110 for cells of type SB_LUT4.
Using template SB_CARRY for cells of type SB_CARRY.
Using extmapper simplemap for cells of type $mux.
Using extmapper simplemap for cells of type $logic_and.
Using extmapper simplemap for cells of type $logic_or.
No more expansions possible.
<suppressed ~150 debug messages>

3.43.13. Executing OPT pass (performing simple optimizations).

3.43.13.1. Executing OPT_EXPR pass (perform const folding).
Optimizing module stream_sum.
<suppressed ~4 debug messages>

3.43.13.2. Executing OPT_MERGE pass (detect identical cells).
Finding identical cells in module `\stream_sum'.
Computing hashes of 30 cells of `\stream_sum'.
Finding duplicate cells in `\stream_sum'.
Computing hashes of 20 cells of `\stream_sum'.
Finding duplicate cells in `\stream_sum'.
Computing hashes of 18 cells of `\stream_sum'.
Finding duplicate cells in `\stream_sum'.
<suppressed ~29 debug messages>
Removed a total of 12 cells.

3.43.13.3. Executing OPT_MUXTREE pass (detect dead branches in mux trees).
Running muxtree optimizer on module \stream_sum..
  Creating internal representation of mux trees.
  No muxes found in this module.
Removed 0 multiplexer ports.

3.43.13.4. Executing OPT_REDUCE pass (consolidate $*mux and $reduce_* inputs).
  Optimizing cells in module \stream_sum.
Performed a total of 0 changes.

3.43.13.5. Executing OPT_MERGE pass (detect identical cells).
Finding identical cells in module `\stream_sum'.
Computing hashes of 18 cells of `\stream_sum'.
Finding duplicate cells in `\stream_sum'.
Removed a total of 0 cells.

3.43.13.6. Executing OPT_DFF pass (perform DFF optimizations).

3.43.13.7. Executing OPT_CLEAN pass (remove unused cells and wires).
Finding unused cells or wires in module \stream_sum..
Removed 0 unused cells and 24 unused wires.
<suppressed ~1 debug messages>

3.43.13.8. Executing OPT_EXPR pass (perform const folding).
Optimizing module stream_sum.

3.43.13.9. Rerunning OPT passes. (Maybe there is more to do..)

3.43.13.10. Executing OPT_MUXTREE pass (detect dead branches in mux trees).
Running muxtree optimizer on module \stream_sum..
  Creating internal representation of mux trees.
  No muxes found in this module.
Removed 0 multiplexer ports.

3.43.13.11. Executing OPT_REDUCE pass (consolidate $*mux and $reduce_* inputs).
  Optimizing cells in module \stream_sum.
Performed a total of 0 changes.

3.43.13.12. Executing OPT_MERGE pass (detect identical cells).
Finding identical cells in module `\stream_sum'.
Computing hashes of 18 cells of `\stream_sum'.
Finding duplicate cells in `\stream_sum'.
Removed a total of 0 cells.

3.43.13.13. Executing OPT_DFF pass (perform DFF optimizations).

3.43.13.14. Executing OPT_CLEAN pass (remove unused cells and wires).
Finding unused cells or wires in module \stream_sum..

3.43.13.15. Executing OPT_EXPR pass (perform const folding).
Optimizing module stream_sum.

3.43.13.16. Finished fast OPT passes. (There is nothing left to do.)

3.43.14. Executing AIGMAP pass (map logic to AIG).
Module stream_sum: replaced 7 cells with 43 new cells, skipped 11 cells.
  replaced 2 cell types:
       5 $_MUX_
       2 $_OR_
  not replaced 3 cell types:
       2 $_AND_
       1 $_NOT_
       8 $specify2

3.43.15. Executing AIGMAP pass (map logic to AIG).
Module stream_sum: replaced 4 cells with 16 new cells, skipped 168 cells.
  replaced 1 cell types:
       4 $_OR_
  not replaced 7 cell types:
       6 $_AND_
       3 $_NOT_
      52 SB_DFFE
       2 SB_DFFESR
       2 $paramod$__ABC9_DELAY\DELAY=32'00000000000000000000000011001011
      54 $paramod$__ABC9_DELAY\DELAY=32'00000000000000000000000000010101
      49 $paramod$__ICE40_CARRY_WRAPPER\LUT=16'0110100110010110\I3_IS_CI=1'1

3.43.15.1. Executing ABC9_OPS pass (helper functions for ABC9).

3.43.15.2. Executing ABC9_OPS pass (helper functions for ABC9).

3.43.15.3. Executing XAIGER backend.
<suppressed ~65 debug messages>
Extracted 10 AND gates and 323 wires from module `stream_sum' to a netlist network with 122 inputs and 80 outputs.

3.43.15.4. Executing ABC9_EXE pass (technology mapping using ABC9).

3.43.15.5. Executing ABC9.
Running ABC command: "/yosys-abc" -s -f <abc-temp-dir>/abc.script 2>&1

3.43.15.6. Executing AIGER frontend.
<suppressed ~11 debug messages>
Removed 8 unused cells and 648 unused wires.

3.43.15.7. Executing ABC_OPS_REINTEGRATE pass (reintegrate ABC mapped design into module).
ABC RESULTS:              $lut cells:        6
ABC RESULTS:   $paramod$__ICE40_CARRY_WRAPPER\LUT=16'0110100110010110\I3_IS_CI=1'1 cells:       49
ABC RESULTS:           input signals:       13
ABC RESULTS:          output signals:       63
<suppressed ~404 debug messages>
Removing temp directory.

3.43.16. Executing TECHMAP pass (map to technology primitives).

3.43.16.1. Executing Verilog-2005 frontend: /share/abc9_unmap.v
Parsing Verilog input from `/share/abc9_unmap.v' to AST representation.
Generating RTLIL representation for module `$__DFF_x__$abc9_flop'.
Generating RTLIL representation for module `$__ABC9_SCC_BREAKER'.
Successfully finished Verilog frontend.

3.43.16.2. Continuing TECHMAP pass.
Using template $paramod$__ICE40_CARRY_WRAPPER\LUT=16'0110100110010110\I3_IS_CI=1'1 for cells of type $paramod$__ICE40_CARRY_WRAPPER\LUT=16'0110100110010110\I3_IS_CI=1'1.
No more expansions possible.
<suppressed ~55 debug messages>

3.44. Executing ICE40_WRAPCARRY pass (wrap carries).

3.45. Executing TECHMAP pass (map to technology primitives).

3.45.1. Executing Verilog-2005 frontend: /share/ice40/ff_map.v
Parsing Verilog input from `/share/ice40/ff_map.v' to AST representation.
Generating RTLIL representation for module `$_DFF_N_'.
Generating RTLIL representation for module `$_DFF_P_'.
Generating RTLIL representation for module `$_DFFE_NP_'.
Generating RTLIL representation for module `$_DFFE_PP_'.
Generating RTLIL representation for module `$_DFF_NP0_'.
Generating RTLIL representation for module `$_DFF_NP1_'.
Generating RTLIL representation for module `$_DFF_PP0_'.
Generating RTLIL representation for module `$_DFF_PP1_'.
Generating RTLIL representation for module `$_DFFE_NP0P_'.
Generating RTLIL representation for module `$_DFFE_NP1P_'.
Generating RTLIL representation for module `$_DFFE_PP0P_'.
Generating RTLIL representation for module `$_DFFE_PP1P_'.
Generating RTLIL representation for module `$_SDFF_NP0_'.
Generating RTLIL representation for module `$_SDFF_NP1_'.
Generating RTLIL representation for module `$_SDFF_PP0_'.
Generating RTLIL representation for module `$_SDFF_PP1_'.
Generating RTLIL representation for module `$_SDFFCE_NP0P_'.
Generating RTLIL representation for module `$_SDFFCE_NP1P_'.
Generating RTLIL representation for module `$_SDFFCE_PP0P_'.
Generating RTLIL representation for module `$_SDFFCE_PP1P_'.
Successfully finished Verilog frontend.

3.45.2. Continuing TECHMAP pass.
No more expansions possible.
<suppressed ~22 debug messages>
Removed 2 unused cells and 640 unused wires.

3.46. Executing OPT_LUT pass (optimize LUTs).
Discovering LUTs.
Number of LUTs:       55
  2-LUT                4
  3-LUT               49
  4-LUT                2
  with \SB_CARRY    (#0)   49
  with \SB_CARRY    (#1)   46

Eliminating LUTs.
Number of LUTs:       55
  2-LUT                4
  3-LUT               49
  4-LUT                2
  with \SB_CARRY    (#0)   49
  with \SB_CARRY    (#1)   46

Combining LUTs.
Number of LUTs:       55
  2-LUT                4
  3-LUT               49
  4-LUT                2
  with \SB_CARRY    (#0)   49
  with \SB_CARRY    (#1)   46

Eliminated 0 LUTs.
Combined 0 LUTs.
<suppressed ~209 debug messages>

3.47. Executing TECHMAP pass (map to technology primitives).

3.47.1. Executing Verilog-2005 frontend: /share/ice40/cells_map.v
Parsing Verilog input from `/share/ice40/cells_map.v' to AST representation.
Generating RTLIL representation for module `$lut'.
Successfully finished Verilog frontend.

3.47.2. Continuing TECHMAP pass.
Using template $paramod$fd904e9e35cfd343a9df248824bd3f1408724879$lut for cells of type $lut.
Using template $paramod$lut\WIDTH=32'00000000000000000000000000000010\LUT=4'0100 for cells of type $lut.
Using template $paramod$lut\WIDTH=32'00000000000000000000000000000010\LUT=4'1011 for cells of type $lut.
Using template $paramod$lut\WIDTH=32'00000000000000000000000000000010\LUT=4'1101 for cells of type $lut.
Using template $paramod$3b56205e0e57b3ea26d80fc7983017f83663129e$lut for cells of type $lut.
Using template $paramod$lut\WIDTH=32'00000000000000000000000000000010\LUT=4'1000 for cells of type $lut.
Using template $paramod$779a912c2e61b008e2ba6da235f91f694eb7e6d7$lut for cells of type $lut.
No more expansions possible.
<suppressed ~135 debug messages>
Removed 0 unused cells and 110 unused wires.

3.48. Executing AUTONAME pass.
Renamed 260 objects in module stream_sum.
<suppressed ~260 debug messages>

3.49. Executing HIERARCHY pass (managing design hierarchy).
Attribute `top' found on module `stream_sum'. Setting top module to stream_sum.

3.49.1. Analyzing design hierarchy..
Top module:  \stream_sum

3.49.2. Analyzing design hierarchy..
Top module:  \stream_sum
Removed 0 unused modules.

3.50. Printing statistics.

=== stream_sum ===

        +----------Local Count, excluding submodules.
        | 
      118 wires
      245 wire bits
      118 public wires
      245 public wire bits
       11 ports
       88 port bits
      158 submodules
       49   SB_CARRY
       52   SB_DFFE
        2   SB_DFFESR
       55   SB_LUT4

=== design hierarchy ===

        +----------Count including submodules.
        | 
        - stream_sum

        +----------Count including submodules.
        | 
      118 wires
      245 wire bits
      118 public wires
      245 public wire bits
       11 ports
       88 port bits
        - memories
        - memory bits
        - processes
        - cells
      158 submodules
       49   SB_CARRY
       52   SB_DFFE
        2   SB_DFFESR
       55   SB_LUT4

3.51. Executing CHECK pass (checking for obvious problems).
Checking module stream_sum...
Found and reported 0 problems.

4. Executing CHECK pass (checking for obvious problems).
Checking module stream_sum...
Found and reported 0 problems.
{
   "creator": "Yosys 0.69 (git sha1 9f75ca1f9, Release, Clang /workspace/YoWASP/yosys/wasi-sdk-33.0-x86_64-linux/share/cmake/../..//bin/clang++ 22.1.0)",
   "invocation": "stat -json ",
   "modules": {
      "\\stream_sum": {
         "num_wires":         118,
         "num_wire_bits":     245,
         "num_pub_wires":     118,
         "num_pub_wire_bits": 245,
         "num_ports":         11,
         "num_port_bits":     88,
         "num_memories":      0,
         "num_memory_bits":   0,
         "num_processes":     0,
         "num_cells":         158,
         "num_submodules":       0,
         "num_cells_by_type": {
            "SB_CARRY": 49,
            "SB_DFFE": 52,
            "SB_DFFESR": 2,
            "SB_LUT4": 55
         }
      }
   },
      "design": {
         "num_wires":         118,
         "num_wire_bits":     245,
         "num_pub_wires":     118,
         "num_pub_wire_bits": 245,
         "num_ports":         11,
         "num_port_bits":     88,
         "num_memories":      0,
         "num_memory_bits":   0,
         "num_processes":     0,
         "num_cells":         158,
         "num_submodules":       0,
         "num_cells_by_type": {
            "SB_CARRY": 49,
            "SB_DFFE": 52,
            "SB_DFFESR": 2,
            "SB_LUT4": 55
         }
      }
}

End of script. Logfile hash: b3c98e1d3d, time: 1.28s, user: 1.28s, system: 0.00s
Yosys 0.69 (git sha1 9f75ca1f9, Release, Clang /workspace/YoWASP/yosys/wasi-sdk-33.0-x86_64-linux/share/cmake/../..//bin/clang++ 22.1.0)
Time spent: 82% 21x read_verilog (1 sec), 3% 1x abc9_exe (0 sec), ...

=== generic WIDTH=32 PIPE=1 ===

 /----------------------------------------------------------------------------\
 |  yosys -- Yosys Open SYnthesis Suite                                       |
 |  Copyright (C) 2012 - 2026  Claire Xenia Wolf <claire@yosyshq.com>         |
 |  Distributed under an ISC-like license, type "license" to see terms        |
 \----------------------------------------------------------------------------/
 Yosys 0.69 (git sha1 9f75ca1f9, Release, Clang /workspace/YoWASP/yosys/wasi-sdk-33.0-x86_64-linux/share/cmake/../..//bin/clang++ 22.1.0)

-- Running command `read_verilog -sv rtl/stream_sum.sv; chparam -set WIDTH 32 -set PIPE 1 stream_sum; synth -top stream_sum; check -assert; tee -o results/generic_32_1.json stat -json; ltp -noff; write_verilog -noattr build/generic_32_1.v' --

1. Executing Verilog-2005 frontend: rtl/stream_sum.sv
Parsing SystemVerilog input from `rtl/stream_sum.sv' to AST representation.
Generating RTLIL representation for module `\stream_sum'.
Successfully finished Verilog frontend.
Parameter \WIDTH = 32
Parameter \PIPE = 1

2. Executing AST frontend in derive mode using pre-parsed AST for module `\stream_sum'.
Parameter \WIDTH = 32
Parameter \PIPE = 1
Generating RTLIL representation for module `$paramod$a65e666c760c27926a270a0e64066125176fd085\stream_sum'.

3. Executing SYNTH pass.

3.1. Executing HIERARCHY pass (managing design hierarchy).

3.1.1. Analyzing design hierarchy..
Top module:  \stream_sum

3.1.2. Analyzing design hierarchy..
Top module:  \stream_sum
Removed 0 unused modules.

3.2. Executing PROC pass (convert processes to netlists).

3.2.1. Executing PROC_CLEAN pass (remove empty switches from decision trees).
Cleaned up 0 empty switches.

3.2.2. Executing PROC_RMDEAD pass (remove dead branches from decision trees).
Marked 1 switch rules as full_case in process $proc$rtl/stream_sum.sv:21$19 in module stream_sum.
Removed a total of 0 dead cases.

3.2.3. Executing PROC_PRUNE pass (remove redundant assignments in processes).
Removed 0 redundant assignments.
Promoted 0 assignments to connections.

3.2.4. Executing PROC_INIT pass (extract init attributes).

3.2.5. Executing PROC_ARST pass (detect async resets in processes).

3.2.6. Executing PROC_ROM pass (convert switches to ROMs).
Converted 0 switches.
<suppressed ~3 debug messages>

3.2.7. Executing PROC_MUX pass (convert decision trees to multiplexers).
Creating decoders for process `\stream_sum.$proc$rtl/stream_sum.sv:21$19'.
     1/2: $0\single.value[33:0]
     2/2: $0\single.valid[0:0]

3.2.8. Executing PROC_DLATCH pass (convert process syncs to latches).

3.2.9. Executing PROC_DFF pass (convert process syncs to FFs).
Creating register for signal `\stream_sum.\single.valid' using process `\stream_sum.$proc$rtl/stream_sum.sv:21$19'.
  created $dff cell `$procdff$33' with positive edge clock.
Creating register for signal `\stream_sum.\single.value' using process `\stream_sum.$proc$rtl/stream_sum.sv:21$19'.
  created $dff cell `$procdff$34' with positive edge clock.

3.2.10. Executing PROC_MEMWR pass (convert process memory writes to cells).

3.2.11. Executing PROC_CLEAN pass (remove empty switches from decision trees).
Found and cleaned up 3 empty switches in `\stream_sum.$proc$rtl/stream_sum.sv:21$19'.
Removing empty process `stream_sum.$proc$rtl/stream_sum.sv:21$19'.
Cleaned up 3 empty switches.

3.2.12. Executing OPT_EXPR pass (perform const folding).
Optimizing module stream_sum.

3.3. Executing OPT_EXPR pass (perform const folding).
Optimizing module stream_sum.

3.4. Executing OPT_CLEAN pass (remove unused cells and wires).
Finding unused cells or wires in module \stream_sum..
Removed 0 unused cells and 12 unused wires.
<suppressed ~1 debug messages>

3.5. Executing CHECK pass (checking for obvious problems).
Checking module stream_sum...
Found and reported 0 problems.

3.6. Executing OPT pass (performing simple optimizations).

3.6.1. Executing OPT_EXPR pass (perform const folding).
Optimizing module stream_sum.

3.6.2. Executing OPT_MERGE pass (detect identical cells).
Finding identical cells in module `\stream_sum'.
Computing hashes of 16 cells of `\stream_sum'.
Finding duplicate cells in `\stream_sum'.
Computing hashes of 15 cells of `\stream_sum'.
Finding duplicate cells in `\stream_sum'.
<suppressed ~3 debug messages>
Removed a total of 1 cells.

3.6.3. Executing OPT_MUXTREE pass (detect dead branches in mux trees).
Running muxtree optimizer on module \stream_sum..
  Creating internal representation of mux trees.
  Evaluating internal representation of mux trees.
  Analyzing evaluation results.
Removed 0 multiplexer ports.
<suppressed ~7 debug messages>

3.6.4. Executing OPT_REDUCE pass (consolidate $*mux and $reduce_* inputs).
  Optimizing cells in module \stream_sum.
Performed a total of 0 changes.

3.6.5. Executing OPT_MERGE pass (detect identical cells).
Finding identical cells in module `\stream_sum'.
Computing hashes of 15 cells of `\stream_sum'.
Finding duplicate cells in `\stream_sum'.
Removed a total of 0 cells.

3.6.6. Executing OPT_DFF pass (perform DFF optimizations).

3.6.7. Executing OPT_CLEAN pass (remove unused cells and wires).
Finding unused cells or wires in module \stream_sum..
Removed 0 unused cells and 1 unused wires.
<suppressed ~1 debug messages>

3.6.8. Executing OPT_EXPR pass (perform const folding).
Optimizing module stream_sum.

3.6.9. Rerunning OPT passes. (Maybe there is more to do..)

3.6.10. Executing OPT_MUXTREE pass (detect dead branches in mux trees).
Running muxtree optimizer on module \stream_sum..
  Creating internal representation of mux trees.
  Evaluating internal representation of mux trees.
  Analyzing evaluation results.
Removed 0 multiplexer ports.
<suppressed ~7 debug messages>

3.6.11. Executing OPT_REDUCE pass (consolidate $*mux and $reduce_* inputs).
  Optimizing cells in module \stream_sum.
Performed a total of 0 changes.

3.6.12. Executing OPT_MERGE pass (detect identical cells).
Finding identical cells in module `\stream_sum'.
Computing hashes of 15 cells of `\stream_sum'.
Finding duplicate cells in `\stream_sum'.
Removed a total of 0 cells.

3.6.13. Executing OPT_DFF pass (perform DFF optimizations).

3.6.14. Executing OPT_CLEAN pass (remove unused cells and wires).
Finding unused cells or wires in module \stream_sum..

3.6.15. Executing OPT_EXPR pass (perform const folding).
Optimizing module stream_sum.

3.6.16. Finished fast OPT passes. (There is nothing left to do.)

3.7. Executing FSM pass (extract and optimize FSM).

3.7.1. Executing FSM_DETECT pass (finding FSMs in design).

3.7.2. Executing FSM_EXTRACT pass (extracting FSM from design).

3.7.3. Executing FSM_OPT pass (simple optimizations of FSMs).

3.7.4. Executing OPT_CLEAN pass (remove unused cells and wires).
Finding unused cells or wires in module \stream_sum..

3.7.5. Executing FSM_OPT pass (simple optimizations of FSMs).

3.7.6. Executing FSM_RECODE pass (re-assigning FSM state encoding).

3.7.7. Executing FSM_INFO pass (dumping all available information on FSM cells).

3.7.8. Executing FSM_MAP pass (mapping FSMs to basic logic).

3.8. Executing OPT pass (performing simple optimizations).

3.8.1. Executing OPT_EXPR pass (perform const folding).
Optimizing module stream_sum.

3.8.2. Executing OPT_MERGE pass (detect identical cells).
Finding identical cells in module `\stream_sum'.
Computing hashes of 15 cells of `\stream_sum'.
Finding duplicate cells in `\stream_sum'.
Removed a total of 0 cells.

3.8.3. Executing OPT_MUXTREE pass (detect dead branches in mux trees).
Running muxtree optimizer on module \stream_sum..
  Creating internal representation of mux trees.
  Evaluating internal representation of mux trees.
  Analyzing evaluation results.
Removed 0 multiplexer ports.
<suppressed ~7 debug messages>

3.8.4. Executing OPT_REDUCE pass (consolidate $*mux and $reduce_* inputs).
  Optimizing cells in module \stream_sum.
Performed a total of 0 changes.

3.8.5. Executing OPT_MERGE pass (detect identical cells).
Finding identical cells in module `\stream_sum'.
Computing hashes of 15 cells of `\stream_sum'.
Finding duplicate cells in `\stream_sum'.
Removed a total of 0 cells.

3.8.6. Executing OPT_DFF pass (perform DFF optimizations).
Adding EN signal on $procdff$34 ($dff) from module stream_sum (D = $add$rtl/stream_sum.sv:25$20_Y, Q = \single.value).
Adding SRST signal on $procdff$33 ($dff) from module stream_sum (D = $procmux$28_Y, Q = \single.valid, rval = 1'0).
Adding EN signal on $auto$ff.cc:337:slice$40 ($sdff) from module stream_sum (D = \s_valid, Q = \single.valid).

3.8.7. Executing OPT_CLEAN pass (remove unused cells and wires).
Finding unused cells or wires in module \stream_sum..
Removed 5 unused cells and 5 unused wires.
<suppressed ~6 debug messages>

3.8.8. Executing OPT_EXPR pass (perform const folding).
Optimizing module stream_sum.

3.8.9. Rerunning OPT passes. (Maybe there is more to do..)

3.8.10. Executing OPT_MUXTREE pass (detect dead branches in mux trees).
Running muxtree optimizer on module \stream_sum..
  Creating internal representation of mux trees.
  No muxes found in this module.
Removed 0 multiplexer ports.

3.8.11. Executing OPT_REDUCE pass (consolidate $*mux and $reduce_* inputs).
  Optimizing cells in module \stream_sum.
Performed a total of 0 changes.

3.8.12. Executing OPT_MERGE pass (detect identical cells).
Finding identical cells in module `\stream_sum'.
Computing hashes of 12 cells of `\stream_sum'.
Finding duplicate cells in `\stream_sum'.
Removed a total of 0 cells.

3.8.13. Executing OPT_DFF pass (perform DFF optimizations).

3.8.14. Executing OPT_CLEAN pass (remove unused cells and wires).
Finding unused cells or wires in module \stream_sum..

3.8.15. Executing OPT_EXPR pass (perform const folding).
Optimizing module stream_sum.

3.8.16. Finished fast OPT passes. (There is nothing left to do.)

3.9. Executing WREDUCE pass (reducing word size of cells).
Removed top 1 bits (of 33) from port A of cell stream_sum.$add$rtl/stream_sum.sv:16$13 ($add).
Removed top 1 bits (of 33) from port B of cell stream_sum.$add$rtl/stream_sum.sv:16$13 ($add).
Removed top 1 bits (of 33) from port A of cell stream_sum.$add$rtl/stream_sum.sv:17$14 ($add).
Removed top 1 bits (of 33) from port B of cell stream_sum.$add$rtl/stream_sum.sv:17$14 ($add).
Removed top 1 bits (of 34) from port A of cell stream_sum.$add$rtl/stream_sum.sv:25$20 ($add).
Removed top 1 bits (of 34) from port B of cell stream_sum.$add$rtl/stream_sum.sv:25$20 ($add).

3.10. Executing PEEPOPT pass (run peephole optimizers).

3.11. Executing OPT_CLEAN pass (remove unused cells and wires).
Finding unused cells or wires in module \stream_sum..

3.12. Executing ALUMACC pass (create $alu and $macc cells).
Extracting $alu and $macc cells in module stream_sum:
  creating $macc model for $add$rtl/stream_sum.sv:16$13 ($add).
  creating $macc model for $add$rtl/stream_sum.sv:17$14 ($add).
  creating $macc model for $add$rtl/stream_sum.sv:25$20 ($add).
  merging $macc model for $add$rtl/stream_sum.sv:16$13 into $add$rtl/stream_sum.sv:25$20.
  merging $macc model for $add$rtl/stream_sum.sv:17$14 into $add$rtl/stream_sum.sv:25$20.
  creating $macc cell for $add$rtl/stream_sum.sv:25$20: $auto$alumacc.cc:399:replace_macc$42
  created 0 $alu and 1 $macc cells.

3.13. Executing SHARE pass (SAT-based resource sharing).

3.14. Executing OPT pass (performing simple optimizations).

3.14.1. Executing OPT_EXPR pass (perform const folding).
Optimizing module stream_sum.

3.14.2. Executing OPT_MERGE pass (detect identical cells).
Finding identical cells in module `\stream_sum'.
Computing hashes of 12 cells of `\stream_sum'.
Finding duplicate cells in `\stream_sum'.
Removed a total of 0 cells.

3.14.3. Executing OPT_MUXTREE pass (detect dead branches in mux trees).
Running muxtree optimizer on module \stream_sum..
  Creating internal representation of mux trees.
  No muxes found in this module.
Removed 0 multiplexer ports.

3.14.4. Executing OPT_REDUCE pass (consolidate $*mux and $reduce_* inputs).
  Optimizing cells in module \stream_sum.
Performed a total of 0 changes.

3.14.5. Executing OPT_MERGE pass (detect identical cells).
Finding identical cells in module `\stream_sum'.
Computing hashes of 12 cells of `\stream_sum'.
Finding duplicate cells in `\stream_sum'.
Removed a total of 0 cells.

3.14.6. Executing OPT_DFF pass (perform DFF optimizations).

3.14.7. Executing OPT_CLEAN pass (remove unused cells and wires).
Finding unused cells or wires in module \stream_sum..
Removed 2 unused cells and 2 unused wires.
<suppressed ~4 debug messages>

3.14.8. Executing OPT_EXPR pass (perform const folding).
Optimizing module stream_sum.

3.14.9. Rerunning OPT passes. (Maybe there is more to do..)

3.14.10. Executing OPT_MUXTREE pass (detect dead branches in mux trees).
Running muxtree optimizer on module \stream_sum..
  Creating internal representation of mux trees.
  No muxes found in this module.
Removed 0 multiplexer ports.

3.14.11. Executing OPT_REDUCE pass (consolidate $*mux and $reduce_* inputs).
  Optimizing cells in module \stream_sum.
Performed a total of 0 changes.

3.14.12. Executing OPT_MERGE pass (detect identical cells).
Finding identical cells in module `\stream_sum'.
Computing hashes of 10 cells of `\stream_sum'.
Finding duplicate cells in `\stream_sum'.
Removed a total of 0 cells.

3.14.13. Executing OPT_DFF pass (perform DFF optimizations).

3.14.14. Executing OPT_CLEAN pass (remove unused cells and wires).
Finding unused cells or wires in module \stream_sum..

3.14.15. Executing OPT_EXPR pass (perform const folding).
Optimizing module stream_sum.

3.14.16. Finished fast OPT passes. (There is nothing left to do.)

3.15. Executing MEMORY pass.

3.15.1. Executing OPT_MEM pass (optimize memories).
Performed a total of 0 transformations.

3.15.2. Executing OPT_MEM_PRIORITY pass (removing unnecessary memory write priority relations).
Performed a total of 0 transformations.

3.15.3. Executing OPT_MEM_FEEDBACK pass (finding memory read-to-write feedback paths).

3.15.4. Executing MEMORY_BMUX2ROM pass (converting muxes to ROMs).

3.15.5. Executing MEMORY_DFF pass (merging $dff cells to $memrd).

3.15.6. Executing OPT_CLEAN pass (remove unused cells and wires).
Finding unused cells or wires in module \stream_sum..

3.15.7. Executing MEMORY_SHARE pass (consolidating $memrd/$memwr cells).

3.15.8. Executing OPT_MEM_WIDEN pass (optimize memories where all ports are wide).
Performed a total of 0 transformations.

3.15.9. Executing OPT_CLEAN pass (remove unused cells and wires).
Finding unused cells or wires in module \stream_sum..

3.15.10. Executing MEMORY_COLLECT pass (generating $mem cells).

3.16. Executing OPT_CLEAN pass (remove unused cells and wires).
Finding unused cells or wires in module \stream_sum..

3.17. Executing OPT pass (performing simple optimizations).

3.17.1. Executing OPT_EXPR pass (perform const folding).
Optimizing module stream_sum.

3.17.2. Executing OPT_MERGE pass (detect identical cells).
Finding identical cells in module `\stream_sum'.
Computing hashes of 10 cells of `\stream_sum'.
Finding duplicate cells in `\stream_sum'.
Removed a total of 0 cells.

3.17.3. Executing OPT_DFF pass (perform DFF optimizations).

3.17.4. Executing OPT_CLEAN pass (remove unused cells and wires).
Finding unused cells or wires in module \stream_sum..

3.17.5. Finished fast OPT passes.

3.18. Executing MEMORY_MAP pass (converting memories to logic and flip-flops).

3.19. Executing OPT pass (performing simple optimizations).

3.19.1. Executing OPT_EXPR pass (perform const folding).
Optimizing module stream_sum.

3.19.2. Executing OPT_MERGE pass (detect identical cells).
Finding identical cells in module `\stream_sum'.
Computing hashes of 10 cells of `\stream_sum'.
Finding duplicate cells in `\stream_sum'.
Removed a total of 0 cells.

3.19.3. Executing OPT_MUXTREE pass (detect dead branches in mux trees).
Running muxtree optimizer on module \stream_sum..
  Creating internal representation of mux trees.
  No muxes found in this module.
Removed 0 multiplexer ports.

3.19.4. Executing OPT_REDUCE pass (consolidate $*mux and $reduce_* inputs).
  Optimizing cells in module \stream_sum.
Performed a total of 0 changes.

3.19.5. Executing OPT_MERGE pass (detect identical cells).
Finding identical cells in module `\stream_sum'.
Computing hashes of 10 cells of `\stream_sum'.
Finding duplicate cells in `\stream_sum'.
Removed a total of 0 cells.

3.19.6. Executing OPT_SHARE pass.

3.19.7. Executing OPT_DFF pass (perform DFF optimizations).

3.19.8. Executing OPT_CLEAN pass (remove unused cells and wires).
Finding unused cells or wires in module \stream_sum..

3.19.9. Executing OPT_EXPR pass (perform const folding).
Optimizing module stream_sum.

3.19.10. Finished fast OPT passes. (There is nothing left to do.)

3.20. Executing TECHMAP pass (map to technology primitives).

3.20.1. Executing Verilog-2005 frontend: /share/techmap.v
Parsing Verilog input from `/share/techmap.v' to AST representation.
Generating RTLIL representation for module `\_90_simplemap_bool_ops'.
Generating RTLIL representation for module `\_90_simplemap_reduce_ops'.
Generating RTLIL representation for module `\_90_simplemap_logic_ops'.
Generating RTLIL representation for module `\_90_simplemap_compare_ops'.
Generating RTLIL representation for module `\_90_simplemap_various'.
Generating RTLIL representation for module `\_90_simplemap_registers'.
Generating RTLIL representation for module `\_90_shift_ops_shr_shl_sshl_sshr'.
Generating RTLIL representation for module `\_90_shift_shiftx'.
Generating RTLIL representation for module `\_90_fa'.
Generating RTLIL representation for module `\_90_lcu_brent_kung'.
Generating RTLIL representation for module `\_90_alu'.
Generating RTLIL representation for module `\_90_macc'.
Generating RTLIL representation for module `\_90_alumacc'.
Generating RTLIL representation for module `$__div_mod_u'.
Generating RTLIL representation for module `$__div_mod_trunc'.
Generating RTLIL representation for module `\_90_div'.
Generating RTLIL representation for module `\_90_mod'.
Generating RTLIL representation for module `$__div_mod_floor'.
Generating RTLIL representation for module `\_90_divfloor'.
Generating RTLIL representation for module `\_90_modfloor'.
Generating RTLIL representation for module `\_90_pow'.
Generating RTLIL representation for module `\_90_demux'.
Generating RTLIL representation for module `\_90_lut'.
Generating RTLIL representation for module `$connect'.
Generating RTLIL representation for module `$input_port'.
Successfully finished Verilog frontend.

3.20.2. Continuing TECHMAP pass.
Using extmapper maccmap for cells of type $macc_v2.
  add \a (32 bits, unsigned)
  add \c (32 bits, unsigned)
  add \b (32 bits, unsigned)
  add \d (32 bits, unsigned)
Using extmapper simplemap for cells of type $sdffe.
Using extmapper simplemap for cells of type $reduce_and.
Using extmapper simplemap for cells of type $not.
Using extmapper simplemap for cells of type $dffe.
Using extmapper simplemap for cells of type $logic_not.
Using extmapper simplemap for cells of type $logic_or.
Using extmapper simplemap for cells of type $logic_and.
Using template $paramod\_90_fa\WIDTH=32'00000000000000000000000000100000 for cells of type $fa.
Using template $paramod\_90_fa\WIDTH=32'00000000000000000000000000100001 for cells of type $fa.
Using template $paramod$dbef6e48cd28208af1b77a9bd7dfc80580f16131\_90_alu for cells of type $alu.
Using extmapper simplemap for cells of type $or.
Using extmapper simplemap for cells of type $xor.
Using extmapper simplemap for cells of type $and.
Using template $paramod\_90_fa\WIDTH=32'00000000000000000000000000100010 for cells of type $fa.
Using template $paramod\_90_lcu_brent_kung\WIDTH=32'00000000000000000000000000100010 for cells of type $lcu.
Using extmapper simplemap for cells of type $pos.
Using extmapper simplemap for cells of type $mux.
No more expansions possible.
<suppressed ~425 debug messages>

3.21. Executing OPT pass (performing simple optimizations).

3.21.1. Executing OPT_EXPR pass (perform const folding).
Optimizing module stream_sum.
<suppressed ~163 debug messages>

3.21.2. Executing OPT_MERGE pass (detect identical cells).
Finding identical cells in module `\stream_sum'.
Computing hashes of 627 cells of `\stream_sum'.
Finding duplicate cells in `\stream_sum'.
Computing hashes of 626 cells of `\stream_sum'.
Finding duplicate cells in `\stream_sum'.
<suppressed ~3 debug messages>
Removed a total of 1 cells.

3.21.3. Executing OPT_DFF pass (perform DFF optimizations).

3.21.4. Executing OPT_CLEAN pass (remove unused cells and wires).
Finding unused cells or wires in module \stream_sum..
Removed 32 unused cells and 67 unused wires.
<suppressed ~33 debug messages>

3.21.5. Finished fast OPT passes.

3.22. Executing ABC pass (technology mapping using ABC).

3.22.1. Extracting gate netlist of module `\stream_sum' to `<abc-temp-dir>/input.blif'..

3.22.1.1. Executed ABC.
Extracted 559 gates and 691 wires to a netlist network with 132 inputs and 38 outputs.
Running ABC script: <abc-temp-dir>/abc.script

3.22.1.2. Re-integrating ABC results.
ABC RESULTS:               AND cells:       69
ABC RESULTS:            ANDNOT cells:        4
ABC RESULTS:              NAND cells:      179
ABC RESULTS:               NOT cells:        1
ABC RESULTS:                OR cells:       62
ABC RESULTS:             ORNOT cells:        1
ABC RESULTS:              XNOR cells:       79
ABC RESULTS:               XOR cells:       98
ABC RESULTS:        internal signals:      521
ABC RESULTS:           input signals:      132
ABC RESULTS:          output signals:       38
Removing temp directory.
Removing global temp directory.

3.23. Executing OPT pass (performing simple optimizations).

3.23.1. Executing OPT_EXPR pass (perform const folding).
Optimizing module stream_sum.

3.23.2. Executing OPT_MERGE pass (detect identical cells).
Finding identical cells in module `\stream_sum'.
Computing hashes of 528 cells of `\stream_sum'.
Finding duplicate cells in `\stream_sum'.
Removed a total of 0 cells.

3.23.3. Executing OPT_DFF pass (perform DFF optimizations).

3.23.4. Executing OPT_CLEAN pass (remove unused cells and wires).
Finding unused cells or wires in module \stream_sum..
Removed 0 unused cells and 292 unused wires.
<suppressed ~1 debug messages>

3.23.5. Finished fast OPT passes.

3.24. Executing HIERARCHY pass (managing design hierarchy).
Attribute `top' found on module `stream_sum'. Setting top module to stream_sum.

3.24.1. Analyzing design hierarchy..
Top module:  \stream_sum

3.24.2. Analyzing design hierarchy..
Top module:  \stream_sum
Removed 0 unused modules.

3.25. Printing statistics.

=== stream_sum ===

        +----------Local Count, excluding submodules.
        | 
      474 wires
      795 wire bits
       14 public wires
      204 public wire bits
       11 ports
      168 port bits
      528 cells
        4   $_ANDNOT_
       69   $_AND_
       34   $_DFFE_PP_
      179   $_NAND_
        1   $_NOT_
        1   $_ORNOT_
       62   $_OR_
        1   $_SDFFE_PP0P_
       79   $_XNOR_
       98   $_XOR_

3.26. Executing CHECK pass (checking for obvious problems).
Checking module stream_sum...
Found and reported 0 problems.

4. Executing CHECK pass (checking for obvious problems).
Checking module stream_sum...
Found and reported 0 problems.
{
   "creator": "Yosys 0.69 (git sha1 9f75ca1f9, Release, Clang /workspace/YoWASP/yosys/wasi-sdk-33.0-x86_64-linux/share/cmake/../..//bin/clang++ 22.1.0)",
   "invocation": "stat -json ",
   "modules": {
      "\\stream_sum": {
         "num_wires":         474,
         "num_wire_bits":     795,
         "num_pub_wires":     14,
         "num_pub_wire_bits": 204,
         "num_ports":         11,
         "num_port_bits":     168,
         "num_memories":      0,
         "num_memory_bits":   0,
         "num_processes":     0,
         "num_cells":         528,
         "num_submodules":       0,
         "num_cells_by_type": {
            "$_ANDNOT_": 4,
            "$_AND_": 69,
            "$_DFFE_PP_": 34,
            "$_NAND_": 179,
            "$_NOT_": 1,
            "$_ORNOT_": 1,
            "$_OR_": 62,
            "$_SDFFE_PP0P_": 1,
            "$_XNOR_": 79,
            "$_XOR_": 98
         }
      }
   },
      "design": {
         "num_wires":         474,
         "num_wire_bits":     795,
         "num_pub_wires":     14,
         "num_pub_wire_bits": 204,
         "num_ports":         11,
         "num_port_bits":     168,
         "num_memories":      0,
         "num_memory_bits":   0,
         "num_processes":     0,
         "num_cells":         528,
         "num_submodules":       0,
         "num_cells_by_type": {
            "$_ANDNOT_": 4,
            "$_AND_": 69,
            "$_DFFE_PP_": 34,
            "$_NAND_": 179,
            "$_NOT_": 1,
            "$_ORNOT_": 1,
            "$_OR_": 62,
            "$_SDFFE_PP0P_": 1,
            "$_XNOR_": 79,
            "$_XOR_": 98
         }
      }
}

5. Executing LTP pass (find longest path).

Longest topological path in stream_sum (length=68):
    0: \a [0]
    1: $abc$1117$new_n173 (via $abc$1117$auto$blifparse.cc:397:parse_blif$1120)
    2: $abc$1117$new_n174 (via $abc$1117$auto$blifparse.cc:397:parse_blif$1121)
    3: $abc$1117$new_n177 (via $abc$1117$auto$blifparse.cc:397:parse_blif$1124)
    4: $abc$1117$new_n183 (via $abc$1117$auto$blifparse.cc:397:parse_blif$1130)
    5: $abc$1117$new_n184 (via $abc$1117$auto$blifparse.cc:397:parse_blif$1131)
    6: $abc$1117$new_n546 (via $abc$1117$auto$blifparse.cc:397:parse_blif$1493)
    7: $abc$1117$new_n549 (via $abc$1117$auto$blifparse.cc:397:parse_blif$1496)
    8: $abc$1117$new_n550 (via $abc$1117$auto$blifparse.cc:397:parse_blif$1497)
    9: $abc$1117$new_n551 (via $abc$1117$auto$blifparse.cc:397:parse_blif$1498)
   10: $abc$1117$new_n553 (via $abc$1117$auto$blifparse.cc:397:parse_blif$1500)
   11: $abc$1117$new_n554 (via $abc$1117$auto$blifparse.cc:397:parse_blif$1501)
   12: $abc$1117$new_n556 (via $abc$1117$auto$blifparse.cc:397:parse_blif$1503)
   13: $abc$1117$new_n557 (via $abc$1117$auto$blifparse.cc:397:parse_blif$1504)
   14: $abc$1117$new_n558 (via $abc$1117$auto$blifparse.cc:397:parse_blif$1505)
   15: $abc$1117$new_n559 (via $abc$1117$auto$blifparse.cc:397:parse_blif$1506)
   16: $abc$1117$new_n560 (via $abc$1117$auto$blifparse.cc:397:parse_blif$1507)
   17: $abc$1117$new_n561 (via $abc$1117$auto$blifparse.cc:397:parse_blif$1508)
   18: $abc$1117$new_n562 (via $abc$1117$auto$blifparse.cc:397:parse_blif$1509)
   19: $abc$1117$new_n563 (via $abc$1117$auto$blifparse.cc:397:parse_blif$1510)
   20: $abc$1117$new_n564 (via $abc$1117$auto$blifparse.cc:397:parse_blif$1511)
   21: $abc$1117$new_n565 (via $abc$1117$auto$blifparse.cc:397:parse_blif$1512)
   22: $abc$1117$new_n566 (via $abc$1117$auto$blifparse.cc:397:parse_blif$1513)
   23: $abc$1117$new_n567 (via $abc$1117$auto$blifparse.cc:397:parse_blif$1514)
   24: $abc$1117$new_n568 (via $abc$1117$auto$blifparse.cc:397:parse_blif$1515)
   25: $abc$1117$new_n569 (via $abc$1117$auto$blifparse.cc:397:parse_blif$1516)
   26: $abc$1117$new_n570 (via $abc$1117$auto$blifparse.cc:397:parse_blif$1517)
   27: $abc$1117$new_n571 (via $abc$1117$auto$blifparse.cc:397:parse_blif$1518)
   28: $abc$1117$new_n572 (via $abc$1117$auto$blifparse.cc:397:parse_blif$1519)
   29: $abc$1117$new_n573 (via $abc$1117$auto$blifparse.cc:397:parse_blif$1520)
   30: $abc$1117$new_n574 (via $abc$1117$auto$blifparse.cc:397:parse_blif$1521)
   31: $abc$1117$new_n575 (via $abc$1117$auto$blifparse.cc:397:parse_blif$1522)
   32: $abc$1117$new_n576 (via $abc$1117$auto$blifparse.cc:397:parse_blif$1523)
   33: $abc$1117$new_n577 (via $abc$1117$auto$blifparse.cc:397:parse_blif$1524)
   34: $abc$1117$new_n578 (via $abc$1117$auto$blifparse.cc:397:parse_blif$1525)
   35: $abc$1117$new_n579 (via $abc$1117$auto$blifparse.cc:397:parse_blif$1526)
   36: $abc$1117$new_n580 (via $abc$1117$auto$blifparse.cc:397:parse_blif$1527)
   37: $abc$1117$new_n581 (via $abc$1117$auto$blifparse.cc:397:parse_blif$1528)
   38: $abc$1117$new_n583 (via $abc$1117$auto$blifparse.cc:397:parse_blif$1530)
   39: $abc$1117$new_n584 (via $abc$1117$auto$blifparse.cc:397:parse_blif$1531)
   40: $abc$1117$new_n585 (via $abc$1117$auto$blifparse.cc:397:parse_blif$1532)
   41: $abc$1117$new_n586 (via $abc$1117$auto$blifparse.cc:397:parse_blif$1533)
   42: $abc$1117$new_n587 (via $abc$1117$auto$blifparse.cc:397:parse_blif$1534)
   43: $abc$1117$new_n588 (via $abc$1117$auto$blifparse.cc:397:parse_blif$1535)
   44: $abc$1117$new_n589 (via $abc$1117$auto$blifparse.cc:397:parse_blif$1536)
   45: $abc$1117$new_n590 (via $abc$1117$auto$blifparse.cc:397:parse_blif$1537)
   46: $abc$1117$new_n591 (via $abc$1117$auto$blifparse.cc:397:parse_blif$1538)
   47: $abc$1117$new_n592 (via $abc$1117$auto$blifparse.cc:397:parse_blif$1539)
   48: $abc$1117$new_n593 (via $abc$1117$auto$blifparse.cc:397:parse_blif$1540)
   49: $abc$1117$new_n594 (via $abc$1117$auto$blifparse.cc:397:parse_blif$1541)
   50: $abc$1117$new_n595 (via $abc$1117$auto$blifparse.cc:397:parse_blif$1542)
   51: $abc$1117$new_n596 (via $abc$1117$auto$blifparse.cc:397:parse_blif$1543)
   52: $abc$1117$new_n597 (via $abc$1117$auto$blifparse.cc:397:parse_blif$1544)
   53: $abc$1117$new_n598 (via $abc$1117$auto$blifparse.cc:397:parse_blif$1545)
   54: $abc$1117$new_n599 (via $abc$1117$auto$blifparse.cc:397:parse_blif$1546)
   55: $abc$1117$new_n600 (via $abc$1117$auto$blifparse.cc:397:parse_blif$1547)
   56: $abc$1117$new_n601 (via $abc$1117$auto$blifparse.cc:397:parse_blif$1548)
   57: $abc$1117$new_n602 (via $abc$1117$auto$blifparse.cc:397:parse_blif$1549)
   58: $abc$1117$new_n603 (via $abc$1117$auto$blifparse.cc:397:parse_blif$1550)
   59: $abc$1117$new_n604 (via $abc$1117$auto$blifparse.cc:397:parse_blif$1551)
   60: $abc$1117$new_n605 (via $abc$1117$auto$blifparse.cc:397:parse_blif$1552)
   61: $abc$1117$new_n606 (via $abc$1117$auto$blifparse.cc:397:parse_blif$1553)
   62: $abc$1117$new_n607 (via $abc$1117$auto$blifparse.cc:397:parse_blif$1554)
   63: $abc$1117$new_n608 (via $abc$1117$auto$blifparse.cc:397:parse_blif$1555)
   64: $abc$1117$new_n609 (via $abc$1117$auto$blifparse.cc:397:parse_blif$1556)
   65: $abc$1117$new_n610 (via $abc$1117$auto$blifparse.cc:397:parse_blif$1557)
   66: $abc$1117$new_n612 (via $abc$1117$auto$blifparse.cc:397:parse_blif$1559)
   67: $abc$1117$new_n613 (via $abc$1117$auto$blifparse.cc:397:parse_blif$1560)
   68: $auto$maccmap.cc:240:synth$120.CO [32] (via $abc$1117$auto$blifparse.cc:397:parse_blif$1561)
   ff: \single.value [33] (via $auto$ff.cc:337:slice$163)

6. Executing Verilog backend.

6.1. Executing BMUXMAP pass.

6.2. Executing DEMUXMAP pass.
Dumping module `\stream_sum'.

End of script. Logfile hash: 2bd0800bc2, time: 0.25s, user: 0.26s, system: 0.00s
Yosys 0.69 (git sha1 9f75ca1f9, Release, Clang /workspace/YoWASP/yosys/wasi-sdk-33.0-x86_64-linux/share/cmake/../..//bin/clang++ 22.1.0)
Time spent: 58% 1x abc (0 sec), 8% 1x techmap (0 sec), ...

=== ice40 WIDTH=32 PIPE=1 ===

 /----------------------------------------------------------------------------\
 |  yosys -- Yosys Open SYnthesis Suite                                       |
 |  Copyright (C) 2012 - 2026  Claire Xenia Wolf <claire@yosyshq.com>         |
 |  Distributed under an ISC-like license, type "license" to see terms        |
 \----------------------------------------------------------------------------/
 Yosys 0.69 (git sha1 9f75ca1f9, Release, Clang /workspace/YoWASP/yosys/wasi-sdk-33.0-x86_64-linux/share/cmake/../..//bin/clang++ 22.1.0)

-- Running command `read_verilog -sv rtl/stream_sum.sv; chparam -set WIDTH 32 -set PIPE 1 stream_sum; synth_ice40 -top stream_sum; check -assert; tee -o results/ice40_32_1.json stat -json' --

1. Executing Verilog-2005 frontend: rtl/stream_sum.sv
Parsing SystemVerilog input from `rtl/stream_sum.sv' to AST representation.
Generating RTLIL representation for module `\stream_sum'.
Successfully finished Verilog frontend.
Parameter \WIDTH = 32
Parameter \PIPE = 1

2. Executing AST frontend in derive mode using pre-parsed AST for module `\stream_sum'.
Parameter \WIDTH = 32
Parameter \PIPE = 1
Generating RTLIL representation for module `$paramod$a65e666c760c27926a270a0e64066125176fd085\stream_sum'.

3. Executing SYNTH_ICE40 pass.

3.1. Executing Verilog-2005 frontend: /share/ice40/cells_sim.v
Parsing Verilog input from `/share/ice40/cells_sim.v' to AST representation.
Generating RTLIL representation for module `\SB_IO'.
Generating RTLIL representation for module `\SB_GB_IO'.
Generating RTLIL representation for module `\SB_GB'.
Generating RTLIL representation for module `\SB_LUT4'.
Generating RTLIL representation for module `\SB_CARRY'.
Generating RTLIL representation for module `\SB_DFF'.
Generating RTLIL representation for module `\SB_DFFE'.
Generating RTLIL representation for module `\SB_DFFSR'.
Generating RTLIL representation for module `\SB_DFFR'.
Generating RTLIL representation for module `\SB_DFFSS'.
Generating RTLIL representation for module `\SB_DFFS'.
Generating RTLIL representation for module `\SB_DFFESR'.
Generating RTLIL representation for module `\SB_DFFER'.
Generating RTLIL representation for module `\SB_DFFESS'.
Generating RTLIL representation for module `\SB_DFFES'.
Generating RTLIL representation for module `\SB_DFFN'.
Generating RTLIL representation for module `\SB_DFFNE'.
Generating RTLIL representation for module `\SB_DFFNSR'.
Generating RTLIL representation for module `\SB_DFFNR'.
Generating RTLIL representation for module `\SB_DFFNSS'.
Generating RTLIL representation for module `\SB_DFFNS'.
Generating RTLIL representation for module `\SB_DFFNESR'.
Generating RTLIL representation for module `\SB_DFFNER'.
Generating RTLIL representation for module `\SB_DFFNESS'.
Generating RTLIL representation for module `\SB_DFFNES'.
Generating RTLIL representation for module `\SB_RAM40_4K'.
Generating RTLIL representation for module `\SB_RAM40_4KNR'.
Generating RTLIL representation for module `\SB_RAM40_4KNW'.
Generating RTLIL representation for module `\SB_RAM40_4KNRNW'.
Generating RTLIL representation for module `\ICESTORM_LC'.
Generating RTLIL representation for module `\SB_PLL40_CORE'.
Generating RTLIL representation for module `\SB_PLL40_PAD'.
Generating RTLIL representation for module `\SB_PLL40_2_PAD'.
Generating RTLIL representation for module `\SB_PLL40_2F_CORE'.
Generating RTLIL representation for module `\SB_PLL40_2F_PAD'.
Generating RTLIL representation for module `\SB_WARMBOOT'.
Generating RTLIL representation for module `\SB_SPRAM256KA'.
Generating RTLIL representation for module `\SB_HFOSC'.
Generating RTLIL representation for module `\SB_LFOSC'.
Generating RTLIL representation for module `\SB_RGBA_DRV'.
Generating RTLIL representation for module `\SB_LED_DRV_CUR'.
Generating RTLIL representation for module `\SB_RGB_DRV'.
Generating RTLIL representation for module `\SB_I2C'.
Generating RTLIL representation for module `\SB_SPI'.
Generating RTLIL representation for module `\SB_LEDDA_IP'.
Generating RTLIL representation for module `\SB_FILTER_50NS'.
Generating RTLIL representation for module `\SB_IO_I3C'.
Generating RTLIL representation for module `\SB_IO_OD'.
Generating RTLIL representation for module `\SB_MAC16'.
Generating RTLIL representation for module `\ICESTORM_RAM'.
Successfully finished Verilog frontend.

3.2. Executing HIERARCHY pass (managing design hierarchy).

3.2.1. Analyzing design hierarchy..
Top module:  \stream_sum

3.2.2. Analyzing design hierarchy..
Top module:  \stream_sum
Removed 0 unused modules.

3.3. Executing PROC pass (convert processes to netlists).

3.3.1. Executing PROC_CLEAN pass (remove empty switches from decision trees).
Cleaned up 0 empty switches.

3.3.2. Executing PROC_RMDEAD pass (remove dead branches from decision trees).
Marked 1 switch rules as full_case in process $proc$rtl/stream_sum.sv:21$19 in module stream_sum.
Removed a total of 0 dead cases.

3.3.3. Executing PROC_PRUNE pass (remove redundant assignments in processes).
Removed 0 redundant assignments.
Promoted 0 assignments to connections.

3.3.4. Executing PROC_INIT pass (extract init attributes).

3.3.5. Executing PROC_ARST pass (detect async resets in processes).

3.3.6. Executing PROC_ROM pass (convert switches to ROMs).
Converted 0 switches.
<suppressed ~3 debug messages>

3.3.7. Executing PROC_MUX pass (convert decision trees to multiplexers).
Creating decoders for process `\stream_sum.$proc$rtl/stream_sum.sv:21$19'.
     1/2: $0\single.value[33:0]
     2/2: $0\single.valid[0:0]

3.3.8. Executing PROC_DLATCH pass (convert process syncs to latches).

3.3.9. Executing PROC_DFF pass (convert process syncs to FFs).
Creating register for signal `\stream_sum.\single.valid' using process `\stream_sum.$proc$rtl/stream_sum.sv:21$19'.
  created $dff cell `$procdff$413' with positive edge clock.
Creating register for signal `\stream_sum.\single.value' using process `\stream_sum.$proc$rtl/stream_sum.sv:21$19'.
  created $dff cell `$procdff$414' with positive edge clock.

3.3.10. Executing PROC_MEMWR pass (convert process memory writes to cells).

3.3.11. Executing PROC_CLEAN pass (remove empty switches from decision trees).
Found and cleaned up 3 empty switches in `\stream_sum.$proc$rtl/stream_sum.sv:21$19'.
Removing empty process `stream_sum.$proc$rtl/stream_sum.sv:21$19'.
Cleaned up 3 empty switches.

3.3.12. Executing OPT_EXPR pass (perform const folding).
Optimizing module stream_sum.

3.4. Executing CHECK pass (checking for obvious problems).
Checking module stream_sum...
Found and reported 0 problems.

3.5. Executing FLATTEN pass (flatten design).

3.6. Executing TRIBUF pass.

3.7. Executing DEMINOUT pass (demote inout ports to input or output).

3.8. Executing OPT_EXPR pass (perform const folding).
Optimizing module stream_sum.

3.9. Executing OPT_CLEAN pass (remove unused cells and wires).
Finding unused cells or wires in module \stream_sum..
Removed 0 unused cells and 12 unused wires.
<suppressed ~1 debug messages>

3.10. Executing CHECK pass (checking for obvious problems).
Checking module stream_sum...
Found and reported 0 problems.

3.11. Executing OPT pass (performing simple optimizations).

3.11.1. Executing OPT_EXPR pass (perform const folding).
Optimizing module stream_sum.

3.11.2. Executing OPT_MERGE pass (detect identical cells).
Finding identical cells in module `\stream_sum'.
Computing hashes of 16 cells of `\stream_sum'.
Finding duplicate cells in `\stream_sum'.
Computing hashes of 15 cells of `\stream_sum'.
Finding duplicate cells in `\stream_sum'.
<suppressed ~3 debug messages>
Removed a total of 1 cells.

3.11.3. Executing OPT_MUXTREE pass (detect dead branches in mux trees).
Running muxtree optimizer on module \stream_sum..
  Creating internal representation of mux trees.
  Evaluating internal representation of mux trees.
  Analyzing evaluation results.
Removed 0 multiplexer ports.
<suppressed ~7 debug messages>

3.11.4. Executing OPT_REDUCE pass (consolidate $*mux and $reduce_* inputs).
  Optimizing cells in module \stream_sum.
Performed a total of 0 changes.

3.11.5. Executing OPT_MERGE pass (detect identical cells).
Finding identical cells in module `\stream_sum'.
Computing hashes of 15 cells of `\stream_sum'.
Finding duplicate cells in `\stream_sum'.
Removed a total of 0 cells.

3.11.6. Executing OPT_DFF pass (perform DFF optimizations).

3.11.7. Executing OPT_CLEAN pass (remove unused cells and wires).
Finding unused cells or wires in module \stream_sum..
Removed 0 unused cells and 1 unused wires.
<suppressed ~1 debug messages>

3.11.8. Executing OPT_EXPR pass (perform const folding).
Optimizing module stream_sum.

3.11.9. Rerunning OPT passes. (Maybe there is more to do..)

3.11.10. Executing OPT_MUXTREE pass (detect dead branches in mux trees).
Running muxtree optimizer on module \stream_sum..
  Creating internal representation of mux trees.
  Evaluating internal representation of mux trees.
  Analyzing evaluation results.
Removed 0 multiplexer ports.
<suppressed ~7 debug messages>

3.11.11. Executing OPT_REDUCE pass (consolidate $*mux and $reduce_* inputs).
  Optimizing cells in module \stream_sum.
Performed a total of 0 changes.

3.11.12. Executing OPT_MERGE pass (detect identical cells).
Finding identical cells in module `\stream_sum'.
Computing hashes of 15 cells of `\stream_sum'.
Finding duplicate cells in `\stream_sum'.
Removed a total of 0 cells.

3.11.13. Executing OPT_DFF pass (perform DFF optimizations).

3.11.14. Executing OPT_CLEAN pass (remove unused cells and wires).
Finding unused cells or wires in module \stream_sum..

3.11.15. Executing OPT_EXPR pass (perform const folding).
Optimizing module stream_sum.

3.11.16. Finished fast OPT passes. (There is nothing left to do.)

3.12. Executing FSM pass (extract and optimize FSM).

3.12.1. Executing FSM_DETECT pass (finding FSMs in design).

3.12.2. Executing FSM_EXTRACT pass (extracting FSM from design).

3.12.3. Executing FSM_OPT pass (simple optimizations of FSMs).

3.12.4. Executing OPT_CLEAN pass (remove unused cells and wires).
Finding unused cells or wires in module \stream_sum..

3.12.5. Executing FSM_OPT pass (simple optimizations of FSMs).

3.12.6. Executing FSM_RECODE pass (re-assigning FSM state encoding).

3.12.7. Executing FSM_INFO pass (dumping all available information on FSM cells).

3.12.8. Executing FSM_MAP pass (mapping FSMs to basic logic).

3.13. Executing OPT pass (performing simple optimizations).

3.13.1. Executing OPT_EXPR pass (perform const folding).
Optimizing module stream_sum.

3.13.2. Executing OPT_MERGE pass (detect identical cells).
Finding identical cells in module `\stream_sum'.
Computing hashes of 15 cells of `\stream_sum'.
Finding duplicate cells in `\stream_sum'.
Removed a total of 0 cells.

3.13.3. Executing OPT_MUXTREE pass (detect dead branches in mux trees).
Running muxtree optimizer on module \stream_sum..
  Creating internal representation of mux trees.
  Evaluating internal representation of mux trees.
  Analyzing evaluation results.
Removed 0 multiplexer ports.
<suppressed ~7 debug messages>

3.13.4. Executing OPT_REDUCE pass (consolidate $*mux and $reduce_* inputs).
  Optimizing cells in module \stream_sum.
Performed a total of 0 changes.

3.13.5. Executing OPT_MERGE pass (detect identical cells).
Finding identical cells in module `\stream_sum'.
Computing hashes of 15 cells of `\stream_sum'.
Finding duplicate cells in `\stream_sum'.
Removed a total of 0 cells.

3.13.6. Executing OPT_DFF pass (perform DFF optimizations).
Adding EN signal on $procdff$414 ($dff) from module stream_sum (D = $add$rtl/stream_sum.sv:25$20_Y, Q = \single.value).
Adding SRST signal on $procdff$413 ($dff) from module stream_sum (D = $procmux$408_Y, Q = \single.valid, rval = 1'0).
Adding EN signal on $auto$ff.cc:337:slice$420 ($sdff) from module stream_sum (D = \s_valid, Q = \single.valid).

3.13.7. Executing OPT_CLEAN pass (remove unused cells and wires).
Finding unused cells or wires in module \stream_sum..
Removed 5 unused cells and 5 unused wires.
<suppressed ~6 debug messages>

3.13.8. Executing OPT_EXPR pass (perform const folding).
Optimizing module stream_sum.

3.13.9. Rerunning OPT passes. (Maybe there is more to do..)

3.13.10. Executing OPT_MUXTREE pass (detect dead branches in mux trees).
Running muxtree optimizer on module \stream_sum..
  Creating internal representation of mux trees.
  No muxes found in this module.
Removed 0 multiplexer ports.

3.13.11. Executing OPT_REDUCE pass (consolidate $*mux and $reduce_* inputs).
  Optimizing cells in module \stream_sum.
Performed a total of 0 changes.

3.13.12. Executing OPT_MERGE pass (detect identical cells).
Finding identical cells in module `\stream_sum'.
Computing hashes of 12 cells of `\stream_sum'.
Finding duplicate cells in `\stream_sum'.
Removed a total of 0 cells.

3.13.13. Executing OPT_DFF pass (perform DFF optimizations).

3.13.14. Executing OPT_CLEAN pass (remove unused cells and wires).
Finding unused cells or wires in module \stream_sum..

3.13.15. Executing OPT_EXPR pass (perform const folding).
Optimizing module stream_sum.

3.13.16. Finished fast OPT passes. (There is nothing left to do.)

3.14. Executing WREDUCE pass (reducing word size of cells).
Removed top 1 bits (of 33) from port A of cell stream_sum.$add$rtl/stream_sum.sv:16$13 ($add).
Removed top 1 bits (of 33) from port B of cell stream_sum.$add$rtl/stream_sum.sv:16$13 ($add).
Removed top 1 bits (of 33) from port A of cell stream_sum.$add$rtl/stream_sum.sv:17$14 ($add).
Removed top 1 bits (of 33) from port B of cell stream_sum.$add$rtl/stream_sum.sv:17$14 ($add).
Removed top 1 bits (of 34) from port A of cell stream_sum.$add$rtl/stream_sum.sv:25$20 ($add).
Removed top 1 bits (of 34) from port B of cell stream_sum.$add$rtl/stream_sum.sv:25$20 ($add).

3.15. Executing PEEPOPT pass (run peephole optimizers).

3.16. Executing OPT_CLEAN pass (remove unused cells and wires).
Finding unused cells or wires in module \stream_sum..

3.17. Executing SHARE pass (SAT-based resource sharing).

3.18. Executing TECHMAP pass (map to technology primitives).

3.18.1. Executing Verilog-2005 frontend: /share/cmp2lut.v
Parsing Verilog input from `/share/cmp2lut.v' to AST representation.
Generating RTLIL representation for module `\_90_lut_cmp_'.
Successfully finished Verilog frontend.

3.18.2. Continuing TECHMAP pass.
No more expansions possible.
<suppressed ~6 debug messages>

3.19. Executing OPT_EXPR pass (perform const folding).
Optimizing module stream_sum.

3.20. Executing OPT_CLEAN pass (remove unused cells and wires).
Finding unused cells or wires in module \stream_sum..

3.21. Executing ALUMACC pass (create $alu and $macc cells).
Extracting $alu and $macc cells in module stream_sum:
  creating $macc model for $add$rtl/stream_sum.sv:16$13 ($add).
  creating $macc model for $add$rtl/stream_sum.sv:17$14 ($add).
  creating $macc model for $add$rtl/stream_sum.sv:25$20 ($add).
  merging $macc model for $add$rtl/stream_sum.sv:16$13 into $add$rtl/stream_sum.sv:25$20.
  merging $macc model for $add$rtl/stream_sum.sv:17$14 into $add$rtl/stream_sum.sv:25$20.
  creating $macc cell for $add$rtl/stream_sum.sv:25$20: $auto$alumacc.cc:399:replace_macc$423
  created 0 $alu and 1 $macc cells.

3.22. Executing OPT pass (performing simple optimizations).

3.22.1. Executing OPT_EXPR pass (perform const folding).
Optimizing module stream_sum.

3.22.2. Executing OPT_MERGE pass (detect identical cells).
Finding identical cells in module `\stream_sum'.
Computing hashes of 12 cells of `\stream_sum'.
Finding duplicate cells in `\stream_sum'.
Removed a total of 0 cells.

3.22.3. Executing OPT_MUXTREE pass (detect dead branches in mux trees).
Running muxtree optimizer on module \stream_sum..
  Creating internal representation of mux trees.
  No muxes found in this module.
Removed 0 multiplexer ports.

3.22.4. Executing OPT_REDUCE pass (consolidate $*mux and $reduce_* inputs).
  Optimizing cells in module \stream_sum.
Performed a total of 0 changes.

3.22.5. Executing OPT_MERGE pass (detect identical cells).
Finding identical cells in module `\stream_sum'.
Computing hashes of 12 cells of `\stream_sum'.
Finding duplicate cells in `\stream_sum'.
Removed a total of 0 cells.

3.22.6. Executing OPT_DFF pass (perform DFF optimizations).

3.22.7. Executing OPT_CLEAN pass (remove unused cells and wires).
Finding unused cells or wires in module \stream_sum..
Removed 2 unused cells and 2 unused wires.
<suppressed ~4 debug messages>

3.22.8. Executing OPT_EXPR pass (perform const folding).
Optimizing module stream_sum.

3.22.9. Rerunning OPT passes. (Maybe there is more to do..)

3.22.10. Executing OPT_MUXTREE pass (detect dead branches in mux trees).
Running muxtree optimizer on module \stream_sum..
  Creating internal representation of mux trees.
  No muxes found in this module.
Removed 0 multiplexer ports.

3.22.11. Executing OPT_REDUCE pass (consolidate $*mux and $reduce_* inputs).
  Optimizing cells in module \stream_sum.
Performed a total of 0 changes.

3.22.12. Executing OPT_MERGE pass (detect identical cells).
Finding identical cells in module `\stream_sum'.
Computing hashes of 10 cells of `\stream_sum'.
Finding duplicate cells in `\stream_sum'.
Removed a total of 0 cells.

3.22.13. Executing OPT_DFF pass (perform DFF optimizations).

3.22.14. Executing OPT_CLEAN pass (remove unused cells and wires).
Finding unused cells or wires in module \stream_sum..

3.22.15. Executing OPT_EXPR pass (perform const folding).
Optimizing module stream_sum.

3.22.16. Finished fast OPT passes. (There is nothing left to do.)

3.23. Executing MEMORY pass.

3.23.1. Executing OPT_MEM pass (optimize memories).
Performed a total of 0 transformations.

3.23.2. Executing OPT_MEM_PRIORITY pass (removing unnecessary memory write priority relations).
Performed a total of 0 transformations.

3.23.3. Executing OPT_MEM_FEEDBACK pass (finding memory read-to-write feedback paths).

3.23.4. Executing MEMORY_BMUX2ROM pass (converting muxes to ROMs).

3.23.5. Executing MEMORY_DFF pass (merging $dff cells to $memrd).

3.23.6. Executing OPT_CLEAN pass (remove unused cells and wires).
Finding unused cells or wires in module \stream_sum..

3.23.7. Executing MEMORY_SHARE pass (consolidating $memrd/$memwr cells).

3.23.8. Executing OPT_MEM_WIDEN pass (optimize memories where all ports are wide).
Performed a total of 0 transformations.

3.23.9. Executing OPT_CLEAN pass (remove unused cells and wires).
Finding unused cells or wires in module \stream_sum..

3.23.10. Executing MEMORY_COLLECT pass (generating $mem cells).

3.24. Executing OPT_CLEAN pass (remove unused cells and wires).
Finding unused cells or wires in module \stream_sum..

3.25. Executing MEMORY_LIBMAP pass (mapping memories to cells).

3.26. Executing TECHMAP pass (map to technology primitives).

3.26.1. Executing Verilog-2005 frontend: /share/ice40/brams_map.v
Parsing Verilog input from `/share/ice40/brams_map.v' to AST representation.
Generating RTLIL representation for module `$__ICE40_RAM4K_'.
Successfully finished Verilog frontend.

3.26.2. Executing Verilog-2005 frontend: /share/ice40/spram_map.v
Parsing Verilog input from `/share/ice40/spram_map.v' to AST representation.
Generating RTLIL representation for module `$__ICE40_SPRAM_'.
Successfully finished Verilog frontend.

3.26.3. Continuing TECHMAP pass.
No more expansions possible.
<suppressed ~4 debug messages>

3.27. Executing ICE40_BRAMINIT pass.

3.28. Executing OPT pass (performing simple optimizations).

3.28.1. Executing OPT_EXPR pass (perform const folding).
Optimizing module stream_sum.

3.28.2. Executing OPT_MERGE pass (detect identical cells).
Finding identical cells in module `\stream_sum'.
Computing hashes of 10 cells of `\stream_sum'.
Finding duplicate cells in `\stream_sum'.
Removed a total of 0 cells.

3.28.3. Executing OPT_DFF pass (perform DFF optimizations).

3.28.4. Executing OPT_CLEAN pass (remove unused cells and wires).
Finding unused cells or wires in module \stream_sum..

3.28.5. Finished fast OPT passes.

3.29. Executing MEMORY_MAP pass (converting memories to logic and flip-flops).

3.30. Executing OPT pass (performing simple optimizations).

3.30.1. Executing OPT_EXPR pass (perform const folding).
Optimizing module stream_sum.

3.30.2. Executing OPT_MERGE pass (detect identical cells).
Finding identical cells in module `\stream_sum'.
Computing hashes of 10 cells of `\stream_sum'.
Finding duplicate cells in `\stream_sum'.
Removed a total of 0 cells.

3.30.3. Executing OPT_MUXTREE pass (detect dead branches in mux trees).
Running muxtree optimizer on module \stream_sum..
  Creating internal representation of mux trees.
  No muxes found in this module.
Removed 0 multiplexer ports.

3.30.4. Executing OPT_REDUCE pass (consolidate $*mux and $reduce_* inputs).
  Optimizing cells in module \stream_sum.
Performed a total of 0 changes.

3.30.5. Executing OPT_MERGE pass (detect identical cells).
Finding identical cells in module `\stream_sum'.
Computing hashes of 10 cells of `\stream_sum'.
Finding duplicate cells in `\stream_sum'.
Removed a total of 0 cells.

3.30.6. Executing OPT_DFF pass (perform DFF optimizations).

3.30.7. Executing OPT_CLEAN pass (remove unused cells and wires).
Finding unused cells or wires in module \stream_sum..

3.30.8. Executing OPT_EXPR pass (perform const folding).
Optimizing module stream_sum.

3.30.9. Finished fast OPT passes. (There is nothing left to do.)

3.31. Executing ICE40_WRAPCARRY pass (wrap carries).

3.32. Executing TECHMAP pass (map to technology primitives).

3.32.1. Executing Verilog-2005 frontend: /share/techmap.v
Parsing Verilog input from `/share/techmap.v' to AST representation.
Generating RTLIL representation for module `\_90_simplemap_bool_ops'.
Generating RTLIL representation for module `\_90_simplemap_reduce_ops'.
Generating RTLIL representation for module `\_90_simplemap_logic_ops'.
Generating RTLIL representation for module `\_90_simplemap_compare_ops'.
Generating RTLIL representation for module `\_90_simplemap_various'.
Generating RTLIL representation for module `\_90_simplemap_registers'.
Generating RTLIL representation for module `\_90_shift_ops_shr_shl_sshl_sshr'.
Generating RTLIL representation for module `\_90_shift_shiftx'.
Generating RTLIL representation for module `\_90_fa'.
Generating RTLIL representation for module `\_90_lcu_brent_kung'.
Generating RTLIL representation for module `\_90_alu'.
Generating RTLIL representation for module `\_90_macc'.
Generating RTLIL representation for module `\_90_alumacc'.
Generating RTLIL representation for module `$__div_mod_u'.
Generating RTLIL representation for module `$__div_mod_trunc'.
Generating RTLIL representation for module `\_90_div'.
Generating RTLIL representation for module `\_90_mod'.
Generating RTLIL representation for module `$__div_mod_floor'.
Generating RTLIL representation for module `\_90_divfloor'.
Generating RTLIL representation for module `\_90_modfloor'.
Generating RTLIL representation for module `\_90_pow'.
Generating RTLIL representation for module `\_90_demux'.
Generating RTLIL representation for module `\_90_lut'.
Generating RTLIL representation for module `$connect'.
Generating RTLIL representation for module `$input_port'.
Successfully finished Verilog frontend.

3.32.2. Executing Verilog-2005 frontend: /share/ice40/arith_map.v
Parsing Verilog input from `/share/ice40/arith_map.v' to AST representation.
Generating RTLIL representation for module `\_80_ice40_alu'.
Successfully finished Verilog frontend.

3.32.3. Continuing TECHMAP pass.
Using extmapper maccmap for cells of type $macc_v2.
  add \a (32 bits, unsigned)
  add \c (32 bits, unsigned)
  add \b (32 bits, unsigned)
  add \d (32 bits, unsigned)
Using extmapper simplemap for cells of type $sdffe.
Using extmapper simplemap for cells of type $reduce_and.
Using extmapper simplemap for cells of type $not.
Using extmapper simplemap for cells of type $dffe.
Using extmapper simplemap for cells of type $logic_not.
Using extmapper simplemap for cells of type $logic_or.
Using extmapper simplemap for cells of type $logic_and.
Using template $paramod\_90_fa\WIDTH=32'00000000000000000000000000100000 for cells of type $fa.
Using template $paramod\_90_fa\WIDTH=32'00000000000000000000000000100001 for cells of type $fa.
Using template $paramod$dbef6e48cd28208af1b77a9bd7dfc80580f16131\_80_ice40_alu for cells of type $alu.
Using extmapper simplemap for cells of type $or.
Using extmapper simplemap for cells of type $xor.
Using extmapper simplemap for cells of type $and.
Using extmapper simplemap for cells of type $mux.
Using extmapper simplemap for cells of type $pos.
No more expansions possible.
<suppressed ~140 debug messages>

3.33. Executing OPT pass (performing simple optimizations).

3.33.1. Executing OPT_EXPR pass (perform const folding).
Optimizing module stream_sum.
<suppressed ~46 debug messages>

3.33.2. Executing OPT_MERGE pass (detect identical cells).
Finding identical cells in module `\stream_sum'.
Computing hashes of 458 cells of `\stream_sum'.
Finding duplicate cells in `\stream_sum'.
Computing hashes of 457 cells of `\stream_sum'.
Finding duplicate cells in `\stream_sum'.
<suppressed ~3 debug messages>
Removed a total of 1 cells.

3.33.3. Executing OPT_DFF pass (perform DFF optimizations).

3.33.4. Executing OPT_CLEAN pass (remove unused cells and wires).
Finding unused cells or wires in module \stream_sum..
Removed 64 unused cells and 39 unused wires.
<suppressed ~65 debug messages>

3.33.5. Finished fast OPT passes.

3.34. Executing ICE40_OPT pass (performing simple optimizations).

3.34.1. Running ICE40 specific optimizations.
Optimized $__ICE40_CARRY_WRAPPER cell back to logic (without SB_CARRY) stream_sum.$auto$maccmap.cc:240:synth$524.slice[0].carry: CO=1'0
Optimized $__ICE40_CARRY_WRAPPER cell back to logic (without SB_CARRY) stream_sum.$auto$maccmap.cc:240:synth$524.slice[33].carry: CO=1'0

3.34.2. Executing OPT_EXPR pass (perform const folding).
Optimizing module stream_sum.

3.34.3. Executing OPT_MERGE pass (detect identical cells).
Finding identical cells in module `\stream_sum'.
Computing hashes of 393 cells of `\stream_sum'.
Finding duplicate cells in `\stream_sum'.
Removed a total of 0 cells.

3.34.4. Executing OPT_DFF pass (perform DFF optimizations).

3.34.5. Executing OPT_CLEAN pass (remove unused cells and wires).
Finding unused cells or wires in module \stream_sum..
Removed 0 unused cells and 1 unused wires.
<suppressed ~1 debug messages>

3.34.6. Rerunning OPT passes. (Removed registers in this run.)

3.34.7. Running ICE40 specific optimizations.

3.34.8. Executing OPT_EXPR pass (perform const folding).
Optimizing module stream_sum.

3.34.9. Executing OPT_MERGE pass (detect identical cells).
Finding identical cells in module `\stream_sum'.
Computing hashes of 393 cells of `\stream_sum'.
Finding duplicate cells in `\stream_sum'.
Removed a total of 0 cells.

3.34.10. Executing OPT_DFF pass (perform DFF optimizations).

3.34.11. Executing OPT_CLEAN pass (remove unused cells and wires).
Finding unused cells or wires in module \stream_sum..

3.34.12. Finished OPT passes. (There is nothing left to do.)

3.35. Executing DFFLEGALIZE pass (convert FFs and LATCHes to types supported by the target).

3.36. Executing TECHMAP pass (map to technology primitives).

3.36.1. Executing Verilog-2005 frontend: /share/ice40/ff_map.v
Parsing Verilog input from `/share/ice40/ff_map.v' to AST representation.
Generating RTLIL representation for module `$_DFF_N_'.
Generating RTLIL representation for module `$_DFF_P_'.
Generating RTLIL representation for module `$_DFFE_NP_'.
Generating RTLIL representation for module `$_DFFE_PP_'.
Generating RTLIL representation for module `$_DFF_NP0_'.
Generating RTLIL representation for module `$_DFF_NP1_'.
Generating RTLIL representation for module `$_DFF_PP0_'.
Generating RTLIL representation for module `$_DFF_PP1_'.
Generating RTLIL representation for module `$_DFFE_NP0P_'.
Generating RTLIL representation for module `$_DFFE_NP1P_'.
Generating RTLIL representation for module `$_DFFE_PP0P_'.
Generating RTLIL representation for module `$_DFFE_PP1P_'.
Generating RTLIL representation for module `$_SDFF_NP0_'.
Generating RTLIL representation for module `$_SDFF_NP1_'.
Generating RTLIL representation for module `$_SDFF_PP0_'.
Generating RTLIL representation for module `$_SDFF_PP1_'.
Generating RTLIL representation for module `$_SDFFCE_NP0P_'.
Generating RTLIL representation for module `$_SDFFCE_NP1P_'.
Generating RTLIL representation for module `$_SDFFCE_PP0P_'.
Generating RTLIL representation for module `$_SDFFCE_PP1P_'.
Successfully finished Verilog frontend.

3.36.2. Continuing TECHMAP pass.
Using template $_DFFE_PP_ for cells of type $_DFFE_PP_.
Using template $_SDFFCE_PP0P_ for cells of type $_SDFFCE_PP0P_.
No more expansions possible.
<suppressed ~57 debug messages>

3.37. Executing OPT_EXPR pass (perform const folding).
Optimizing module stream_sum.

3.38. Executing SIMPLEMAP pass (map simple cells to gate primitives).
Mapping stream_sum.$auto$maccmap.cc:240:synth$524.slice[0].carry ($lut).
Mapping stream_sum.$auto$maccmap.cc:240:synth$524.slice[33].carry ($lut).

3.39. Executing ICE40_OPT pass (performing simple optimizations).

3.39.1. Running ICE40 specific optimizations.

3.39.2. Executing OPT_EXPR pass (perform const folding).
Optimizing module stream_sum.
<suppressed ~28 debug messages>

3.39.3. Executing OPT_MERGE pass (detect identical cells).
Finding identical cells in module `\stream_sum'.
Computing hashes of 394 cells of `\stream_sum'.
Finding duplicate cells in `\stream_sum'.
Computing hashes of 393 cells of `\stream_sum'.
Finding duplicate cells in `\stream_sum'.
<suppressed ~3 debug messages>
Removed a total of 1 cells.

3.39.4. Executing OPT_DFF pass (perform DFF optimizations).

3.39.5. Executing OPT_CLEAN pass (remove unused cells and wires).
Finding unused cells or wires in module \stream_sum..
Removed 1 unused cells and 184 unused wires.
<suppressed ~2 debug messages>

3.39.6. Rerunning OPT passes. (Removed registers in this run.)

3.39.7. Running ICE40 specific optimizations.

3.39.8. Executing OPT_EXPR pass (perform const folding).
Optimizing module stream_sum.

3.39.9. Executing OPT_MERGE pass (detect identical cells).
Finding identical cells in module `\stream_sum'.
Computing hashes of 392 cells of `\stream_sum'.
Finding duplicate cells in `\stream_sum'.
Removed a total of 0 cells.

3.39.10. Executing OPT_DFF pass (perform DFF optimizations).

3.39.11. Executing OPT_CLEAN pass (remove unused cells and wires).
Finding unused cells or wires in module \stream_sum..

3.39.12. Finished OPT passes. (There is nothing left to do.)

3.40. Executing CHECK pass (checking for obvious problems).
Checking module stream_sum...
Found and reported 0 problems.

3.41. Executing TECHMAP pass (map to technology primitives).

3.41.1. Executing Verilog-2005 frontend: /share/ice40/latches_map.v
Parsing Verilog input from `/share/ice40/latches_map.v' to AST representation.
Generating RTLIL representation for module `$_DLATCH_N_'.
Generating RTLIL representation for module `$_DLATCH_P_'.
Successfully finished Verilog frontend.

3.41.2. Continuing TECHMAP pass.
No more expansions possible.
<suppressed ~4 debug messages>

3.42. Executing Verilog-2005 frontend: /share/ice40/abc9_model.v
Parsing Verilog input from `/share/ice40/abc9_model.v' to AST representation.
Generating RTLIL representation for module `$__ICE40_CARRY_WRAPPER'.
Successfully finished Verilog frontend.

3.43. Executing ABC9 pass.

3.43.1. Executing ABC9_OPS pass (helper functions for ABC9).

3.43.2. Executing ABC9_OPS pass (helper functions for ABC9).

3.43.3. Executing SCC pass (detecting logic loops).
Found 0 SCCs in module stream_sum.
Found 0 SCCs.

3.43.4. Executing ABC9_OPS pass (helper functions for ABC9).

3.43.5. Executing TECHMAP pass (map to technology primitives).

3.43.5.1. Executing Verilog-2005 frontend: /share/techmap.v
Parsing Verilog input from `/share/techmap.v' to AST representation.
Generating RTLIL representation for module `\_90_simplemap_bool_ops'.
Generating RTLIL representation for module `\_90_simplemap_reduce_ops'.
Generating RTLIL representation for module `\_90_simplemap_logic_ops'.
Generating RTLIL representation for module `\_90_simplemap_compare_ops'.
Generating RTLIL representation for module `\_90_simplemap_various'.
Generating RTLIL representation for module `\_90_simplemap_registers'.
Generating RTLIL representation for module `\_90_shift_ops_shr_shl_sshl_sshr'.
Generating RTLIL representation for module `\_90_shift_shiftx'.
Generating RTLIL representation for module `\_90_fa'.
Generating RTLIL representation for module `\_90_lcu_brent_kung'.
Generating RTLIL representation for module `\_90_alu'.
Generating RTLIL representation for module `\_90_macc'.
Generating RTLIL representation for module `\_90_alumacc'.
Generating RTLIL representation for module `$__div_mod_u'.
Generating RTLIL representation for module `$__div_mod_trunc'.
Generating RTLIL representation for module `\_90_div'.
Generating RTLIL representation for module `\_90_mod'.
Generating RTLIL representation for module `$__div_mod_floor'.
Generating RTLIL representation for module `\_90_divfloor'.
Generating RTLIL representation for module `\_90_modfloor'.
Generating RTLIL representation for module `\_90_pow'.
Generating RTLIL representation for module `\_90_demux'.
Generating RTLIL representation for module `\_90_lut'.
Generating RTLIL representation for module `$connect'.
Generating RTLIL representation for module `$input_port'.
Successfully finished Verilog frontend.

3.43.5.2. Continuing TECHMAP pass.
No more expansions possible.
<suppressed ~130 debug messages>

3.43.6. Executing OPT pass (performing simple optimizations).

3.43.6.1. Executing OPT_EXPR pass (perform const folding).

3.43.6.2. Executing OPT_MERGE pass (detect identical cells).
Removed a total of 0 cells.

3.43.6.3. Executing OPT_MUXTREE pass (detect dead branches in mux trees).
Removed 0 multiplexer ports.

3.43.6.4. Executing OPT_REDUCE pass (consolidate $*mux and $reduce_* inputs).
Performed a total of 0 changes.

3.43.6.5. Executing OPT_MERGE pass (detect identical cells).
Removed a total of 0 cells.

3.43.6.6. Executing OPT_DFF pass (perform DFF optimizations).

3.43.6.7. Executing OPT_CLEAN pass (remove unused cells and wires).

3.43.6.8. Executing OPT_EXPR pass (perform const folding).

3.43.6.9. Finished fast OPT passes. (There is nothing left to do.)

3.43.7. Executing TECHMAP pass (map to technology primitives).

3.43.7.1. Executing Verilog-2005 frontend: /share/abc9_map.v
Parsing Verilog input from `/share/abc9_map.v' to AST representation.
Successfully finished Verilog frontend.

3.43.7.2. Continuing TECHMAP pass.
No more expansions possible.
<suppressed ~2 debug messages>

3.43.8. Executing Verilog-2005 frontend: /share/abc9_model.v
Parsing Verilog input from `/share/abc9_model.v' to AST representation.
Generating RTLIL representation for module `$__ABC9_DELAY'.
Generating RTLIL representation for module `$__ABC9_SCC_BREAKER'.
Generating RTLIL representation for module `$__DFF_N__$abc9_flop'.
Generating RTLIL representation for module `$__DFF_P__$abc9_flop'.
Successfully finished Verilog frontend.

3.43.9. Executing ABC9_OPS pass (helper functions for ABC9).
<suppressed ~38 debug messages>

3.43.10. Executing ABC9_OPS pass (helper functions for ABC9).

3.43.11. Executing ABC9_OPS pass (helper functions for ABC9).
<suppressed ~2 debug messages>

3.43.12. Executing TECHMAP pass (map to technology primitives).

3.43.12.1. Executing Verilog-2005 frontend: /share/techmap.v
Parsing Verilog input from `/share/techmap.v' to AST representation.
Generating RTLIL representation for module `\_90_simplemap_bool_ops'.
Generating RTLIL representation for module `\_90_simplemap_reduce_ops'.
Generating RTLIL representation for module `\_90_simplemap_logic_ops'.
Generating RTLIL representation for module `\_90_simplemap_compare_ops'.
Generating RTLIL representation for module `\_90_simplemap_various'.
Generating RTLIL representation for module `\_90_simplemap_registers'.
Generating RTLIL representation for module `\_90_shift_ops_shr_shl_sshl_sshr'.
Generating RTLIL representation for module `\_90_shift_shiftx'.
Generating RTLIL representation for module `\_90_fa'.
Generating RTLIL representation for module `\_90_lcu_brent_kung'.
Generating RTLIL representation for module `\_90_alu'.
Generating RTLIL representation for module `\_90_macc'.
Generating RTLIL representation for module `\_90_alumacc'.
Generating RTLIL representation for module `$__div_mod_u'.
Generating RTLIL representation for module `$__div_mod_trunc'.
Generating RTLIL representation for module `\_90_div'.
Generating RTLIL representation for module `\_90_mod'.
Generating RTLIL representation for module `$__div_mod_floor'.
Generating RTLIL representation for module `\_90_divfloor'.
Generating RTLIL representation for module `\_90_modfloor'.
Generating RTLIL representation for module `\_90_pow'.
Generating RTLIL representation for module `\_90_demux'.
Generating RTLIL representation for module `\_90_lut'.
Generating RTLIL representation for module `$connect'.
Generating RTLIL representation for module `$input_port'.
Successfully finished Verilog frontend.

3.43.12.2. Continuing TECHMAP pass.
Using template $paramod$__ICE40_CARRY_WRAPPER\LUT=16'0110100110010110\I3_IS_CI=1'1 for cells of type $paramod$__ICE40_CARRY_WRAPPER\LUT=16'0110100110010110\I3_IS_CI=1'1.
Using template $paramod\SB_LUT4\LUT_INIT=16'0110100110010110 for cells of type SB_LUT4.
Using template SB_CARRY for cells of type SB_CARRY.
Using extmapper simplemap for cells of type $mux.
Using extmapper simplemap for cells of type $logic_and.
Using extmapper simplemap for cells of type $logic_or.
No more expansions possible.
<suppressed ~150 debug messages>

3.43.13. Executing OPT pass (performing simple optimizations).

3.43.13.1. Executing OPT_EXPR pass (perform const folding).
Optimizing module stream_sum.
<suppressed ~4 debug messages>

3.43.13.2. Executing OPT_MERGE pass (detect identical cells).
Finding identical cells in module `\stream_sum'.
Computing hashes of 30 cells of `\stream_sum'.
Finding duplicate cells in `\stream_sum'.
Computing hashes of 20 cells of `\stream_sum'.
Finding duplicate cells in `\stream_sum'.
Computing hashes of 18 cells of `\stream_sum'.
Finding duplicate cells in `\stream_sum'.
<suppressed ~29 debug messages>
Removed a total of 12 cells.

3.43.13.3. Executing OPT_MUXTREE pass (detect dead branches in mux trees).
Running muxtree optimizer on module \stream_sum..
  Creating internal representation of mux trees.
  No muxes found in this module.
Removed 0 multiplexer ports.

3.43.13.4. Executing OPT_REDUCE pass (consolidate $*mux and $reduce_* inputs).
  Optimizing cells in module \stream_sum.
Performed a total of 0 changes.

3.43.13.5. Executing OPT_MERGE pass (detect identical cells).
Finding identical cells in module `\stream_sum'.
Computing hashes of 18 cells of `\stream_sum'.
Finding duplicate cells in `\stream_sum'.
Removed a total of 0 cells.

3.43.13.6. Executing OPT_DFF pass (perform DFF optimizations).

3.43.13.7. Executing OPT_CLEAN pass (remove unused cells and wires).
Finding unused cells or wires in module \stream_sum..
Removed 0 unused cells and 24 unused wires.
<suppressed ~1 debug messages>

3.43.13.8. Executing OPT_EXPR pass (perform const folding).
Optimizing module stream_sum.

3.43.13.9. Rerunning OPT passes. (Maybe there is more to do..)

3.43.13.10. Executing OPT_MUXTREE pass (detect dead branches in mux trees).
Running muxtree optimizer on module \stream_sum..
  Creating internal representation of mux trees.
  No muxes found in this module.
Removed 0 multiplexer ports.

3.43.13.11. Executing OPT_REDUCE pass (consolidate $*mux and $reduce_* inputs).
  Optimizing cells in module \stream_sum.
Performed a total of 0 changes.

3.43.13.12. Executing OPT_MERGE pass (detect identical cells).
Finding identical cells in module `\stream_sum'.
Computing hashes of 18 cells of `\stream_sum'.
Finding duplicate cells in `\stream_sum'.
Removed a total of 0 cells.

3.43.13.13. Executing OPT_DFF pass (perform DFF optimizations).

3.43.13.14. Executing OPT_CLEAN pass (remove unused cells and wires).
Finding unused cells or wires in module \stream_sum..

3.43.13.15. Executing OPT_EXPR pass (perform const folding).
Optimizing module stream_sum.

3.43.13.16. Finished fast OPT passes. (There is nothing left to do.)

3.43.14. Executing AIGMAP pass (map logic to AIG).
Module stream_sum: replaced 7 cells with 43 new cells, skipped 11 cells.
  replaced 2 cell types:
       5 $_MUX_
       2 $_OR_
  not replaced 3 cell types:
       2 $_AND_
       1 $_NOT_
       8 $specify2

3.43.15. Executing AIGMAP pass (map logic to AIG).
Module stream_sum: replaced 192 cells with 1149 new cells, skipped 236 cells.
  replaced 2 cell types:
      65 $_OR_
     127 $_XOR_
  not replaced 7 cell types:
     131 $_AND_
       2 $_NOT_
      34 SB_DFFE
       1 SB_DFFESR
      35 $paramod$__ABC9_DELAY\DELAY=32'00000000000000000000000000010101
       1 $paramod$__ABC9_DELAY\DELAY=32'00000000000000000000000011001011
      32 $paramod$__ICE40_CARRY_WRAPPER\LUT=16'0110100110010110\I3_IS_CI=1'1

3.43.15.1. Executing ABC9_OPS pass (helper functions for ABC9).

3.43.15.2. Executing ABC9_OPS pass (helper functions for ABC9).

3.43.15.3. Executing XAIGER backend.
<suppressed ~46 debug messages>
Extracted 577 AND gates and 1650 wires from module `stream_sum' to a netlist network with 167 inputs and 74 outputs.

3.43.15.4. Executing ABC9_EXE pass (technology mapping using ABC9).

3.43.15.5. Executing ABC9.
Running ABC command: "/yosys-abc" -s -f <abc-temp-dir>/abc.script 2>&1

3.43.15.6. Executing AIGER frontend.
<suppressed ~11 debug messages>
Removed 1610 unused cells and 2114 unused wires.

3.43.15.7. Executing ABC_OPS_REINTEGRATE pass (reintegrate ABC mapped design into module).
ABC RESULTS:              $lut cells:      131
ABC RESULTS:   $paramod$__ICE40_CARRY_WRAPPER\LUT=16'0110100110010110\I3_IS_CI=1'1 cells:       32
ABC RESULTS:           input signals:       10
ABC RESULTS:          output signals:       41
<suppressed ~482 debug messages>
Removing temp directory.

3.43.16. Executing TECHMAP pass (map to technology primitives).

3.43.16.1. Executing Verilog-2005 frontend: /share/abc9_unmap.v
Parsing Verilog input from `/share/abc9_unmap.v' to AST representation.
Generating RTLIL representation for module `$__DFF_x__$abc9_flop'.
Generating RTLIL representation for module `$__ABC9_SCC_BREAKER'.
Successfully finished Verilog frontend.

3.43.16.2. Continuing TECHMAP pass.
Using template $paramod$__ICE40_CARRY_WRAPPER\LUT=16'0110100110010110\I3_IS_CI=1'1 for cells of type $paramod$__ICE40_CARRY_WRAPPER\LUT=16'0110100110010110\I3_IS_CI=1'1.
No more expansions possible.
<suppressed ~38 debug messages>

3.44. Executing ICE40_WRAPCARRY pass (wrap carries).

3.45. Executing TECHMAP pass (map to technology primitives).

3.45.1. Executing Verilog-2005 frontend: /share/ice40/ff_map.v
Parsing Verilog input from `/share/ice40/ff_map.v' to AST representation.
Generating RTLIL representation for module `$_DFF_N_'.
Generating RTLIL representation for module `$_DFF_P_'.
Generating RTLIL representation for module `$_DFFE_NP_'.
Generating RTLIL representation for module `$_DFFE_PP_'.
Generating RTLIL representation for module `$_DFF_NP0_'.
Generating RTLIL representation for module `$_DFF_NP1_'.
Generating RTLIL representation for module `$_DFF_PP0_'.
Generating RTLIL representation for module `$_DFF_PP1_'.
Generating RTLIL representation for module `$_DFFE_NP0P_'.
Generating RTLIL representation for module `$_DFFE_NP1P_'.
Generating RTLIL representation for module `$_DFFE_PP0P_'.
Generating RTLIL representation for module `$_DFFE_PP1P_'.
Generating RTLIL representation for module `$_SDFF_NP0_'.
Generating RTLIL representation for module `$_SDFF_NP1_'.
Generating RTLIL representation for module `$_SDFF_PP0_'.
Generating RTLIL representation for module `$_SDFF_PP1_'.
Generating RTLIL representation for module `$_SDFFCE_NP0P_'.
Generating RTLIL representation for module `$_SDFFCE_NP1P_'.
Generating RTLIL representation for module `$_SDFFCE_PP0P_'.
Generating RTLIL representation for module `$_SDFFCE_PP1P_'.
Successfully finished Verilog frontend.

3.45.2. Continuing TECHMAP pass.
No more expansions possible.
<suppressed ~22 debug messages>
Removed 33 unused cells and 1705 unused wires.

3.46. Executing OPT_LUT pass (optimize LUTs).
Discovering LUTs.
Number of LUTs:      163
  2-LUT                3
  3-LUT              158
  4-LUT                2
  with \SB_CARRY    (#0)   32
  with \SB_CARRY    (#1)   31

Eliminating LUTs.
Number of LUTs:      163
  2-LUT                3
  3-LUT              158
  4-LUT                2
  with \SB_CARRY    (#0)   32
  with \SB_CARRY    (#1)   31

Combining LUTs.
Number of LUTs:      163
  2-LUT                3
  3-LUT              158
  4-LUT                2
  with \SB_CARRY    (#0)   32
  with \SB_CARRY    (#1)   31

Eliminated 0 LUTs.
Combined 0 LUTs.
<suppressed ~393 debug messages>

3.47. Executing TECHMAP pass (map to technology primitives).

3.47.1. Executing Verilog-2005 frontend: /share/ice40/cells_map.v
Parsing Verilog input from `/share/ice40/cells_map.v' to AST representation.
Generating RTLIL representation for module `$lut'.
Successfully finished Verilog frontend.

3.47.2. Continuing TECHMAP pass.
Using template $paramod$lut\WIDTH=32'00000000000000000000000000000011\LUT=8'11101000 for cells of type $lut.
Using template $paramod$lut\WIDTH=32'00000000000000000000000000000011\LUT=8'01101001 for cells of type $lut.
Using template $paramod$lut\WIDTH=32'00000000000000000000000000000011\LUT=8'10001110 for cells of type $lut.
Using template $paramod$fd904e9e35cfd343a9df248824bd3f1408724879$lut for cells of type $lut.
Using template $paramod$0de052767abdccc3aefc818722bdc3c7850d25d6$lut for cells of type $lut.
Using template $paramod$lut\WIDTH=32'00000000000000000000000000000010\LUT=4'0100 for cells of type $lut.
Using template $paramod$lut\WIDTH=32'00000000000000000000000000000010\LUT=4'1011 for cells of type $lut.
Using template $paramod$lut\WIDTH=32'00000000000000000000000000000011\LUT=8'00100011 for cells of type $lut.
Using template $paramod$lut\WIDTH=32'00000000000000000000000000000010\LUT=4'1000 for cells of type $lut.
No more expansions possible.
<suppressed ~265 debug messages>
Removed 0 unused cells and 389 unused wires.

3.48. Executing AUTONAME pass.
Renamed 360 objects in module stream_sum.
<suppressed ~360 debug messages>

3.49. Executing HIERARCHY pass (managing design hierarchy).
Attribute `top' found on module `stream_sum'. Setting top module to stream_sum.

3.49.1. Analyzing design hierarchy..
Top module:  \stream_sum

3.49.2. Analyzing design hierarchy..
Top module:  \stream_sum
Removed 0 unused modules.

3.50. Printing statistics.

=== stream_sum ===

        +----------Local Count, excluding submodules.
        | 
      143 wires
      491 wire bits
      143 public wires
      491 public wire bits
       11 ports
      168 port bits
      230 submodules
       32   SB_CARRY
       34   SB_DFFE
        1   SB_DFFESR
      163   SB_LUT4

=== design hierarchy ===

        +----------Count including submodules.
        | 
        - stream_sum

        +----------Count including submodules.
        | 
      143 wires
      491 wire bits
      143 public wires
      491 public wire bits
       11 ports
      168 port bits
        - memories
        - memory bits
        - processes
        - cells
      230 submodules
       32   SB_CARRY
       34   SB_DFFE
        1   SB_DFFESR
      163   SB_LUT4

3.51. Executing CHECK pass (checking for obvious problems).
Checking module stream_sum...
Found and reported 0 problems.

4. Executing CHECK pass (checking for obvious problems).
Checking module stream_sum...
Found and reported 0 problems.
{
   "creator": "Yosys 0.69 (git sha1 9f75ca1f9, Release, Clang /workspace/YoWASP/yosys/wasi-sdk-33.0-x86_64-linux/share/cmake/../..//bin/clang++ 22.1.0)",
   "invocation": "stat -json ",
   "modules": {
      "\\stream_sum": {
         "num_wires":         143,
         "num_wire_bits":     491,
         "num_pub_wires":     143,
         "num_pub_wire_bits": 491,
         "num_ports":         11,
         "num_port_bits":     168,
         "num_memories":      0,
         "num_memory_bits":   0,
         "num_processes":     0,
         "num_cells":         230,
         "num_submodules":       0,
         "num_cells_by_type": {
            "SB_CARRY": 32,
            "SB_DFFE": 34,
            "SB_DFFESR": 1,
            "SB_LUT4": 163
         }
      }
   },
      "design": {
         "num_wires":         143,
         "num_wire_bits":     491,
         "num_pub_wires":     143,
         "num_pub_wire_bits": 491,
         "num_ports":         11,
         "num_port_bits":     168,
         "num_memories":      0,
         "num_memory_bits":   0,
         "num_processes":     0,
         "num_cells":         230,
         "num_submodules":       0,
         "num_cells_by_type": {
            "SB_CARRY": 32,
            "SB_DFFE": 34,
            "SB_DFFESR": 1,
            "SB_LUT4": 163
         }
      }
}

End of script. Logfile hash: dedb6c87f5, time: 1.69s, user: 1.70s, system: 0.00s
Yosys 0.69 (git sha1 9f75ca1f9, Release, Clang /workspace/YoWASP/yosys/wasi-sdk-33.0-x86_64-linux/share/cmake/../..//bin/clang++ 22.1.0)
Time spent: 74% 21x read_verilog (1 sec), 10% 1x abc9_exe (0 sec), ...

=== generic WIDTH=32 PIPE=2 ===

 /----------------------------------------------------------------------------\
 |  yosys -- Yosys Open SYnthesis Suite                                       |
 |  Copyright (C) 2012 - 2026  Claire Xenia Wolf <claire@yosyshq.com>         |
 |  Distributed under an ISC-like license, type "license" to see terms        |
 \----------------------------------------------------------------------------/
 Yosys 0.69 (git sha1 9f75ca1f9, Release, Clang /workspace/YoWASP/yosys/wasi-sdk-33.0-x86_64-linux/share/cmake/../..//bin/clang++ 22.1.0)

-- Running command `read_verilog -sv rtl/stream_sum.sv; chparam -set WIDTH 32 -set PIPE 2 stream_sum; synth -top stream_sum; check -assert; tee -o results/generic_32_2.json stat -json; ltp -noff; write_verilog -noattr build/generic_32_2.v' --

1. Executing Verilog-2005 frontend: rtl/stream_sum.sv
Parsing SystemVerilog input from `rtl/stream_sum.sv' to AST representation.
Generating RTLIL representation for module `\stream_sum'.
Successfully finished Verilog frontend.
Parameter \WIDTH = 32
Parameter \PIPE = 2

2. Executing AST frontend in derive mode using pre-parsed AST for module `\stream_sum'.
Parameter \WIDTH = 32
Parameter \PIPE = 2
Generating RTLIL representation for module `$paramod$f8716c364387335f7888aafe0f452608877a67b6\stream_sum'.

3. Executing SYNTH pass.

3.1. Executing HIERARCHY pass (managing design hierarchy).

3.1.1. Analyzing design hierarchy..
Top module:  \stream_sum

3.1.2. Analyzing design hierarchy..
Top module:  \stream_sum
Removed 0 unused modules.

3.2. Executing PROC pass (convert processes to netlists).

3.2.1. Executing PROC_CLEAN pass (remove empty switches from decision trees).
Cleaned up 0 empty switches.

3.2.2. Executing PROC_RMDEAD pass (remove dead branches from decision trees).
Marked 1 switch rules as full_case in process $proc$rtl/stream_sum.sv:37$19 in module stream_sum.
Removed a total of 0 dead cases.

3.2.3. Executing PROC_PRUNE pass (remove redundant assignments in processes).
Removed 0 redundant assignments.
Promoted 0 assignments to connections.

3.2.4. Executing PROC_INIT pass (extract init attributes).

3.2.5. Executing PROC_ARST pass (detect async resets in processes).

3.2.6. Executing PROC_ROM pass (convert switches to ROMs).
Converted 0 switches.
<suppressed ~5 debug messages>

3.2.7. Executing PROC_MUX pass (convert decision trees to multiplexers).
Creating decoders for process `\stream_sum.$proc$rtl/stream_sum.sv:37$19'.
     1/5: $0\split.value[33:0]
     2/5: $0\split.cd[32:0]
     3/5: $0\split.ab[32:0]
     4/5: $0\split.v1[0:0]
     5/5: $0\split.v0[0:0]

3.2.8. Executing PROC_DLATCH pass (convert process syncs to latches).

3.2.9. Executing PROC_DFF pass (convert process syncs to FFs).
Creating register for signal `\stream_sum.\split.v0' using process `\stream_sum.$proc$rtl/stream_sum.sv:37$19'.
  created $dff cell `$procdff$54' with positive edge clock.
Creating register for signal `\stream_sum.\split.v1' using process `\stream_sum.$proc$rtl/stream_sum.sv:37$19'.
  created $dff cell `$procdff$55' with positive edge clock.
Creating register for signal `\stream_sum.\split.ab' using process `\stream_sum.$proc$rtl/stream_sum.sv:37$19'.
  created $dff cell `$procdff$56' with positive edge clock.
Creating register for signal `\stream_sum.\split.cd' using process `\stream_sum.$proc$rtl/stream_sum.sv:37$19'.
  created $dff cell `$procdff$57' with positive edge clock.
Creating register for signal `\stream_sum.\split.value' using process `\stream_sum.$proc$rtl/stream_sum.sv:37$19'.
  created $dff cell `$procdff$58' with positive edge clock.

3.2.10. Executing PROC_MEMWR pass (convert process memory writes to cells).

3.2.11. Executing PROC_CLEAN pass (remove empty switches from decision trees).
Found and cleaned up 5 empty switches in `\stream_sum.$proc$rtl/stream_sum.sv:37$19'.
Removing empty process `stream_sum.$proc$rtl/stream_sum.sv:37$19'.
Cleaned up 5 empty switches.

3.2.12. Executing OPT_EXPR pass (perform const folding).
Optimizing module stream_sum.

3.3. Executing OPT_EXPR pass (perform const folding).
Optimizing module stream_sum.

3.4. Executing OPT_CLEAN pass (remove unused cells and wires).
Finding unused cells or wires in module \stream_sum..
Removed 0 unused cells and 22 unused wires.
<suppressed ~1 debug messages>

3.5. Executing CHECK pass (checking for obvious problems).
Checking module stream_sum...
Found and reported 0 problems.

3.6. Executing OPT pass (performing simple optimizations).

3.6.1. Executing OPT_EXPR pass (perform const folding).
Optimizing module stream_sum.

3.6.2. Executing OPT_MERGE pass (detect identical cells).
Finding identical cells in module `\stream_sum'.
Computing hashes of 29 cells of `\stream_sum'.
Finding duplicate cells in `\stream_sum'.
Computing hashes of 28 cells of `\stream_sum'.
Finding duplicate cells in `\stream_sum'.
<suppressed ~3 debug messages>
Removed a total of 1 cells.

3.6.3. Executing OPT_MUXTREE pass (detect dead branches in mux trees).
Running muxtree optimizer on module \stream_sum..
  Creating internal representation of mux trees.
  Evaluating internal representation of mux trees.
  Analyzing evaluation results.
Removed 0 multiplexer ports.
<suppressed ~18 debug messages>

3.6.4. Executing OPT_REDUCE pass (consolidate $*mux and $reduce_* inputs).
  Optimizing cells in module \stream_sum.
Performed a total of 0 changes.

3.6.5. Executing OPT_MERGE pass (detect identical cells).
Finding identical cells in module `\stream_sum'.
Computing hashes of 28 cells of `\stream_sum'.
Finding duplicate cells in `\stream_sum'.
Removed a total of 0 cells.

3.6.6. Executing OPT_DFF pass (perform DFF optimizations).

3.6.7. Executing OPT_CLEAN pass (remove unused cells and wires).
Finding unused cells or wires in module \stream_sum..
Removed 0 unused cells and 1 unused wires.
<suppressed ~1 debug messages>

3.6.8. Executing OPT_EXPR pass (perform const folding).
Optimizing module stream_sum.

3.6.9. Rerunning OPT passes. (Maybe there is more to do..)

3.6.10. Executing OPT_MUXTREE pass (detect dead branches in mux trees).
Running muxtree optimizer on module \stream_sum..
  Creating internal representation of mux trees.
  Evaluating internal representation of mux trees.
  Analyzing evaluation results.
Removed 0 multiplexer ports.
<suppressed ~18 debug messages>

3.6.11. Executing OPT_REDUCE pass (consolidate $*mux and $reduce_* inputs).
  Optimizing cells in module \stream_sum.
Performed a total of 0 changes.

3.6.12. Executing OPT_MERGE pass (detect identical cells).
Finding identical cells in module `\stream_sum'.
Computing hashes of 28 cells of `\stream_sum'.
Finding duplicate cells in `\stream_sum'.
Removed a total of 0 cells.

3.6.13. Executing OPT_DFF pass (perform DFF optimizations).

3.6.14. Executing OPT_CLEAN pass (remove unused cells and wires).
Finding unused cells or wires in module \stream_sum..

3.6.15. Executing OPT_EXPR pass (perform const folding).
Optimizing module stream_sum.

3.6.16. Finished fast OPT passes. (There is nothing left to do.)

3.7. Executing FSM pass (extract and optimize FSM).

3.7.1. Executing FSM_DETECT pass (finding FSMs in design).

3.7.2. Executing FSM_EXTRACT pass (extracting FSM from design).

3.7.3. Executing FSM_OPT pass (simple optimizations of FSMs).

3.7.4. Executing OPT_CLEAN pass (remove unused cells and wires).
Finding unused cells or wires in module \stream_sum..

3.7.5. Executing FSM_OPT pass (simple optimizations of FSMs).

3.7.6. Executing FSM_RECODE pass (re-assigning FSM state encoding).

3.7.7. Executing FSM_INFO pass (dumping all available information on FSM cells).

3.7.8. Executing FSM_MAP pass (mapping FSMs to basic logic).

3.8. Executing OPT pass (performing simple optimizations).

3.8.1. Executing OPT_EXPR pass (perform const folding).
Optimizing module stream_sum.

3.8.2. Executing OPT_MERGE pass (detect identical cells).
Finding identical cells in module `\stream_sum'.
Computing hashes of 28 cells of `\stream_sum'.
Finding duplicate cells in `\stream_sum'.
Removed a total of 0 cells.

3.8.3. Executing OPT_MUXTREE pass (detect dead branches in mux trees).
Running muxtree optimizer on module \stream_sum..
  Creating internal representation of mux trees.
  Evaluating internal representation of mux trees.
  Analyzing evaluation results.
Removed 0 multiplexer ports.
<suppressed ~18 debug messages>

3.8.4. Executing OPT_REDUCE pass (consolidate $*mux and $reduce_* inputs).
  Optimizing cells in module \stream_sum.
Performed a total of 0 changes.

3.8.5. Executing OPT_MERGE pass (detect identical cells).
Finding identical cells in module `\stream_sum'.
Computing hashes of 28 cells of `\stream_sum'.
Finding duplicate cells in `\stream_sum'.
Removed a total of 0 cells.

3.8.6. Executing OPT_DFF pass (perform DFF optimizations).
Adding EN signal on $procdff$58 ($dff) from module stream_sum (D = $add$rtl/stream_sum.sv:49$22_Y, Q = \split.value).
Adding SRST signal on $procdff$54 ($dff) from module stream_sum (D = $procmux$49_Y, Q = \split.v0, rval = 1'0).
Adding EN signal on $auto$ff.cc:337:slice$64 ($sdff) from module stream_sum (D = \s_valid, Q = \split.v0).
Adding SRST signal on $procdff$55 ($dff) from module stream_sum (D = $procmux$44_Y, Q = \split.v1, rval = 1'0).
Adding EN signal on $auto$ff.cc:337:slice$66 ($sdff) from module stream_sum (D = \split.v0, Q = \split.v1).
Adding EN signal on $procdff$56 ($dff) from module stream_sum (D = $add$rtl/stream_sum.sv:43$20_Y, Q = \split.ab).
Adding EN signal on $procdff$57 ($dff) from module stream_sum (D = $add$rtl/stream_sum.sv:44$21_Y, Q = \split.cd).

3.8.7. Executing OPT_CLEAN pass (remove unused cells and wires).
Finding unused cells or wires in module \stream_sum..
Removed 13 unused cells and 13 unused wires.
<suppressed ~14 debug messages>

3.8.8. Executing OPT_EXPR pass (perform const folding).
Optimizing module stream_sum.

3.8.9. Rerunning OPT passes. (Maybe there is more to do..)

3.8.10. Executing OPT_MUXTREE pass (detect dead branches in mux trees).
Running muxtree optimizer on module \stream_sum..
  Creating internal representation of mux trees.
  No muxes found in this module.
Removed 0 multiplexer ports.

3.8.11. Executing OPT_REDUCE pass (consolidate $*mux and $reduce_* inputs).
  Optimizing cells in module \stream_sum.
Performed a total of 0 changes.

3.8.12. Executing OPT_MERGE pass (detect identical cells).
Finding identical cells in module `\stream_sum'.
Computing hashes of 21 cells of `\stream_sum'.
Finding duplicate cells in `\stream_sum'.
Computing hashes of 19 cells of `\stream_sum'.
Finding duplicate cells in `\stream_sum'.
Computing hashes of 18 cells of `\stream_sum'.
Finding duplicate cells in `\stream_sum'.
<suppressed ~9 debug messages>
Removed a total of 3 cells.

3.8.13. Executing OPT_DFF pass (perform DFF optimizations).

3.8.14. Executing OPT_CLEAN pass (remove unused cells and wires).
Finding unused cells or wires in module \stream_sum..
Removed 0 unused cells and 3 unused wires.
<suppressed ~1 debug messages>

3.8.15. Executing OPT_EXPR pass (perform const folding).
Optimizing module stream_sum.

3.8.16. Rerunning OPT passes. (Maybe there is more to do..)

3.8.17. Executing OPT_MUXTREE pass (detect dead branches in mux trees).
Running muxtree optimizer on module \stream_sum..
  Creating internal representation of mux trees.
  No muxes found in this module.
Removed 0 multiplexer ports.

3.8.18. Executing OPT_REDUCE pass (consolidate $*mux and $reduce_* inputs).
  Optimizing cells in module \stream_sum.
Performed a total of 0 changes.

3.8.19. Executing OPT_MERGE pass (detect identical cells).
Finding identical cells in module `\stream_sum'.
Computing hashes of 18 cells of `\stream_sum'.
Finding duplicate cells in `\stream_sum'.
Removed a total of 0 cells.

3.8.20. Executing OPT_DFF pass (perform DFF optimizations).

3.8.21. Executing OPT_CLEAN pass (remove unused cells and wires).
Finding unused cells or wires in module \stream_sum..

3.8.22. Executing OPT_EXPR pass (perform const folding).
Optimizing module stream_sum.

3.8.23. Finished fast OPT passes. (There is nothing left to do.)

3.9. Executing WREDUCE pass (reducing word size of cells).
Removed top 1 bits (of 33) from port A of cell stream_sum.$add$rtl/stream_sum.sv:43$20 ($add).
Removed top 1 bits (of 33) from port B of cell stream_sum.$add$rtl/stream_sum.sv:43$20 ($add).
Removed top 1 bits (of 33) from port A of cell stream_sum.$add$rtl/stream_sum.sv:44$21 ($add).
Removed top 1 bits (of 33) from port B of cell stream_sum.$add$rtl/stream_sum.sv:44$21 ($add).
Removed top 1 bits (of 34) from port A of cell stream_sum.$add$rtl/stream_sum.sv:49$22 ($add).
Removed top 1 bits (of 34) from port B of cell stream_sum.$add$rtl/stream_sum.sv:49$22 ($add).

3.10. Executing PEEPOPT pass (run peephole optimizers).

3.11. Executing OPT_CLEAN pass (remove unused cells and wires).
Finding unused cells or wires in module \stream_sum..

3.12. Executing ALUMACC pass (create $alu and $macc cells).
Extracting $alu and $macc cells in module stream_sum:
  creating $macc model for $add$rtl/stream_sum.sv:43$20 ($add).
  creating $macc model for $add$rtl/stream_sum.sv:44$21 ($add).
  creating $macc model for $add$rtl/stream_sum.sv:49$22 ($add).
  creating $alu model for $macc $add$rtl/stream_sum.sv:49$22.
  creating $alu model for $macc $add$rtl/stream_sum.sv:44$21.
  creating $alu model for $macc $add$rtl/stream_sum.sv:43$20.
  creating $alu cell for $add$rtl/stream_sum.sv:43$20: $auto$alumacc.cc:548:replace_alu$78
  creating $alu cell for $add$rtl/stream_sum.sv:44$21: $auto$alumacc.cc:548:replace_alu$81
  creating $alu cell for $add$rtl/stream_sum.sv:49$22: $auto$alumacc.cc:548:replace_alu$84
  created 3 $alu and 0 $macc cells.

3.13. Executing SHARE pass (SAT-based resource sharing).

3.14. Executing OPT pass (performing simple optimizations).

3.14.1. Executing OPT_EXPR pass (perform const folding).
Optimizing module stream_sum.

3.14.2. Executing OPT_MERGE pass (detect identical cells).
Finding identical cells in module `\stream_sum'.
Computing hashes of 18 cells of `\stream_sum'.
Finding duplicate cells in `\stream_sum'.
Removed a total of 0 cells.

3.14.3. Executing OPT_MUXTREE pass (detect dead branches in mux trees).
Running muxtree optimizer on module \stream_sum..
  Creating internal representation of mux trees.
  No muxes found in this module.
Removed 0 multiplexer ports.

3.14.4. Executing OPT_REDUCE pass (consolidate $*mux and $reduce_* inputs).
  Optimizing cells in module \stream_sum.
Performed a total of 0 changes.

3.14.5. Executing OPT_MERGE pass (detect identical cells).
Finding identical cells in module `\stream_sum'.
Computing hashes of 18 cells of `\stream_sum'.
Finding duplicate cells in `\stream_sum'.
Removed a total of 0 cells.

3.14.6. Executing OPT_DFF pass (perform DFF optimizations).

3.14.7. Executing OPT_CLEAN pass (remove unused cells and wires).
Finding unused cells or wires in module \stream_sum..

3.14.8. Executing OPT_EXPR pass (perform const folding).
Optimizing module stream_sum.

3.14.9. Finished fast OPT passes. (There is nothing left to do.)

3.15. Executing MEMORY pass.

3.15.1. Executing OPT_MEM pass (optimize memories).
Performed a total of 0 transformations.

3.15.2. Executing OPT_MEM_PRIORITY pass (removing unnecessary memory write priority relations).
Performed a total of 0 transformations.

3.15.3. Executing OPT_MEM_FEEDBACK pass (finding memory read-to-write feedback paths).

3.15.4. Executing MEMORY_BMUX2ROM pass (converting muxes to ROMs).

3.15.5. Executing MEMORY_DFF pass (merging $dff cells to $memrd).

3.15.6. Executing OPT_CLEAN pass (remove unused cells and wires).
Finding unused cells or wires in module \stream_sum..

3.15.7. Executing MEMORY_SHARE pass (consolidating $memrd/$memwr cells).

3.15.8. Executing OPT_MEM_WIDEN pass (optimize memories where all ports are wide).
Performed a total of 0 transformations.

3.15.9. Executing OPT_CLEAN pass (remove unused cells and wires).
Finding unused cells or wires in module \stream_sum..

3.15.10. Executing MEMORY_COLLECT pass (generating $mem cells).

3.16. Executing OPT_CLEAN pass (remove unused cells and wires).
Finding unused cells or wires in module \stream_sum..

3.17. Executing OPT pass (performing simple optimizations).

3.17.1. Executing OPT_EXPR pass (perform const folding).
Optimizing module stream_sum.

3.17.2. Executing OPT_MERGE pass (detect identical cells).
Finding identical cells in module `\stream_sum'.
Computing hashes of 18 cells of `\stream_sum'.
Finding duplicate cells in `\stream_sum'.
Removed a total of 0 cells.

3.17.3. Executing OPT_DFF pass (perform DFF optimizations).

3.17.4. Executing OPT_CLEAN pass (remove unused cells and wires).
Finding unused cells or wires in module \stream_sum..

3.17.5. Finished fast OPT passes.

3.18. Executing MEMORY_MAP pass (converting memories to logic and flip-flops).

3.19. Executing OPT pass (performing simple optimizations).

3.19.1. Executing OPT_EXPR pass (perform const folding).
Optimizing module stream_sum.

3.19.2. Executing OPT_MERGE pass (detect identical cells).
Finding identical cells in module `\stream_sum'.
Computing hashes of 18 cells of `\stream_sum'.
Finding duplicate cells in `\stream_sum'.
Removed a total of 0 cells.

3.19.3. Executing OPT_MUXTREE pass (detect dead branches in mux trees).
Running muxtree optimizer on module \stream_sum..
  Creating internal representation of mux trees.
  No muxes found in this module.
Removed 0 multiplexer ports.

3.19.4. Executing OPT_REDUCE pass (consolidate $*mux and $reduce_* inputs).
  Optimizing cells in module \stream_sum.
Performed a total of 0 changes.

3.19.5. Executing OPT_MERGE pass (detect identical cells).
Finding identical cells in module `\stream_sum'.
Computing hashes of 18 cells of `\stream_sum'.
Finding duplicate cells in `\stream_sum'.
Removed a total of 0 cells.

3.19.6. Executing OPT_SHARE pass.

3.19.7. Executing OPT_DFF pass (perform DFF optimizations).

3.19.8. Executing OPT_CLEAN pass (remove unused cells and wires).
Finding unused cells or wires in module \stream_sum..

3.19.9. Executing OPT_EXPR pass (perform const folding).
Optimizing module stream_sum.

3.19.10. Finished fast OPT passes. (There is nothing left to do.)

3.20. Executing TECHMAP pass (map to technology primitives).

3.20.1. Executing Verilog-2005 frontend: /share/techmap.v
Parsing Verilog input from `/share/techmap.v' to AST representation.
Generating RTLIL representation for module `\_90_simplemap_bool_ops'.
Generating RTLIL representation for module `\_90_simplemap_reduce_ops'.
Generating RTLIL representation for module `\_90_simplemap_logic_ops'.
Generating RTLIL representation for module `\_90_simplemap_compare_ops'.
Generating RTLIL representation for module `\_90_simplemap_various'.
Generating RTLIL representation for module `\_90_simplemap_registers'.
Generating RTLIL representation for module `\_90_shift_ops_shr_shl_sshl_sshr'.
Generating RTLIL representation for module `\_90_shift_shiftx'.
Generating RTLIL representation for module `\_90_fa'.
Generating RTLIL representation for module `\_90_lcu_brent_kung'.
Generating RTLIL representation for module `\_90_alu'.
Generating RTLIL representation for module `\_90_macc'.
Generating RTLIL representation for module `\_90_alumacc'.
Generating RTLIL representation for module `$__div_mod_u'.
Generating RTLIL representation for module `$__div_mod_trunc'.
Generating RTLIL representation for module `\_90_div'.
Generating RTLIL representation for module `\_90_mod'.
Generating RTLIL representation for module `$__div_mod_floor'.
Generating RTLIL representation for module `\_90_divfloor'.
Generating RTLIL representation for module `\_90_modfloor'.
Generating RTLIL representation for module `\_90_pow'.
Generating RTLIL representation for module `\_90_demux'.
Generating RTLIL representation for module `\_90_lut'.
Generating RTLIL representation for module `$connect'.
Generating RTLIL representation for module `$input_port'.
Successfully finished Verilog frontend.

3.20.2. Continuing TECHMAP pass.
Using template $paramod$a633f85e511312aa0a71f8890aa0f15a2d811e78\_90_alu for cells of type $alu.
Using template $paramod$857150d3a9b7fb38b73bbaa31ff652415e553f98\_90_alu for cells of type $alu.
Using extmapper simplemap for cells of type $dffe.
Using extmapper simplemap for cells of type $reduce_and.
Using extmapper simplemap for cells of type $sdffe.
Using extmapper simplemap for cells of type $not.
Using extmapper simplemap for cells of type $logic_not.
Using extmapper simplemap for cells of type $logic_or.
Using extmapper simplemap for cells of type $logic_and.
Using extmapper simplemap for cells of type $xor.
Using template $paramod\_90_fa\WIDTH=32'00000000000000000000000000100010 for cells of type $fa.
Using template $paramod\_90_lcu_brent_kung\WIDTH=32'00000000000000000000000000100010 for cells of type $lcu.
Using extmapper simplemap for cells of type $pos.
Using extmapper simplemap for cells of type $mux.
Using template $paramod\_90_fa\WIDTH=32'00000000000000000000000000100001 for cells of type $fa.
Using template $paramod\_90_lcu_brent_kung\WIDTH=32'00000000000000000000000000100001 for cells of type $lcu.
Using extmapper simplemap for cells of type $or.
Using extmapper simplemap for cells of type $and.
No more expansions possible.
<suppressed ~859 debug messages>

3.21. Executing OPT pass (performing simple optimizations).

3.21.1. Executing OPT_EXPR pass (perform const folding).
Optimizing module stream_sum.
<suppressed ~433 debug messages>

3.21.2. Executing OPT_MERGE pass (detect identical cells).
Finding identical cells in module `\stream_sum'.
Computing hashes of 921 cells of `\stream_sum'.
Finding duplicate cells in `\stream_sum'.
Computing hashes of 920 cells of `\stream_sum'.
Finding duplicate cells in `\stream_sum'.
<suppressed ~3 debug messages>
Removed a total of 1 cells.

3.21.3. Executing OPT_DFF pass (perform DFF optimizations).

3.21.4. Executing OPT_CLEAN pass (remove unused cells and wires).
Finding unused cells or wires in module \stream_sum..
Removed 97 unused cells and 126 unused wires.
<suppressed ~98 debug messages>

3.21.5. Finished fast OPT passes.

3.22. Executing ABC pass (technology mapping using ABC).

3.22.1. Extracting gate netlist of module `\stream_sum' to `<abc-temp-dir>/input.blif'..

3.22.1.1. Executed ABC.
Extracted 721 gates and 920 wires to a netlist network with 199 inputs and 106 outputs.
Running ABC script: <abc-temp-dir>/abc.script

3.22.1.2. Re-integrating ABC results.
ABC RESULTS:               AND cells:       25
ABC RESULTS:            ANDNOT cells:        2
ABC RESULTS:              NAND cells:      296
ABC RESULTS:               NOT cells:        2
ABC RESULTS:                OR cells:       33
ABC RESULTS:             ORNOT cells:        1
ABC RESULTS:              XNOR cells:       32
ABC RESULTS:               XOR cells:      127
ABC RESULTS:        internal signals:      615
ABC RESULTS:           input signals:      199
ABC RESULTS:          output signals:      106
Removing temp directory.
Removing global temp directory.

3.23. Executing OPT pass (performing simple optimizations).

3.23.1. Executing OPT_EXPR pass (perform const folding).
Optimizing module stream_sum.

3.23.2. Executing OPT_MERGE pass (detect identical cells).
Finding identical cells in module `\stream_sum'.
Computing hashes of 620 cells of `\stream_sum'.
Finding duplicate cells in `\stream_sum'.
Removed a total of 0 cells.

3.23.3. Executing OPT_DFF pass (perform DFF optimizations).

3.23.4. Executing OPT_CLEAN pass (remove unused cells and wires).
Finding unused cells or wires in module \stream_sum..
Removed 0 unused cells and 641 unused wires.
<suppressed ~1 debug messages>

3.23.5. Finished fast OPT passes.

3.24. Executing HIERARCHY pass (managing design hierarchy).
Attribute `top' found on module `stream_sum'. Setting top module to stream_sum.

3.24.1. Analyzing design hierarchy..
Top module:  \stream_sum

3.24.2. Analyzing design hierarchy..
Top module:  \stream_sum
Removed 0 unused modules.

3.25. Printing statistics.

=== stream_sum ===

        +----------Local Count, excluding submodules.
        | 
      441 wires
      986 wire bits
       18 public wires
      272 public wire bits
       11 ports
      168 port bits
      620 cells
        2   $_ANDNOT_
       25   $_AND_
      100   $_DFFE_PP_
      296   $_NAND_
        2   $_NOT_
        1   $_ORNOT_
       33   $_OR_
        2   $_SDFFE_PP0P_
       32   $_XNOR_
      127   $_XOR_

3.26. Executing CHECK pass (checking for obvious problems).
Checking module stream_sum...
Found and reported 0 problems.

4. Executing CHECK pass (checking for obvious problems).
Checking module stream_sum...
Found and reported 0 problems.
{
   "creator": "Yosys 0.69 (git sha1 9f75ca1f9, Release, Clang /workspace/YoWASP/yosys/wasi-sdk-33.0-x86_64-linux/share/cmake/../..//bin/clang++ 22.1.0)",
   "invocation": "stat -json ",
   "modules": {
      "\\stream_sum": {
         "num_wires":         441,
         "num_wire_bits":     986,
         "num_pub_wires":     18,
         "num_pub_wire_bits": 272,
         "num_ports":         11,
         "num_port_bits":     168,
         "num_memories":      0,
         "num_memory_bits":   0,
         "num_processes":     0,
         "num_cells":         620,
         "num_submodules":       0,
         "num_cells_by_type": {
            "$_ANDNOT_": 2,
            "$_AND_": 25,
            "$_DFFE_PP_": 100,
            "$_NAND_": 296,
            "$_NOT_": 2,
            "$_ORNOT_": 1,
            "$_OR_": 33,
            "$_SDFFE_PP0P_": 2,
            "$_XNOR_": 32,
            "$_XOR_": 127
         }
      }
   },
      "design": {
         "num_wires":         441,
         "num_wire_bits":     986,
         "num_pub_wires":     18,
         "num_pub_wire_bits": 272,
         "num_ports":         11,
         "num_port_bits":     168,
         "num_memories":      0,
         "num_memory_bits":   0,
         "num_processes":     0,
         "num_cells":         620,
         "num_submodules":       0,
         "num_cells_by_type": {
            "$_ANDNOT_": 2,
            "$_AND_": 25,
            "$_DFFE_PP_": 100,
            "$_NAND_": 296,
            "$_NOT_": 2,
            "$_ORNOT_": 1,
            "$_OR_": 33,
            "$_SDFFE_PP0P_": 2,
            "$_XNOR_": 32,
            "$_XOR_": 127
         }
      }
}

5. Executing LTP pass (find longest path).

Longest topological path in stream_sum (length=64):
    0: \split.cd [1]
    1: $abc$1892$new_n704 (via $abc$1892$auto$blifparse.cc:397:parse_blif$2291)
    2: $abc$1892$new_n705 (via $abc$1892$auto$blifparse.cc:397:parse_blif$2292)
    3: $abc$1892$new_n706 (via $abc$1892$auto$blifparse.cc:397:parse_blif$2293)
    4: $abc$1892$new_n708 (via $abc$1892$auto$blifparse.cc:397:parse_blif$2295)
    5: $abc$1892$new_n709 (via $abc$1892$auto$blifparse.cc:397:parse_blif$2296)
    6: $abc$1892$new_n711 (via $abc$1892$auto$blifparse.cc:397:parse_blif$2298)
    7: $abc$1892$new_n712 (via $abc$1892$auto$blifparse.cc:397:parse_blif$2299)
    8: $abc$1892$new_n714 (via $abc$1892$auto$blifparse.cc:397:parse_blif$2301)
    9: $abc$1892$new_n715 (via $abc$1892$auto$blifparse.cc:397:parse_blif$2302)
   10: $abc$1892$new_n717 (via $abc$1892$auto$blifparse.cc:397:parse_blif$2304)
   11: $abc$1892$new_n718 (via $abc$1892$auto$blifparse.cc:397:parse_blif$2305)
   12: $abc$1892$new_n719 (via $abc$1892$auto$blifparse.cc:397:parse_blif$2306)
   13: $abc$1892$new_n720 (via $abc$1892$auto$blifparse.cc:397:parse_blif$2307)
   14: $abc$1892$new_n721 (via $abc$1892$auto$blifparse.cc:397:parse_blif$2308)
   15: $abc$1892$new_n722 (via $abc$1892$auto$blifparse.cc:397:parse_blif$2309)
   16: $abc$1892$new_n723 (via $abc$1892$auto$blifparse.cc:397:parse_blif$2310)
   17: $abc$1892$new_n724 (via $abc$1892$auto$blifparse.cc:397:parse_blif$2311)
   18: $abc$1892$new_n726 (via $abc$1892$auto$blifparse.cc:397:parse_blif$2313)
   19: $abc$1892$new_n727 (via $abc$1892$auto$blifparse.cc:397:parse_blif$2314)
   20: $abc$1892$new_n728 (via $abc$1892$auto$blifparse.cc:397:parse_blif$2315)
   21: $abc$1892$new_n729 (via $abc$1892$auto$blifparse.cc:397:parse_blif$2316)
   22: $abc$1892$new_n730 (via $abc$1892$auto$blifparse.cc:397:parse_blif$2317)
   23: $abc$1892$new_n731 (via $abc$1892$auto$blifparse.cc:397:parse_blif$2318)
   24: $abc$1892$new_n732 (via $abc$1892$auto$blifparse.cc:397:parse_blif$2319)
   25: $abc$1892$new_n733 (via $abc$1892$auto$blifparse.cc:397:parse_blif$2320)
   26: $abc$1892$new_n734 (via $abc$1892$auto$blifparse.cc:397:parse_blif$2321)
   27: $abc$1892$new_n735 (via $abc$1892$auto$blifparse.cc:397:parse_blif$2322)
   28: $abc$1892$new_n736 (via $abc$1892$auto$blifparse.cc:397:parse_blif$2323)
   29: $abc$1892$new_n737 (via $abc$1892$auto$blifparse.cc:397:parse_blif$2324)
   30: $abc$1892$new_n738 (via $abc$1892$auto$blifparse.cc:397:parse_blif$2325)
   31: $abc$1892$new_n739 (via $abc$1892$auto$blifparse.cc:397:parse_blif$2326)
   32: $abc$1892$new_n740 (via $abc$1892$auto$blifparse.cc:397:parse_blif$2327)
   33: $abc$1892$new_n741 (via $abc$1892$auto$blifparse.cc:397:parse_blif$2328)
   34: $abc$1892$new_n742 (via $abc$1892$auto$blifparse.cc:397:parse_blif$2329)
   35: $abc$1892$new_n743 (via $abc$1892$auto$blifparse.cc:397:parse_blif$2330)
   36: $abc$1892$new_n744 (via $abc$1892$auto$blifparse.cc:397:parse_blif$2331)
   37: $abc$1892$new_n745 (via $abc$1892$auto$blifparse.cc:397:parse_blif$2332)
   38: $abc$1892$new_n746 (via $abc$1892$auto$blifparse.cc:397:parse_blif$2333)
   39: $abc$1892$new_n747 (via $abc$1892$auto$blifparse.cc:397:parse_blif$2334)
   40: $abc$1892$new_n748 (via $abc$1892$auto$blifparse.cc:397:parse_blif$2335)
   41: $abc$1892$new_n749 (via $abc$1892$auto$blifparse.cc:397:parse_blif$2336)
   42: $abc$1892$new_n750 (via $abc$1892$auto$blifparse.cc:397:parse_blif$2337)
   43: $abc$1892$new_n751 (via $abc$1892$auto$blifparse.cc:397:parse_blif$2338)
   44: $abc$1892$new_n752 (via $abc$1892$auto$blifparse.cc:397:parse_blif$2339)
   45: $abc$1892$new_n753 (via $abc$1892$auto$blifparse.cc:397:parse_blif$2340)
   46: $abc$1892$new_n754 (via $abc$1892$auto$blifparse.cc:397:parse_blif$2341)
   47: $abc$1892$new_n755 (via $abc$1892$auto$blifparse.cc:397:parse_blif$2342)
   48: $abc$1892$new_n756 (via $abc$1892$auto$blifparse.cc:397:parse_blif$2343)
   49: $abc$1892$new_n757 (via $abc$1892$auto$blifparse.cc:397:parse_blif$2344)
   50: $abc$1892$new_n758 (via $abc$1892$auto$blifparse.cc:397:parse_blif$2345)
   51: $abc$1892$new_n759 (via $abc$1892$auto$blifparse.cc:397:parse_blif$2346)
   52: $abc$1892$new_n760 (via $abc$1892$auto$blifparse.cc:397:parse_blif$2347)
   53: $abc$1892$new_n761 (via $abc$1892$auto$blifparse.cc:397:parse_blif$2348)
   54: $abc$1892$new_n762 (via $abc$1892$auto$blifparse.cc:397:parse_blif$2349)
   55: $abc$1892$new_n763 (via $abc$1892$auto$blifparse.cc:397:parse_blif$2350)
   56: $abc$1892$new_n764 (via $abc$1892$auto$blifparse.cc:397:parse_blif$2351)
   57: $abc$1892$new_n765 (via $abc$1892$auto$blifparse.cc:397:parse_blif$2352)
   58: $abc$1892$new_n766 (via $abc$1892$auto$blifparse.cc:397:parse_blif$2353)
   59: $abc$1892$new_n767 (via $abc$1892$auto$blifparse.cc:397:parse_blif$2354)
   60: $abc$1892$new_n768 (via $abc$1892$auto$blifparse.cc:397:parse_blif$2355)
   61: $abc$1892$new_n769 (via $abc$1892$auto$blifparse.cc:397:parse_blif$2356)
   62: $abc$1892$new_n771 (via $abc$1892$auto$blifparse.cc:397:parse_blif$2358)
   63: $abc$1892$new_n772 (via $abc$1892$auto$blifparse.cc:397:parse_blif$2359)
   64: $auto$alumacc.cc:548:replace_alu$84.CO [32] (via $abc$1892$auto$blifparse.cc:397:parse_blif$2360)
   ff: \split.value [33] (via $auto$ff.cc:337:slice$274)

6. Executing Verilog backend.

6.1. Executing BMUXMAP pass.

6.2. Executing DEMUXMAP pass.
Dumping module `\stream_sum'.

End of script. Logfile hash: e6d75efd6f, time: 0.28s, user: 0.28s, system: 0.00s
Yosys 0.69 (git sha1 9f75ca1f9, Release, Clang /workspace/YoWASP/yosys/wasi-sdk-33.0-x86_64-linux/share/cmake/../..//bin/clang++ 22.1.0)
Time spent: 45% 1x abc (0 sec), 14% 1x techmap (0 sec), ...

=== ice40 WIDTH=32 PIPE=2 ===

 /----------------------------------------------------------------------------\
 |  yosys -- Yosys Open SYnthesis Suite                                       |
 |  Copyright (C) 2012 - 2026  Claire Xenia Wolf <claire@yosyshq.com>         |
 |  Distributed under an ISC-like license, type "license" to see terms        |
 \----------------------------------------------------------------------------/
 Yosys 0.69 (git sha1 9f75ca1f9, Release, Clang /workspace/YoWASP/yosys/wasi-sdk-33.0-x86_64-linux/share/cmake/../..//bin/clang++ 22.1.0)

-- Running command `read_verilog -sv rtl/stream_sum.sv; chparam -set WIDTH 32 -set PIPE 2 stream_sum; synth_ice40 -top stream_sum; check -assert; tee -o results/ice40_32_2.json stat -json' --

1. Executing Verilog-2005 frontend: rtl/stream_sum.sv
Parsing SystemVerilog input from `rtl/stream_sum.sv' to AST representation.
Generating RTLIL representation for module `\stream_sum'.
Successfully finished Verilog frontend.
Parameter \WIDTH = 32
Parameter \PIPE = 2

2. Executing AST frontend in derive mode using pre-parsed AST for module `\stream_sum'.
Parameter \WIDTH = 32
Parameter \PIPE = 2
Generating RTLIL representation for module `$paramod$f8716c364387335f7888aafe0f452608877a67b6\stream_sum'.

3. Executing SYNTH_ICE40 pass.

3.1. Executing Verilog-2005 frontend: /share/ice40/cells_sim.v
Parsing Verilog input from `/share/ice40/cells_sim.v' to AST representation.
Generating RTLIL representation for module `\SB_IO'.
Generating RTLIL representation for module `\SB_GB_IO'.
Generating RTLIL representation for module `\SB_GB'.
Generating RTLIL representation for module `\SB_LUT4'.
Generating RTLIL representation for module `\SB_CARRY'.
Generating RTLIL representation for module `\SB_DFF'.
Generating RTLIL representation for module `\SB_DFFE'.
Generating RTLIL representation for module `\SB_DFFSR'.
Generating RTLIL representation for module `\SB_DFFR'.
Generating RTLIL representation for module `\SB_DFFSS'.
Generating RTLIL representation for module `\SB_DFFS'.
Generating RTLIL representation for module `\SB_DFFESR'.
Generating RTLIL representation for module `\SB_DFFER'.
Generating RTLIL representation for module `\SB_DFFESS'.
Generating RTLIL representation for module `\SB_DFFES'.
Generating RTLIL representation for module `\SB_DFFN'.
Generating RTLIL representation for module `\SB_DFFNE'.
Generating RTLIL representation for module `\SB_DFFNSR'.
Generating RTLIL representation for module `\SB_DFFNR'.
Generating RTLIL representation for module `\SB_DFFNSS'.
Generating RTLIL representation for module `\SB_DFFNS'.
Generating RTLIL representation for module `\SB_DFFNESR'.
Generating RTLIL representation for module `\SB_DFFNER'.
Generating RTLIL representation for module `\SB_DFFNESS'.
Generating RTLIL representation for module `\SB_DFFNES'.
Generating RTLIL representation for module `\SB_RAM40_4K'.
Generating RTLIL representation for module `\SB_RAM40_4KNR'.
Generating RTLIL representation for module `\SB_RAM40_4KNW'.
Generating RTLIL representation for module `\SB_RAM40_4KNRNW'.
Generating RTLIL representation for module `\ICESTORM_LC'.
Generating RTLIL representation for module `\SB_PLL40_CORE'.
Generating RTLIL representation for module `\SB_PLL40_PAD'.
Generating RTLIL representation for module `\SB_PLL40_2_PAD'.
Generating RTLIL representation for module `\SB_PLL40_2F_CORE'.
Generating RTLIL representation for module `\SB_PLL40_2F_PAD'.
Generating RTLIL representation for module `\SB_WARMBOOT'.
Generating RTLIL representation for module `\SB_SPRAM256KA'.
Generating RTLIL representation for module `\SB_HFOSC'.
Generating RTLIL representation for module `\SB_LFOSC'.
Generating RTLIL representation for module `\SB_RGBA_DRV'.
Generating RTLIL representation for module `\SB_LED_DRV_CUR'.
Generating RTLIL representation for module `\SB_RGB_DRV'.
Generating RTLIL representation for module `\SB_I2C'.
Generating RTLIL representation for module `\SB_SPI'.
Generating RTLIL representation for module `\SB_LEDDA_IP'.
Generating RTLIL representation for module `\SB_FILTER_50NS'.
Generating RTLIL representation for module `\SB_IO_I3C'.
Generating RTLIL representation for module `\SB_IO_OD'.
Generating RTLIL representation for module `\SB_MAC16'.
Generating RTLIL representation for module `\ICESTORM_RAM'.
Successfully finished Verilog frontend.

3.2. Executing HIERARCHY pass (managing design hierarchy).

3.2.1. Analyzing design hierarchy..
Top module:  \stream_sum

3.2.2. Analyzing design hierarchy..
Top module:  \stream_sum
Removed 0 unused modules.

3.3. Executing PROC pass (convert processes to netlists).

3.3.1. Executing PROC_CLEAN pass (remove empty switches from decision trees).
Cleaned up 0 empty switches.

3.3.2. Executing PROC_RMDEAD pass (remove dead branches from decision trees).
Marked 1 switch rules as full_case in process $proc$rtl/stream_sum.sv:37$19 in module stream_sum.
Removed a total of 0 dead cases.

3.3.3. Executing PROC_PRUNE pass (remove redundant assignments in processes).
Removed 0 redundant assignments.
Promoted 0 assignments to connections.

3.3.4. Executing PROC_INIT pass (extract init attributes).

3.3.5. Executing PROC_ARST pass (detect async resets in processes).

3.3.6. Executing PROC_ROM pass (convert switches to ROMs).
Converted 0 switches.
<suppressed ~5 debug messages>

3.3.7. Executing PROC_MUX pass (convert decision trees to multiplexers).
Creating decoders for process `\stream_sum.$proc$rtl/stream_sum.sv:37$19'.
     1/5: $0\split.value[33:0]
     2/5: $0\split.cd[32:0]
     3/5: $0\split.ab[32:0]
     4/5: $0\split.v1[0:0]
     5/5: $0\split.v0[0:0]

3.3.8. Executing PROC_DLATCH pass (convert process syncs to latches).

3.3.9. Executing PROC_DFF pass (convert process syncs to FFs).
Creating register for signal `\stream_sum.\split.v0' using process `\stream_sum.$proc$rtl/stream_sum.sv:37$19'.
  created $dff cell `$procdff$434' with positive edge clock.
Creating register for signal `\stream_sum.\split.v1' using process `\stream_sum.$proc$rtl/stream_sum.sv:37$19'.
  created $dff cell `$procdff$435' with positive edge clock.
Creating register for signal `\stream_sum.\split.ab' using process `\stream_sum.$proc$rtl/stream_sum.sv:37$19'.
  created $dff cell `$procdff$436' with positive edge clock.
Creating register for signal `\stream_sum.\split.cd' using process `\stream_sum.$proc$rtl/stream_sum.sv:37$19'.
  created $dff cell `$procdff$437' with positive edge clock.
Creating register for signal `\stream_sum.\split.value' using process `\stream_sum.$proc$rtl/stream_sum.sv:37$19'.
  created $dff cell `$procdff$438' with positive edge clock.

3.3.10. Executing PROC_MEMWR pass (convert process memory writes to cells).

3.3.11. Executing PROC_CLEAN pass (remove empty switches from decision trees).
Found and cleaned up 5 empty switches in `\stream_sum.$proc$rtl/stream_sum.sv:37$19'.
Removing empty process `stream_sum.$proc$rtl/stream_sum.sv:37$19'.
Cleaned up 5 empty switches.

3.3.12. Executing OPT_EXPR pass (perform const folding).
Optimizing module stream_sum.

3.4. Executing CHECK pass (checking for obvious problems).
Checking module stream_sum...
Found and reported 0 problems.

3.5. Executing FLATTEN pass (flatten design).

3.6. Executing TRIBUF pass.

3.7. Executing DEMINOUT pass (demote inout ports to input or output).

3.8. Executing OPT_EXPR pass (perform const folding).
Optimizing module stream_sum.

3.9. Executing OPT_CLEAN pass (remove unused cells and wires).
Finding unused cells or wires in module \stream_sum..
Removed 0 unused cells and 22 unused wires.
<suppressed ~1 debug messages>

3.10. Executing CHECK pass (checking for obvious problems).
Checking module stream_sum...
Found and reported 0 problems.

3.11. Executing OPT pass (performing simple optimizations).

3.11.1. Executing OPT_EXPR pass (perform const folding).
Optimizing module stream_sum.

3.11.2. Executing OPT_MERGE pass (detect identical cells).
Finding identical cells in module `\stream_sum'.
Computing hashes of 29 cells of `\stream_sum'.
Finding duplicate cells in `\stream_sum'.
Computing hashes of 28 cells of `\stream_sum'.
Finding duplicate cells in `\stream_sum'.
<suppressed ~3 debug messages>
Removed a total of 1 cells.

3.11.3. Executing OPT_MUXTREE pass (detect dead branches in mux trees).
Running muxtree optimizer on module \stream_sum..
  Creating internal representation of mux trees.
  Evaluating internal representation of mux trees.
  Analyzing evaluation results.
Removed 0 multiplexer ports.
<suppressed ~18 debug messages>

3.11.4. Executing OPT_REDUCE pass (consolidate $*mux and $reduce_* inputs).
  Optimizing cells in module \stream_sum.
Performed a total of 0 changes.

3.11.5. Executing OPT_MERGE pass (detect identical cells).
Finding identical cells in module `\stream_sum'.
Computing hashes of 28 cells of `\stream_sum'.
Finding duplicate cells in `\stream_sum'.
Removed a total of 0 cells.

3.11.6. Executing OPT_DFF pass (perform DFF optimizations).

3.11.7. Executing OPT_CLEAN pass (remove unused cells and wires).
Finding unused cells or wires in module \stream_sum..
Removed 0 unused cells and 1 unused wires.
<suppressed ~1 debug messages>

3.11.8. Executing OPT_EXPR pass (perform const folding).
Optimizing module stream_sum.

3.11.9. Rerunning OPT passes. (Maybe there is more to do..)

3.11.10. Executing OPT_MUXTREE pass (detect dead branches in mux trees).
Running muxtree optimizer on module \stream_sum..
  Creating internal representation of mux trees.
  Evaluating internal representation of mux trees.
  Analyzing evaluation results.
Removed 0 multiplexer ports.
<suppressed ~18 debug messages>

3.11.11. Executing OPT_REDUCE pass (consolidate $*mux and $reduce_* inputs).
  Optimizing cells in module \stream_sum.
Performed a total of 0 changes.

3.11.12. Executing OPT_MERGE pass (detect identical cells).
Finding identical cells in module `\stream_sum'.
Computing hashes of 28 cells of `\stream_sum'.
Finding duplicate cells in `\stream_sum'.
Removed a total of 0 cells.

3.11.13. Executing OPT_DFF pass (perform DFF optimizations).

3.11.14. Executing OPT_CLEAN pass (remove unused cells and wires).
Finding unused cells or wires in module \stream_sum..

3.11.15. Executing OPT_EXPR pass (perform const folding).
Optimizing module stream_sum.

3.11.16. Finished fast OPT passes. (There is nothing left to do.)

3.12. Executing FSM pass (extract and optimize FSM).

3.12.1. Executing FSM_DETECT pass (finding FSMs in design).

3.12.2. Executing FSM_EXTRACT pass (extracting FSM from design).

3.12.3. Executing FSM_OPT pass (simple optimizations of FSMs).

3.12.4. Executing OPT_CLEAN pass (remove unused cells and wires).
Finding unused cells or wires in module \stream_sum..

3.12.5. Executing FSM_OPT pass (simple optimizations of FSMs).

3.12.6. Executing FSM_RECODE pass (re-assigning FSM state encoding).

3.12.7. Executing FSM_INFO pass (dumping all available information on FSM cells).

3.12.8. Executing FSM_MAP pass (mapping FSMs to basic logic).

3.13. Executing OPT pass (performing simple optimizations).

3.13.1. Executing OPT_EXPR pass (perform const folding).
Optimizing module stream_sum.

3.13.2. Executing OPT_MERGE pass (detect identical cells).
Finding identical cells in module `\stream_sum'.
Computing hashes of 28 cells of `\stream_sum'.
Finding duplicate cells in `\stream_sum'.
Removed a total of 0 cells.

3.13.3. Executing OPT_MUXTREE pass (detect dead branches in mux trees).
Running muxtree optimizer on module \stream_sum..
  Creating internal representation of mux trees.
  Evaluating internal representation of mux trees.
  Analyzing evaluation results.
Removed 0 multiplexer ports.
<suppressed ~18 debug messages>

3.13.4. Executing OPT_REDUCE pass (consolidate $*mux and $reduce_* inputs).
  Optimizing cells in module \stream_sum.
Performed a total of 0 changes.

3.13.5. Executing OPT_MERGE pass (detect identical cells).
Finding identical cells in module `\stream_sum'.
Computing hashes of 28 cells of `\stream_sum'.
Finding duplicate cells in `\stream_sum'.
Removed a total of 0 cells.

3.13.6. Executing OPT_DFF pass (perform DFF optimizations).
Adding EN signal on $procdff$438 ($dff) from module stream_sum (D = $add$rtl/stream_sum.sv:49$22_Y, Q = \split.value).
Adding SRST signal on $procdff$434 ($dff) from module stream_sum (D = $procmux$429_Y, Q = \split.v0, rval = 1'0).
Adding EN signal on $auto$ff.cc:337:slice$444 ($sdff) from module stream_sum (D = \s_valid, Q = \split.v0).
Adding SRST signal on $procdff$435 ($dff) from module stream_sum (D = $procmux$424_Y, Q = \split.v1, rval = 1'0).
Adding EN signal on $auto$ff.cc:337:slice$446 ($sdff) from module stream_sum (D = \split.v0, Q = \split.v1).
Adding EN signal on $procdff$436 ($dff) from module stream_sum (D = $add$rtl/stream_sum.sv:43$20_Y, Q = \split.ab).
Adding EN signal on $procdff$437 ($dff) from module stream_sum (D = $add$rtl/stream_sum.sv:44$21_Y, Q = \split.cd).

3.13.7. Executing OPT_CLEAN pass (remove unused cells and wires).
Finding unused cells or wires in module \stream_sum..
Removed 13 unused cells and 13 unused wires.
<suppressed ~14 debug messages>

3.13.8. Executing OPT_EXPR pass (perform const folding).
Optimizing module stream_sum.

3.13.9. Rerunning OPT passes. (Maybe there is more to do..)

3.13.10. Executing OPT_MUXTREE pass (detect dead branches in mux trees).
Running muxtree optimizer on module \stream_sum..
  Creating internal representation of mux trees.
  No muxes found in this module.
Removed 0 multiplexer ports.

3.13.11. Executing OPT_REDUCE pass (consolidate $*mux and $reduce_* inputs).
  Optimizing cells in module \stream_sum.
Performed a total of 0 changes.

3.13.12. Executing OPT_MERGE pass (detect identical cells).
Finding identical cells in module `\stream_sum'.
Computing hashes of 21 cells of `\stream_sum'.
Finding duplicate cells in `\stream_sum'.
Computing hashes of 19 cells of `\stream_sum'.
Finding duplicate cells in `\stream_sum'.
Computing hashes of 18 cells of `\stream_sum'.
Finding duplicate cells in `\stream_sum'.
<suppressed ~9 debug messages>
Removed a total of 3 cells.

3.13.13. Executing OPT_DFF pass (perform DFF optimizations).

3.13.14. Executing OPT_CLEAN pass (remove unused cells and wires).
Finding unused cells or wires in module \stream_sum..
Removed 0 unused cells and 3 unused wires.
<suppressed ~1 debug messages>

3.13.15. Executing OPT_EXPR pass (perform const folding).
Optimizing module stream_sum.

3.13.16. Rerunning OPT passes. (Maybe there is more to do..)

3.13.17. Executing OPT_MUXTREE pass (detect dead branches in mux trees).
Running muxtree optimizer on module \stream_sum..
  Creating internal representation of mux trees.
  No muxes found in this module.
Removed 0 multiplexer ports.

3.13.18. Executing OPT_REDUCE pass (consolidate $*mux and $reduce_* inputs).
  Optimizing cells in module \stream_sum.
Performed a total of 0 changes.

3.13.19. Executing OPT_MERGE pass (detect identical cells).
Finding identical cells in module `\stream_sum'.
Computing hashes of 18 cells of `\stream_sum'.
Finding duplicate cells in `\stream_sum'.
Removed a total of 0 cells.

3.13.20. Executing OPT_DFF pass (perform DFF optimizations).

3.13.21. Executing OPT_CLEAN pass (remove unused cells and wires).
Finding unused cells or wires in module \stream_sum..

3.13.22. Executing OPT_EXPR pass (perform const folding).
Optimizing module stream_sum.

3.13.23. Finished fast OPT passes. (There is nothing left to do.)

3.14. Executing WREDUCE pass (reducing word size of cells).
Removed top 1 bits (of 33) from port A of cell stream_sum.$add$rtl/stream_sum.sv:43$20 ($add).
Removed top 1 bits (of 33) from port B of cell stream_sum.$add$rtl/stream_sum.sv:43$20 ($add).
Removed top 1 bits (of 33) from port A of cell stream_sum.$add$rtl/stream_sum.sv:44$21 ($add).
Removed top 1 bits (of 33) from port B of cell stream_sum.$add$rtl/stream_sum.sv:44$21 ($add).
Removed top 1 bits (of 34) from port A of cell stream_sum.$add$rtl/stream_sum.sv:49$22 ($add).
Removed top 1 bits (of 34) from port B of cell stream_sum.$add$rtl/stream_sum.sv:49$22 ($add).

3.15. Executing PEEPOPT pass (run peephole optimizers).

3.16. Executing OPT_CLEAN pass (remove unused cells and wires).
Finding unused cells or wires in module \stream_sum..

3.17. Executing SHARE pass (SAT-based resource sharing).

3.18. Executing TECHMAP pass (map to technology primitives).

3.18.1. Executing Verilog-2005 frontend: /share/cmp2lut.v
Parsing Verilog input from `/share/cmp2lut.v' to AST representation.
Generating RTLIL representation for module `\_90_lut_cmp_'.
Successfully finished Verilog frontend.

3.18.2. Continuing TECHMAP pass.
No more expansions possible.
<suppressed ~6 debug messages>

3.19. Executing OPT_EXPR pass (perform const folding).
Optimizing module stream_sum.

3.20. Executing OPT_CLEAN pass (remove unused cells and wires).
Finding unused cells or wires in module \stream_sum..

3.21. Executing ALUMACC pass (create $alu and $macc cells).
Extracting $alu and $macc cells in module stream_sum:
  creating $macc model for $add$rtl/stream_sum.sv:43$20 ($add).
  creating $macc model for $add$rtl/stream_sum.sv:44$21 ($add).
  creating $macc model for $add$rtl/stream_sum.sv:49$22 ($add).
  creating $alu model for $macc $add$rtl/stream_sum.sv:49$22.
  creating $alu model for $macc $add$rtl/stream_sum.sv:44$21.
  creating $alu model for $macc $add$rtl/stream_sum.sv:43$20.
  creating $alu cell for $add$rtl/stream_sum.sv:43$20: $auto$alumacc.cc:548:replace_alu$459
  creating $alu cell for $add$rtl/stream_sum.sv:44$21: $auto$alumacc.cc:548:replace_alu$462
  creating $alu cell for $add$rtl/stream_sum.sv:49$22: $auto$alumacc.cc:548:replace_alu$465
  created 3 $alu and 0 $macc cells.

3.22. Executing OPT pass (performing simple optimizations).

3.22.1. Executing OPT_EXPR pass (perform const folding).
Optimizing module stream_sum.

3.22.2. Executing OPT_MERGE pass (detect identical cells).
Finding identical cells in module `\stream_sum'.
Computing hashes of 18 cells of `\stream_sum'.
Finding duplicate cells in `\stream_sum'.
Removed a total of 0 cells.

3.22.3. Executing OPT_MUXTREE pass (detect dead branches in mux trees).
Running muxtree optimizer on module \stream_sum..
  Creating internal representation of mux trees.
  No muxes found in this module.
Removed 0 multiplexer ports.

3.22.4. Executing OPT_REDUCE pass (consolidate $*mux and $reduce_* inputs).
  Optimizing cells in module \stream_sum.
Performed a total of 0 changes.

3.22.5. Executing OPT_MERGE pass (detect identical cells).
Finding identical cells in module `\stream_sum'.
Computing hashes of 18 cells of `\stream_sum'.
Finding duplicate cells in `\stream_sum'.
Removed a total of 0 cells.

3.22.6. Executing OPT_DFF pass (perform DFF optimizations).

3.22.7. Executing OPT_CLEAN pass (remove unused cells and wires).
Finding unused cells or wires in module \stream_sum..

3.22.8. Executing OPT_EXPR pass (perform const folding).
Optimizing module stream_sum.

3.22.9. Finished fast OPT passes. (There is nothing left to do.)

3.23. Executing MEMORY pass.

3.23.1. Executing OPT_MEM pass (optimize memories).
Performed a total of 0 transformations.

3.23.2. Executing OPT_MEM_PRIORITY pass (removing unnecessary memory write priority relations).
Performed a total of 0 transformations.

3.23.3. Executing OPT_MEM_FEEDBACK pass (finding memory read-to-write feedback paths).

3.23.4. Executing MEMORY_BMUX2ROM pass (converting muxes to ROMs).

3.23.5. Executing MEMORY_DFF pass (merging $dff cells to $memrd).

3.23.6. Executing OPT_CLEAN pass (remove unused cells and wires).
Finding unused cells or wires in module \stream_sum..

3.23.7. Executing MEMORY_SHARE pass (consolidating $memrd/$memwr cells).

3.23.8. Executing OPT_MEM_WIDEN pass (optimize memories where all ports are wide).
Performed a total of 0 transformations.

3.23.9. Executing OPT_CLEAN pass (remove unused cells and wires).
Finding unused cells or wires in module \stream_sum..

3.23.10. Executing MEMORY_COLLECT pass (generating $mem cells).

3.24. Executing OPT_CLEAN pass (remove unused cells and wires).
Finding unused cells or wires in module \stream_sum..

3.25. Executing MEMORY_LIBMAP pass (mapping memories to cells).

3.26. Executing TECHMAP pass (map to technology primitives).

3.26.1. Executing Verilog-2005 frontend: /share/ice40/brams_map.v
Parsing Verilog input from `/share/ice40/brams_map.v' to AST representation.
Generating RTLIL representation for module `$__ICE40_RAM4K_'.
Successfully finished Verilog frontend.

3.26.2. Executing Verilog-2005 frontend: /share/ice40/spram_map.v
Parsing Verilog input from `/share/ice40/spram_map.v' to AST representation.
Generating RTLIL representation for module `$__ICE40_SPRAM_'.
Successfully finished Verilog frontend.

3.26.3. Continuing TECHMAP pass.
No more expansions possible.
<suppressed ~4 debug messages>

3.27. Executing ICE40_BRAMINIT pass.

3.28. Executing OPT pass (performing simple optimizations).

3.28.1. Executing OPT_EXPR pass (perform const folding).
Optimizing module stream_sum.

3.28.2. Executing OPT_MERGE pass (detect identical cells).
Finding identical cells in module `\stream_sum'.
Computing hashes of 18 cells of `\stream_sum'.
Finding duplicate cells in `\stream_sum'.
Removed a total of 0 cells.

3.28.3. Executing OPT_DFF pass (perform DFF optimizations).

3.28.4. Executing OPT_CLEAN pass (remove unused cells and wires).
Finding unused cells or wires in module \stream_sum..

3.28.5. Finished fast OPT passes.

3.29. Executing MEMORY_MAP pass (converting memories to logic and flip-flops).

3.30. Executing OPT pass (performing simple optimizations).

3.30.1. Executing OPT_EXPR pass (perform const folding).
Optimizing module stream_sum.

3.30.2. Executing OPT_MERGE pass (detect identical cells).
Finding identical cells in module `\stream_sum'.
Computing hashes of 18 cells of `\stream_sum'.
Finding duplicate cells in `\stream_sum'.
Removed a total of 0 cells.

3.30.3. Executing OPT_MUXTREE pass (detect dead branches in mux trees).
Running muxtree optimizer on module \stream_sum..
  Creating internal representation of mux trees.
  No muxes found in this module.
Removed 0 multiplexer ports.

3.30.4. Executing OPT_REDUCE pass (consolidate $*mux and $reduce_* inputs).
  Optimizing cells in module \stream_sum.
Performed a total of 0 changes.

3.30.5. Executing OPT_MERGE pass (detect identical cells).
Finding identical cells in module `\stream_sum'.
Computing hashes of 18 cells of `\stream_sum'.
Finding duplicate cells in `\stream_sum'.
Removed a total of 0 cells.

3.30.6. Executing OPT_DFF pass (perform DFF optimizations).

3.30.7. Executing OPT_CLEAN pass (remove unused cells and wires).
Finding unused cells or wires in module \stream_sum..

3.30.8. Executing OPT_EXPR pass (perform const folding).
Optimizing module stream_sum.

3.30.9. Finished fast OPT passes. (There is nothing left to do.)

3.31. Executing ICE40_WRAPCARRY pass (wrap carries).

3.32. Executing TECHMAP pass (map to technology primitives).

3.32.1. Executing Verilog-2005 frontend: /share/techmap.v
Parsing Verilog input from `/share/techmap.v' to AST representation.
Generating RTLIL representation for module `\_90_simplemap_bool_ops'.
Generating RTLIL representation for module `\_90_simplemap_reduce_ops'.
Generating RTLIL representation for module `\_90_simplemap_logic_ops'.
Generating RTLIL representation for module `\_90_simplemap_compare_ops'.
Generating RTLIL representation for module `\_90_simplemap_various'.
Generating RTLIL representation for module `\_90_simplemap_registers'.
Generating RTLIL representation for module `\_90_shift_ops_shr_shl_sshl_sshr'.
Generating RTLIL representation for module `\_90_shift_shiftx'.
Generating RTLIL representation for module `\_90_fa'.
Generating RTLIL representation for module `\_90_lcu_brent_kung'.
Generating RTLIL representation for module `\_90_alu'.
Generating RTLIL representation for module `\_90_macc'.
Generating RTLIL representation for module `\_90_alumacc'.
Generating RTLIL representation for module `$__div_mod_u'.
Generating RTLIL representation for module `$__div_mod_trunc'.
Generating RTLIL representation for module `\_90_div'.
Generating RTLIL representation for module `\_90_mod'.
Generating RTLIL representation for module `$__div_mod_floor'.
Generating RTLIL representation for module `\_90_divfloor'.
Generating RTLIL representation for module `\_90_modfloor'.
Generating RTLIL representation for module `\_90_pow'.
Generating RTLIL representation for module `\_90_demux'.
Generating RTLIL representation for module `\_90_lut'.
Generating RTLIL representation for module `$connect'.
Generating RTLIL representation for module `$input_port'.
Successfully finished Verilog frontend.

3.32.2. Executing Verilog-2005 frontend: /share/ice40/arith_map.v
Parsing Verilog input from `/share/ice40/arith_map.v' to AST representation.
Generating RTLIL representation for module `\_80_ice40_alu'.
Successfully finished Verilog frontend.

3.32.3. Continuing TECHMAP pass.
Using template $paramod$a633f85e511312aa0a71f8890aa0f15a2d811e78\_80_ice40_alu for cells of type $alu.
Using template $paramod$857150d3a9b7fb38b73bbaa31ff652415e553f98\_80_ice40_alu for cells of type $alu.
Using extmapper simplemap for cells of type $dffe.
Using extmapper simplemap for cells of type $reduce_and.
Using extmapper simplemap for cells of type $sdffe.
Using extmapper simplemap for cells of type $not.
Using extmapper simplemap for cells of type $logic_not.
Using extmapper simplemap for cells of type $logic_or.
Using extmapper simplemap for cells of type $logic_and.
Using extmapper simplemap for cells of type $xor.
Using extmapper simplemap for cells of type $mux.
Using extmapper simplemap for cells of type $pos.
No more expansions possible.
<suppressed ~144 debug messages>

3.33. Executing OPT pass (performing simple optimizations).

3.33.1. Executing OPT_EXPR pass (perform const folding).
Optimizing module stream_sum.
<suppressed ~106 debug messages>

3.33.2. Executing OPT_MERGE pass (detect identical cells).
Finding identical cells in module `\stream_sum'.
Computing hashes of 408 cells of `\stream_sum'.
Finding duplicate cells in `\stream_sum'.
Computing hashes of 407 cells of `\stream_sum'.
Finding duplicate cells in `\stream_sum'.
<suppressed ~3 debug messages>
Removed a total of 1 cells.

3.33.3. Executing OPT_DFF pass (perform DFF optimizations).

3.33.4. Executing OPT_CLEAN pass (remove unused cells and wires).
Finding unused cells or wires in module \stream_sum..
Removed 194 unused cells and 51 unused wires.
<suppressed ~195 debug messages>

3.33.5. Finished fast OPT passes.

3.34. Executing ICE40_OPT pass (performing simple optimizations).

3.34.1. Running ICE40 specific optimizations.
Optimized $__ICE40_CARRY_WRAPPER cell back to logic (without SB_CARRY) stream_sum.$auto$alumacc.cc:548:replace_alu$459.slice[32].carry: CO=1'0
Optimized $__ICE40_CARRY_WRAPPER cell back to logic (without SB_CARRY) stream_sum.$auto$alumacc.cc:548:replace_alu$462.slice[32].carry: CO=1'0
Optimized $__ICE40_CARRY_WRAPPER cell back to logic (without SB_CARRY) stream_sum.$auto$alumacc.cc:548:replace_alu$465.slice[33].carry: CO=1'0

3.34.2. Executing OPT_EXPR pass (perform const folding).
Optimizing module stream_sum.

3.34.3. Executing OPT_MERGE pass (detect identical cells).
Finding identical cells in module `\stream_sum'.
Computing hashes of 213 cells of `\stream_sum'.
Finding duplicate cells in `\stream_sum'.
Removed a total of 0 cells.

3.34.4. Executing OPT_DFF pass (perform DFF optimizations).

3.34.5. Executing OPT_CLEAN pass (remove unused cells and wires).
Finding unused cells or wires in module \stream_sum..
Removed 0 unused cells and 3 unused wires.
<suppressed ~1 debug messages>

3.34.6. Rerunning OPT passes. (Removed registers in this run.)

3.34.7. Running ICE40 specific optimizations.

3.34.8. Executing OPT_EXPR pass (perform const folding).
Optimizing module stream_sum.

3.34.9. Executing OPT_MERGE pass (detect identical cells).
Finding identical cells in module `\stream_sum'.
Computing hashes of 213 cells of `\stream_sum'.
Finding duplicate cells in `\stream_sum'.
Removed a total of 0 cells.

3.34.10. Executing OPT_DFF pass (perform DFF optimizations).

3.34.11. Executing OPT_CLEAN pass (remove unused cells and wires).
Finding unused cells or wires in module \stream_sum..

3.34.12. Finished OPT passes. (There is nothing left to do.)

3.35. Executing DFFLEGALIZE pass (convert FFs and LATCHes to types supported by the target).

3.36. Executing TECHMAP pass (map to technology primitives).

3.36.1. Executing Verilog-2005 frontend: /share/ice40/ff_map.v
Parsing Verilog input from `/share/ice40/ff_map.v' to AST representation.
Generating RTLIL representation for module `$_DFF_N_'.
Generating RTLIL representation for module `$_DFF_P_'.
Generating RTLIL representation for module `$_DFFE_NP_'.
Generating RTLIL representation for module `$_DFFE_PP_'.
Generating RTLIL representation for module `$_DFF_NP0_'.
Generating RTLIL representation for module `$_DFF_NP1_'.
Generating RTLIL representation for module `$_DFF_PP0_'.
Generating RTLIL representation for module `$_DFF_PP1_'.
Generating RTLIL representation for module `$_DFFE_NP0P_'.
Generating RTLIL representation for module `$_DFFE_NP1P_'.
Generating RTLIL representation for module `$_DFFE_PP0P_'.
Generating RTLIL representation for module `$_DFFE_PP1P_'.
Generating RTLIL representation for module `$_SDFF_NP0_'.
Generating RTLIL representation for module `$_SDFF_NP1_'.
Generating RTLIL representation for module `$_SDFF_PP0_'.
Generating RTLIL representation for module `$_SDFF_PP1_'.
Generating RTLIL representation for module `$_SDFFCE_NP0P_'.
Generating RTLIL representation for module `$_SDFFCE_NP1P_'.
Generating RTLIL representation for module `$_SDFFCE_PP0P_'.
Generating RTLIL representation for module `$_SDFFCE_PP1P_'.
Successfully finished Verilog frontend.

3.36.2. Continuing TECHMAP pass.
Using template $_DFFE_PP_ for cells of type $_DFFE_PP_.
Using template $_SDFFCE_PP0P_ for cells of type $_SDFFCE_PP0P_.
No more expansions possible.
<suppressed ~124 debug messages>

3.37. Executing OPT_EXPR pass (perform const folding).
Optimizing module stream_sum.

3.38. Executing SIMPLEMAP pass (map simple cells to gate primitives).
Mapping stream_sum.$auto$alumacc.cc:548:replace_alu$459.slice[32].carry ($lut).
Mapping stream_sum.$auto$alumacc.cc:548:replace_alu$462.slice[32].carry ($lut).
Mapping stream_sum.$auto$alumacc.cc:548:replace_alu$465.slice[33].carry ($lut).

3.39. Executing ICE40_OPT pass (performing simple optimizations).

3.39.1. Running ICE40 specific optimizations.

3.39.2. Executing OPT_EXPR pass (perform const folding).
Optimizing module stream_sum.
<suppressed ~45 debug messages>

3.39.3. Executing OPT_MERGE pass (detect identical cells).
Finding identical cells in module `\stream_sum'.
Computing hashes of 212 cells of `\stream_sum'.
Finding duplicate cells in `\stream_sum'.
Removed a total of 0 cells.

3.39.4. Executing OPT_DFF pass (perform DFF optimizations).

3.39.5. Executing OPT_CLEAN pass (remove unused cells and wires).
Finding unused cells or wires in module \stream_sum..
Removed 0 unused cells and 524 unused wires.
<suppressed ~1 debug messages>

3.39.6. Rerunning OPT passes. (Removed registers in this run.)

3.39.7. Running ICE40 specific optimizations.

3.39.8. Executing OPT_EXPR pass (perform const folding).
Optimizing module stream_sum.

3.39.9. Executing OPT_MERGE pass (detect identical cells).
Finding identical cells in module `\stream_sum'.
Computing hashes of 212 cells of `\stream_sum'.
Finding duplicate cells in `\stream_sum'.
Removed a total of 0 cells.

3.39.10. Executing OPT_DFF pass (perform DFF optimizations).

3.39.11. Executing OPT_CLEAN pass (remove unused cells and wires).
Finding unused cells or wires in module \stream_sum..

3.39.12. Finished OPT passes. (There is nothing left to do.)

3.40. Executing CHECK pass (checking for obvious problems).
Checking module stream_sum...
Found and reported 0 problems.

3.41. Executing TECHMAP pass (map to technology primitives).

3.41.1. Executing Verilog-2005 frontend: /share/ice40/latches_map.v
Parsing Verilog input from `/share/ice40/latches_map.v' to AST representation.
Generating RTLIL representation for module `$_DLATCH_N_'.
Generating RTLIL representation for module `$_DLATCH_P_'.
Successfully finished Verilog frontend.

3.41.2. Continuing TECHMAP pass.
No more expansions possible.
<suppressed ~4 debug messages>

3.42. Executing Verilog-2005 frontend: /share/ice40/abc9_model.v
Parsing Verilog input from `/share/ice40/abc9_model.v' to AST representation.
Generating RTLIL representation for module `$__ICE40_CARRY_WRAPPER'.
Successfully finished Verilog frontend.

3.43. Executing ABC9 pass.

3.43.1. Executing ABC9_OPS pass (helper functions for ABC9).

3.43.2. Executing ABC9_OPS pass (helper functions for ABC9).

3.43.3. Executing SCC pass (detecting logic loops).
Found 0 SCCs in module stream_sum.
Found 0 SCCs.

3.43.4. Executing ABC9_OPS pass (helper functions for ABC9).

3.43.5. Executing TECHMAP pass (map to technology primitives).

3.43.5.1. Executing Verilog-2005 frontend: /share/techmap.v
Parsing Verilog input from `/share/techmap.v' to AST representation.
Generating RTLIL representation for module `\_90_simplemap_bool_ops'.
Generating RTLIL representation for module `\_90_simplemap_reduce_ops'.
Generating RTLIL representation for module `\_90_simplemap_logic_ops'.
Generating RTLIL representation for module `\_90_simplemap_compare_ops'.
Generating RTLIL representation for module `\_90_simplemap_various'.
Generating RTLIL representation for module `\_90_simplemap_registers'.
Generating RTLIL representation for module `\_90_shift_ops_shr_shl_sshl_sshr'.
Generating RTLIL representation for module `\_90_shift_shiftx'.
Generating RTLIL representation for module `\_90_fa'.
Generating RTLIL representation for module `\_90_lcu_brent_kung'.
Generating RTLIL representation for module `\_90_alu'.
Generating RTLIL representation for module `\_90_macc'.
Generating RTLIL representation for module `\_90_alumacc'.
Generating RTLIL representation for module `$__div_mod_u'.
Generating RTLIL representation for module `$__div_mod_trunc'.
Generating RTLIL representation for module `\_90_div'.
Generating RTLIL representation for module `\_90_mod'.
Generating RTLIL representation for module `$__div_mod_floor'.
Generating RTLIL representation for module `\_90_divfloor'.
Generating RTLIL representation for module `\_90_modfloor'.
Generating RTLIL representation for module `\_90_pow'.
Generating RTLIL representation for module `\_90_demux'.
Generating RTLIL representation for module `\_90_lut'.
Generating RTLIL representation for module `$connect'.
Generating RTLIL representation for module `$input_port'.
Successfully finished Verilog frontend.

3.43.5.2. Continuing TECHMAP pass.
No more expansions possible.
<suppressed ~130 debug messages>

3.43.6. Executing OPT pass (performing simple optimizations).

3.43.6.1. Executing OPT_EXPR pass (perform const folding).

3.43.6.2. Executing OPT_MERGE pass (detect identical cells).
Removed a total of 0 cells.

3.43.6.3. Executing OPT_MUXTREE pass (detect dead branches in mux trees).
Removed 0 multiplexer ports.

3.43.6.4. Executing OPT_REDUCE pass (consolidate $*mux and $reduce_* inputs).
Performed a total of 0 changes.

3.43.6.5. Executing OPT_MERGE pass (detect identical cells).
Removed a total of 0 cells.

3.43.6.6. Executing OPT_DFF pass (perform DFF optimizations).

3.43.6.7. Executing OPT_CLEAN pass (remove unused cells and wires).

3.43.6.8. Executing OPT_EXPR pass (perform const folding).

3.43.6.9. Finished fast OPT passes. (There is nothing left to do.)

3.43.7. Executing TECHMAP pass (map to technology primitives).

3.43.7.1. Executing Verilog-2005 frontend: /share/abc9_map.v
Parsing Verilog input from `/share/abc9_map.v' to AST representation.
Successfully finished Verilog frontend.

3.43.7.2. Continuing TECHMAP pass.
No more expansions possible.
<suppressed ~2 debug messages>

3.43.8. Executing Verilog-2005 frontend: /share/abc9_model.v
Parsing Verilog input from `/share/abc9_model.v' to AST representation.
Generating RTLIL representation for module `$__ABC9_DELAY'.
Generating RTLIL representation for module `$__ABC9_SCC_BREAKER'.
Generating RTLIL representation for module `$__DFF_N__$abc9_flop'.
Generating RTLIL representation for module `$__DFF_P__$abc9_flop'.
Successfully finished Verilog frontend.

3.43.9. Executing ABC9_OPS pass (helper functions for ABC9).
<suppressed ~106 debug messages>

3.43.10. Executing ABC9_OPS pass (helper functions for ABC9).

3.43.11. Executing ABC9_OPS pass (helper functions for ABC9).
<suppressed ~2 debug messages>

3.43.12. Executing TECHMAP pass (map to technology primitives).

3.43.12.1. Executing Verilog-2005 frontend: /share/techmap.v
Parsing Verilog input from `/share/techmap.v' to AST representation.
Generating RTLIL representation for module `\_90_simplemap_bool_ops'.
Generating RTLIL representation for module `\_90_simplemap_reduce_ops'.
Generating RTLIL representation for module `\_90_simplemap_logic_ops'.
Generating RTLIL representation for module `\_90_simplemap_compare_ops'.
Generating RTLIL representation for module `\_90_simplemap_various'.
Generating RTLIL representation for module `\_90_simplemap_registers'.
Generating RTLIL representation for module `\_90_shift_ops_shr_shl_sshl_sshr'.
Generating RTLIL representation for module `\_90_shift_shiftx'.
Generating RTLIL representation for module `\_90_fa'.
Generating RTLIL representation for module `\_90_lcu_brent_kung'.
Generating RTLIL representation for module `\_90_alu'.
Generating RTLIL representation for module `\_90_macc'.
Generating RTLIL representation for module `\_90_alumacc'.
Generating RTLIL representation for module `$__div_mod_u'.
Generating RTLIL representation for module `$__div_mod_trunc'.
Generating RTLIL representation for module `\_90_div'.
Generating RTLIL representation for module `\_90_mod'.
Generating RTLIL representation for module `$__div_mod_floor'.
Generating RTLIL representation for module `\_90_divfloor'.
Generating RTLIL representation for module `\_90_modfloor'.
Generating RTLIL representation for module `\_90_pow'.
Generating RTLIL representation for module `\_90_demux'.
Generating RTLIL representation for module `\_90_lut'.
Generating RTLIL representation for module `$connect'.
Generating RTLIL representation for module `$input_port'.
Successfully finished Verilog frontend.

3.43.12.2. Continuing TECHMAP pass.
Using template $paramod$__ICE40_CARRY_WRAPPER\LUT=16'0110100110010110\I3_IS_CI=1'1 for cells of type $paramod$__ICE40_CARRY_WRAPPER\LUT=16'0110100110010110\I3_IS_CI=1'1.
Using template SB_CARRY for cells of type SB_CARRY.
Using template $paramod\SB_LUT4\LUT_INIT=16'0110100110010110 for cells of type SB_LUT4.
Using extmapper simplemap for cells of type $mux.
Using extmapper simplemap for cells of type $logic_or.
Using extmapper simplemap for cells of type $logic_and.
No more expansions possible.
<suppressed ~150 debug messages>

3.43.13. Executing OPT pass (performing simple optimizations).

3.43.13.1. Executing OPT_EXPR pass (perform const folding).
Optimizing module stream_sum.
<suppressed ~4 debug messages>

3.43.13.2. Executing OPT_MERGE pass (detect identical cells).
Finding identical cells in module `\stream_sum'.
Computing hashes of 30 cells of `\stream_sum'.
Finding duplicate cells in `\stream_sum'.
Computing hashes of 20 cells of `\stream_sum'.
Finding duplicate cells in `\stream_sum'.
Computing hashes of 18 cells of `\stream_sum'.
Finding duplicate cells in `\stream_sum'.
<suppressed ~29 debug messages>
Removed a total of 12 cells.

3.43.13.3. Executing OPT_MUXTREE pass (detect dead branches in mux trees).
Running muxtree optimizer on module \stream_sum..
  Creating internal representation of mux trees.
  No muxes found in this module.
Removed 0 multiplexer ports.

3.43.13.4. Executing OPT_REDUCE pass (consolidate $*mux and $reduce_* inputs).
  Optimizing cells in module \stream_sum.
Performed a total of 0 changes.

3.43.13.5. Executing OPT_MERGE pass (detect identical cells).
Finding identical cells in module `\stream_sum'.
Computing hashes of 18 cells of `\stream_sum'.
Finding duplicate cells in `\stream_sum'.
Removed a total of 0 cells.

3.43.13.6. Executing OPT_DFF pass (perform DFF optimizations).

3.43.13.7. Executing OPT_CLEAN pass (remove unused cells and wires).
Finding unused cells or wires in module \stream_sum..
Removed 0 unused cells and 24 unused wires.
<suppressed ~1 debug messages>

3.43.13.8. Executing OPT_EXPR pass (perform const folding).
Optimizing module stream_sum.

3.43.13.9. Rerunning OPT passes. (Maybe there is more to do..)

3.43.13.10. Executing OPT_MUXTREE pass (detect dead branches in mux trees).
Running muxtree optimizer on module \stream_sum..
  Creating internal representation of mux trees.
  No muxes found in this module.
Removed 0 multiplexer ports.

3.43.13.11. Executing OPT_REDUCE pass (consolidate $*mux and $reduce_* inputs).
  Optimizing cells in module \stream_sum.
Performed a total of 0 changes.

3.43.13.12. Executing OPT_MERGE pass (detect identical cells).
Finding identical cells in module `\stream_sum'.
Computing hashes of 18 cells of `\stream_sum'.
Finding duplicate cells in `\stream_sum'.
Removed a total of 0 cells.

3.43.13.13. Executing OPT_DFF pass (perform DFF optimizations).

3.43.13.14. Executing OPT_CLEAN pass (remove unused cells and wires).
Finding unused cells or wires in module \stream_sum..

3.43.13.15. Executing OPT_EXPR pass (perform const folding).
Optimizing module stream_sum.

3.43.13.16. Finished fast OPT passes. (There is nothing left to do.)

3.43.14. Executing AIGMAP pass (map logic to AIG).
Module stream_sum: replaced 7 cells with 43 new cells, skipped 11 cells.
  replaced 2 cell types:
       5 $_MUX_
       2 $_OR_
  not replaced 3 cell types:
       2 $_AND_
       1 $_NOT_
       8 $specify2

3.43.15. Executing AIGMAP pass (map logic to AIG).
Module stream_sum: replaced 4 cells with 16 new cells, skipped 312 cells.
  replaced 1 cell types:
       4 $_OR_
  not replaced 7 cell types:
       6 $_AND_
       3 $_NOT_
     100 SB_DFFE
       2 SB_DFFESR
       2 $paramod$__ABC9_DELAY\DELAY=32'00000000000000000000000011001011
     102 $paramod$__ABC9_DELAY\DELAY=32'00000000000000000000000000010101
      97 $paramod$__ICE40_CARRY_WRAPPER\LUT=16'0110100110010110\I3_IS_CI=1'1

3.43.15.1. Executing ABC9_OPS pass (helper functions for ABC9).

3.43.15.2. Executing ABC9_OPS pass (helper functions for ABC9).

3.43.15.3. Executing XAIGER backend.
<suppressed ~113 debug messages>
Extracted 10 AND gates and 595 wires from module `stream_sum' to a netlist network with 234 inputs and 144 outputs.

3.43.15.4. Executing ABC9_EXE pass (technology mapping using ABC9).

3.43.15.5. Executing ABC9.
Running ABC command: "/yosys-abc" -s -f <abc-temp-dir>/abc.script 2>&1

3.43.15.6. Executing AIGER frontend.
<suppressed ~11 debug messages>
Removed 8 unused cells and 1240 unused wires.

3.43.15.7. Executing ABC_OPS_REINTEGRATE pass (reintegrate ABC mapped design into module).
ABC RESULTS:              $lut cells:        6
ABC RESULTS:   $paramod$__ICE40_CARRY_WRAPPER\LUT=16'0110100110010110\I3_IS_CI=1'1 cells:       97
ABC RESULTS:           input signals:       13
ABC RESULTS:          output signals:      111
<suppressed ~756 debug messages>
Removing temp directory.

3.43.16. Executing TECHMAP pass (map to technology primitives).

3.43.16.1. Executing Verilog-2005 frontend: /share/abc9_unmap.v
Parsing Verilog input from `/share/abc9_unmap.v' to AST representation.
Generating RTLIL representation for module `$__DFF_x__$abc9_flop'.
Generating RTLIL representation for module `$__ABC9_SCC_BREAKER'.
Successfully finished Verilog frontend.

3.43.16.2. Continuing TECHMAP pass.
Using template $paramod$__ICE40_CARRY_WRAPPER\LUT=16'0110100110010110\I3_IS_CI=1'1 for cells of type $paramod$__ICE40_CARRY_WRAPPER\LUT=16'0110100110010110\I3_IS_CI=1'1.
No more expansions possible.
<suppressed ~103 debug messages>

3.44. Executing ICE40_WRAPCARRY pass (wrap carries).

3.45. Executing TECHMAP pass (map to technology primitives).

3.45.1. Executing Verilog-2005 frontend: /share/ice40/ff_map.v
Parsing Verilog input from `/share/ice40/ff_map.v' to AST representation.
Generating RTLIL representation for module `$_DFF_N_'.
Generating RTLIL representation for module `$_DFF_P_'.
Generating RTLIL representation for module `$_DFFE_NP_'.
Generating RTLIL representation for module `$_DFFE_PP_'.
Generating RTLIL representation for module `$_DFF_NP0_'.
Generating RTLIL representation for module `$_DFF_NP1_'.
Generating RTLIL representation for module `$_DFF_PP0_'.
Generating RTLIL representation for module `$_DFF_PP1_'.
Generating RTLIL representation for module `$_DFFE_NP0P_'.
Generating RTLIL representation for module `$_DFFE_NP1P_'.
Generating RTLIL representation for module `$_DFFE_PP0P_'.
Generating RTLIL representation for module `$_DFFE_PP1P_'.
Generating RTLIL representation for module `$_SDFF_NP0_'.
Generating RTLIL representation for module `$_SDFF_NP1_'.
Generating RTLIL representation for module `$_SDFF_PP0_'.
Generating RTLIL representation for module `$_SDFF_PP1_'.
Generating RTLIL representation for module `$_SDFFCE_NP0P_'.
Generating RTLIL representation for module `$_SDFFCE_NP1P_'.
Generating RTLIL representation for module `$_SDFFCE_PP0P_'.
Generating RTLIL representation for module `$_SDFFCE_PP1P_'.
Successfully finished Verilog frontend.

3.45.2. Continuing TECHMAP pass.
No more expansions possible.
<suppressed ~22 debug messages>
Removed 2 unused cells and 1200 unused wires.

3.46. Executing OPT_LUT pass (optimize LUTs).
Discovering LUTs.
Number of LUTs:      103
  2-LUT                4
  3-LUT               97
  4-LUT                2
  with \SB_CARRY    (#0)   97
  with \SB_CARRY    (#1)   94

Eliminating LUTs.
Number of LUTs:      103
  2-LUT                4
  3-LUT               97
  4-LUT                2
  with \SB_CARRY    (#0)   97
  with \SB_CARRY    (#1)   94

Combining LUTs.
Number of LUTs:      103
  2-LUT                4
  3-LUT               97
  4-LUT                2
  with \SB_CARRY    (#0)   97
  with \SB_CARRY    (#1)   94

Eliminated 0 LUTs.
Combined 0 LUTs.
<suppressed ~401 debug messages>

3.47. Executing TECHMAP pass (map to technology primitives).

3.47.1. Executing Verilog-2005 frontend: /share/ice40/cells_map.v
Parsing Verilog input from `/share/ice40/cells_map.v' to AST representation.
Generating RTLIL representation for module `$lut'.
Successfully finished Verilog frontend.

3.47.2. Continuing TECHMAP pass.
Using template $paramod$fd904e9e35cfd343a9df248824bd3f1408724879$lut for cells of type $lut.
Using template $paramod$lut\WIDTH=32'00000000000000000000000000000010\LUT=4'0100 for cells of type $lut.
Using template $paramod$lut\WIDTH=32'00000000000000000000000000000010\LUT=4'1011 for cells of type $lut.
Using template $paramod$lut\WIDTH=32'00000000000000000000000000000010\LUT=4'1101 for cells of type $lut.
Using template $paramod$3b56205e0e57b3ea26d80fc7983017f83663129e$lut for cells of type $lut.
Using template $paramod$lut\WIDTH=32'00000000000000000000000000000010\LUT=4'1000 for cells of type $lut.
Using template $paramod$779a912c2e61b008e2ba6da235f91f694eb7e6d7$lut for cells of type $lut.
No more expansions possible.
<suppressed ~183 debug messages>
Removed 0 unused cells and 206 unused wires.

3.48. Executing AUTONAME pass.
Renamed 500 objects in module stream_sum.
<suppressed ~500 debug messages>

3.49. Executing HIERARCHY pass (managing design hierarchy).
Attribute `top' found on module `stream_sum'. Setting top module to stream_sum.

3.49.1. Analyzing design hierarchy..
Top module:  \stream_sum

3.49.2. Analyzing design hierarchy..
Top module:  \stream_sum
Removed 0 unused modules.

3.50. Printing statistics.

=== stream_sum ===

        +----------Local Count, excluding submodules.
        | 
      214 wires
      469 wire bits
      214 public wires
      469 public wire bits
       11 ports
      168 port bits
      302 submodules
       97   SB_CARRY
      100   SB_DFFE
        2   SB_DFFESR
      103   SB_LUT4

=== design hierarchy ===

        +----------Count including submodules.
        | 
        - stream_sum

        +----------Count including submodules.
        | 
      214 wires
      469 wire bits
      214 public wires
      469 public wire bits
       11 ports
      168 port bits
        - memories
        - memory bits
        - processes
        - cells
      302 submodules
       97   SB_CARRY
      100   SB_DFFE
        2   SB_DFFESR
      103   SB_LUT4

3.51. Executing CHECK pass (checking for obvious problems).
Checking module stream_sum...
Found and reported 0 problems.

4. Executing CHECK pass (checking for obvious problems).
Checking module stream_sum...
Found and reported 0 problems.
{
   "creator": "Yosys 0.69 (git sha1 9f75ca1f9, Release, Clang /workspace/YoWASP/yosys/wasi-sdk-33.0-x86_64-linux/share/cmake/../..//bin/clang++ 22.1.0)",
   "invocation": "stat -json ",
   "modules": {
      "\\stream_sum": {
         "num_wires":         214,
         "num_wire_bits":     469,
         "num_pub_wires":     214,
         "num_pub_wire_bits": 469,
         "num_ports":         11,
         "num_port_bits":     168,
         "num_memories":      0,
         "num_memory_bits":   0,
         "num_processes":     0,
         "num_cells":         302,
         "num_submodules":       0,
         "num_cells_by_type": {
            "SB_CARRY": 97,
            "SB_DFFE": 100,
            "SB_DFFESR": 2,
            "SB_LUT4": 103
         }
      }
   },
      "design": {
         "num_wires":         214,
         "num_wire_bits":     469,
         "num_pub_wires":     214,
         "num_pub_wire_bits": 469,
         "num_ports":         11,
         "num_port_bits":     168,
         "num_memories":      0,
         "num_memory_bits":   0,
         "num_processes":     0,
         "num_cells":         302,
         "num_submodules":       0,
         "num_cells_by_type": {
            "SB_CARRY": 97,
            "SB_DFFE": 100,
            "SB_DFFESR": 2,
            "SB_LUT4": 103
         }
      }
}

End of script. Logfile hash: 1f438578a0, time: 1.78s, user: 1.79s, system: 0.00s
Yosys 0.69 (git sha1 9f75ca1f9, Release, Clang /workspace/YoWASP/yosys/wasi-sdk-33.0-x86_64-linux/share/cmake/../..//bin/clang++ 22.1.0)
Time spent: 79% 21x read_verilog (1 sec), 4% 1x abc9_exe (0 sec), ...
