$date
	Tue Oct  6 16:35:54 2026
$end
$version
	Icarus Verilog
$end
$timescale
	1ps
$end
$scope module tb $end
$var wire 1 ! s_ready $end
$var wire 1 " m_valid $end
$var wire 10 # m_data [9:0] $end
$var parameter 32 $ COUNT $end
$var parameter 32 % PIPE $end
$var parameter 32 & WIDTH $end
$var reg 8 ' a [7:0] $end
$var reg 8 ( b [7:0] $end
$var reg 8 ) c [7:0] $end
$var reg 1 * clk $end
$var reg 8 + d [7:0] $end
$var reg 1 , m_ready $end
$var reg 10 - previous_data [9:0] $end
$var reg 32 . previous_source [31:0] $end
$var reg 1 / previous_stall $end
$var reg 32 0 rng [31:0] $end
$var reg 1 1 rst $end
$var reg 1 2 s_valid $end
$var reg 1 3 source_held $end
$var integer 32 4 accepted [31:0] $end
$var integer 32 5 cycle [31:0] $end
$var integer 32 6 dropped [31:0] $end
$var integer 32 7 first_output [31:0] $end
$var integer 32 8 head [31:0] $end
$var integer 32 9 ignored [31:0] $end
$var integer 32 : last_output [31:0] $end
$var integer 32 ; lat_max [31:0] $end
$var integer 32 < lat_min [31:0] $end
$var integer 32 = lat_sum [31:0] $end
$var integer 32 > latency [31:0] $end
$var integer 32 ? max_occupancy [31:0] $end
$var integer 32 @ max_output_gap [31:0] $end
$var integer 32 A reset_pending [31:0] $end
$var integer 32 B retired [31:0] $end
$var integer 32 C scenario [31:0] $end
$var integer 32 D seed [31:0] $end
$var integer 32 E simultaneous [31:0] $end
$var integer 32 F sink_stalls [31:0] $end
$var integer 32 G source [31:0] $end
$var integer 32 H source_stalls [31:0] $end
$var integer 32 I tail [31:0] $end
$scope function advance $end
$var reg 32 J x [31:0] $end
$upscope $end
$scope module dut $end
$var wire 8 K a [7:0] $end
$var wire 8 L b [7:0] $end
$var wire 8 M c [7:0] $end
$var wire 1 * clk $end
$var wire 8 N d [7:0] $end
$var wire 1 , m_ready $end
$var wire 1 1 rst $end
$var wire 1 2 s_valid $end
$var wire 1 ! s_ready $end
$var wire 1 " m_valid $end
$var wire 10 O m_data [9:0] $end
$var parameter 32 P PIPE $end
$var parameter 32 Q WIDTH $end
$scope begin split $end
$var wire 1 R r0 $end
$var wire 1 S r1 $end
$var reg 9 T ab [8:0] $end
$var reg 9 U cd [8:0] $end
$var reg 1 V v0 $end
$var reg 1 W v1 $end
$var reg 10 X value [9:0] $end
$upscope $end
$upscope $end
$upscope $end
$enddefinitions $end
$comment Show the parameter values. $end
$dumpall
b1000 Q
b10 P
b1000 &
b10 %
b1000000000 $
$end
#0
$dumpvars
bx X
xW
xV
bx U
bx T
xS
xR
bx O
b0 N
b0 M
b0 L
b0 K
bx J
b0 I
b0 H
b0 G
b0 F
b0 E
b11111 D
b10 C
b0 B
b0 A
b0 @
b0 ?
b0 >
b0 =
b11000011010100000 <
b0 ;
b11111111111111111111111111111111 :
b1 9
b0 8
b11111111111111111111111111111111 7
b0 6
b0 5
b0 4
03
02
11
b100000 0
0/
bx .
bx -
0,
b0 +
0*
b0 )
b0 (
b0 '
bx #
0"
0!
$end
#5000
1S
1R
0W
0V
1*
#10000
b1000000 0
b100000 J
0*
#15000
b1 5
1*
#20000
b10000000 0
b1000000 J
0*
#25000
b10 5
1*
#30000
1!
b100000000 0
b10000000 J
01
0*
#35000
b11 5
b0 .
1*
#40000
b1000000000 0
b100000000 J
0*
#45000
b100 5
1*
#50000
b10000000000 0
b1000000000 J
0*
#55000
b101 5
1*
#60000
b100000000000 0
b10000000000 J
0*
#65000
b110 5
1*
#70000
b1000000000000 0
b100000000000 J
0*
#75000
b111 5
1*
#80000
b10000000000000 0
b1000000000000 J
0*
#85000
b1000 5
1*
#90000
b100000000000000 0
b10000000000000 J
0*
#95000
b1001 5
1*
#100000
b1000000000000000 0
b100000000000000 J
0*
#105000
b1010 5
1*
#110000
b10000000000000000 0
b1000000000000000 J
0*
#115000
b1011 5
1*
#120000
b100000000000000000 0
b10000000000000000 J
0*
#125000
b1100 5
1*
#130000
b1000000000000000000 0
b100000000000000000 J
0*
#135000
b1101 5
1*
#140000
b10000000000000000000 0
b1000000000000000000 J
0*
#145000
b1110 5
1*
#150000
b100000000000000000000 0
b10000000000000000000 J
0*
#155000
b1111 5
1*
#160000
b1000000000000000000000 0
b100000000000000000000 J
0*
#165000
b10000 5
1*
#170000
b10000000000000000000000 0
b1000000000000000000000 J
0*
#175000
b10001 5
1*
#180000
b100000000000000000000000 0
b10000000000000000000000 J
0*
#185000
b10010 5
1*
#190000
b1000000000000000000000000 0
b100000000000000000000000 J
0*
#195000
b10011 5
1*
#200000
b10000000000000000000000000 0
b1000000000000000000000000 J
0*
#205000
b10100 5
1*
#210000
0!
b100000000000000000000000000 0
b10000000000000000000000000 J
11
0*
#215000
b10101 5
1*
#220000
b1000000000000000000000000000 0
b100000000000000000000000000 J
0*
#225000
b10110 5
1*
#230000
1!
b10000000000000000000000000000 0
b1000000000000000000000000000 J
01
0*
#235000
b10111 5
1*
#240000
b100000000000000000000000000000 0
b10000000000000000000000000000 J
0*
#245000
b11000 5
1*
#250000
b1000000000000000000000000000000 0
b100000000000000000000000000000 J
0*
#255000
b11001 5
1*
#260000
b10000000000000000000000000000000 0
b1000000000000000000000000000000 J
0*
#265000
b11010 5
1*
#270000
12
0,
b100110000010001110110110111 0
b10000000000000000000000000000000 J
0*
#275000
b0 U
b0 T
1V
b11011 5
b1 ?
b1 4
b1 G
b1 I
1*
#280000
b11111111 '
b11111111 K
b11111111 (
b11111111 L
b11111111 )
b11111111 M
b11111111 +
b11111111 N
0,
b1001100000100011101101101110 0
b100110000010001110110110111 J
0*
#285000
0!
0R
0S
1"
b0 #
b0 O
b0 X
1W
b111111110 U
b111111110 T
b11100 5
b10 ?
b10 4
b10 G
b10 I
b11111111111111111111111111111111 .
1*
#290000
b0 (
b0 L
b0 +
b0 N
0,
b10011000001000111011011011100 0
b1001100000100011101101101110 J
0*
#295000
b11101 5
b1 F
b1 H
b0 -
1/
b11111111000000001111111100000000 .
13
1*
#300000
0,
b100110000010001110110110111000 0
b10011000001000111011011011100 J
0*
#305000
b11110 5
b10 F
b10 H
1*
#310000
0,
b1001100000100011101101101110000 0
b100110000010001110110110111000 J
0*
#315000
b11111 5
b11 F
b11 H
1*
#320000
1!
1R
1S
1,
b10011000001000111011011011100000 0
b1001100000100011101101101110000 J
0*
#325000
b1111111100 #
b1111111100 O
b1111111100 X
b11111111 U
b11111111 T
b100000 5
b11 4
b11 G
b11 I
b11111 :
b11111 7
b1 B
b1 8
b101 =
b101 ;
b101 <
b101 >
b1 E
0/
03
1*
#330000
b1 '
b1 K
b1 (
b1 L
b1 )
b1 M
b1 +
b1 N
b110100100001100111000001110111 0
b10011000001000111011011011100000 J
0*
#335000
b111111110 #
b111111110 O
b111111110 X
b10 U
b10 T
b100001 5
b100 4
b100 G
b100 I
b100000 :
b1 @
b10 B
b10 8
b1010 =
b10 E
b1111111100 -
b1000000010000000100000001 .
1*
#340000
b1101 '
b1101 K
b10111010 (
b10111010 L
b10001011 )
b10001011 M
b11001110 +
b11001110 N
b1101001000011001110000011101110 0
b110100100001100111000001110111 J
0*
#345000
b100 #
b100 O
b100 X
b101011001 U
b11000111 T
b100010 5
b101 4
b101 G
b101 I
b100001 :
b11 B
b11 8
b1100 =
b10 <
b10 >
b11 E
b111111110 -
b1101101110101000101111001110 .
1*
#350000
b110000 '
b110000 K
b111010 (
b111010 L
b1111 )
b1111 M
b10100110 +
b10100110 N
b11010010000110011100000111011100 0
b1101001000011001110000011101110 J
0*
#355000
b1000100000 #
b1000100000 O
b1000100000 X
b10110101 U
b1101010 T
b100011 5
b110 4
b110 G
b110 I
b100010 :
b100 B
b100 8
b1110 =
b100 E
b100 -
b110000001110100000111110100110 .
1*
#360000
0!
0R
0S
b11111000 '
b11111000 K
b1001 (
b1001 L
b1000001 )
b1000001 M
b10101001 +
b10101001 N
0,
b10100000111100101001111000001111 0
b11010010000110011100000111011100 J
0*
#365000
b100100 5
b100 F
b100 H
b1000100000 -
1/
b11111000000010010100000110101001 .
13
1*
#370000
1!
1R
1S
1,
b1000101001001000010000110101001 0
b10100000111100101001111000001111 J
0*
#375000
b100011111 #
b100011111 O
b100011111 X
b11101010 U
b100000001 T
b100101 5
b111 4
b111 G
b111 I
b100100 :
b10 @
b101 B
b101 8
b10001 =
b11 >
b101 E
0/
03
1*
#380000
b11011100 '
b11011100 K
b10001001 (
b10001001 L
b111111 )
b111111 M
b10101100 +
b10101100 N
b10001010010010000100001101010010 0
b1000101001001000010000110101001 J
0*
#385000
b111101011 #
b111101011 O
b111101011 X
b11101011 U
b101100101 T
b100110 5
b1000 4
b1000 G
b1000 I
b100101 :
b110 B
b110 8
b10100 =
b110 E
b100011111 -
b11011100100010010011111110101100 .
1*
#390000
b10001011 '
b10001011 K
b1001010 (
b1001010 L
b110110 )
b110110 M
b10000101 +
b10000101 N
b10000010100011001101100010011 0
b10001010010010000100001101010010 J
0*
#395000
b1001010000 #
b1001010000 O
b1001010000 X
b10111011 U
b11010101 T
b100111 5
b1001 4
b1001 G
b1001 I
b100110 :
b111 B
b111 8
b10110 =
b10 >
b111 E
b111101011 -
b10001011010010100011011010000101 .
1*
#400000
b11111011 '
b11111011 K
b1011110 (
b1011110 L
b11110110 )
b11110110 M
b110100 +
b110100 N
b100000101000110011011000100110 0
b10000010100011001101100010011 J
0*
#405000
b110010000 #
b110010000 O
b110010000 X
b100101010 U
b101011001 T
b101000 5
b1010 4
b1010 G
b1010 I
b100111 :
b1000 B
b1000 8
b11000 =
b1000 E
b1001010000 -
b11111011010111101111011000110100 .
1*
#410000
0!
0R
0S
b1111110 '
b1111110 K
b11111101 (
b11111101 L
b100 )
b100 M
b11001001 +
b11001001 N
0,
b1000001010001100110110001001100 0
b100000101000110011011000100110 J
0*
#415000
b101001 5
b101 F
b101 H
b110010000 -
1/
b1111110111111010000010011001001 .
13
1*
#420000
1!
1R
1S
1,
b10000010100011001101100010011000 0
b1000001010001100110110001001100 J
0*
#425000
b1010000011 #
b1010000011 O
b1010000011 X
b11001101 U
b101111011 T
b101010 5
b1011 4
b1011 G
b1011 I
b101001 :
b1001 B
b1001 8
b11011 =
b11 >
b1001 E
0/
03
1*
#430000
0!
0R
0S
b101010 '
b101010 K
b10000 (
b10000 L
b1101011 +
b1101011 N
0,
b1110110001010110010000111 0
b10000010100011001101100010011000 J
0*
#435000
b101011 5
b110 F
b110 H
b1010000011 -
1/
b101010000100000000010001101011 .
13
1*
#440000
b11101100010101100100001110 0
b1110110001010110010000111 J
0*
#445000
b101100 5
b111 F
b111 H
1*
#450000
1!
1R
1S
1,
b111011000101011001000011100 0
b11101100010101100100001110 J
0*
#455000
b1001001000 #
b1001001000 O
b1001001000 X
b1101111 U
b111010 T
b101101 5
b1100 4
b1100 G
b1100 I
b101100 :
b11 @
b1010 B
b1010 8
b100000 =
b101 >
b1010 E
0/
03
1*
#460000
b1001011 '
b1001011 K
b10011001 (
b10011001 L
b1000111 )
b1000111 M
b100 +
b100 N
02
b1110110001010110010000111000 0
b111011000101011001000011100 J
0*
#465000
b10101001 #
b10101001 O
b10101001 X
0V
b101110 5
b101101 :
b1011 B
b1011 8
b100100 =
b100 >
b1001001000 -
b1001011100110010100011100000100 .
1*
#470000
b11101100010101100100001110000 0
b1110110001010110010000111000 J
0*
#475000
0"
0W
b101111 5
b101110 :
b1100 B
b1100 8
b100110 =
b10 >
b10101001 -
1*
#480000
b111011000101011001000011100000 0
b11101100010101100100001110000 J
0*
#485000
b110000 5
1*
#490000
0,
b1110110001010110010000111000000 0
b111011000101011001000011100000 J
0*
#495000
b110001 5
1*
#500000
b11101100010101100100001110000000 0
b1110110001010110010000111000000 J
0*
#505000
b110010 5
1*
#510000
12
1,
b11011100011011011001101010110111 0
b11101100010101100100001110000000 J
0*
#515000
b1001011 U
b11100100 T
1V
b110011 5
b1101 4
b1101 G
b1101 I
1*
#520000
b10001011 '
b10001011 K
b111101 (
b111101 L
b11010111 )
b11010111 M
b1100 +
b1100 N
02
b10111100000110100010100011011001 0
b11011100011011011001101010110111 J
0*
#525000
1"
b100101111 #
b100101111 O
b100101111 X
1W
0V
b110100 5
b10001011001111011101011100001100 .
1*
#530000
0S
12
0,
b1111100111101010100110000000101 0
b10111100000110100010100011011001 J
0*
#535000
0!
0R
b11100011 U
b11001000 T
1V
b110101 5
b1110 4
b1110 G
b1110 I
b1000 F
b100101111 -
1/
1*
#540000
b1000 '
b1000 K
b1100011 (
b1100011 L
b1100000 )
b1100000 M
b11001001 +
b11001001 N
b11111001111010101001100000001010 0
b1111100111101010100110000000101 J
0*
#545000
b110110 5
b1001 F
b1000 H
b1000011000110110000011001001 .
13
1*
#550000
1!
1R
1S
1,
b11110111000101000010110110100011 0
b11111001111010101001100000001010 J
0*
#555000
b110101011 #
b110101011 O
b110101011 X
b100101001 U
b1101011 T
b110111 5
b1111 4
b1111 G
b1111 I
b110110 :
b1000 @
b1101 B
b1101 8
b101010 =
b100 >
b1011 E
0/
03
1*
#560000
b11101111 '
b11101111 K
b1101001 (
b1101001 L
b11011111 )
b11011111 M
b11110101 +
b11110101 N
02
b11101010111010010100011011110001 0
b11110111000101000010110110100011 J
0*
#565000
b110010100 #
b110010100 O
b110010100 X
0V
b111000 5
b110111 :
b1110 B
b1110 8
b101101 =
b11 >
b110101011 -
b11101111011010011101111111110101 .
1*
#570000
12
b11010001000100111001000001010101 0
b11101010111010010100011011110001 J
0*
#575000
0"
0W
b111010100 U
b101011000 T
1V
b111001 5
b10000 4
b10000 G
b10000 I
b111000 :
b1111 B
b1111 8
b101111 =
b10 >
b1100 E
b110010100 -
1*
#580000
b1000000 '
b1000000 K
b10111 (
b10111 L
b11100111 )
b11100111 M
b11100111 +
b11100111 N
b10100110111001100011110100011101 0
b11010001000100111001000001010101 J
0*
#585000
1"
b1100101100 #
b1100101100 O
b1100101100 X
1W
b111001110 U
b1010111 T
b111010 5
b10001 4
b10001 G
b10001 I
b1000000000101111110011111100111 .
1*
#590000
0!
0R
0S
b1011110 '
b1011110 K
b11101100 (
b11101100 L
b11101111 )
b11101111 M
b1101010 +
b1101010 N
0,
b1001001000011010110011110001101 0
b10100110111001100011110100011101 J
0*
#595000
b111011 5
b1010 F
b1001 H
b1100101100 -
1/
b1011110111011001110111101101010 .
13
1*
#600000
1!
1R
1S
1,
b10010010000110101100111100011010 0
b1001001000011010110011110001101 J
0*
#605000
b1000100101 #
b1000100101 O
b1000100101 X
b101011001 U
b101001010 T
b111100 5
b10010 4
b10010 G
b10010 I
b111011 :
b10000 B
b10000 8
b110010 =
b11 >
b1101 E
0/
03
1*
#610000
0!
0R
0S
b1 '
b1 K
b1101111 (
b1101111 L
b11111000 )
b11111000 M
b10111000 +
b10111000 N
0,
b100000111101001000001110000011 0
b10010010000110101100111100011010 J
0*
#615000
b111101 5
b1011 F
b1010 H
b1000100101 -
1/
b1011011111111100010111000 .
13
1*
#620000
b1000001111010010000011100000110 0
b100000111101001000001110000011 J
0*
#625000
b111110 5
b1100 F
b1011 H
1*
#630000
b10000011110100100000111000001100 0
b1000001111010010000011100000110 J
0*
#635000
b111111 5
b1101 F
b1100 H
1*
#640000
1!
1R
1S
1,
b11011001010000000110101111 0
b10000011110100100000111000001100 J
0*
#645000
b1010100011 #
b1010100011 O
b1010100011 X
b110110000 U
b1110000 T
b1000000 5
b10011 4
b10011 G
b10011 I
b111111 :
b10001 B
b10001 8
b111000 =
b110 ;
b110 >
b1110 E
0/
03
1*
#650000
b10010011 '
b10010011 K
b1111 (
b1111 L
b1001011 )
b1001011 M
b11100010 +
b11100010 N
b110110010100000001101011110 0
b11011001010000000110101111 J
0*
#655000
b1000100000 #
b1000100000 O
b1000100000 X
b100101101 U
b10100010 T
b1000001 5
b10100 4
b10100 G
b10100 I
b1000000 :
b10010 B
b10010 8
b111101 =
b101 >
b1111 E
b1010100011 -
b10010011000011110100101111100010 .
1*
#660000
b11010100 '
b11010100 K
b11110011 (
b11110011 L
b1100110 )
b1100110 M
b10011 +
b10011 N
b1101100101000000011010111100 0
b110110010100000001101011110 J
0*
#665000
b111001111 #
b111001111 O
b111001111 X
b1111001 U
b111000111 T
b1000010 5
b10101 4
b10101 G
b10101 I
b1000001 :
b10011 B
b10011 8
b111111 =
b10 >
b10000 E
b1000100000 -
b11010100111100110110011000010011 .
1*
#670000
b10000001 '
b10000001 K
b1101110 (
b1101110 L
b10101100 )
b10101100 M
b10110 +
b10110 N
02
b11011001010000000110101111000 0
b1101100101000000011010111100 J
0*
#675000
b1001000000 #
b1001000000 O
b1001000000 X
0V
b1000011 5
b1000010 :
b10100 B
b10100 8
b1000001 =
b111001111 -
b10000001011011101010110000010110 .
1*
#680000
b110110010100000001101011110000 0
b11011001010000000110101111000 J
0*
#685000
0"
0W
b1000100 5
b1000011 :
b10101 B
b10101 8
b1000011 =
b1001000000 -
1*
#690000
b1101100101000000011010111100000 0
b110110010100000001101011110000 J
0*
#695000
b1000101 5
1*
#700000
0,
b11011001010000000110101111000000 0
b1101100101000000011010111100000 J
0*
#705000
b1000110 5
1*
#710000
12
1,
b10110110010000011100101000110111 0
b11011001010000000110101111000000 J
0*
#715000
b11000010 U
b11101111 T
1V
b1000111 5
b10110 4
b10110 G
b10110 I
1*
#720000
b10000111 '
b10000111 K
b1001100 (
b1001100 L
b1001011 )
b1001011 M
b10011 +
b10011 N
02
b1101000010000101000100111011001 0
b10110110010000011100101000110111 J
0*
#725000
1"
b110110001 #
b110110001 O
b110110001 X
1W
0V
b1001000 5
b10000111010011000100101100010011 .
1*
#730000
12
b11010000100001010001001110110010 0
b1101000010000101000100111011001 J
0*
#735000
0"
0W
b1011110 U
b11010011 T
1V
b1001001 5
b10111 4
b10111 G
b10111 I
b1001000 :
b10110 B
b10110 8
b1000101 =
b10001 E
b110110001 -
1*
#740000
b10110110 '
b10110110 K
b110010 (
b110010 L
b11001101 )
b11001101 M
b11100000 +
b11100000 N
b10100101110010110011101011010011 0
b11010000100001010001001110110010 J
0*
#745000
1"
b100110001 #
b100110001 O
b100110001 X
1W
b110101101 U
b11101000 T
b1001010 5
b11000 4
b11000 G
b11000 I
b10110110001100101100110111100000 .
1*
#750000
b11100 '
b11100 K
b1100111 (
b1100111 L
b1111000 )
b1111000 M
b1110110 +
b1110110 N
02
b1001111010101110110100000010001 0
b10100101110010110011101011010011 J
0*
#755000
b1010010101 #
b1010010101 O
b1010010101 X
0V
b1001011 5
b1001010 :
b10111 B
b10111 8
b1000111 =
b100110001 -
b11100011001110111100001110110 .
1*
#760000
12
b10011110101011101101000000100010 0
b1001111010101110110100000010001 J
0*
#765000
0"
0W
b11101110 U
b10000011 T
1V
b1001100 5
b11001 4
b11001 G
b11001 I
b1001011 :
b11000 B
b11000 8
b1001001 =
b10010 E
b1010010101 -
1*
#770000
b100100 '
b100100 K
b1111000 (
b1111000 L
b1001100 )
b1001100 M
b10010000 +
b10010000 N
b111001100111001011110111110011 0
b10011110101011101101000000100010 J
0*
#775000
1"
b101110001 #
b101110001 O
b101110001 X
1W
b11011100 U
b10011100 T
b1001101 5
b11010 4
b11010 G
b11010 I
b100100011110000100110010010000 .
1*
#780000
b1110000 '
b1110000 K
b101101 (
b101101 L
b1110100 )
b1110100 M
b11000111 +
b11000111 N
b1110011001110010111101111100110 0
b111001100111001011110111110011 J
0*
#785000
b101111000 #
b101111000 O
b101111000 X
b100111011 U
b10011101 T
b1001110 5
b11011 4
b11011 G
b11011 I
b1001101 :
b11001 B
b11001 8
b1001011 =
b10011 E
b101110001 -
b1110000001011010111010011000111 .
1*
#790000
0!
0R
0S
b11011101 '
b11011101 K
b1011101 (
b1011101 L
b11101110 )
b11101110 M
b10000011 +
b10000011 N
0,
b11100110011100101111011111001100 0
b1110011001110010111101111100110 J
0*
#795000
b1001111 5
b1110 F
b1101 H
b101111000 -
1/
b11011101010111011110111010000011 .
13
1*
#800000
1!
1R
1S
1,
b11001000001001001111001000101111 0
b11100110011100101111011111001100 J
0*
#805000
b111011000 #
b111011000 O
b111011000 X
b101110001 U
b100111010 T
b1010000 5
b11100 4
b11100 G
b11100 I
b1001111 :
b11010 B
b11010 8
b1001110 =
b11 >
b10100 E
0/
03
1*
#810000
b110001 '
b110001 K
b10110010 (
b10110010 L
b10101000 )
b10101000 M
b10011011 +
b10011011 N
02
b10010100100010001111100111101001 0
b11001000001001001111001000101111 J
0*
#815000
b1010101011 #
b1010101011 O
b1010101011 X
0V
b1010001 5
b1010000 :
b11011 B
b11011 8
b1010001 =
b111011000 -
b110001101100101010100010011011 .
1*
#820000
12
b101101110100001110111001100101 0
b10010100100010001111100111101001 J
0*
#825000
0"
0W
b101000011 U
b11100011 T
1V
b1010010 5
b11101 4
b11101 G
b11101 I
b1010001 :
b11100 B
b11100 8
b1010011 =
b10 >
b10101 E
b1010101011 -
1*
#830000
b1000111 '
b1000111 K
b1000100 (
b1000100 L
b11001111 )
b11001111 M
b1110111 +
b1110111 N
0,
b1011011101000011101110011001010 0
b101101110100001110111001100101 J
0*
#835000
0!
0R
0S
1"
b1000100110 #
b1000100110 O
b1000100110 X
1W
b101000110 U
b10001011 T
b1010011 5
b11110 4
b11110 G
b11110 I
b1000111010001001100111101110111 .
1*
#840000
1!
1R
1S
b10011 '
b10011 K
b11111010 (
b11111010 L
b11111101 )
b11111101 M
b111110 +
b111110 N
1,
b10110111010000111011100110010100 0
b1011011101000011101110011001010 J
0*
#845000
b111010001 #
b111010001 O
b111010001 X
b100111011 U
b100001101 T
b1010100 5
b11111 4
b11111 G
b11111 I
b1010011 :
b11101 B
b11101 8
b1010101 =
b10110 E
b1000100110 -
b10011111110101111110100111110 .
1*
#850000
b111110 '
b111110 K
b11111001 (
b11111001 L
b11111000 )
b11111000 M
b10101000 +
b10101000 N
b1101010010001100110111010011111 0
b10110111010000111011100110010100 J
0*
#855000
b1001001000 #
b1001001000 O
b1001001000 X
b110100000 U
b100110111 T
b1010101 5
b100000 4
b100000 G
b100000 I
b1010100 :
b11110 B
b11110 8
b1010111 =
b10111 E
b111010001 -
b111110111110011111100010101000 .
1*
#860000
b111000 '
b111000 K
b10000011 (
b10000011 L
b10000010 )
b10000010 M
b10001110 +
b10001110 N
b11010100100011001101110100111110 0
b1101010010001100110111010011111 J
0*
#865000
b1011010111 #
b1011010111 O
b1011010111 X
b100010000 U
b10111011 T
b1010110 5
b100001 4
b100001 G
b100001 I
b1010101 :
b11111 B
b11111 8
b1011001 =
b11000 E
b1001001000 -
b111000100000111000001010001110 .
1*
#870000
0!
0R
0S
b10001100 '
b10001100 K
b101010 (
b101010 L
b10010110 )
b10010110 M
b11010011 +
b11010011 N
0,
b10101101110110001010011111001011 0
b11010100100011001101110100111110 J
0*
#875000
b1010111 5
b1111 F
b1110 H
b1011010111 -
1/
b10001100001010101001011011010011 .
13
1*
#880000
1!
1R
1S
1,
b1011111011100000101001000100001 0
b10101101110110001010011111001011 J
0*
#885000
b111001011 #
b111001011 O
b111001011 X
b101101001 U
b10110110 T
b1011000 5
b100010 4
b100010 G
b100010 I
b1010111 :
b100000 B
b100000 8
b1011100 =
b11 >
b11001 E
0/
03
1*
#890000
0!
0R
0S
b11000000 '
b11000000 K
b11 (
b11 L
b10001101 )
b10001101 M
b1001000 +
b1001000 N
0,
b10111110111000001010010001000010 0
b1011111011100000101001000100001 J
0*
#895000
b1011001 5
b10000 F
b1111 H
b111001011 -
1/
b11000000000000111000110101001000 .
13
1*
#900000
1!
1R
1S
1,
b1111001000000000101010100110011 0
b10111110111000001010010001000010 J
0*
#905000
b1000011111 #
b1000011111 O
b1000011111 X
b11010101 U
b11000011 T
b1011010 5
b100011 4
b100011 G
b100011 I
b1011001 :
b100001 B
b100001 8
b1100000 =
b100 >
b11010 E
0/
03
1*
#910000
b111100 '
b111100 K
b110100 (
b110100 L
b1010110 )
b1010110 M
b1000110 +
b1000110 N
b11110010000000001010101001100110 0
b1111001000000000101010100110011 J
0*
#915000
b110011000 #
b110011000 O
b110011000 X
b10011100 U
b1110000 T
b1011011 5
b100100 4
b100100 G
b100100 I
b1011010 :
b100010 B
b100010 8
b1100011 =
b11 >
b11011 E
b1000011111 -
b111100001101000101011001000110 .
1*
#920000
b1000100 '
b1000100 K
b10000100 (
b10000100 L
b10110011 )
b10110011 M
b10111001 +
b10111001 N
b11100000110000000100100101111011 0
b11110010000000001010101001100110 J
0*
#925000
b100001100 #
b100001100 O
b100001100 X
b101101100 U
b11001000 T
b1011100 5
b100101 4
b100101 G
b100101 I
b1011011 :
b100011 B
b100011 8
b1100101 =
b10 >
b11100 E
b110011000 -
b1000100100001001011001110111001 .
1*
#930000
0!
0R
0S
b1010011 '
b1010011 K
b11111101 (
b11111101 L
b110001 )
b110001 M
b110110 +
b110110 N
02
0,
b11000101010000011000111101000001 0
b11100000110000000100100101111011 J
0*
#935000
b1011101 5
b10001 F
b100001100 -
1/
b1010011111111010011000100110110 .
1*
#940000
1!
1R
1S
12
1,
b10001110010000100000001100110101 0
b11000101010000011000111101000001 J
0*
#945000
b1000110100 #
b1000110100 O
b1000110100 X
b1100111 U
b101010000 T
b1011110 5
b100110 4
b100110 G
b100110 I
b1011101 :
b100100 B
b100100 8
b1101000 =
b11 >
b11101 E
0/
1*
#950000
b11000 '
b11000 K
b1000110 (
b1000110 L
b11100100 )
b11100100 M
b1001100 +
b1001100 N
b11000010001010001101111011101 0
b10001110010000100000001100110101 J
0*
#955000
b110110111 #
b110110111 O
b110110111 X
b100110000 U
b1011110 T
b1011111 5
b100111 4
b100111 G
b100111 I
b1011110 :
b100101 B
b100101 8
b1101011 =
b11110 E
b1000110100 -
b11000010001101110010001001100 .
1*
#960000
b11011001 '
b11011001 K
b100001 )
b100001 M
b10101111 +
b10101111 N
b110000100010100011011110111010 0
b11000010001010001101111011101 J
0*
#965000
b110001110 #
b110001110 O
b110001110 X
b11010000 U
b100011111 T
b1100000 5
b101000 4
b101000 G
b101000 I
b1011111 :
b100110 B
b100110 8
b1101101 =
b10 >
b11111 E
b110110111 -
b11011001010001100010000110101111 .
1*
#970000
b10000000 '
b10000000 K
b100010 (
b100010 L
b10110101 )
b10110101 M
b1000000 +
b1000000 N
b1100001000101000110111101110100 0
b110000100010100011011110111010 J
0*
#975000
b111101111 #
b111101111 O
b111101111 X
b11110101 U
b10100010 T
b1100001 5
b101001 4
b101001 G
b101001 I
b1100000 :
b100111 B
b100111 8
b1101111 =
b100000 E
b110001110 -
b10000000001000101011010101000000 .
1*
#980000
b1001000 '
b1001000 K
b1000000 (
b1000000 L
b110101 )
b110101 M
b110010 +
b110010 N
02
b11000010001010001101111011101000 0
b1100001000101000110111101110100 J
0*
#985000
b110010111 #
b110010111 O
b110010111 X
0V
b1100010 5
b1100001 :
b101000 B
b101000 8
b1110001 =
b111101111 -
b1001000010000000011010100110010 .
1*
#990000
12
b10000000100100001010000001100111 0
b11000010001010001101111011101000 J
0*
#995000
0"
0W
b1100111 U
b10001000 T
1V
b1100011 5
b101010 4
b101010 G
b101010 I
b1100010 :
b101001 B
b101001 8
b1110011 =
b100001 E
b110010111 -
1*
#1000000
b11100100 '
b11100100 K
b110010 (
b110010 L
b1011010 )
b1011010 M
b11010001 +
b11010001 N
02
b101111000000101110101111001 0
b10000000100100001010000001100111 J
0*
#1005000
1"
b11101111 #
b11101111 O
b11101111 X
1W
0V
b1100100 5
b11100100001100100101101011010001 .
1*
#1010000
12
b1011110000001011101011110010 0
b101111000000101110101111001 J
0*
#1015000
0"
0W
b100101011 U
b100010110 T
1V
b1100101 5
b101011 4
b101011 G
b101011 I
b1100100 :
b101010 B
b101010 8
b1110101 =
b100010 E
b11101111 -
1*
#1020000
b10101 '
b10101 K
b11 (
b11 L
b1110111 )
b1110111 M
b10100111 +
b10100111 N
b10111100000010111010111100100 0
b1011110000001011101011110010 J
0*
#1025000
1"
b1001000001 #
b1001000001 O
b1001000001 X
1W
b100011110 U
b11000 T
b1100110 5
b101100 4
b101100 G
b101100 I
b10101000000110111011110100111 .
1*
#1030000
0!
0R
0S
b10100010 '
b10100010 K
b10011 (
b10011 L
b10110110 )
b10110110 M
b10000100 +
b10000100 N
02
0,
b101111000000101110101111001000 0
b10111100000010111010111100100 J
0*
#1035000
b1100111 5
b10010 F
b1001000001 -
1/
b10100010000100111011011010000100 .
1*
#1040000
1!
1R
1S
1,
b1011110000001011101011110010000 0
b101111000000101110101111001000 J
0*
#1045000
b100110110 #
b100110110 O
b100110110 X
0V
b1101000 5
b1100111 :
b101011 B
b101011 8
b1111000 =
b11 >
0/
1*
#1050000
b10111100000010111010111100100000 0
b1011110000001011101011110010000 J
0*
#1055000
0"
0W
b1101001 5
b1101000 :
b101100 B
b101100 8
b1111011 =
b100110110 -
1*
#1060000
12
b1111100110101100100001111110111 0
b10111100000010111010111100100000 J
0*
#1065000
b100111010 U
b10110101 T
1V
b1101010 5
b101101 4
b101101 G
b101101 I
1*
#1070000
b1001110 '
b1001110 K
b10001101 (
b10001101 L
b10000101 )
b10000101 M
b10000 +
b10000 N
b11111001101011001000011111101110 0
b1111100110101100100001111110111 J
0*
#1075000
1"
b111101111 #
b111101111 O
b111101111 X
1W
b10010101 U
b11011011 T
b1101011 5
b101110 4
b101110 G
b101110 I
b1001110100011011000010100010000 .
1*
#1080000
b11000100 '
b11000100 K
b11001011 (
b11001011 L
b10100001 )
b10100001 M
b1010001 +
b1010001 N
b11110111100110000001001001101011 0
b11111001101011001000011111101110 J
0*
#1085000
b101110000 #
b101110000 O
b101110000 X
b11110010 U
b110001111 T
b1101100 5
b101111 4
b101111 G
b101111 I
b1101011 :
b101101 B
b101101 8
b1111101 =
b10 >
b100011 E
b111101111 -
b11000100110010111010000101010001 .
1*
#1090000
b10101101 '
b10101101 K
b1101111 (
b1101111 L
b10101110 )
b10101110 M
b10110101 +
b10110101 N
02
b11101011111100010011100101100001 0
b11110111100110000001001001101011 J
0*
#1095000
b1010000001 #
b1010000001 O
b1010000001 X
0V
b1101101 5
b1101100 :
b101110 B
b101110 8
b1111111 =
b101110000 -
b10101101011011111010111010110101 .
1*
#1100000
12
b11010011001000110110111101110101 0
b11101011111100010011100101100001 J
0*
#1105000
0"
0W
b101100011 U
b100011100 T
1V
b1101110 5
b110000 4
b110000 G
b110000 I
b1101101 :
b101111 B
b101111 8
b10000001 =
b100100 E
b1010000001 -
1*
#1110000
b11101100 '
b11101100 K
b1000010 (
b1000010 L
b11011011 )
b11011011 M
b1000111 +
b1000111 N
0,
b10100010100001111100001101011101 0
b11010011001000110110111101110101 J
0*
#1115000
0!
0R
0S
1"
b1001111111 #
b1001111111 O
b1001111111 X
1W
b100100010 U
b100101110 T
b1101111 5
b110001 4
b110001 G
b110001 I
b11101100010000101101101101000111 .
1*
#1120000
b10100000 '
b10100000 K
b10110001 (
b10110001 L
b10010100 )
b10010100 M
b10001101 +
b10001101 N
b1000001110011101001101100001101 0
b10100010100001111100001101011101 J
0*
#1125000
b1110000 5
b10011 F
b10000 H
b1001111111 -
1/
b10100000101100011001010010001101 .
13
1*
#1130000
0,
b10000011100111010011011000011010 0
b1000001110011101001101100001101 J
0*
#1135000
b1110001 5
b10100 F
b10001 H
1*
#1140000
b11111110110111000110000011 0
b10000011100111010011011000011010 J
0*
#1145000
b1110010 5
b10101 F
b10010 H
1*
#1150000
b111111101101110001100000110 0
b11111110110111000110000011 J
0*
#1155000
b1110011 5
b10110 F
b10011 H
1*
#1160000
b1111111011011100011000001100 0
b111111101101110001100000110 J
0*
#1165000
b1110100 5
b10111 F
b10100 H
1*
#1170000
0,
b11111110110111000110000011000 0
b1111111011011100011000001100 J
0*
#1175000
b1110101 5
b11000 F
b10101 H
1*
#1180000
0,
b111111101101110001100000110000 0
b11111110110111000110000011000 J
0*
#1185000
b1110110 5
b11001 F
b10110 H
1*
#1190000
0,
b1111111011011100011000001100000 0
b111111101101110001100000110000 J
0*
#1195000
b1110111 5
b11010 F
b10111 H
1*
#1200000
b11111110110111000110000011000000 0
b1111111011011100011000001100000 J
0*
#1205000
b1111000 5
b11011 F
b11000 H
1*
#1210000
0"
02
0,
b11111001011110011101110000110111 0
b11111110110111000110000011000000 J
11
0*
#1215000
1S
1R
0W
0V
b1111001 5
03
0/
b0 I
b0 8
b10 6
b1 A
1*
#1220000
0,
b11110110001100101010010111011001 0
b11111001011110011101110000110111 J
0*
#1225000
b1111010 5
1*
#1230000
1!
12
b11101000101001000101011000000101 0
b11110110001100101010010111011001 J
01
0*
#1235000
b100100001 U
b101010001 T
1V
b1111011 5
b110010 4
b110010 G
b1 I
1*
#1240000
b10001010 '
b10001010 K
b11100100 (
b11100100 L
b11011110 )
b11011110 M
b11110001 +
b11110001 N
0,
b11010101100010011011000110111101 0
b11101000101001000101011000000101 J
0*
#1245000
0!
0R
0S
1"
b1001110010 #
b1001110010 O
b1001110010 X
1W
b111001111 U
b101101110 T
b1111100 5
b110011 4
b110011 G
b10 I
b10001010111001001101111011110001 .
1*
#1250000
b11001001 '
b11001001 K
b11110 (
b11110 L
b10100 )
b10100 M
b1110001 +
b1110001 N
b10101111110100100111111011001101 0
b11010101100010011011000110111101 J
0*
#1255000
b1111101 5
b11100 F
b11001 H
b1001110010 -
1/
b11001001000111100001010001110001 .
13
1*
#1260000
0,
b1011011011001011110000000101101 0
b10101111110100100111111011001101 J
0*
#1265000
b1111110 5
b11101 F
b11010 H
1*
#1270000
0,
b10110110110010111100000001011010 0
b1011011011001011110000000101101 J
0*
#1275000
b1111111 5
b11110 F
b11011 H
1*
#1280000
b1101001010101101001110100000011 0
b10110110110010111100000001011010 J
0*
#1285000
b10000000 5
b11111 F
b11100 H
1*
#1290000
b11010010101011010011101000000110 0
b1101001010101101001110100000011 J
0*
#1295000
b10000001 5
b100000 F
b11101 H
1*
#1300000
0,
b10100001100110110110100110111011 0
b11010010101011010011101000000110 J
0*
#1305000
b10000010 5
b100001 F
b11110 H
1*
#1310000
b1000111111101111100111011000001 0
b10100001100110110110100110111011 J
0*
#1315000
b10000011 5
b100010 F
b11111 H
1*
#1320000
b10001111111011111001110110000010 0
b1000111111101111100111011000001 J
0*
#1325000
b10000100 5
b100011 F
b100000 H
1*
#1330000
1!
1R
1S
1,
b11011000111100010011010110011 0
b10001111111011111001110110000010 J
0*
#1335000
b1100111101 #
b1100111101 O
b1100111101 X
b10000101 U
b11100111 T
b10000101 5
b110100 4
b110100 G
b11 I
b10000100 :
b10111 @
b110000 B
b1 8
b10001011 =
b1010 ;
b1010 >
b100101 E
0/
03
1*
#1340000
b11000011 '
b11000011 K
b110 (
b110 L
b10000111 )
b10000111 M
b10 +
b10 N
b110110001111000100110101100110 0
b11011000111100010011010110011 J
0*
#1345000
b101101100 #
b101101100 O
b101101100 X
b10001001 U
b11001001 T
b10000110 5
b110101 4
b110101 G
b100 I
b10000101 :
b110001 B
b10 8
b10010101 =
b100110 E
b1100111101 -
b11000011000001101000011100000010 .
1*
#1350000
0!
0R
0S
b1010101 '
b1010101 K
b10001100 (
b10001100 L
b1100010 )
b1100010 M
b10010010 +
b10010010 N
0,
b1101100011110001001101011001100 0
b110110001111000100110101100110 J
0*
#1355000
b10000111 5
b100100 F
b100001 H
b101101100 -
1/
b1010101100011000110001010010010 .
13
1*
#1360000
1!
1R
1S
1,
b11011000111100010011010110011000 0
b1101100011110001001101011001100 J
0*
#1365000
b101010010 #
b101010010 O
b101010010 X
b11110100 U
b11100001 T
b10001000 5
b110110 4
b110110 G
b101 I
b10000111 :
b110010 B
b11 8
b10011000 =
b11 >
b100111 E
0/
03
1*
#1370000
0!
0R
0S
b10110001 '
b10110001 K
b1110011 (
b1110011 L
b11000000 )
b11000000 M
b11101010 +
b11101010 N
0,
b10110101001000110111011010000111 0
b11011000111100010011010110011000 J
0*
#1375000
b10001001 5
b100101 F
b100010 H
b101010010 -
1/
b10110001011100111100000011101010 .
13
1*
#1380000
1!
1R
1S
1,
b1101110100001111111000010111001 0
b10110101001000110111011010000111 J
0*
#1385000
b111010101 #
b111010101 O
b111010101 X
b110101010 U
b100100100 T
b10001010 5
b110111 4
b110111 G
b110 I
b10001001 :
b110011 B
b100 8
b10011100 =
b100 >
b101000 E
0/
03
1*
#1390000
b10110010 '
b10110010 K
b110001 (
b110001 L
b1110111 )
b1110111 M
b101100 +
b101100 N
b11011101000011111110000101110010 0
b1101110100001111111000010111001 J
0*
#1395000
b1011001110 #
b1011001110 O
b1011001110 X
b10100011 U
b11100011 T
b10001011 5
b111000 4
b111000 G
b111 I
b10001010 :
b110100 B
b101 8
b10011111 =
b11 >
b101001 E
b111010101 -
b10110010001100010111011100101100 .
1*
#1400000
b1001000 '
b1001000 K
b11000011 (
b11000011 L
b11011011 )
b11011011 M
b1010100 +
b1010100 N
b10111110110111101101111101010011 0
b11011101000011111110000101110010 J
0*
#1405000
b110000110 #
b110000110 O
b110000110 X
b100101111 U
b100001011 T
b10001100 5
b111001 4
b111001 G
b1000 I
b10001011 :
b110101 B
b110 8
b10100001 =
b10 >
b101010 E
b1011001110 -
b1001000110000111101101101010100 .
1*
#1410000
b1011100 '
b1011100 K
b1000110 (
b1000110 L
b1111011 )
b1111011 M
b10011001 +
b10011001 N
02
b1111001011111001010001100010001 0
b10111110110111101101111101010011 J
0*
#1415000
b1000111010 #
b1000111010 O
b1000111010 X
0V
b10001101 5
b10001100 :
b110110 B
b111 8
b10100011 =
b110000110 -
b1011100010001100111101110011001 .
1*
#1420000
12
b11110010111110010100011000100010 0
b1111001011111001010001100010001 J
0*
#1425000
0"
0W
b100010100 U
b10100010 T
1V
b10001110 5
b111010 4
b111010 G
b1001 I
b10001101 :
b110111 B
b1000 8
b10100101 =
b101011 E
b1000111010 -
1*
#1430000
b11111001 '
b11111001 K
b1101110 (
b1101110 L
b10011111 )
b10011111 M
b11100011 +
b11100011 N
b11100001001100111001000111110011 0
b11110010111110010100011000100010 J
0*
#1435000
1"
b110110110 #
b110110110 O
b110110110 X
1W
b110000010 U
b101100111 T
b10001111 5
b111011 4
b111011 G
b1010 I
b11111001011011101001111111100011 .
1*
#1440000
b10110011 '
b10110011 K
b1001101 (
b1001101 L
b11001000 )
b11001000 M
b10010111 +
b10010111 N
02
b11000110101001100011111001010001 0
b11100001001100111001000111110011 J
0*
#1445000
b1011101001 #
b1011101001 O
b1011101001 X
0V
b10010000 5
b10001111 :
b111000 B
b1001 8
b10100111 =
b110110110 -
b10110011010011011100100010010111 .
1*
#1450000
12
b10001001100011010110000100010101 0
b11000110101001100011111001010001 J
0*
#1455000
0"
0W
b101011111 U
b100000000 T
1V
b10010001 5
b111100 4
b111100 G
b1011 I
b10010000 :
b111001 B
b1010 8
b10101001 =
b101100 E
b1011101001 -
1*
#1460000
b11001 '
b11001 K
b10 (
b10 L
b11101000 )
b11101000 M
b111100 +
b111100 N
b10111110110111101111110011101 0
b10001001100011010110000100010101 J
0*
#1465000
1"
b1001011111 #
b1001011111 O
b1001011111 X
1W
b100100100 U
b11011 T
b10010010 5
b111101 4
b111101 G
b1100 I
b11001000000101110100000111100 .
1*
#1470000
b11101111 '
b11101111 K
b110110 (
b110110 L
b1111110 )
b1111110 M
b11100000 +
b11100000 N
b101111101101111011111100111010 0
b10111110110111101111110011101 J
0*
#1475000
b100111111 #
b100111111 O
b100111111 X
b101011110 U
b100100101 T
b10010011 5
b111110 4
b111110 G
b1101 I
b10010010 :
b111010 B
b1011 8
b10101011 =
b101101 E
b1001011111 -
b11101111001101100111111011100000 .
1*
#1480000
b10100010 '
b10100010 K
b10110000 (
b10110000 L
b1111100 )
b1111100 M
b1011101 +
b1011101 N
b1011111011011110111111001110100 0
b101111101101111011111100111010 J
0*
#1485000
b1010000011 #
b1010000011 O
b1010000011 X
b11011001 U
b101010010 T
b10010100 5
b111111 4
b111111 G
b1110 I
b10010011 :
b111011 B
b1100 8
b10101101 =
b101110 E
b100111111 -
b10100010101100000111110001011101 .
1*
#1490000
b1010110 '
b1010110 K
b10100 (
b10100 L
b10001010 )
b10001010 M
b111101 +
b111101 N
02
b10111110110111101111110011101000 0
b1011111011011110111111001110100 J
0*
#1495000
b1000101011 #
b1000101011 O
b1000101011 X
0V
b10010101 5
b10010100 :
b111100 B
b1101 8
b10101111 =
b1010000011 -
b1010110000101001000101000111101 .
1*
#1500000
12
b1111001011111001110010001100111 0
b10111110110111101111110011101000 J
0*
#1505000
0"
0W
b11000111 U
b1101010 T
1V
b10010110 5
b1000000 4
b1000000 G
b1111 I
b10010101 :
b111101 B
b1110 8
b10110001 =
b101111 E
b1000101011 -
1*
#1510000
b11001001 '
b11001001 K
b11100111 (
b11100111 L
b11101110 )
b11101110 M
b1010000 +
b1010000 N
0,
b11110010111110011100100011001110 0
b1111001011111001110010001100111 J
0*
#1515000
0!
0R
0S
1"
b100110001 #
b100110001 O
b100110001 X
1W
b100111110 U
b110110000 T
b10010111 5
b1000001 4
b1000001 G
b10000 I
b11001001111001111110111001010000 .
1*
#1520000
1!
1R
1S
b10111110 '
b10111110 K
b11101001 (
b11101001 L
b100100 )
b100100 M
b10111110 +
b10111110 N
1,
b11100001001100101000110000101011 0
b11110010111110011100100011001110 J
0*
#1525000
b1011101110 #
b1011101110 O
b1011101110 X
b11100010 U
b110100111 T
b10011000 5
b1000010 4
b1000010 G
b10001 I
b10010111 :
b111110 B
b1111 8
b10110011 =
b110000 E
b100110001 -
b10111110111010010010010010111110 .
1*
#1530000
b10000111 '
b10000111 K
b10100110 (
b10100110 L
b10000001 )
b10000001 M
b11010001 +
b11010001 N
02
b11000110101001000000010111100001 0
b11100001001100101000110000101011 J
0*
#1535000
b1010001001 #
b1010001001 O
b1010001001 X
0V
b10011001 5
b10011000 :
b111111 B
b10000 8
b10110101 =
b1011101110 -
b10000111101001101000000111010001 .
1*
#1540000
12
b10001001100010010001011001110101 0
b11000110101001000000010111100001 J
0*
#1545000
0"
0W
b101010010 U
b100101101 T
1V
b10011010 5
b1000011 4
b1000011 G
b10010 I
b10011001 :
b1000000 B
b10001 8
b10110111 =
b110001 E
b1010001001 -
1*
#1550000
b11010101 '
b11010101 K
b10101010 (
b10101010 L
b11010011 )
b11010011 M
b11011010 +
b11011010 N
b10111110100110011000101011101 0
b10001001100010010001011001110101 J
0*
#1555000
1"
b1001111111 #
b1001111111 O
b1001111111 X
1W
b110101101 U
b101111111 T
b10011011 5
b1000100 4
b1000100 G
b10011 I
b11010101101010101101001111011010 .
1*
#1560000
b110010 '
b110010 K
b11001110 (
b11001110 L
b100001 )
b100001 M
b11100110 +
b11100110 N
b101111101001100110001010111010 0
b10111110100110011000101011101 J
0*
#1565000
b1100101100 #
b1100101100 O
b1100101100 X
b100000111 U
b100000000 T
b10011100 5
b1000101 4
b1000101 G
b10100 I
b10011011 :
b1000001 B
b10010 8
b10111001 =
b110010 E
b1001111111 -
b110010110011100010000111100110 .
1*
#1570000
b1110001 '
b1110001 K
b10101101 (
b10101101 L
b11010010 )
b11010010 M
b10110 +
b10110 N
b1011111010011001100010101110100 0
b101111101001100110001010111010 J
0*
#1575000
b1000000111 #
b1000000111 O
b1000000111 X
b11101000 U
b100011110 T
b10011101 5
b1000110 4
b1000110 G
b10101 I
b10011100 :
b1000010 B
b10011 8
b10111011 =
b110011 E
b1100101100 -
b1110001101011011101001000010110 .
1*
#1580000
b10000 '
b10000 K
b1110110 (
b1110110 L
b111000 )
b111000 M
b10011111 +
b10011111 N
02
b10111110100110011000101011101000 0
b1011111010011001100010101110100 J
0*
#1585000
b1000000110 #
b1000000110 O
b1000000110 X
0V
b10011110 5
b10011101 :
b1000011 B
b10100 8
b10111101 =
b1000000111 -
b10000011101100011100010011111 .
1*
#1590000
12
b1111001111100100000100001100111 0
b10111110100110011000101011101000 J
0*
#1595000
0"
0W
b11010111 U
b10000110 T
1V
b10011111 5
b1000111 4
b1000111 G
b10110 I
b10011110 :
b1000100 B
b10101 8
b10111111 =
b110100 E
b1000000110 -
1*
#1600000
b10101001 '
b10101001 K
b11110001 (
b11110001 L
b10111001 )
b10111001 M
b101100 +
b101100 N
0,
b11110011111001000001000011001110 0
b1111001111100100000100001100111 J
0*
#1605000
0!
0R
0S
1"
b101011101 #
b101011101 O
b101011101 X
1W
b11100101 U
b110011010 T
b10100000 5
b1001000 4
b1001000 G
b10111 I
b10101001111100011011100100101100 .
1*
#1610000
1!
1R
1S
b11110 '
b11110 K
b10101101 (
b10101101 L
b101111 )
b101111 M
b11001011 +
b11001011 N
1,
b11100011000010010011110000101011 0
b11110011111001000001000011001110 J
0*
#1615000
b1001111111 #
b1001111111 O
b1001111111 X
b11111010 U
b11001011 T
b10100001 5
b1001001 4
b1001001 G
b11000 I
b10100000 :
b1000101 B
b10110 8
b11000001 =
b110101 E
b101011101 -
b11110101011010010111111001011 .
1*
#1620000
b10100101 '
b10100101 K
b1110010 (
b1110010 L
b11001010 )
b11001010 M
b110100 +
b110100 N
02
b11000010110100110110010111100001 0
b11100011000010010011110000101011 J
0*
#1625000
b111000101 #
b111000101 O
b111000101 X
0V
b10100010 5
b10100001 :
b1000110 B
b10111 8
b11000011 =
b1001111111 -
b10100101011100101100101000110100 .
1*
#1630000
12
b10000001011001111101011001110101 0
b11000010110100110110010111100001 J
0*
#1635000
0"
0W
b11111110 U
b100010111 T
1V
b10100011 5
b1001010 4
b1001010 G
b11001 I
b10100010 :
b1000111 B
b11000 8
b11000101 =
b110110 E
b111000101 -
1*
#1640000
b11101111 '
b11101111 K
b10011111 (
b10011111 L
b1 )
b1 M
b110111 +
b110111 N
b110000011101011000101011101 0
b10000001011001111101011001110101 J
0*
#1645000
1"
b1000010101 #
b1000010101 O
b1000010101 X
1W
b111000 U
b110001110 T
b10100100 5
b1001011 4
b1001011 G
b11010 I
b11101111100111110000000100110111 .
1*
#1650000
b10100110 '
b10100110 K
b10011 (
b10011 L
b100100 )
b100100 M
b10100010 +
b10100010 N
b1100000111010110001010111010 0
b110000011101011000101011101 J
0*
#1655000
b111000110 #
b111000110 O
b111000110 X
b11000110 U
b10111001 T
b10100101 5
b1001100 4
b1001100 G
b11011 I
b10100100 :
b1001000 B
b11001 8
b11000111 =
b110111 E
b1000010101 -
b10100110000100110010010010100010 .
1*
#1660000
b11101111 '
b11101111 K
b101110 (
b101110 L
b11001010 )
b11001010 M
b11011010 +
b11011010 N
b11000001110101100010101110100 0
b1100000111010110001010111010 J
0*
#1665000
b101111111 #
b101111111 O
b101111111 X
b110100100 U
b100011101 T
b10100110 5
b1001101 4
b1001101 G
b11100 I
b10100101 :
b1001001 B
b11010 8
b11001001 =
b111000 E
b111000110 -
b11101111001011101100101011011010 .
1*
#1670000
b11010110 '
b11010110 K
b1111111 (
b1111111 L
b11101001 )
b11101001 M
b11011111 +
b11011111 N
02
b110000011101011000101011101000 0
b11000001110101100010101110100 J
0*
#1675000
b1011000001 #
b1011000001 O
b1011000001 X
0V
b10100111 5
b10100110 :
b1001010 B
b11011 8
b11001011 =
b101111111 -
b11010110011111111110100111011111 .
1*
#1680000
b1100000111010110001010111010000 0
b110000011101011000101011101000 J
0*
#1685000
0"
0W
b10101000 5
b10100111 :
b1001011 B
b11100 8
b11001101 =
b1011000001 -
1*
#1690000
b11000001110101100010101110100000 0
b1100000111010110001010111010000 J
0*
#1695000
b10101001 5
1*
#1700000
12
b10000111011011010100101011110111 0
b11000001110101100010101110100000 J
0*
#1705000
b111001000 U
b101010101 T
1V
b10101010 5
b1001110 4
b1001110 G
b11101 I
1*
#1710000
b10111011 '
b10111011 K
b100100 (
b100100 L
b11001001 )
b11001001 M
b1001111 +
b1001111 N
02
b1010000110111000100001011001 0
b10000111011011010100101011110111 J
0*
#1715000
1"
b1100011101 #
b1100011101 O
b1100011101 X
1W
0V
b10101011 5
b10111011001001001100100101001111 .
1*
#1720000
12
b10100001101110001000010110010 0
b1010000110111000100001011001 J
0*
#1725000
0"
0W
b100011000 U
b11011111 T
1V
b10101100 5
b1001111 4
b1001111 G
b11110 I
b10101011 :
b1001100 B
b11101 8
b11001111 =
b111001 E
b1100011101 -
1*
#1730000
b11110 '
b11110 K
b10101100 (
b10101100 L
b100 )
b100 M
b101000 +
b101000 N
b101000011011100010000101100100 0
b10100001101110001000010110010 J
0*
#1735000
1"
b111110111 #
b111110111 O
b111110111 X
1W
b101100 U
b11001010 T
b10101101 5
b1010000 4
b1010000 G
b11111 I
b11110101011000000010000101000 .
1*
#1740000
0!
0R
0S
b1001101 '
b1001101 K
b1010011 (
b1010011 L
b10010 )
b10010 M
b100 +
b100 N
02
0,
b1010000110111000100001011001000 0
b101000011011100010000101100100 J
0*
#1745000
b10101110 5
b100110 F
b111110111 -
1/
b1001101010100110001001000000100 .
1*
#1750000
1!
1R
1S
1,
b10100001101110001000010110010000 0
b1010000110111000100001011001000 J
0*
#1755000
b11110110 #
b11110110 O
b11110110 X
0V
b10101111 5
b10101110 :
b1001101 B
b11110 8
b11010010 =
b11 >
0/
1*
#1760000
12
b1000111101100000001011010010111 0
b10100001101110001000010110010000 J
0*
#1765000
0"
0W
b10110 U
b10100000 T
1V
b10110000 5
b1010001 4
b1010001 G
b100000 I
b10101111 :
b1001110 B
b11111 8
b11010101 =
b111010 E
b11110110 -
1*
#1770000
b10100000 '
b10100000 K
b10110001 (
b10110001 L
b10000011 )
b10000011 M
b11111001 +
b11111001 N
b10001111011000000010110100101110 0
b1000111101100000001011010010111 J
0*
#1775000
1"
b10110110 #
b10110110 O
b10110110 X
1W
b101111100 U
b101010001 T
b10110001 5
b1010010 4
b1010010 G
b100001 I
b10100000101100011000001111111001 .
1*
#1780000
b11000010 '
b11000010 K
b100110 (
b100110 L
b11110101 )
b11110101 M
b11000010 +
b11000010 N
b11010000000010100011111101011 0
b10001111011000000010110100101110 J
0*
#1785000
b1011001101 #
b1011001101 O
b1011001101 X
b110110111 U
b11101000 T
b10110010 5
b1010011 4
b1010011 G
b100010 I
b10110001 :
b1001111 B
b100000 8
b11010111 =
b10 >
b111011 E
b10110110 -
b11000010001001101111010111000010 .
1*
#1790000
b10111010 '
b10111010 K
b100000 (
b100000 L
b1100110 )
b1100110 M
b1111001 +
b1111001 N
b110100000000101000111111010110 0
b11010000000010100011111101011 J
0*
#1795000
b1010011111 #
b1010011111 O
b1010011111 X
b11011111 U
b11011010 T
b10110011 5
b1010100 4
b1010100 G
b100011 I
b10110010 :
b1010000 B
b100001 8
b11011001 =
b111100 E
b1011001101 -
b10111010001000000110011001111001 .
1*
#1800000
b11001001 '
b11001001 K
b101110 (
b101110 L
b1001111 )
b1001111 M
b1000100 +
b1000100 N
b1101000000001010001111110101100 0
b110100000000101000111111010110 J
0*
#1805000
b110111001 #
b110111001 O
b110111001 X
b10010011 U
b11110111 T
b10110100 5
b1010101 4
b1010101 G
b100100 I
b10110011 :
b1010001 B
b100010 8
b11011011 =
b111101 E
b1010011111 -
b11001001001011100100111101000100 .
1*
#1810000
b10100011 '
b10100011 K
b10010111 (
b10010111 L
b1111111 )
b1111111 M
b101111 +
b101111 N
02
b11010000000010100011111101011000 0
b1101000000001010001111110101100 J
0*
#1815000
b110001010 #
b110001010 O
b110001010 X
0V
b10110101 5
b10110100 :
b1010010 B
b100011 8
b11011101 =
b110111001 -
b10100011100101110111111100101111 .
1*
#1820000
0S
12
0,
b10100100110101010110001100000111 0
b11010000000010100011111101011000 J
0*
#1825000
0!
0R
b10101110 U
b100111010 T
1V
b10110110 5
b1010110 4
b1010110 G
b100101 I
b100111 F
b110001010 -
1/
1*
#1830000
1!
1R
1S
b110100 '
b110100 K
b111110 (
b111110 L
b1110101 )
b1110101 M
b10111001 +
b10111001 N
02
1,
b1001101011010111101101110111001 0
b10100100110101010110001100000111 J
0*
#1835000
b111101000 #
b111101000 O
b111101000 X
0V
b10110111 5
b10110110 :
b1010011 B
b100100 8
b11100000 =
b11 >
0/
b110100001111100111010110111001 .
1*
#1840000
12
b10011010110101111011011101110010 0
b1001101011010111101101110111001 J
0*
#1845000
0"
0W
b100101110 U
b1110010 T
1V
b10111000 5
b1010111 4
b1010111 G
b100110 I
b10110111 :
b1010100 B
b100101 8
b11100010 =
b10 >
b111110 E
b111101000 -
1*
#1850000
b10110000 '
b10110000 K
b10101001 (
b10101001 L
b11100111 )
b11100111 M
b11111110 +
b11111110 N
b110001011011100111001101010011 0
b10011010110101111011011101110010 J
0*
#1855000
1"
b110100000 #
b110100000 O
b110100000 X
1W
b111100101 U
b101011001 T
b10111001 5
b1011000 4
b1011000 G
b100111 I
b10110000101010011110011111111110 .
1*
#1860000
b11110011 '
b11110011 K
b11001 (
b11001 L
b1011101 )
b1011101 M
b10001 +
b10001 N
b1100010110111001110011010100110 0
b110001011011100111001101010011 J
0*
#1865000
b1100111110 #
b1100111110 O
b1100111110 X
b1101110 U
b100001100 T
b10111010 5
b1011001 4
b1011001 G
b101000 I
b10111001 :
b1010101 B
b100110 8
b11100100 =
b111111 E
b110100000 -
b11110011000110010101110100010001 .
1*
#1870000
0!
0R
0S
b1001111 '
b1001111 K
b1100111 (
b1100111 L
b10101010 )
b10101010 M
b100111 +
b100111 N
0,
b11000101101110011100110101001100 0
b1100010110111001110011010100110 J
0*
#1875000
b10111011 5
b101000 F
b100011 H
b1100111110 -
1/
b1001111011001111010101000100111 .
13
1*
#1880000
1!
1R
1S
1,
b10001111101100101000011100101111 0
b11000101101110011100110101001100 J
0*
#1885000
b101111010 #
b101111010 O
b101111010 X
b11010001 U
b10110110 T
b10111100 5
b1011010 4
b1011010 G
b101001 I
b10111011 :
b1010110 B
b100111 8
b11100111 =
b11 >
b1000000 E
0/
03
1*
#1890000
b11000100 '
b11000100 K
b1 (
b1 L
b1110110 )
b1110110 M
b11100011 +
b11100011 N
02
b11011101001000001001111101001 0
b10001111101100101000011100101111 J
0*
#1895000
b110000111 #
b110000111 O
b110000111 X
0V
b10111101 5
b10111100 :
b1010111 B
b101000 8
b11101010 =
b101111010 -
b11000100000000010111011011100011 .
1*
#1900000
12
b110111010010000010011111010010 0
b11011101001000001001111101001 J
0*
#1905000
0"
0W
b101011001 U
b11000101 T
1V
b10111110 5
b1011011 4
b1011011 G
b101010 I
b10111101 :
b1011000 B
b101001 8
b11101100 =
b10 >
b1000001 E
b110000111 -
1*
#1910000
b100110 '
b100110 K
b10111100 (
b10111100 L
b1010011 )
b1010011 M
b10100110 +
b10100110 N
b1101110100100000100111110100100 0
b110111010010000010011111010010 J
0*
#1915000
1"
b1000011110 #
b1000011110 O
b1000011110 X
1W
b11111001 U
b11100010 T
b10111111 5
b1011100 4
b1011100 G
b101011 I
b100110101111000101001110100110 .
1*
#1920000
0!
0R
0S
b1100011 '
b1100011 K
b1010100 (
b1010100 L
b1111 )
b1111 M
b101001 +
b101001 N
02
0,
b11011101001000001001111101001000 0
b1101110100100000100111110100100 J
0*
#1925000
b11000000 5
b101001 F
b1000011110 -
1/
b1100011010101000000111100101001 .
1*
#1930000
1!
1R
1S
12
1,
b10111110100000000010001100100111 0
b11011101001000001001111101001000 J
0*
#1935000
b111011011 #
b111011011 O
b111011011 X
b111000 U
b10110111 T
b11000001 5
b1011101 4
b1011101 G
b101100 I
b11000000 :
b1011001 B
b101010 8
b11101111 =
b11 >
b1000010 E
0/
1*
#1940000
b10001001 '
b10001001 K
b1111 (
b1111 L
b10001000 )
b10001000 M
b10110 +
b10110 N
02
b1111001110000010101101111111001 0
b10111110100000000010001100100111 J
0*
#1945000
b11101111 #
b11101111 O
b11101111 X
0V
b11000010 5
b11000001 :
b1011010 B
b101011 8
b11110010 =
b111011011 -
b10001001000011111000100000010110 .
1*
#1950000
12
b11110011100000101011011111110010 0
b1111001110000010101101111111001 J
0*
#1955000
0"
0W
b10011110 U
b10011000 T
1V
b11000011 5
b1011110 4
b1011110 G
b101101 I
b11000010 :
b1011011 B
b101100 8
b11110100 =
b10 >
b1000011 E
b11101111 -
1*
#1960000
b11001100 '
b11001100 K
b1101 (
b1101 L
b1111 )
b1111 M
b11010001 +
b11010001 N
b11100011110001000111001001010011 0
b11110011100000101011011111110010 J
0*
#1965000
1"
b100110110 #
b100110110 O
b100110110 X
1W
b11100000 U
b11011001 T
b11000100 5
b1011111 4
b1011111 G
b101110 I
b11001100000011010000111111010001 .
1*
#1970000
b10011100 '
b10011100 K
b10111011 (
b10111011 L
b1100010 )
b1100010 M
b10011010 +
b10011010 N
02
b11000011010010011111100100010001 0
b11100011110001000111001001010011 J
0*
#1975000
b110111001 #
b110111001 O
b110111001 X
0V
b11000101 5
b11000100 :
b1011100 B
b101101 8
b11110110 =
b100110110 -
b10011100101110110110001010011010 .
1*
#1980000
12
b10000010010100101110111110010101 0
b11000011010010011111100100010001 J
0*
#1985000
0"
0W
b11111100 U
b101010111 T
1V
b11000110 5
b1100000 4
b1100000 G
b101111 I
b11000101 :
b1011101 B
b101110 8
b11111000 =
b1000100 E
b110111001 -
1*
#1990000
b1101 '
b1101 K
b1000101 (
b1000101 L
b11011110 )
b11011110 M
b1000001 +
b1000001 N
b11001001100001010011101 0
b10000010010100101110111110010101 J
0*
#1995000
1"
b1001010011 #
b1001010011 O
b1001010011 X
1W
b100011111 U
b1010010 T
b11000111 5
b1100001 4
b1100001 G
b110000 I
b1101010001011101111001000001 .
1*
#2000000
b1111101 '
b1111101 K
b100010 (
b100010 L
b10101111 )
b10101111 M
b10000000 +
b10000000 N
b110010011000010100111010 0
b11001001100001010011101 J
0*
#2005000
b101110001 #
b101110001 O
b101110001 X
b100101111 U
b10011111 T
b11001000 5
b1100010 4
b1100010 G
b110001 I
b11000111 :
b1011110 B
b101111 8
b11111010 =
b1000101 E
b1001010011 -
b1111101001000101010111110000000 .
1*
#2010000
b11011110 '
b11011110 K
b10110001 (
b10110001 L
b1100000 )
b1100000 M
b1010101 +
b1010101 N
b1100100110000101001110100 0
b110010011000010100111010 J
0*
#2015000
b111001110 #
b111001110 O
b111001110 X
b10110101 U
b110001111 T
b11001001 5
b1100011 4
b1100011 G
b110010 I
b11001000 :
b1011111 B
b110000 8
b11111100 =
b1000110 E
b101110001 -
b11011110101100010110000001010101 .
1*
#2020000
b1101010 '
b1101010 K
b1000010 (
b1000010 L
b11000101 )
b11000101 M
b111101 +
b111101 N
02
b11001001100001010011101000 0
b1100100110000101001110100 J
0*
#2025000
b1001000100 #
b1001000100 O
b1001000100 X
0V
b11001010 5
b11001001 :
b1100000 B
b110001 8
b11111110 =
b111001110 -
b1101010010000101100010100111101 .
1*
#2030000
b110010011000010100111010000 0
b11001001100001010011101000 J
0*
#2035000
0"
0W
b11001011 5
b11001010 :
b1100001 B
b110010 8
b100000000 =
b1001000100 -
1*
#2040000
b1100100110000101001110100000 0
b110010011000010100111010000 J
0*
#2045000
b11001100 5
1*
#2050000
0,
b11001001100001010011101000000 0
b1100100110000101001110100000 J
0*
#2055000
b11001101 5
1*
#2060000
b110010011000010100111010000000 0
b11001001100001010011101000000 J
0*
#2065000
b11001110 5
1*
#2070000
b1100100110000101001110100000000 0
b110010011000010100111010000000 J
0*
#2075000
b11001111 5
1*
#2080000
b11001001100001010011101000000000 0
b1100100110000101001110100000000 J
0*
#2085000
b11010000 5
1*
#2090000
12
1,
b10010111110010110110100110110111 0
b11001001100001010011101000000000 J
0*
#2095000
b100000010 U
b10101100 T
1V
b11010001 5
b1100100 4
b1100100 G
b110011 I
1*
#2100000
b10101110 '
b10101110 K
b1111100 (
b1111100 L
b10100010 )
b10100010 M
b101111 +
b101111 N
02
b101011010101111100111011011001 0
b10010111110010110110100110110111 J
0*
#2105000
1"
b110101110 #
b110101110 O
b110101110 X
1W
0V
b11010010 5
b10101110011111001010001000101111 .
1*
#2110000
12
b1010110101011111001110110110010 0
b101011010101111100111011011001 J
0*
#2115000
0"
0W
b11010001 U
b100101010 T
1V
b11010011 5
b1100101 4
b1100101 G
b110100 I
b11010010 :
b1100010 B
b110011 8
b100000010 =
b1000111 E
b110101110 -
1*
#2120000
b101111 '
b101111 K
b10010000 (
b10010000 L
b11110100 )
b11110100 M
b1100 +
b1100 N
b10101101010111110011101101100100 0
b1010110101011111001110110110010 J
0*
#2125000
1"
b111111011 #
b111111011 O
b111111011 X
1W
b100000000 U
b10111111 T
b11010100 5
b1100110 4
b1100110 G
b110101 I
b101111100100001111010000001100 .
1*
#2130000
b11111010 '
b11111010 K
b1011110 (
b1011110 L
b10101110 )
b10101110 M
b1111 +
b1111 N
b1011110011111110110101101111111 0
b10101101010111110011101101100100 J
0*
#2135000
b110111111 #
b110111111 O
b110111111 X
b10111101 U
b101011000 T
b11010101 5
b1100111 4
b1100111 G
b110110 I
b11010100 :
b1100011 B
b110100 8
b100000100 =
b1001000 E
b111111011 -
b11111010010111101010111000001111 .
1*
#2140000
b11100100 '
b11100100 K
b1001100 (
b1001100 L
b10101000 )
b10101000 M
b11011011 +
b11011011 N
b10111100111111101101011011111110 0
b1011110011111110110101101111111 J
0*
#2145000
b1000010101 #
b1000010101 O
b1000010101 X
b110000011 U
b100110000 T
b11010110 5
b1101000 4
b1101000 G
b110111 I
b11010101 :
b1100100 B
b110101 8
b100000110 =
b1001001 E
b110111111 -
b11100100010011001010100011011011 .
1*
#2150000
0!
0R
0S
b1101001 '
b1101001 K
b1011110 (
b1011110 L
b1111110 )
b1111110 M
b10001000 +
b10001000 N
0,
b1111101001111001011000001001011 0
b10111100111111101101011011111110 J
0*
#2155000
b11010111 5
b101010 F
b100100 H
b1000010101 -
1/
b1101001010111100111111010001000 .
13
1*
#2160000
1!
1R
1S
1,
b11111010011110010110000010010110 0
b1111101001111001011000001001011 J
0*
#2165000
b1010110011 #
b1010110011 O
b1010110011 X
b100000110 U
b11000111 T
b11011000 5
b1101001 4
b1101001 G
b111000 I
b11010111 :
b1100101 B
b110110 8
b100001001 =
b11 >
b1001010 E
0/
03
1*
#2170000
b10111100 '
b10111100 K
b1100 (
b1100 L
b10101111 )
b10101111 M
b110010 +
b110010 N
b11110000001100111101110010011011 0
b11111010011110010110000010010110 J
0*
#2175000
b111001101 #
b111001101 O
b111001101 X
b11100001 U
b11001000 T
b11011001 5
b1101010 4
b1101010 G
b111001 I
b11011000 :
b1100110 B
b110111 8
b100001100 =
b1001011 E
b1010110011 -
b10111100000011001010111100110010 .
1*
#2180000
0!
0R
0S
b1101 '
b1101 K
b11111110 (
b11111110 L
b11000011 )
b11000011 M
b10010010 +
b10010010 N
02
0,
b11100100101001101010010010000001 0
b11110000001100111101110010011011 J
0*
#2185000
b11011010 5
b101011 F
b111001101 -
1/
b1101111111101100001110010010 .
1*
#2190000
1!
1R
1S
12
1,
b11001101100011000101010010110101 0
b11100100101001101010010010000001 J
0*
#2195000
b110101001 #
b110101001 O
b110101001 X
b101010101 U
b100001011 T
b11011011 5
b1101011 4
b1101011 G
b111010 I
b11011010 :
b1100111 B
b111000 8
b100001111 =
b1001100 E
0/
1*
#2200000
b1011001 '
b1011001 K
b11000101 (
b11000101 L
b1000111 )
b1000111 M
b100011 +
b100011 N
b10011111110110011011010011011101 0
b11001101100011000101010010110101 J
0*
#2205000
b1001100000 #
b1001100000 O
b1001100000 X
b1101010 U
b100011110 T
b11011100 5
b1101100 4
b1101100 G
b111011 I
b11011011 :
b1101000 B
b111001 8
b100010010 =
b1001101 E
b110101001 -
b1011001110001010100011100100011 .
1*
#2210000
0!
0R
0S
b10010 '
b10010 K
b10 (
b10 L
b101010 )
b101010 M
b11001110 +
b11001110 N
0,
b111011011100100111010000001101 0
b10011111110110011011010011011101 J
0*
#2215000
b11011101 5
b101100 F
b100101 H
b1001100000 -
1/
b10010000000100010101011001110 .
13
1*
#2220000
1!
1R
1S
1,
b1110110111001001110100000011010 0
b111011011100100111010000001101 J
0*
#2225000
b110001000 #
b110001000 O
b110001000 X
b11111000 U
b10100 T
b11011110 5
b1101101 4
b1101101 G
b111100 I
b11011101 :
b1101001 B
b111010 8
b100010101 =
b1001110 E
0/
03
1*
#2230000
b11111110 '
b11111110 K
b10001101 (
b10001101 L
b110100 )
b110100 M
b111001 +
b111001 N
b11101101110010011101000000110100 0
b1110110111001001110100000011010 J
0*
#2235000
b100001100 #
b100001100 O
b100001100 X
b1101101 U
b110001011 T
b11011111 5
b1101110 4
b1101110 G
b111101 I
b11011110 :
b1101010 B
b111011 8
b100011000 =
b1001111 E
b110001000 -
b11111110100011010011010000111001 .
1*
#2240000
b10101011 '
b10101011 K
b1111000 (
b1111000 L
b101001 )
b101001 M
b1001001 +
b1001001 N
b11011111010100101011110111011111 0
b11101101110010011101000000110100 J
0*
#2245000
b111111000 #
b111111000 O
b111111000 X
b1110010 U
b100100011 T
b11100000 5
b1101111 4
b1101111 G
b111110 I
b11011111 :
b1101011 B
b111100 8
b100011010 =
b10 >
b1010000 E
b100001100 -
b10101011011110000010100101001001 .
1*
#2250000
0!
0R
0S
b11100000 '
b11100000 K
b1011101 (
b1011101 L
b10110010 )
b10110010 M
b10010010 +
b10010010 N
02
0,
b10111010011001000110011000001001 0
b11011111010100101011110111011111 J
0*
#2255000
b11100001 5
b101101 F
b111111000 -
1/
b11100000010111011011001010010010 .
1*
#2260000
1!
1R
1S
12
1,
b1110000000010011101000110100101 0
b10111010011001000110011000001001 J
0*
#2265000
b110010101 #
b110010101 O
b110010101 X
b101000100 U
b100111101 T
b11100010 5
b1110000 4
b1110000 G
b111111 I
b11100001 :
b1101100 B
b111101 8
b100011101 =
b11 >
b1010001 E
0/
1*
#2270000
0!
0R
0S
b11001010 '
b11001010 K
b1001110 (
b1001110 L
b10100000 )
b10100000 M
b100011 +
b100011 N
0,
b11100000000100111010001101001010 0
b1110000000010011101000110100101 J
0*
#2275000
b11100011 5
b101110 F
b100110 H
b110010101 -
1/
b11001010010011101010000000100011 .
13
1*
#2280000
1!
1R
1S
1,
b11000100111001100101101100100011 0
b11100000000100111010001101001010 J
0*
#2285000
b1010000001 #
b1010000001 O
b1010000001 X
b11000011 U
b100011000 T
b11100100 5
b1110001 4
b1110001 G
b1000000 I
b11100011 :
b1101101 B
b111110 8
b100100001 =
b100 >
b1010010 E
0/
03
1*
#2290000
b10001000 '
b10001000 K
b1011110 (
b1011110 L
b11011101 )
b11011101 M
b1100010 +
b1100010 N
02
b10001101000011011010101111110001 0
b11000100111001100101101100100011 J
0*
#2295000
b111011011 #
b111011011 O
b111011011 X
0V
b11100101 5
b11100100 :
b1101110 B
b111111 8
b100100100 =
b11 >
b1010000001 -
b10001000010111101101110101100010 .
1*
#2300000
12
b11110110110100100101001010101 0
b10001101000011011010101111110001 J
0*
#2305000
0"
0W
b100111111 U
b11100110 T
1V
b11100110 5
b1110010 4
b1110010 G
b1000001 I
b11100101 :
b1101111 B
b1000000 8
b100100110 =
b10 >
b1010011 E
b111011011 -
1*
#2310000
b10111101 '
b10111101 K
b11010101 (
b11010101 L
b1010011 )
b1010011 M
b110011 +
b110011 N
b111101101101001001010010101010 0
b11110110110100100101001010101 J
0*
#2315000
1"
b1000100101 #
b1000100101 O
b1000100101 X
1W
b10000110 U
b110010010 T
b11100111 5
b1110011 4
b1110011 G
b1000010 I
b10111101110101010101001100110011 .
1*
#2320000
b1011 '
b1011 K
b101010 (
b101010 L
b10101101 )
b10101101 M
b1010 +
b1010 N
b1111011011010010010100101010100 0
b111101101101001001010010101010 J
0*
#2325000
b1000011000 #
b1000011000 O
b1000011000 X
b10110111 U
b110101 T
b11101000 5
b1110100 4
b1110100 G
b1000011 I
b11100111 :
b1110000 B
b1000001 8
b100101000 =
b1010100 E
b1000100101 -
b1011001010101010110100001010 .
1*
#2330000
b101001 '
b101001 K
b1100001 (
b1100001 L
b101000 )
b101000 M
b11100100 +
b11100100 N
02
b11110110110100100101001010101000 0
b1111011011010010010100101010100 J
0*
#2335000
b11101100 #
b11101100 O
b11101100 X
0V
b11101001 5
b11101000 :
b1110001 B
b1000010 8
b100101010 =
b1000011000 -
b101001011000010010100011100100 .
1*
#2340000
12
b11101001011001011011100011100111 0
b11110110110100100101001010101000 J
0*
#2345000
0"
0W
b100001100 U
b10001010 T
1V
b11101010 5
b1110101 4
b1110101 G
b1000100 I
b11101001 :
b1110010 B
b1000011 8
b100101100 =
b1010101 E
b11101100 -
1*
#2350000
b100000 '
b100000 K
b1010111 (
b1010111 L
b10111110 )
b10111110 M
b10110111 +
b10110111 N
02
b11010110000010100110110001111001 0
b11101001011001011011100011100111 J
0*
#2355000
1"
b110010110 #
b110010110 O
b110010110 X
1W
0V
b11101011 5
b100000010101111011111010110111 .
1*
#2360000
0S
12
0,
b10101000110101011100010101000101 0
b11010110000010100110110001111001 J
0*
#2365000
0!
0R
b101110101 U
b1110111 T
1V
b11101100 5
b1110110 4
b1110110 G
b1000101 I
b101111 F
b110010110 -
1/
1*
#2370000
1!
1R
1S
b10101010 '
b10101010 K
b11011110 (
b11011110 L
b11100100 )
b11100100 M
b0 +
b0 N
1,
b1010101011010101001011100111101 0
b10101000110101011100010101000101 J
0*
#2375000
b111101100 #
b111101100 O
b111101100 X
b11100100 U
b110001000 T
b11101101 5
b1110111 4
b1110111 G
b1000110 I
b11101100 :
b1110011 B
b1000100 8
b100101111 =
b11 >
b1010110 E
0/
b10101010110111101110010000000000 .
1*
#2380000
b1100101 '
b1100101 K
b1010111 (
b1010111 L
b11100011 )
b11100011 M
b11011 +
b11011 N
b10101010110101010010111001111010 0
b1010101011010101001011100111101 J
0*
#2385000
b1001101100 #
b1001101100 O
b1001101100 X
b11111110 U
b10111100 T
b11101110 5
b1111000 4
b1111000 G
b1000111 I
b11101101 :
b1110100 B
b1000101 8
b100110001 =
b10 >
b1010111 E
b111101100 -
b1100101010101111110001100011011 .
1*
#2390000
0!
0R
0S
b1010101 '
b1010101 K
b10100111 (
b10100111 L
b101000 )
b101000 M
b10100101 +
b10100101 N
0,
b1010001011010110100000101000011 0
b10101010110101010010111001111010 J
0*
#2395000
b11101111 5
b110000 F
b100111 H
b1001101100 -
1/
b1010101101001110010100010100101 .
13
1*
#2400000
b10100010110101101000001010000110 0
b1010001011010110100000101000011 J
0*
#2405000
b11110000 5
b110001 F
b101000 H
1*
#2410000
1!
1R
1S
1,
b1000001011011000001100010111011 0
b10100010110101101000001010000110 J
0*
#2415000
b110111010 #
b110111010 O
b110111010 X
b11001101 U
b11111100 T
b11110001 5
b1111001 4
b1111001 G
b1001000 I
b11110000 :
b1110101 B
b1000110 8
b100110101 =
b100 >
b1011000 E
0/
03
1*
#2420000
b11101001 '
b11101001 K
b10100010 (
b10100010 L
b11111110 )
b11111110 M
b11010111 +
b11010111 N
b10000010110110000011000101110110 0
b1000001011011000001100010111011 J
0*
#2425000
b111001001 #
b111001001 O
b111001001 X
b111010101 U
b110001011 T
b11110010 5
b1111010 4
b1111010 G
b1001001 I
b11110001 :
b1110110 B
b1000111 8
b100111001 =
b1011001 E
b110111010 -
b11101001101000101111111011010111 .
1*
#2430000
b110101 '
b110101 K
b11011010 (
b11011010 L
b1010011 )
b1010011 M
b1101011 +
b1101011 N
b1011100010111111101011011 0
b10000010110110000011000101110110 J
0*
#2435000
b1101100000 #
b1101100000 O
b1101100000 X
b10111110 U
b100001111 T
b11110011 5
b1111011 4
b1111011 G
b1001010 I
b11110010 :
b1110111 B
b1001000 8
b100111011 =
b10 >
b1011010 E
b111001001 -
b110101110110100101001101101011 .
1*
#2440000
b1110100 '
b1110100 K
b10101001 (
b10101001 L
b1110 )
b1110 M
b11011101 +
b11011101 N
b10111000101111111010110110 0
b1011100010111111101011011 J
0*
#2445000
b111001101 #
b111001101 O
b111001101 X
b11101011 U
b100011101 T
b11110100 5
b1111100 4
b1111100 G
b1001011 I
b11110011 :
b1111000 B
b1001001 8
b100111101 =
b1011011 E
b1101100000 -
b1110100101010010000111011011101 .
1*
#2450000
b10011111 '
b10011111 K
b11111101 (
b11111101 L
b11010010 )
b11010010 M
b10001110 +
b10001110 N
b101110001011111110101101100 0
b10111000101111111010110110 J
0*
#2455000
b1000001000 #
b1000001000 O
b1000001000 X
b101100000 U
b110011100 T
b11110101 5
b1111101 4
b1111101 G
b1001100 I
b11110100 :
b1111001 B
b1001010 8
b100111111 =
b1011100 E
b111001101 -
b10011111111111011101001010001110 .
1*
#2460000
b100100 '
b100100 K
b1000000 (
b1000000 L
b101100 )
b101100 M
b1000001 +
b1000001 N
02
b1011100010111111101011011000 0
b101110001011111110101101100 J
0*
#2465000
b1011111100 #
b1011111100 O
b1011111100 X
0V
b11110110 5
b11110101 :
b1111010 B
b1001011 8
b101000001 =
b1000001000 -
b100100010000000010110001000001 .
1*
#2470000
b10111000101111111010110110000 0
b1011100010111111101011011000 J
0*
#2475000
0"
0W
b11110111 5
b11110110 :
b1111011 B
b1001100 8
b101000011 =
b1011111100 -
1*
#2480000
b101110001011111110101101100000 0
b10111000101111111010110110000 J
0*
#2485000
b11111000 5
1*
#2490000
0,
b1011100010111111101011011000000 0
b101110001011111110101101100000 J
0*
#2495000
b11111001 5
1*
#2500000
b10111000101111111010110110000000 0
b1011100010111111101011011000000 J
0*
#2505000
b11111010 5
1*
#2510000
12
1,
b1110101101111100100011010110111 0
b10111000101111111010110110000000 J
0*
#2515000
b1101101 U
b1100100 T
1V
b11111011 5
b1111110 4
b1111110 G
b1001101 I
1*
#2520000
b10110101 '
b10110101 K
b11101110 (
b11101110 L
b1111110 )
b1111110 M
b0 +
b0 N
b11101011011111001000110101101110 0
b1110101101111100100011010110111 J
0*
#2525000
1"
b11010001 #
b11010001 O
b11010001 X
1W
b1111110 U
b110100011 T
b11111100 5
b1111111 4
b1111111 G
b1001110 I
b10110101111011100111111000000000 .
1*
#2530000
b1011101 '
b1011101 K
b1011 (
b1011 L
b10111100 )
b10111100 M
b11011000 +
b11011000 N
b11010010001110000000011101101011 0
b11101011011111001000110101101110 J
0*
#2535000
b1000100001 #
b1000100001 O
b1000100001 X
b110010100 U
b1101000 T
b11111101 5
b10000000 4
b10000000 G
b1001111 I
b11111100 :
b1111100 B
b1001101 8
b101000101 =
b1011101 E
b11010001 -
b1011101000010111011110011011000 .
1*
#2540000
b10011110 '
b10011110 K
b111001 (
b111001 L
b11110110 )
b11110110 M
b1001011 +
b1001011 N
02
b10100000101100010001001101100001 0
b11010010001110000000011101101011 J
0*
#2545000
b111111100 #
b111111100 O
b111111100 X
0V
b11111110 5
b11111101 :
b1111101 B
b1001110 8
b101000111 =
b1000100001 -
b10011110001110011111011001001011 .
1*
#2550000
12
b1000101101000110011101101110101 0
b10100000101100010001001101100001 J
0*
#2555000
0"
0W
b101000001 U
b11010111 T
1V
b11111111 5
b10000001 4
b10000001 G
b1010000 I
b11111110 :
b1111110 B
b1001111 8
b101001001 =
b1011110 E
b111111100 -
1*
#2560000
b1111010 '
b1111010 K
b11101001 (
b11101001 L
b11101000 )
b11101000 M
b11011000 +
b11011000 N
b10001011010001100111011011101010 0
b1000101101000110011101101110101 J
0*
#2565000
1"
b1000011000 #
b1000011000 O
b1000011000 X
1W
b111000000 U
b101100011 T
b100000000 5
b10000010 4
b10000010 G
b1010001 I
b1111010111010011110100011011000 .
1*
#2570000
b10100010 '
b10100010 K
b1011101 (
b1011101 L
b1001100 )
b1001100 M
b1100 +
b1100 N
b10010010011011111000001100011 0
b10001011010001100111011011101010 J
0*
#2575000
b1100100011 #
b1100100011 O
b1100100011 X
b1011000 U
b11111111 T
b100000001 5
b10000011 4
b10000011 G
b1010010 I
b100000000 :
b1111111 B
b1010000 8
b101001011 =
b1011111 E
b1000011000 -
b10100010010111010100110000001100 .
1*
#2580000
0!
0R
0S
b10100111 '
b10100111 K
b11111110 (
b11111110 L
b1011001 )
b1011001 M
b1101000 +
b1101000 N
0,
b100100100110111110000011000110 0
b10010010011011111000001100011 J
0*
#2585000
b100000010 5
b110010 F
b101001 H
b1100100011 -
1/
b10100111111111100101100101101000 .
13
1*
#2590000
b1001001001101111100000110001100 0
b100100100110111110000011000110 J
0*
#2595000
b100000011 5
b110011 F
b101010 H
1*
#2600000
1!
1R
1S
1,
b10010010011011111000001100011000 0
b1001001001101111100000110001100 J
0*
#2605000
b101010111 #
b101010111 O
b101010111 X
b11000001 U
b110100101 T
b100000100 5
b10000100 4
b10000100 G
b1010011 I
b100000011 :
b10000000 B
b1010001 8
b101001111 =
b100 >
b1100000 E
0/
03
1*
#2610000
0!
0R
0S
b11101001 '
b11101001 K
b11110001 (
b11110001 L
b1110011 )
b1110011 M
b11111010 +
b11111010 N
0,
b100000000111100001101110000111 0
b10010010011011111000001100011000 J
0*
#2615000
b100000101 5
b110100 F
b101011 H
b101010111 -
1/
b11101001111100010111001111111010 .
13
1*
#2620000
b1000000001111000011011100001110 0
b100000000111100001101110000111 J
0*
#2625000
b100000110 5
b110101 F
b101100 H
1*
#2630000
1!
1R
1S
1,
b10000000011110000110111000011100 0
b1000000001111000011011100001110 J
0*
#2635000
b1001100110 #
b1001100110 O
b1001100110 X
b101101101 U
b111011010 T
b100000111 5
b10000101 4
b10000101 G
b1010100 I
b100000110 :
b10000001 B
b1010010 8
b101010101 =
b110 >
b1100001 E
0/
03
1*
#2640000
0!
0R
0S
b101011 '
b101011 K
b11111111 (
b11111111 L
b11001 )
b11001 M
b1010100 +
b1010100 N
0,
b100001100011100000110001111 0
b10000000011110000110111000011100 J
0*
#2645000
b100001000 5
b110110 F
b101101 H
b1001100110 -
1/
b101011111111110001100101010100 .
13
1*
#2650000
1!
1R
1S
1,
b1000011000111000001100011110 0
b100001100011100000110001111 J
0*
#2655000
b1101000111 #
b1101000111 O
b1101000111 X
b1101101 U
b100101010 T
b100001001 5
b10000110 4
b10000110 G
b1010101 I
b100001000 :
b10000010 B
b1010011 8
b101011010 =
b101 >
b1100010 E
0/
03
1*
#2660000
b11010000 '
b11010000 K
b11111000 (
b11111000 L
b111110 )
b111110 M
b11100000 +
b11100000 N
b10000110001110000011000111100 0
b1000011000111000001100011110 J
0*
#2665000
b110010111 #
b110010111 O
b110010111 X
b100011110 U
b111001000 T
b100001010 5
b10000111 4
b10000111 G
b1010110 I
b100001001 :
b10000011 B
b1010100 8
b101011101 =
b11 >
b1100011 E
b1101000111 -
b11010000111110000011111011100000 .
1*
#2670000
b11001010 '
b11001010 K
b10011010 (
b10011010 L
b10000110 )
b10000110 M
b10011001 +
b10011001 N
02
b100001100011100000110001111000 0
b10000110001110000011000111100 J
0*
#2675000
b1011100110 #
b1011100110 O
b1011100110 X
0V
b100001011 5
b100001010 :
b10000100 B
b1010101 8
b101011111 =
b10 >
b110010111 -
b11001010100110101000011010011001 .
1*
#2680000
b1000011000111000001100011110000 0
b100001100011100000110001111000 J
0*
#2685000
0"
0W
b100001100 5
b100001011 :
b10000101 B
b1010110 8
b101100001 =
b1011100110 -
1*
#2690000
b10000110001110000011000111100000 0
b1000011000111000001100011110000 J
0*
#2695000
b100001101 5
1*
#2700000
12
b1000101100010111111001110111 0
b10000110001110000011000111100000 J
0*
#2705000
b100011111 U
b101100100 T
1V
b100001110 5
b10001000 4
b10001000 G
b1010111 I
1*
#2710000
b11001101 '
b11001101 K
b11011000 (
b11011000 L
b1111101 )
b1111101 M
b1000101 +
b1000101 N
b10001011000101111110011101110 0
b1000101100010111111001110111 J
0*
#2715000
1"
b1010000011 #
b1010000011 O
b1010000011 X
1W
b11000010 U
b110100101 T
b100001111 5
b10001001 4
b10001001 G
b1011000 I
b11001101110110000111110101000101 .
1*
#2720000
b11011000 '
b11011000 K
b10110001 (
b10110001 L
b100110 )
b100110 M
b1111 +
b1111 N
b100010110001011111100111011100 0
b10001011000101111110011101110 J
0*
#2725000
b1001100111 #
b1001100111 O
b1001100111 X
b110101 U
b110001001 T
b100010000 5
b10001010 4
b10001010 G
b1011001 I
b100001111 :
b10000110 B
b1010111 8
b101100011 =
b1100100 E
b1010000011 -
b11011000101100010010011000001111 .
1*
#2730000
b11101100 '
b11101100 K
b101001 (
b101001 L
b1000011 )
b1000011 M
b111000 +
b111000 N
02
b1000101100010111111001110111000 0
b100010110001011111100111011100 J
0*
#2735000
b110111110 #
b110111110 O
b110111110 X
0V
b100010001 5
b100010000 :
b10000111 B
b1011000 8
b101100101 =
b1001100111 -
b11101100001010010100001100111000 .
1*
#2740000
b10001011000101111110011101110000 0
b1000101100010111111001110111000 J
0*
#2745000
0"
0W
b100010010 5
b100010001 :
b10001000 B
b1011001 8
b101100111 =
b110111110 -
1*
#2750000
12
b10010111011101101001101010111 0
b10001011000101111110011101110000 J
0*
#2755000
b1111011 U
b100010101 T
1V
b100010011 5
b10001011 4
b10001011 G
b1011010 I
1*
#2760000
b1101110 '
b1101110 K
b11001 (
b11001 L
b11111111 )
b11111111 M
b11001001 +
b11001001 N
b100101110111011010011010101110 0
b10010111011101101001101010111 J
0*
#2765000
1"
b110010000 #
b110010000 O
b110010000 X
1W
b111001000 U
b10000111 T
b100010100 5
b10001100 4
b10001100 G
b1011011 I
b1101110000110011111111111001001 .
1*
#2770000
b100110 '
b100110 K
b10010010 (
b10010010 L
b10001000 )
b10001000 M
b1100101 +
b1100101 N
b1001011101110110100110101011100 0
b100101110111011010011010101110 J
0*
#2775000
b1001001111 #
b1001001111 O
b1001001111 X
b11101101 U
b10111000 T
b100010101 5
b10001101 4
b10001101 G
b1011100 I
b100010100 :
b10001001 B
b1011010 8
b101101001 =
b1100101 E
b110010000 -
b100110100100101000100001100101 .
1*
#2780000
b10010011 '
b10010011 K
b1100110 (
b1100110 L
b10111000 )
b10111000 M
b10011101 +
b10011101 N
02
b10010111011101101001101010111000 0
b1001011101110110100110101011100 J
0*
#2785000
b110100101 #
b110100101 O
b110100101 X
0V
b100010110 5
b100010101 :
b10001010 B
b1011011 8
b101101011 =
b1001001111 -
b10010011011001101011100010011101 .
1*
#2790000
0S
12
0,
b101010001011000010100011000111 0
b10010111011101101001101010111000 J
0*
#2795000
0!
0R
b101010101 U
b11111001 T
1V
b100010111 5
b10001110 4
b10001110 G
b1011101 I
b110111 F
b110100101 -
1/
1*
#2800000
b10010111 '
b10010111 K
b11001 (
b11001 L
b10101110 )
b10101110 M
b10111101 +
b10111101 N
b1010100010110000101000110001110 0
b101010001011000010100011000111 J
0*
#2805000
b100011000 5
b111000 F
b101110 H
b10010111000110011010111010111101 .
13
1*
#2810000
1!
1R
1S
1,
b10101000101100001010001100011100 0
b1010100010110000101000110001110 J
0*
#2815000
b1001001110 #
b1001001110 O
b1001001110 X
b101101011 U
b10110000 T
b100011001 5
b10001111 4
b10001111 G
b1011110 I
b100011000 :
b10001011 B
b1011100 8
b101101111 =
b100 >
b1100110 E
0/
03
1*
#2820000
0!
0R
0S
b1010000 '
b1010000 K
b11110110 (
b11110110 L
b110100 )
b110100 M
b1000111 +
b1000111 N
0,
b1010101101000000101101110001111 0
b10101000101100001010001100011100 J
0*
#2825000
b100011010 5
b111001 F
b101111 H
b1001001110 -
1/
b1010000111101100011010001000111 .
13
1*
#2830000
1!
1R
1S
1,
b10101011010000001011011100011110 0
b1010101101000000101101110001111 J
0*
#2835000
b1000011011 #
b1000011011 O
b1000011011 X
b1111011 U
b101000110 T
b100011011 5
b10010000 4
b10010000 G
b1011111 I
b100011010 :
b10001100 B
b1011101 8
b101110011 =
b1100111 E
0/
03
1*
#2840000
0!
0R
0S
b11110011 '
b11110011 K
b10111010 (
b10111010 L
b10010001 )
b10010001 M
b1101100 +
b1101100 N
0,
b1010010010000000111001110001011 0
b10101011010000001011011100011110 J
0*
#2845000
b100011100 5
b111010 F
b110000 H
b1000011011 -
1/
b11110011101110101001000101101100 .
13
1*
#2850000
1!
1R
1S
1,
b10100100100000001110011100010110 0
b1010010010000000111001110001011 J
0*
#2855000
b111000001 #
b111000001 O
b111000001 X
b11111101 U
b110101101 T
b100011101 5
b10010001 4
b10010001 G
b1100000 I
b100011100 :
b10001101 B
b1011110 8
b101110111 =
b1101000 E
0/
03
1*
#2860000
b1010000 '
b1010000 K
b1000100 (
b1000100 L
b111011 )
b111011 M
b11000101 +
b11000101 N
b1001101110000001101001110011011 0
b10100100100000001110011100010110 J
0*
#2865000
b1010101010 #
b1010101010 O
b1010101010 X
b100000000 U
b10010100 T
b100011110 5
b10010010 4
b10010010 G
b1100001 I
b100011101 :
b10001110 B
b1011111 8
b101111010 =
b11 >
b1101001 E
b111000001 -
b1010000010001000011101111000101 .
1*
#2870000
b1 '
b1 K
b100010 (
b100010 L
b111101 )
b111101 M
b1110101 +
b1110101 N
b10011011100000011010011100110110 0
b1001101110000001101001110011011 J
0*
#2875000
b110010100 #
b110010100 O
b110010100 X
b10110010 U
b100011 T
b100011111 5
b10010011 4
b10010011 G
b1100010 I
b100011110 :
b10001111 B
b1100000 8
b101111100 =
b10 >
b1101010 E
b1010101010 -
b1001000100011110101110101 .
1*
#2880000
b10101110 '
b10101110 K
b101010 (
b101010 L
b11101011 )
b11101011 M
b1011101 +
b1011101 N
b110011110000100101001111011011 0
b10011011100000011010011100110110 J
0*
#2885000
b11010101 #
b11010101 O
b11010101 X
b101001000 U
b11011000 T
b100100000 5
b10010100 4
b10010100 G
b1100011 I
b100011111 :
b10010000 B
b1100001 8
b101111110 =
b1101011 E
b110010100 -
b10101110001010101110101101011101 .
1*
#2890000
b110001 '
b110001 K
b1010001 (
b1010001 L
b10101011 )
b10101011 M
b11101 +
b11101 N
b1100111100001001010011110110110 0
b110011110000100101001111011011 J
0*
#2895000
b1000100000 #
b1000100000 O
b1000100000 X
b11001000 U
b10000010 T
b100100001 5
b10010101 4
b10010101 G
b1100100 I
b100100000 :
b10010001 B
b1100010 8
b110000000 =
b1101100 E
b11010101 -
b110001010100011010101100011101 .
1*
#2900000
b1010001 '
b1010001 K
b1000011 (
b1000011 L
b1111110 )
b1111110 M
b1100011 +
b1100011 N
b11001111000010010100111101101100 0
b1100111100001001010011110110110 J
0*
#2905000
b101001010 #
b101001010 O
b101001010 X
b11100001 U
b10010100 T
b100100010 5
b10010110 4
b10010110 G
b1100101 I
b100100001 :
b10010010 B
b1100011 8
b110000010 =
b1101101 E
b1000100000 -
b1010001010000110111111001100011 .
1*
#2910000
b11101111 '
b11101111 K
b10000 (
b10000 L
b11111101 )
b11111101 M
b1011 +
b1011 N
b10011010110100111000001101101111 0
b11001111000010010100111101101100 J
0*
#2915000
b101110101 #
b101110101 O
b101110101 X
b100001000 U
b11111111 T
b100100011 5
b10010111 4
b10010111 G
b1100110 I
b100100010 :
b10010011 B
b1100100 8
b110000100 =
b1101110 E
b101001010 -
b11101111000100001111110100001011 .
1*
#2920000
b110110 '
b110110 K
b10101110 (
b10101110 L
b10111100 )
b10111100 M
b11010101 +
b11010101 N
02
b110001011001100001101101101001 0
b10011010110100111000001101101111 J
0*
#2925000
b1000000111 #
b1000000111 O
b1000000111 X
0V
b100100100 5
b100100011 :
b10010100 B
b1100101 8
b110000110 =
b101110101 -
b110110101011101011110011010101 .
1*
#2930000
12
b1100010110011000011011011010010 0
b110001011001100001101101101001 J
0*
#2935000
0"
0W
b110010001 U
b11100100 T
1V
b100100101 5
b10011000 4
b10011000 G
b1100111 I
b100100100 :
b10010101 B
b1100110 8
b110001000 =
b1101111 E
b1000000111 -
1*
#2940000
b11101000 '
b11101000 K
b1010000 (
b1010000 L
b10010101 )
b10010101 M
b1001 +
b1001 N
b11000101100110000110110110100100 0
b1100010110011000011011011010010 J
0*
#2945000
1"
b1001110101 #
b1001110101 O
b1001110101 X
1W
b10011110 U
b100111000 T
b100100110 5
b10011001 4
b10011001 G
b1101000 I
b11101000010100001001010100001001 .
1*
#2950000
b11011111 '
b11011111 K
b11000100 (
b11000100 L
b11010011 )
b11010011 M
b11 +
b11 N
b10001111111100011100011011111111 0
b11000101100110000110110110100100 J
0*
#2955000
b111010110 #
b111010110 O
b111010110 X
b11010110 U
b110100011 T
b100100111 5
b10011010 4
b10011010 G
b1101001 I
b100100110 :
b10010110 B
b1100111 8
b110001010 =
b1110000 E
b1001110101 -
b11011111110001001101001100000011 .
1*
#2960000
0!
0R
0S
b11010100 '
b11010100 K
b11010000 (
b11010000 L
b10011110 )
b10011110 M
b101111 +
b101111 N
02
0,
b11011001000101001000001001001 0
b10001111111100011100011011111111 J
0*
#2965000
b100101000 5
b111011 F
b111010110 -
1/
b11010100110100001001111000101111 .
1*
#2970000
1!
1R
1S
12
1,
b110110010001010010000010010010 0
b11011001000101001000001001001 J
0*
#2975000
b1001111001 #
b1001111001 O
b1001111001 X
b11001101 U
b110100100 T
b100101001 5
b10011011 4
b10011011 G
b1101010 I
b100101000 :
b10010111 B
b1101000 8
b110001101 =
b11 >
b1110001 E
0/
1*
#2980000
b11010 '
b11010 K
b1010001 (
b1010001 L
b10111011 )
b10111011 M
b1101 +
b1101 N
b1101100100010100100000100100100 0
b110110010001010010000010010010 J
0*
#2985000
b1001110001 #
b1001110001 O
b1001110001 X
b11001000 U
b1101011 T
b100101010 5
b10011100 4
b10011100 G
b1101011 I
b100101001 :
b10011000 B
b1101001 8
b110010000 =
b1110010 E
b1001111001 -
b11010010100011011101100001101 .
1*
#2990000
0!
0R
0S
b10110001 '
b10110001 K
b11010100 (
b11010100 L
b10100011 )
b10100011 M
b1000001 +
b1000001 N
02
0,
b11011001000101001000001001001000 0
b1101100100010100100000100100100 J
0*
#2995000
b100101011 5
b111100 F
b1001110001 -
1/
b10110001110101001010001101000001 .
1*
#3000000
1!
1R
1S
12
1,
b10110110111010000001100100100111 0
b11011001000101001000001001001000 J
0*
#3005000
b100110011 #
b100110011 O
b100110011 X
b11100100 U
b110000101 T
b100101100 5
b10011101 4
b10011101 G
b1101100 I
b100101011 :
b10011001 B
b1101010 8
b110010011 =
b1110011 E
0/
1*
#3010000
b1011010 '
b1011010 K
b11010000 (
b11010000 L
b11101110 )
b11101110 M
b1111101 +
b1111101 N
02
b1101001000100010010111111111001 0
b10110110111010000001100100100111 J
0*
#3015000
b1001101001 #
b1001101001 O
b1001101001 X
0V
b100101101 5
b100101100 :
b10011010 B
b1101011 8
b110010110 =
b100110011 -
b1011010110100001110111001111101 .
1*
#3020000
12
b11010010001000100101111111110010 0
b1101001000100010010111111111001 J
0*
#3025000
0"
0W
b101101011 U
b100101010 T
1V
b100101110 5
b10011110 4
b10011110 G
b1101101 I
b100101101 :
b10011011 B
b1101100 8
b110011000 =
b10 >
b1110100 E
b1001101001 -
1*
#3030000
b11110100 '
b11110100 K
b1111 (
b1111 L
b1010111 )
b1010111 M
b11101101 +
b11101101 N
b10100000100001011010001001010011 0
b11010010001000100101111111110010 J
0*
#3035000
1"
b1010010101 #
b1010010101 O
b1010010101 X
1W
b101000100 U
b100000011 T
b100101111 5
b10011111 4
b10011111 G
b1101110 I
b11110100000011110101011111101101 .
1*
#3040000
b1001100 '
b1001100 K
b111100 (
b111100 L
b1100 )
b1100 M
b10011001 +
b10011001 N
02
b1000101110010100101100100010001 0
b10100000100001011010001001010011 J
0*
#3045000
b1001000111 #
b1001000111 O
b1001000111 X
0V
b100110000 5
b100101111 :
b10011100 B
b1101101 8
b110011010 =
b1010010101 -
b1001100001111000000110010011001 .
1*
#3050000
12
b10001011100101001011001000100010 0
b1000101110010100101100100010001 J
0*
#3055000
0"
0W
b10100101 U
b10001000 T
1V
b100110001 5
b10100000 4
b10100000 G
b1101111 I
b100110000 :
b10011101 B
b1101110 8
b110011100 =
b1110101 E
b1001000111 -
1*
#3060000
b1101010 '
b1101010 K
b10101111 (
b10101111 L
b110010 )
b110010 M
b11101101 +
b11101101 N
b10011111010000111100111110011 0
b10001011100101001011001000100010 J
0*
#3065000
1"
b100101101 #
b100101101 O
b100101101 X
1W
b100011111 U
b100011001 T
b100110010 5
b10100001 4
b10100001 G
b1110000 I
b1101010101011110011001011101101 .
1*
#3070000
b10001101 '
b10001101 K
b10001111 (
b10001111 L
b11000111 )
b11000111 M
b1001 +
b1001 N
b100111110100001111001111100110 0
b10011111010000111100111110011 J
0*
#3075000
b1000111000 #
b1000111000 O
b1000111000 X
b11010000 U
b100011100 T
b100110011 5
b10100010 4
b10100010 G
b1110001 I
b100110010 :
b10011110 B
b1101111 8
b110011110 =
b1110110 E
b100101101 -
b10001101100011111100011100001001 .
1*
#3080000
0!
0R
0S
b10101 '
b10101 K
b11110100 (
b11110100 L
b1111011 )
b1111011 M
b1011100 +
b1011100 N
0,
b1001111101000011110011111001100 0
b100111110100001111001111100110 J
0*
#3085000
b100110100 5
b111101 F
b110001 H
b1000111000 -
1/
b10101111101000111101101011100 .
13
1*
#3090000
1!
1R
1S
1,
b10011111010000111100111110011000 0
b1001111101000011110011111001100 J
0*
#3095000
b111101100 #
b111101100 O
b111101100 X
b11010111 U
b100001001 T
b100110101 5
b10100011 4
b10100011 G
b1110010 I
b100110100 :
b10011111 B
b1110000 8
b110100001 =
b11 >
b1110111 E
0/
03
1*
#3100000
0!
0R
0S
b1110011 '
b1110011 K
b101111 (
b101111 L
b1100100 )
b1100100 M
b111101 +
b111101 N
0,
b111010010001101000001010000111 0
b10011111010000111100111110011000 J
0*
#3105000
b100110110 5
b111110 F
b110010 H
b111101100 -
1/
b1110011001011110110010000111101 .
13
1*
#3110000
b1110100100011010000010100001110 0
b111010010001101000001010000111 J
0*
#3115000
b100110111 5
b111111 F
b110011 H
1*
#3120000
1!
1R
1S
1,
b11101001000110100000101000011100 0
b1110100100011010000010100001110 J
0*
#3125000
b111100000 #
b111100000 O
b111100000 X
b10100001 U
b10100010 T
b100111000 5
b10100100 4
b10100100 G
b1110011 I
b100110111 :
b10100000 B
b1110001 8
b110100110 =
b101 >
b1111000 E
0/
03
1*
#3130000
0!
0R
0S
b1001100 '
b1001100 K
b11101010 (
b11101010 L
b110110 )
b110110 M
b111100 +
b111100 N
0,
b11010110111101010000100110001111 0
b11101001000110100000101000011100 J
0*
#3135000
b100111001 5
b1000000 F
b110100 H
b111100000 -
1/
b1001100111010100011011000111100 .
13
1*
#3140000
1!
1R
1S
1,
b10101001001010110000111010101001 0
b11010110111101010000100110001111 J
0*
#3145000
b101000011 #
b101000011 O
b101000011 X
b1110010 U
b100110110 T
b100111010 5
b10100101 4
b10100101 G
b1110100 I
b100111001 :
b10100001 B
b1110010 8
b110101011 =
b1111001 E
0/
03
1*
#3150000
b10001 '
b10001 K
b10100010 (
b10100010 L
b11000001 )
b11000001 M
b10011111 +
b10011111 N
b1010110100101110000000011100101 0
b10101001001010110000111010101001 J
0*
#3155000
b110101000 #
b110101000 O
b110101000 X
b101100000 U
b10110011 T
b100111011 5
b10100110 4
b10100110 G
b1110101 I
b100111010 :
b10100010 B
b1110011 8
b110101110 =
b11 >
b1111010 E
b101000011 -
b10001101000101100000110011111 .
1*
#3160000
0!
0R
0S
b11001110 '
b11001110 K
b10101101 (
b10101101 L
b11010100 )
b11010100 M
b10101001 +
b10101001 N
0,
b10101101001011100000000111001010 0
b1010110100101110000000011100101 J
0*
#3165000
b100111100 5
b1000001 F
b110101 H
b110101000 -
1/
b11001110101011011101010010101001 .
13
1*
#3170000
1!
1R
1S
1,
b1011110100111010001111000100011 0
b10101101001011100000000111001010 J
0*
#3175000
b1000010011 #
b1000010011 O
b1000010011 X
b101111101 U
b101111011 T
b100111101 5
b10100111 4
b10100111 G
b1110110 I
b100111100 :
b10100011 B
b1110100 8
b110110001 =
b1111011 E
0/
03
1*
#3180000
0!
0R
0S
b11010000 '
b11010000 K
b10101010 (
b10101010 L
b10110000 )
b10110000 M
b11001110 +
b11001110 N
0,
b10111101001110100011110001000110 0
b1011110100111010001111000100011 J
0*
#3185000
b100111110 5
b1000010 F
b110110 H
b1000010011 -
1/
b11010000101010101011000011001110 .
13
1*
#3190000
1!
1R
1S
1,
b1111110101101010110010100111011 0
b10111101001110100011110001000110 J
0*
#3195000
b1011111000 #
b1011111000 O
b1011111000 X
b101111110 U
b101111010 T
b100111111 5
b10101000 4
b10101000 G
b1110111 I
b100111110 :
b10100100 B
b1110101 8
b110110101 =
b100 >
b1111100 E
0/
03
1*
#3200000
b1001001 '
b1001001 K
b11110000 (
b11110000 L
b111101 )
b111101 M
b1000110 +
b1000110 N
b11111101011010101100101001110110 0
b1111110101101010110010100111011 J
0*
#3205000
b10000011 U
b100111001 T
b101000000 5
b10101001 4
b10101001 G
b1111000 I
b100111111 :
b10100101 B
b1110110 8
b110111000 =
b11 >
b1111101 E
b1011111000 -
b1001001111100000011110101000110 .
1*
#3210000
b11011101 '
b11011101 K
b11000100 (
b11000100 L
b10010000 )
b10010000 M
b11010110 +
b11010110 N
b11111110000101001000100101011011 0
b11111101011010101100101001110110 J
0*
#3215000
b110111100 #
b110111100 O
b110111100 X
b101100110 U
b110100001 T
b101000001 5
b10101010 4
b10101010 G
b1111001 I
b101000000 :
b10100110 B
b1110111 8
b110111010 =
b10 >
b1111110 E
b11011101110001001001000011010110 .
1*
#3220000
0!
0R
0S
b10000001 '
b10000001 K
b11001100 (
b11001100 L
b10011111 )
b10011111 M
b1110110 +
b1110110 N
02
0,
b11111000111010000000111100000001 0
b11111110000101001000100101011011 J
0*
#3225000
b101000010 5
b1000011 F
b110111100 -
1/
b10000001110011001001111101110110 .
1*
#3230000
1!
1R
1S
12
1,
b11110101000100010000001110110101 0
b11111000111010000000111100000001 J
0*
#3235000
b1100000111 #
b1100000111 O
b1100000111 X
b100010101 U
b101001101 T
b101000011 5
b10101011 4
b10101011 G
b1111010 I
b101000010 :
b10100111 B
b1111000 8
b110111101 =
b11 >
b1111111 E
0/
1*
#3240000
b10101000 '
b10101000 K
b100100 (
b100100 L
b111 )
b111 M
b1011011 +
b1011011 N
b11101110111000110001101011011101 0
b11110101000100010000001110110101 J
0*
#3245000
b1001100010 #
b1001100010 O
b1001100010 X
b1100010 U
b11001100 T
b101000100 5
b10101100 4
b10101100 G
b1111011 I
b101000011 :
b10101000 B
b1111001 8
b111000000 =
b10000000 E
b1100000111 -
b10101000001001000000011101011011 .
1*
#3250000
0!
0R
0S
b10111 '
b10111 K
b10010100 (
b10010100 L
b10111111 )
b10111111 M
b10110110 +
b10110110 N
0,
b11011001000001110010100000001101 0
b11101110111000110001101011011101 J
0*
#3255000
b101000101 5
b1000100 F
b110111 H
b1001100010 -
1/
b10111100101001011111110110110 .
13
1*
#3260000
1!
1R
1S
1,
b10110110110011110100110110101101 0
b11011001000001110010100000001101 J
0*
#3265000
b100101110 #
b100101110 O
b100101110 X
b101110101 U
b10101011 T
b101000110 5
b10101101 4
b10101101 G
b1111100 I
b101000101 :
b10101001 B
b1111010 8
b111000011 =
b10000001 E
0/
03
1*
#3270000
b100 '
b100 K
b11010011 (
b11010011 L
b1111000 )
b1111000 M
b110 +
b110 N
b1101001010111111000011011101101 0
b10110110110011110100110110101101 J
0*
#3275000
b1000100000 #
b1000100000 O
b1000100000 X
b1111110 U
b11010111 T
b101000111 5
b10101110 4
b10101110 G
b1111101 I
b101000110 :
b10101010 B
b1111011 8
b111000110 =
b10000010 E
b100101110 -
b100110100110111100000000110 .
1*
#3280000
b11010000 '
b11010000 K
b100110 (
b100110 L
b11011010 )
b11011010 M
b10011011 +
b10011011 N
b11010010101111110000110111011010 0
b1101001010111111000011011101101 J
0*
#3285000
b101010101 #
b101010101 O
b101010101 X
b101110101 U
b11110110 T
b101001000 5
b10101111 4
b10101111 G
b1111110 I
b101000111 :
b10101011 B
b1111100 8
b111001000 =
b10 >
b10000011 E
b1000100000 -
b11010000001001101101101010011011 .
1*
#3290000
0!
0R
0S
b101 '
b101 K
b11101001 (
b11101001 L
b1101110 )
b1101110 M
b11111100 +
b11111100 N
0,
b10100001101111110000011000000011 0
b11010010101111110000110111011010 J
0*
#3295000
b101001001 5
b1000101 F
b111000 H
b101010101 -
1/
b101111010010110111011111100 .
13
1*
#3300000
1!
1R
1S
1,
b1000111101111110001000110110001 0
b10100001101111110000011000000011 J
0*
#3305000
b1001101011 #
b1001101011 O
b1001101011 X
b101101010 U
b11101110 T
b101001010 5
b10110000 4
b10110000 G
b1111111 I
b101001001 :
b10101100 B
b1111101 8
b111001011 =
b11 >
b10000100 E
0/
03
1*
#3310000
b11011101 '
b11011101 K
b110000 (
b110000 L
b11010011 )
b11010011 M
b10110 +
b10110 N
b10001111011111100010001101100010 0
b1000111101111110001000110110001 J
0*
#3315000
b1001011000 #
b1001011000 O
b1001011000 X
b11101001 U
b100001101 T
b101001011 5
b10110001 4
b10110001 G
b10000000 I
b101001010 :
b10101101 B
b1111110 8
b111001110 =
b10000101 E
b1001101011 -
b11011101001100001101001100010110 .
1*
#3320000
b110001 '
b110001 K
b10100010 (
b10100010 L
b11100110 )
b11100110 M
b10110011 +
b10110011 N
b11010001111010101101101110011 0
b10001111011111100010001101100010 J
0*
#3325000
b111110110 #
b111110110 O
b111110110 X
b110011001 U
b11010011 T
b101001100 5
b10110010 4
b10110010 G
b10000001 I
b101001011 :
b10101110 B
b1111111 8
b111010000 =
b10 >
b10000110 E
b1001011000 -
b110001101000101110011010110011 .
1*
#3330000
b11001 '
b11001 K
b1000101 (
b1000101 L
b10100110 )
b10100110 M
b1001001 +
b1001001 N
b110100011110101011011011100110 0
b11010001111010101101101110011 J
0*
#3335000
b1001101100 #
b1001101100 O
b1001101100 X
b11101111 U
b1011110 T
b101001101 5
b10110011 4
b10110011 G
b10000010 I
b101001100 :
b10101111 B
b10000000 8
b111010010 =
b10000111 E
b111110110 -
b11001010001011010011001001001 .
1*
#3340000
0!
0R
0S
b1001101 '
b1001101 K
b110011 (
b110011 L
b10101100 )
b10101100 M
b100011 +
b100011 N
0,
b1101000111101010110110111001100 0
b110100011110101011011011100110 J
0*
#3345000
b101001110 5
b1000110 F
b111001 H
b1001101100 -
1/
b1001101001100111010110000100011 .
13
1*
#3350000
1!
1R
1S
1,
b11010001111010101101101110011000 0
b1101000111101010110110111001100 J
0*
#3355000
b101001101 #
b101001101 O
b101001101 X
b11001111 U
b10000000 T
b101001111 5
b10110100 4
b10110100 G
b10000011 I
b101001110 :
b10110000 B
b10000001 8
b111010101 =
b11 >
b10001000 E
0/
03
1*
#3360000
0!
0R
0S
b10110 '
b10110 K
b1000011 (
b1000011 L
b10001111 )
b10001111 M
b1010101 +
b1010101 N
0,
b10100111000101001010101010000111 0
b11010001111010101101101110011000 J
0*
#3365000
b101010000 5
b1000111 F
b111010 H
b101001101 -
1/
b10110010000111000111101010101 .
13
1*
#3370000
1!
1R
1S
1,
b1001010111010000100100010111001 0
b10100111000101001010101010000111 J
0*
#3375000
b101001111 #
b101001111 O
b101001111 X
b11100100 U
b1011001 T
b101010001 5
b10110101 4
b10110101 G
b10000100 I
b101010000 :
b10110001 B
b10000010 8
b111011001 =
b100 >
b10001001 E
0/
03
1*
#3380000
b1010001 '
b1010001 K
b10110001 (
b10110001 L
b11111010 )
b11111010 M
b11111100 +
b11111100 N
b10010101110100001001000101110010 0
b1001010111010000100100010111001 J
0*
#3385000
b100111101 #
b100111101 O
b100111101 X
b111110110 U
b100000010 T
b101010010 5
b10110110 4
b10110110 G
b10000101 I
b101010001 :
b10110010 B
b10000011 8
b111011100 =
b11 >
b10001010 E
b101001111 -
b1010001101100011111101011111100 .
1*
#3390000
b1100100 '
b1100100 K
b1100 (
b1100 L
b1011001 )
b1011001 M
b11011000 +
b11011000 N
b101111011000000011111101010011 0
b10010101110100001001000101110010 J
0*
#3395000
b1011111000 #
b1011111000 O
b1011111000 X
b100110001 U
b1110000 T
b101010011 5
b10110111 4
b10110111 G
b10000110 I
b101010010 :
b10110011 B
b10000100 8
b111011110 =
b10 >
b10001011 E
b100111101 -
b1100100000011000101100111011000 .
1*
#3400000
b110100 '
b110100 K
b11111110 (
b11111110 L
b11011110 )
b11011110 M
b10001 +
b10001 N
b1011110110000000111111010100110 0
b101111011000000011111101010011 J
0*
#3405000
b110100001 #
b110100001 O
b110100001 X
b11101111 U
b100110010 T
b101010100 5
b10111000 4
b10111000 G
b10000111 I
b101010011 :
b10110100 B
b10000101 8
b111100000 =
b10001100 E
b1011111000 -
b110100111111101101111000010001 .
1*
#3410000
0!
0R
0S
b1101010 '
b1101010 K
b11110011 (
b11110011 L
b11110100 )
b11110100 M
b1111000 +
b1111000 N
0,
b10111101100000001111110101001100 0
b1011110110000000111111010100110 J
0*
#3415000
b101010101 5
b1001000 F
b111011 H
b110100001 -
1/
b1101010111100111111010001111000 .
13
1*
#3420000
1!
1R
1S
1,
b1111111110000001110011100101111 0
b10111101100000001111110101001100 J
0*
#3425000
b1000100001 #
b1000100001 O
b1000100001 X
b101101100 U
b101011101 T
b101010110 5
b10111001 4
b10111001 G
b10001000 I
b101010101 :
b10110101 B
b10000110 8
b111100011 =
b11 >
b10001101 E
0/
03
1*
#3430000
b10001000 '
b10001000 K
b1011010 (
b1011010 L
b10010011 )
b10010011 M
b11001111 +
b11001111 N
b11111111100000011100111001011110 0
b1111111110000001110011100101111 J
0*
#3435000
b1011001001 #
b1011001001 O
b1011001001 X
b101100010 U
b11100010 T
b101010111 5
b10111010 4
b10111010 G
b10001001 I
b101010110 :
b10110110 B
b10000111 8
b111100110 =
b10001110 E
b1000100001 -
b10001000010110101001001111001111 .
1*
#3440000
0!
0R
0S
b1100110 '
b1100110 K
b110101 (
b110101 L
b1111001 )
b1111001 M
b100 +
b100 N
0,
b11111011110000101000000100001011 0
b11111111100000011100111001011110 J
0*
#3445000
b101011000 5
b1001001 F
b111100 H
b1011001001 -
1/
b1100110001101010111100100000100 .
13
1*
#3450000
1!
1R
1S
1,
b11110011010001000001111110100001 0
b11111011110000101000000100001011 J
0*
#3455000
b1001000100 #
b1001000100 O
b1001000100 X
b1111101 U
b10011011 T
b101011001 5
b10111011 4
b10111011 G
b10001010 I
b101011000 :
b10110111 B
b10001000 8
b111101001 =
b10001111 E
0/
03
1*
#3460000
b101111 '
b101111 K
b10011 (
b10011 L
b1100101 )
b1100101 M
b11101111 +
b11101111 N
b11100010010010010010001011110101 0
b11110011010001000001111110100001 J
0*
#3465000
b100011000 #
b100011000 O
b100011000 X
b101010100 U
b1000010 T
b101011010 5
b10111100 4
b10111100 G
b10001011 I
b101011001 :
b10111000 B
b10001001 8
b111101100 =
b10010000 E
b1001000100 -
b101111000100110110010111101111 .
1*
#3470000
b110011 '
b110011 K
b110010 (
b110010 L
b10010010 )
b10010010 M
b1011001 +
b1011001 N
b11000000010100110101100001011101 0
b11100010010010010010001011110101 J
0*
#3475000
b110010110 #
b110010110 O
b110010110 X
b11101011 U
b1100101 T
b101011011 5
b10111101 4
b10111101 G
b10001100 I
b101011010 :
b10111001 B
b10001010 8
b111101110 =
b10 >
b10010001 E
b100011000 -
b110011001100101001001001011001 .
1*
#3480000
0!
0R
0S
b10101110 '
b10101110 K
b10010111 (
b10010111 L
b1110011 )
b1110011 M
b10110110 +
b10110110 N
0,
b10000100011001111010110100001101 0
b11000000010100110101100001011101 J
0*
#3485000
b101011100 5
b1001010 F
b111101 H
b110010110 -
1/
b10101110100101110111001110110110 .
13
1*
#3490000
1!
1R
1S
1,
b1100000011100100011110101101 0
b10000100011001111010110100001101 J
0*
#3495000
b101010000 #
b101010000 O
b101010000 X
b100101001 U
b101000101 T
b101011101 5
b10111110 4
b10111110 G
b10001101 I
b101011100 :
b10111010 B
b10001011 8
b111110001 =
b11 >
b10010010 E
0/
03
1*
#3500000
b11011011 '
b11011011 K
b11011001 (
b11011001 L
b1010111 )
b1010111 M
b11011110 +
b11011110 N
b11000000111001000111101011010 0
b1100000011100100011110101101 J
0*
#3505000
b1001101110 #
b1001101110 O
b1001101110 X
b100110101 U
b110110100 T
b101011110 5
b10111111 4
b10111111 G
b10001110 I
b101011101 :
b10111011 B
b10001100 8
b111110100 =
b10010011 E
b101010000 -
b11011011110110010101011111011110 .
1*
#3510000
b111111 '
b111111 K
b1110101 (
b1110101 L
b10011001 )
b10011001 M
b1110011 +
b1110011 N
b110000001110010001111010110100 0
b11000000111001000111101011010 J
0*
#3515000
b1011101001 #
b1011101001 O
b1011101001 X
b100001100 U
b10110100 T
b101011111 5
b11000000 4
b11000000 G
b10001111 I
b101011110 :
b10111100 B
b10001101 8
b111110110 =
b10 >
b10010100 E
b1001101110 -
b111111011101011001100101110011 .
1*
#3520000
b1100000 '
b1100000 K
b1111 (
b1111 L
b1010011 )
b1010011 M
b110001 +
b110001 N
02
b1100000011100100011110101101000 0
b110000001110010001111010110100 J
0*
#3525000
b111000000 #
b111000000 O
b111000000 X
0V
b101100000 5
b101011111 :
b10111101 B
b10001110 8
b111111000 =
b1011101001 -
b1100000000011110101001100110001 .
1*
#3530000
b11000000111001000111101011010000 0
b1100000011100100011110101101000 J
0*
#3535000
0"
0W
b101100001 5
b101100000 :
b10111110 B
b10001111 8
b111111010 =
b111000000 -
1*
#3540000
12
b10000101000010011110100000010111 0
b11000000111001000111101011010000 J
0*
#3545000
b10000100 U
b1101111 T
1V
b101100010 5
b11000001 4
b11000001 G
b10010000 I
1*
#3550000
b11011111 '
b11011111 K
b10100110 (
b10100110 L
b10000001 )
b10000001 M
b1000101 +
b1000101 N
02
b1110110100101100110110011001 0
b10000101000010011110100000010111 J
0*
#3555000
1"
b11110011 #
b11110011 O
b11110011 X
1W
0V
b101100011 5
b11011111101001101000000101000101 .
1*
#3560000
12
b11101101001011001101100110010 0
b1110110100101100110110011001 J
0*
#3565000
0"
0W
b11000110 U
b110000101 T
1V
b101100100 5
b11000010 4
b11000010 G
b10010001 I
b101100011 :
b10111111 B
b10010000 8
b111111100 =
b10010101 E
b11110011 -
1*
#3570000
b11110001 '
b11110001 K
b10101110 (
b10101110 L
b10011111 )
b10011111 M
b1101 +
b1101 N
b111011010010110011011001100100 0
b11101101001011001101100110010 J
0*
#3575000
1"
b1001001011 #
b1001001011 O
b1001001011 X
1W
b10101100 U
b110011111 T
b101100101 5
b11000011 4
b11000011 G
b10010010 I
b11110001101011101001111100001101 .
1*
#3580000
0!
0R
0S
b110 '
b110 K
b1101101 (
b1101101 L
b11100111 )
b11100111 M
b11111010 +
b11111010 N
02
0,
b1110110100101100110110011001000 0
b111011010010110011011001100100 J
0*
#3585000
b101100110 5
b1001011 F
b1001001011 -
1/
b110011011011110011111111010 .
1*
#3590000
1!
1R
1S
1,
b11101101001011001101100110010000 0
b1110110100101100110110011001000 J
0*
#3595000
0V
b101100111 5
b101100110 :
b11000000 B
b10010001 8
b111111111 =
b11 >
0/
1*
#3600000
12
b11011110100110001010111010010111 0
b11101101001011001101100110010000 J
0*
#3605000
0"
0W
b111100001 U
b1110011 T
1V
b101101000 5
b11000100 4
b11000100 G
b10010011 I
b101100111 :
b11000001 B
b10010010 8
b1000000010 =
b10010110 E
1*
#3610000
b10011100 '
b10011100 K
b1100010 (
b1100010 L
b10000111 )
b10000111 M
b101101 +
b101101 N
02
b10111001111100000100000010011001 0
b11011110100110001010111010010111 J
0*
#3615000
1"
b1001010100 #
b1001010100 O
b1001010100 X
1W
0V
b101101001 5
b10011100011000101000011100101101 .
1*
#3620000
0S
12
0,
b1110111001000011001110010000101 0
b10111001111100000100000010011001 J
0*
#3625000
0!
0R
b10110100 U
b11111110 T
1V
b101101010 5
b11000101 4
b11000101 G
b10010100 I
b1001100 F
b1001010100 -
1/
1*
#3630000
b1000001 '
b1000001 K
b110001 (
b110001 L
b111101 )
b111101 M
b11000111 +
b11000111 N
b11101110010000110011100100001010 0
b1110111001000011001110010000101 J
0*
#3635000
b101101011 5
b1001101 F
b111110 H
b1000001001100010011110111000111 .
13
1*
#3640000
1!
1R
1S
1,
b11011000010001110110111110100011 0
b11101110010000110011100100001010 J
0*
#3645000
b110110010 #
b110110010 O
b110110010 X
b100000100 U
b1110010 T
b101101100 5
b11000110 4
b11000110 G
b10010101 I
b101101011 :
b11000010 B
b10010011 8
b1000000110 =
b100 >
b10010111 E
0/
03
1*
#3650000
b11000011 '
b11000011 K
b11011011 (
b11011011 L
b1100101 )
b1100101 M
b100000 +
b100000 N
02
b10110100010011111100001011110001 0
b11011000010001110110111110100011 J
0*
#3655000
b101110110 #
b101110110 O
b101110110 X
0V
b101101101 5
b101101100 :
b11000011 B
b10010100 8
b1000001001 =
b11 >
b110110010 -
b11000011110110110110010100100000 .
1*
#3660000
12
b1101100010111101001100001010101 0
b10110100010011111100001011110001 J
0*
#3665000
0"
0W
b10000101 U
b110011110 T
1V
b101101110 5
b11000111 4
b11000111 G
b10010110 I
b101101101 :
b11000100 B
b10010101 8
b1000001011 =
b10 >
b10011000 E
b101110110 -
1*
#3670000
b101100 '
b101100 K
b110000 (
b110000 L
b1110000 )
b1110000 M
b10110100 +
b10110100 N
b11011000101111010011000010101010 0
b1101100010111101001100001010101 J
0*
#3675000
1"
b1000100011 #
b1000100011 O
b1000100011 X
1W
b100100100 U
b1011100 T
b101101111 5
b11001000 4
b11001000 G
b10010111 I
b101100001100000111000010110100 .
1*
#3680000
b0 '
b0 K
b10111011 (
b10111011 L
b11100000 )
b11100000 M
b11101101 +
b11101101 N
b10110101101110110111110011100011 0
b11011000101111010011000010101010 J
0*
#3685000
b110000000 #
b110000000 O
b110000000 X
b111001101 U
b10111011 T
b101110000 5
b11001001 4
b11001001 G
b10011000 I
b101101111 :
b11000101 B
b10010110 8
b1000001101 =
b10011001 E
b1000100011 -
b101110111110000011101101 .
1*
#3690000
b10011001 '
b10011001 K
b1111001 (
b1111001 L
b111110 )
b111110 M
b11001101 +
b11001101 N
02
b1101111101101111110010001110001 0
b10110101101110110111110011100011 J
0*
#3695000
b1010001000 #
b1010001000 O
b1010001000 X
0V
b101110001 5
b101110000 :
b11000110 B
b10010111 8
b1000001111 =
b110000000 -
b10011001011110010011111011001101 .
1*
#3700000
12
b11011111011011111100100011100010 0
b1101111101101111110010001110001 J
0*
#3705000
0"
0W
b100001011 U
b100010010 T
1V
b101110010 5
b11001010 4
b11001010 G
b10011001 I
b101110001 :
b11000111 B
b10011000 8
b1000010001 =
b10011010 E
b1010001000 -
1*
#3710000
b10000001 '
b10000001 K
b11100110 (
b11100110 L
b11110000 )
b11110000 M
b11110001 +
b11110001 N
b10111010000111101000110001110011 0
b11011111011011111100100011100010 J
0*
#3715000
1"
b1000011101 #
b1000011101 O
b1000011101 X
1W
b111100001 U
b101100111 T
b101110011 5
b11001011 4
b11001011 G
b10011010 I
b10000001111001101111000011110001 .
1*
#3720000
b11111000 '
b11111000 K
b1010 (
b1010 L
b1111 )
b1111 M
b10100110 +
b10100110 N
02
b1110000111111000000010101010001 0
b10111010000111101000110001110011 J
0*
#3725000
b1101001000 #
b1101001000 O
b1101001000 X
0V
b101110100 5
b101110011 :
b11001000 B
b10011001 8
b1000010011 =
b1000011101 -
b11111000000010100000111110100110 .
1*
#3730000
12
b11100001111110000000101010100010 0
b1110000111111000000010101010001 J
0*
#3735000
0"
0W
b10110101 U
b100000010 T
1V
b101110101 5
b11001100 4
b11001100 G
b10011011 I
b101110100 :
b11001001 B
b10011010 8
b1000010101 =
b10011011 E
b1101001000 -
1*
#3740000
b11000000 '
b11000000 K
b10110001 (
b10110001 L
b11010100 )
b11010100 M
b111 +
b111 N
b11000111001100010000100011110011 0
b11100001111110000000101010100010 J
0*
#3745000
1"
b110110111 #
b110110111 O
b110110111 X
1W
b11011011 U
b101110001 T
b101110110 5
b11001101 4
b11001101 G
b10011100 I
b11000000101100011101010000000111 .
1*
#3750000
b101100 '
b101100 K
b1100001 (
b1100001 L
b11001000 )
b11001000 M
b11110101 +
b11110101 N
02
b10001010101000110000110001010001 0
b11000111001100010000100011110011 J
0*
#3755000
b1001001100 #
b1001001100 O
b1001001100 X
0V
b101110111 5
b101110110 :
b11001010 B
b10011011 8
b1000010111 =
b110110111 -
b101100011000011100100011110101 .
1*
#3760000
12
b10001100001110000010100010101 0
b10001010101000110000110001010001 J
0*
#3765000
0"
0W
b110111101 U
b10001101 T
1V
b101111000 5
b11001110 4
b11001110 G
b10011101 I
b101110111 :
b11001011 B
b10011100 8
b1000011001 =
b10011100 E
b1001001100 -
1*
#3770000
b10010011 '
b10010011 K
b1001010 (
b1001010 L
b1011101 )
b1011101 M
b10100110 +
b10100110 N
b100011000011100000101000101010 0
b10001100001110000010100010101 J
0*
#3775000
1"
b1001001010 #
b1001001010 O
b1001001010 X
1W
b100000011 U
b11011101 T
b101111001 5
b11001111 4
b11001111 G
b10011110 I
b10010011010010100101110110100110 .
1*
#3780000
b1011010 '
b1011010 K
b11000000 (
b11000000 L
b10110011 )
b10110011 M
b1010011 +
b1010011 N
b1000110000111000001010001010100 0
b100011000011100000101000101010 J
0*
#3785000
b111100000 #
b111100000 O
b111100000 X
b100000110 U
b100011010 T
b101111010 5
b11010000 4
b11010000 G
b10011111 I
b101111001 :
b11001100 B
b10011101 8
b1000011011 =
b10011101 E
b1001001010 -
b1011010110000001011001101010011 .
1*
#3790000
b11001001 '
b11001001 K
b1000110 (
b1000110 L
b11000010 )
b11000010 M
b1111100 +
b1111100 N
02
b10001100001110000010100010101000 0
b1000110000111000001010001010100 J
0*
#3795000
b1000100000 #
b1000100000 O
b1000100000 X
0V
b101111011 5
b101111010 :
b11001101 B
b10011110 8
b1000011101 =
b111100000 -
b11001001010001101100001001111100 .
1*
#3800000
12
b11100101100010100110011100111 0
b10001100001110000010100010101000 J
0*
#3805000
0"
0W
b100111110 U
b100001111 T
1V
b101111100 5
b11010001 4
b11010001 G
b10100000 I
b101111011 :
b11001110 B
b10011111 8
b1000011111 =
b10011110 E
b1000100000 -
1*
#3810000
b1010001 '
b1010001 K
b10001000 (
b10001000 L
b10111101 )
b10111101 M
b1000100 +
b1000100 N
0,
b111001011000101001100111001110 0
b11100101100010100110011100111 J
0*
#3815000
0!
0R
0S
1"
b1001001101 #
b1001001101 O
b1001001101 X
1W
b100000001 U
b11011001 T
b101111101 5
b11010010 4
b11010010 G
b10100001 I
b1010001100010001011110101000100 .
1*
#3820000
1!
1R
1S
b1110011 '
b1110011 K
b0 (
b0 L
b11011 )
b11011 M
b11010010 +
b11010010 N
1,
b1110010110001010011001110011100 0
b111001011000101001100111001110 J
0*
#3825000
b111011010 #
b111011010 O
b111011010 X
b11101101 U
b1110011 T
b101111110 5
b11010011 4
b11010011 G
b10100010 I
b101111101 :
b11001111 B
b10100000 8
b1000100001 =
b10011111 E
b1001001101 -
b1110011000000000001101111010010 .
1*
#3830000
b11111100 '
b11111100 K
b10111010 (
b10111010 L
b1111100 )
b1111100 M
b110000 +
b110000 N
02
b11100101100010100110011100111000 0
b1110010110001010011001110011100 J
0*
#3835000
b101100000 #
b101100000 O
b101100000 X
0V
b101111111 5
b101111110 :
b11010000 B
b10100001 8
b1000100011 =
b111011010 -
b11111100101110100111110000110000 .
1*
#3840000
0S
12
0,
b11001111110101011101001111000111 0
b11100101100010100110011100111000 J
0*
#3845000
0!
0R
b10101100 U
b110110110 T
1V
b110000000 5
b11010100 4
b11010100 G
b10100011 I
b1001110 F
b101100000 -
1/
1*
#3850000
1!
1R
1S
b11111001 '
b11111001 K
b10010110 (
b10010110 L
b111011 )
b111011 M
b11100 +
b11100 N
02
1,
b10011011011010101011101000111001 0
b11001111110101011101001111000111 J
0*
#3855000
b1001100010 #
b1001100010 O
b1001100010 X
0V
b110000001 5
b110000000 :
b11010001 B
b10100010 8
b1000100110 =
b11 >
0/
b11111001100101100011101100011100 .
1*
#3860000
0S
12
0,
b110010000101000110100111000101 0
b10011011011010101011101000111001 J
0*
#3865000
0!
0R
b1010111 U
b110001111 T
1V
b110000010 5
b11010101 4
b11010101 G
b10100100 I
b1001111 F
b1001100010 -
1/
1*
#3870000
b11111000 '
b11111000 K
b1001011 (
b1001011 L
b1011000 )
b1011000 M
b10101 +
b10101 N
b1100100001010001101001110001010 0
b110010000101000110100111000101 J
0*
#3875000
b110000011 5
b1010000 F
b111111 H
b11111000010010110101100000010101 .
13
1*
#3880000
1!
1R
1S
1,
b11001000010100011010011100010100 0
b1100100001010001101001110001010 J
0*
#3885000
b111100110 #
b111100110 O
b111100110 X
b1101101 U
b101000011 T
b110000100 5
b11010110 4
b11010110 G
b10100101 I
b110000011 :
b11010010 B
b10100011 8
b1000101010 =
b100 >
b10100000 E
0/
03
1*
#3890000
b10111110 '
b10111110 K
b10001101 (
b10001101 L
b1010010 )
b1010010 M
b11111111 +
b11111111 N
b10010100011000100101001110011111 0
b11001000010100011010011100010100 J
0*
#3895000
b110110000 #
b110110000 O
b110110000 X
b101010001 U
b101001011 T
b110000101 5
b11010111 4
b11010111 G
b10100110 I
b110000100 :
b11010011 B
b10100100 8
b1000101101 =
b11 >
b10100001 E
b111100110 -
b10111110100011010101001011111111 .
1*
#3900000
0!
0R
0S
b1110111 '
b1110111 K
b100001 (
b100001 L
b10101110 )
b10101110 M
b10001010 +
b10001010 N
02
0,
b101100000001011011101010001001 0
b10010100011000100101001110011111 J
0*
#3905000
b110000110 5
b1010001 F
b110110000 -
1/
b1110111001000011010111010001010 .
1*
#3910000
1!
1R
1S
12
1,
b1011000000010110111010100010010 0
b101100000001011011101010001001 J
0*
#3915000
b1010011100 #
b1010011100 O
b1010011100 X
b100111000 U
b10011000 T
b110000111 5
b11011000 4
b11011000 G
b10100111 I
b110000110 :
b11010100 B
b10100101 8
b1000110000 =
b10100010 E
0/
1*
#3920000
b10111100 '
b10111100 K
b10001101 (
b10001101 L
b10111111 )
b10111111 M
b10000011 +
b10000011 N
b10110000000101101110101000100100 0
b1011000000010110111010100010010 J
0*
#3925000
b111010000 #
b111010000 O
b111010000 X
b101000010 U
b101001001 T
b110001000 5
b11011001 4
b11011001 G
b10101000 I
b110000111 :
b11010101 B
b10100110 8
b1000110011 =
b10100011 E
b1010011100 -
b10111100100011011011111110000011 .
1*
#3930000
b101 '
b101 K
b10011100 (
b10011100 L
b11110011 )
b11110011 M
b11111110 +
b11111110 N
b1100100111011001100100111111111 0
b10110000000101101110101000100100 J
0*
#3935000
b1010001011 #
b1010001011 O
b1010001011 X
b111110001 U
b10100001 T
b110001001 5
b11011010 4
b11011010 G
b10101001 I
b110001000 :
b11010110 B
b10100111 8
b1000110101 =
b10 >
b10100100 E
b111010000 -
b101100111001111001111111110 .
1*
#3940000
b10100001 '
b10100001 K
b100100 (
b100100 L
b111111 )
b111111 M
b101110 +
b101110 N
b11001001110110011001001111111110 0
b1100100111011001100100111111111 J
0*
#3945000
b1010010010 #
b1010010010 O
b1010010010 X
b1101101 U
b11000101 T
b110001010 5
b11011011 4
b11011011 G
b10101010 I
b110001001 :
b11010111 B
b10101000 8
b1000110111 =
b10100101 E
b1010001011 -
b10100001001001000011111100101110 .
1*
#3950000
0!
0R
0S
b1110100 '
b1110100 K
b111 (
b111 L
b10001110 )
b10001110 M
b10001001 +
b10001001 N
0,
b10010111011100100011101001001011 0
b11001001110110011001001111111110 J
0*
#3955000
b110001011 5
b1010010 F
b1000000 H
b1010010010 -
1/
b1110100000001111000111010001001 .
13
1*
#3960000
1!
1R
1S
1,
b101010001001010110100100100001 0
b10010111011100100011101001001011 J
0*
#3965000
b100110010 #
b100110010 O
b100110010 X
b100010111 U
b1111011 T
b110001100 5
b11011100 4
b11011100 G
b10101011 I
b110001011 :
b11011000 B
b10101001 8
b1000111010 =
b11 >
b10100110 E
0/
03
1*
#3970000
0!
0R
0S
b11011011 '
b11011011 K
b11101111 (
b11101111 L
b111010 )
b111010 M
b1101100 +
b1101100 N
0,
b1010100010010101101001001000010 0
b101010001001010110100100100001 J
0*
#3975000
b110001101 5
b1010011 F
b1000001 H
b100110010 -
1/
b11011011111011110011101001101100 .
13
1*
#3980000
b10101000100101011010010010000100 0
b1010100010010101101001001000010 J
0*
#3985000
b110001110 5
b1010100 F
b1000010 H
1*
#3990000
1!
1R
1S
1,
b1010101111010100101010010111111 0
b10101000100101011010010010000100 J
0*
#3995000
b110010010 #
b110010010 O
b110010010 X
b10100110 U
b111001010 T
b110001111 5
b11011101 4
b11011101 G
b10101100 I
b110001110 :
b11011001 B
b10101010 8
b1000111111 =
b101 >
b10100111 E
0/
03
1*
#4000000
b1100011 '
b1100011 K
b10001100 (
b10001100 L
b11111001 )
b11111001 M
b100101 +
b100101 N
b10101011110101001010100101111110 0
b1010101111010100101010010111111 J
0*
#4005000
b1001110000 #
b1001110000 O
b1001110000 X
b100011110 U
b11101111 T
b110010000 5
b11011110 4
b11011110 G
b10101101 I
b110001111 :
b11011010 B
b10101011 8
b1001000011 =
b100 >
b10101000 E
b110010010 -
b1100011100011001111100100100101 .
1*
#4010000
0!
0R
0S
b10010 '
b10010 K
b1000001 (
b1000001 L
b11110011 )
b11110011 M
b10111101 +
b10111101 N
0,
b1010011011010000100111101001011 0
b10101011110101001010100101111110 J
0*
#4015000
b110010001 5
b1010101 F
b1000011 H
b1001110000 -
1/
b10010010000011111001110111101 .
13
1*
#4020000
1!
1R
1S
1,
b10100110110100001001111010010110 0
b1010011011010000100111101001011 J
0*
#4025000
b1000001101 #
b1000001101 O
b1000001101 X
b110110000 U
b1010011 T
b110010010 5
b11011111 4
b11011111 G
b10101110 I
b110010001 :
b11011011 B
b10101100 8
b1001000110 =
b11 >
b10101001 E
0/
03
1*
#4030000
b110100 '
b110100 K
b11010 (
b11010 L
b11111110 )
b11111110 M
b1101010 +
b1101010 N
b1001001011000000010000010011011 0
b10100110110100001001111010010110 J
0*
#4035000
b1000000011 #
b1000000011 O
b1000000011 X
b101101000 U
b1001110 T
b110010011 5
b11100000 4
b11100000 G
b10101111 I
b110010010 :
b11011100 B
b10101101 8
b1001001001 =
b10101010 E
b1000001101 -
b110100000110101111111001101010 .
1*
#4040000
b11110001 '
b11110001 K
b11010101 (
b11010101 L
b110110 )
b110110 M
b10011 +
b10011 N
b10010010110000000100000100110110 0
b1001001011000000010000010011011 J
0*
#4045000
b110110110 #
b110110110 O
b110110110 X
b1001001 U
b111000110 T
b110010100 5
b11100001 4
b11100001 G
b10110000 I
b110010011 :
b11011101 B
b10101110 8
b1001001011 =
b10 >
b10101011 E
b1000000011 -
b11110001110101010011011000010011 .
1*
#4050000
b1101111 '
b1101111 K
b1010100 (
b1010100 L
b10110000 )
b10110000 M
b11110101 +
b11110101 N
b100001010000011001111111011011 0
b10010010110000000100000100110110 J
0*
#4055000
b1000001111 #
b1000001111 O
b1000001111 X
b110100101 U
b11000011 T
b110010101 5
b11100010 4
b11100010 G
b10110001 I
b110010100 :
b11011110 B
b10101111 8
b1001001101 =
b10101100 E
b110110110 -
b1101111010101001011000011110101 .
1*
#4060000
b1000000 '
b1000000 K
b1000010 (
b1000010 L
b11100011 )
b11100011 M
b11110111 +
b11110111 N
b1000010100000110011111110110110 0
b100001010000011001111111011011 J
0*
#4065000
b1001101000 #
b1001101000 O
b1001101000 X
b111011010 U
b10000010 T
b110010110 5
b11100011 4
b11100011 G
b10110010 I
b110010101 :
b11011111 B
b10110000 8
b1001001111 =
b10101101 E
b1000001111 -
b1000000010000101110001111110111 .
1*
#4070000
b1110000 '
b1110000 K
b110110 (
b110110 L
b110000 )
b110000 M
b10111101 +
b10111101 N
b10000101000001100111111101101100 0
b1000010100000110011111110110110 J
0*
#4075000
b1001011100 #
b1001011100 O
b1001011100 X
b11101101 U
b10100110 T
b110010111 5
b11100100 4
b11100100 G
b10110011 I
b110010110 :
b11100000 B
b10110001 8
b1001010001 =
b10101110 E
b1001101000 -
b1110000001101100011000010111101 .
1*
#4080000
b10001010 '
b10001010 K
b10100000 (
b10100000 L
b1101111 )
b1101111 M
b10000100 +
b10000100 N
b1110110011011110001101101111 0
b10000101000001100111111101101100 J
0*
#4085000
b110010011 #
b110010011 O
b110010011 X
b11110011 U
b100101010 T
b110011000 5
b11100101 4
b11100101 G
b10110100 I
b110010111 :
b11100001 B
b10110010 8
b1001010011 =
b10101111 E
b1001011100 -
b10001010101000000110111110000100 .
1*
#4090000
b11100000 '
b11100000 K
b1011110 (
b1011110 L
b1001100 )
b1001100 M
b1101001 +
b1101001 N
b11101100110111100011011011110 0
b1110110011011110001101101111 J
0*
#4095000
b1000011101 #
b1000011101 O
b1000011101 X
b10110101 U
b100111110 T
b110011001 5
b11100110 4
b11100110 G
b10110101 I
b110011000 :
b11100010 B
b10110011 8
b1001010101 =
b10110000 E
b110010011 -
b11100000010111100100110001101001 .
1*
#4100000
b1000101 '
b1000101 K
b1110101 (
b1110101 L
b10000111 )
b10000111 M
b11000110 +
b11000110 N
b111011001101111000110110111100 0
b11101100110111100011011011110 J
0*
#4105000
b111110011 #
b111110011 O
b111110011 X
b101001101 U
b10111010 T
b110011010 5
b11100111 4
b11100111 G
b10110110 I
b110011001 :
b11100011 B
b10110100 8
b1001010111 =
b10110001 E
b1000011101 -
b1000101011101011000011111000110 .
1*
#4110000
b11001111 '
b11001111 K
b11011 (
b11011 L
b11010001 )
b11010001 M
b1101001 +
b1101001 N
02
b1110110011011110001101101111000 0
b111011001101111000110110111100 J
0*
#4115000
b1000000111 #
b1000000111 O
b1000000111 X
0V
b110011011 5
b110011010 :
b11100100 B
b10110101 8
b1001011001 =
b111110011 -
b11001111000110111101000101101001 .
1*
#4120000
b11101100110111100011011011110000 0
b1110110011011110001101101111000 J
0*
#4125000
0"
0W
b110011100 5
b110011011 :
b11100101 B
b10110110 8
b1001011011 =
b1000000111 -
1*
#4130000
12
b11011101011111010111000001010111 0
b11101100110111100011011011110000 J
0*
#4135000
b100111010 U
b11101010 T
1V
b110011101 5
b11101000 4
b11101000 G
b10110111 I
1*
#4140000
b10010010 '
b10010010 K
b10011000 (
b10011000 L
b1001000 )
b1001000 M
b11110111 +
b11110111 N
02
b10111110001110111111110100011001 0
b11011101011111010111000001010111 J
0*
#4145000
1"
b1000100100 #
b1000100100 O
b1000100100 X
1W
0V
b110011110 5
b10010010100110000100100011110111 .
1*
#4150000
0S
12
0,
b1111000101101101110011110000101 0
b10111110001110111111110100011001 J
0*
#4155000
0!
0R
b100111111 U
b100101010 T
1V
b110011111 5
b11101001 4
b11101001 G
b10111000 I
b1010110 F
b1000100100 -
1/
1*
#4160000
b10011110 '
b10011110 K
b10101 (
b10101 L
b10000110 )
b10000110 M
b10111 +
b10111 N
b11110001011011011100111100001010 0
b1111000101101101110011110000101 J
0*
#4165000
b110100000 5
b1010111 F
b1000100 H
b10011110000101011000011000010111 .
13
1*
#4170000
1!
1R
1S
1,
b11100110000110101000001110100011 0
b11110001011011011100111100001010 J
0*
#4175000
b1001101001 #
b1001101001 O
b1001101001 X
b10011101 U
b10110011 T
b110100001 5
b11101010 4
b11101010 G
b10111001 I
b110100000 :
b11100110 B
b10110111 8
b1001011111 =
b100 >
b10110010 E
0/
03
1*
#4180000
b1001010 '
b1001010 K
b10110110 (
b10110110 L
b111101 )
b111101 M
b1111100 +
b1111100 N
02
b11001000111101000001101011110001 0
b11100110000110101000001110100011 J
0*
#4185000
b101010000 #
b101010000 O
b101010000 X
0V
b110100010 5
b110100001 :
b11100111 B
b10111000 8
b1001100010 =
b11 >
b1001101001 -
b1001010101101100011110101111100 .
1*
#4190000
12
b10010101001010010010100001010101 0
b11001000111101000001101011110001 J
0*
#4195000
0"
0W
b10111001 U
b100000000 T
1V
b110100011 5
b11101011 4
b11101011 G
b10111010 I
b110100010 :
b11101000 B
b10111001 8
b1001100100 =
b10 >
b10110011 E
b101010000 -
1*
#4200000
b10000 '
b10000 K
b11001010 (
b11001010 L
b1111101 )
b1111101 M
b1101001 +
b1101001 N
b101110100100110100110100011101 0
b10010101001010010010100001010101 J
0*
#4205000
1"
b110111001 #
b110111001 O
b110111001 X
1W
b11100110 U
b11011010 T
b110100100 5
b11101100 4
b11101100 G
b10111011 I
b10000110010100111110101101001 .
1*
#4210000
b1001000 '
b1001000 K
b11000011 (
b11000011 L
b100010 )
b100010 M
b10111001 +
b10111001 N
b1011101001001101001101000111010 0
b101110100100110100110100011101 J
0*
#4215000
b111000000 #
b111000000 O
b111000000 X
b11011011 U
b100001011 T
b110100101 5
b11101101 4
b11101101 G
b10111100 I
b110100100 :
b11101001 B
b10111010 8
b1001100110 =
b10110100 E
b110111001 -
b1001000110000110010001010111001 .
1*
#4220000
b10100000 '
b10100000 K
b10110011 (
b10110011 L
b10111010 )
b10111010 M
b11101100 +
b11101100 N
b10111010010011010011010001110100 0
b1011101001001101001101000111010 J
0*
#4225000
b111100110 #
b111100110 O
b111100110 X
b110100110 U
b101010011 T
b110100110 5
b11101110 4
b11101110 G
b10111101 I
b110100101 :
b11101010 B
b10111011 8
b1001101000 =
b10110101 E
b111000000 -
b10100000101100111011101011101100 .
1*
#4230000
b11101011 '
b11101011 K
b101010 (
b101010 L
b11101101 )
b11101101 M
b10100100 +
b10100100 N
b1110000010110110111010101011111 0
b10111010010011010011010001110100 J
0*
#4235000
b1011111001 #
b1011111001 O
b1011111001 X
b110010001 U
b100010101 T
b110100111 5
b11101111 4
b11101111 G
b10111110 I
b110100110 :
b11101011 B
b10111100 8
b1001101010 =
b10110110 E
b111100110 -
b11101011001010101110110110100100 .
1*
#4240000
b1100110 '
b1100110 K
b10011000 (
b10011000 L
b110000 )
b110000 M
b1001101 +
b1001101 N
b11100000101101101110101010111110 0
b1110000010110110111010101011111 J
0*
#4245000
b1010100110 #
b1010100110 O
b1010100110 X
b1111101 U
b11111110 T
b110101000 5
b11110000 4
b11110000 G
b10111111 I
b110100111 :
b11101100 B
b10111101 8
b1001101100 =
b10110111 E
b1011111001 -
b1100110100110000011000001001101 .
1*
#4250000
0!
0R
0S
b11010111 '
b11010111 K
b11000011 (
b11000011 L
b11001110 )
b11001110 M
b11110111 +
b11110111 N
0,
b11000101101011001100100011001011 0
b11100000101101101110101010111110 J
0*
#4255000
b110101001 5
b1011000 F
b1000101 H
b1010100110 -
1/
b11010111110000111100111011110111 .
13
1*
#4260000
1!
1R
1S
1,
b10001111100110001000110000100001 0
b11000101101011001100100011001011 J
0*
#4265000
b101111011 #
b101111011 O
b101111011 X
b111000101 U
b110011010 T
b110101010 5
b11110001 4
b11110001 G
b11000000 I
b110101001 :
b11101101 B
b10111110 8
b1001101111 =
b11 >
b10111000 E
0/
03
1*
#4270000
b111110 '
b111110 K
b11000111 (
b11000111 L
b111011 )
b111011 M
b1011 +
b1011 N
b11011111100000000010111110101 0
b10001111100110001000110000100001 J
0*
#4275000
b1101011111 #
b1101011111 O
b1101011111 X
b1000110 U
b100000101 T
b110101011 5
b11110010 4
b11110010 G
b11000001 I
b110101010 :
b11101110 B
b10111111 8
b1001110010 =
b10111001 E
b101111011 -
b111110110001110011101100001011 .
1*
#4280000
b11111110 '
b11111110 K
b101010 (
b101010 L
b1111100 )
b1111100 M
b1010101 +
b1010101 N
b110111111000000000101111101010 0
b11011111100000000010111110101 J
0*
#4285000
b101001011 #
b101001011 O
b101001011 X
b11010001 U
b100101000 T
b110101100 5
b11110011 4
b11110011 G
b11000010 I
b110101011 :
b11101111 B
b11000000 8
b1001110100 =
b10 >
b10111010 E
b1101011111 -
b11111110001010100111110001010101 .
1*
#4290000
b1011001 '
b1011001 K
b11010110 (
b11010110 L
b10000110 )
b10000110 M
b10110110 +
b10110110 N
b1101111110000000001011111010100 0
b110111111000000000101111101010 J
0*
#4295000
b111111001 #
b111111001 O
b111111001 X
b100111100 U
b100101111 T
b110101101 5
b11110100 4
b11110100 G
b11000011 I
b110101100 :
b11110000 B
b11000001 8
b1001110110 =
b10111011 E
b101001011 -
b1011001110101101000011010110110 .
1*
#4300000
b10010100 '
b10010100 K
b110110 (
b110110 L
b1000 )
b1000 M
b1111 +
b1111 N
02
b11011111100000000010111110101000 0
b1101111110000000001011111010100 J
0*
#4305000
b1001101011 #
b1001101011 O
b1001101011 X
0V
b110101110 5
b110101101 :
b11110001 B
b11000010 8
b1001111000 =
b111111001 -
b10010100001101100000100000001111 .
1*
#4310000
12
b10111011110000010100001011100111 0
b11011111100000000010111110101000 J
0*
#4315000
0"
0W
b10111 U
b11001010 T
1V
b110101111 5
b11110101 4
b11110101 G
b11000100 I
b110101110 :
b11110010 B
b11000011 8
b1001111010 =
b10111100 E
b1001101011 -
1*
#4320000
b11100000 '
b11100000 K
b10100 (
b10100 L
b11101100 )
b11101100 M
b1111011 +
b1111011 N
02
b1110011010000111001100001111001 0
b10111011110000010100001011100111 J
0*
#4325000
1"
b11100001 #
b11100001 O
b11100001 X
1W
0V
b110110000 5
b11100000000101001110110001111011 .
1*
#4330000
12
b11100110100001110011000011110010 0
b1110011010000111001100001111001 J
0*
#4335000
0"
0W
b101100111 U
b11110100 T
1V
b110110001 5
b11110110 4
b11110110 G
b11000101 I
b110110000 :
b11110011 B
b11000100 8
b1001111100 =
b10111101 E
b11100001 -
1*
#4340000
b11100011 '
b11100011 K
b1100101 (
b1100101 L
b10100001 )
b10100001 M
b1110010 +
b1110010 N
b11001001110011110111110001010011 0
b11100110100001110011000011110010 J
0*
#4345000
1"
b1001011011 #
b1001011011 O
b1001011011 X
1W
b100010011 U
b101001000 T
b110110010 5
b11110111 4
b11110111 G
b11000110 I
b11100011011001011010000101110010 .
1*
#4350000
b101001 '
b101001 K
b1100011 (
b1100011 L
b1001001 )
b1001001 M
b0 +
b0 N
02
b10010111010111111110010100010001 0
b11001001110011110111110001010011 J
0*
#4355000
0V
b110110011 5
b110110010 :
b11110100 B
b11000101 8
b1001111110 =
b1001011011 -
b101001011000110100100100000000 .
1*
#4360000
12
b101010011111101101011110010101 0
b10010111010111111110010100010001 J
0*
#4365000
0"
0W
b1001001 U
b10001100 T
1V
b110110100 5
b11111000 4
b11111000 G
b11000111 I
b110110011 :
b11110101 B
b11000110 8
b1010000000 =
b10111110 E
1*
#4370000
b111010 '
b111010 K
b11111 (
b11111 L
b100001 )
b100001 M
b1001 +
b1001 N
b1010100111111011010111100101010 0
b101010011111101101011110010101 J
0*
#4375000
1"
b11010101 #
b11010101 O
b11010101 X
1W
b101010 U
b1011001 T
b110110101 5
b11111001 4
b11111001 G
b11001000 I
b111010000111110010000100001001 .
1*
#4380000
b10011110 '
b10011110 K
b100001 (
b100001 L
b100 )
b100 M
b11101011 +
b11101011 N
b10101001111110110101111001010100 0
b1010100111111011010111100101010 J
0*
#4385000
b10000011 #
b10000011 O
b10000011 X
b11101111 U
b10111111 T
b110110110 5
b11111010 4
b11111010 G
b11001001 I
b110110101 :
b11110110 B
b11000111 8
b1010000010 =
b10111111 E
b11010101 -
b10011110001000010000010011101011 .
1*
#4390000
b1000010 '
b1000010 K
b1001010 (
b1001010 L
b1010 )
b1010 M
b1100101 +
b1100101 N
b1010111001101111010000100011111 0
b10101001111110110101111001010100 J
0*
#4395000
b110101110 #
b110101110 O
b110101110 X
b1101111 U
b10001100 T
b110110111 5
b11111011 4
b11111011 G
b11001010 I
b110110110 :
b11110111 B
b11001000 8
b1010000100 =
b11000000 E
b10000011 -
b1000010010010100000101001100101 .
1*
#4400000
b10100110 '
b10100110 K
b11111100 (
b11111100 L
b1101101 )
b1101101 M
b101001 +
b101001 N
b10101110011011110100001000111110 0
b1010111001101111010000100011111 J
0*
#4405000
b11111011 #
b11111011 O
b11111011 X
b10010110 U
b110100010 T
b110111000 5
b11111100 4
b11111100 G
b11001011 I
b110110111 :
b11111000 B
b11001001 8
b1010000110 =
b11000001 E
b110101110 -
b10100110111111000110110100101001 .
1*
#4410000
0!
0R
0S
b1011101 '
b1011101 K
b10100 (
b10100 L
b11101000 )
b11101000 M
b11001111 +
b11001111 N
0,
b1011000000111111001100111001011 0
b10101110011011110100001000111110 J
0*
#4415000
b110111001 5
b1011001 F
b1000110 H
b11111011 -
1/
b1011101000101001110100011001111 .
13
1*
#4420000
1!
1R
1S
1,
b10110000001111110011001110010110 0
b1011000000111111001100111001011 J
0*
#4425000
b1000111000 #
b1000111000 O
b1000111000 X
b110110111 U
b1110001 T
b110111010 5
b11111101 4
b11111101 G
b11001100 I
b110111001 :
b11111001 B
b11001010 8
b1010001001 =
b11 >
b11000010 E
0/
03
1*
#4430000
b10001110 '
b10001110 K
b101001 )
b101001 M
b11011111 +
b11011111 N
b1100100101111110111101010011011 0
b10110000001111110011001110010110 J
0*
#4435000
b1000101000 #
b1000101000 O
b1000101000 X
b100001000 U
b10100010 T
b110111011 5
b11111110 4
b11111110 G
b11001101 I
b110111010 :
b11111010 B
b11001011 8
b1010001100 =
b11000011 E
b1000111000 -
b10001110000101000010100111011111 .
1*
#4440000
b10101111 '
b10101111 K
b110101 (
b110101 L
b10010011 )
b10010011 M
b11000001 +
b11000001 N
b11001001011111101111010100110110 0
b1100100101111110111101010011011 J
0*
#4445000
b110101010 #
b110101010 O
b110101010 X
b101010100 U
b11100100 T
b110111100 5
b11111111 4
b11111111 G
b11001110 I
b110111011 :
b11111011 B
b11001100 8
b1010001110 =
b10 >
b11000100 E
b1000101000 -
b10101111001101011001001111000001 .
1*
#4450000
b10110100 '
b10110100 K
b1001111 (
b1001111 L
b11010010 )
b11010010 M
b1101101 +
b1101101 N
b10010110001111001111011111011011 0
b11001001011111101111010100110110 J
0*
#4455000
b1000111000 #
b1000111000 O
b1000111000 X
b100111111 U
b100000011 T
b110111101 5
b100000000 4
b100000000 G
b11001111 I
b110111100 :
b11111100 B
b11001101 8
b1010010000 =
b11000101 E
b110101010 -
b10110100010011111101001001101101 .
1*
#4460000
0!
0R
0S
b1000011 '
b1000011 K
b10110001 (
b10110001 L
b111011 )
b111011 M
b1111000 +
b1111000 N
02
0,
b101000101110001111001000000001 0
b10010110001111001111011111011011 J
0*
#4465000
b110111110 5
b1011010 F
b1000111000 -
1/
b1000011101100010011101101111000 .
1*
#4470000
12
b1010001011100011110010000000010 0
b101000101110001111001000000001 J
0*
#4475000
b110111111 5
b1011011 F
b1000111 H
13
1*
#4480000
b10100010111000111100100000000100 0
b1010001011100011110010000000010 J
0*
#4485000
b111000000 5
b1011100 F
b1001000 H
1*
#4490000
1!
1R
1S
1,
b1000001000001101000110110111111 0
b10100010111000111100100000000100 J
0*
#4495000
b1001000010 #
b1001000010 O
b1001000010 X
b10110011 U
b11110100 T
b111000001 5
b100000001 4
b100000001 G
b11010000 I
b111000000 :
b11111101 B
b11001110 8
b1010010101 =
b101 >
b11000110 E
0/
03
1*
#4500000
b1100010 '
b1100010 K
b1001111 (
b1001111 L
b11000111 )
b11000111 M
b1011000 +
b1011000 N
b10000010000011010001101101111110 0
b1000001000001101000110110111111 J
0*
#4505000
b110100111 #
b110100111 O
b110100111 X
b100011111 U
b10110001 T
b111000010 5
b100000010 4
b100000010 G
b11010001 I
b111000001 :
b11111110 B
b11001111 8
b1010011010 =
b11000111 E
b1001000010 -
b1100010010011111100011101011000 .
1*
#4510000
0!
0R
0S
b1111010 '
b1111010 K
b110001 (
b110001 L
b11011111 )
b11011111 M
b11010101 +
b11010101 N
0,
b110110110010101101001011 0
b10000010000011010001101101111110 J
0*
#4515000
b111000011 5
b1011101 F
b1001001 H
b110100111 -
1/
b1111010001100011101111111010101 .
13
1*
#4520000
1!
1R
1S
1,
b1101101100101011010010110 0
b110110110010101101001011 J
0*
#4525000
b111010000 #
b111010000 O
b111010000 X
b110110100 U
b10101011 T
b111000100 5
b100000011 4
b100000011 G
b11010010 I
b111000011 :
b11111111 B
b11010000 8
b1010011101 =
b11 >
b11001000 E
0/
03
1*
#4530000
b1 '
b1 K
b1001111 (
b1001111 L
b1001010 )
b1001010 M
b100000 +
b100000 N
b11011011001010110100101100 0
b1101101100101011010010110 J
0*
#4535000
b1001011111 #
b1001011111 O
b1001011111 X
b1101010 U
b1010000 T
b111000101 5
b100000100 4
b100000100 G
b11010011 I
b111000100 :
b100000000 B
b11010001 8
b1010100000 =
b11001001 E
b111010000 -
b1010011110100101000100000 .
1*
#4540000
b11010010 '
b11010010 K
b1000011 (
b1000011 L
b1101011 )
b1101011 M
b10101001 +
b10101001 N
02
b110110110010101101001011000 0
b11011011001010110100101100 J
0*
#4545000
b10111010 #
b10111010 O
b10111010 X
0V
b111000110 5
b111000101 :
b100000001 B
b11010010 8
b1010100010 =
b10 >
b1001011111 -
b11010010010000110110101110101001 .
1*
#4550000
b1101101100101011010010110000 0
b110110110010101101001011000 J
0*
#4555000
0"
0W
b111000111 5
b111000110 :
b100000010 B
b11010011 8
b1010100100 =
b10111010 -
1*
#4560000
b11011011001010110100101100000 0
b1101101100101011010010110000 J
0*
#4565000
b111001000 5
1*
#4570000
0,
b110110110010101101001011000000 0
b11011011001010110100101100000 J
0*
#4575000
b111001001 5
1*
#4580000
b1101101100101011010010110000000 0
b110110110010101101001011000000 J
0*
#4585000
b111001010 5
1*
#4590000
b11011011001010110100101100000000 0
b1101101100101011010010110000000 J
0*
#4595000
b111001011 5
1*
#4600000
12
1,
b10110010100101111000101110110111 0
b11011011001010110100101100000000 J
0*
#4605000
b100010100 U
b100010101 T
1V
b111001100 5
b100000101 4
b100000101 G
b11010100 I
1*
#4610000
b111100 '
b111100 K
b11011110 (
b11011110 L
b110010 )
b110010 M
b10101111 +
b10101111 N
02
b1100001111011100000101011011001 0
b10110010100101111000101110110111 J
0*
#4615000
1"
b1000101001 #
b1000101001 O
b1000101001 X
1W
0V
b111001101 5
b111100110111100011001010101111 .
1*
#4620000
12
b11000011110111000001010110110010 0
b1100001111011100000101011011001 J
0*
#4625000
0"
0W
b11100001 U
b100011010 T
1V
b111001110 5
b100000110 4
b100000110 G
b11010101 I
b111001101 :
b100000011 B
b11010100 8
b1010100110 =
b11001010 E
b1000101001 -
1*
#4630000
b110100 '
b110100 K
b11111100 (
b11111100 L
b10101101 )
b10101101 M
b1011110 +
b1011110 N
b10000011011110010011011011010011 0
b11000011110111000001010110110010 J
0*
#4635000
1"
b111111011 #
b111111011 O
b111111011 X
1W
b100001011 U
b100110000 T
b111001111 5
b100000111 4
b100000111 G
b11010110 I
b110100111111001010110101011110 .
1*
#4640000
b1101100 '
b1101100 K
b11100111 (
b11100111 L
b111010 )
b111010 M
b10101010 +
b10101010 N
02
b10001100110111000000010001 0
b10000011011110010011011011010011 J
0*
#4645000
b1000111011 #
b1000111011 O
b1000111011 X
0V
b111010000 5
b111001111 :
b100000100 B
b11010101 8
b1010101000 =
b111111011 -
b1101100111001110011101010101010 .
1*
#4650000
12
b100011001101110000000100010 0
b10001100110111000000010001 J
0*
#4655000
0"
0W
b11100100 U
b101010011 T
1V
b111010001 5
b100001000 4
b100001000 G
b11010111 I
b111010000 :
b100000101 B
b11010110 8
b1010101010 =
b11001011 E
b1000111011 -
1*
#4660000
b110001 '
b110001 K
b0 (
b0 L
b1100 )
b1100 M
b101001 +
b101001 N
0,
b1000110011011100000001000100 0
b100011001101110000000100010 J
0*
#4665000
0!
0R
0S
1"
b1000110111 #
b1000110111 O
b1000110111 X
1W
b110101 U
b110001 T
b111010010 5
b100001001 4
b100001001 G
b11011000 I
b110001000000000000110000101001 .
1*
#4670000
b10000011 '
b10000011 K
b10111010 (
b10111010 L
b10101010 )
b10101010 M
b11011110 +
b11011110 N
02
b10001100110111000000010001000 0
b1000110011011100000001000100 J
0*
#4675000
b111010011 5
b1011110 F
b1000110111 -
1/
b10000011101110101010101011011110 .
1*
#4680000
1!
1R
1S
1,
b100011001101110000000100010000 0
b10001100110111000000010001000 J
0*
#4685000
b1100110 #
b1100110 O
b1100110 X
0V
b111010100 5
b111010011 :
b100000110 B
b11010111 8
b1010101101 =
b11 >
0/
1*
#4690000
b1000110011011100000001000100000 0
b100011001101110000000100010000 J
0*
#4695000
0"
0W
b111010101 5
b111010100 :
b100000111 B
b11011000 8
b1010110000 =
b1100110 -
1*
#4700000
0,
b10001100110111000000010001000000 0
b1000110011011100000001000100000 J
0*
#4705000
b111010110 5
1*
#4710000
12
1,
b11101011110010001010100110111 0
b10001100110111000000010001000000 J
0*
#4715000
b110001000 U
b100111101 T
1V
b111010111 5
b100001010 4
b100001010 G
b11011001 I
1*
#4720000
b1100011 '
b1100011 K
b10001110 (
b10001110 L
b11101011 )
b11101011 M
b10000100 +
b10000100 N
b111010111100100010101001101110 0
b11101011110010001010100110111 J
0*
#4725000
1"
b1011000101 #
b1011000101 O
b1011000101 X
1W
b101101111 U
b11110001 T
b111011000 5
b100001011 4
b100001011 G
b11011010 I
b1100011100011101110101110000100 .
1*
#4730000
b10011000 '
b10011000 K
b1001 (
b1001 L
b110011 )
b110011 M
b10000011 +
b10000011 N
b1110101111001000101010011011100 0
b111010111100100010101001101110 J
0*
#4735000
b1001100000 #
b1001100000 O
b1001100000 X
b10110110 U
b10100001 T
b111011001 5
b100001100 4
b100001100 G
b11011011 I
b111011000 :
b100001000 B
b11011001 8
b1010110010 =
b10 >
b11001100 E
b1011000101 -
b10011000000010010011001110000011 .
1*
#4740000
b100 '
b100 K
b1110010 (
b1110010 L
b11101000 )
b11101000 M
b11100101 +
b11100101 N
02
b11101011110010001010100110111000 0
b1110101111001000101010011011100 J
0*
#4745000
b101010111 #
b101010111 O
b101010111 X
0V
b111011010 5
b111011001 :
b100001001 B
b11011010 8
b1010110100 =
b1001100000 -
b100011100101110100011100101 .
1*
#4750000
0S
12
0,
b11010011010100000100111011000111 0
b11101011110010001010100110111000 J
0*
#4755000
0!
0R
b111001101 U
b1110110 T
1V
b111011011 5
b100001101 4
b100001101 G
b11011100 I
b1011111 F
b101010111 -
1/
1*
#4760000
1!
1R
1S
b110001 '
b110001 K
b1101111 (
b1101111 L
b1110001 )
b1110001 M
b1010111 +
b1010111 N
02
1,
b10100010011000011000000000111001 0
b11010011010100000100111011000111 J
0*
#4765000
b1001000011 #
b1001000011 O
b1001000011 X
0V
b111011100 5
b111011011 :
b100001010 B
b11011011 8
b1010110111 =
b11 >
0/
b110001011011110111000101010111 .
1*
#4770000
0S
12
0,
b1000000000000100001110111000101 0
b10100010011000011000000000111001 J
0*
#4775000
0!
0R
b11001000 U
b10100000 T
1V
b111011101 5
b100001110 4
b100001110 G
b11011101 I
b1100000 F
b1001000011 -
1/
1*
#4780000
b10110010 '
b10110010 K
b1100010 (
b1100010 L
b101011 )
b101011 M
b1101001 +
b1101001 N
b10000000000001000011101110001010 0
b1000000000000100001110111000101 J
0*
#4785000
b111011110 5
b1100001 F
b1001010 H
b10110010011000100010101101101001 .
13
1*
#4790000
1!
1R
1S
1,
b100110010010110101010100011 0
b10000000000001000011101110001010 J
0*
#4795000
b101101000 #
b101101000 O
b101101000 X
b10010100 U
b100010100 T
b111011111 5
b100001111 4
b100001111 G
b11011110 I
b111011110 :
b100001011 B
b11011100 8
b1010111011 =
b100 >
b11001101 E
0/
03
1*
#4800000
0!
0R
0S
b11100100 '
b11100100 K
b100 (
b100 L
b11000000 )
b11000000 M
b11101000 +
b11101000 N
0,
b1001100100101101010101000110 0
b100110010010110101010100011 J
0*
#4805000
b111100000 5
b1100010 F
b1001011 H
b101101000 -
1/
b11100100000001001100000011101000 .
13
1*
#4810000
b10011001001011010101010001100 0
b1001100100101101010101000110 J
0*
#4815000
b111100001 5
b1100011 F
b1001100 H
1*
#4820000
1!
1R
1S
1,
b100110010010110101010100011000 0
b10011001001011010101010001100 J
0*
#4825000
b110101000 #
b110101000 O
b110101000 X
b110101000 U
b11101000 T
b111100010 5
b100010000 4
b100010000 G
b11011111 I
b111100001 :
b100001100 B
b11011101 8
b1011000000 =
b101 >
b11001110 E
0/
03
1*
#4830000
b11111101 '
b11111101 K
b100101 (
b100101 L
b1000001 )
b1000001 M
b1000 +
b1000 N
02
b1001100100101101010101000110000 0
b100110010010110101010100011000 J
0*
#4835000
b1010010000 #
b1010010000 O
b1010010000 X
0V
b111100011 5
b111100010 :
b100001101 B
b11011110 8
b1011000100 =
b100 >
b110101000 -
b11111101001001010100000100001000 .
1*
#4840000
b10011001001011010101010001100000 0
b1001100100101101010101000110000 J
0*
#4845000
0"
0W
b111100100 5
b111100011 :
b100001110 B
b11011111 8
b1011000110 =
b10 >
b1010010000 -
1*
#4850000
12
b110110100110111011010101110111 0
b10011001001011010101010001100000 J
0*
#4855000
b1001001 U
b100100010 T
1V
b111100101 5
b100010001 4
b100010001 G
b11100000 I
1*
#4860000
b10011010 '
b10011010 K
b11100100 (
b11100100 L
b10110100 )
b10110100 M
b10010110 +
b10010110 N
b1101101001101110110101011101110 0
b110110100110111011010101110111 J
0*
#4865000
1"
b101101011 #
b101101011 O
b101101011 X
1W
b101001010 U
b101111110 T
b111100110 5
b100010010 4
b100010010 G
b11100001 I
b10011010111001001011010010010110 .
1*
#4870000
b11011110 '
b11011110 K
b10100001 (
b10100001 L
b1001101 )
b1001101 M
b1000010 +
b1000010 N
b11011010011011101101010111011100 0
b1101101001101110110101011101110 J
0*
#4875000
b1011001000 #
b1011001000 O
b1011001000 X
b10001111 U
b101111111 T
b111100111 5
b100010011 4
b100010011 G
b11100010 I
b111100110 :
b100001111 B
b11100000 8
b1011001000 =
b11001111 E
b101101011 -
b11011110101000010100110101000010 .
1*
#4880000
0!
0R
0S
b10111000 '
b10111000 K
b111100 (
b111100 L
b11101101 +
b11101101 N
0,
b10110000000111001011011000001111 0
b11011010011011101101010111011100 J
0*
#4885000
b111101000 5
b1100100 F
b1001101 H
b1011001000 -
1/
b10111000001111000100110111101101 .
13
1*
#4890000
1!
1R
1S
1,
b1100100111110000111000110101001 0
b10110000000111001011011000001111 J
0*
#4895000
b1000001110 #
b1000001110 O
b1000001110 X
b100111010 U
b11110100 T
b111101001 5
b100010100 4
b100010100 G
b11100011 I
b111101000 :
b100010000 B
b11100001 8
b1011001011 =
b11 >
b11010000 E
0/
03
1*
#4900000
b101001 '
b101001 K
b10011011 (
b10011011 L
b1010011 )
b1010011 M
b1010001 +
b1010001 N
b11001001111100001110001101010010 0
b1100100111110000111000110101001 J
0*
#4905000
b1000101110 #
b1000101110 O
b1000101110 X
b10100100 U
b11000100 T
b111101010 5
b100010101 4
b100010101 G
b11100100 I
b111101001 :
b100010001 B
b11100010 8
b1011001110 =
b11010001 E
b1000001110 -
b101001100110110101001101010001 .
1*
#4910000
b11101 '
b11101 K
b10000111 (
b10000111 L
b1000101 )
b1000101 M
b110001 +
b110001 N
b10010111001000001101101100010011 0
b11001001111100001110001101010010 J
0*
#4915000
b101101000 #
b101101000 O
b101101000 X
b1110110 U
b10100100 T
b111101011 5
b100010110 4
b100010110 G
b11100101 I
b111101010 :
b100010010 B
b11100011 8
b1011010000 =
b10 >
b11010010 E
b1000101110 -
b11101100001110100010100110001 .
1*
#4920000
b10101011 '
b10101011 K
b11001001 (
b11001001 L
b10000010 )
b10000010 M
b11001000 +
b11001000 N
02
b101010100000001010101110010001 0
b10010111001000001101101100010011 J
0*
#4925000
b100011010 #
b100011010 O
b100011010 X
0V
b111101100 5
b111101011 :
b100010011 B
b11100100 8
b1011010010 =
b101101000 -
b10101011110010011000001011001000 .
1*
#4930000
12
b1010101000000010101011100100010 0
b101010100000001010101110010001 J
0*
#4935000
0"
0W
b101001010 U
b101110100 T
1V
b111101101 5
b100010111 4
b100010111 G
b11100110 I
b111101100 :
b100010100 B
b11100101 8
b1011010100 =
b11010011 E
b100011010 -
1*
#4940000
b10011010 '
b10011010 K
b11101001 (
b11101001 L
b10111000 )
b10111000 M
b10010000 +
b10010000 N
0,
b10101010000000101010111001000100 0
b1010101000000010101011100100010 J
0*
#4945000
0!
0R
0S
1"
b1010111110 #
b1010111110 O
b1010111110 X
1W
b101001000 U
b110000011 T
b111101110 5
b100011000 4
b100011000 G
b11100111 I
b10011010111010011011100010010000 .
1*
#4950000
1!
1R
1S
b10001100 '
b10001100 K
b10101 (
b10101 L
b11100111 )
b11100111 M
b11111100 +
b11111100 N
1,
b1010000110001000100000100111111 0
b10101010000000101010111001000100 J
0*
#4955000
b1011001011 #
b1011001011 O
b1011001011 X
b111100011 U
b10100001 T
b111101111 5
b100011001 4
b100011001 G
b11101000 I
b111101110 :
b100010101 B
b11100110 8
b1011010110 =
b11010100 E
b1010111110 -
b10001100000101011110011111111100 .
1*
#4960000
b1111110 '
b1111110 K
b11010001 (
b11010001 L
b10111011 )
b10111011 M
b1010000 +
b1010000 N
b10100001100010001000001001111110 0
b1010000110001000100000100111111 J
0*
#4965000
b1010000100 #
b1010000100 O
b1010000100 X
b100001011 U
b101001111 T
b111110000 5
b100011010 4
b100011010 G
b11101001 I
b111101111 :
b100010110 B
b11100111 8
b1011011000 =
b11010101 E
b1011001011 -
b1111110110100011011101101010000 .
1*
#4970000
0!
0R
0S
b10001100 '
b10001100 K
b11011 (
b11011 L
b1001 )
b1001 M
b1111111 +
b1111111 N
0,
b1000111110100000001100101001011 0
b10100001100010001000001001111110 J
0*
#4975000
b111110001 5
b1100101 F
b1001110 H
b1010000100 -
1/
b10001100000110110000100101111111 .
13
1*
#4980000
1!
1R
1S
1,
b10001111101000000011001010010110 0
b1000111110100000001100101001011 J
0*
#4985000
b1001011010 #
b1001011010 O
b1001011010 X
b10001000 U
b10100111 T
b111110010 5
b100011011 4
b100011011 G
b11101010 I
b111110001 :
b100010111 B
b11101000 8
b1011011011 =
b11 >
b11010110 E
0/
03
1*
#4990000
b10100011 '
b10100011 K
b1010101 (
b1010101 L
b1111000 )
b1111000 M
b10110110 +
b10110110 N
b11011100000010111100010011011 0
b10001111101000000011001010010110 J
0*
#4995000
b100101111 #
b100101111 O
b100101111 X
b100101110 U
b11111000 T
b111110011 5
b100011100 4
b100011100 G
b11101011 I
b111110010 :
b100011000 B
b11101001 8
b1011011110 =
b11010111 E
b1001011010 -
b10100011010101010111100010110110 .
1*
#5000000
b10001100 '
b10001100 K
b11000010 (
b11000010 L
b10101010 )
b10101010 M
b100111 +
b100111 N
b110111000000101111000100110110 0
b11011100000010111100010011011 J
0*
#5005000
b1000100110 #
b1000100110 O
b1000100110 X
b11010001 U
b101001110 T
b111110100 5
b100011101 4
b100011101 G
b11101100 I
b111110011 :
b100011001 B
b11101010 8
b1011100000 =
b10 >
b11011000 E
b100101111 -
b10001100110000101010101000100111 .
1*
#5010000
b10011000 '
b10011000 K
b10011101 (
b10011101 L
b1001011 )
b1001011 M
b10001001 +
b10001001 N
b1101110000001011110001001101100 0
b110111000000101111000100110110 J
0*
#5015000
b1000011111 #
b1000011111 O
b1000011111 X
b11010100 U
b100110101 T
b111110101 5
b100011110 4
b100011110 G
b11101101 I
b111110100 :
b100011010 B
b11101011 8
b1011100010 =
b11011001 E
b1000100110 -
b10011000100111010100101110001001 .
1*
#5020000
b11101000 '
b11101000 K
b1010001 (
b1010001 L
b11111001 )
b11111001 M
b101000 +
b101000 N
02
b11011100000010111100010011011000 0
b1101110000001011110001001101100 J
0*
#5025000
b1000001001 #
b1000001001 O
b1000001001 X
0V
b111110110 5
b111110101 :
b100011011 B
b11101100 8
b1011100100 =
b1000011111 -
b11101000010100011111100100101000 .
1*
#5030000
0S
12
0,
b10111100110101101001010000000111 0
b11011100000010111100010011011000 J
0*
#5035000
0!
0R
b100100001 U
b100111001 T
1V
b111110111 5
b100011111 4
b100011111 G
b11101110 I
b1100110 F
b1000001001 -
1/
1*
#5040000
1!
1R
1S
b11110111 '
b11110111 K
b11010010 (
b11010010 L
b10011101 )
b10011101 M
b10 +
b10 N
02
1,
b1111101011011000011010110111001 0
b10111100110101101001010000000111 J
0*
#5045000
b1001011010 #
b1001011010 O
b1001011010 X
0V
b111111000 5
b111110111 :
b100011100 B
b11101101 8
b1011100111 =
b11 >
0/
b11110111110100101001110100000010 .
1*
#5050000
12
b11111010110110000110101101110010 0
b1111101011011000011010110111001 J
0*
#5055000
0"
0W
b10011111 U
b111001001 T
1V
b111111001 5
b100100000 4
b100100000 G
b11101111 I
b111111000 :
b100011101 B
b11101110 8
b1011101001 =
b10 >
b11011010 E
b1001011010 -
1*
#5060000
b10010011 '
b10010011 K
b110111 (
b110111 L
b11000101 )
b11000101 M
b10110100 +
b10110100 N
b11110001011100011100101101010011 0
b11111010110110000110101101110010 J
0*
#5065000
1"
b1001101000 #
b1001101000 O
b1001101000 X
1W
b101111001 U
b11001010 T
b111111010 5
b100100001 4
b100100001 G
b11110000 I
b10010011001101111100010110110100 .
1*
#5070000
b10111101 '
b10111101 K
b11001101 (
b11001101 L
b1111111 )
b1111111 M
b1101 +
b1101 N
02
b11100110001000101000101100010001 0
b11110001011100011100101101010011 J
0*
#5075000
b1001000011 #
b1001000011 O
b1001000011 X
0V
b111111011 5
b111111010 :
b100011110 B
b11101111 8
b1011101011 =
b1001101000 -
b10111101110011010111111100001101 .
1*
#5080000
12
b11001000100001000000101110010101 0
b11100110001000101000101100010001 J
0*
#5085000
0"
0W
b10001100 U
b110001010 T
1V
b111111100 5
b100100010 4
b100100010 G
b11110001 I
b111111011 :
b100011111 B
b11110000 8
b1011101101 =
b11011011 E
b1001000011 -
1*
#5090000
b10001110 '
b10001110 K
b11001111 (
b11001111 L
b11010110 )
b11010110 M
b1000110 +
b1000110 N
b10010101110010010000101010011101 0
b11001000100001000000101110010101 J
0*
#5095000
1"
b1000010110 #
b1000010110 O
b1000010110 X
1W
b100011100 U
b101011101 T
b111111101 5
b100100011 4
b100100011 G
b11110010 I
b10001110110011111101011001000110 .
1*
#5100000
0!
0R
0S
b101000 '
b101000 K
b10111001 (
b10111001 L
b10111000 )
b10111000 M
b10111101 +
b10111101 N
0,
b101111010100110000100010001101 0
b10010101110010010000101010011101 J
0*
#5105000
b111111110 5
b1100111 F
b1001111 H
b1000010110 -
1/
b101000101110011011100010111101 .
13
1*
#5110000
1!
1R
1S
1,
b1011110101001100001000100011010 0
b101111010100110000100010001101 J
0*
#5115000
b1001111001 #
b1001111001 O
b1001111001 X
b101110101 U
b11100001 T
b111111111 5
b100100100 4
b100100100 G
b11110011 I
b111111110 :
b100100000 B
b11110001 8
b1011110000 =
b11 >
b11011100 E
0/
03
1*
#5120000
b110100 '
b110100 K
b11011 (
b11011 L
b11011001 )
b11011001 M
b1011 +
b1011 N
b10111101010011000010001000110100 0
b1011110101001100001000100011010 J
0*
#5125000
b1001010110 #
b1001010110 O
b1001010110 X
b11100100 U
b1001111 T
b1000000000 5
b100100101 4
b100100101 G
b11110100 I
b111111111 :
b100100001 B
b11110010 8
b1011110011 =
b11011101 E
b1001111001 -
b110100000110111101100100001011 .
1*
#5130000
b10010110 '
b10010110 K
b100001 (
b100001 L
b1011010 )
b1011010 M
b11101110 +
b11101110 N
b1111110010110010101100111011111 0
b10111101010011000010001000110100 J
0*
#5135000
b100110011 #
b100110011 O
b100110011 X
b101001000 U
b10110111 T
b1000000001 5
b100100110 4
b100100110 G
b11110101 I
b1000000000 :
b100100010 B
b11110011 8
b1011110101 =
b10 >
b11011110 E
b1001010110 -
b10010110001000010101101011101110 .
1*
#5140000
b100101 '
b100101 K
b11011000 (
b11011000 L
b1010111 )
b1010111 M
b1001010 +
b1001010 N
b11111100101100101011001110111110 0
b1111110010110010101100111011111 J
0*
#5145000
b111111111 #
b111111111 O
b111111111 X
b10100001 U
b11111101 T
b1000000010 5
b100100111 4
b100100111 G
b11110110 I
b1000000001 :
b100100011 B
b11110100 8
b1011110111 =
b11011111 E
b100110011 -
b100101110110000101011101001010 .
1*
#5150000
0!
0R
0S
b10000 '
b10000 K
b1011100 (
b1011100 L
b11111111 )
b11111111 M
b11010101 +
b11010101 N
0,
b11111101101001000111101011001011 0
b11111100101100101011001110111110 J
0*
#5155000
b1000000011 5
b1101000 F
b1010000 H
b111111111 -
1/
b10000010111001111111111010101 .
13
1*
#5160000
1!
1R
1S
1,
b11111111100010011110100000100001 0
b11111101101001000111101011001011 J
0*
#5165000
b110011110 #
b110011110 O
b110011110 X
b111010100 U
b1101100 T
b1000000100 5
b100101000 4
b100101000 G
b11110111 I
b1000000011 :
b100100100 B
b11110101 8
b1011111010 =
b11 >
b11100000 E
0/
03
1*
#5170000
b10110000 '
b10110000 K
b1101100 (
b1101100 L
b10010 )
b10010 M
b11010110 +
b11010110 N
b11111011110100101100110111110101 0
b11111111100010011110100000100001 J
0*
#5175000
b1001000000 #
b1001000000 O
b1001000000 X
b11101000 U
b100011100 T
b1000000101 5
b100101001 4
b100101001 G
b11111000 I
b1000000100 :
b100100101 B
b11110110 8
b1011111101 =
b11100001 E
b110011110 -
b10110000011011000001001011010110 .
1*
#5180000
b11011110 '
b11011110 K
b11011011 (
b11011011 L
b1010 )
b1010 M
b111101 +
b111101 N
b11110011011001001000011001011101 0
b11111011110100101100110111110101 J
0*
#5185000
b1000000100 #
b1000000100 O
b1000000100 X
b1000111 U
b110111001 T
b1000000110 5
b100101010 4
b100101010 G
b11111001 I
b1000000101 :
b100100110 B
b11110111 8
b1011111111 =
b10 >
b11100010 E
b1001000000 -
b11011110110110110000101000111101 .
1*
#5190000
0!
0R
0S
b10011111 '
b10011111 K
b111001 (
b111001 L
b1101101 )
b1101101 M
b101111 +
b101111 N
0,
b11100010000010000001000100001101 0
b11110011011001001000011001011101 J
0*
#5195000
b1000000111 5
b1101001 F
b1010001 H
b1000000100 -
1/
b10011111001110010110110100101111 .
13
1*
#5200000
1!
1R
1S
1,
b11000000110100010011111110101101 0
b11100010000010000001000100001101 J
0*
#5205000
b1000000000 #
b1000000000 O
b1000000000 X
b10011100 U
b11011000 T
b1000001000 5
b100101011 4
b100101011 G
b11111010 I
b1000000111 :
b100100111 B
b11111000 8
b1100000010 =
b11 >
b11100011 E
0/
03
1*
#5210000
b10000110 '
b10000110 K
b1001010 (
b1001010 L
b11011001 )
b11011001 M
b10000101 +
b10000101 N
b10000101011000110110001011101101 0
b11000000110100010011111110101101 J
0*
#5215000
b101110100 #
b101110100 O
b101110100 X
b101011110 U
b11010000 T
b1000001001 5
b100101100 4
b100101100 G
b11111011 I
b1000001000 :
b100101000 B
b11111001 8
b1100000101 =
b11100100 E
b1000000000 -
b10000110010010101101100110000101 .
1*
#5220000
b100 '
b100 K
b11001100 (
b11001100 L
b10011111 )
b10011111 M
b11110 +
b11110 N
b1110000001111101100001101101 0
b10000101011000110110001011101101 J
0*
#5225000
b1000101110 #
b1000101110 O
b1000101110 X
b10111101 U
b1000001010 5
b100101101 4
b100101101 G
b11111100 I
b1000001001 :
b100101001 B
b11111010 8
b1100000111 =
b10 >
b11100101 E
b101110100 -
b100110011001001111100011110 .
1*
#5230000
b10110000 '
b10110000 K
b10001 (
b10001 L
b1011 )
b1011 M
b11100111 +
b11100111 N
b11100000011111011000011011010 0
b1110000001111101100001101101 J
0*
#5235000
b110001101 #
b110001101 O
b110001101 X
b11110010 U
b11000001 T
b1000001011 5
b100101110 4
b100101110 G
b11111101 I
b1000001010 :
b100101010 B
b11111011 8
b1100001001 =
b11100110 E
b1000101110 -
b10110000000100010000101111100111 .
1*
#5240000
b10011 '
b10011 K
b1011000 (
b1011000 L
b1111011 )
b1111011 M
b1010011 +
b1010011 N
b111000000111110110000110110100 0
b11100000011111011000011011010 J
0*
#5245000
b110110011 #
b110110011 O
b110110011 X
b11001110 U
b1101011 T
b1000001100 5
b100101111 4
b100101111 G
b11111110 I
b1000001011 :
b100101011 B
b11111100 8
b1100001011 =
b11100111 E
b110001101 -
b10011010110000111101101010011 .
1*
#5250000
b11100001 '
b11100001 K
b1010101 (
b1010101 L
b110111 )
b110111 M
02
b1110000001111101100001101101000 0
b111000000111110110000110110100 J
0*
#5255000
b100111001 #
b100111001 O
b100111001 X
0V
b1000001101 5
b1000001100 :
b100101100 B
b11111101 8
b1100001101 =
b110110011 -
b11100001010101010011011101010011 .
1*
#5260000
b11100000011111011000011011010000 0
b1110000001111101100001101101000 J
0*
#5265000
0"
0W
b1000001110 5
b1000001101 :
b100101101 B
b11111110 8
b1100001111 =
b100111001 -
1*
#5270000
12
b11000100001110100001000000010111 0
b11100000011111011000011011010000 J
0*
#5275000
b10001010 U
b100110110 T
1V
b1000001111 5
b100110000 4
b100110000 G
b11111111 I
1*
#5280000
b110001 '
b110001 K
b110100 (
b110100 L
b10110011 )
b10110011 M
b1100011 +
b1100011 N
02
b10001100101101010011110110011001 0
b11000100001110100001000000010111 J
0*
#5285000
1"
b111000000 #
b111000000 O
b111000000 X
1W
0V
b1000010000 5
b110001001101001011001101100011 .
1*
#5290000
0S
12
0,
b11101101010110110011010000101 0
b10001100101101010011110110011001 J
0*
#5295000
0!
0R
b100010110 U
b1100101 T
1V
b1000010001 5
b100110001 4
b100110001 G
b100000000 I
b1101010 F
b111000000 -
1/
1*
#5300000
b111111 '
b111111 K
b11110001 (
b11110001 L
b111010 )
b111010 M
b11111011 +
b11111011 N
b111011010101101100110100001010 0
b11101101010110110011010000101 J
0*
#5305000
b1000010010 5
b1101011 F
b1010010 H
b111111111100010011101011111011 .
13
1*
#5310000
1!
1R
1S
1,
b1110110101011011001101000010100 0
b111011010101101100110100001010 J
0*
#5315000
b101111011 #
b101111011 O
b101111011 X
b100110101 U
b100110000 T
b1000010011 5
b100110010 4
b100110010 G
b100000001 I
b1000010010 :
b100101110 B
b11111111 8
b1100010011 =
b100 >
b11101000 E
0/
03
1*
#5320000
b11010000 '
b11010000 K
b1111001 (
b1111001 L
b10100 )
b10100 M
b10111001 +
b10111001 N
02
b11101101010110110011010000101000 0
b1110110101011011001101000010100 J
0*
#5325000
b1001100101 #
b1001100101 O
b1001100101 X
0V
b1000010100 5
b1000010011 :
b100101111 B
b100000000 8
b1100010110 =
b11 >
b101111011 -
b11010000011110010001010010111001 .
1*
#5330000
12
b11011110011101110111010111100111 0
b11101101010110110011010000101000 J
0*
#5335000
0"
0W
b11001101 U
b101001001 T
1V
b1000010101 5
b100110011 4
b100110011 G
b100000010 I
b1000010100 :
b100110000 B
b100000001 8
b1100011000 =
b10 >
b11101001 E
b1001100101 -
1*
#5340000
b10101111 '
b10101111 K
b1000001 (
b1000001 L
b11000101 )
b11000101 M
b11100011 +
b11100011 N
02
b10111000001011111111011001111001 0
b11011110011101110111010111100111 J
0*
#5345000
1"
b1000010110 #
b1000010110 O
b1000010110 X
1W
0V
b1000010110 5
b10101111010000011100010111100011 .
1*
#5350000
0S
12
0,
b1110100100111101111000101000101 0
b10111000001011111111011001111001 J
0*
#5355000
0!
0R
b110101000 U
b11110000 T
1V
b1000010111 5
b100110100 4
b100110100 G
b100000011 I
b1101100 F
b1000010110 -
1/
1*
#5360000
b1010010 '
b1010010 K
b1010 (
b1010 L
b11111011 )
b11111011 M
b10000101 +
b10000101 N
b11101001001111011110001010001010 0
b1110100100111101111000101000101 J
0*
#5365000
b1000011000 5
b1101101 F
b1010011 H
b1010010000010101111101110000101 .
13
1*
#5370000
1!
1R
1S
1,
b11010110101110101101100010100011 0
b11101001001111011110001010001010 J
0*
#5375000
b1010011000 #
b1010011000 O
b1010011000 X
b110000000 U
b1011100 T
b1000011001 5
b100110101 4
b100110101 G
b100000100 I
b1000011000 :
b100110001 B
b100000010 8
b1100011100 =
b100 >
b11101010 E
0/
03
1*
#5380000
b111101 '
b111101 K
b1 (
b1 L
b11110011 )
b11110011 M
b10111110 +
b10111110 N
02
b10101001101101001010110011110001 0
b11010110101110101101100010100011 J
0*
#5385000
b111011100 #
b111011100 O
b111011100 X
0V
b1000011010 5
b1000011001 :
b100110010 B
b100000011 8
b1100011111 =
b11 >
b1010011000 -
b111101000000011111001110111110 .
1*
#5390000
12
b1010111101010000100010001010101 0
b10101001101101001010110011110001 J
0*
#5395000
0"
0W
b110110001 U
b111110 T
1V
b1000011011 5
b100110110 4
b100110110 G
b100000101 I
b1000011010 :
b100110011 B
b100000100 8
b1100100001 =
b10 >
b11101011 E
b111011100 -
1*
#5400000
b1000001 '
b1000001 K
b11001000 (
b11001000 L
b10001011 )
b10001011 M
b10111 +
b10111 N
b10101111010100001000100010101010 0
b1010111101010000100010001010101 J
0*
#5405000
1"
b111101111 #
b111101111 O
b111101111 X
1W
b10100010 U
b100001001 T
b1000011100 5
b100110111 4
b100110111 G
b100000110 I
b1000001110010001000101100010111 .
1*
#5410000
b11001111 '
b11001111 K
b10011010 (
b10011010 L
b11001111 )
b11001111 M
b10011100 +
b10011100 N
b1011010011000000000110011100011 0
b10101111010100001000100010101010 J
0*
#5415000
b110101011 #
b110101011 O
b110101011 X
b101101011 U
b101101001 T
b1000011101 5
b100111000 4
b100111000 G
b100000111 I
b1000011100 :
b100110100 B
b100000101 8
b1100100011 =
b11101100 E
b111101111 -
b11001111100110101100111110011100 .
1*
#5420000
0!
0R
0S
b1010111 '
b1010111 K
b11110110 (
b11110110 L
b111101 )
b111101 M
b10111111 +
b10111111 N
0,
b10110100110000000001100111000110 0
b1011010011000000000110011100011 J
0*
#5425000
b1000011110 5
b1101110 F
b1010100 H
b110101011 -
1/
b1010111111101100011110110111111 .
13
1*
#5430000
1!
1R
1S
1,
b1101101010000010010111000111011 0
b10110100110000000001100111000110 J
0*
#5435000
b1011010100 #
b1011010100 O
b1011010100 X
b11111100 U
b101001101 T
b1000011111 5
b100111001 4
b100111001 G
b100001000 I
b1000011110 :
b100110101 B
b100000110 8
b1100100110 =
b11 >
b11101101 E
0/
03
1*
#5440000
b1111010 '
b1111010 K
b110000 (
b110000 L
b1011 )
b1011 M
b1010011 +
b1010011 N
b11011010100000100101110001110110 0
b1101101010000010010111000111011 J
0*
#5445000
b1001001001 #
b1001001001 O
b1001001001 X
b1011110 U
b10101010 T
b1000100000 5
b100111010 4
b100111010 G
b100001001 I
b1000011111 :
b100110110 B
b100000111 8
b1100101001 =
b11101110 E
b1011010100 -
b1111010001100000000101101010011 .
1*
#5450000
b10110101 '
b10110101 K
b111100 (
b111100 L
b11000110 )
b11000110 M
b101000 +
b101000 N
b10110001110001011010010101011011 0
b11011010100000100101110001110110 J
0*
#5455000
b100001000 #
b100001000 O
b100001000 X
b11101110 U
b11110001 T
b1000100001 5
b100111011 4
b100111011 G
b100001010 I
b1000100000 :
b100110111 B
b100001000 8
b1100101011 =
b10 >
b11101111 E
b1001001001 -
b10110101001111001100011000101000 .
1*
#5460000
0!
0R
0S
b1101100 '
b1101100 K
b11111111 (
b11111111 L
b10010001 )
b10010001 M
b10001100 +
b10001100 N
02
0,
b1100111010010100101011100000001 0
b10110001110001011010010101011011 J
0*
#5465000
b1000100010 5
b1101111 F
b100001000 -
1/
b1101100111111111001000110001100 .
1*
#5470000
12
b11001110100101001010111000000010 0
b1100111010010100101011100000001 J
0*
#5475000
b1000100011 5
b1110000 F
b1010101 H
13
1*
#5480000
1!
1R
1S
1,
b10011001111010000100000110110011 0
b11001110100101001010111000000010 J
0*
#5485000
b111011111 #
b111011111 O
b111011111 X
b100011101 U
b101101011 T
b1000100100 5
b100111100 4
b100111100 G
b100001011 I
b1000100011 :
b100111000 B
b100001001 8
b1100101111 =
b100 >
b11110000 E
0/
03
1*
#5490000
b100111 '
b100111 K
b10110000 (
b10110000 L
b10110101 )
b10110101 M
b10111001 +
b10111001 N
02
b110111000100011001111011010001 0
b10011001111010000100000110110011 J
0*
#5495000
b1010001000 #
b1010001000 O
b1010001000 X
0V
b1000100101 5
b1000100100 :
b100111001 B
b100001010 8
b1100110011 =
b111011111 -
b100111101100001011010110111001 .
1*
#5500000
12
b1101110001000110011110110100010 0
b110111000100011001111011010001 J
0*
#5505000
0"
0W
b101101110 U
b11010111 T
1V
b1000100110 5
b100111101 4
b100111101 G
b100001100 I
b1000100101 :
b100111010 B
b100001011 8
b1100110101 =
b10 >
b11110001 E
b1010001000 -
1*
#5510000
b1010011 '
b1010011 K
b10000 (
b10000 L
b101 )
b101 M
b1000110 +
b1000110 N
0,
b11011100010001100111101101000100 0
b1101110001000110011110110100010 J
0*
#5515000
0!
0R
0S
1"
b1001000101 #
b1001000101 O
b1001000101 X
1W
b1001011 U
b1100011 T
b1000100111 5
b100111110 4
b100111110 G
b100001101 I
b1010011000100000000010101000110 .
1*
#5520000
1!
1R
1S
b1110101 '
b1110101 K
b1010101 (
b1010101 L
b11111010 )
b11111010 M
b1100010 +
b1100010 N
1,
b10111100010011011110101100111111 0
b11011100010001100111101101000100 J
0*
#5525000
b10101110 #
b10101110 O
b10101110 X
b101011100 U
b11001010 T
b1000101000 5
b100111111 4
b100111111 G
b100001110 I
b1000100111 :
b100111011 B
b100001100 8
b1100110111 =
b11110010 E
b1001000101 -
b1110101010101011111101001100010 .
1*
#5530000
0!
0R
0S
b11101110 '
b11101110 K
b10001100 (
b10001100 L
b110010 )
b110010 M
b111011 +
b111011 N
02
0,
b1111100010110101100101111001001 0
b10111100010011011110101100111111 J
0*
#5535000
b1000101001 5
b1110001 F
b10101110 -
1/
b11101110100011000011001000111011 .
1*
#5540000
1!
1R
1S
12
1,
b11111000101101011001011110010010 0
b1111100010110101100101111001001 J
0*
#5545000
b1000100110 #
b1000100110 O
b1000100110 X
b1101101 U
b101111010 T
b1000101010 5
b101000000 4
b101000000 G
b100001111 I
b1000101001 :
b100111100 B
b100001101 8
b1100111010 =
b11 >
b11110011 E
0/
1*
#5550000
b111101 '
b111101 K
b110100 (
b110100 L
b11010110 )
b11010110 M
b100 +
b100 N
b11110101101010100011001010010011 0
b11111000101101011001011110010010 J
0*
#5555000
b111100111 #
b111100111 O
b111100111 X
b11011010 U
b1110001 T
b1000101011 5
b101000001 4
b101000001 G
b100010000 I
b1000101010 :
b100111101 B
b100001110 8
b1100111101 =
b11110100 E
b1000100110 -
b111101001101001101011000000100 .
1*
#5560000
b11001000 '
b11001000 K
b11111110 (
b11111110 L
b110011 )
b110011 M
b1000001 +
b1000001 N
02
b11101111100101010111100010010001 0
b11110101101010100011001010010011 J
0*
#5565000
b101001011 #
b101001011 O
b101001011 X
0V
b1000101100 5
b1000101011 :
b100111110 B
b100001111 8
b1100111111 =
b10 >
b111100111 -
b11001000111111100011001101000001 .
1*
#5570000
12
b11011011111010111110110010010101 0
b11101111100101010111100010010001 J
0*
#5575000
0"
0W
b1110100 U
b111000110 T
1V
b1000101101 5
b101000010 4
b101000010 G
b100010001 I
b1000101100 :
b100111111 B
b100010000 8
b1101000001 =
b11110101 E
b101001011 -
1*
#5580000
b10000011 '
b10000011 K
b1000101 (
b1000101 L
b1011001 )
b1011001 M
b11000111 +
b11000111 N
b10110011000101101100010010011101 0
b11011011111010111110110010010101 J
0*
#5585000
1"
b1000111010 #
b1000111010 O
b1000111010 X
1W
b100100000 U
b11001000 T
b1000101110 5
b101000011 4
b101000011 G
b100010010 I
b10000011010001010101100111000111 .
1*
#5590000
0!
0R
0S
b1110 '
b1110 K
b1010010 (
b1010010 L
b1110000 )
b1110000 M
b11010100 +
b11010100 N
0,
b1100010111011001001010010001101 0
b10110011000101101100010010011101 J
0*
#5595000
b1000101111 5
b1110010 F
b1010110 H
b1000111010 -
1/
b1110010100100111000011010100 .
13
1*
#5600000
1!
1R
1S
1,
b11000101110110010010100100011010 0
b1100010111011001001010010001101 J
0*
#5605000
b111101000 #
b111101000 O
b111101000 X
b101000100 U
b1100000 T
b1000110000 5
b101000100 4
b101000100 G
b100010011 I
b1000101111 :
b101000000 B
b100010001 8
b1101000100 =
b11 >
b11110110 E
0/
03
1*
#5610000
0!
0R
0S
b11000001 '
b11000001 K
b10101000 (
b10101000 L
b11011000 )
b11011000 M
b11010101 +
b11010101 N
0,
b10001111011100110100111110000011 0
b11000101110110010010100100011010 J
0*
#5615000
b1000110001 5
b1110011 F
b1010111 H
b111101000 -
1/
b11000001101010001101100011010101 .
13
1*
#5620000
1!
1R
1S
1,
b11010001001111000001010110001 0
b10001111011100110100111110000011 J
0*
#5625000
b110100100 #
b110100100 O
b110100100 X
b110101101 U
b101101001 T
b1000110010 5
b101000101 4
b101000101 G
b100010100 I
b1000110001 :
b101000001 B
b100010010 8
b1101001000 =
b100 >
b11110111 E
0/
03
1*
#5630000
b11001110 '
b11001110 K
b1100011 (
b1100011 L
b11000011 )
b11000011 M
b11100 +
b11100 N
b110100010011110000010101100010 0
b11010001001111000001010110001 J
0*
#5635000
b1100010110 #
b1100010110 O
b1100010110 X
b11011111 U
b100110001 T
b1000110011 5
b101000110 4
b101000110 G
b100010101 I
b1000110010 :
b101000010 B
b100010011 8
b1101001011 =
b11 >
b11111000 E
b110100100 -
b11001110011000111100001100011100 .
1*
#5640000
0!
0R
0S
b11011100 '
b11011100 K
b100000 (
b100000 L
b1111000 )
b1111000 M
b10100100 +
b10100100 N
0,
b1101000100111100000101011000100 0
b110100010011110000010101100010 J
0*
#5645000
b1000110100 5
b1110100 F
b1011000 H
b1100010110 -
1/
b11011100001000000111100010100100 .
13
1*
#5650000
b11010001001111000001010110001000 0
b1101000100111100000101011000100 J
0*
#5655000
b1000110101 5
b1110101 F
b1011001 H
1*
#5660000
1!
1R
1S
1,
b10100110101110010011011010100111 0
b11010001001111000001010110001000 J
0*
#5665000
b1000010000 #
b1000010000 O
b1000010000 X
b100011100 U
b11111100 T
b1000110110 5
b101000111 4
b101000111 G
b100010110 I
b1000110101 :
b101000011 B
b100010100 8
b1101001111 =
b100 >
b11111001 E
0/
03
1*
#5670000
b10001111 '
b10001111 K
b11100000 (
b11100000 L
b10000100 )
b10000100 M
b1111010 +
b1111010 N
02
b1001001101100110111000011111001 0
b10100110101110010011011010100111 J
0*
#5675000
b1000011000 #
b1000011000 O
b1000011000 X
0V
b1000110111 5
b1000110110 :
b101000100 B
b100010101 8
b1101010011 =
b1000010000 -
b10001111111000001000010001111010 .
1*
#5680000
12
b10010011011001101110000111110010 0
b1001001101100110111000011111001 J
0*
#5685000
0"
0W
b11111110 U
b101101111 T
1V
b1000111000 5
b101001000 4
b101001000 G
b100010111 I
b1000110111 :
b101000101 B
b100010110 8
b1101010101 =
b10 >
b11111010 E
b1000011000 -
1*
#5690000
b10000100 '
b10000100 K
b1110000 (
b1110000 L
b1000100 )
b1000100 M
b1111011 +
b1111011 N
b100010000011001101111001010011 0
b10010011011001101110000111110010 J
0*
#5695000
1"
b1001101101 #
b1001101101 O
b1001101101 X
1W
b10111111 U
b11110100 T
b1000111001 5
b101001001 4
b101001001 G
b100011000 I
b10000100011100000100010001111011 .
1*
#5700000
b10110110 '
b10110110 K
b10011011 (
b10011011 L
b1011000 )
b1011000 M
b11001000 +
b11001000 N
b1000100000110011011110010100110 0
b100010000011001101111001010011 J
0*
#5705000
b110110011 #
b110110011 O
b110110011 X
b100100000 U
b101010001 T
b1000111010 5
b101001010 4
b101001010 G
b100011001 I
b1000111001 :
b101000110 B
b100010111 8
b1101010111 =
b11111011 E
b1001101101 -
b10110110100110110101100011001000 .
1*
#5710000
0!
0R
0S
b11101011 '
b11101011 K
b11100 (
b11100 L
b100010 )
b100010 M
b1101001 +
b1101001 N
0,
b10001000001100110111100101001100 0
b1000100000110011011110010100110 J
0*
#5715000
b1000111011 5
b1110110 F
b1011010 H
b110110011 -
1/
b11101011000111000010001001101001 .
13
1*
#5720000
1!
1R
1S
1,
b10100101001111110111100101111 0
b10001000001100110111100101001100 J
0*
#5725000
b1001110001 #
b1001110001 O
b1001110001 X
b10001011 U
b100000111 T
b1000111100 5
b101001011 4
b101001011 G
b100011010 I
b1000111011 :
b101000111 B
b100011000 8
b1101011010 =
b11 >
b11111100 E
0/
03
1*
#5730000
b1101110 '
b1101110 K
b11101001 (
b11101001 L
b10011001 )
b10011001 M
b1011000 +
b1011000 N
b101001010011111101111001011110 0
b10100101001111110111100101111 J
0*
#5735000
b110010010 #
b110010010 O
b110010010 X
b11110001 U
b101010111 T
b1000111101 5
b101001100 4
b101001100 G
b100011011 I
b1000111100 :
b101001000 B
b100011001 8
b1101011101 =
b11111101 E
b1001110001 -
b1101110111010011001100101011000 .
1*
#5740000
b10110110 '
b10110110 K
b101011 (
b101011 L
b11100000 )
b11100000 M
b11110110 +
b11110110 N
b1010010100111111011110010111100 0
b101001010011111101111001011110 J
0*
#5745000
b1001001000 #
b1001001000 O
b1001001000 X
b111010110 U
b11100001 T
b1000111110 5
b101001101 4
b101001101 G
b100011100 I
b1000111101 :
b101001001 B
b100011010 8
b1101011111 =
b10 >
b11111110 E
b110010010 -
b10110110001010111110000011110110 .
1*
#5750000
b10100110 '
b10100110 K
b11000111 (
b11000111 L
b10110011 )
b10110011 M
b11010 +
b11010 N
02
b10100101001111110111100101111000 0
b1010010100111111011110010111100 J
0*
#5755000
b1010110111 #
b1010110111 O
b1010110111 X
0V
b1000111111 5
b1000111110 :
b101001010 B
b100011011 8
b1101100001 =
b1001001000 -
b10100110110001111011001100011010 .
1*
#5760000
0S
12
0,
b1001110101111111110111101000111 0
b10100101001111110111100101111000 J
0*
#5765000
0!
0R
b11001101 U
b101101101 T
1V
b1001000000 5
b101001110 4
b101001110 G
b100011101 I
b1110111 F
b1010110111 -
1/
1*
#5770000
b1001 '
b1001 K
b101100 (
b101100 L
b11000111 )
b11000111 M
b101101 +
b101101 N
b10011101011111111101111010001110 0
b1001110101111111110111101000111 J
0*
#5775000
b1001000001 5
b1111000 F
b1011011 H
b1001001011001100011100101101 .
13
1*
#5780000
1!
1R
1S
1,
b111110001111101010000010101011 0
b10011101011111111101111010001110 J
0*
#5785000
b1000111010 #
b1000111010 O
b1000111010 X
b11110100 U
b110101 T
b1001000010 5
b101001111 4
b101001111 G
b100011110 I
b1001000001 :
b101001011 B
b100011100 8
b1101100101 =
b100 >
b11111111 E
0/
03
1*
#5790000
b1010100 '
b1010100 K
b11001011 (
b11001011 L
b110010 )
b110010 M
b10100111 +
b10100111 N
b1111100011111010100000101010110 0
b111110001111101010000010101011 J
0*
#5795000
b100101001 #
b100101001 O
b100101001 X
b11011001 U
b100011111 T
b1001000011 5
b101010000 4
b101010000 G
b100011111 I
b1001000010 :
b101001100 B
b100011101 8
b1101101000 =
b11 >
b100000000 E
b1000111010 -
b1010100110010110011001010100111 .
1*
#5800000
b101001 '
b101001 K
b11101111 (
b11101111 L
b1101010 )
b1101010 M
b11001000 +
b11001000 N
b11111000111110101000001010101100 0
b1111100011111010100000101010110 J
0*
#5805000
b111111000 #
b111111000 O
b111111000 X
b100110010 U
b100011000 T
b1001000100 5
b101010001 4
b101010001 G
b100100000 I
b1001000011 :
b101001101 B
b100011110 8
b1101101010 =
b10 >
b100000001 E
b100101001 -
b101001111011110110101011001000 .
1*
#5810000
b11000111 '
b11000111 K
b11000110 (
b11000110 L
b10001000 )
b10001000 M
b11110000 +
b11110000 N
b11110101001101000001100011101111 0
b11111000111110101000001010101100 J
0*
#5815000
b1001001010 #
b1001001010 O
b1001001010 X
b101111000 U
b110001101 T
b1001000101 5
b101010010 4
b101010010 G
b100100001 I
b1001000100 :
b101001110 B
b100011111 8
b1101101100 =
b100000010 E
b111111000 -
b11000111110001101000100011110000 .
1*
#5820000
b11100001 '
b11100001 K
b1001010 (
b1001010 L
b10110000 )
b10110000 M
b11111010 +
b11111010 N
02
b11101110101010010010110001101001 0
b11110101001101000001100011101111 J
0*
#5825000
b1100000101 #
b1100000101 O
b1100000101 X
0V
b1001000110 5
b1001000101 :
b101001111 B
b100100000 8
b1101101110 =
b1001001010 -
b11100001010010101011000011111010 .
1*
#5830000
12
b11011001100100110100010101100101 0
b11101110101010010010110001101001 J
0*
#5835000
0"
0W
b110101010 U
b100101011 T
1V
b1001000111 5
b101010011 4
b101010011 G
b100100010 I
b1001000110 :
b101010000 B
b100100001 8
b1101110000 =
b100000011 E
b1100000101 -
1*
#5840000
b11110101 '
b11110101 K
b101001 (
b101001 L
b1100 )
b1100 M
b11100101 +
b11100101 N
b10110111111001111001011101111101 0
b11011001100100110100010101100101 J
0*
#5845000
1"
b1011010101 #
b1011010101 O
b1011010101 X
1W
b11110001 U
b100011110 T
b1001001000 5
b101010100 4
b101010100 G
b100100011 I
b11110101001010010000110011100101 .
1*
#5850000
0!
0R
0S
b1001001 '
b1001001 K
b11110101 (
b11110101 L
b1111101 )
b1111101 M
b1100100 +
b1100100 N
0,
b1101011000011100011001101001101 0
b10110111111001111001011101111101 J
0*
#5855000
b1001001001 5
b1111001 F
b1011100 H
b1011010101 -
1/
b1001001111101010111110101100100 .
13
1*
#5860000
1!
1R
1S
1,
b11010110000111000110011010011010 0
b1101011000011100011001101001101 J
0*
#5865000
b1000001111 #
b1000001111 O
b1000001111 X
b11100001 U
b100111110 T
b1001001010 5
b101010101 4
b101010101 G
b100100100 I
b1001001001 :
b101010001 B
b100100010 8
b1101110011 =
b11 >
b100000100 E
0/
03
1*
#5870000
0!
0R
0S
b11111101 '
b11111101 K
b1110000 (
b1110000 L
b10111001 )
b10111001 M
b111101 +
b111101 N
0,
b10101000111110011101000010000011 0
b11010110000111000110011010011010 J
0*
#5875000
b1001001011 5
b1111010 F
b1011101 H
b1000001111 -
1/
b11111101011100001011100100111101 .
13
1*
#5880000
1!
1R
1S
1,
b1010101001100101011110010110001 0
b10101000111110011101000010000011 J
0*
#5885000
b1000011111 #
b1000011111 O
b1000011111 X
b11110110 U
b101101101 T
b1001001100 5
b101010110 4
b101010110 G
b100100101 I
b1001001011 :
b101010010 B
b100100011 8
b1101110111 =
b100 >
b100000101 E
0/
03
1*
#5890000
b101110 '
b101110 K
b10010111 (
b10010111 L
b110111 )
b110111 M
b100101 +
b100101 N
b10101010011001010111100101100010 0
b1010101001100101011110010110001 J
0*
#5895000
b1001100011 #
b1001100011 O
b1001100011 X
b1011100 U
b11000101 T
b1001001101 5
b101010111 4
b101010111 G
b100100110 I
b1001001100 :
b101010011 B
b100100100 8
b1101111010 =
b11 >
b100000110 E
b1000011111 -
b101110100101110011011100100101 .
1*
#5900000
b10000001 '
b10000001 K
b11000110 (
b11000110 L
b10011111 )
b10011111 M
b1111011 +
b1111011 N
b1010000000010111110111101110011 0
b10101010011001010111100101100010 J
0*
#5905000
b100100001 #
b100100001 O
b100100001 X
b100011010 U
b101000111 T
b1001001110 5
b101011000 4
b101011000 G
b100100111 I
b1001001101 :
b101010100 B
b100100101 8
b1101111100 =
b10 >
b100000111 E
b1001100011 -
b10000001110001101001111101111011 .
1*
#5910000
b10001000 '
b10001000 K
b11010111 (
b11010111 L
b10010010 )
b10010010 M
b10001011 +
b10001011 N
b10100000000101111101111011100110 0
b1010000000010111110111101110011 J
0*
#5915000
b1001100001 #
b1001100001 O
b1001100001 X
b100011101 U
b101011111 T
b1001001111 5
b101011001 4
b101011001 G
b100101000 I
b1001001110 :
b101010101 B
b100100110 8
b1101111110 =
b100001000 E
b100100001 -
b10001000110101111001001010001011 .
1*
#5920000
b1110110 '
b1110110 K
b1110100 (
b1110100 L
b11110011 )
b11110011 M
b10101110 +
b10101110 N
b1000100111011101010000001111011 0
b10100000000101111101111011100110 J
0*
#5925000
b1001111100 #
b1001111100 O
b1001111100 X
b110100001 U
b11101010 T
b1001010000 5
b101011010 4
b101011010 G
b100101001 I
b1001001111 :
b101010110 B
b100100111 8
b1110000000 =
b100001001 E
b1001100001 -
b1110110011101001111001110101110 .
1*
#5930000
b10110110 '
b10110110 K
b11110 (
b11110 L
b11011010 )
b11011010 M
b11001100 +
b11001100 N
b10001001110111010100000011110110 0
b1000100111011101010000001111011 J
0*
#5935000
b1010001011 #
b1010001011 O
b1010001011 X
b110100110 U
b11010100 T
b1001010001 5
b101011011 4
b101011011 G
b100101010 I
b1001010000 :
b101010111 B
b100101000 8
b1110000010 =
b100001010 E
b1001111100 -
b10110110000111101101101011001100 .
1*
#5940000
b11010011 '
b11010011 K
b1001 (
b1001 L
b11101010 )
b11101010 M
b10001010 +
b10001010 N
b10111011110111001110001011011 0
b10001001110111010100000011110110 J
0*
#5945000
b1001111010 #
b1001111010 O
b1001111010 X
b101110100 U
b11011100 T
b1001010010 5
b101011100 4
b101011100 G
b100101011 I
b1001010001 :
b101011000 B
b100101001 8
b1110000100 =
b100001011 E
b1010001011 -
b11010011000010011110101010001010 .
1*
#5950000
b10011000 '
b10011000 K
b1101111 (
b1101111 L
b10000010 )
b10000010 M
b1101101 +
b1101101 N
b101110111101110011100010110110 0
b10111011110111001110001011011 J
0*
#5955000
b1001010000 #
b1001010000 O
b1001010000 X
b11101111 U
b100000111 T
b1001010011 5
b101011101 4
b101011101 G
b100101100 I
b1001010010 :
b101011001 B
b100101010 8
b1110000110 =
b100001100 E
b1001111010 -
b10011000011011111000001001101101 .
1*
#5960000
b1110110 '
b1110110 K
b110010 (
b110010 L
b10110001 )
b10110001 M
b101001 +
b101001 N
b1011101111011100111000101101100 0
b101110111101110011100010110110 J
0*
#5965000
b111110110 #
b111110110 O
b111110110 X
b11011010 U
b10101000 T
b1001010100 5
b101011110 4
b101011110 G
b100101101 I
b1001010011 :
b101011010 B
b100101011 8
b1110001000 =
b100001101 E
b1001010000 -
b1110110001100101011000100101001 .
1*
#5970000
b1001111 '
b1001111 K
b10010110 (
b10010110 L
b1011011 )
b1011011 M
b1101110 +
b1101110 N
02
b10111011110111001110001011011000 0
b1011101111011100111000101101100 J
0*
#5975000
b110000010 #
b110000010 O
b110000010 X
0V
b1001010101 5
b1001010100 :
b101011011 B
b100101100 8
b1110001010 =
b111110110 -
b1001111100101100101101101101110 .
1*
#5980000
0S
12
0,
b1110011011110001101100000000111 0
b10111011110111001110001011011000 J
0*
#5985000
0!
0R
b11001001 U
b11100101 T
1V
b1001010110 5
b101011111 4
b101011111 G
b100101110 I
b1111011 F
b110000010 -
1/
1*
#5990000
b11111001 '
b11111001 K
b11011011 (
b11011011 L
b11000010 )
b11000010 M
b10000101 +
b10000101 N
b11100110111100011011000000001110 0
b1110011011110001101100000000111 J
0*
#5995000
b1001010111 5
b1111100 F
b1011110 H
b11111001110110111100001010000101 .
13
1*
#6000000
1!
1R
1S
1,
b11001001001000100111110110101011 0
b11100110111100011011000000001110 J
0*
#6005000
b110101110 #
b110101110 O
b110101110 X
b101000111 U
b111010100 T
b1001011000 5
b101100000 4
b101100000 G
b100101111 I
b1001010111 :
b101011100 B
b100101101 8
b1110001110 =
b100 >
b100001110 E
0/
03
1*
#6010000
b11100100 '
b11100100 K
b111010 (
b111010 L
b10011011 )
b10011011 M
b101000 +
b101000 N
02
b10010110100001011110011011100001 0
b11001001001000100111110110101011 J
0*
#6015000
b1100011011 #
b1100011011 O
b1100011011 X
0V
b1001011001 5
b1001011000 :
b101011101 B
b100101110 8
b1110010001 =
b11 >
b110101110 -
b11100100001110101001101100101000 .
1*
#6020000
12
b101001110010101101000001110101 0
b10010110100001011110011011100001 J
0*
#6025000
0"
0W
b11000011 U
b100011110 T
1V
b1001011010 5
b101100001 4
b101100001 G
b100110000 I
b1001011001 :
b101011110 B
b100101111 8
b1110010011 =
b10 >
b100001111 E
b1100011011 -
1*
#6030000
b11001011 '
b11001011 K
b1101111 (
b1101111 L
b10011 )
b10011 M
b101011 +
b101011 N
b1010011100101011010000011101010 0
b101001110010101101000001110101 J
0*
#6035000
1"
b111100001 #
b111100001 O
b111100001 X
1W
b111110 U
b100111010 T
b1001011011 5
b101100010 4
b101100010 G
b100110001 I
b11001011011011110001001100101011 .
1*
#6040000
b10110 '
b10110 K
b11100 (
b11100 L
b11001111 )
b11001111 M
b1011 +
b1011 N
b10100111001010110100000111010100 0
b1010011100101011010000011101010 J
0*
#6045000
b101111000 #
b101111000 O
b101111000 X
b11011010 U
b110010 T
b1001011100 5
b101100011 4
b101100011 G
b100110010 I
b1001011011 :
b101011111 B
b100110000 8
b1110010101 =
b100010000 E
b111100001 -
b10110000111001100111100001011 .
1*
#6050000
b101010 '
b101010 K
b11110010 (
b11110010 L
b11000 )
b11000 M
b11011 +
b11011 N
b1001010100101111001111000011111 0
b10100111001010110100000111010100 J
0*
#6055000
b100001100 #
b100001100 O
b100001100 X
b110011 U
b100011100 T
b1001011101 5
b101100100 4
b101100100 G
b100110011 I
b1001011100 :
b101100000 B
b100110001 8
b1110010111 =
b100010001 E
b101111000 -
b101010111100100001100000011011 .
1*
#6060000
b11010010 '
b11010010 K
b1001001 (
b1001001 L
b11100000 )
b11100000 M
b11010101 +
b11010101 N
b10010101001011110011110000111110 0
b1001010100101111001111000011111 J
0*
#6065000
b101001111 #
b101001111 O
b101001111 X
b110110101 U
b100011011 T
b1001011110 5
b101100101 4
b101100101 G
b100110100 I
b1001011101 :
b101100001 B
b100110010 8
b1110011001 =
b100010010 E
b100001100 -
b11010010010010011110000011010101 .
1*
#6070000
0!
0R
0S
b10000101 '
b10000101 K
b11101110 (
b11101110 L
b10101110 )
b10101110 M
b1001000 +
b1001000 N
0,
b101110100111110110010111001011 0
b10010101001011110011110000111110 J
0*
#6075000
b1001011111 5
b1111101 F
b1011111 H
b101001111 -
1/
b10000101111011101010111001001000 .
13
1*
#6080000
1!
1R
1S
1,
b1011101001111101100101110010110 0
b101110100111110110010111001011 J
0*
#6085000
b1011010000 #
b1011010000 O
b1011010000 X
b11110110 U
b101110011 T
b1001100000 5
b101100110 4
b101100110 G
b100110101 I
b1001011111 :
b101100010 B
b100110011 8
b1110011100 =
b11 >
b100010011 E
0/
03
1*
#6090000
b11000101 '
b11000101 K
b11010101 (
b11010101 L
b10100110 )
b10100110 M
b111000 +
b111000 N
b10111010011111011001011100101100 0
b1011101001111101100101110010110 J
0*
#6095000
b1001101001 #
b1001101001 O
b1001101001 X
b11011110 U
b110011010 T
b1001100001 5
b101100111 4
b101100111 G
b100110110 I
b1001100000 :
b101100011 B
b100110100 8
b1110011111 =
b100010100 E
b1011010000 -
b11000101110101011010011000111000 .
1*
#6100000
b1000100 '
b1000100 K
b1111110 (
b1111110 L
b11010100 )
b11010100 M
b10001111 +
b10001111 N
b1110000001110100011001111101111 0
b10111010011111011001011100101100 J
0*
#6105000
b1001111000 #
b1001111000 O
b1001111000 X
b101100011 U
b11000010 T
b1001100010 5
b101101000 4
b101101000 G
b100110111 I
b1001100001 :
b101100100 B
b100110101 8
b1110100001 =
b10 >
b100010101 E
b1001101001 -
b1000100011111101101010010001111 .
1*
#6110000
b10000101 '
b10000101 K
b10101010 (
b10101010 L
b1110001 )
b1110001 M
b1101101 +
b1101101 N
b11100000011101000110011111011110 0
b1110000001110100011001111101111 J
0*
#6115000
b1000100101 #
b1000100101 O
b1000100101 X
b11011110 U
b100101111 T
b1001100011 5
b101101001 4
b101101001 G
b100111000 I
b1001100010 :
b101100101 B
b100110110 8
b1110100011 =
b100010110 E
b1001111000 -
b10000101101010100111000101101101 .
1*
#6120000
0!
0R
0S
b1000111 '
b1000111 K
b1101001 (
b1101001 L
b110110 )
b110110 M
b11011101 +
b11011101 N
0,
b11000100001010011101001000001011 0
b11100000011101000110011111011110 J
0*
#6125000
b1001100100 5
b1111110 F
b1100000 H
b1000100101 -
1/
b1000111011010010011011011011101 .
13
1*
#6130000
1!
1R
1S
1,
b10001100100100101011100110100001 0
b11000100001010011101001000001011 J
0*
#6135000
b1000001101 #
b1000001101 O
b1000001101 X
b100010011 U
b10110000 T
b1001100101 5
b101101010 4
b101101010 G
b100111001 I
b1001100100 :
b101100110 B
b100110111 8
b1110100110 =
b11 >
b100010111 E
0/
03
1*
#6140000
b111000 '
b111000 K
b1001010 (
b1001010 L
b1101100 )
b1101100 M
b1100010 +
b1100010 N
b11101111001000110111011110101 0
b10001100100100101011100110100001 J
0*
#6145000
b111000011 #
b111000011 O
b111000011 X
b11001110 U
b10000010 T
b1001100110 5
b101101011 4
b101101011 G
b100111010 I
b1001100101 :
b101100111 B
b100111000 8
b1110101001 =
b100011000 E
b1000001101 -
b111000010010100110110001100010 .
1*
#6150000
b10111000 '
b10111000 K
b1000010 (
b1000010 L
b11010110 )
b11010110 M
b110000 +
b110000 N
b111011110010001101110111101010 0
b11101111001000110111011110101 J
0*
#6155000
b101010000 #
b101010000 O
b101010000 X
b100000110 U
b11111010 T
b1001100111 5
b101101100 4
b101101100 G
b100111011 I
b1001100110 :
b101101000 B
b100111001 8
b1110101011 =
b10 >
b100011001 E
b111000011 -
b10111000010000101101011000110000 .
1*
#6160000
b1011001 '
b1011001 K
b10000010 (
b10000010 L
b10010 )
b10010 M
b100011 +
b100011 N
b1110111100100011011101111010100 0
b111011110010001101110111101010 J
0*
#6165000
b1000000000 #
b1000000000 O
b1000000000 X
b110101 U
b11011011 T
b1001101000 5
b101101101 4
b101101101 G
b100111100 I
b1001100111 :
b101101001 B
b100111010 8
b1110101101 =
b100011010 E
b101010000 -
b1011001100000100001001000100011 .
1*
#6170000
b11000011 '
b11000011 K
b0 (
b0 L
b10010110 )
b10010110 M
b1111110 +
b1111110 N
02
b11101111001000110111011110101000 0
b1110111100100011011101111010100 J
0*
#6175000
b100010000 #
b100010000 O
b100010000 X
0V
b1001101001 5
b1001101000 :
b101101010 B
b100111011 8
b1110101111 =
b1000000000 -
b11000011000000001001011001111110 .
1*
#6180000
12
b11011010100001111111001011100111 0
b11101111001000110111011110101000 J
0*
#6185000
0"
0W
b100010100 U
b11000011 T
1V
b1001101010 5
b101101110 4
b101101110 G
b100111101 I
b1001101001 :
b101101011 B
b100111100 8
b1110110001 =
b100011011 E
b100010000 -
1*
#6190000
b11010101 '
b11010101 K
b110011 (
b110011 L
b11110011 )
b11110011 M
b10010000 +
b10010000 N
02
b10110001110011101111100001111001 0
b11011010100001111111001011100111 J
0*
#6195000
1"
b111010111 #
b111010111 O
b111010111 X
1W
0V
b1001101011 5
b11010101001100111111001110010000 .
1*
#6200000
0S
12
0,
b1100111010111001110110101000101 0
b10110001110011101111100001111001 J
0*
#6205000
0!
0R
b110000011 U
b100001000 T
1V
b1001101100 5
b101101111 4
b101101111 G
b100111110 I
b1111111 F
b111010111 -
1/
1*
#6210000
b10000110 '
b10000110 K
b11011100 (
b11011100 L
b111100 )
b111100 M
b11011111 +
b11011111 N
b11001110101110011101101010001010 0
b1100111010111001110110101000101 J
0*
#6215000
b1001101101 5
b10000000 F
b1100001 H
b10000110110111000011110011011111 .
13
1*
#6220000
1!
1R
1S
1,
b10011001101100101010100010100011 0
b11001110101110011101101010001010 J
0*
#6225000
b1010001011 #
b1010001011 O
b1010001011 X
b100011011 U
b101100010 T
b1001101110 5
b101110000 4
b101110000 G
b100111111 I
b1001101101 :
b101101100 B
b100111101 8
b1110110101 =
b100 >
b100011100 E
0/
03
1*
#6230000
b1110011 '
b1110011 K
b10110 (
b10110 L
b1011001 )
b1011001 M
b100000 +
b100000 N
02
b110111101001000100110011110001 0
b10011001101100101010100010100011 J
0*
#6235000
b1001111101 #
b1001111101 O
b1001111101 X
0V
b1001101111 5
b1001101110 :
b101101101 B
b100111110 8
b1110111000 =
b11 >
b1010001011 -
b1110011000101100101100100100000 .
1*
#6240000
12
b1101111010010001001100111100010 0
b110111101001000100110011110001 J
0*
#6245000
0"
0W
b1111001 U
b10001001 T
1V
b1001110000 5
b101110001 4
b101110001 G
b101000000 I
b1001101111 :
b101101110 B
b100111111 8
b1110111010 =
b10 >
b100011101 E
b1001111101 -
1*
#6250000
b10011100 '
b10011100 K
b1110110 (
b1110110 L
b10110011 )
b10110011 M
b10111 +
b10111 N
0,
b11011110100100010011001111000100 0
b1101111010010001001100111100010 J
0*
#6255000
0!
0R
0S
1"
b100000010 #
b100000010 O
b100000010 X
1W
b11001010 U
b100010010 T
b1001110001 5
b101110010 4
b101110010 G
b101000001 I
b10011100011101101011001100010111 .
1*
#6260000
1!
1R
1S
b1010010 '
b1010010 K
b100111 (
b100111 L
b10011101 )
b10011101 M
b10001 +
b10001 N
1,
b10111001111000110111101000111111 0
b11011110100100010011001111000100 J
0*
#6265000
b111011100 #
b111011100 O
b111011100 X
b10101110 U
b1111001 T
b1001110010 5
b101110011 4
b101110011 G
b101000010 I
b1001110001 :
b101101111 B
b101000000 8
b1110111100 =
b100011110 E
b100000010 -
b1010010001001111001110100010001 .
1*
#6270000
0!
0R
0S
b1110011 '
b1110011 K
b1111000 (
b1111000 L
b1100001 )
b1100001 M
b10011000 +
b10011000 N
02
0,
b1110111000001111110100111001001 0
b10111001111000110111101000111111 J
0*
#6275000
b1001110011 5
b10000001 F
b111011100 -
1/
b1110011011110000110000110011000 .
1*
#6280000
1!
1R
1S
12
1,
b11101110000011111101001110010010 0
b1110111000001111110100111001001 J
0*
#6285000
b100100111 #
b100100111 O
b100100111 X
b11111001 U
b11101011 T
b1001110100 5
b101110100 4
b101110100 G
b101000011 I
b1001110011 :
b101110000 B
b101000001 8
b1110111111 =
b11 >
b100011111 E
0/
1*
#6290000
b10110011 '
b10110011 K
b10010 (
b10010 L
b1001100 )
b1001100 M
b10 +
b10 N
b11011000110111101011101010010011 0
b11101110000011111101001110010010 J
0*
#6295000
b111100100 #
b111100100 O
b111100100 X
b1001110 U
b11000101 T
b1001110101 5
b101110101 4
b101110101 G
b101000100 I
b1001110100 :
b101110001 B
b101000010 8
b1111000010 =
b100100000 E
b100100111 -
b10110011000100100100110000000010 .
1*
#6300000
b10000110 '
b10000110 K
b11000010 (
b11000010 L
b1100110 )
b1100110 M
b11000111 +
b11000111 N
02
b10110101011111000110100010010001 0
b11011000110111101011101010010011 J
0*
#6305000
b100010011 #
b100010011 O
b100010011 X
0V
b1001110110 5
b1001110101 :
b101110010 B
b101000011 8
b1111000100 =
b10 >
b111100100 -
b10000110110000100110011011000111 .
1*
#6310000
12
b1101110001110011100110010010101 0
b10110101011111000110100010010001 J
0*
#6315000
0"
0W
b100101101 U
b101001000 T
1V
b1001110111 5
b101110110 4
b101110110 G
b101000101 I
b1001110110 :
b101110011 B
b101000100 8
b1111000110 =
b100100001 E
b100010011 -
1*
#6320000
b10110100 '
b10110100 K
b11110011 (
b11110011 L
b10110100 )
b10110100 M
b10101111 +
b10101111 N
b11011100011100111001100100101010 0
b1101110001110011100110010010101 J
0*
#6325000
1"
b1001110101 #
b1001110101 O
b1001110101 X
1W
b101100011 U
b110100111 T
b1001111000 5
b101110111 4
b101110111 G
b101000110 I
b10110100111100111011010010101111 .
1*
#6330000
b1111101 '
b1111101 K
b10001 (
b10001 L
b10101111 )
b10101111 M
b1010 +
b1010 N
b10111100001001100010111111100011 0
b11011100011100111001100100101010 J
0*
#6335000
b1100001010 #
b1100001010 O
b1100001010 X
b10111001 U
b10001110 T
b1001111001 5
b101111000 4
b101111000 G
b101000111 I
b1001111000 :
b101110100 B
b101000101 8
b1111001000 =
b100100010 E
b1001110101 -
b1111101000100011010111100001010 .
1*
#6340000
b1000 '
b1000 K
b1110100 (
b1110100 L
b110 )
b110 M
b100100 +
b100100 N
02
b1111100100011010100001001110001 0
b10111100001001100010111111100011 J
0*
#6345000
b101000111 #
b101000111 O
b101000111 X
0V
b1001111010 5
b1001111001 :
b101110101 B
b101000110 8
b1111001010 =
b1100001010 -
b1000011101000000011000100100 .
1*
#6350000
12
b11111001000110101000010011100010 0
b1111100100011010100001001110001 J
0*
#6355000
0"
0W
b101010 U
b1111100 T
1V
b1001111011 5
b101111001 4
b101111001 G
b101001000 I
b1001111010 :
b101110110 B
b101000111 8
b1111001100 =
b100100011 E
b101000111 -
1*
#6360000
b11000111 '
b11000111 K
b1101 (
b1101 L
b10011101 )
b10011101 M
b11100101 +
b11100101 N
b11110110111101000001010001110011 0
b11111001000110101000010011100010 J
0*
#6365000
1"
b10100110 #
b10100110 O
b10100110 X
1W
b110000010 U
b11010100 T
b1001111100 5
b101111010 4
b101111010 G
b101001001 I
b11000111000011011001110111100101 .
1*
#6370000
b110010 '
b110010 K
b11101111 (
b11101111 L
b1101000 )
b1101000 M
b10010100 +
b10010100 N
02
b11101001001010010011010101010001 0
b11110110111101000001010001110011 J
0*
#6375000
b1001010110 #
b1001010110 O
b1001010110 X
0V
b1001111101 5
b1001111100 :
b101110111 B
b101001000 8
b1111001110 =
b10100110 -
b110010111011110110100010010100 .
1*
#6380000
12
b11010110100100110111011100010101 0
b11101001001010010011010101010001 J
0*
#6385000
0"
0W
b11111100 U
b100100001 T
1V
b1001111110 5
b101111011 4
b101111011 G
b101001010 I
b1001111101 :
b101111000 B
b101001001 8
b1111010000 =
b100100100 E
b1001010110 -
1*
#6390000
b1010001 '
b1010001 K
b1111000 (
b1111000 L
b10110100 )
b10110100 M
b1100000 +
b1100000 N
b10101001111001111111001110011101 0
b11010110100100110111011100010101 J
0*
#6395000
1"
b1000011101 #
b1000011101 O
b1000011101 X
1W
b100010100 U
b11001001 T
b1001111111 5
b101111100 4
b101111100 G
b101001011 I
b1010001011110001011010001100000 .
1*
#6400000
0!
0R
0S
b11111000 '
b11111000 K
b1100010 (
b1100010 L
b11010011 )
b11010011 M
b1011001 +
b1011001 N
0,
b1010111000011101111101010001101 0
b10101001111001111111001110011101 J
0*
#6405000
b1010000000 5
b10000010 F
b1100010 H
b1000011101 -
1/
b11111000011000101101001101011001 .
13
1*
#6410000
1!
1R
1S
1,
b10101110000111011111010100011010 0
b1010111000011101111101010001101 J
0*
#6415000
b111011101 #
b111011101 O
b111011101 X
b100101100 U
b101011010 T
b1010000001 5
b101111101 4
b101111101 G
b101001100 I
b1010000000 :
b101111001 B
b101001010 8
b1111010011 =
b11 >
b100100101 E
0/
03
1*
#6420000
0!
0R
0S
b110010 '
b110010 K
b101001 (
b101001 L
b10110100 )
b10110100 M
b10001110 +
b10001110 N
0,
b1011000111110101111011110000011 0
b10101110000111011111010100011010 J
0*
#6425000
b1010000010 5
b10000011 F
b1100011 H
b111011101 -
1/
b110010001010011011010010001110 .
13
1*
#6430000
b10110001111101011110111100000110 0
b1011000111110101111011110000011 J
0*
#6435000
b1010000011 5
b10000100 F
b1100100 H
1*
#6440000
1!
1R
1S
1,
b1100111001010101100001110111011 0
b10110001111101011110111100000110 J
0*
#6445000
b1010000110 #
b1010000110 O
b1010000110 X
b101000010 U
b1011011 T
b1010000100 5
b101111110 4
b101111110 G
b101001101 I
b1010000011 :
b101111010 B
b101001011 8
b1111011000 =
b101 >
b100100110 E
0/
03
1*
#6450000
b11111000 '
b11111000 K
b11110111 (
b11110111 L
b10001011 )
b10001011 M
b11000110 +
b11000110 N
b11001110010101011000011101110110 0
b1100111001010101100001110111011 J
0*
#6455000
b110011101 #
b110011101 O
b110011101 X
b101010001 U
b111101111 T
b1010000101 5
b101111111 4
b101111111 G
b101001110 I
b1010000100 :
b101111011 B
b101001100 8
b1111011100 =
b100 >
b100100111 E
b1010000110 -
b11111000111101111000101111000110 .
1*
#6460000
b10011010 '
b10011010 K
b1100 (
b1100 L
b100110 )
b100110 M
b10001011 +
b10001011 N
b10011000011010100001001101011011 0
b11001110010101011000011101110110 J
0*
#6465000
b1101000000 #
b1101000000 O
b1101000000 X
b10110001 U
b10100110 T
b1010000110 5
b110000000 4
b110000000 G
b101001111 I
b1010000101 :
b101111100 B
b101001101 8
b1111011110 =
b10 >
b100101000 E
b110011101 -
b10011010000011000010011010001011 .
1*
#6470000
0!
0R
0S
b11000 '
b11000 K
b11010010 (
b11010010 L
b11010111 )
b11010111 M
b111110 +
b111110 N
02
0,
b110100000101010011101100000001 0
b10011000011010100001001101011011 J
0*
#6475000
b1010000111 5
b10000101 F
b1101000000 -
1/
b11000110100101101011100111110 .
1*
#6480000
12
b1101000001010100111011000000010 0
b110100000101010011101100000001 J
0*
#6485000
b1010001000 5
b10000110 F
b1100101 H
13
1*
#6490000
b11010000010101001110110000000100 0
b1101000001010100111011000000010 J
0*
#6495000
b1010001001 5
b10000111 F
b1100110 H
1*
#6500000
1!
1R
1S
1,
b10100100011010001100010110111111 0
b11010000010101001110110000000100 J
0*
#6505000
b101010111 #
b101010111 O
b101010111 X
b100010101 U
b11101010 T
b1010001010 5
b110000001 4
b110000001 G
b101010000 I
b1010001001 :
b101111101 B
b101001110 8
b1111100011 =
b101 >
b100101001 E
0/
03
1*
#6510000
0!
0R
0S
b10101010 '
b10101010 K
b10100111 (
b10100111 L
b1011010 )
b1011010 M
b100111 +
b100111 N
02
0,
b1001100000100001001011011001001 0
b10100100011010001100010110111111 J
0*
#6515000
b1010001011 5
b10001000 F
b101010111 -
1/
b10101010101001110101101000100111 .
1*
#6520000
1!
1R
1S
12
1,
b10011000001000010010110110010010 0
b1001100000100001001011011001001 J
0*
#6525000
b111111111 #
b111111111 O
b111111111 X
b10000001 U
b101010001 T
b1010001100 5
b110000010 4
b110000010 G
b101010001 I
b1010001011 :
b101111110 B
b101001111 8
b1111101001 =
b110 >
b100101010 E
0/
1*
#6530000
b11010000 '
b11010000 K
b11000 (
b11000 L
b101100 )
b101100 M
b11010111 +
b11010111 N
b110100100000110100011010010011 0
b10011000001000010010110110010010 J
0*
#6535000
b111010010 #
b111010010 O
b111010010 X
b100000011 U
b11101000 T
b1010001101 5
b110000011 4
b110000011 G
b101010010 I
b1010001100 :
b101111111 B
b101010000 8
b1111101100 =
b11 >
b100101011 E
b111111111 -
b11010000000110000010110011010111 .
1*
#6540000
b1000111 '
b1000111 K
b100001 (
b100001 L
b10111000 )
b10111000 M
b11110010 +
b11110010 N
b1101001000001101000110100100110 0
b110100100000110100011010010011 J
0*
#6545000
b111101011 #
b111101011 O
b111101011 X
b110101010 U
b1101000 T
b1010001110 5
b110000100 4
b110000100 G
b101010011 I
b1010001101 :
b110000000 B
b101010001 8
b1111101110 =
b10 >
b100101100 E
b111010010 -
b1000111001000011011100011110010 .
1*
#6550000
0!
0R
0S
b11010101 '
b11010101 K
b10101000 (
b10101000 L
b11110 )
b11110 M
b11001000 +
b11001000 N
0,
b11010010000011010001101001001100 0
b1101001000001101000110100100110 J
0*
#6555000
b1010001111 5
b10001001 F
b1100111 H
b111101011 -
1/
b11010101101010000001111011001000 .
13
1*
#6560000
1!
1R
1S
1,
b10100000110110110010100100101111 0
b11010010000011010001101001001100 J
0*
#6565000
b1000010010 #
b1000010010 O
b1000010010 X
b11100110 U
b101111101 T
b1010010000 5
b110000101 4
b110000101 G
b101010100 I
b1010001111 :
b110000001 B
b101010010 8
b1111110001 =
b11 >
b100101101 E
0/
03
1*
#6570000
b1000 '
b1000 K
b111110 (
b111110 L
b101000 )
b101000 M
b1001001 +
b1001001 N
02
b1000101011101110100111111101001 0
b10100000110110110010100100101111 J
0*
#6575000
b1001100011 #
b1001100011 O
b1001100011 X
0V
b1010010001 5
b1010010000 :
b110000010 B
b101010011 8
b1111110100 =
b1000010010 -
b1000001111100010100001001001 .
1*
#6580000
12
b10001010111011101001111111010010 0
b1000101011101110100111111101001 J
0*
#6585000
0"
0W
b1110001 U
b1000110 T
1V
b1010010010 5
b110000110 4
b110000110 G
b101010101 I
b1010010001 :
b110000011 B
b101010100 8
b1111110110 =
b10 >
b100101110 E
b1001100011 -
1*
#6590000
b101001 '
b101001 K
b10100000 (
b10100000 L
b11001011 )
b11001011 M
b11010000 +
b11010000 N
b10001000111000010001000010011 0
b10001010111011101001111111010010 J
0*
#6595000
1"
b10110111 #
b10110111 O
b10110111 X
1W
b110011011 U
b11001001 T
b1010010011 5
b110000111 4
b110000111 G
b101010110 I
b101001101000001100101111010000 .
1*
#6600000
b101011 '
b101011 K
b1011010 (
b1011010 L
b1101111 )
b1101111 M
b11111000 +
b11111000 N
b100010001110000100010000100110 0
b10001000111000010001000010011 J
0*
#6605000
b1001100100 #
b1001100100 O
b1001100100 X
b101100111 U
b10000101 T
b1010010100 5
b110001000 4
b110001000 G
b101010111 I
b1010010011 :
b110000100 B
b101010101 8
b1111111000 =
b100101111 E
b10110111 -
b101011010110100110111111111000 .
1*
#6610000
0!
0R
0S
b10100110 '
b10100110 K
b10000 (
b10000 L
b11101000 )
b11101000 M
b11100 +
b11100 N
0,
b1000100011100001000100001001100 0
b100010001110000100010000100110 J
0*
#6615000
b1010010101 5
b10001010 F
b1101000 H
b1001100100 -
1/
b10100110000100001110100000011100 .
13
1*
#6620000
1!
1R
1S
1,
b10001000111000010001000010011000 0
b1000100011100001000100001001100 J
0*
#6625000
b111101100 #
b111101100 O
b111101100 X
b100000100 U
b10110110 T
b1010010110 5
b110001001 4
b110001001 G
b101011000 I
b1010010101 :
b110000101 B
b101010110 8
b1111111011 =
b11 >
b100110000 E
0/
03
1*
#6630000
0!
0R
0S
b1011010 '
b1011010 K
b11000010 (
b11000010 L
b11001101 )
b11001101 M
b11100110 +
b11100110 N
0,
b10101000000110011110010000111 0
b10001000111000010001000010011000 J
0*
#6635000
b1010010111 5
b10001011 F
b1101001 H
b111101100 -
1/
b1011010110000101100110111100110 .
13
1*
#6640000
b101010000001100111100100001110 0
b10101000000110011110010000111 J
0*
#6645000
b1010011000 5
b10001100 F
b1101010 H
1*
#6650000
1!
1R
1S
1,
b1010100000011001111001000011100 0
b101010000001100111100100001110 J
0*
#6655000
b110111010 #
b110111010 O
b110111010 X
b110110011 U
b100011100 T
b1010011001 5
b110001010 4
b110001010 G
b101011001 I
b1010011000 :
b110000110 B
b101010111 8
b10000000000 =
b101 >
b100110001 E
0/
03
1*
#6660000
b11110000 '
b11110000 K
b11010 (
b11010 L
b101 )
b101 M
b1101101 +
b1101101 N
02
b10101000000110011110010000111000 0
b1010100000011001111001000011100 J
0*
#6665000
b1011001111 #
b1011001111 O
b1011001111 X
0V
b1010011010 5
b1010011001 :
b110000111 B
b101011000 8
b10000000100 =
b100 >
b110111010 -
b11110000000110100000010101101101 .
1*
#6670000
0S
12
0,
b1010100111100101101010111000111 0
b10101000000110011110010000111000 J
0*
#6675000
0!
0R
b1110010 U
b100001010 T
1V
b1010011011 5
b110001011 4
b110001011 G
b101011010 I
b10001101 F
b1011001111 -
1/
1*
#6680000
b11101001 '
b11101001 K
b1100100 (
b1100100 L
b10010101 )
b10010101 M
b10111001 +
b10111001 N
b10101001111001011010101110001110 0
b1010100111100101101010111000111 J
0*
#6685000
b1010011100 5
b10001110 F
b1101011 H
b11101001011001001001010110111001 .
13
1*
#6690000
1!
1R
1S
1,
b1010111000010100100101010101011 0
b10101001111001011010101110001110 J
0*
#6695000
b101111100 #
b101111100 O
b101111100 X
b101001110 U
b101001101 T
b1010011101 5
b110001100 4
b110001100 G
b101011011 I
b1010011100 :
b110001000 B
b101011001 8
b10000001000 =
b100110010 E
0/
03
1*
#6700000
b1110101 '
b1110101 K
b10 (
b10 L
b11101101 )
b11101101 M
b1111101 +
b1111101 N
b10101110000101001001010101010110 0
b1010111000010100100101010101011 J
0*
#6705000
b1010011011 #
b1010011011 O
b1010011011 X
b101101010 U
b1110111 T
b1010011110 5
b110001101 4
b110001101 G
b101011100 I
b1010011101 :
b110001001 B
b101011010 8
b10000001011 =
b11 >
b100110011 E
b101111100 -
b1110101000000101110110101111101 .
1*
#6710000
b1110011 '
b1110011 K
b1001110 (
b1001110 L
b10101111 )
b10101111 M
b10001 +
b10001 N
b1011000111010000011011100011011 0
b10101110000101001001010101010110 J
0*
#6715000
b111100001 #
b111100001 O
b111100001 X
b11000000 U
b11000001 T
b1010011111 5
b110001110 4
b110001110 G
b101011101 I
b1010011110 :
b110001010 B
b101011011 8
b10000001101 =
b10 >
b100110100 E
b1010011011 -
b1110011010011101010111100010001 .
1*
#6720000
b1010000 '
b1010000 K
b11011110 (
b11011110 L
b11110 )
b11110 M
b10010001 +
b10010001 N
b10110001110100000110111000110110 0
b1011000111010000011011100011011 J
0*
#6725000
b110000001 #
b110000001 O
b110000001 X
b10101111 U
b100101110 T
b1010100000 5
b110001111 4
b110001111 G
b101011110 I
b1010011111 :
b110001011 B
b101011100 8
b10000001111 =
b100110101 E
b111100001 -
b1010000110111100001111010010001 .
1*
#6730000
b1001 '
b1001 K
b10000 (
b10000 L
b110100 )
b110100 M
b10100001 +
b10100001 N
b1100111011000011100000111011011 0
b10110001110100000110111000110110 J
0*
#6735000
b111011101 #
b111011101 O
b111011101 X
b11010101 U
b11001 T
b1010100001 5
b110010000 4
b110010000 G
b101011111 I
b1010100000 :
b110001100 B
b101011101 8
b10000010001 =
b100110110 E
b110000001 -
b1001000100000011010010100001 .
1*
#6740000
b1000101 '
b1000101 K
b1100000 (
b1100000 L
b10010010 )
b10010010 M
b101010 +
b101010 N
b11001110110000111000001110110110 0
b1100111011000011100000111011011 J
0*
#6745000
b11101110 #
b11101110 O
b11101110 X
b10111100 U
b10100101 T
b1010100010 5
b110010001 4
b110010001 G
b101100000 I
b1010100001 :
b110001101 B
b101011110 8
b10000010011 =
b100110111 E
b111011101 -
b1000101011000001001001000101010 .
1*
#6750000
b10010100 '
b10010100 K
b10111101 (
b10111101 L
b101001 )
b101001 M
b11100101 +
b11100101 N
b10011001010001100001101011011011 0
b11001110110000111000001110110110 J
0*
#6755000
b101100001 #
b101100001 O
b101100001 X
b100001110 U
b101010001 T
b1010100011 5
b110010010 4
b110010010 G
b101100001 I
b1010100010 :
b110001110 B
b101011111 8
b10000010101 =
b100111000 E
b11101110 -
b10010100101111010010100111100101 .
1*
#6760000
0!
0R
0S
b10100 '
b10100 K
b11010101 (
b11010101 L
b1001000 )
b1001000 M
b100010 +
b100010 N
02
0,
b110110010011010010100000000001 0
b10011001010001100001101011011011 J
0*
#6765000
b1010100100 5
b10001111 F
b101100001 -
1/
b10100110101010100100000100010 .
1*
#6770000
12
b1101100100110100101000000000010 0
b110110010011010010100000000001 J
0*
#6775000
b1010100101 5
b10010000 F
b1101100 H
13
1*
#6780000
b11011001001101001010000000000100 0
b1101100100110100101000000000010 J
0*
#6785000
b1010100110 5
b10010001 F
b1101101 H
1*
#6790000
1!
1R
1S
1,
b10110110101010000101110110111111 0
b11011001001101001010000000000100 J
0*
#6795000
b1001011111 #
b1001011111 O
b1001011111 X
b1101010 U
b11101001 T
b1010100111 5
b110010011 4
b110010011 G
b101100010 I
b1010100110 :
b110001111 B
b101100000 8
b10000011010 =
b101 >
b100111001 E
0/
03
1*
#6800000
0!
0R
0S
b11001010 '
b11001010 K
b11000101 (
b11000101 L
b110101 )
b110101 M
b11010 +
b11010 N
02
0,
b1101001100100011010011011001001 0
b10110110101010000101110110111111 J
0*
#6805000
b1010101000 5
b10010010 F
b1001011111 -
1/
b11001010110001010011010100011010 .
1*
#6810000
1!
1R
1S
12
1,
b11010011001000110100110110010010 0
b1101001100100011010011011001001 J
0*
#6815000
b101010011 #
b101010011 O
b101010011 X
b1001111 U
b110001111 T
b1010101001 5
b110010100 4
b110010100 G
b101100011 I
b1010101000 :
b110010000 B
b101100001 8
b10000100000 =
b110 >
b100111010 E
0/
1*
#6820000
b10010101 '
b10010101 K
b11111010 (
b11111010 L
b110111 )
b110111 M
b1101111 +
b1101111 N
b10100010100001111000011010010011 0
b11010011001000110100110110010010 J
0*
#6825000
b111011110 #
b111011110 O
b111011110 X
b10100110 U
b1010101010 5
b110010101 4
b110010101 G
b101100100 I
b1010101001 :
b110010001 B
b101100010 8
b10000100011 =
b11 >
b100111011 E
b101010011 -
b10010101111110100011011101101111 .
1*
#6830000
b11101101 '
b11101101 K
b100100 (
b100100 L
b11110011 )
b11110011 M
b1101001 +
b1101001 N
02
b1000001110011100001000010010001 0
b10100010100001111000011010010011 J
0*
#6835000
b1000110101 #
b1000110101 O
b1000110101 X
0V
b1010101011 5
b1010101010 :
b110010010 B
b101100011 8
b10000100101 =
b10 >
b111011110 -
b11101101001001001111001101101001 .
1*
#6840000
12
b10000011100111000010000100100010 0
b1000001110011100001000010010001 J
0*
#6845000
0"
0W
b101011100 U
b100010001 T
1V
b1010101100 5
b110010110 4
b110010110 G
b101100101 I
b1010101011 :
b110010011 B
b101100100 8
b10000100111 =
b100111100 E
b1000110101 -
1*
#6850000
b1011111 '
b1011111 K
b10110101 (
b10110101 L
b10011010 )
b10011010 M
b1100001 +
b1100001 N
b11111110010101111111110011 0
b10000011100111000010000100100010 J
0*
#6855000
1"
b1001101101 #
b1001101101 O
b1001101101 X
1W
b11111011 U
b100010100 T
b1010101101 5
b110010111 4
b110010111 G
b101100110 I
b1011111101101011001101001100001 .
1*
#6860000
b10010000 '
b10010000 K
b10111010 (
b10111010 L
b10110001 )
b10110001 M
b1110000 +
b1110000 N
b111111100101011111111100110 0
b11111110010101111111110011 J
0*
#6865000
b1000001111 #
b1000001111 O
b1000001111 X
b100100001 U
b101001010 T
b1010101110 5
b110011000 4
b110011000 G
b101100111 I
b1010101101 :
b110010100 B
b101100101 8
b10000101001 =
b100111101 E
b1001101101 -
b10010000101110101011000101110000 .
1*
#6870000
0!
0R
0S
b11010111 '
b11010111 K
b1010011 (
b1010011 L
b10010 )
b10010 M
b11111110 +
b11111110 N
0,
b1111111001010111111111001100 0
b111111100101011111111100110 J
0*
#6875000
b1010101111 5
b10010011 F
b1101110 H
b1000001111 -
1/
b11010111010100110001001011111110 .
13
1*
#6880000
1!
1R
1S
1,
b11111110010101111111110011000 0
b1111111001010111111111001100 J
0*
#6885000
b1001101011 #
b1001101011 O
b1001101011 X
b100010000 U
b100101010 T
b1010110000 5
b110011001 4
b110011001 G
b101101000 I
b1010101111 :
b110010101 B
b101100110 8
b10000101100 =
b11 >
b100111110 E
0/
03
1*
#6890000
b10100110 '
b10100110 K
b1101011 (
b1101011 L
b11100111 )
b11100111 M
b10000010 +
b10000010 N
02
b111111100101011111111100110000 0
b11111110010101111111110011000 J
0*
#6895000
b1000111010 #
b1000111010 O
b1000111010 X
0V
b1010110001 5
b1010110000 :
b110010110 B
b101100111 8
b10000101111 =
b1001101011 -
b10100110011010111110011110000010 .
1*
#6900000
b1111111001010111111111001100000 0
b111111100101011111111100110000 J
0*
#6905000
0"
0W
b1010110010 5
b1010110001 :
b110010111 B
b101101000 8
b10000110001 =
b10 >
b1000111010 -
1*
#6910000
0,
b11111110010101111111110011000000 0
b1111111001010111111111001100000 J
0*
#6915000
b1010110011 5
1*
#6920000
12
1,
b11111000011011101110010000110111 0
b11111110010101111111110011000000 J
0*
#6925000
b101101001 U
b100010001 T
1V
b1010110100 5
b110011010 4
b110011010 G
b101101001 I
1*
#6930000
b1010011 '
b1010011 K
b1000000 (
b1000000 L
b10100110 )
b10100110 M
b110110 +
b110110 N
02
b11110100000111001101010111011001 0
b11111000011011101110010000110111 J
0*
#6935000
1"
b1001111010 #
b1001111010 O
b1001111010 X
1W
0V
b1010110101 5
b1010011010000001010011000110110 .
1*
#6940000
0S
12
0,
b11101100111110001011011000000101 0
b11110100000111001101010111011001 J
0*
#6945000
0!
0R
b11011100 U
b10010011 T
1V
b1010110110 5
b110011011 4
b110011011 G
b101101010 I
b10010100 F
b1001111010 -
1/
1*
#6950000
1!
1R
1S
b10101110 '
b10101110 K
b11110110 (
b11110110 L
b11101011 )
b11101011 M
b10011011 +
b10011011 N
1,
b11011101001100000111000110111101 0
b11101100111110001011011000000101 J
0*
#6955000
b101101111 #
b101101111 O
b101101111 X
b110000110 U
b110100100 T
b1010110111 5
b110011100 4
b110011100 G
b101101011 I
b1010110110 :
b110011000 B
b101101001 8
b10000110100 =
b11 >
b100111111 E
0/
b10101110111101101110101110011011 .
1*
#6960000
0!
0R
0S
b1000000 '
b1000000 K
b11011100 (
b11011100 L
b11011100 )
b11011100 M
b11011 +
b11011 N
0,
b10111110101000011111111011001101 0
b11011101001100000111000110111101 J
0*
#6965000
b1010111000 5
b10010101 F
b1101111 H
b101101111 -
1/
b1000000110111001101110000011011 .
13
1*
#6970000
1!
1R
1S
1,
b1111001100000101110000000101101 0
b10111110101000011111111011001101 J
0*
#6975000
b1100101010 #
b1100101010 O
b1100101010 X
b11110111 U
b100011100 T
b1010111001 5
b110011101 4
b110011101 G
b101101100 I
b1010111000 :
b110011001 B
b101101010 8
b10000110111 =
b101000000 E
0/
03
1*
#6980000
b10000011 '
b10000011 K
b10011010 (
b10011010 L
b11100111 )
b11100111 M
b1110000 +
b1110000 N
b11110011000001011100000001011010 0
b1111001100000101110000000101101 J
0*
#6985000
b1000010011 #
b1000010011 O
b1000010011 X
b101010111 U
b100011101 T
b1010111010 5
b110011110 4
b110011110 G
b101101101 I
b1010111001 :
b110011010 B
b101101011 8
b10000111010 =
b101000001 E
b1100101010 -
b10000011100110101110011101110000 .
1*
#6990000
0!
0R
0S
b11110110 '
b11110110 K
b11100111 (
b11100111 L
b11000000 )
b11000000 M
b10011111 +
b10011111 N
0,
b11100010110010101001110100000011 0
b11110011000001011100000001011010 J
0*
#6995000
b1010111011 5
b10010110 F
b1110000 H
b1000010011 -
1/
b11110110111001111100000010011111 .
13
1*
#7000000
1!
1R
1S
1,
b11000001010101000010011110110001 0
b11100010110010101001110100000011 J
0*
#7005000
b1001110100 #
b1001110100 O
b1001110100 X
b101011111 U
b111011101 T
b1010111100 5
b110011111 4
b110011111 G
b101101110 I
b1010111011 :
b110011011 B
b101101100 8
b10000111101 =
b101000010 E
0/
03
1*
#7010000
b11111000 '
b11111000 K
b11111000 (
b11111000 L
b1101101 )
b1101101 M
b1000000 +
b1000000 N
b10000110011010010101001011010101 0
b11000001010101000010011110110001 J
0*
#7015000
b1100111100 #
b1100111100 O
b1100111100 X
b10101101 U
b111110000 T
b1010111101 5
b110100000 4
b110100000 G
b101101111 I
b1010111100 :
b110011100 B
b101101101 8
b10001000000 =
b101000011 E
b1001110100 -
b11111000111110000110110101000000 .
1*
#7020000
b1011 '
b1011 K
b11111101 (
b11111101 L
b1010111 )
b1010111 M
b1001100 +
b1001100 N
b1000000100111011100000011101 0
b10000110011010010101001011010101 J
0*
#7025000
b1010011101 #
b1010011101 O
b1010011101 X
b10100011 U
b100001000 T
b1010111110 5
b110100001 4
b110100001 G
b101110000 I
b1010111101 :
b110011101 B
b101101110 8
b10001000010 =
b10 >
b101000100 E
b1100111100 -
b1011111111010101011101001100 .
1*
#7030000
b11100000 '
b11100000 K
b10111100 (
b10111100 L
b11110001 )
b11110001 M
b11111011 +
b11111011 N
b10000001001110111000000111010 0
b1000000100111011100000011101 J
0*
#7035000
b110101011 #
b110101011 O
b110101011 X
b111101100 U
b110011100 T
b1010111111 5
b110100010 4
b110100010 G
b101110001 I
b1010111110 :
b110011110 B
b101101111 8
b10001000100 =
b101000101 E
b1010011101 -
b11100000101111001111000111111011 .
1*
#7040000
b1111001 '
b1111001 K
b0 (
b0 L
b1100001 )
b1100001 M
b11101001 +
b11101001 N
b100000010011101110000001110100 0
b10000001001110111000000111010 J
0*
#7045000
b1110001000 #
b1110001000 O
b1110001000 X
b101001010 U
b1111001 T
b1011000000 5
b110100011 4
b110100011 G
b101110010 I
b1010111111 :
b110011111 B
b101110000 8
b10001000110 =
b101000110 E
b110101011 -
b1111001000000000110000111101001 .
1*
#7050000
b100001 '
b100001 K
b1100001 (
b1100001 L
b11101 )
b11101 M
b1001001 +
b1001001 N
02
b1000000100111011100000011101000 0
b100000010011101110000001110100 J
0*
#7055000
b111000011 #
b111000011 O
b111000011 X
0V
b1011000001 5
b1011000000 :
b110100000 B
b101110001 8
b10001001000 =
b1110001000 -
b100001011000010001110101001001 .
1*
#7060000
b10000001001110111000000111010000 0
b1000000100111011100000011101000 J
0*
#7065000
0"
0W
b1011000010 5
b1011000001 :
b110100001 B
b101110010 8
b10001001010 =
b111000011 -
1*
#7070000
12
b110101101100001111000010111 0
b10000001001110111000000111010000 J
0*
#7075000
b1100110 U
b10000010 T
1V
b1011000011 5
b110100100 4
b110100100 G
b101110011 I
1*
#7080000
b10001101 '
b10001101 K
b11111000 (
b11111000 L
b11110 )
b11110 M
b11110101 +
b11110101 N
b1101011011000011110000101110 0
b110101101100001111000010111 J
0*
#7085000
1"
b11101000 #
b11101000 O
b11101000 X
1W
b100010011 U
b110000101 T
b1011000100 5
b110100101 4
b110100101 G
b101110100 I
b10001101111110000001111011110101 .
1*
#7090000
b10110001 '
b10110001 K
b11011001 (
b11011001 L
b10111111 )
b10111111 M
b1110 +
b1110 N
b11010110110000111100001011100 0
b1101011011000011110000101110 J
0*
#7095000
b1010011000 #
b1010011000 O
b1010011000 X
b11001101 U
b110001010 T
b1011000101 5
b110100110 4
b110100110 G
b101110101 I
b1011000100 :
b110100010 B
b101110011 8
b10001001100 =
b101000111 E
b11101000 -
b10110001110110011011111100001110 .
1*
#7100000
b11010000 '
b11010000 K
b101001 (
b101001 L
b110010 )
b110010 M
b10111111 +
b10111111 N
02
b110101101100001111000010111000 0
b11010110110000111100001011100 J
0*
#7105000
b1001010111 #
b1001010111 O
b1001010111 X
0V
b1011000110 5
b1011000101 :
b110100011 B
b101110100 8
b10001001110 =
b1010011000 -
b11010000001010010011001010111111 .
1*
#7110000
b1101011011000011110000101110000 0
b110101101100001111000010111000 J
0*
#7115000
0"
0W
b1011000111 5
b1011000110 :
b110100100 B
b101110101 8
b10001010000 =
b1001010111 -
1*
#7120000
b11010110110000111100001011100000 0
b1101011011000011110000101110000 J
0*
#7125000
b1011001000 5
1*
#7130000
12
b10101001010001101001100001110111 0
b11010110110000111100001011100000 J
0*
#7135000
b11110001 U
b11111001 T
1V
b1011001001 5
b110100111 4
b110100111 G
b101110110 I
1*
#7140000
b1111000 '
b1111000 K
b11001 (
b11001 L
b10110111 )
b10110111 M
b100000 +
b100000 N
02
b1010110010011000010110101011001 0
b10101001010001101001100001110111 J
0*
#7145000
1"
b111101010 #
b111101010 O
b111101010 X
1W
0V
b1011001010 5
b1111000000110011011011100100000 .
1*
#7150000
12
b10101100100110000101101010110010 0
b1010110010011000010110101011001 J
0*
#7155000
0"
0W
b11010111 U
b10010001 T
1V
b1011001011 5
b110101000 4
b110101000 G
b101110111 I
b1011001010 :
b110100101 B
b101110110 8
b10001010010 =
b101001000 E
b111101010 -
1*
#7160000
b110000 '
b110000 K
b1100 (
b1100 L
b110011 )
b110011 M
b1011110 +
b1011110 N
b1011101111100011010100011010011 0
b10101100100110000101101010110010 J
0*
#7165000
1"
b101101000 #
b101101000 O
b101101000 X
1W
b10010001 U
b111100 T
b1011001100 5
b110101001 4
b110101001 G
b101111000 I
b110000000011000011001101011110 .
1*
#7170000
b10000010 '
b10000010 K
b11011100 (
b11011100 L
b1101001 )
b1101001 M
b11 +
b11 N
b10111011111000110101000110100110 0
b1011101111100011010100011010011 J
0*
#7175000
b11001101 #
b11001101 O
b11001101 X
b1101100 U
b101011110 T
b1011001101 5
b110101010 4
b110101010 G
b101111001 I
b1011001100 :
b110100110 B
b101110111 8
b10001010100 =
b101001001 E
b101101000 -
b10000010110111000110100100000011 .
1*
#7180000
b1111001 '
b1111001 K
b1110000 (
b1110000 L
b10000 )
b10000 M
b11001100 +
b11001100 N
b1110011000001111011111011111011 0
b10111011111000110101000110100110 J
0*
#7185000
b111001010 #
b111001010 O
b111001010 X
b11011100 U
b11101001 T
b1011001110 5
b110101011 4
b110101011 G
b101111010 I
b1011001101 :
b110100111 B
b101111000 8
b10001010110 =
b101001010 E
b11001101 -
b1111001011100000001000011001100 .
1*
#7190000
b10110010 '
b10110010 K
b11010111 (
b11010111 L
b101100 )
b101100 M
b11100000 +
b11100000 N
b11100110000011110111110111110110 0
b1110011000001111011111011111011 J
0*
#7195000
b111000101 #
b111000101 O
b111000101 X
b100001100 U
b110001001 T
b1011001111 5
b110101100 4
b110101100 G
b101111011 I
b1011001110 :
b110101000 B
b101111001 8
b10001011000 =
b101001011 E
b111001010 -
b10110010110101110010110011100000 .
1*
#7200000
b10001001 '
b10001001 K
b10110101 (
b10110101 L
b11011110 )
b11011110 M
b1010101 +
b1010101 N
b11001000110111111110011001011011 0
b11100110000011110111110111110110 J
0*
#7205000
b1010010101 #
b1010010101 O
b1010010101 X
b100110011 U
b100111110 T
b1011010000 5
b110101101 4
b110101101 G
b101111100 I
b1011001111 :
b110101001 B
b101111010 8
b10001011010 =
b101001100 E
b111000101 -
b10001001101101011101111001010101 .
1*
#7210000
0!
0R
0S
b10110011 '
b10110011 K
b11100011 (
b11100011 L
b1000011 )
b1000011 M
b11001010 +
b11001010 N
02
0,
b10010101011111101101000100000001 0
b11001000110111111110011001011011 J
0*
#7215000
b1011010001 5
b10010111 F
b1010010101 -
1/
b10110011111000110100001111001010 .
1*
#7220000
1!
1R
1S
12
1,
b101110001111001011111110110101 0
b10010101011111101101000100000001 J
0*
#7225000
b1001110001 #
b1001110001 O
b1001110001 X
b100001101 U
b110010110 T
b1011010010 5
b110101110 4
b110101110 G
b101111101 I
b1011010001 :
b110101010 B
b101111011 8
b10001011101 =
b11 >
b101001101 E
0/
1*
#7230000
b1011110 '
b1011110 K
b100000 (
b100000 L
b1011000 )
b1011000 M
b1100 +
b1100 N
b1011100011110010111111101101010 0
b101110001111001011111110110101 J
0*
#7235000
b1010100011 #
b1010100011 O
b1010100011 X
b1100100 U
b1111110 T
b1011010011 5
b110101111 4
b110101111 G
b101111110 I
b1011010010 :
b110101011 B
b101111100 8
b10001100000 =
b101001110 E
b1001110001 -
b1011110001000000101100000001100 .
1*
#7240000
b1010011 '
b1010011 K
b100110 (
b100110 L
b10110101 )
b10110101 M
b1 +
b1 N
b10111000111100101111111011010100 0
b1011100011110010111111101101010 J
0*
#7245000
b11100010 #
b11100010 O
b11100010 X
b10110110 U
b1111001 T
b1011010100 5
b110110000 4
b110110000 G
b101111111 I
b1011010011 :
b110101100 B
b101111101 8
b10001100010 =
b10 >
b101001111 E
b1010100011 -
b1010011001001101011010100000001 .
1*
#7250000
b1101110 '
b1101110 K
b111000 (
b111000 L
b1011001 )
b1011001 M
b11001101 +
b11001101 N
b1110101001001001110000000011111 0
b10111000111100101111111011010100 J
0*
#7255000
b100101111 #
b100101111 O
b100101111 X
b100100110 U
b10100110 T
b1011010101 5
b110110001 4
b110110001 G
b110000000 I
b1011010100 :
b110101101 B
b101111110 8
b10001100100 =
b101010000 E
b11100010 -
b1101110001110000101100111001101 .
1*
#7260000
b11110111 '
b11110111 K
b11011011 (
b11011011 L
b11011 )
b11011 M
b1000101 +
b1000101 N
b11101010010010011100000000111110 0
b1110101001001001110000000011111 J
0*
#7265000
b111001100 #
b111001100 O
b111001100 X
b1100000 U
b111010010 T
b1011010110 5
b110110010 4
b110110010 G
b110000001 I
b1011010101 :
b110101110 B
b101111111 8
b10001100110 =
b101010001 E
b100101111 -
b11110111110110110001101101000101 .
1*
#7270000
0!
0R
0S
b1000100 '
b1000100 K
b1000111 (
b1000111 L
b11110011 )
b11110011 M
b11111110 +
b11111110 N
0,
b11010000010100101001110111001011 0
b11101010010010011100000000111110 J
0*
#7275000
b1011010111 5
b10011000 F
b1110001 H
b111001100 -
1/
b1000100010001111111001111111110 .
13
1*
#7280000
1!
1R
1S
1,
b10100100011001000010011000100001 0
b11010000010100101001110111001011 J
0*
#7285000
b1000110010 #
b1000110010 O
b1000110010 X
b111110001 U
b10001011 T
b1011011000 5
b110110011 4
b110110011 G
b110000010 I
b1011010111 :
b110101111 B
b110000000 8
b10001101001 =
b11 >
b101010010 E
0/
03
1*
#7290000
b10110010 '
b10110010 K
b11100010 (
b11100010 L
b10010110 )
b10010110 M
b10000001 +
b10000001 N
b1001100000010010101000111110101 0
b10100100011001000010011000100001 J
0*
#7295000
b1001111100 #
b1001111100 O
b1001111100 X
b100010111 U
b110010100 T
b1011011001 5
b110110100 4
b110110100 G
b110000011 I
b1011011000 :
b110110000 B
b110000001 8
b10001101100 =
b101010011 E
b1000110010 -
b10110010111000101001011010000001 .
1*
#7300000
b1111001 '
b1111001 K
b11110101 (
b11110101 L
b1001001 )
b1001001 M
b10111100 +
b10111100 N
b10011000000100101010001111101010 0
b1001100000010010101000111110101 J
0*
#7305000
b1010101011 #
b1010101011 O
b1010101011 X
b100000101 U
b101101110 T
b1011011010 5
b110110101 4
b110110101 G
b110000100 I
b1011011001 :
b110110001 B
b110000010 8
b10001101110 =
b10 >
b101010100 E
b1001111100 -
b1111001111101010100100110111100 .
1*
#7310000
b1011011 '
b1011011 K
b10011100 (
b10011100 L
b10101 )
b10101 M
b10100001 +
b10100001 N
b110100111001000101101001100011 0
b10011000000100101010001111101010 J
0*
#7315000
b1001110011 #
b1001110011 O
b1001110011 X
b10110110 U
b11110111 T
b1011011011 5
b110110110 4
b110110110 G
b110000101 I
b1011011010 :
b110110010 B
b110000011 8
b10001110000 =
b101010101 E
b1010101011 -
b1011011100111000001010110100001 .
1*
#7320000
0!
0R
0S
b101101 '
b101101 K
b1100000 (
b1100000 L
b101 )
b101 M
b11010100 +
b11010100 N
0,
b1101001110010001011010011000110 0
b110100111001000101101001100011 J
0*
#7325000
b1011011100 5
b10011001 F
b1110010 H
b1001110011 -
1/
b101101011000000000010111010100 .
13
1*
#7330000
b11010011100100010110100110001100 0
b1101001110010001011010011000110 J
0*
#7335000
b1011011101 5
b10011010 F
b1110011 H
1*
#7340000
1!
1R
1S
1,
b10100011111000111100111010101111 0
b11010011100100010110100110001100 J
0*
#7345000
b110101101 #
b110101101 O
b110101101 X
b11011001 U
b10001101 T
b1011011110 5
b110110111 4
b110110111 G
b110000110 I
b1011011101 :
b110110011 B
b110000100 8
b10001110100 =
b100 >
b101010110 E
0/
03
1*
#7350000
b10100000 '
b10100000 K
b1001 (
b1001 L
b11010110 )
b11010110 M
b101011 +
b101011 N
02
b1000011000001101000000011101001 0
b10100011111000111100111010101111 J
0*
#7355000
b101100110 #
b101100110 O
b101100110 X
0V
b1011011111 5
b1011011110 :
b110110100 B
b110000101 8
b10001111000 =
b110101101 -
b10100000000010011101011000101011 .
1*
#7360000
12
b10000110000011010000000111010010 0
b1000011000001101000000011101001 J
0*
#7365000
0"
0W
b100000001 U
b10101001 T
1V
b1011100000 5
b110111000 4
b110111000 G
b110000111 I
b1011011111 :
b110110101 B
b110000110 8
b10001111010 =
b10 >
b101010111 E
b101100110 -
1*
#7370000
b11111010 '
b11111010 K
b110011 (
b110011 L
b111000 )
b111000 M
b1011101 +
b1011101 N
b1000110110110001111000010011 0
b10000110000011010000000111010010 J
0*
#7375000
1"
b110101010 #
b110101010 O
b110101010 X
1W
b10010101 U
b100101101 T
b1011100001 5
b110111001 4
b110111001 G
b110001000 I
b11111010001100110011100001011101 .
1*
#7380000
b1011001 '
b1011001 K
b10100 (
b10100 L
b1000100 )
b1000100 M
b11000 +
b11000 N
b10001101101100011110000100110 0
b1000110110110001111000010011 J
0*
#7385000
b111000010 #
b111000010 O
b111000010 X
b1011100 U
b1101101 T
b1011100010 5
b110111010 4
b110111010 G
b110001001 I
b1011100001 :
b110110110 B
b110000111 8
b10001111100 =
b101011000 E
b110101010 -
b1011001000101000100010000011000 .
1*
#7390000
0!
0R
0S
b11101101 '
b11101101 K
b11110010 (
b11110010 L
b10100100 )
b10100100 M
b110111 +
b110111 N
0,
b100011011011000111100001001100 0
b10001101101100011110000100110 J
0*
#7395000
b1011100011 5
b10011011 F
b1110100 H
b111000010 -
1/
b11101101111100101010010000110111 .
13
1*
#7400000
1!
1R
1S
1,
b1000110110110001111000010011000 0
b100011011011000111100001001100 J
0*
#7405000
b11001001 #
b11001001 O
b11001001 X
b11011011 U
b111011111 T
b1011100100 5
b110111011 4
b110111011 G
b110001010 I
b1011100011 :
b110110111 B
b110001000 8
b10001111111 =
b11 >
b101011001 E
0/
03
1*
#7410000
b110010 '
b110010 K
b1011111 (
b1011111 L
b1101001 )
b1101001 M
b1111100 +
b1111100 N
02
b10001101101100011110000100110000 0
b1000110110110001111000010011000 J
0*
#7415000
b1010111010 #
b1010111010 O
b1010111010 X
0V
b1011100101 5
b1011100100 :
b110111000 B
b110001001 8
b10010000010 =
b11001001 -
b110010010111110110100101111100 .
1*
#7420000
12
b11111101000101101111111010111 0
b10001101101100011110000100110000 J
0*
#7425000
0"
0W
b11100101 U
b10010001 T
1V
b1011100110 5
b110111100 4
b110111100 G
b110001011 I
b1011100101 :
b110111001 B
b110001010 8
b10010000100 =
b10 >
b101011010 E
b1010111010 -
1*
#7430000
b10001010 '
b10001010 K
b11111 (
b11111 L
b1111110 )
b1111110 M
b11111100 +
b11111100 N
b111111010001011011111110101110 0
b11111101000101101111111010111 J
0*
#7435000
1"
b101110110 #
b101110110 O
b101110110 X
1W
b101111010 U
b10101001 T
b1011100111 5
b110111101 4
b110111101 G
b110001100 I
b10001010000111110111111011111100 .
1*
#7440000
b10100011 '
b10100011 K
b100010 (
b100010 L
b1100110 )
b1100110 M
b100011 +
b100011 N
b1111110100010110111111101011100 0
b111111010001011011111110101110 J
0*
#7445000
b1000100011 #
b1000100011 O
b1000100011 X
b10001001 U
b11000101 T
b1011101000 5
b110111110 4
b110111110 G
b110001101 I
b1011100111 :
b110111010 B
b110001011 8
b10010000110 =
b101011011 E
b101110110 -
b10100011001000100110011000100011 .
1*
#7450000
b10010001 '
b10010001 K
b1001010 (
b1001010 L
b11001000 )
b11001000 M
b10111110 +
b10111110 N
02
b11111101000101101111111010111000 0
b1111110100010110111111101011100 J
0*
#7455000
b101001110 #
b101001110 O
b101001110 X
0V
b1011101001 5
b1011101000 :
b110111011 B
b110001100 8
b10010001000 =
b1000100011 -
b10010001010010101100100010111110 .
1*
#7460000
0S
12
0,
b11111110111011001110000011000111 0
b11111101000101101111111010111000 J
0*
#7465000
0!
0R
b110000110 U
b11011011 T
1V
b1011101010 5
b110111111 4
b110111111 G
b110001110 I
b10011100 F
b101001110 -
1/
1*
#7470000
1!
1R
1S
b11110111 '
b11110111 K
b10011101 (
b10011101 L
b11011111 )
b11011111 M
b10010110 +
b10010110 N
02
1,
b11111001000110001101110000111001 0
b11111110111011001110000011000111 J
0*
#7475000
b1001100001 #
b1001100001 O
b1001100001 X
0V
b1011101011 5
b1011101010 :
b110111100 B
b110001101 8
b10010001011 =
b11 >
0/
b11110111100111011101111110010110 .
1*
#7480000
0S
12
0,
b11110110111100001010010111000101 0
b11111001000110001101110000111001 J
0*
#7485000
0!
0R
b101110101 U
b110010100 T
1V
b1011101100 5
b111000000 4
b111000000 G
b110001111 I
b10011101 F
b1001100001 -
1/
1*
#7490000
1!
1R
1S
b10101101 '
b10101101 K
b1010101 (
b1010101 L
b110011 )
b110011 M
b10101010 +
b10101010 N
1,
b11101001001000000101011000111101 0
b11110110111100001010010111000101 J
0*
#7495000
b1100001001 #
b1100001001 O
b1100001001 X
b11011101 U
b100000010 T
b1011101101 5
b111000001 4
b111000001 G
b110010000 I
b1011101100 :
b110111101 B
b110001110 8
b10010001110 =
b101011100 E
0/
b10101101010101010011001110101010 .
1*
#7500000
0!
0R
0S
b11111111 '
b11111111 K
b11111111 (
b11111111 L
b10011111 )
b10011111 M
b100010 +
b100010 N
0,
b11010110100000011011000111001101 0
b11101001001000000101011000111101 J
0*
#7505000
b1011101110 5
b10011110 F
b1110101 H
b1100001001 -
1/
b11111111111111111001111100100010 .
13
1*
#7510000
1!
1R
1S
1,
b10101001110000100111111000101101 0
b11010110100000011011000111001101 J
0*
#7515000
b111011111 #
b111011111 O
b111011111 X
b11000001 U
b111111110 T
b1011101111 5
b111000010 4
b111000010 G
b110010001 I
b1011101110 :
b110111110 B
b110001111 8
b10010010001 =
b101011101 E
0/
03
1*
#7520000
b11110000 '
b11110000 K
b11000 (
b11000 L
b1001001 )
b1001001 M
b1110011 +
b1110011 N
b1010111010001011110000111101101 0
b10101001110000100111111000101101 J
0*
#7525000
b1010111111 #
b1010111111 O
b1010111111 X
b10111100 U
b100001000 T
b1011110000 5
b111000011 4
b111000011 G
b110010010 I
b1011101111 :
b110111111 B
b110010000 8
b10010010100 =
b101011110 E
b111011111 -
b11110000000110000100100101110011 .
1*
#7530000
b10001011 '
b10001011 K
b10010001 (
b10010001 L
b1010 )
b1010 M
b1101111 +
b1101111 N
b10101110100010111100001111011010 0
b1010111010001011110000111101101 J
0*
#7535000
b111000100 #
b111000100 O
b111000100 X
b1111001 U
b100011100 T
b1011110001 5
b111000100 4
b111000100 G
b110010011 I
b1011110000 :
b111000000 B
b110010001 8
b10010010110 =
b10 >
b101011111 E
b1010111111 -
b10001011100100010000101001101111 .
1*
#7540000
0!
0R
0S
b1100100 '
b1100100 K
b11011000 (
b11011000 L
b101010 )
b101010 M
b11001100 +
b11001100 N
0,
b1011001110101101001101000000011 0
b10101110100010111100001111011010 J
0*
#7545000
b1011110010 5
b10011111 F
b1110110 H
b111000100 -
1/
b1100100110110000010101011001100 .
13
1*
#7550000
b10110011101011010011010000000110 0
b1011001110101101001101000000011 J
0*
#7555000
b1011110011 5
b10100000 F
b1110111 H
1*
#7560000
1!
1R
1S
1,
b1100011100110110111010110111011 0
b10110011101011010011010000000110 J
0*
#7565000
b110010101 #
b110010101 O
b110010101 X
b11110110 U
b100111100 T
b1011110100 5
b111000101 4
b111000101 G
b110010100 I
b1011110011 :
b111000001 B
b110010010 8
b10010011010 =
b100 >
b101100000 E
0/
03
1*
#7570000
b101010 '
b101010 K
b10100101 (
b10100101 L
b10 )
b10 M
b10001 +
b10001 N
b11000111001101101110101101110110 0
b1100011100110110111010110111011 J
0*
#7575000
b1000110010 #
b1000110010 O
b1000110010 X
b10011 U
b11001111 T
b1011110101 5
b111000110 4
b111000110 G
b110010101 I
b1011110100 :
b111000010 B
b110010011 8
b10010011110 =
b101100001 E
b110010101 -
b101010101001010000001000010001 .
1*
#7580000
b11010111 '
b11010111 K
b10100110 (
b10100110 L
b10010001 )
b10010001 M
b10111100 +
b10111100 N
b10001010101011001100101101011011 0
b11000111001101101110101101110110 J
0*
#7585000
b11100010 #
b11100010 O
b11100010 X
b101001101 U
b101111101 T
b1011110110 5
b111000111 4
b111000111 G
b110010110 I
b1011110101 :
b111000011 B
b110010100 8
b10010100000 =
b10 >
b101100010 E
b1000110010 -
b11010111101001101001000110111100 .
1*
#7590000
0!
0R
0S
b1100001 '
b1100001 K
b1110101 (
b1110101 L
b11010001 )
b11010001 M
b1000110 +
b1000110 N
02
0,
b10001100110001000101100000001 0
b10001010101011001100101101011011 J
0*
#7595000
b1011110111 5
b10100001 F
b11100010 -
1/
b1100001011101011101000101000110 .
1*
#7600000
12
b100011001100010001011000000010 0
b10001100110001000101100000001 J
0*
#7605000
b1011111000 5
b10100010 F
b1111000 H
13
1*
#7610000
b1000110011000100010110000000100 0
b100011001100010001011000000010 J
0*
#7615000
b1011111001 5
b10100011 F
b1111001 H
1*
#7620000
b10001100110001000101100000001000 0
b1000110011000100010110000000100 J
0*
#7625000
b1011111010 5
b10100100 F
b1111010 H
1*
#7630000
1!
1R
1S
1,
b11101010010011010110110100111 0
b10001100110001000101100000001000 J
0*
#7635000
b1011001010 #
b1011001010 O
b1011001010 X
b100010111 U
b11010110 T
b1011111011 5
b111001000 4
b111001000 G
b110010111 I
b1011111010 :
b111000100 B
b110010101 8
b10010100110 =
b110 >
b101100011 E
0/
03
1*
#7640000
0!
0R
0S
b101100 '
b101100 K
b101101 (
b101101 L
b11110 )
b11110 M
b1001 +
b1001 N
0,
b111010100100110101101101001110 0
b11101010010011010110110100111 J
0*
#7645000
b1011111100 5
b10100101 F
b1111011 H
b1011001010 -
1/
b101100001011010001111000001001 .
13
1*
#7650000
1!
1R
1S
1,
b1110101001001101011011010011100 0
b111010100100110101101101001110 J
0*
#7655000
b111101101 #
b111101101 O
b111101101 X
b100111 U
b1011001 T
b1011111101 5
b111001001 4
b111001001 G
b110011000 I
b1011111100 :
b111000101 B
b110010110 8
b10010101101 =
b111 >
b101100100 E
0/
03
1*
#7660000
b11000110 '
b11000110 K
b1101000 (
b1101000 L
b1011011 )
b1011011 M
b11110111 +
b11110111 N
02
b11101010010011010110110100111000 0
b1110101001001101011011010011100 J
0*
#7665000
b10000000 #
b10000000 O
b10000000 X
0V
b1011111110 5
b1011111101 :
b111000110 B
b110010111 8
b10010110000 =
b11 >
b111101101 -
b11000110011010000101101111110111 .
1*
#7670000
0S
12
0,
b11010000010110111100011111000111 0
b11101010010011010110110100111000 J
0*
#7675000
0!
0R
b101010010 U
b100101110 T
1V
b1011111111 5
b111001010 4
b111001010 G
b110011001 I
b10100110 F
b10000000 -
1/
1*
#7680000
1!
1R
1S
b10000110 '
b10000110 K
b100100 (
b100100 L
b1010111 )
b1010111 M
b11000100 +
b11000100 N
02
1,
b10100100011101101001001000111001 0
b11010000010110111100011111000111 J
0*
#7685000
b1010000000 #
b1010000000 O
b1010000000 X
0V
b1100000000 5
b1011111111 :
b111000111 B
b110011000 8
b10010110011 =
0/
b10000110001001000101011111000100 .
1*
#7690000
0S
12
0,
b1001100001011000011100111000101 0
b10100100011101101001001000111001 J
0*
#7695000
0!
0R
b100011011 U
b10101010 T
1V
b1100000001 5
b111001011 4
b111001011 G
b110011010 I
b10100111 F
b1010000000 -
1/
1*
#7700000
b1101001 '
b1101001 K
b1011101 (
b1011101 L
b10001010 )
b10001010 M
b1101010 +
b1101010 N
b10011000010110000111001110001010 0
b1001100001011000011100111000101 J
0*
#7705000
b1100000010 5
b10101000 F
b1111100 H
b1101001010111011000101001101010 .
13
1*
#7710000
1!
1R
1S
1,
b110100011100011111101010100011 0
b10011000010110000111001110001010 J
0*
#7715000
b111000101 #
b111000101 O
b111000101 X
b11110100 U
b11000110 T
b1100000011 5
b111001100 4
b111001100 G
b110011011 I
b1100000010 :
b111001000 B
b110011001 8
b10010110111 =
b100 >
b101100101 E
0/
03
1*
#7720000
0!
0R
0S
b10100100 '
b10100100 K
b10010111 (
b10010111 L
b110110 )
b110110 M
b10111001 +
b10111001 N
0,
b1101000111000111111010101000110 0
b110100011100011111101010100011 J
0*
#7725000
b1100000100 5
b10101001 F
b1111101 H
b111000101 -
1/
b10100100100101110011011010111001 .
13
1*
#7730000
b11010001110001111110101010001100 0
b1101000111000111111010101000110 J
0*
#7735000
b1100000101 5
b10101010 F
b1111110 H
1*
#7740000
1!
1R
1S
1,
b10100111010011101100100010101111 0
b11010001110001111110101010001100 J
0*
#7745000
b110111010 #
b110111010 O
b110111010 X
b11101111 U
b100111011 T
b1100000110 5
b111001101 4
b111001101 G
b110011100 I
b1100000101 :
b111001001 B
b110011010 8
b10010111100 =
b101 >
b101100110 E
0/
03
1*
#7750000
b110001 '
b110001 K
b11100100 (
b11100100 L
b11110001 )
b11110001 M
b10111000 +
b10111000 N
02
b1001010010111001000110011101001 0
b10100111010011101100100010101111 J
0*
#7755000
b1000101010 #
b1000101010 O
b1000101010 X
0V
b1100000111 5
b1100000110 :
b111001010 B
b110011011 8
b10011000000 =
b100 >
b110111010 -
b110001111001001111000110111000 .
1*
#7760000
12
b10010100101110010001100111010010 0
b1001010010111001000110011101001 J
0*
#7765000
0"
0W
b110101001 U
b100010101 T
1V
b1100001000 5
b111001110 4
b111001110 G
b110011101 I
b1100000111 :
b111001011 B
b110011100 8
b10011000010 =
b10 >
b101100111 E
b1000101010 -
1*
#7770000
b10001010 '
b10001010 K
b1110001 (
b1110001 L
b100110 )
b100110 M
b11100 +
b11100 N
b101101101100110010111000010011 0
b10010100101110010001100111010010 J
0*
#7775000
1"
b1010111110 #
b1010111110 O
b1010111110 X
1W
b1000010 U
b11111011 T
b1100001001 5
b111001111 4
b111001111 G
b110011110 I
b10001010011100010010011000011100 .
1*
#7780000
b1 '
b1 K
b10010000 (
b10010000 L
b11000101 )
b11000101 M
b101 +
b101 N
b1011011011001100101110000100110 0
b101101101100110010111000010011 J
0*
#7785000
b100111101 #
b100111101 O
b100111101 X
b11001010 U
b10010001 T
b1100001010 5
b111010000 4
b111010000 G
b110011111 I
b1100001001 :
b111001100 B
b110011101 8
b10011000100 =
b101101000 E
b1010111110 -
b1100100001100010100000101 .
1*
#7790000
0!
0R
0S
b1100111 '
b1100111 K
b10011 (
b10011 L
b10011 )
b10011 M
b1000010 +
b1000010 N
0,
b10110110110011001011100001001100 0
b1011011011001100101110000100110 J
0*
#7795000
b1100001011 5
b10101011 F
b1111111 H
b100111101 -
1/
b1100111000100110001001101000010 .
13
1*
#7800000
1!
1R
1S
1,
b1101001010110000110110100101111 0
b10110110110011001011100001001100 J
0*
#7805000
b101011011 #
b101011011 O
b101011011 X
b1010101 U
b1111010 T
b1100001100 5
b111010001 4
b111010001 G
b110100000 I
b1100001011 :
b111001101 B
b110011110 8
b10011000111 =
b11 >
b101101001 E
0/
03
1*
#7810000
b11001111 '
b11001111 K
b1101111 (
b1101111 L
b100010 )
b100010 M
b11001000 +
b11001000 N
b11010010101100001101101001011110 0
b1101001010110000110110100101111 J
0*
#7815000
b11001111 #
b11001111 O
b11001111 X
b11101010 U
b100111110 T
b1100001101 5
b111010010 4
b111010010 G
b110100001 I
b1100001100 :
b111001110 B
b110011111 8
b10011001010 =
b101101010 E
b101011011 -
b11001111011011110010001011001000 .
1*
#7820000
0!
0R
0S
b1001010 '
b1001010 K
b10000010 (
b10000010 L
b1110100 )
b1110100 M
b1101100 +
b1101100 N
0,
b10100001101000001010100100001011 0
b11010010101100001101101001011110 J
0*
#7825000
b1100001110 5
b10101100 F
b10000000 H
b11001111 -
1/
b1001010100000100111010001101100 .
13
1*
#7830000
1!
1R
1S
1,
b1000111100000000100111110100001 0
b10100001101000001010100100001011 J
0*
#7835000
b1000101000 #
b1000101000 O
b1000101000 X
b11100000 U
b11001100 T
b1100001111 5
b111010011 4
b111010011 G
b110100010 I
b1100001110 :
b111001111 B
b110100000 8
b10011001101 =
b101101011 E
0/
03
1*
#7840000
0!
0R
0S
b10110100 '
b10110100 K
b10111101 (
b10111101 L
b1100010 )
b1100010 M
b11110 +
b11110 N
0,
b10001111000000001001111101000010 0
b1000111100000000100111110100001 J
0*
#7845000
b1100010000 5
b10101101 F
b10000001 H
b1000101000 -
1/
b10110100101111010110001000011110 .
13
1*
#7850000
1!
1R
1S
1,
b11010110000000010001100110011 0
b10001111000000001001111101000010 J
0*
#7855000
b110101100 #
b110101100 O
b110101100 X
b10000000 U
b101110001 T
b1100010001 5
b111010100 4
b111010100 G
b110100011 I
b1100010000 :
b111010000 B
b110100001 8
b10011010001 =
b100 >
b101101100 E
0/
03
1*
#7860000
b11110111 '
b11110111 K
b1110010 (
b1110010 L
b11011011 )
b11011011 M
b10100111 +
b10100111 N
b110101100000000100011001100110 0
b11010110000000010001100110011 J
0*
#7865000
b111110001 #
b111110001 O
b111110001 X
b110000010 U
b101101001 T
b1100010010 5
b111010101 4
b111010101 G
b110100100 I
b1100010001 :
b111010001 B
b110100010 8
b10011010100 =
b11 >
b101101101 E
b110101100 -
b11110111011100101101101110100111 .
1*
#7870000
0!
0R
0S
b11101 '
b11101 K
b10111011 (
b10111011 L
b110000 )
b110000 M
b11111110 +
b11111110 N
0,
b1101011000000001000110011001100 0
b110101100000000100011001100110 J
0*
#7875000
b1100010011 5
b10101110 F
b10000010 H
b111110001 -
1/
b11101101110110011000011111110 .
13
1*
#7880000
1!
1R
1S
1,
b11010110000000010001100110011000 0
b1101011000000001000110011001100 J
0*
#7885000
b1011101011 #
b1011101011 O
b1011101011 X
b100101110 U
b11011000 T
b1100010100 5
b111010110 4
b111010110 G
b110100101 I
b1100010011 :
b111010010 B
b110100011 8
b10011010111 =
b101101110 E
0/
03
1*
#7890000
0!
0R
0S
b11000011 '
b11000011 K
b1101010 (
b1101010 L
b11111 )
b11111 M
b10010001 +
b10010001 N
0,
b10101000110000110010111010000111 0
b11010110000000010001100110011000 J
0*
#7895000
b1100010101 5
b10101111 F
b10000011 H
b1011101011 -
1/
b11000011011010100001111110010001 .
13
1*
#7900000
1!
1R
1S
1,
b1010101010001110100000010111001 0
b10101000110000110010111010000111 J
0*
#7905000
b1000000110 #
b1000000110 O
b1000000110 X
b10110000 U
b100101101 T
b1100010110 5
b111010111 4
b111010111 G
b110100110 I
b1100010101 :
b111010011 B
b110100100 8
b10011011011 =
b100 >
b101101111 E
0/
03
1*
#7910000
b11001111 '
b11001111 K
b1011111 (
b1011111 L
b10101 )
b10101 M
b11100 +
b11100 N
b10101010100011101000000101110010 0
b1010101010001110100000010111001 J
0*
#7915000
b111011101 #
b111011101 O
b111011101 X
b110001 U
b100101110 T
b1100010111 5
b111011000 4
b111011000 G
b110100111 I
b1100010110 :
b111010100 B
b110100101 8
b10011011110 =
b11 >
b101110000 E
b1000000110 -
b11001111010111110001010100011100 .
1*
#7920000
b100100 '
b100100 K
b10101010 (
b10101010 L
b1010100 )
b1010100 M
b10101010 +
b10101010 N
b1010001110111000001111101010011 0
b10101010100011101000000101110010 J
0*
#7925000
b101011111 #
b101011111 O
b101011111 X
b11111110 U
b11001110 T
b1100011000 5
b111011001 4
b111011001 G
b110101000 I
b1100010111 :
b111010101 B
b110100110 8
b10011100000 =
b10 >
b101110001 E
b111011101 -
b100100101010100101010010101010 .
1*
#7930000
b10100 '
b10100 K
b100011 (
b100011 L
b11111101 )
b11111101 M
b11110001 +
b11110001 N
b10100011101110000011111010100110 0
b1010001110111000001111101010011 J
0*
#7935000
b111001100 #
b111001100 O
b111001100 X
b111101110 U
b110111 T
b1100011001 5
b111011010 4
b111011010 G
b110101001 I
b1100011000 :
b111010110 B
b110100111 8
b10011100010 =
b101110010 E
b101011111 -
b10100001000111111110111110001 .
1*
#7940000
b1000101 '
b1000101 K
b11111 (
b11111 L
b101010 )
b101010 M
b11001011 +
b11001011 N
b1000011101100010110000011111011 0
b10100011101110000011111010100110 J
0*
#7945000
b1000100101 #
b1000100101 O
b1000100101 X
b11110101 U
b1100100 T
b1100011010 5
b111011011 4
b111011011 G
b110101010 I
b1100011001 :
b111010111 B
b110101000 8
b10011100100 =
b101110011 E
b111001100 -
b1000101000111110010101011001011 .
1*
#7950000
b111011 '
b111011 K
b1110110 (
b1110110 L
b1011 )
b1011 M
b10111 +
b10111 N
b10000111011000101100000111110110 0
b1000011101100010110000011111011 J
0*
#7955000
b101011001 #
b101011001 O
b101011001 X
b100010 U
b10110001 T
b1100011011 5
b111011100 4
b111011100 G
b110101011 I
b1100011010 :
b111011000 B
b110101001 8
b10011100110 =
b101110100 E
b1000100101 -
b111011011101100000101100010111 .
1*
#7960000
b1011000 '
b1011000 K
b11001010 (
b11001010 L
b11000110 )
b11000110 M
b10101101 +
b10101101 N
b1010000001001001111001011011 0
b10000111011000101100000111110110 J
0*
#7965000
b11010011 #
b11010011 O
b11010011 X
b101110011 U
b100100010 T
b1100011100 5
b111011101 4
b111011101 G
b110101100 I
b1100011011 :
b111011001 B
b110101010 8
b10011101000 =
b101110101 E
b101011001 -
b1011000110010101100011010101101 .
1*
#7970000
b1001100 '
b1001100 K
b1010110 (
b1010110 L
b11000011 )
b11000011 M
b11100110 +
b11100110 N
b10100000010010011110010110110 0
b1010000001001001111001011011 J
0*
#7975000
b1010010101 #
b1010010101 O
b1010010101 X
b110101001 U
b10100010 T
b1100011101 5
b111011110 4
b111011110 G
b110101101 I
b1100011100 :
b111011010 B
b110101011 8
b10011101010 =
b101110110 E
b11010011 -
b1001100010101101100001111100110 .
1*
#7980000
b111 '
b111 K
b0 (
b0 L
b101011 )
b101011 M
b11101011 +
b11101011 N
b101000000100100111100101101100 0
b10100000010010011110010110110 J
0*
#7985000
b1001001011 #
b1001001011 O
b1001001011 X
b100010110 U
b111 T
b1100011110 5
b111011111 4
b111011111 G
b110101110 I
b1100011101 :
b111011011 B
b110101100 8
b10011101100 =
b101110111 E
b1010010101 -
b111000000000010101111101011 .
1*
#7990000
b10110000 '
b10110000 K
b111110 (
b111110 L
b1100000 )
b1100000 M
b10100111 +
b10100111 N
02
b1010000001001001111001011011000 0
b101000000100100111100101101100 J
0*
#7995000
b100011101 #
b100011101 O
b100011101 X
0V
b1100011111 5
b1100011110 :
b111011100 B
b110101101 8
b10011101110 =
b1001001011 -
b10110000001111100110000010100111 .
1*
#8000000
b10100000010010011110010110110000 0
b1010000001001001111001011011000 J
0*
#8005000
0"
0W
b1100100000 5
b1100011111 :
b111011101 B
b110101110 8
b10011110000 =
b100011101 -
1*
#8010000
12
b1000100010100101101011011010111 0
b10100000010010011110010110110000 J
0*
#8015000
b100000111 U
b11101110 T
1V
b1100100001 5
b111100000 4
b111100000 G
b110101111 I
1*
#8020000
b1101100 '
b1101100 K
b1111 (
b1111 L
b10010001 )
b10010001 M
b10010111 +
b10010111 N
b10001000101001011010110110101110 0
b1000100010100101101011011010111 J
0*
#8025000
1"
b111110101 #
b111110101 O
b111110101 X
1W
b100101000 U
b1111011 T
b1100100010 5
b111100001 4
b111100001 G
b110110000 I
b1101100000011111001000110010111 .
1*
#8030000
b1100111 '
b1100111 K
b1011010 (
b1011010 L
b10110111 )
b10110111 M
b11110110 +
b11110110 N
b10101100010100100011011101011 0
b10001000101001011010110110101110 J
0*
#8035000
b110100011 #
b110100011 O
b110100011 X
b110101101 U
b11000001 T
b1100100011 5
b111100010 4
b111100010 G
b110110001 I
b1100100010 :
b111011110 B
b110101111 8
b10011110010 =
b101111000 E
b111110101 -
b1100111010110101011011111110110 .
1*
#8040000
b1010010 '
b1010010 K
b10101001 (
b10101001 L
b10101010 )
b10101010 M
b1010011 +
b1010011 N
b101011000101001000110111010110 0
b10101100010100100011011101011 J
0*
#8045000
b1001101110 #
b1001101110 O
b1001101110 X
b11111101 U
b11111011 T
b1100100100 5
b111100011 4
b111100011 G
b110110010 I
b1100100011 :
b111011111 B
b110110000 8
b10011110100 =
b101111001 E
b110100011 -
b1010010101010011010101001010011 .
1*
#8050000
b100 '
b100 K
b10101110 (
b10101110 L
b11011011 )
b11011011 M
b11111101 +
b11111101 N
b1010110001010010001101110101100 0
b101011000101001000110111010110 J
0*
#8055000
b111111000 #
b111111000 O
b111111000 X
b111011000 U
b10110010 T
b1100100101 5
b111100100 4
b111100100 G
b110110011 I
b1100100100 :
b111100000 B
b110110001 8
b10011110110 =
b101111010 E
b1001101110 -
b100101011101101101111111101 .
1*
#8060000
b111001 '
b111001 K
b1100101 (
b1100101 L
b111000 )
b111000 M
b101110 +
b101110 N
02
b10101100010100100011011101011000 0
b1010110001010010001101110101100 J
0*
#8065000
b1010001010 #
b1010001010 O
b1010001010 X
0V
b1100100110 5
b1100100101 :
b111100001 B
b110110010 8
b10011111000 =
b111111000 -
b111001011001010011100000101110 .
1*
#8070000
0S
12
0,
b1011100011001010111001100000111 0
b10101100010100100011011101011000 J
0*
#8075000
0!
0R
b1100110 U
b10011110 T
1V
b1100100111 5
b111100101 4
b111100101 G
b110110100 I
b10110000 F
b1010001010 -
1/
1*
#8080000
b11101011 '
b11101011 K
b10010010 (
b10010010 L
b11000100 )
b11000100 M
b10110001 +
b10110001 N
b10111000110010101110011000001110 0
b1011100011001010111001100000111 J
0*
#8085000
b1100101000 5
b10110001 F
b10000100 H
b11101011100100101100010010110001 .
13
1*
#8090000
1!
1R
1S
1,
b1110101010101001101000110101011 0
b10111000110010101110011000001110 J
0*
#8095000
b100000100 #
b100000100 O
b100000100 X
b101110101 U
b101111101 T
b1100101001 5
b111100110 4
b111100110 G
b110110101 I
b1100101000 :
b111100010 B
b110110011 8
b10011111100 =
b100 >
b101111011 E
0/
03
1*
#8100000
b10011101 '
b10011101 K
b1101 (
b1101 L
b11011110 )
b11011110 M
b11100011 +
b11100011 N
b11101010101010011010001101010110 0
b1110101010101001101000110101011 J
0*
#8105000
b1011110010 #
b1011110010 O
b1011110010 X
b111000001 U
b10101010 T
b1100101010 5
b111100111 4
b111100111 G
b110110110 I
b1100101001 :
b111100011 B
b110110100 8
b10011111111 =
b11 >
b101111100 E
b100000100 -
b10011101000011011101111011100011 .
1*
#8110000
b10101001 '
b10101001 K
b100010 (
b100010 L
b1001 )
b1001 M
b10010100 +
b10010100 N
b11010001100100100101101100011011 0
b11101010101010011010001101010110 J
0*
#8115000
b1001101011 #
b1001101011 O
b1001101011 X
b10011101 U
b11001011 T
b1100101011 5
b111101000 4
b111101000 G
b110110111 I
b1100101010 :
b111100100 B
b110110101 8
b10100000001 =
b10 >
b101111101 E
b1011110010 -
b10101001001000100000100110010100 .
1*
#8120000
0!
0R
0S
b110101 '
b110101 K
b1000110 (
b1000110 L
b10100001 )
b10100001 M
02
0,
b10100111111001011010101110000001 0
b11010001100100100101101100011011 J
0*
#8125000
b1100101100 5
b10110010 F
b1001101011 -
1/
b110101010001101010000110010100 .
1*
#8130000
1!
1R
1S
12
1,
b1001011000010100100101010110101 0
b10100111111001011010101110000001 J
0*
#8135000
b101101000 #
b101101000 O
b101101000 X
b100110101 U
b1111011 T
b1100101101 5
b111101001 4
b111101001 G
b110111000 I
b1100101100 :
b111100101 B
b110110110 8
b10100000100 =
b11 >
b101111110 E
0/
1*
#8140000
b1101110 '
b1101110 K
b10111110 (
b10111110 L
b10111010 )
b10111010 M
b11000010 +
b11000010 N
b10010110000101001001010101101010 0
b1001011000010100100101010110101 J
0*
#8145000
b110110000 #
b110110000 O
b110110000 X
b101111100 U
b100101100 T
b1100101110 5
b111101010 4
b111101010 G
b110111001 I
b1100101101 :
b111100110 B
b110110111 8
b10100000111 =
b101111111 E
b101101000 -
b1101110101111101011101011000010 .
1*
#8150000
b1100100 '
b1100100 K
b10000 (
b10000 L
b1011000 )
b1011000 M
b10010001 +
b10010001 N
b101000111010000011011101100011 0
b10010110000101001001010101101010 J
0*
#8155000
b1010101000 #
b1010101000 O
b1010101000 X
b11101001 U
b1110100 T
b1100101111 5
b111101011 4
b111101011 G
b110111010 I
b1100101110 :
b111100111 B
b110111000 8
b10100001001 =
b10 >
b110000000 E
b110110000 -
b1100100000100000101100010010001 .
1*
#8160000
0!
0R
0S
b1101110 '
b1101110 K
b11 (
b11 L
b1010101 )
b1010101 M
b101111 +
b101111 N
0,
b1010001110100000110111011000110 0
b101000111010000011011101100011 J
0*
#8165000
b1100110000 5
b10110011 F
b10000101 H
b1010101000 -
1/
b1101110000000110101010100101111 .
13
1*
#8170000
b10100011101000001101110110001100 0
b1010001110100000110111011000110 J
0*
#8175000
b1100110001 5
b10110100 F
b10000110 H
1*
#8180000
1!
1R
1S
1,
b1000011100000001010011010101111 0
b10100011101000001101110110001100 J
0*
#8185000
b101011101 #
b101011101 O
b101011101 X
b10000100 U
b1110001 T
b1100110010 5
b111101100 4
b111101100 G
b110111011 I
b1100110001 :
b111101000 B
b110111001 8
b10100001101 =
b100 >
b110000001 E
0/
03
1*
#8190000
b11011 '
b11011 K
b1110110 (
b1110110 L
b1110 )
b1110 M
b10011111 +
b10011111 N
b10000111000000010100110101011110 0
b1000011100000001010011010101111 J
0*
#8195000
b11110101 #
b11110101 O
b11110101 X
b10101101 U
b10010001 T
b1100110011 5
b111101101 4
b111101101 G
b110111100 I
b1100110010 :
b111101001 B
b110111010 8
b10100010001 =
b110000010 E
b101011101 -
b11011011101100000111010011111 .
1*
#8200000
0!
0R
0S
b10110101 '
b10110101 K
b10100011 (
b10100011 L
b11011001 )
b11011001 M
b100001 +
b100001 N
0,
b1010110000111000011100001011 0
b10000111000000010100110101011110 J
0*
#8205000
b1100110100 5
b10110101 F
b10000111 H
b11110101 -
1/
b10110101101000111101100100100001 .
13
1*
#8210000
1!
1R
1S
1,
b10101100001110000111000010110 0
b1010110000111000011100001011 J
0*
#8215000
b100111110 #
b100111110 O
b100111110 X
b11111010 U
b101011000 T
b1100110101 5
b111101110 4
b111101110 G
b110111101 I
b1100110100 :
b111101010 B
b110111011 8
b10100010100 =
b11 >
b110000011 E
0/
03
1*
#8220000
b100001 '
b100001 K
b11111 (
b11111 L
b11101100 )
b11101100 M
b1111111 +
b1111111 N
b101011000011100001110000101100 0
b10101100001110000111000010110 J
0*
#8225000
b1001010010 #
b1001010010 O
b1001010010 X
b101101011 U
b1000000 T
b1100110110 5
b111101111 4
b111101111 G
b110111110 I
b1100110101 :
b111101011 B
b110111100 8
b10100010111 =
b110000100 E
b100111110 -
b100001000111111110110001111111 .
1*
#8230000
b11101 '
b11101 K
b11100101 (
b11100101 L
b10110111 )
b10110111 M
b1100010 +
b1100010 N
02
b1010110000111000011100001011000 0
b101011000011100001110000101100 J
0*
#8235000
b110101011 #
b110101011 O
b110101011 X
0V
b1100110111 5
b1100110110 :
b111101100 B
b110111101 8
b10100011001 =
b10 >
b1001010010 -
b11101111001011011011101100010 .
1*
#8240000
b10101100001110000111000010110000 0
b1010110000111000011100001011000 J
0*
#8245000
0"
0W
b1100111000 5
b1100110111 :
b111101101 B
b110111110 8
b10100011011 =
b110101011 -
1*
#8250000
12
b1011100101100011111110011010111 0
b10101100001110000111000010110000 J
0*
#8255000
b100011001 U
b100000010 T
1V
b1100111001 5
b111110000 4
b111110000 G
b110111111 I
1*
#8260000
b10000001 '
b10000001 K
b10010 (
b10010 L
b1101010 )
b1101010 M
b1011111 +
b1011111 N
b10111001011000111111100110101110 0
b1011100101100011111110011010111 J
0*
#8265000
1"
b1000011011 #
b1000011011 O
b1000011011 X
1W
b11001001 U
b10010011 T
b1100111010 5
b111110001 4
b111110001 G
b111000000 I
b10000001000100100110101001011111 .
1*
#8270000
b110100 '
b110100 K
b10100 (
b10100 L
b1110100 )
b1110100 M
b10000011 +
b10000011 N
b1110110000001101110111011101011 0
b10111001011000111111100110101110 J
0*
#8275000
b101011100 #
b101011100 O
b101011100 X
b11110111 U
b1001000 T
b1100111011 5
b111110010 4
b111110010 G
b111000001 I
b1100111010 :
b111101110 B
b110111111 8
b10100011101 =
b110000101 E
b1000011011 -
b110100000101000111010010000011 .
1*
#8280000
b1001011 '
b1001011 K
b11010111 (
b11010111 L
b11110 )
b11110 M
b10111 +
b10111 N
b11101100000011011101110111010110 0
b1110110000001101110111011101011 J
0*
#8285000
b100111111 #
b100111111 O
b100111111 X
b110101 U
b100100010 T
b1100111100 5
b111110011 4
b111110011 G
b111000010 I
b1100111011 :
b111101111 B
b111000000 8
b10100011111 =
b110000110 E
b101011100 -
b1001011110101110001111000010111 .
1*
#8290000
b101110 '
b101110 K
b101001 (
b101001 L
b1100010 )
b1100010 M
b101010 +
b101010 N
b11011100110110101010011000011011 0
b11101100000011011101110111010110 J
0*
#8295000
b101010111 #
b101010111 O
b101010111 X
b10001100 U
b1010111 T
b1100111101 5
b111110100 4
b111110100 G
b111000011 I
b1100111100 :
b111110000 B
b111000001 8
b10100100001 =
b110000111 E
b100111111 -
b101110001010010110001000101010 .
1*
#8300000
0!
0R
0S
b10000111 '
b10000111 K
b1011100 (
b1011100 L
b10111000 )
b10111000 M
b11011 +
b11011 N
02
0,
b10111101011101000101000110000001 0
b11011100110110101010011000011011 J
0*
#8305000
b1100111110 5
b10110110 F
b101010111 -
1/
b10000111010111001011100000011011 .
1*
#8310000
1!
1R
1S
12
1,
b1111110001010011011111010110101 0
b10111101011101000101000110000001 J
0*
#8315000
b11100011 #
b11100011 O
b11100011 X
b11010011 U
b11100011 T
b1100111111 5
b111110101 4
b111110101 G
b111000100 I
b1100111110 :
b111110001 B
b111000010 8
b10100100100 =
b11 >
b110001000 E
0/
1*
#8320000
b11000100 '
b11000100 K
b10000110 (
b10000110 L
b101100 )
b101100 M
b10000101 +
b10000101 N
b11111100010100110111110101101010 0
b1111110001010011011111010110101 J
0*
#8325000
b110110110 #
b110110110 O
b110110110 X
b10110001 U
b101001010 T
b1101000000 5
b111110110 4
b111110110 G
b111000101 I
b1100111111 :
b111110010 B
b111000011 8
b10100100111 =
b110001001 E
b11100011 -
b11000100100001100010110010000101 .
1*
#8330000
b10111110 '
b10111110 K
b110011 (
b110011 L
b10101 )
b10101 M
b10011101 +
b10011101 N
b11111100011001111110011101100011 0
b11111100010100110111110101101010 J
0*
#8335000
b111111011 #
b111111011 O
b111111011 X
b10110010 U
b11110001 T
b1101000001 5
b111110111 4
b111110111 G
b111000110 I
b1101000000 :
b111110011 B
b111000100 8
b10100101001 =
b10 >
b110001010 E
b110110110 -
b10111110001100110001010110011101 .
1*
#8340000
b11110111 '
b11110111 K
b10010 (
b10010 L
b111010 )
b111010 M
b11110010 +
b11110010 N
02
b11111100000011101101001101110001 0
b11111100011001111110011101100011 J
0*
#8345000
b110100011 #
b110100011 O
b110100011 X
0V
b1101000010 5
b1101000001 :
b111110100 B
b111000101 8
b10100101011 =
b111111011 -
b11110111000100100011101011110010 .
1*
#8350000
12
b11111100110111001011101101010101 0
b11111100000011101101001101110001 J
0*
#8355000
0"
0W
b100101100 U
b100001001 T
1V
b1101000011 5
b111111000 4
b111111000 G
b111000111 I
b1101000010 :
b111110101 B
b111000110 8
b10100101101 =
b110001011 E
b110100011 -
1*
#8360000
b10000010 '
b10000010 K
b11100 (
b11100 L
b101 )
b101 M
b11001111 +
b11001111 N
b11111101011110000110101100011101 0
b11111100110111001011101101010101 J
0*
#8365000
1"
b1000110101 #
b1000110101 O
b1000110101 X
1W
b11010100 U
b10011110 T
b1101000100 5
b111111001 4
b111111001 G
b111001000 I
b10000010000111000000010111001111 .
1*
#8370000
0!
0R
0S
b11000110 '
b11000110 K
b11010100 (
b11010100 L
b11101111 )
b11101111 M
b110100 +
b110100 N
0,
b11111110001100011100101110001101 0
b11111101011110000110101100011101 J
0*
#8375000
b1101000101 5
b10110111 F
b10001000 H
b1000110101 -
1/
b11000110110101001110111100110100 .
13
1*
#8380000
1!
1R
1S
1,
b11111000101000101000101010101101 0
b11111110001100011100101110001101 J
0*
#8385000
b101110010 #
b101110010 O
b101110010 X
b100100011 U
b110011010 T
b1101000110 5
b111111010 4
b111111010 G
b111001001 I
b1101000101 :
b111110110 B
b111000111 8
b10100110000 =
b11 >
b110001100 E
0/
03
1*
#8390000
b1110000 '
b1110000 K
b1001100 (
b1001100 L
b11011100 )
b11011100 M
b10001100 +
b10001100 N
b11110101100001000000100011101101 0
b11111000101000101000101010101101 J
0*
#8395000
b1010111101 #
b1010111101 O
b1010111101 X
b101101000 U
b10111100 T
b1101000111 5
b111111011 4
b111111011 G
b111001010 I
b1101000110 :
b111110111 B
b111001000 8
b10100110011 =
b110001101 E
b101110010 -
b1110000010011001101110010001100 .
1*
#8400000
b1101101 '
b1101101 K
b11111010 (
b11111010 L
b111110 )
b111110 M
b11010101 +
b11010101 N
b11101111110010010000110001101101 0
b11110101100001000000100011101101 J
0*
#8405000
b1000100100 #
b1000100100 O
b1000100100 X
b100010011 U
b101100111 T
b1101001000 5
b111111100 4
b111111100 G
b111001011 I
b1101000111 :
b111111000 B
b111001001 8
b10100110101 =
b10 >
b110001110 E
b1010111101 -
b1101101111110100011111011010101 .
1*
#8410000
b11001100 '
b11001100 K
b10111 (
b10111 L
b101 )
b101 M
b1010010 +
b1010010 N
b11011011010100110000010101101101 0
b11101111110010010000110001101101 J
0*
#8415000
b1001111010 #
b1001111010 O
b1001111010 X
b1010111 U
b11100011 T
b1101001001 5
b111111101 4
b111111101 G
b111001100 I
b1101001000 :
b111111001 B
b111001010 8
b10100110111 =
b110001111 E
b1000100100 -
b11001100000101110000010101010010 .
1*
#8420000
b10111011 '
b10111011 K
b10110100 (
b10110100 L
b10110100 )
b10110100 M
b110000 +
b110000 N
b10110010011001110001011101101101 0
b11011011010100110000010101101101 J
0*
#8425000
b100111010 #
b100111010 O
b100111010 X
b11100100 U
b101101111 T
b1101001010 5
b111111110 4
b111111110 G
b111001101 I
b1101001001 :
b111111010 B
b111001011 8
b10100111001 =
b110010000 E
b1001111010 -
b10111011101101001011010000110000 .
1*
#8430000
b10001 '
b10001 K
b10010111 (
b10010111 L
b11101110 )
b11101110 M
b10101100 +
b10101100 N
b1100000000011110011001101101101 0
b10110010011001110001011101101101 J
0*
#8435000
b1001010011 #
b1001010011 O
b1001010011 X
b110011010 U
b10101000 T
b1101001011 5
b111111111 4
b111111111 G
b111001110 I
b1101001010 :
b111111011 B
b111001100 8
b10100111011 =
b110010001 E
b100111010 -
b10001100101111110111010101100 .
1*
#8440000
b1111001 '
b1111001 K
b11100110 (
b11100110 L
b10111101 )
b10111101 M
b100000 +
b100000 N
b11000000000111100110011011011010 0
b1100000000011110011001101101101 J
0*
#8445000
b1001000010 #
b1001000010 O
b1001000010 X
b11011101 U
b101011111 T
b1101001100 5
b1000000000 4
b1000000000 G
b111001111 I
b1101001011 :
b111111100 B
b111001101 8
b10100111101 =
b110010010 E
b1001010011 -
b1111001111001101011110100100000 .
1*
#8450000
0!
0R
0S
02
0,
b10000100111111011101000000000011 0
b11000000000111100110011011011010 J
0*
#8455000
b1101001101 5
b10111000 F
b1001000010 -
1/
1*
#8460000
1!
1R
1S
1,
b1101001110101011110110110001 0
b10000100111111011101000000000011 J
0*
#8465000
b1000111100 #
b1000111100 O
b1000111100 X
0V
b1101001110 5
b1101001101 :
b111111101 B
b111001110 8
b10101000000 =
b11 >
0/
1*
#8470000
b11010011101010111101101100010 0
b1101001110101011110110110001 J
0*
#8475000
0"
0W
b1101001110 :
b111111110 B
b111001111 8
b10101000011 =
b1000111100 -
1*
